solid OpenSCAD_Model
  facet normal 1 -0 0
    outer loop
      vertex 261 27 32
      vertex 261 43 25
      vertex 261 43 32
    endloop
  endfacet
  facet normal 1 0 0
    outer loop
      vertex 261 43 25
      vertex 261 27 32
      vertex 261 27 25
    endloop
  endfacet
  facet normal -0 0 1
    outer loop
      vertex 0 5.11639 32
      vertex 256 0 32
      vertex 256 5.11639 32
    endloop
  endfacet
  facet normal 0 0 1
    outer loop
      vertex 256 0 32
      vertex 0 5.11639 32
      vertex 0 0 32
    endloop
  endfacet
  facet normal -0 0 1
    outer loop
      vertex 0 155 32
      vertex 256 149.884 32
      vertex 256 155 32
    endloop
  endfacet
  facet normal 0 0 1
    outer loop
      vertex 256 149.884 32
      vertex 0 155 32
      vertex 0 149.884 32
    endloop
  endfacet
  facet normal 0 0 1
    outer loop
      vertex 8 13.1 32
      vertex 5.3 77.5 32
      vertex 5.35 43.175 32
    endloop
  endfacet
  facet normal 0 0 1
    outer loop
      vertex 5.35 111.825 32
      vertex 5.28888 77.6697 32
      vertex 5.3 77.5 32
    endloop
  endfacet
  facet normal 0 0 1
    outer loop
      vertex 5.35 111.825 32
      vertex 5.2557 77.8365 32
      vertex 5.28888 77.6697 32
    endloop
  endfacet
  facet normal 0 0 1
    outer loop
      vertex 5.35 111.825 32
      vertex 5.20104 77.9975 32
      vertex 5.2557 77.8365 32
    endloop
  endfacet
  facet normal 0 0 1
    outer loop
      vertex 5.35 111.825 32
      vertex 5.12583 78.15 32
      vertex 5.20104 77.9975 32
    endloop
  endfacet
  facet normal 0 0 1
    outer loop
      vertex 5.35 111.825 32
      vertex 5.03136 78.2914 32
      vertex 5.12583 78.15 32
    endloop
  endfacet
  facet normal 0 0 1
    outer loop
      vertex 5.35 111.825 32
      vertex 4.91924 78.4192 32
      vertex 5.03136 78.2914 32
    endloop
  endfacet
  facet normal 0 0 1
    outer loop
      vertex 5.35 111.825 32
      vertex 4.79139 78.5314 32
      vertex 4.91924 78.4192 32
    endloop
  endfacet
  facet normal 0 0 1
    outer loop
      vertex 5.35 111.825 32
      vertex 4.65 78.6258 32
      vertex 4.79139 78.5314 32
    endloop
  endfacet
  facet normal 0 0 1
    outer loop
      vertex 5.35 111.825 32
      vertex 4.49749 78.701 32
      vertex 4.65 78.6258 32
    endloop
  endfacet
  facet normal 0 0 1
    outer loop
      vertex 5.35 111.825 32
      vertex 4.33646 78.7557 32
      vertex 4.49749 78.701 32
    endloop
  endfacet
  facet normal 0 0 1
    outer loop
      vertex 5.35 111.825 32
      vertex 4.16968 78.7889 32
      vertex 4.33646 78.7557 32
    endloop
  endfacet
  facet normal 0 0 1
    outer loop
      vertex 5.35 111.825 32
      vertex 4 78.8 32
      vertex 4.16968 78.7889 32
    endloop
  endfacet
  facet normal 0 0 1
    outer loop
      vertex 5.35 111.825 32
      vertex 3.83032 78.7889 32
      vertex 4 78.8 32
    endloop
  endfacet
  facet normal -0 0 1
    outer loop
      vertex 0 111.825 32
      vertex 3.83032 78.7889 32
      vertex 5.35 111.825 32
    endloop
  endfacet
  facet normal 0 0 1
    outer loop
      vertex 3.83032 78.7889 32
      vertex 0 111.825 32
      vertex 3.66354 78.7557 32
    endloop
  endfacet
  facet normal 0 0 1
    outer loop
      vertex 3.66354 78.7557 32
      vertex 0 111.825 32
      vertex 3.50251 78.701 32
    endloop
  endfacet
  facet normal 0 0 1
    outer loop
      vertex 3.50251 78.701 32
      vertex 0 111.825 32
      vertex 3.35 78.6258 32
    endloop
  endfacet
  facet normal 0 0 1
    outer loop
      vertex 3.35 78.6258 32
      vertex 0 111.825 32
      vertex 3.20861 78.5314 32
    endloop
  endfacet
  facet normal 0 0 1
    outer loop
      vertex 3.20861 78.5314 32
      vertex 0 111.825 32
      vertex 3.08076 78.4192 32
    endloop
  endfacet
  facet normal 0 0 1
    outer loop
      vertex 3.08076 78.4192 32
      vertex 0 111.825 32
      vertex 2.96864 78.2914 32
    endloop
  endfacet
  facet normal 0 0 1
    outer loop
      vertex 2.96864 78.2914 32
      vertex 0 111.825 32
      vertex 2.87417 78.15 32
    endloop
  endfacet
  facet normal 0 0 1
    outer loop
      vertex 2.87417 78.15 32
      vertex 0 111.825 32
      vertex 2.79896 77.9975 32
    endloop
  endfacet
  facet normal 0 0 1
    outer loop
      vertex 2.79896 77.9975 32
      vertex 0 111.825 32
      vertex 2.7443 77.8365 32
    endloop
  endfacet
  facet normal 0 0 1
    outer loop
      vertex 2.71112 77.6697 32
      vertex 0 111.825 32
      vertex 2.7 77.5 32
    endloop
  endfacet
  facet normal 0 0 1
    outer loop
      vertex 2.7443 77.8365 32
      vertex 0 111.825 32
      vertex 2.71112 77.6697 32
    endloop
  endfacet
  facet normal -0 0 1
    outer loop
      vertex 248 141.9 32
      vertex 256 128 32
      vertex 256 147.016 32
    endloop
  endfacet
  facet normal 0 0 1
    outer loop
      vertex 256 128 32
      vertex 248 141.9 32
      vertex 256 112 32
    endloop
  endfacet
  facet normal 0 0 1
    outer loop
      vertex 256 112 32
      vertex 253.3 77.5 32
      vertex 256 43 32
    endloop
  endfacet
  facet normal -0 0 1
    outer loop
      vertex 253.289 77.3303 32
      vertex 256 43 32
      vertex 253.3 77.5 32
    endloop
  endfacet
  facet normal -0 0 1
    outer loop
      vertex 253.256 77.1635 32
      vertex 256 43 32
      vertex 253.289 77.3303 32
    endloop
  endfacet
  facet normal 0 0 1
    outer loop
      vertex 256 112 32
      vertex 253.289 77.6697 32
      vertex 253.3 77.5 32
    endloop
  endfacet
  facet normal 0 0 1
    outer loop
      vertex 256 112 32
      vertex 253.256 77.8365 32
      vertex 253.289 77.6697 32
    endloop
  endfacet
  facet normal 0 0 1
    outer loop
      vertex 256 112 32
      vertex 253.201 77.9975 32
      vertex 253.256 77.8365 32
    endloop
  endfacet
  facet normal 0 0 1
    outer loop
      vertex 256 112 32
      vertex 253.126 78.15 32
      vertex 253.201 77.9975 32
    endloop
  endfacet
  facet normal 0 0 1
    outer loop
      vertex 256 112 32
      vertex 253.031 78.2914 32
      vertex 253.126 78.15 32
    endloop
  endfacet
  facet normal 0 0 1
    outer loop
      vertex 256 112 32
      vertex 252.919 78.4192 32
      vertex 253.031 78.2914 32
    endloop
  endfacet
  facet normal 0 0 1
    outer loop
      vertex 256 112 32
      vertex 252.791 78.5314 32
      vertex 252.919 78.4192 32
    endloop
  endfacet
  facet normal 0 0 1
    outer loop
      vertex 256 112 32
      vertex 252.65 78.6258 32
      vertex 252.791 78.5314 32
    endloop
  endfacet
  facet normal 0 -0 1
    outer loop
      vertex 250.799 77.9975 32
      vertex 256 112 32
      vertex 248 141.9 32
    endloop
  endfacet
  facet normal 0 0 1
    outer loop
      vertex 256 112 32
      vertex 252.497 78.701 32
      vertex 252.65 78.6258 32
    endloop
  endfacet
  facet normal 0 0 1
    outer loop
      vertex 256 112 32
      vertex 252.336 78.7557 32
      vertex 252.497 78.701 32
    endloop
  endfacet
  facet normal 0 0 1
    outer loop
      vertex 256 112 32
      vertex 252.17 78.7889 32
      vertex 252.336 78.7557 32
    endloop
  endfacet
  facet normal 0 0 1
    outer loop
      vertex 256 112 32
      vertex 252 78.8 32
      vertex 252.17 78.7889 32
    endloop
  endfacet
  facet normal 0 0 1
    outer loop
      vertex 256 112 32
      vertex 251.83 78.7889 32
      vertex 252 78.8 32
    endloop
  endfacet
  facet normal 0 0 1
    outer loop
      vertex 256 112 32
      vertex 251.664 78.7557 32
      vertex 251.83 78.7889 32
    endloop
  endfacet
  facet normal 0 0 1
    outer loop
      vertex 256 112 32
      vertex 251.503 78.701 32
      vertex 251.664 78.7557 32
    endloop
  endfacet
  facet normal 0 0 1
    outer loop
      vertex 256 112 32
      vertex 251.35 78.6258 32
      vertex 251.503 78.701 32
    endloop
  endfacet
  facet normal 0 0 1
    outer loop
      vertex 256 112 32
      vertex 251.209 78.5314 32
      vertex 251.35 78.6258 32
    endloop
  endfacet
  facet normal 0 0 1
    outer loop
      vertex 256 112 32
      vertex 251.081 78.4192 32
      vertex 251.209 78.5314 32
    endloop
  endfacet
  facet normal 0 0 1
    outer loop
      vertex 256 112 32
      vertex 250.969 78.2914 32
      vertex 251.081 78.4192 32
    endloop
  endfacet
  facet normal 0 0 1
    outer loop
      vertex 256 112 32
      vertex 250.874 78.15 32
      vertex 250.969 78.2914 32
    endloop
  endfacet
  facet normal 0 0 1
    outer loop
      vertex 256 112 32
      vertex 250.799 77.9975 32
      vertex 250.874 78.15 32
    endloop
  endfacet
  facet normal 0 0 1
    outer loop
      vertex 250.799 77.9975 32
      vertex 248 141.9 32
      vertex 250.744 77.8365 32
    endloop
  endfacet
  facet normal 0 0 1
    outer loop
      vertex 250.711 77.6697 32
      vertex 248 141.9 32
      vertex 250.7 77.5 32
    endloop
  endfacet
  facet normal 0 0 1
    outer loop
      vertex 250.744 77.8365 32
      vertex 248 141.9 32
      vertex 250.711 77.6697 32
    endloop
  endfacet
  facet normal 0 0 1
    outer loop
      vertex 256 147.016 32
      vertex 8 141.9 32
      vertex 248 141.9 32
    endloop
  endfacet
  facet normal 0 0 1
    outer loop
      vertex 5.35 111.825 32
      vertex 8 141.9 32
      vertex 5.35 128.175 32
    endloop
  endfacet
  facet normal -0 0 1
    outer loop
      vertex 0 147.016 32
      vertex 8 141.9 32
      vertex 256 147.016 32
    endloop
  endfacet
  facet normal 0 0 1
    outer loop
      vertex 0 128.175 32
      vertex 8 141.9 32
      vertex 0 147.016 32
    endloop
  endfacet
  facet normal 0 0 1
    outer loop
      vertex 8 141.9 32
      vertex 0 128.175 32
      vertex 5.35 128.175 32
    endloop
  endfacet
  facet normal -0 0 1
    outer loop
      vertex 256 128 32
      vertex 261 112 32
      vertex 261 128 32
    endloop
  endfacet
  facet normal 0 0 1
    outer loop
      vertex 261 112 32
      vertex 256 128 32
      vertex 256 112 32
    endloop
  endfacet
  facet normal -0 0 1
    outer loop
      vertex 256 43 32
      vertex 261 27 32
      vertex 261 43 32
    endloop
  endfacet
  facet normal 0 0 1
    outer loop
      vertex 261 27 32
      vertex 256 43 32
      vertex 256 27 32
    endloop
  endfacet
  facet normal -0 0 1
    outer loop
      vertex 253.201 77.0025 32
      vertex 256 43 32
      vertex 253.256 77.1635 32
    endloop
  endfacet
  facet normal -0 0 1
    outer loop
      vertex 253.126 76.85 32
      vertex 256 43 32
      vertex 253.201 77.0025 32
    endloop
  endfacet
  facet normal -0 0 1
    outer loop
      vertex 253.031 76.7086 32
      vertex 256 43 32
      vertex 253.126 76.85 32
    endloop
  endfacet
  facet normal -0 0 1
    outer loop
      vertex 252.919 76.5808 32
      vertex 256 43 32
      vertex 253.031 76.7086 32
    endloop
  endfacet
  facet normal -0 0 1
    outer loop
      vertex 252.791 76.4686 32
      vertex 256 43 32
      vertex 252.919 76.5808 32
    endloop
  endfacet
  facet normal -0 0 1
    outer loop
      vertex 252.65 76.3742 32
      vertex 256 43 32
      vertex 252.791 76.4686 32
    endloop
  endfacet
  facet normal -0 0 1
    outer loop
      vertex 252.497 76.299 32
      vertex 256 43 32
      vertex 252.65 76.3742 32
    endloop
  endfacet
  facet normal -0 0 1
    outer loop
      vertex 252.336 76.2443 32
      vertex 256 43 32
      vertex 252.497 76.299 32
    endloop
  endfacet
  facet normal -0 0 1
    outer loop
      vertex 252.17 76.2111 32
      vertex 256 43 32
      vertex 252.336 76.2443 32
    endloop
  endfacet
  facet normal -0 0 1
    outer loop
      vertex 252 76.2 32
      vertex 256 43 32
      vertex 252.17 76.2111 32
    endloop
  endfacet
  facet normal 0 0 1
    outer loop
      vertex 251.83 76.2111 32
      vertex 256 43 32
      vertex 252 76.2 32
    endloop
  endfacet
  facet normal 0 0 1
    outer loop
      vertex 251.664 76.2443 32
      vertex 256 43 32
      vertex 251.83 76.2111 32
    endloop
  endfacet
  facet normal 0 0 1
    outer loop
      vertex 251.503 76.299 32
      vertex 256 43 32
      vertex 251.664 76.2443 32
    endloop
  endfacet
  facet normal 0 0 1
    outer loop
      vertex 251.35 76.3742 32
      vertex 256 43 32
      vertex 251.503 76.299 32
    endloop
  endfacet
  facet normal 0 0 1
    outer loop
      vertex 251.209 76.4686 32
      vertex 256 43 32
      vertex 251.35 76.3742 32
    endloop
  endfacet
  facet normal 0 0 1
    outer loop
      vertex 251.081 76.5808 32
      vertex 256 43 32
      vertex 251.209 76.4686 32
    endloop
  endfacet
  facet normal 0 0 1
    outer loop
      vertex 250.969 76.7086 32
      vertex 256 43 32
      vertex 251.081 76.5808 32
    endloop
  endfacet
  facet normal 0 0 1
    outer loop
      vertex 250.874 76.85 32
      vertex 256 43 32
      vertex 250.969 76.7086 32
    endloop
  endfacet
  facet normal 0 0 1
    outer loop
      vertex 250.799 77.0025 32
      vertex 256 43 32
      vertex 250.874 76.85 32
    endloop
  endfacet
  facet normal 0 0 1
    outer loop
      vertex 256 43 32
      vertex 248 13.1 32
      vertex 256 27 32
    endloop
  endfacet
  facet normal 0 0 1
    outer loop
      vertex 256 43 32
      vertex 250.799 77.0025 32
      vertex 248 13.1 32
    endloop
  endfacet
  facet normal 0 0 1
    outer loop
      vertex 248 13.1 32
      vertex 250.799 77.0025 32
      vertex 250.744 77.1635 32
    endloop
  endfacet
  facet normal 0 0 1
    outer loop
      vertex 248 13.1 32
      vertex 250.744 77.1635 32
      vertex 250.711 77.3303 32
    endloop
  endfacet
  facet normal 0 0 1
    outer loop
      vertex 248 13.1 32
      vertex 250.7 77.5 32
      vertex 248 141.9 32
    endloop
  endfacet
  facet normal 0 0 1
    outer loop
      vertex 248 13.1 32
      vertex 250.711 77.3303 32
      vertex 250.7 77.5 32
    endloop
  endfacet
  facet normal 0 0 1
    outer loop
      vertex 256 27 32
      vertex 248 13.1 32
      vertex 256 7.98361 32
    endloop
  endfacet
  facet normal -0 0 1
    outer loop
      vertex 8 13.1 32
      vertex 256 7.98361 32
      vertex 248 13.1 32
    endloop
  endfacet
  facet normal 0 0 1
    outer loop
      vertex 5.3 77.5 32
      vertex 8 141.9 32
      vertex 5.35 111.825 32
    endloop
  endfacet
  facet normal 0 0 1
    outer loop
      vertex 8 141.9 32
      vertex 5.3 77.5 32
      vertex 8 13.1 32
    endloop
  endfacet
  facet normal -0 0 1
    outer loop
      vertex 5.35 26.825 32
      vertex 8 13.1 32
      vertex 5.35 43.175 32
    endloop
  endfacet
  facet normal -0 0 1
    outer loop
      vertex 0 26.825 32
      vertex 8 13.1 32
      vertex 5.35 26.825 32
    endloop
  endfacet
  facet normal 0 0 1
    outer loop
      vertex 8 13.1 32
      vertex 0 7.98361 32
      vertex 256 7.98361 32
    endloop
  endfacet
  facet normal 0 0 1
    outer loop
      vertex 0 7.98361 32
      vertex 8 13.1 32
      vertex 0 26.825 32
    endloop
  endfacet
  facet normal -0 0 1
    outer loop
      vertex 5.28888 77.3303 32
      vertex 5.35 43.175 32
      vertex 5.3 77.5 32
    endloop
  endfacet
  facet normal -0 0 1
    outer loop
      vertex 5.2557 77.1635 32
      vertex 5.35 43.175 32
      vertex 5.28888 77.3303 32
    endloop
  endfacet
  facet normal -0 0 1
    outer loop
      vertex 5.20104 77.0025 32
      vertex 5.35 43.175 32
      vertex 5.2557 77.1635 32
    endloop
  endfacet
  facet normal -0 0 1
    outer loop
      vertex 5.12583 76.85 32
      vertex 5.35 43.175 32
      vertex 5.20104 77.0025 32
    endloop
  endfacet
  facet normal -0 0 1
    outer loop
      vertex 5.03136 76.7086 32
      vertex 5.35 43.175 32
      vertex 5.12583 76.85 32
    endloop
  endfacet
  facet normal -0 0 1
    outer loop
      vertex 4.91924 76.5808 32
      vertex 5.35 43.175 32
      vertex 5.03136 76.7086 32
    endloop
  endfacet
  facet normal -0 0 1
    outer loop
      vertex 4.79139 76.4686 32
      vertex 5.35 43.175 32
      vertex 4.91924 76.5808 32
    endloop
  endfacet
  facet normal -0 0 1
    outer loop
      vertex 4.65 76.3742 32
      vertex 5.35 43.175 32
      vertex 4.79139 76.4686 32
    endloop
  endfacet
  facet normal -0 0 1
    outer loop
      vertex 4.49749 76.299 32
      vertex 5.35 43.175 32
      vertex 4.65 76.3742 32
    endloop
  endfacet
  facet normal -0 0 1
    outer loop
      vertex 4.33646 76.2443 32
      vertex 5.35 43.175 32
      vertex 4.49749 76.299 32
    endloop
  endfacet
  facet normal -0 0 1
    outer loop
      vertex 4.16968 76.2111 32
      vertex 5.35 43.175 32
      vertex 4.33646 76.2443 32
    endloop
  endfacet
  facet normal -0 0 1
    outer loop
      vertex 4 76.2 32
      vertex 5.35 43.175 32
      vertex 4.16968 76.2111 32
    endloop
  endfacet
  facet normal 0 0 1
    outer loop
      vertex 3.83032 76.2111 32
      vertex 5.35 43.175 32
      vertex 4 76.2 32
    endloop
  endfacet
  facet normal 0 0 1
    outer loop
      vertex 0 43.175 32
      vertex 3.83032 76.2111 32
      vertex 3.66354 76.2443 32
    endloop
  endfacet
  facet normal 0 0 1
    outer loop
      vertex 0 43.175 32
      vertex 3.66354 76.2443 32
      vertex 3.50251 76.299 32
    endloop
  endfacet
  facet normal 0 0 1
    outer loop
      vertex 0 43.175 32
      vertex 3.50251 76.299 32
      vertex 3.35 76.3742 32
    endloop
  endfacet
  facet normal 0 0 1
    outer loop
      vertex 0 43.175 32
      vertex 3.35 76.3742 32
      vertex 3.20861 76.4686 32
    endloop
  endfacet
  facet normal 0 0 1
    outer loop
      vertex 0 43.175 32
      vertex 3.20861 76.4686 32
      vertex 3.08076 76.5808 32
    endloop
  endfacet
  facet normal 0 0 1
    outer loop
      vertex 0 43.175 32
      vertex 3.08076 76.5808 32
      vertex 2.96864 76.7086 32
    endloop
  endfacet
  facet normal 0 0 1
    outer loop
      vertex 0 43.175 32
      vertex 2.96864 76.7086 32
      vertex 2.87417 76.85 32
    endloop
  endfacet
  facet normal 0 0 1
    outer loop
      vertex 0 43.175 32
      vertex 2.87417 76.85 32
      vertex 2.79896 77.0025 32
    endloop
  endfacet
  facet normal 0 0 1
    outer loop
      vertex 0 43.175 32
      vertex 2.79896 77.0025 32
      vertex 2.7443 77.1635 32
    endloop
  endfacet
  facet normal 0 0 1
    outer loop
      vertex 0 43.175 32
      vertex 2.7443 77.1635 32
      vertex 2.71112 77.3303 32
    endloop
  endfacet
  facet normal 0 0 1
    outer loop
      vertex 0 43.175 32
      vertex 2.7 77.5 32
      vertex 0 111.825 32
    endloop
  endfacet
  facet normal 0 0 1
    outer loop
      vertex 2.7 77.5 32
      vertex 0 43.175 32
      vertex 2.71112 77.3303 32
    endloop
  endfacet
  facet normal 0 0 1
    outer loop
      vertex 3.83032 76.2111 32
      vertex 0 43.175 32
      vertex 5.35 43.175 32
    endloop
  endfacet
  facet normal 0 0 -1
    outer loop
      vertex 256 27 25
      vertex 261 43 25
      vertex 261 27 25
    endloop
  endfacet
  facet normal -0 0 -1
    outer loop
      vertex 261 43 25
      vertex 256 27 25
      vertex 256 43 25
    endloop
  endfacet
  facet normal 1 0 0
    outer loop
      vertex 256 2.18764 28.4243
      vertex 256 0 32
      vertex 256 2.15 27.85
    endloop
  endfacet
  facet normal 1 0 0
    outer loop
      vertex 256 2.29993 28.9888
      vertex 256 0 32
      vertex 256 2.18764 28.4243
    endloop
  endfacet
  facet normal 1 0 0
    outer loop
      vertex 256 2.48493 29.5338
      vertex 256 0 32
      vertex 256 2.29993 28.9888
    endloop
  endfacet
  facet normal 1 0 0
    outer loop
      vertex 256 2.73949 30.05
      vertex 256 0 32
      vertex 256 2.48493 29.5338
    endloop
  endfacet
  facet normal 1 0 0
    outer loop
      vertex 256 3.05925 30.5285
      vertex 256 0 32
      vertex 256 2.73949 30.05
    endloop
  endfacet
  facet normal 1 0 0
    outer loop
      vertex 256 3.43873 30.9613
      vertex 256 0 32
      vertex 256 3.05925 30.5285
    endloop
  endfacet
  facet normal 1 0 0
    outer loop
      vertex 256 3.87145 31.3408
      vertex 256 0 32
      vertex 256 3.43873 30.9613
    endloop
  endfacet
  facet normal 1 0 0
    outer loop
      vertex 256 4.35 31.6605
      vertex 256 0 32
      vertex 256 3.87145 31.3408
    endloop
  endfacet
  facet normal 1 0 0
    outer loop
      vertex 256 4.86619 31.9151
      vertex 256 0 32
      vertex 256 4.35 31.6605
    endloop
  endfacet
  facet normal 1 -0 0
    outer loop
      vertex 256 0 32
      vertex 256 4.86619 31.9151
      vertex 256 5.11639 32
    endloop
  endfacet
  facet normal 1 0 0
    outer loop
      vertex 256 112 32
      vertex 256 43 32
      vertex 256 112 25
    endloop
  endfacet
  facet normal 1 0 0
    outer loop
      vertex 256 128 32
      vertex 256 144.05 27.85
      vertex 256 144.088 28.4243
    endloop
  endfacet
  facet normal 1 0 0
    outer loop
      vertex 256 128 32
      vertex 256 144.088 28.4243
      vertex 256 144.2 28.9888
    endloop
  endfacet
  facet normal 1 -0 0
    outer loop
      vertex 256 128 32
      vertex 256 146.766 31.9151
      vertex 256 147.016 32
    endloop
  endfacet
  facet normal 1 0 0
    outer loop
      vertex 256 128 32
      vertex 256 146.25 31.6605
      vertex 256 146.766 31.9151
    endloop
  endfacet
  facet normal 1 0 0
    outer loop
      vertex 256 128 32
      vertex 256 145.771 31.3408
      vertex 256 146.25 31.6605
    endloop
  endfacet
  facet normal 1 0 0
    outer loop
      vertex 256 128 32
      vertex 256 145.339 30.9613
      vertex 256 145.771 31.3408
    endloop
  endfacet
  facet normal 1 0 0
    outer loop
      vertex 256 128 32
      vertex 256 144.959 30.5285
      vertex 256 145.339 30.9613
    endloop
  endfacet
  facet normal 1 0 0
    outer loop
      vertex 256 128 32
      vertex 256 144.639 30.05
      vertex 256 144.959 30.5285
    endloop
  endfacet
  facet normal 1 0 0
    outer loop
      vertex 256 128 32
      vertex 256 144.385 29.5338
      vertex 256 144.639 30.05
    endloop
  endfacet
  facet normal 1 0 0
    outer loop
      vertex 256 128 32
      vertex 256 144.2 28.9888
      vertex 256 144.385 29.5338
    endloop
  endfacet
  facet normal 1 0 0
    outer loop
      vertex 256 144.05 27.85
      vertex 256 128 32
      vertex 256 128 25
    endloop
  endfacet
  facet normal 1 0 0
    outer loop
      vertex 256 144.05 27.85
      vertex 256 128 25
      vertex 256 141.9 19.5
    endloop
  endfacet
  facet normal 1 -0 0
    outer loop
      vertex 256 112 25
      vertex 256 141.9 19.5
      vertex 256 128 25
    endloop
  endfacet
  facet normal 1 0 0
    outer loop
      vertex 256 43 25
      vertex 256 112 25
      vertex 256 43 32
    endloop
  endfacet
  facet normal 1 0 0
    outer loop
      vertex 256 112 25
      vertex 256 43 25
      vertex 256 141.9 19.5
    endloop
  endfacet
  facet normal 1 0 0
    outer loop
      vertex 256 13.1 19.5
      vertex 256 43 25
      vertex 256 27 25
    endloop
  endfacet
  facet normal 1 0 0
    outer loop
      vertex 256 43 25
      vertex 256 13.1 19.5
      vertex 256 141.9 19.5
    endloop
  endfacet
  facet normal 1 0 0
    outer loop
      vertex 256 13.1 19.5
      vertex 256 7.83888 10.1697
      vertex 256 7.85 10
    endloop
  endfacet
  facet normal 1 0 0
    outer loop
      vertex 256 13.1 19.5
      vertex 256 7.8057 10.3365
      vertex 256 7.83888 10.1697
    endloop
  endfacet
  facet normal 1 0 0
    outer loop
      vertex 256 13.1 19.5
      vertex 256 7.75104 10.4975
      vertex 256 7.8057 10.3365
    endloop
  endfacet
  facet normal 1 -0 0
    outer loop
      vertex 256 7.12431 23.4876
      vertex 256 13.1 19.5
      vertex 256 7.6888 23.5999
    endloop
  endfacet
  facet normal 1 0 0
    outer loop
      vertex 256 13.1 19.5
      vertex 256 7.67583 10.65
      vertex 256 7.75104 10.4975
    endloop
  endfacet
  facet normal 1 0 0
    outer loop
      vertex 256 13.1 19.5
      vertex 256 7.58136 10.7914
      vertex 256 7.67583 10.65
    endloop
  endfacet
  facet normal 1 0 0
    outer loop
      vertex 256 13.1 19.5
      vertex 256 7.46924 10.9192
      vertex 256 7.58136 10.7914
    endloop
  endfacet
  facet normal 1 0 0
    outer loop
      vertex 256 13.1 19.5
      vertex 256 7.34139 11.0314
      vertex 256 7.46924 10.9192
    endloop
  endfacet
  facet normal 1 0 0
    outer loop
      vertex 256 13.1 19.5
      vertex 256 7.2 11.1258
      vertex 256 7.34139 11.0314
    endloop
  endfacet
  facet normal 1 0 0
    outer loop
      vertex 256 6.71968 11.2889
      vertex 256 13.1 19.5
      vertex 256 7.12431 23.4876
    endloop
  endfacet
  facet normal 1 0 0
    outer loop
      vertex 256 13.1 19.5
      vertex 256 7.04749 11.201
      vertex 256 7.2 11.1258
    endloop
  endfacet
  facet normal 1 0 0
    outer loop
      vertex 256 13.1 19.5
      vertex 256 6.88646 11.2557
      vertex 256 7.04749 11.201
    endloop
  endfacet
  facet normal 1 0 0
    outer loop
      vertex 256 13.1 19.5
      vertex 256 6.71968 11.2889
      vertex 256 6.88646 11.2557
    endloop
  endfacet
  facet normal 1 -0 0
    outer loop
      vertex 256 6.55 23.45
      vertex 256 6.71968 11.2889
      vertex 256 7.12431 23.4876
    endloop
  endfacet
  facet normal 1 0 0
    outer loop
      vertex 256 6.55 23.45
      vertex 256 6.55 11.3
      vertex 256 6.71968 11.2889
    endloop
  endfacet
  facet normal 1 0 0
    outer loop
      vertex 256 6.55 23.45
      vertex 256 6.38032 11.2889
      vertex 256 6.55 11.3
    endloop
  endfacet
  facet normal 1 0 0
    outer loop
      vertex 256 5.97568 23.4876
      vertex 256 6.38032 11.2889
      vertex 256 6.55 23.45
    endloop
  endfacet
  facet normal 1 0 0
    outer loop
      vertex 256 6.38032 11.2889
      vertex 256 5.97568 23.4876
      vertex 256 6.21353 11.2557
    endloop
  endfacet
  facet normal 1 0 0
    outer loop
      vertex 256 5.4112 23.5999
      vertex 256 6.21353 11.2557
      vertex 256 5.97568 23.4876
    endloop
  endfacet
  facet normal 1 0 0
    outer loop
      vertex 256 6.21353 11.2557
      vertex 256 5.4112 23.5999
      vertex 256 6.05251 11.201
    endloop
  endfacet
  facet normal 1 0 0
    outer loop
      vertex 256 6.05251 11.201
      vertex 256 5.4112 23.5999
      vertex 256 5.9 11.1258
    endloop
  endfacet
  facet normal 1 0 0
    outer loop
      vertex 256 4.86619 23.7849
      vertex 256 5.9 11.1258
      vertex 256 5.4112 23.5999
    endloop
  endfacet
  facet normal 1 0 0
    outer loop
      vertex 256 5.9 11.1258
      vertex 256 4.86619 23.7849
      vertex 256 5.75861 11.0314
    endloop
  endfacet
  facet normal 1 0 0
    outer loop
      vertex 256 4.35 24.0395
      vertex 256 5.75861 11.0314
      vertex 256 4.86619 23.7849
    endloop
  endfacet
  facet normal 1 0 0
    outer loop
      vertex 256 5.75861 11.0314
      vertex 256 4.35 24.0395
      vertex 256 5.63076 10.9192
    endloop
  endfacet
  facet normal 1 0 0
    outer loop
      vertex 256 3.87145 24.3592
      vertex 256 5.63076 10.9192
      vertex 256 4.35 24.0395
    endloop
  endfacet
  facet normal 1 0 0
    outer loop
      vertex 256 5.63076 10.9192
      vertex 256 3.87145 24.3592
      vertex 256 5.51864 10.7914
    endloop
  endfacet
  facet normal 1 0 0
    outer loop
      vertex 256 5.51864 10.7914
      vertex 256 3.87145 24.3592
      vertex 256 5.42417 10.65
    endloop
  endfacet
  facet normal 1 0 0
    outer loop
      vertex 256 3.43873 24.7387
      vertex 256 5.42417 10.65
      vertex 256 3.87145 24.3592
    endloop
  endfacet
  facet normal 1 0 0
    outer loop
      vertex 256 5.42417 10.65
      vertex 256 3.43873 24.7387
      vertex 256 5.34896 10.4975
    endloop
  endfacet
  facet normal 1 -0 0
    outer loop
      vertex 256 10.95 27.85
      vertex 256 27 25
      vertex 256 27 32
    endloop
  endfacet
  facet normal 1 -0 0
    outer loop
      vertex 256 10.8001 26.7112
      vertex 256 27 25
      vertex 256 10.9124 27.2757
    endloop
  endfacet
  facet normal 1 0 0
    outer loop
      vertex 256 27 25
      vertex 256 10.95 27.85
      vertex 256 10.9124 27.2757
    endloop
  endfacet
  facet normal 1 0 0
    outer loop
      vertex 256 27 32
      vertex 256 10.9124 28.4243
      vertex 256 10.95 27.85
    endloop
  endfacet
  facet normal 1 0 0
    outer loop
      vertex 256 27 32
      vertex 256 10.8001 28.9888
      vertex 256 10.9124 28.4243
    endloop
  endfacet
  facet normal 1 0 0
    outer loop
      vertex 256 27 32
      vertex 256 10.6151 29.5338
      vertex 256 10.8001 28.9888
    endloop
  endfacet
  facet normal 1 0 0
    outer loop
      vertex 256 27 32
      vertex 256 10.3605 30.05
      vertex 256 10.6151 29.5338
    endloop
  endfacet
  facet normal 1 0 0
    outer loop
      vertex 256 27 32
      vertex 256 10.0408 30.5285
      vertex 256 10.3605 30.05
    endloop
  endfacet
  facet normal 1 0 0
    outer loop
      vertex 256 27 32
      vertex 256 9.66127 30.9613
      vertex 256 10.0408 30.5285
    endloop
  endfacet
  facet normal 1 0 0
    outer loop
      vertex 256 27 32
      vertex 256 9.22855 31.3408
      vertex 256 9.66127 30.9613
    endloop
  endfacet
  facet normal 1 0 0
    outer loop
      vertex 256 27 32
      vertex 256 8.75 31.6605
      vertex 256 9.22855 31.3408
    endloop
  endfacet
  facet normal 1 0 0
    outer loop
      vertex 256 27 32
      vertex 256 8.23381 31.9151
      vertex 256 8.75 31.6605
    endloop
  endfacet
  facet normal 1 0 -0
    outer loop
      vertex 256 8.23381 31.9151
      vertex 256 27 32
      vertex 256 7.98361 32
    endloop
  endfacet
  facet normal 1 0 0
    outer loop
      vertex 256 27 25
      vertex 256 10.8001 26.7112
      vertex 256 13.1 19.5
    endloop
  endfacet
  facet normal 1 -0 0
    outer loop
      vertex 256 10.6151 26.1662
      vertex 256 13.1 19.5
      vertex 256 10.8001 26.7112
    endloop
  endfacet
  facet normal 1 -0 0
    outer loop
      vertex 256 10.3605 25.65
      vertex 256 13.1 19.5
      vertex 256 10.6151 26.1662
    endloop
  endfacet
  facet normal 1 -0 0
    outer loop
      vertex 256 10.0408 25.1714
      vertex 256 13.1 19.5
      vertex 256 10.3605 25.65
    endloop
  endfacet
  facet normal 1 -0 0
    outer loop
      vertex 256 9.66127 24.7387
      vertex 256 13.1 19.5
      vertex 256 10.0408 25.1714
    endloop
  endfacet
  facet normal 1 -0 0
    outer loop
      vertex 256 9.22855 24.3592
      vertex 256 13.1 19.5
      vertex 256 9.66127 24.7387
    endloop
  endfacet
  facet normal 1 -0 0
    outer loop
      vertex 256 8.75 24.0395
      vertex 256 13.1 19.5
      vertex 256 9.22855 24.3592
    endloop
  endfacet
  facet normal 1 -0 0
    outer loop
      vertex 256 8.23381 23.7849
      vertex 256 13.1 19.5
      vertex 256 8.75 24.0395
    endloop
  endfacet
  facet normal 1 -0 0
    outer loop
      vertex 256 7.6888 23.5999
      vertex 256 13.1 19.5
      vertex 256 8.23381 23.7849
    endloop
  endfacet
  facet normal 1 0 0
    outer loop
      vertex 256 13.1 19.5
      vertex 256 7.85 10
      vertex 256 13.1 0
    endloop
  endfacet
  facet normal 1 -0 0
    outer loop
      vertex 256 7.83888 9.83032
      vertex 256 13.1 0
      vertex 256 7.85 10
    endloop
  endfacet
  facet normal 1 -0 0
    outer loop
      vertex 256 7.8057 9.66354
      vertex 256 13.1 0
      vertex 256 7.83888 9.83032
    endloop
  endfacet
  facet normal 1 -0 0
    outer loop
      vertex 256 7.75104 9.50251
      vertex 256 13.1 0
      vertex 256 7.8057 9.66354
    endloop
  endfacet
  facet normal 1 -0 0
    outer loop
      vertex 256 7.67583 9.35
      vertex 256 13.1 0
      vertex 256 7.75104 9.50251
    endloop
  endfacet
  facet normal 1 -0 0
    outer loop
      vertex 256 7.58136 9.20861
      vertex 256 13.1 0
      vertex 256 7.67583 9.35
    endloop
  endfacet
  facet normal 1 -0 0
    outer loop
      vertex 256 7.46924 9.08076
      vertex 256 13.1 0
      vertex 256 7.58136 9.20861
    endloop
  endfacet
  facet normal 1 -0 0
    outer loop
      vertex 256 7.34139 8.96864
      vertex 256 13.1 0
      vertex 256 7.46924 9.08076
    endloop
  endfacet
  facet normal 1 -0 0
    outer loop
      vertex 256 7.2 8.87417
      vertex 256 13.1 0
      vertex 256 7.34139 8.96864
    endloop
  endfacet
  facet normal 1 -0 0
    outer loop
      vertex 256 7.04749 8.79896
      vertex 256 13.1 0
      vertex 256 7.2 8.87417
    endloop
  endfacet
  facet normal 1 -0 0
    outer loop
      vertex 256 6.88646 8.7443
      vertex 256 13.1 0
      vertex 256 7.04749 8.79896
    endloop
  endfacet
  facet normal 1 -0 0
    outer loop
      vertex 256 6.71968 8.71112
      vertex 256 13.1 0
      vertex 256 6.88646 8.7443
    endloop
  endfacet
  facet normal 1 -0 0
    outer loop
      vertex 256 6.55 8.7
      vertex 256 13.1 0
      vertex 256 6.71968 8.71112
    endloop
  endfacet
  facet normal 1 0 0
    outer loop
      vertex 256 0 0
      vertex 256 6.55 8.7
      vertex 256 6.38032 8.71112
    endloop
  endfacet
  facet normal 1 0 0
    outer loop
      vertex 256 0 0
      vertex 256 6.38032 8.71112
      vertex 256 6.21353 8.7443
    endloop
  endfacet
  facet normal 1 0 0
    outer loop
      vertex 256 0 0
      vertex 256 6.21353 8.7443
      vertex 256 6.05251 8.79896
    endloop
  endfacet
  facet normal 1 0 0
    outer loop
      vertex 256 0 0
      vertex 256 6.05251 8.79896
      vertex 256 5.9 8.87417
    endloop
  endfacet
  facet normal 1 0 0
    outer loop
      vertex 256 0 0
      vertex 256 5.9 8.87417
      vertex 256 5.75861 8.96864
    endloop
  endfacet
  facet normal 1 0 0
    outer loop
      vertex 256 0 0
      vertex 256 5.75861 8.96864
      vertex 256 5.63076 9.08076
    endloop
  endfacet
  facet normal 1 0 0
    outer loop
      vertex 256 0 0
      vertex 256 5.63076 9.08076
      vertex 256 5.51864 9.20861
    endloop
  endfacet
  facet normal 1 0 0
    outer loop
      vertex 256 3.05925 25.1714
      vertex 256 5.34896 10.4975
      vertex 256 3.43873 24.7387
    endloop
  endfacet
  facet normal 1 0 0
    outer loop
      vertex 256 5.34896 10.4975
      vertex 256 3.05925 25.1714
      vertex 256 5.2943 10.3365
    endloop
  endfacet
  facet normal 1 0 0
    outer loop
      vertex 256 2.73949 25.65
      vertex 256 5.2943 10.3365
      vertex 256 3.05925 25.1714
    endloop
  endfacet
  facet normal 1 0 0
    outer loop
      vertex 256 5.2943 10.3365
      vertex 256 2.73949 25.65
      vertex 256 5.26112 10.1697
    endloop
  endfacet
  facet normal 1 0 0
    outer loop
      vertex 256 0 0
      vertex 256 5.26112 10.1697
      vertex 256 2.73949 25.65
    endloop
  endfacet
  facet normal 1 0 0
    outer loop
      vertex 256 5.26112 10.1697
      vertex 256 0 0
      vertex 256 5.25 10
    endloop
  endfacet
  facet normal 1 0 0
    outer loop
      vertex 256 0 0
      vertex 256 2.73949 25.65
      vertex 256 2.48493 26.1662
    endloop
  endfacet
  facet normal 1 0 0
    outer loop
      vertex 256 0 0
      vertex 256 2.48493 26.1662
      vertex 256 2.29993 26.7112
    endloop
  endfacet
  facet normal 1 0 0
    outer loop
      vertex 256 0 32
      vertex 256 2.29993 26.7112
      vertex 256 2.18764 27.2757
    endloop
  endfacet
  facet normal 1 0 0
    outer loop
      vertex 256 0 32
      vertex 256 2.18764 27.2757
      vertex 256 2.15 27.85
    endloop
  endfacet
  facet normal 1 0 0
    outer loop
      vertex 256 2.29993 26.7112
      vertex 256 0 32
      vertex 256 0 0
    endloop
  endfacet
  facet normal 1 0 0
    outer loop
      vertex 256 5.25 10
      vertex 256 0 0
      vertex 256 5.26112 9.83032
    endloop
  endfacet
  facet normal 1 0 0
    outer loop
      vertex 256 6.55 8.7
      vertex 256 0 0
      vertex 256 13.1 0
    endloop
  endfacet
  facet normal 1 0 0
    outer loop
      vertex 256 5.42417 9.35
      vertex 256 0 0
      vertex 256 5.51864 9.20861
    endloop
  endfacet
  facet normal 1 0 0
    outer loop
      vertex 256 5.34896 9.50251
      vertex 256 0 0
      vertex 256 5.42417 9.35
    endloop
  endfacet
  facet normal 1 0 0
    outer loop
      vertex 256 5.2943 9.66354
      vertex 256 0 0
      vertex 256 5.34896 9.50251
    endloop
  endfacet
  facet normal 1 0 0
    outer loop
      vertex 256 5.26112 9.83032
      vertex 256 0 0
      vertex 256 5.2943 9.66354
    endloop
  endfacet
  facet normal 1 0 0
    outer loop
      vertex 256 155 0
      vertex 256 149.739 10.1697
      vertex 256 149.75 10
    endloop
  endfacet
  facet normal 1 0 0
    outer loop
      vertex 256 150.65 24.0395
      vertex 256 149.706 10.3365
      vertex 256 149.739 10.1697
    endloop
  endfacet
  facet normal 1 0 0
    outer loop
      vertex 256 150.65 24.0395
      vertex 256 149.651 10.4975
      vertex 256 149.706 10.3365
    endloop
  endfacet
  facet normal 1 0 0
    outer loop
      vertex 256 149.1 11.1258
      vertex 256 150.134 23.7849
      vertex 256 149.589 23.5999
    endloop
  endfacet
  facet normal 1 0 0
    outer loop
      vertex 256 150.65 24.0395
      vertex 256 149.576 10.65
      vertex 256 149.651 10.4975
    endloop
  endfacet
  facet normal 1 0 0
    outer loop
      vertex 256 150.65 24.0395
      vertex 256 149.481 10.7914
      vertex 256 149.576 10.65
    endloop
  endfacet
  facet normal 1 0 0
    outer loop
      vertex 256 150.65 24.0395
      vertex 256 149.369 10.9192
      vertex 256 149.481 10.7914
    endloop
  endfacet
  facet normal 1 0 0
    outer loop
      vertex 256 150.65 24.0395
      vertex 256 149.241 11.0314
      vertex 256 149.369 10.9192
    endloop
  endfacet
  facet normal 1 0 0
    outer loop
      vertex 256 150.134 23.7849
      vertex 256 149.1 11.1258
      vertex 256 149.241 11.0314
    endloop
  endfacet
  facet normal 1 0 0
    outer loop
      vertex 256 148.786 11.2557
      vertex 256 149.589 23.5999
      vertex 256 149.024 23.4876
    endloop
  endfacet
  facet normal 1 0 0
    outer loop
      vertex 256 149.589 23.5999
      vertex 256 148.947 11.201
      vertex 256 149.1 11.1258
    endloop
  endfacet
  facet normal 1 0 0
    outer loop
      vertex 256 149.589 23.5999
      vertex 256 148.786 11.2557
      vertex 256 148.947 11.201
    endloop
  endfacet
  facet normal 1 0 0
    outer loop
      vertex 256 149.024 23.4876
      vertex 256 148.62 11.2889
      vertex 256 148.786 11.2557
    endloop
  endfacet
  facet normal 1 -0 0
    outer loop
      vertex 256 148.45 23.45
      vertex 256 148.62 11.2889
      vertex 256 149.024 23.4876
    endloop
  endfacet
  facet normal 1 0 0
    outer loop
      vertex 256 148.45 23.45
      vertex 256 148.45 11.3
      vertex 256 148.62 11.2889
    endloop
  endfacet
  facet normal 1 0 0
    outer loop
      vertex 256 148.45 23.45
      vertex 256 148.28 11.2889
      vertex 256 148.45 11.3
    endloop
  endfacet
  facet normal 1 0 0
    outer loop
      vertex 256 147.876 23.4876
      vertex 256 148.28 11.2889
      vertex 256 148.45 23.45
    endloop
  endfacet
  facet normal 1 -0 0
    outer loop
      vertex 256 141.9 19.5
      vertex 256 148.28 11.2889
      vertex 256 147.876 23.4876
    endloop
  endfacet
  facet normal 1 0 0
    outer loop
      vertex 256 148.28 11.2889
      vertex 256 141.9 19.5
      vertex 256 148.114 11.2557
    endloop
  endfacet
  facet normal 1 0 0
    outer loop
      vertex 256 148.114 11.2557
      vertex 256 141.9 19.5
      vertex 256 147.953 11.201
    endloop
  endfacet
  facet normal 1 0 0
    outer loop
      vertex 256 147.953 11.201
      vertex 256 141.9 19.5
      vertex 256 147.8 11.1258
    endloop
  endfacet
  facet normal 1 0 0
    outer loop
      vertex 256 147.8 11.1258
      vertex 256 141.9 19.5
      vertex 256 147.659 11.0314
    endloop
  endfacet
  facet normal 1 0 0
    outer loop
      vertex 256 147.659 11.0314
      vertex 256 141.9 19.5
      vertex 256 147.531 10.9192
    endloop
  endfacet
  facet normal 1 0 0
    outer loop
      vertex 256 147.531 10.9192
      vertex 256 141.9 19.5
      vertex 256 147.419 10.7914
    endloop
  endfacet
  facet normal 1 0 0
    outer loop
      vertex 256 141.9 19.5
      vertex 256 147.876 23.4876
      vertex 256 147.311 23.5999
    endloop
  endfacet
  facet normal 1 0 0
    outer loop
      vertex 256 147.419 10.7914
      vertex 256 141.9 19.5
      vertex 256 147.324 10.65
    endloop
  endfacet
  facet normal 1 0 0
    outer loop
      vertex 256 147.324 10.65
      vertex 256 141.9 19.5
      vertex 256 147.249 10.4975
    endloop
  endfacet
  facet normal 1 0 0
    outer loop
      vertex 256 147.249 10.4975
      vertex 256 141.9 19.5
      vertex 256 147.194 10.3365
    endloop
  endfacet
  facet normal 1 0 0
    outer loop
      vertex 256 147.194 10.3365
      vertex 256 141.9 19.5
      vertex 256 147.161 10.1697
    endloop
  endfacet
  facet normal 1 0 0
    outer loop
      vertex 256 141.9 19.5
      vertex 256 147.311 23.5999
      vertex 256 146.766 23.7849
    endloop
  endfacet
  facet normal 1 0 0
    outer loop
      vertex 256 152.812 27.2757
      vertex 256 155 32
      vertex 256 152.85 27.85
    endloop
  endfacet
  facet normal 1 0 0
    outer loop
      vertex 256 155 32
      vertex 256 152.812 28.4243
      vertex 256 152.85 27.85
    endloop
  endfacet
  facet normal 1 0 0
    outer loop
      vertex 256 155 32
      vertex 256 152.7 28.9888
      vertex 256 152.812 28.4243
    endloop
  endfacet
  facet normal 1 0 0
    outer loop
      vertex 256 155 32
      vertex 256 152.515 29.5338
      vertex 256 152.7 28.9888
    endloop
  endfacet
  facet normal 1 0 0
    outer loop
      vertex 256 155 32
      vertex 256 152.261 30.05
      vertex 256 152.515 29.5338
    endloop
  endfacet
  facet normal 1 0 0
    outer loop
      vertex 256 155 32
      vertex 256 151.941 30.5285
      vertex 256 152.261 30.05
    endloop
  endfacet
  facet normal 1 0 0
    outer loop
      vertex 256 155 32
      vertex 256 151.561 30.9613
      vertex 256 151.941 30.5285
    endloop
  endfacet
  facet normal 1 0 0
    outer loop
      vertex 256 155 32
      vertex 256 151.129 31.3408
      vertex 256 151.561 30.9613
    endloop
  endfacet
  facet normal 1 0 0
    outer loop
      vertex 256 155 32
      vertex 256 150.65 31.6605
      vertex 256 151.129 31.3408
    endloop
  endfacet
  facet normal 1 0 0
    outer loop
      vertex 256 155 32
      vertex 256 150.134 31.9151
      vertex 256 150.65 31.6605
    endloop
  endfacet
  facet normal 1 0 -0
    outer loop
      vertex 256 150.134 31.9151
      vertex 256 155 32
      vertex 256 149.884 32
    endloop
  endfacet
  facet normal 1 0 0
    outer loop
      vertex 256 152.7 26.7112
      vertex 256 155 32
      vertex 256 152.812 27.2757
    endloop
  endfacet
  facet normal 1 0 0
    outer loop
      vertex 256 155 32
      vertex 256 152.7 26.7112
      vertex 256 155 0
    endloop
  endfacet
  facet normal 1 -0 0
    outer loop
      vertex 256 152.515 26.1662
      vertex 256 155 0
      vertex 256 152.7 26.7112
    endloop
  endfacet
  facet normal 1 -0 0
    outer loop
      vertex 256 152.261 25.65
      vertex 256 155 0
      vertex 256 152.515 26.1662
    endloop
  endfacet
  facet normal 1 0 0
    outer loop
      vertex 256 149.739 10.1697
      vertex 256 152.261 25.65
      vertex 256 151.941 25.1714
    endloop
  endfacet
  facet normal 1 0 0
    outer loop
      vertex 256 149.739 10.1697
      vertex 256 151.941 25.1714
      vertex 256 151.561 24.7387
    endloop
  endfacet
  facet normal 1 0 0
    outer loop
      vertex 256 149.739 10.1697
      vertex 256 151.561 24.7387
      vertex 256 151.129 24.3592
    endloop
  endfacet
  facet normal 1 0 0
    outer loop
      vertex 256 149.739 10.1697
      vertex 256 151.129 24.3592
      vertex 256 150.65 24.0395
    endloop
  endfacet
  facet normal 1 0 0
    outer loop
      vertex 256 149.241 11.0314
      vertex 256 150.65 24.0395
      vertex 256 150.134 23.7849
    endloop
  endfacet
  facet normal 1 -0 0
    outer loop
      vertex 256 149.739 10.1697
      vertex 256 155 0
      vertex 256 152.261 25.65
    endloop
  endfacet
  facet normal 1 -0 0
    outer loop
      vertex 256 149.739 9.83032
      vertex 256 155 0
      vertex 256 149.75 10
    endloop
  endfacet
  facet normal 1 -0 0
    outer loop
      vertex 256 149.706 9.66354
      vertex 256 155 0
      vertex 256 149.739 9.83032
    endloop
  endfacet
  facet normal 1 -0 0
    outer loop
      vertex 256 149.651 9.50251
      vertex 256 155 0
      vertex 256 149.706 9.66354
    endloop
  endfacet
  facet normal 1 -0 0
    outer loop
      vertex 256 149.576 9.35
      vertex 256 155 0
      vertex 256 149.651 9.50251
    endloop
  endfacet
  facet normal 1 -0 0
    outer loop
      vertex 256 149.481 9.20861
      vertex 256 155 0
      vertex 256 149.576 9.35
    endloop
  endfacet
  facet normal 1 -0 0
    outer loop
      vertex 256 149.369 9.08076
      vertex 256 155 0
      vertex 256 149.481 9.20861
    endloop
  endfacet
  facet normal 1 -0 0
    outer loop
      vertex 256 149.241 8.96864
      vertex 256 155 0
      vertex 256 149.369 9.08076
    endloop
  endfacet
  facet normal 1 -0 0
    outer loop
      vertex 256 149.1 8.87417
      vertex 256 155 0
      vertex 256 149.241 8.96864
    endloop
  endfacet
  facet normal 1 -0 0
    outer loop
      vertex 256 148.947 8.79896
      vertex 256 155 0
      vertex 256 149.1 8.87417
    endloop
  endfacet
  facet normal 1 -0 0
    outer loop
      vertex 256 148.786 8.7443
      vertex 256 155 0
      vertex 256 148.947 8.79896
    endloop
  endfacet
  facet normal 1 -0 0
    outer loop
      vertex 256 148.62 8.71112
      vertex 256 155 0
      vertex 256 148.786 8.7443
    endloop
  endfacet
  facet normal 1 -0 0
    outer loop
      vertex 256 148.45 8.7
      vertex 256 155 0
      vertex 256 148.62 8.71112
    endloop
  endfacet
  facet normal 1 0 0
    outer loop
      vertex 256 141.9 0
      vertex 256 148.45 8.7
      vertex 256 148.28 8.71112
    endloop
  endfacet
  facet normal 1 0 0
    outer loop
      vertex 256 141.9 0
      vertex 256 148.28 8.71112
      vertex 256 148.114 8.7443
    endloop
  endfacet
  facet normal 1 0 0
    outer loop
      vertex 256 141.9 0
      vertex 256 148.114 8.7443
      vertex 256 147.953 8.79896
    endloop
  endfacet
  facet normal 1 0 0
    outer loop
      vertex 256 141.9 0
      vertex 256 147.953 8.79896
      vertex 256 147.8 8.87417
    endloop
  endfacet
  facet normal 1 0 0
    outer loop
      vertex 256 141.9 0
      vertex 256 147.8 8.87417
      vertex 256 147.659 8.96864
    endloop
  endfacet
  facet normal 1 0 0
    outer loop
      vertex 256 141.9 0
      vertex 256 147.659 8.96864
      vertex 256 147.531 9.08076
    endloop
  endfacet
  facet normal 1 0 0
    outer loop
      vertex 256 141.9 0
      vertex 256 147.531 9.08076
      vertex 256 147.419 9.20861
    endloop
  endfacet
  facet normal 1 0 0
    outer loop
      vertex 256 141.9 19.5
      vertex 256 146.766 23.7849
      vertex 256 146.25 24.0395
    endloop
  endfacet
  facet normal 1 0 0
    outer loop
      vertex 256 141.9 19.5
      vertex 256 146.25 24.0395
      vertex 256 145.771 24.3592
    endloop
  endfacet
  facet normal 1 0 0
    outer loop
      vertex 256 147.161 10.1697
      vertex 256 141.9 19.5
      vertex 256 147.15 10
    endloop
  endfacet
  facet normal 1 0 0
    outer loop
      vertex 256 141.9 19.5
      vertex 256 145.771 24.3592
      vertex 256 145.339 24.7387
    endloop
  endfacet
  facet normal 1 0 0
    outer loop
      vertex 256 141.9 19.5
      vertex 256 145.339 24.7387
      vertex 256 144.959 25.1714
    endloop
  endfacet
  facet normal 1 0 0
    outer loop
      vertex 256 141.9 19.5
      vertex 256 144.959 25.1714
      vertex 256 144.639 25.65
    endloop
  endfacet
  facet normal 1 0 0
    outer loop
      vertex 256 141.9 19.5
      vertex 256 144.639 25.65
      vertex 256 144.385 26.1662
    endloop
  endfacet
  facet normal 1 0 0
    outer loop
      vertex 256 141.9 19.5
      vertex 256 144.385 26.1662
      vertex 256 144.2 26.7112
    endloop
  endfacet
  facet normal 1 0 0
    outer loop
      vertex 256 141.9 19.5
      vertex 256 144.2 26.7112
      vertex 256 144.088 27.2757
    endloop
  endfacet
  facet normal 1 0 0
    outer loop
      vertex 256 141.9 19.5
      vertex 256 144.088 27.2757
      vertex 256 144.05 27.85
    endloop
  endfacet
  facet normal 1 0 0
    outer loop
      vertex 256 141.9 0
      vertex 256 147.15 10
      vertex 256 141.9 19.5
    endloop
  endfacet
  facet normal 1 0 0
    outer loop
      vertex 256 147.15 10
      vertex 256 141.9 0
      vertex 256 147.161 9.83032
    endloop
  endfacet
  facet normal 1 0 0
    outer loop
      vertex 256 147.161 9.83032
      vertex 256 141.9 0
      vertex 256 147.194 9.66354
    endloop
  endfacet
  facet normal 1 0 0
    outer loop
      vertex 256 147.194 9.66354
      vertex 256 141.9 0
      vertex 256 147.249 9.50251
    endloop
  endfacet
  facet normal 1 0 0
    outer loop
      vertex 256 148.45 8.7
      vertex 256 141.9 0
      vertex 256 155 0
    endloop
  endfacet
  facet normal 1 0 0
    outer loop
      vertex 256 147.324 9.35
      vertex 256 141.9 0
      vertex 256 147.419 9.20861
    endloop
  endfacet
  facet normal 1 0 0
    outer loop
      vertex 256 147.249 9.50251
      vertex 256 141.9 0
      vertex 256 147.324 9.35
    endloop
  endfacet
  facet normal 0 1 -0
    outer loop
      vertex 261 43 25
      vertex 256 43 32
      vertex 261 43 32
    endloop
  endfacet
  facet normal 0 1 0
    outer loop
      vertex 256 43 32
      vertex 261 43 25
      vertex 256 43 25
    endloop
  endfacet
  facet normal 0 -1 0
    outer loop
      vertex 256 27 25
      vertex 261 27 32
      vertex 256 27 32
    endloop
  endfacet
  facet normal 0 -1 -0
    outer loop
      vertex 261 27 32
      vertex 256 27 25
      vertex 261 27 25
    endloop
  endfacet
  facet normal 1 -0 0
    outer loop
      vertex 261 112 32
      vertex 261 128 25
      vertex 261 128 32
    endloop
  endfacet
  facet normal 1 0 0
    outer loop
      vertex 261 128 25
      vertex 261 112 32
      vertex 261 112 25
    endloop
  endfacet
  facet normal 0 0 -1
    outer loop
      vertex 256 112 25
      vertex 261 128 25
      vertex 261 112 25
    endloop
  endfacet
  facet normal -0 0 -1
    outer loop
      vertex 261 128 25
      vertex 256 112 25
      vertex 256 128 25
    endloop
  endfacet
  facet normal 0 1 -0
    outer loop
      vertex 261 128 25
      vertex 256 128 32
      vertex 261 128 32
    endloop
  endfacet
  facet normal 0 1 0
    outer loop
      vertex 256 128 32
      vertex 261 128 25
      vertex 256 128 25
    endloop
  endfacet
  facet normal 0 -1 0
    outer loop
      vertex 256 112 25
      vertex 261 112 32
      vertex 256 112 32
    endloop
  endfacet
  facet normal 0 -1 -0
    outer loop
      vertex 261 112 32
      vertex 256 112 25
      vertex 261 112 25
    endloop
  endfacet
  facet normal 0 0 -1
    outer loop
      vertex 0 0 0
      vertex 256 13.1 0
      vertex 256 0 0
    endloop
  endfacet
  facet normal -0 0 -1
    outer loop
      vertex 256 13.1 0
      vertex 0 0 0
      vertex 0 13.1 0
    endloop
  endfacet
  facet normal -1 0 0
    outer loop
      vertex 0 7.85 10
      vertex 0 13.1 19.5
      vertex 0 13.1 0
    endloop
  endfacet
  facet normal -1 0 0
    outer loop
      vertex 0 13.1 19.5
      vertex 0 10.9124 27.2757
      vertex 0 10.95 27.85
    endloop
  endfacet
  facet normal -1 0 0
    outer loop
      vertex 0 13.1 19.5
      vertex 0 10.8001 26.7112
      vertex 0 10.9124 27.2757
    endloop
  endfacet
  facet normal -1 0 0
    outer loop
      vertex 0 13.1 19.5
      vertex 0 10.6151 26.1662
      vertex 0 10.8001 26.7112
    endloop
  endfacet
  facet normal -1 0 0
    outer loop
      vertex 0 13.1 19.5
      vertex 0 10.3605 25.65
      vertex 0 10.6151 26.1662
    endloop
  endfacet
  facet normal -1 0 0
    outer loop
      vertex 0 7.75104 10.4975
      vertex 0 13.1 19.5
      vertex 0 7.8057 10.3365
    endloop
  endfacet
  facet normal -1 0 0
    outer loop
      vertex 0 13.1 19.5
      vertex 0 10.0408 25.1714
      vertex 0 10.3605 25.65
    endloop
  endfacet
  facet normal -1 0 0
    outer loop
      vertex 0 7.67583 10.65
      vertex 0 13.1 19.5
      vertex 0 7.75104 10.4975
    endloop
  endfacet
  facet normal -1 0 0
    outer loop
      vertex 0 13.1 19.5
      vertex 0 9.66127 24.7387
      vertex 0 10.0408 25.1714
    endloop
  endfacet
  facet normal -1 0 0
    outer loop
      vertex 0 7.58136 10.7914
      vertex 0 13.1 19.5
      vertex 0 7.67583 10.65
    endloop
  endfacet
  facet normal -1 0 0
    outer loop
      vertex 0 13.1 19.5
      vertex 0 7.85 10
      vertex 0 7.83888 10.1697
    endloop
  endfacet
  facet normal -1 0 0
    outer loop
      vertex 0 13.1 0
      vertex 0 7.83888 9.83032
      vertex 0 7.85 10
    endloop
  endfacet
  facet normal -1 0 0
    outer loop
      vertex 0 13.1 0
      vertex 0 7.8057 9.66354
      vertex 0 7.83888 9.83032
    endloop
  endfacet
  facet normal -1 0 0
    outer loop
      vertex 0 13.1 0
      vertex 0 7.75104 9.50251
      vertex 0 7.8057 9.66354
    endloop
  endfacet
  facet normal -1 0 0
    outer loop
      vertex 0 13.1 0
      vertex 0 7.67583 9.35
      vertex 0 7.75104 9.50251
    endloop
  endfacet
  facet normal -1 0 0
    outer loop
      vertex 0 13.1 0
      vertex 0 7.58136 9.20861
      vertex 0 7.67583 9.35
    endloop
  endfacet
  facet normal -1 0 0
    outer loop
      vertex 0 13.1 0
      vertex 0 7.46924 9.08076
      vertex 0 7.58136 9.20861
    endloop
  endfacet
  facet normal -1 0 0
    outer loop
      vertex 0 13.1 0
      vertex 0 7.34139 8.96864
      vertex 0 7.46924 9.08076
    endloop
  endfacet
  facet normal -1 0 0
    outer loop
      vertex 0 13.1 0
      vertex 0 7.2 8.87417
      vertex 0 7.34139 8.96864
    endloop
  endfacet
  facet normal -1 0 0
    outer loop
      vertex 0 13.1 0
      vertex 0 7.04749 8.79896
      vertex 0 7.2 8.87417
    endloop
  endfacet
  facet normal -1 0 0
    outer loop
      vertex 0 13.1 0
      vertex 0 6.88646 8.7443
      vertex 0 7.04749 8.79896
    endloop
  endfacet
  facet normal -1 0 0
    outer loop
      vertex 0 13.1 0
      vertex 0 6.71968 8.71112
      vertex 0 6.88646 8.7443
    endloop
  endfacet
  facet normal -1 0 0
    outer loop
      vertex 0 13.1 0
      vertex 0 6.55 8.7
      vertex 0 6.71968 8.71112
    endloop
  endfacet
  facet normal -1 0 0
    outer loop
      vertex 0 0 0
      vertex 0 6.55 8.7
      vertex 0 13.1 0
    endloop
  endfacet
  facet normal -1 -0 0
    outer loop
      vertex 0 6.55 8.7
      vertex 0 0 0
      vertex 0 6.38032 8.71112
    endloop
  endfacet
  facet normal -1 -0 0
    outer loop
      vertex 0 6.38032 8.71112
      vertex 0 0 0
      vertex 0 6.21353 8.7443
    endloop
  endfacet
  facet normal -1 -0 0
    outer loop
      vertex 0 6.21353 8.7443
      vertex 0 0 0
      vertex 0 6.05251 8.79896
    endloop
  endfacet
  facet normal -1 -0 0
    outer loop
      vertex 0 6.05251 8.79896
      vertex 0 0 0
      vertex 0 5.9 8.87417
    endloop
  endfacet
  facet normal -1 -0 0
    outer loop
      vertex 0 5.9 8.87417
      vertex 0 0 0
      vertex 0 5.75861 8.96864
    endloop
  endfacet
  facet normal -1 -0 0
    outer loop
      vertex 0 5.75861 8.96864
      vertex 0 0 0
      vertex 0 5.63076 9.08076
    endloop
  endfacet
  facet normal -1 0 0
    outer loop
      vertex 0 5.75861 11.0314
      vertex 0 4.35 24.0395
      vertex 0 4.86619 23.7849
    endloop
  endfacet
  facet normal -1 0 0
    outer loop
      vertex 0 5.26112 10.1697
      vertex 0 3.87145 24.3592
      vertex 0 4.35 24.0395
    endloop
  endfacet
  facet normal -1 0 0
    outer loop
      vertex 0 0 0
      vertex 0 5.25 10
      vertex 0 5.26112 9.83032
    endloop
  endfacet
  facet normal -1 0 0
    outer loop
      vertex 0 5.26112 10.1697
      vertex 0 3.43873 24.7387
      vertex 0 3.87145 24.3592
    endloop
  endfacet
  facet normal -1 0 0
    outer loop
      vertex 0 5.26112 10.1697
      vertex 0 3.05925 25.1714
      vertex 0 3.43873 24.7387
    endloop
  endfacet
  facet normal -1 0 0
    outer loop
      vertex 0 5.26112 10.1697
      vertex 0 2.73949 25.65
      vertex 0 3.05925 25.1714
    endloop
  endfacet
  facet normal -1 -0 0
    outer loop
      vertex 0 5.26112 10.1697
      vertex 0 0 0
      vertex 0 2.73949 25.65
    endloop
  endfacet
  facet normal -1 -0 0
    outer loop
      vertex 0 2.73949 25.65
      vertex 0 0 0
      vertex 0 2.48493 26.1662
    endloop
  endfacet
  facet normal -1 -0 0
    outer loop
      vertex 0 2.48493 26.1662
      vertex 0 0 0
      vertex 0 2.29993 26.7112
    endloop
  endfacet
  facet normal -1 0 0
    outer loop
      vertex 0 2.29993 26.7112
      vertex 0 0 32
      vertex 0 2.18764 27.2757
    endloop
  endfacet
  facet normal -1 0 0
    outer loop
      vertex 0 0 32
      vertex 0 2.29993 26.7112
      vertex 0 0 0
    endloop
  endfacet
  facet normal -1 -0 0
    outer loop
      vertex 0 5.2943 9.66354
      vertex 0 0 0
      vertex 0 5.26112 9.83032
    endloop
  endfacet
  facet normal -1 -0 0
    outer loop
      vertex 0 5.34896 9.50251
      vertex 0 0 0
      vertex 0 5.2943 9.66354
    endloop
  endfacet
  facet normal -1 -0 0
    outer loop
      vertex 0 5.42417 9.35
      vertex 0 0 0
      vertex 0 5.34896 9.50251
    endloop
  endfacet
  facet normal -1 -0 0
    outer loop
      vertex 0 5.51864 9.20861
      vertex 0 0 0
      vertex 0 5.42417 9.35
    endloop
  endfacet
  facet normal -1 -0 0
    outer loop
      vertex 0 5.63076 9.08076
      vertex 0 0 0
      vertex 0 5.51864 9.20861
    endloop
  endfacet
  facet normal -1 0 0
    outer loop
      vertex 0 152.7 26.7112
      vertex 0 155 32
      vertex 0 155 0
    endloop
  endfacet
  facet normal -1 0 0
    outer loop
      vertex 0 155 32
      vertex 0 152.812 27.2757
      vertex 0 152.85 27.85
    endloop
  endfacet
  facet normal -1 0 0
    outer loop
      vertex 0 155 32
      vertex 0 152.7 26.7112
      vertex 0 152.812 27.2757
    endloop
  endfacet
  facet normal -1 0 0
    outer loop
      vertex 0 155 0
      vertex 0 152.515 26.1662
      vertex 0 152.7 26.7112
    endloop
  endfacet
  facet normal -1 0 0
    outer loop
      vertex 0 155 0
      vertex 0 152.261 25.65
      vertex 0 152.515 26.1662
    endloop
  endfacet
  facet normal -1 0 0
    outer loop
      vertex 0 149.706 10.3365
      vertex 0 152.261 25.65
      vertex 0 155 0
    endloop
  endfacet
  facet normal -1 0 0
    outer loop
      vertex 0 152.261 25.65
      vertex 0 149.706 10.3365
      vertex 0 151.941 25.1714
    endloop
  endfacet
  facet normal -1 0 0
    outer loop
      vertex 0 149.651 10.4975
      vertex 0 151.941 25.1714
      vertex 0 149.706 10.3365
    endloop
  endfacet
  facet normal -1 0 0
    outer loop
      vertex 0 151.941 25.1714
      vertex 0 149.651 10.4975
      vertex 0 151.561 24.7387
    endloop
  endfacet
  facet normal -1 0 0
    outer loop
      vertex 0 149.576 10.65
      vertex 0 151.561 24.7387
      vertex 0 149.651 10.4975
    endloop
  endfacet
  facet normal -1 0 0
    outer loop
      vertex 0 149.739 10.1697
      vertex 0 155 0
      vertex 0 149.75 10
    endloop
  endfacet
  facet normal -1 0 0
    outer loop
      vertex 0 155 0
      vertex 0 149.739 9.83032
      vertex 0 149.75 10
    endloop
  endfacet
  facet normal -1 0 0
    outer loop
      vertex 0 155 0
      vertex 0 149.706 9.66354
      vertex 0 149.739 9.83032
    endloop
  endfacet
  facet normal -1 0 0
    outer loop
      vertex 0 155 0
      vertex 0 149.651 9.50251
      vertex 0 149.706 9.66354
    endloop
  endfacet
  facet normal -1 0 0
    outer loop
      vertex 0 155 0
      vertex 0 149.576 9.35
      vertex 0 149.651 9.50251
    endloop
  endfacet
  facet normal -1 0 0
    outer loop
      vertex 0 155 0
      vertex 0 149.481 9.20861
      vertex 0 149.576 9.35
    endloop
  endfacet
  facet normal -1 0 0
    outer loop
      vertex 0 155 0
      vertex 0 149.369 9.08076
      vertex 0 149.481 9.20861
    endloop
  endfacet
  facet normal -1 0 0
    outer loop
      vertex 0 155 0
      vertex 0 149.241 8.96864
      vertex 0 149.369 9.08076
    endloop
  endfacet
  facet normal -1 0 0
    outer loop
      vertex 0 155 0
      vertex 0 149.1 8.87417
      vertex 0 149.241 8.96864
    endloop
  endfacet
  facet normal -1 0 0
    outer loop
      vertex 0 155 0
      vertex 0 148.947 8.79896
      vertex 0 149.1 8.87417
    endloop
  endfacet
  facet normal -1 0 0
    outer loop
      vertex 0 155 0
      vertex 0 148.786 8.7443
      vertex 0 148.947 8.79896
    endloop
  endfacet
  facet normal -1 0 0
    outer loop
      vertex 0 155 0
      vertex 0 148.62 8.71112
      vertex 0 148.786 8.7443
    endloop
  endfacet
  facet normal -1 0 0
    outer loop
      vertex 0 155 0
      vertex 0 148.45 8.7
      vertex 0 148.62 8.71112
    endloop
  endfacet
  facet normal -1 0 0
    outer loop
      vertex 0 141.9 0
      vertex 0 148.45 8.7
      vertex 0 155 0
    endloop
  endfacet
  facet normal -1 -0 0
    outer loop
      vertex 0 148.45 8.7
      vertex 0 141.9 0
      vertex 0 148.28 8.71112
    endloop
  endfacet
  facet normal -1 -0 0
    outer loop
      vertex 0 148.28 8.71112
      vertex 0 141.9 0
      vertex 0 148.114 8.7443
    endloop
  endfacet
  facet normal -1 -0 0
    outer loop
      vertex 0 148.114 8.7443
      vertex 0 141.9 0
      vertex 0 147.953 8.79896
    endloop
  endfacet
  facet normal -1 -0 0
    outer loop
      vertex 0 147.953 8.79896
      vertex 0 141.9 0
      vertex 0 147.8 8.87417
    endloop
  endfacet
  facet normal -1 -0 0
    outer loop
      vertex 0 147.8 8.87417
      vertex 0 141.9 0
      vertex 0 147.659 8.96864
    endloop
  endfacet
  facet normal -1 -0 0
    outer loop
      vertex 0 147.659 8.96864
      vertex 0 141.9 0
      vertex 0 147.531 9.08076
    endloop
  endfacet
  facet normal -1 0 0
    outer loop
      vertex 0 147.659 11.0314
      vertex 0 146.25 24.0395
      vertex 0 146.766 23.7849
    endloop
  endfacet
  facet normal -1 0 0
    outer loop
      vertex 0 147.161 10.1697
      vertex 0 141.9 19.5
      vertex 0 146.25 24.0395
    endloop
  endfacet
  facet normal -1 0 0
    outer loop
      vertex 0 141.9 0
      vertex 0 147.15 10
      vertex 0 147.161 9.83032
    endloop
  endfacet
  facet normal -1 -0 0
    outer loop
      vertex 0 146.25 24.0395
      vertex 0 141.9 19.5
      vertex 0 145.771 24.3592
    endloop
  endfacet
  facet normal -1 -0 0
    outer loop
      vertex 0 145.771 24.3592
      vertex 0 141.9 19.5
      vertex 0 145.339 24.7387
    endloop
  endfacet
  facet normal -1 -0 0
    outer loop
      vertex 0 145.339 24.7387
      vertex 0 141.9 19.5
      vertex 0 144.959 25.1714
    endloop
  endfacet
  facet normal -1 -0 0
    outer loop
      vertex 0 144.959 25.1714
      vertex 0 141.9 19.5
      vertex 0 144.639 25.65
    endloop
  endfacet
  facet normal -1 -0 0
    outer loop
      vertex 0 144.639 25.65
      vertex 0 141.9 19.5
      vertex 0 144.385 26.1662
    endloop
  endfacet
  facet normal -1 -0 0
    outer loop
      vertex 0 144.385 26.1662
      vertex 0 141.9 19.5
      vertex 0 144.2 26.7112
    endloop
  endfacet
  facet normal -1 0 0
    outer loop
      vertex 0 128.175 24.825
      vertex 0 144.2 26.7112
      vertex 0 141.9 19.5
    endloop
  endfacet
  facet normal -1 -0 0
    outer loop
      vertex 0 147.15 10
      vertex 0 141.9 0
      vertex 0 141.9 19.5
    endloop
  endfacet
  facet normal -1 -0 0
    outer loop
      vertex 0 147.194 9.66354
      vertex 0 141.9 0
      vertex 0 147.161 9.83032
    endloop
  endfacet
  facet normal -1 -0 0
    outer loop
      vertex 0 147.249 9.50251
      vertex 0 141.9 0
      vertex 0 147.194 9.66354
    endloop
  endfacet
  facet normal -1 -0 0
    outer loop
      vertex 0 147.324 9.35
      vertex 0 141.9 0
      vertex 0 147.249 9.50251
    endloop
  endfacet
  facet normal -1 -0 0
    outer loop
      vertex 0 147.419 9.20861
      vertex 0 141.9 0
      vertex 0 147.324 9.35
    endloop
  endfacet
  facet normal -1 -0 0
    outer loop
      vertex 0 147.531 9.08076
      vertex 0 141.9 0
      vertex 0 147.419 9.20861
    endloop
  endfacet
  facet normal -1 0 0
    outer loop
      vertex 0 152.812 28.4243
      vertex 0 155 32
      vertex 0 152.85 27.85
    endloop
  endfacet
  facet normal -1 0 0
    outer loop
      vertex 0 152.7 28.9888
      vertex 0 155 32
      vertex 0 152.812 28.4243
    endloop
  endfacet
  facet normal -1 0 0
    outer loop
      vertex 0 152.515 29.5338
      vertex 0 155 32
      vertex 0 152.7 28.9888
    endloop
  endfacet
  facet normal -1 0 0
    outer loop
      vertex 0 152.261 30.05
      vertex 0 155 32
      vertex 0 152.515 29.5338
    endloop
  endfacet
  facet normal -1 0 0
    outer loop
      vertex 0 151.941 30.5285
      vertex 0 155 32
      vertex 0 152.261 30.05
    endloop
  endfacet
  facet normal -1 0 0
    outer loop
      vertex 0 151.561 30.9613
      vertex 0 155 32
      vertex 0 151.941 30.5285
    endloop
  endfacet
  facet normal -1 0 0
    outer loop
      vertex 0 151.129 31.3408
      vertex 0 155 32
      vertex 0 151.561 30.9613
    endloop
  endfacet
  facet normal -1 0 0
    outer loop
      vertex 0 150.65 31.6605
      vertex 0 155 32
      vertex 0 151.129 31.3408
    endloop
  endfacet
  facet normal -1 0 0
    outer loop
      vertex 0 150.134 31.9151
      vertex 0 155 32
      vertex 0 150.65 31.6605
    endloop
  endfacet
  facet normal -1 -0 0
    outer loop
      vertex 0 155 32
      vertex 0 150.134 31.9151
      vertex 0 149.884 32
    endloop
  endfacet
  facet normal -1 0 0
    outer loop
      vertex 0 149.706 10.3365
      vertex 0 155 0
      vertex 0 149.739 10.1697
    endloop
  endfacet
  facet normal -1 0 0
    outer loop
      vertex 0 151.561 24.7387
      vertex 0 149.576 10.65
      vertex 0 151.129 24.3592
    endloop
  endfacet
  facet normal -1 0 0
    outer loop
      vertex 0 149.481 10.7914
      vertex 0 151.129 24.3592
      vertex 0 149.576 10.65
    endloop
  endfacet
  facet normal -1 0 0
    outer loop
      vertex 0 149.369 10.9192
      vertex 0 151.129 24.3592
      vertex 0 149.481 10.7914
    endloop
  endfacet
  facet normal -1 0 0
    outer loop
      vertex 0 151.129 24.3592
      vertex 0 149.369 10.9192
      vertex 0 150.65 24.0395
    endloop
  endfacet
  facet normal -1 0 0
    outer loop
      vertex 0 149.241 11.0314
      vertex 0 150.65 24.0395
      vertex 0 149.369 10.9192
    endloop
  endfacet
  facet normal -1 0 0
    outer loop
      vertex 0 150.65 24.0395
      vertex 0 149.241 11.0314
      vertex 0 150.134 23.7849
    endloop
  endfacet
  facet normal -1 0 0
    outer loop
      vertex 0 149.1 11.1258
      vertex 0 150.134 23.7849
      vertex 0 149.241 11.0314
    endloop
  endfacet
  facet normal -1 0 0
    outer loop
      vertex 0 150.134 23.7849
      vertex 0 149.1 11.1258
      vertex 0 149.589 23.5999
    endloop
  endfacet
  facet normal -1 0 0
    outer loop
      vertex 0 148.947 11.201
      vertex 0 149.589 23.5999
      vertex 0 149.1 11.1258
    endloop
  endfacet
  facet normal -1 0 0
    outer loop
      vertex 0 148.786 11.2557
      vertex 0 149.589 23.5999
      vertex 0 148.947 11.201
    endloop
  endfacet
  facet normal -1 0 0
    outer loop
      vertex 0 149.589 23.5999
      vertex 0 148.786 11.2557
      vertex 0 149.024 23.4876
    endloop
  endfacet
  facet normal -1 0 0
    outer loop
      vertex 0 148.62 11.2889
      vertex 0 149.024 23.4876
      vertex 0 148.786 11.2557
    endloop
  endfacet
  facet normal -1 0 0
    outer loop
      vertex 0 148.45 23.45
      vertex 0 148.62 11.2889
      vertex 0 148.45 11.3
    endloop
  endfacet
  facet normal -1 0 0
    outer loop
      vertex 0 148.62 11.2889
      vertex 0 148.45 23.45
      vertex 0 149.024 23.4876
    endloop
  endfacet
  facet normal -1 0 0
    outer loop
      vertex 0 148.28 11.2889
      vertex 0 148.45 23.45
      vertex 0 148.45 11.3
    endloop
  endfacet
  facet normal -1 0 0
    outer loop
      vertex 0 147.876 23.4876
      vertex 0 148.28 11.2889
      vertex 0 148.114 11.2557
    endloop
  endfacet
  facet normal -1 0 0
    outer loop
      vertex 0 147.311 23.5999
      vertex 0 148.114 11.2557
      vertex 0 147.953 11.201
    endloop
  endfacet
  facet normal -1 0 0
    outer loop
      vertex 0 148.28 11.2889
      vertex 0 147.876 23.4876
      vertex 0 148.45 23.45
    endloop
  endfacet
  facet normal -1 0 0
    outer loop
      vertex 0 147.311 23.5999
      vertex 0 147.953 11.201
      vertex 0 147.8 11.1258
    endloop
  endfacet
  facet normal -1 0 0
    outer loop
      vertex 0 146.766 23.7849
      vertex 0 147.8 11.1258
      vertex 0 147.659 11.0314
    endloop
  endfacet
  facet normal -1 0 0
    outer loop
      vertex 0 146.25 24.0395
      vertex 0 147.659 11.0314
      vertex 0 147.531 10.9192
    endloop
  endfacet
  facet normal -1 0 0
    outer loop
      vertex 0 146.25 24.0395
      vertex 0 147.531 10.9192
      vertex 0 147.419 10.7914
    endloop
  endfacet
  facet normal -1 0 0
    outer loop
      vertex 0 146.25 24.0395
      vertex 0 147.419 10.7914
      vertex 0 147.324 10.65
    endloop
  endfacet
  facet normal -1 0 0
    outer loop
      vertex 0 148.114 11.2557
      vertex 0 147.311 23.5999
      vertex 0 147.876 23.4876
    endloop
  endfacet
  facet normal -1 0 0
    outer loop
      vertex 0 146.25 24.0395
      vertex 0 147.324 10.65
      vertex 0 147.249 10.4975
    endloop
  endfacet
  facet normal -1 0 0
    outer loop
      vertex 0 146.25 24.0395
      vertex 0 147.249 10.4975
      vertex 0 147.194 10.3365
    endloop
  endfacet
  facet normal -1 0 0
    outer loop
      vertex 0 146.25 24.0395
      vertex 0 147.194 10.3365
      vertex 0 147.161 10.1697
    endloop
  endfacet
  facet normal -1 0 0
    outer loop
      vertex 0 141.9 19.5
      vertex 0 147.161 10.1697
      vertex 0 147.15 10
    endloop
  endfacet
  facet normal -1 0 0
    outer loop
      vertex 0 147.8 11.1258
      vertex 0 146.766 23.7849
      vertex 0 147.311 23.5999
    endloop
  endfacet
  facet normal -1 -0 0
    outer loop
      vertex 0 144.2 26.7112
      vertex 0 128.175 24.825
      vertex 0 144.088 27.2757
    endloop
  endfacet
  facet normal -1 -0 0
    outer loop
      vertex 0 144.088 27.2757
      vertex 0 128.175 24.825
      vertex 0 144.05 27.85
    endloop
  endfacet
  facet normal -1 0 0
    outer loop
      vertex 0 128.175 32
      vertex 0 144.05 27.85
      vertex 0 128.175 24.825
    endloop
  endfacet
  facet normal -1 0 0
    outer loop
      vertex 0 144.05 27.85
      vertex 0 128.175 32
      vertex 0 144.088 28.4243
    endloop
  endfacet
  facet normal -1 0 0
    outer loop
      vertex 0 144.088 28.4243
      vertex 0 128.175 32
      vertex 0 144.2 28.9888
    endloop
  endfacet
  facet normal -1 0 0
    outer loop
      vertex 0 144.2 28.9888
      vertex 0 128.175 32
      vertex 0 144.385 29.5338
    endloop
  endfacet
  facet normal -1 0 0
    outer loop
      vertex 0 144.385 29.5338
      vertex 0 128.175 32
      vertex 0 144.639 30.05
    endloop
  endfacet
  facet normal -1 0 0
    outer loop
      vertex 0 144.639 30.05
      vertex 0 128.175 32
      vertex 0 144.959 30.5285
    endloop
  endfacet
  facet normal -1 0 0
    outer loop
      vertex 0 144.959 30.5285
      vertex 0 128.175 32
      vertex 0 145.339 30.9613
    endloop
  endfacet
  facet normal -1 0 0
    outer loop
      vertex 0 145.339 30.9613
      vertex 0 128.175 32
      vertex 0 145.771 31.3408
    endloop
  endfacet
  facet normal -1 0 0
    outer loop
      vertex 0 145.771 31.3408
      vertex 0 128.175 32
      vertex 0 146.25 31.6605
    endloop
  endfacet
  facet normal -1 0 0
    outer loop
      vertex 0 146.766 31.9151
      vertex 0 128.175 32
      vertex 0 147.016 32
    endloop
  endfacet
  facet normal -1 0 0
    outer loop
      vertex 0 146.25 31.6605
      vertex 0 128.175 32
      vertex 0 146.766 31.9151
    endloop
  endfacet
  facet normal -1 0 0
    outer loop
      vertex 0 141.9 19.5
      vertex 0 111.825 24.825
      vertex 0 128.175 24.825
    endloop
  endfacet
  facet normal -1 0 0
    outer loop
      vertex 0 111.825 24.825
      vertex 0 43.175 24.825
      vertex 0 111.825 32
    endloop
  endfacet
  facet normal -1 0 0
    outer loop
      vertex 0 141.9 19.5
      vertex 0 43.175 24.825
      vertex 0 111.825 24.825
    endloop
  endfacet
  facet normal -1 0 0
    outer loop
      vertex 0 13.1 19.5
      vertex 0 43.175 24.825
      vertex 0 141.9 19.5
    endloop
  endfacet
  facet normal -1 -0 0
    outer loop
      vertex 0 43.175 24.825
      vertex 0 13.1 19.5
      vertex 0 26.825 24.825
    endloop
  endfacet
  facet normal -1 0 0
    outer loop
      vertex 0 10.95 27.85
      vertex 0 26.825 24.825
      vertex 0 13.1 19.5
    endloop
  endfacet
  facet normal -1 0 0
    outer loop
      vertex 0 26.825 24.825
      vertex 0 10.95 27.85
      vertex 0 26.825 32
    endloop
  endfacet
  facet normal -1 0 0
    outer loop
      vertex 0 10.9124 28.4243
      vertex 0 26.825 32
      vertex 0 10.95 27.85
    endloop
  endfacet
  facet normal -1 0 0
    outer loop
      vertex 0 10.8001 28.9888
      vertex 0 26.825 32
      vertex 0 10.9124 28.4243
    endloop
  endfacet
  facet normal -1 0 0
    outer loop
      vertex 0 10.6151 29.5338
      vertex 0 26.825 32
      vertex 0 10.8001 28.9888
    endloop
  endfacet
  facet normal -1 0 0
    outer loop
      vertex 0 10.3605 30.05
      vertex 0 26.825 32
      vertex 0 10.6151 29.5338
    endloop
  endfacet
  facet normal -1 0 0
    outer loop
      vertex 0 10.0408 30.5285
      vertex 0 26.825 32
      vertex 0 10.3605 30.05
    endloop
  endfacet
  facet normal -1 0 0
    outer loop
      vertex 0 9.66127 30.9613
      vertex 0 26.825 32
      vertex 0 10.0408 30.5285
    endloop
  endfacet
  facet normal -1 0 0
    outer loop
      vertex 0 9.22855 31.3408
      vertex 0 26.825 32
      vertex 0 9.66127 30.9613
    endloop
  endfacet
  facet normal -1 0 0
    outer loop
      vertex 0 8.75 31.6605
      vertex 0 26.825 32
      vertex 0 9.22855 31.3408
    endloop
  endfacet
  facet normal -1 0 0
    outer loop
      vertex 0 8.23381 31.9151
      vertex 0 26.825 32
      vertex 0 8.75 31.6605
    endloop
  endfacet
  facet normal -1 -0 0
    outer loop
      vertex 0 26.825 32
      vertex 0 8.23381 31.9151
      vertex 0 7.98361 32
    endloop
  endfacet
  facet normal -1 -0 0
    outer loop
      vertex 0 111.825 32
      vertex 0 43.175 24.825
      vertex 0 43.175 32
    endloop
  endfacet
  facet normal -1 0 0
    outer loop
      vertex 0 13.1 19.5
      vertex 0 7.83888 10.1697
      vertex 0 7.8057 10.3365
    endloop
  endfacet
  facet normal -1 0 0
    outer loop
      vertex 0 13.1 19.5
      vertex 0 9.22855 24.3592
      vertex 0 9.66127 24.7387
    endloop
  endfacet
  facet normal -1 0 0
    outer loop
      vertex 0 7.46924 10.9192
      vertex 0 13.1 19.5
      vertex 0 7.58136 10.7914
    endloop
  endfacet
  facet normal -1 0 0
    outer loop
      vertex 0 7.34139 11.0314
      vertex 0 13.1 19.5
      vertex 0 7.46924 10.9192
    endloop
  endfacet
  facet normal -1 0 0
    outer loop
      vertex 0 13.1 19.5
      vertex 0 8.75 24.0395
      vertex 0 9.22855 24.3592
    endloop
  endfacet
  facet normal -1 0 0
    outer loop
      vertex 0 7.2 11.1258
      vertex 0 13.1 19.5
      vertex 0 7.34139 11.0314
    endloop
  endfacet
  facet normal -1 0 0
    outer loop
      vertex 0 13.1 19.5
      vertex 0 8.23381 23.7849
      vertex 0 8.75 24.0395
    endloop
  endfacet
  facet normal -1 0 0
    outer loop
      vertex 0 7.04749 11.201
      vertex 0 13.1 19.5
      vertex 0 7.2 11.1258
    endloop
  endfacet
  facet normal -1 0 0
    outer loop
      vertex 0 13.1 19.5
      vertex 0 7.6888 23.5999
      vertex 0 8.23381 23.7849
    endloop
  endfacet
  facet normal -1 0 0
    outer loop
      vertex 0 6.88646 11.2557
      vertex 0 13.1 19.5
      vertex 0 7.04749 11.201
    endloop
  endfacet
  facet normal -1 0 0
    outer loop
      vertex 0 6.71968 11.2889
      vertex 0 13.1 19.5
      vertex 0 6.88646 11.2557
    endloop
  endfacet
  facet normal -1 0 0
    outer loop
      vertex 0 13.1 19.5
      vertex 0 7.12431 23.4876
      vertex 0 7.6888 23.5999
    endloop
  endfacet
  facet normal -1 -0 0
    outer loop
      vertex 0 13.1 19.5
      vertex 0 6.71968 11.2889
      vertex 0 7.12431 23.4876
    endloop
  endfacet
  facet normal -1 0 0
    outer loop
      vertex 0 6.55 23.45
      vertex 0 6.71968 11.2889
      vertex 0 6.55 11.3
    endloop
  endfacet
  facet normal -1 0 0
    outer loop
      vertex 0 6.71968 11.2889
      vertex 0 6.55 23.45
      vertex 0 7.12431 23.4876
    endloop
  endfacet
  facet normal -1 0 0
    outer loop
      vertex 0 6.38032 11.2889
      vertex 0 6.55 23.45
      vertex 0 6.55 11.3
    endloop
  endfacet
  facet normal -1 0 0
    outer loop
      vertex 0 5.97568 23.4876
      vertex 0 6.38032 11.2889
      vertex 0 6.21353 11.2557
    endloop
  endfacet
  facet normal -1 0 0
    outer loop
      vertex 0 5.4112 23.5999
      vertex 0 6.21353 11.2557
      vertex 0 6.05251 11.201
    endloop
  endfacet
  facet normal -1 0 0
    outer loop
      vertex 0 6.38032 11.2889
      vertex 0 5.97568 23.4876
      vertex 0 6.55 23.45
    endloop
  endfacet
  facet normal -1 0 0
    outer loop
      vertex 0 5.4112 23.5999
      vertex 0 6.05251 11.201
      vertex 0 5.9 11.1258
    endloop
  endfacet
  facet normal -1 0 0
    outer loop
      vertex 0 4.86619 23.7849
      vertex 0 5.9 11.1258
      vertex 0 5.75861 11.0314
    endloop
  endfacet
  facet normal -1 0 0
    outer loop
      vertex 0 4.35 24.0395
      vertex 0 5.75861 11.0314
      vertex 0 5.63076 10.9192
    endloop
  endfacet
  facet normal -1 0 0
    outer loop
      vertex 0 4.35 24.0395
      vertex 0 5.63076 10.9192
      vertex 0 5.51864 10.7914
    endloop
  endfacet
  facet normal -1 0 0
    outer loop
      vertex 0 4.35 24.0395
      vertex 0 5.51864 10.7914
      vertex 0 5.42417 10.65
    endloop
  endfacet
  facet normal -1 0 0
    outer loop
      vertex 0 6.21353 11.2557
      vertex 0 5.4112 23.5999
      vertex 0 5.97568 23.4876
    endloop
  endfacet
  facet normal -1 0 0
    outer loop
      vertex 0 4.35 24.0395
      vertex 0 5.42417 10.65
      vertex 0 5.34896 10.4975
    endloop
  endfacet
  facet normal -1 0 0
    outer loop
      vertex 0 4.35 24.0395
      vertex 0 5.34896 10.4975
      vertex 0 5.2943 10.3365
    endloop
  endfacet
  facet normal -1 0 0
    outer loop
      vertex 0 4.35 24.0395
      vertex 0 5.2943 10.3365
      vertex 0 5.26112 10.1697
    endloop
  endfacet
  facet normal -1 0 0
    outer loop
      vertex 0 0 0
      vertex 0 5.26112 10.1697
      vertex 0 5.25 10
    endloop
  endfacet
  facet normal -1 0 0
    outer loop
      vertex 0 5.9 11.1258
      vertex 0 4.86619 23.7849
      vertex 0 5.4112 23.5999
    endloop
  endfacet
  facet normal -1 0 0
    outer loop
      vertex 0 2.18764 27.2757
      vertex 0 0 32
      vertex 0 2.15 27.85
    endloop
  endfacet
  facet normal -1 0 0
    outer loop
      vertex 0 4.86619 31.9151
      vertex 0 0 32
      vertex 0 5.11639 32
    endloop
  endfacet
  facet normal -1 0 0
    outer loop
      vertex 0 4.35 31.6605
      vertex 0 0 32
      vertex 0 4.86619 31.9151
    endloop
  endfacet
  facet normal -1 0 0
    outer loop
      vertex 0 3.87145 31.3408
      vertex 0 0 32
      vertex 0 4.35 31.6605
    endloop
  endfacet
  facet normal -1 0 0
    outer loop
      vertex 0 3.43873 30.9613
      vertex 0 0 32
      vertex 0 3.87145 31.3408
    endloop
  endfacet
  facet normal -1 0 0
    outer loop
      vertex 0 3.05925 30.5285
      vertex 0 0 32
      vertex 0 3.43873 30.9613
    endloop
  endfacet
  facet normal -1 0 0
    outer loop
      vertex 0 2.73949 30.05
      vertex 0 0 32
      vertex 0 3.05925 30.5285
    endloop
  endfacet
  facet normal -1 0 0
    outer loop
      vertex 0 2.48493 29.5338
      vertex 0 0 32
      vertex 0 2.73949 30.05
    endloop
  endfacet
  facet normal -1 0 0
    outer loop
      vertex 0 2.29993 28.9888
      vertex 0 0 32
      vertex 0 2.48493 29.5338
    endloop
  endfacet
  facet normal -1 0 0
    outer loop
      vertex 0 2.18764 28.4243
      vertex 0 0 32
      vertex 0 2.29993 28.9888
    endloop
  endfacet
  facet normal -1 0 0
    outer loop
      vertex 0 2.15 27.85
      vertex 0 0 32
      vertex 0 2.18764 28.4243
    endloop
  endfacet
  facet normal 0 1 -0
    outer loop
      vertex 256 13.1 0
      vertex 248 13.1 19.5
      vertex 256 13.1 19.5
    endloop
  endfacet
  facet normal 0 1 0
    outer loop
      vertex 248 13.1 19.5
      vertex 256 13.1 0
      vertex 8 13.1 19.5
    endloop
  endfacet
  facet normal 0 1 0
    outer loop
      vertex 0 13.1 0
      vertex 8 13.1 19.5
      vertex 256 13.1 0
    endloop
  endfacet
  facet normal 0 1 0
    outer loop
      vertex 8 13.1 19.5
      vertex 0 13.1 0
      vertex 0 13.1 19.5
    endloop
  endfacet
  facet normal 0 1 -0
    outer loop
      vertex 248 13.1 19.5
      vertex 8 13.1 32
      vertex 248 13.1 32
    endloop
  endfacet
  facet normal 0 1 0
    outer loop
      vertex 8 13.1 32
      vertex 248 13.1 19.5
      vertex 8 13.1 19.5
    endloop
  endfacet
  facet normal 0 -1 0
    outer loop
      vertex 0 0 0
      vertex 256 0 32
      vertex 0 0 32
    endloop
  endfacet
  facet normal 0 -1 -0
    outer loop
      vertex 256 0 32
      vertex 0 0 0
      vertex 256 0 0
    endloop
  endfacet
  facet normal 0 0 -1
    outer loop
      vertex 0 141.9 0
      vertex 256 155 0
      vertex 256 141.9 0
    endloop
  endfacet
  facet normal -0 0 -1
    outer loop
      vertex 256 155 0
      vertex 0 141.9 0
      vertex 0 155 0
    endloop
  endfacet
  facet normal 0 1 -0
    outer loop
      vertex 256 155 0
      vertex 0 155 32
      vertex 256 155 32
    endloop
  endfacet
  facet normal 0 1 0
    outer loop
      vertex 0 155 32
      vertex 256 155 0
      vertex 0 155 0
    endloop
  endfacet
  facet normal 0 -1 0
    outer loop
      vertex 0 141.9 0
      vertex 8 141.9 19.5
      vertex 0 141.9 19.5
    endloop
  endfacet
  facet normal 0 -1 -0
    outer loop
      vertex 8 141.9 19.5
      vertex 0 141.9 0
      vertex 248 141.9 19.5
    endloop
  endfacet
  facet normal 0 -1 0
    outer loop
      vertex 256 141.9 0
      vertex 248 141.9 19.5
      vertex 0 141.9 0
    endloop
  endfacet
  facet normal 0 -1 0
    outer loop
      vertex 248 141.9 19.5
      vertex 256 141.9 0
      vertex 256 141.9 19.5
    endloop
  endfacet
  facet normal 0 -1 0
    outer loop
      vertex 8 141.9 19.5
      vertex 248 141.9 32
      vertex 8 141.9 32
    endloop
  endfacet
  facet normal 0 -1 -0
    outer loop
      vertex 248 141.9 32
      vertex 8 141.9 19.5
      vertex 248 141.9 19.5
    endloop
  endfacet
  facet normal 1 -0 0
    outer loop
      vertex 8 13.1 32
      vertex 8 141.9 19.5
      vertex 8 141.9 32
    endloop
  endfacet
  facet normal 1 0 0
    outer loop
      vertex 8 141.9 19.5
      vertex 8 13.1 32
      vertex 8 13.1 19.5
    endloop
  endfacet
  facet normal 0 0 -1
    outer loop
      vertex 0 13.1 19.5
      vertex 8 141.9 19.5
      vertex 8 13.1 19.5
    endloop
  endfacet
  facet normal -0 0 -1
    outer loop
      vertex 8 141.9 19.5
      vertex 0 13.1 19.5
      vertex 0 141.9 19.5
    endloop
  endfacet
  facet normal 0 0 -1
    outer loop
      vertex 248 13.1 19.5
      vertex 256 141.9 19.5
      vertex 256 13.1 19.5
    endloop
  endfacet
  facet normal -0 0 -1
    outer loop
      vertex 256 141.9 19.5
      vertex 248 13.1 19.5
      vertex 248 141.9 19.5
    endloop
  endfacet
  facet normal -1 0 0
    outer loop
      vertex 248 13.1 19.5
      vertex 248 141.9 32
      vertex 248 141.9 19.5
    endloop
  endfacet
  facet normal -1 -0 0
    outer loop
      vertex 248 141.9 32
      vertex 248 13.1 19.5
      vertex 248 13.1 32
    endloop
  endfacet
  facet normal -1 0 0
    outer loop
      vertex 5.35 26.825 24.825
      vertex 5.35 43.175 32
      vertex 5.35 43.175 24.825
    endloop
  endfacet
  facet normal -1 -0 0
    outer loop
      vertex 5.35 43.175 32
      vertex 5.35 26.825 24.825
      vertex 5.35 26.825 32
    endloop
  endfacet
  facet normal -0 0 1
    outer loop
      vertex 0 43.175 24.825
      vertex 5.35 26.825 24.825
      vertex 5.35 43.175 24.825
    endloop
  endfacet
  facet normal 0 0 1
    outer loop
      vertex 5.35 26.825 24.825
      vertex 0 43.175 24.825
      vertex 0 26.825 24.825
    endloop
  endfacet
  facet normal 0 -1 0
    outer loop
      vertex 0 43.175 24.825
      vertex 5.35 43.175 32
      vertex 0 43.175 32
    endloop
  endfacet
  facet normal 0 -1 -0
    outer loop
      vertex 5.35 43.175 32
      vertex 0 43.175 24.825
      vertex 5.35 43.175 24.825
    endloop
  endfacet
  facet normal 0 1 -0
    outer loop
      vertex 5.35 26.825 24.825
      vertex 0 26.825 32
      vertex 5.35 26.825 32
    endloop
  endfacet
  facet normal 0 1 0
    outer loop
      vertex 0 26.825 32
      vertex 5.35 26.825 24.825
      vertex 0 26.825 24.825
    endloop
  endfacet
  facet normal -1 0 0
    outer loop
      vertex 5.35 111.825 24.825
      vertex 5.35 128.175 32
      vertex 5.35 128.175 24.825
    endloop
  endfacet
  facet normal -1 -0 0
    outer loop
      vertex 5.35 128.175 32
      vertex 5.35 111.825 24.825
      vertex 5.35 111.825 32
    endloop
  endfacet
  facet normal -0 0 1
    outer loop
      vertex 0 128.175 24.825
      vertex 5.35 111.825 24.825
      vertex 5.35 128.175 24.825
    endloop
  endfacet
  facet normal 0 0 1
    outer loop
      vertex 5.35 111.825 24.825
      vertex 0 128.175 24.825
      vertex 0 111.825 24.825
    endloop
  endfacet
  facet normal 0 -1 0
    outer loop
      vertex 0 128.175 24.825
      vertex 5.35 128.175 32
      vertex 0 128.175 32
    endloop
  endfacet
  facet normal 0 -1 -0
    outer loop
      vertex 5.35 128.175 32
      vertex 0 128.175 24.825
      vertex 5.35 128.175 24.825
    endloop
  endfacet
  facet normal 0 1 -0
    outer loop
      vertex 5.35 111.825 24.825
      vertex 0 111.825 32
      vertex 5.35 111.825 32
    endloop
  endfacet
  facet normal 0 1 0
    outer loop
      vertex 0 111.825 32
      vertex 5.35 111.825 24.825
      vertex 0 111.825 24.825
    endloop
  endfacet
  facet normal -0.321638 0.946863 0
    outer loop
      vertex 4.49749 76.299 25
      vertex 4.33646 76.2443 32
      vertex 4.49749 76.299 32
    endloop
  endfacet
  facet normal -0.321638 0.946863 0
    outer loop
      vertex 4.33646 76.2443 32
      vertex 4.49749 76.299 25
      vertex 4.33646 76.2443 25
    endloop
  endfacet
  facet normal -0.980784 -0.195098 0
    outer loop
      vertex 5.28888 77.6697 25
      vertex 5.2557 77.8365 32
      vertex 5.2557 77.8365 25
    endloop
  endfacet
  facet normal -0.980784 -0.195098 0
    outer loop
      vertex 5.2557 77.8365 32
      vertex 5.28888 77.6697 25
      vertex 5.28888 77.6697 32
    endloop
  endfacet
  facet normal -0.99786 -0.0653872 0
    outer loop
      vertex 5.3 77.5 25
      vertex 5.28888 77.6697 32
      vertex 5.28888 77.6697 25
    endloop
  endfacet
  facet normal -0.99786 -0.0653872 0
    outer loop
      vertex 5.28888 77.6697 32
      vertex 5.3 77.5 25
      vertex 5.3 77.5 32
    endloop
  endfacet
  facet normal -0.946916 -0.321481 0
    outer loop
      vertex 5.2557 77.8365 25
      vertex 5.20104 77.9975 32
      vertex 5.20104 77.9975 25
    endloop
  endfacet
  facet normal -0.946916 -0.321481 0
    outer loop
      vertex 5.20104 77.9975 32
      vertex 5.2557 77.8365 25
      vertex 5.2557 77.8365 32
    endloop
  endfacet
  facet normal -0.321638 -0.946863 0
    outer loop
      vertex 4.33646 78.7557 25
      vertex 4.49749 78.701 32
      vertex 4.33646 78.7557 32
    endloop
  endfacet
  facet normal -0.321638 -0.946863 -0
    outer loop
      vertex 4.49749 78.701 32
      vertex 4.33646 78.7557 25
      vertex 4.49749 78.701 25
    endloop
  endfacet
  facet normal 0.89686 -0.442314 0
    outer loop
      vertex 2.79896 77.9975 32
      vertex 2.87417 78.15 25
      vertex 2.87417 78.15 32
    endloop
  endfacet
  facet normal 0.89686 -0.442314 0
    outer loop
      vertex 2.87417 78.15 25
      vertex 2.79896 77.9975 32
      vertex 2.79896 77.9975 25
    endloop
  endfacet
  facet normal 0.751716 0.659487 0
    outer loop
      vertex 3.08076 76.5808 32
      vertex 2.96864 76.7086 25
      vertex 2.96864 76.7086 32
    endloop
  endfacet
  facet normal 0.751716 0.659487 0
    outer loop
      vertex 2.96864 76.7086 25
      vertex 3.08076 76.5808 32
      vertex 3.08076 76.5808 25
    endloop
  endfacet
  facet normal -0.831498 -0.555528 0
    outer loop
      vertex 5.12583 78.15 25
      vertex 5.03136 78.2914 32
      vertex 5.03136 78.2914 25
    endloop
  endfacet
  facet normal -0.831498 -0.555528 0
    outer loop
      vertex 5.03136 78.2914 32
      vertex 5.12583 78.15 25
      vertex 5.12583 78.15 32
    endloop
  endfacet
  facet normal -0.89686 -0.442314 0
    outer loop
      vertex 5.20104 77.9975 25
      vertex 5.12583 78.15 32
      vertex 5.12583 78.15 25
    endloop
  endfacet
  facet normal -0.89686 -0.442314 0
    outer loop
      vertex 5.12583 78.15 32
      vertex 5.20104 77.9975 25
      vertex 5.20104 77.9975 32
    endloop
  endfacet
  facet normal 0.659607 0.751611 -0
    outer loop
      vertex 3.20861 76.4686 25
      vertex 3.08076 76.5808 32
      vertex 3.20861 76.4686 32
    endloop
  endfacet
  facet normal 0.659607 0.751611 0
    outer loop
      vertex 3.08076 76.5808 32
      vertex 3.20861 76.4686 25
      vertex 3.08076 76.5808 25
    endloop
  endfacet
  facet normal 0.751716 -0.659487 0
    outer loop
      vertex 2.96864 78.2914 32
      vertex 3.08076 78.4192 25
      vertex 3.08076 78.4192 32
    endloop
  endfacet
  facet normal 0.751716 -0.659487 0
    outer loop
      vertex 3.08076 78.4192 25
      vertex 2.96864 78.2914 32
      vertex 2.96864 78.2914 25
    endloop
  endfacet
  facet normal 0.831498 -0.555528 0
    outer loop
      vertex 2.87417 78.15 32
      vertex 2.96864 78.2914 25
      vertex 2.96864 78.2914 32
    endloop
  endfacet
  facet normal 0.831498 -0.555528 0
    outer loop
      vertex 2.96864 78.2914 25
      vertex 2.87417 78.15 32
      vertex 2.87417 78.15 25
    endloop
  endfacet
  facet normal 0.195234 -0.980757 0
    outer loop
      vertex 3.66354 78.7557 25
      vertex 3.83032 78.7889 32
      vertex 3.66354 78.7557 32
    endloop
  endfacet
  facet normal 0.195234 -0.980757 0
    outer loop
      vertex 3.83032 78.7889 32
      vertex 3.66354 78.7557 25
      vertex 3.83032 78.7889 25
    endloop
  endfacet
  facet normal -0.442243 0.896895 0
    outer loop
      vertex 4.65 76.3742 25
      vertex 4.49749 76.299 32
      vertex 4.65 76.3742 32
    endloop
  endfacet
  facet normal -0.442243 0.896895 0
    outer loop
      vertex 4.49749 76.299 32
      vertex 4.65 76.3742 25
      vertex 4.49749 76.299 25
    endloop
  endfacet
  facet normal 0.946916 -0.321481 0
    outer loop
      vertex 2.7443 77.8365 32
      vertex 2.79896 77.9975 25
      vertex 2.79896 77.9975 32
    endloop
  endfacet
  facet normal 0.946916 -0.321481 0
    outer loop
      vertex 2.79896 77.9975 25
      vertex 2.7443 77.8365 32
      vertex 2.7443 77.8365 25
    endloop
  endfacet
  facet normal 0.442243 -0.896895 0
    outer loop
      vertex 3.35 78.6258 25
      vertex 3.50251 78.701 32
      vertex 3.35 78.6258 32
    endloop
  endfacet
  facet normal 0.442243 -0.896895 0
    outer loop
      vertex 3.50251 78.701 32
      vertex 3.35 78.6258 25
      vertex 3.50251 78.701 25
    endloop
  endfacet
  facet normal 0.321638 0.946863 -0
    outer loop
      vertex 3.66354 76.2443 25
      vertex 3.50251 76.299 32
      vertex 3.66354 76.2443 32
    endloop
  endfacet
  facet normal 0.321638 0.946863 0
    outer loop
      vertex 3.50251 76.299 32
      vertex 3.66354 76.2443 25
      vertex 3.50251 76.299 25
    endloop
  endfacet
  facet normal -0.831498 0.555528 0
    outer loop
      vertex 5.03136 76.7086 25
      vertex 5.12583 76.85 32
      vertex 5.12583 76.85 25
    endloop
  endfacet
  facet normal -0.831498 0.555528 0
    outer loop
      vertex 5.12583 76.85 32
      vertex 5.03136 76.7086 25
      vertex 5.03136 76.7086 32
    endloop
  endfacet
  facet normal -0.195234 0.980757 0
    outer loop
      vertex 4.33646 76.2443 25
      vertex 4.16968 76.2111 32
      vertex 4.33646 76.2443 32
    endloop
  endfacet
  facet normal -0.195234 0.980757 0
    outer loop
      vertex 4.16968 76.2111 32
      vertex 4.33646 76.2443 25
      vertex 4.16968 76.2111 25
    endloop
  endfacet
  facet normal -0.0652777 -0.997867 0
    outer loop
      vertex 4 78.8 25
      vertex 4.16968 78.7889 32
      vertex 4 78.8 32
    endloop
  endfacet
  facet normal -0.0652777 -0.997867 -0
    outer loop
      vertex 4.16968 78.7889 32
      vertex 4 78.8 25
      vertex 4.16968 78.7889 25
    endloop
  endfacet
  facet normal -0.980784 0.195098 0
    outer loop
      vertex 5.2557 77.1635 25
      vertex 5.28888 77.3303 32
      vertex 5.28888 77.3303 25
    endloop
  endfacet
  facet normal -0.980784 0.195098 0
    outer loop
      vertex 5.28888 77.3303 32
      vertex 5.2557 77.1635 25
      vertex 5.2557 77.1635 32
    endloop
  endfacet
  facet normal -0.55527 0.83167 0
    outer loop
      vertex 4.79139 76.4686 25
      vertex 4.65 76.3742 32
      vertex 4.79139 76.4686 32
    endloop
  endfacet
  facet normal -0.55527 0.83167 0
    outer loop
      vertex 4.65 76.3742 32
      vertex 4.79139 76.4686 25
      vertex 4.65 76.3742 25
    endloop
  endfacet
  facet normal -0.55527 -0.83167 0
    outer loop
      vertex 4.65 78.6258 25
      vertex 4.79139 78.5314 32
      vertex 4.65 78.6258 32
    endloop
  endfacet
  facet normal -0.55527 -0.83167 -0
    outer loop
      vertex 4.79139 78.5314 32
      vertex 4.65 78.6258 25
      vertex 4.79139 78.5314 25
    endloop
  endfacet
  facet normal -0.89686 0.442314 0
    outer loop
      vertex 5.12583 76.85 25
      vertex 5.20104 77.0025 32
      vertex 5.20104 77.0025 25
    endloop
  endfacet
  facet normal -0.89686 0.442314 0
    outer loop
      vertex 5.20104 77.0025 32
      vertex 5.12583 76.85 25
      vertex 5.12583 76.85 32
    endloop
  endfacet
  facet normal 0.55527 -0.83167 0
    outer loop
      vertex 3.20861 78.5314 25
      vertex 3.35 78.6258 32
      vertex 3.20861 78.5314 32
    endloop
  endfacet
  facet normal 0.55527 -0.83167 0
    outer loop
      vertex 3.35 78.6258 32
      vertex 3.20861 78.5314 25
      vertex 3.35 78.6258 25
    endloop
  endfacet
  facet normal -0.751716 0.659487 0
    outer loop
      vertex 4.91924 76.5808 25
      vertex 5.03136 76.7086 32
      vertex 5.03136 76.7086 25
    endloop
  endfacet
  facet normal -0.751716 0.659487 0
    outer loop
      vertex 5.03136 76.7086 32
      vertex 4.91924 76.5808 25
      vertex 4.91924 76.5808 32
    endloop
  endfacet
  facet normal -0.195234 -0.980757 0
    outer loop
      vertex 4.16968 78.7889 25
      vertex 4.33646 78.7557 32
      vertex 4.16968 78.7889 32
    endloop
  endfacet
  facet normal -0.195234 -0.980757 -0
    outer loop
      vertex 4.33646 78.7557 32
      vertex 4.16968 78.7889 25
      vertex 4.33646 78.7557 25
    endloop
  endfacet
  facet normal 0.659607 -0.751611 0
    outer loop
      vertex 3.08076 78.4192 25
      vertex 3.20861 78.5314 32
      vertex 3.08076 78.4192 32
    endloop
  endfacet
  facet normal 0.659607 -0.751611 0
    outer loop
      vertex 3.20861 78.5314 32
      vertex 3.08076 78.4192 25
      vertex 3.20861 78.5314 25
    endloop
  endfacet
  facet normal 0.321638 -0.946863 0
    outer loop
      vertex 3.50251 78.701 25
      vertex 3.66354 78.7557 32
      vertex 3.50251 78.701 32
    endloop
  endfacet
  facet normal 0.321638 -0.946863 0
    outer loop
      vertex 3.66354 78.7557 32
      vertex 3.50251 78.701 25
      vertex 3.66354 78.7557 25
    endloop
  endfacet
  facet normal -0.99786 0.0653872 0
    outer loop
      vertex 5.28888 77.3303 25
      vertex 5.3 77.5 32
      vertex 5.3 77.5 25
    endloop
  endfacet
  facet normal -0.99786 0.0653872 0
    outer loop
      vertex 5.3 77.5 32
      vertex 5.28888 77.3303 25
      vertex 5.28888 77.3303 32
    endloop
  endfacet
  facet normal 0.980784 0.195098 0
    outer loop
      vertex 2.7443 77.1635 32
      vertex 2.71112 77.3303 25
      vertex 2.71112 77.3303 32
    endloop
  endfacet
  facet normal 0.980784 0.195098 0
    outer loop
      vertex 2.71112 77.3303 25
      vertex 2.7443 77.1635 32
      vertex 2.7443 77.1635 25
    endloop
  endfacet
  facet normal -0.659607 -0.751611 0
    outer loop
      vertex 4.79139 78.5314 25
      vertex 4.91924 78.4192 32
      vertex 4.79139 78.5314 32
    endloop
  endfacet
  facet normal -0.659607 -0.751611 -0
    outer loop
      vertex 4.91924 78.4192 32
      vertex 4.79139 78.5314 25
      vertex 4.91924 78.4192 25
    endloop
  endfacet
  facet normal -0.0652777 0.997867 0
    outer loop
      vertex 4.16968 76.2111 25
      vertex 4 76.2 32
      vertex 4.16968 76.2111 32
    endloop
  endfacet
  facet normal -0.0652777 0.997867 0
    outer loop
      vertex 4 76.2 32
      vertex 4.16968 76.2111 25
      vertex 4 76.2 25
    endloop
  endfacet
  facet normal 0.89686 0.442314 0
    outer loop
      vertex 2.87417 76.85 32
      vertex 2.79896 77.0025 25
      vertex 2.79896 77.0025 32
    endloop
  endfacet
  facet normal 0.89686 0.442314 0
    outer loop
      vertex 2.79896 77.0025 25
      vertex 2.87417 76.85 32
      vertex 2.87417 76.85 25
    endloop
  endfacet
  facet normal 0.442243 0.896895 -0
    outer loop
      vertex 3.50251 76.299 25
      vertex 3.35 76.3742 32
      vertex 3.50251 76.299 32
    endloop
  endfacet
  facet normal 0.442243 0.896895 0
    outer loop
      vertex 3.35 76.3742 32
      vertex 3.50251 76.299 25
      vertex 3.35 76.3742 25
    endloop
  endfacet
  facet normal 0.831498 0.555528 0
    outer loop
      vertex 2.96864 76.7086 32
      vertex 2.87417 76.85 25
      vertex 2.87417 76.85 32
    endloop
  endfacet
  facet normal 0.831498 0.555528 0
    outer loop
      vertex 2.87417 76.85 25
      vertex 2.96864 76.7086 32
      vertex 2.96864 76.7086 25
    endloop
  endfacet
  facet normal -0.751716 -0.659487 0
    outer loop
      vertex 5.03136 78.2914 25
      vertex 4.91924 78.4192 32
      vertex 4.91924 78.4192 25
    endloop
  endfacet
  facet normal -0.751716 -0.659487 0
    outer loop
      vertex 4.91924 78.4192 32
      vertex 5.03136 78.2914 25
      vertex 5.03136 78.2914 32
    endloop
  endfacet
  facet normal -0.946916 0.321481 0
    outer loop
      vertex 5.20104 77.0025 25
      vertex 5.2557 77.1635 32
      vertex 5.2557 77.1635 25
    endloop
  endfacet
  facet normal -0.946916 0.321481 0
    outer loop
      vertex 5.2557 77.1635 32
      vertex 5.20104 77.0025 25
      vertex 5.20104 77.0025 32
    endloop
  endfacet
  facet normal 0.0652777 -0.997867 0
    outer loop
      vertex 3.83032 78.7889 25
      vertex 4 78.8 32
      vertex 3.83032 78.7889 32
    endloop
  endfacet
  facet normal 0.0652777 -0.997867 0
    outer loop
      vertex 4 78.8 32
      vertex 3.83032 78.7889 25
      vertex 4 78.8 25
    endloop
  endfacet
  facet normal -0.442243 -0.896895 0
    outer loop
      vertex 4.49749 78.701 25
      vertex 4.65 78.6258 32
      vertex 4.49749 78.701 32
    endloop
  endfacet
  facet normal -0.442243 -0.896895 -0
    outer loop
      vertex 4.65 78.6258 32
      vertex 4.49749 78.701 25
      vertex 4.65 78.6258 25
    endloop
  endfacet
  facet normal 0.980784 -0.195098 0
    outer loop
      vertex 2.71112 77.6697 32
      vertex 2.7443 77.8365 25
      vertex 2.7443 77.8365 32
    endloop
  endfacet
  facet normal 0.980784 -0.195098 0
    outer loop
      vertex 2.7443 77.8365 25
      vertex 2.71112 77.6697 32
      vertex 2.71112 77.6697 25
    endloop
  endfacet
  facet normal 0.946916 0.321481 0
    outer loop
      vertex 2.79896 77.0025 32
      vertex 2.7443 77.1635 25
      vertex 2.7443 77.1635 32
    endloop
  endfacet
  facet normal 0.946916 0.321481 0
    outer loop
      vertex 2.7443 77.1635 25
      vertex 2.79896 77.0025 32
      vertex 2.79896 77.0025 25
    endloop
  endfacet
  facet normal 0.99786 0.0653872 0
    outer loop
      vertex 2.71112 77.3303 32
      vertex 2.7 77.5 25
      vertex 2.7 77.5 32
    endloop
  endfacet
  facet normal 0.99786 0.0653872 0
    outer loop
      vertex 2.7 77.5 25
      vertex 2.71112 77.3303 32
      vertex 2.71112 77.3303 25
    endloop
  endfacet
  facet normal 0.99786 -0.0653872 0
    outer loop
      vertex 2.7 77.5 32
      vertex 2.71112 77.6697 25
      vertex 2.71112 77.6697 32
    endloop
  endfacet
  facet normal 0.99786 -0.0653872 0
    outer loop
      vertex 2.71112 77.6697 25
      vertex 2.7 77.5 32
      vertex 2.7 77.5 25
    endloop
  endfacet
  facet normal 0.55527 0.83167 -0
    outer loop
      vertex 3.35 76.3742 25
      vertex 3.20861 76.4686 32
      vertex 3.35 76.3742 32
    endloop
  endfacet
  facet normal 0.55527 0.83167 0
    outer loop
      vertex 3.20861 76.4686 32
      vertex 3.35 76.3742 25
      vertex 3.20861 76.4686 25
    endloop
  endfacet
  facet normal 0 0 1
    outer loop
      vertex 5.28888 77.6697 25
      vertex 5.28888 77.3303 25
      vertex 5.3 77.5 25
    endloop
  endfacet
  facet normal 0 0 1
    outer loop
      vertex 5.2557 77.8365 25
      vertex 5.28888 77.3303 25
      vertex 5.28888 77.6697 25
    endloop
  endfacet
  facet normal 0 0 1
    outer loop
      vertex 5.2557 77.8365 25
      vertex 5.2557 77.1635 25
      vertex 5.28888 77.3303 25
    endloop
  endfacet
  facet normal 0 0 1
    outer loop
      vertex 5.20104 77.9975 25
      vertex 5.2557 77.1635 25
      vertex 5.2557 77.8365 25
    endloop
  endfacet
  facet normal 0 0 1
    outer loop
      vertex 5.20104 77.9975 25
      vertex 5.20104 77.0025 25
      vertex 5.2557 77.1635 25
    endloop
  endfacet
  facet normal 0 0 1
    outer loop
      vertex 5.12583 78.15 25
      vertex 5.20104 77.0025 25
      vertex 5.20104 77.9975 25
    endloop
  endfacet
  facet normal 0 0 1
    outer loop
      vertex 5.12583 78.15 25
      vertex 5.12583 76.85 25
      vertex 5.20104 77.0025 25
    endloop
  endfacet
  facet normal 0 0 1
    outer loop
      vertex 5.03136 78.2914 25
      vertex 5.12583 76.85 25
      vertex 5.12583 78.15 25
    endloop
  endfacet
  facet normal 0 0 1
    outer loop
      vertex 5.03136 78.2914 25
      vertex 5.03136 76.7086 25
      vertex 5.12583 76.85 25
    endloop
  endfacet
  facet normal 0 0 1
    outer loop
      vertex 4.91924 78.4192 25
      vertex 5.03136 76.7086 25
      vertex 5.03136 78.2914 25
    endloop
  endfacet
  facet normal 0 0 1
    outer loop
      vertex 4.91924 78.4192 25
      vertex 4.91924 76.5808 25
      vertex 5.03136 76.7086 25
    endloop
  endfacet
  facet normal 0 0 1
    outer loop
      vertex 4.79139 78.5314 25
      vertex 4.91924 76.5808 25
      vertex 4.91924 78.4192 25
    endloop
  endfacet
  facet normal 0 0 1
    outer loop
      vertex 4.79139 78.5314 25
      vertex 4.79139 76.4686 25
      vertex 4.91924 76.5808 25
    endloop
  endfacet
  facet normal 0 0 1
    outer loop
      vertex 4.65 78.6258 25
      vertex 4.79139 76.4686 25
      vertex 4.79139 78.5314 25
    endloop
  endfacet
  facet normal 0 0 1
    outer loop
      vertex 4.65 78.6258 25
      vertex 4.65 76.3742 25
      vertex 4.79139 76.4686 25
    endloop
  endfacet
  facet normal 0 0 1
    outer loop
      vertex 4.49749 78.701 25
      vertex 4.65 76.3742 25
      vertex 4.65 78.6258 25
    endloop
  endfacet
  facet normal 0 0 1
    outer loop
      vertex 4.49749 78.701 25
      vertex 4.49749 76.299 25
      vertex 4.65 76.3742 25
    endloop
  endfacet
  facet normal 0 0 1
    outer loop
      vertex 4.33646 78.7557 25
      vertex 4.49749 76.299 25
      vertex 4.49749 78.701 25
    endloop
  endfacet
  facet normal 0 0 1
    outer loop
      vertex 4.33646 78.7557 25
      vertex 4.33646 76.2443 25
      vertex 4.49749 76.299 25
    endloop
  endfacet
  facet normal 0 0 1
    outer loop
      vertex 4.16968 78.7889 25
      vertex 4.33646 76.2443 25
      vertex 4.33646 78.7557 25
    endloop
  endfacet
  facet normal 0 0 1
    outer loop
      vertex 4.16968 78.7889 25
      vertex 4.16968 76.2111 25
      vertex 4.33646 76.2443 25
    endloop
  endfacet
  facet normal 0 0 1
    outer loop
      vertex 4 78.8 25
      vertex 4.16968 76.2111 25
      vertex 4.16968 78.7889 25
    endloop
  endfacet
  facet normal 0 0 1
    outer loop
      vertex 4 78.8 25
      vertex 4 76.2 25
      vertex 4.16968 76.2111 25
    endloop
  endfacet
  facet normal -0 0 1
    outer loop
      vertex 3.83032 78.7889 25
      vertex 4 76.2 25
      vertex 4 78.8 25
    endloop
  endfacet
  facet normal 0 0 1
    outer loop
      vertex 3.83032 78.7889 25
      vertex 3.83032 76.2111 25
      vertex 4 76.2 25
    endloop
  endfacet
  facet normal -0 0 1
    outer loop
      vertex 3.66354 78.7557 25
      vertex 3.83032 76.2111 25
      vertex 3.83032 78.7889 25
    endloop
  endfacet
  facet normal 0 0 1
    outer loop
      vertex 3.66354 78.7557 25
      vertex 3.66354 76.2443 25
      vertex 3.83032 76.2111 25
    endloop
  endfacet
  facet normal -0 0 1
    outer loop
      vertex 3.50251 78.701 25
      vertex 3.66354 76.2443 25
      vertex 3.66354 78.7557 25
    endloop
  endfacet
  facet normal 0 0 1
    outer loop
      vertex 3.50251 78.701 25
      vertex 3.50251 76.299 25
      vertex 3.66354 76.2443 25
    endloop
  endfacet
  facet normal -0 0 1
    outer loop
      vertex 3.35 78.6258 25
      vertex 3.50251 76.299 25
      vertex 3.50251 78.701 25
    endloop
  endfacet
  facet normal 0 0 1
    outer loop
      vertex 3.35 78.6258 25
      vertex 3.35 76.3742 25
      vertex 3.50251 76.299 25
    endloop
  endfacet
  facet normal -0 0 1
    outer loop
      vertex 3.20861 78.5314 25
      vertex 3.35 76.3742 25
      vertex 3.35 78.6258 25
    endloop
  endfacet
  facet normal 0 0 1
    outer loop
      vertex 3.20861 78.5314 25
      vertex 3.20861 76.4686 25
      vertex 3.35 76.3742 25
    endloop
  endfacet
  facet normal -0 0 1
    outer loop
      vertex 3.08076 78.4192 25
      vertex 3.20861 76.4686 25
      vertex 3.20861 78.5314 25
    endloop
  endfacet
  facet normal 0 0 1
    outer loop
      vertex 3.08076 78.4192 25
      vertex 3.08076 76.5808 25
      vertex 3.20861 76.4686 25
    endloop
  endfacet
  facet normal -0 0 1
    outer loop
      vertex 2.96864 78.2914 25
      vertex 3.08076 76.5808 25
      vertex 3.08076 78.4192 25
    endloop
  endfacet
  facet normal 0 0 1
    outer loop
      vertex 2.96864 78.2914 25
      vertex 2.96864 76.7086 25
      vertex 3.08076 76.5808 25
    endloop
  endfacet
  facet normal -0 0 1
    outer loop
      vertex 2.87417 78.15 25
      vertex 2.96864 76.7086 25
      vertex 2.96864 78.2914 25
    endloop
  endfacet
  facet normal 0 0 1
    outer loop
      vertex 2.87417 78.15 25
      vertex 2.87417 76.85 25
      vertex 2.96864 76.7086 25
    endloop
  endfacet
  facet normal -0 0 1
    outer loop
      vertex 2.79896 77.9975 25
      vertex 2.87417 76.85 25
      vertex 2.87417 78.15 25
    endloop
  endfacet
  facet normal 0 0 1
    outer loop
      vertex 2.79896 77.9975 25
      vertex 2.79896 77.0025 25
      vertex 2.87417 76.85 25
    endloop
  endfacet
  facet normal -0 0 1
    outer loop
      vertex 2.7443 77.8365 25
      vertex 2.79896 77.0025 25
      vertex 2.79896 77.9975 25
    endloop
  endfacet
  facet normal 0 0 1
    outer loop
      vertex 2.7443 77.8365 25
      vertex 2.7443 77.1635 25
      vertex 2.79896 77.0025 25
    endloop
  endfacet
  facet normal -0 0 1
    outer loop
      vertex 2.71112 77.6697 25
      vertex 2.7443 77.1635 25
      vertex 2.7443 77.8365 25
    endloop
  endfacet
  facet normal 0 0 1
    outer loop
      vertex 2.71112 77.6697 25
      vertex 2.71112 77.3303 25
      vertex 2.7443 77.1635 25
    endloop
  endfacet
  facet normal 0 -0 1
    outer loop
      vertex 2.71112 77.3303 25
      vertex 2.71112 77.6697 25
      vertex 2.7 77.5 25
    endloop
  endfacet
  facet normal 0.0652777 0.997867 -0
    outer loop
      vertex 4 76.2 25
      vertex 3.83032 76.2111 32
      vertex 4 76.2 32
    endloop
  endfacet
  facet normal 0.0652777 0.997867 0
    outer loop
      vertex 3.83032 76.2111 32
      vertex 4 76.2 25
      vertex 3.83032 76.2111 25
    endloop
  endfacet
  facet normal 0.195234 0.980757 -0
    outer loop
      vertex 3.83032 76.2111 25
      vertex 3.66354 76.2443 32
      vertex 3.83032 76.2111 32
    endloop
  endfacet
  facet normal 0.195234 0.980757 0
    outer loop
      vertex 3.66354 76.2443 32
      vertex 3.83032 76.2111 25
      vertex 3.66354 76.2443 25
    endloop
  endfacet
  facet normal -0.659607 0.751611 0
    outer loop
      vertex 4.91924 76.5808 25
      vertex 4.79139 76.4686 32
      vertex 4.91924 76.5808 32
    endloop
  endfacet
  facet normal -0.659607 0.751611 0
    outer loop
      vertex 4.79139 76.4686 32
      vertex 4.91924 76.5808 25
      vertex 4.79139 76.4686 25
    endloop
  endfacet
  facet normal 0.89735 0.44132 0
    outer loop
      vertex 250.874 76.85 32
      vertex 250.799 77.0025 25
      vertex 250.799 77.0025 32
    endloop
  endfacet
  facet normal 0.89735 0.44132 0
    outer loop
      vertex 250.799 77.0025 25
      vertex 250.874 76.85 32
      vertex 250.874 76.85 25
    endloop
  endfacet
  facet normal -0.321692 0.946844 0
    outer loop
      vertex 252.497 76.299 25
      vertex 252.336 76.2443 32
      vertex 252.497 76.299 32
    endloop
  endfacet
  facet normal -0.321692 0.946844 0
    outer loop
      vertex 252.336 76.2443 32
      vertex 252.497 76.299 25
      vertex 252.336 76.2443 25
    endloop
  endfacet
  facet normal -0.980986 -0.19408 0
    outer loop
      vertex 253.289 77.6697 25
      vertex 253.256 77.8365 32
      vertex 253.256 77.8365 25
    endloop
  endfacet
  facet normal -0.980986 -0.19408 0
    outer loop
      vertex 253.256 77.8365 32
      vertex 253.289 77.6697 25
      vertex 253.289 77.6697 32
    endloop
  endfacet
  facet normal -0.997906 -0.0646845 0
    outer loop
      vertex 253.3 77.5 25
      vertex 253.289 77.6697 32
      vertex 253.289 77.6697 25
    endloop
  endfacet
  facet normal -0.997906 -0.0646845 0
    outer loop
      vertex 253.289 77.6697 32
      vertex 253.3 77.5 25
      vertex 253.3 77.5 32
    endloop
  endfacet
  facet normal -0.946306 -0.323272 0
    outer loop
      vertex 253.256 77.8365 25
      vertex 253.201 77.9975 32
      vertex 253.201 77.9975 25
    endloop
  endfacet
  facet normal -0.946306 -0.323272 0
    outer loop
      vertex 253.201 77.9975 32
      vertex 253.256 77.8365 25
      vertex 253.256 77.8365 32
    endloop
  endfacet
  facet normal -0.321692 -0.946844 0
    outer loop
      vertex 252.336 78.7557 25
      vertex 252.497 78.701 32
      vertex 252.336 78.7557 32
    endloop
  endfacet
  facet normal -0.321692 -0.946844 -0
    outer loop
      vertex 252.497 78.701 32
      vertex 252.336 78.7557 25
      vertex 252.497 78.701 25
    endloop
  endfacet
  facet normal 0.89735 -0.44132 0
    outer loop
      vertex 250.799 77.9975 32
      vertex 250.874 78.15 25
      vertex 250.874 78.15 32
    endloop
  endfacet
  facet normal 0.89735 -0.44132 0
    outer loop
      vertex 250.874 78.15 25
      vertex 250.799 77.9975 32
      vertex 250.799 77.9975 25
    endloop
  endfacet
  facet normal 0.752066 0.659088 0
    outer loop
      vertex 251.081 76.5808 32
      vertex 250.969 76.7086 25
      vertex 250.969 76.7086 32
    endloop
  endfacet
  facet normal 0.752066 0.659088 0
    outer loop
      vertex 250.969 76.7086 25
      vertex 251.081 76.5808 32
      vertex 251.081 76.5808 25
    endloop
  endfacet
  facet normal -0.830058 -0.557677 0
    outer loop
      vertex 253.126 78.15 25
      vertex 253.031 78.2914 32
      vertex 253.031 78.2914 25
    endloop
  endfacet
  facet normal -0.830058 -0.557677 0
    outer loop
      vertex 253.031 78.2914 32
      vertex 253.126 78.15 25
      vertex 253.126 78.15 32
    endloop
  endfacet
  facet normal -0.89735 -0.44132 0
    outer loop
      vertex 253.201 77.9975 25
      vertex 253.126 78.15 32
      vertex 253.126 78.15 25
    endloop
  endfacet
  facet normal -0.89735 -0.44132 0
    outer loop
      vertex 253.126 78.15 32
      vertex 253.201 77.9975 25
      vertex 253.201 77.9975 32
    endloop
  endfacet
  facet normal 0.65917 0.751994 -0
    outer loop
      vertex 251.209 76.4686 25
      vertex 251.081 76.5808 32
      vertex 251.209 76.4686 32
    endloop
  endfacet
  facet normal 0.65917 0.751994 0
    outer loop
      vertex 251.081 76.5808 32
      vertex 251.209 76.4686 25
      vertex 251.081 76.5808 25
    endloop
  endfacet
  facet normal 0.752066 -0.659088 0
    outer loop
      vertex 250.969 78.2914 32
      vertex 251.081 78.4192 25
      vertex 251.081 78.4192 32
    endloop
  endfacet
  facet normal 0.752066 -0.659088 0
    outer loop
      vertex 251.081 78.4192 25
      vertex 250.969 78.2914 32
      vertex 250.969 78.2914 25
    endloop
  endfacet
  facet normal -0.946306 0.323272 0
    outer loop
      vertex 253.201 77.0025 25
      vertex 253.256 77.1635 32
      vertex 253.256 77.1635 25
    endloop
  endfacet
  facet normal -0.946306 0.323272 0
    outer loop
      vertex 253.256 77.1635 32
      vertex 253.201 77.0025 25
      vertex 253.201 77.0025 32
    endloop
  endfacet
  facet normal 0.830058 -0.557677 0
    outer loop
      vertex 250.874 78.15 32
      vertex 250.969 78.2914 25
      vertex 250.969 78.2914 32
    endloop
  endfacet
  facet normal 0.830058 -0.557677 0
    outer loop
      vertex 250.969 78.2914 25
      vertex 250.874 78.15 32
      vertex 250.874 78.15 25
    endloop
  endfacet
  facet normal 0.196116 -0.980581 0
    outer loop
      vertex 251.664 78.7557 25
      vertex 251.83 78.7889 32
      vertex 251.664 78.7557 32
    endloop
  endfacet
  facet normal 0.196116 -0.980581 0
    outer loop
      vertex 251.83 78.7889 32
      vertex 251.664 78.7557 25
      vertex 251.83 78.7889 25
    endloop
  endfacet
  facet normal -0.441103 0.897457 0
    outer loop
      vertex 252.65 76.3742 25
      vertex 252.497 76.299 32
      vertex 252.65 76.3742 32
    endloop
  endfacet
  facet normal -0.441103 0.897457 0
    outer loop
      vertex 252.497 76.299 32
      vertex 252.65 76.3742 25
      vertex 252.497 76.299 25
    endloop
  endfacet
  facet normal 0.946306 -0.323272 0
    outer loop
      vertex 250.744 77.8365 32
      vertex 250.799 77.9975 25
      vertex 250.799 77.9975 32
    endloop
  endfacet
  facet normal 0.946306 -0.323272 0
    outer loop
      vertex 250.799 77.9975 25
      vertex 250.744 77.8365 32
      vertex 250.744 77.8365 25
    endloop
  endfacet
  facet normal 0.441103 -0.897457 0
    outer loop
      vertex 251.35 78.6258 25
      vertex 251.503 78.701 32
      vertex 251.35 78.6258 32
    endloop
  endfacet
  facet normal 0.441103 -0.897457 0
    outer loop
      vertex 251.503 78.701 32
      vertex 251.35 78.6258 25
      vertex 251.503 78.701 25
    endloop
  endfacet
  facet normal 0.321692 0.946844 -0
    outer loop
      vertex 251.664 76.2443 25
      vertex 251.503 76.299 32
      vertex 251.664 76.2443 32
    endloop
  endfacet
  facet normal 0.321692 0.946844 0
    outer loop
      vertex 251.503 76.299 32
      vertex 251.664 76.2443 25
      vertex 251.503 76.299 25
    endloop
  endfacet
  facet normal -0.830058 0.557677 0
    outer loop
      vertex 253.031 76.7086 25
      vertex 253.126 76.85 32
      vertex 253.126 76.85 25
    endloop
  endfacet
  facet normal -0.830058 0.557677 0
    outer loop
      vertex 253.126 76.85 32
      vertex 253.031 76.7086 25
      vertex 253.031 76.7086 32
    endloop
  endfacet
  facet normal -0.196116 0.980581 0
    outer loop
      vertex 252.336 76.2443 25
      vertex 252.17 76.2111 32
      vertex 252.336 76.2443 32
    endloop
  endfacet
  facet normal -0.196116 0.980581 0
    outer loop
      vertex 252.17 76.2111 32
      vertex 252.336 76.2443 25
      vertex 252.17 76.2111 25
    endloop
  endfacet
  facet normal -0.0651554 -0.997875 0
    outer loop
      vertex 252 78.8 25
      vertex 252.17 78.7889 32
      vertex 252 78.8 32
    endloop
  endfacet
  facet normal -0.0651554 -0.997875 -0
    outer loop
      vertex 252.17 78.7889 32
      vertex 252 78.8 25
      vertex 252.17 78.7889 25
    endloop
  endfacet
  facet normal -0.980986 0.19408 0
    outer loop
      vertex 253.256 77.1635 25
      vertex 253.289 77.3303 32
      vertex 253.289 77.3303 25
    endloop
  endfacet
  facet normal -0.980986 0.19408 0
    outer loop
      vertex 253.289 77.3303 32
      vertex 253.256 77.1635 25
      vertex 253.256 77.1635 32
    endloop
  endfacet
  facet normal -0.556331 0.830961 0
    outer loop
      vertex 252.791 76.4686 25
      vertex 252.65 76.3742 32
      vertex 252.791 76.4686 32
    endloop
  endfacet
  facet normal -0.556331 0.830961 0
    outer loop
      vertex 252.65 76.3742 32
      vertex 252.791 76.4686 25
      vertex 252.65 76.3742 25
    endloop
  endfacet
  facet normal -0.556331 -0.830961 0
    outer loop
      vertex 252.65 78.6258 25
      vertex 252.791 78.5314 32
      vertex 252.65 78.6258 32
    endloop
  endfacet
  facet normal -0.556331 -0.830961 -0
    outer loop
      vertex 252.791 78.5314 32
      vertex 252.65 78.6258 25
      vertex 252.791 78.5314 25
    endloop
  endfacet
  facet normal -0.89735 0.44132 0
    outer loop
      vertex 253.126 76.85 25
      vertex 253.201 77.0025 32
      vertex 253.201 77.0025 25
    endloop
  endfacet
  facet normal -0.89735 0.44132 0
    outer loop
      vertex 253.201 77.0025 32
      vertex 253.126 76.85 25
      vertex 253.126 76.85 32
    endloop
  endfacet
  facet normal 0.556331 -0.830961 0
    outer loop
      vertex 251.209 78.5314 25
      vertex 251.35 78.6258 32
      vertex 251.209 78.5314 32
    endloop
  endfacet
  facet normal 0.556331 -0.830961 0
    outer loop
      vertex 251.35 78.6258 32
      vertex 251.209 78.5314 25
      vertex 251.35 78.6258 25
    endloop
  endfacet
  facet normal -0.752066 0.659088 0
    outer loop
      vertex 252.919 76.5808 25
      vertex 253.031 76.7086 32
      vertex 253.031 76.7086 25
    endloop
  endfacet
  facet normal -0.752066 0.659088 0
    outer loop
      vertex 253.031 76.7086 32
      vertex 252.919 76.5808 25
      vertex 252.919 76.5808 32
    endloop
  endfacet
  facet normal -0.196116 -0.980581 0
    outer loop
      vertex 252.17 78.7889 25
      vertex 252.336 78.7557 32
      vertex 252.17 78.7889 32
    endloop
  endfacet
  facet normal -0.196116 -0.980581 -0
    outer loop
      vertex 252.336 78.7557 32
      vertex 252.17 78.7889 25
      vertex 252.336 78.7557 25
    endloop
  endfacet
  facet normal 0.65917 -0.751994 0
    outer loop
      vertex 251.081 78.4192 25
      vertex 251.209 78.5314 32
      vertex 251.081 78.4192 32
    endloop
  endfacet
  facet normal 0.65917 -0.751994 0
    outer loop
      vertex 251.209 78.5314 32
      vertex 251.081 78.4192 25
      vertex 251.209 78.5314 25
    endloop
  endfacet
  facet normal 0.321692 -0.946844 0
    outer loop
      vertex 251.503 78.701 25
      vertex 251.664 78.7557 32
      vertex 251.503 78.701 32
    endloop
  endfacet
  facet normal 0.321692 -0.946844 0
    outer loop
      vertex 251.664 78.7557 32
      vertex 251.503 78.701 25
      vertex 251.664 78.7557 25
    endloop
  endfacet
  facet normal -0.997906 0.0646845 0
    outer loop
      vertex 253.289 77.3303 25
      vertex 253.3 77.5 32
      vertex 253.3 77.5 25
    endloop
  endfacet
  facet normal -0.997906 0.0646845 0
    outer loop
      vertex 253.3 77.5 32
      vertex 253.289 77.3303 25
      vertex 253.289 77.3303 32
    endloop
  endfacet
  facet normal 0.980986 0.19408 0
    outer loop
      vertex 250.744 77.1635 32
      vertex 250.711 77.3303 25
      vertex 250.711 77.3303 32
    endloop
  endfacet
  facet normal 0.980986 0.19408 0
    outer loop
      vertex 250.711 77.3303 25
      vertex 250.744 77.1635 32
      vertex 250.744 77.1635 25
    endloop
  endfacet
  facet normal -0.65917 -0.751994 0
    outer loop
      vertex 252.791 78.5314 25
      vertex 252.919 78.4192 32
      vertex 252.791 78.5314 32
    endloop
  endfacet
  facet normal -0.65917 -0.751994 -0
    outer loop
      vertex 252.919 78.4192 32
      vertex 252.791 78.5314 25
      vertex 252.919 78.4192 25
    endloop
  endfacet
  facet normal -0.0651554 0.997875 0
    outer loop
      vertex 252.17 76.2111 25
      vertex 252 76.2 32
      vertex 252.17 76.2111 32
    endloop
  endfacet
  facet normal -0.0651554 0.997875 0
    outer loop
      vertex 252 76.2 32
      vertex 252.17 76.2111 25
      vertex 252 76.2 25
    endloop
  endfacet
  facet normal 0.441103 0.897457 -0
    outer loop
      vertex 251.503 76.299 25
      vertex 251.35 76.3742 32
      vertex 251.503 76.299 32
    endloop
  endfacet
  facet normal 0.441103 0.897457 0
    outer loop
      vertex 251.35 76.3742 32
      vertex 251.503 76.299 25
      vertex 251.35 76.3742 25
    endloop
  endfacet
  facet normal 0.830058 0.557677 0
    outer loop
      vertex 250.969 76.7086 32
      vertex 250.874 76.85 25
      vertex 250.874 76.85 32
    endloop
  endfacet
  facet normal 0.830058 0.557677 0
    outer loop
      vertex 250.874 76.85 25
      vertex 250.969 76.7086 32
      vertex 250.969 76.7086 25
    endloop
  endfacet
  facet normal -0.752066 -0.659088 0
    outer loop
      vertex 253.031 78.2914 25
      vertex 252.919 78.4192 32
      vertex 252.919 78.4192 25
    endloop
  endfacet
  facet normal -0.752066 -0.659088 0
    outer loop
      vertex 252.919 78.4192 32
      vertex 253.031 78.2914 25
      vertex 253.031 78.2914 32
    endloop
  endfacet
  facet normal 0.0651554 -0.997875 0
    outer loop
      vertex 251.83 78.7889 25
      vertex 252 78.8 32
      vertex 251.83 78.7889 32
    endloop
  endfacet
  facet normal 0.0651554 -0.997875 0
    outer loop
      vertex 252 78.8 32
      vertex 251.83 78.7889 25
      vertex 252 78.8 25
    endloop
  endfacet
  facet normal -0.441103 -0.897457 0
    outer loop
      vertex 252.497 78.701 25
      vertex 252.65 78.6258 32
      vertex 252.497 78.701 32
    endloop
  endfacet
  facet normal -0.441103 -0.897457 -0
    outer loop
      vertex 252.65 78.6258 32
      vertex 252.497 78.701 25
      vertex 252.65 78.6258 25
    endloop
  endfacet
  facet normal 0.980986 -0.19408 0
    outer loop
      vertex 250.711 77.6697 32
      vertex 250.744 77.8365 25
      vertex 250.744 77.8365 32
    endloop
  endfacet
  facet normal 0.980986 -0.19408 0
    outer loop
      vertex 250.744 77.8365 25
      vertex 250.711 77.6697 32
      vertex 250.711 77.6697 25
    endloop
  endfacet
  facet normal 0.946306 0.323272 0
    outer loop
      vertex 250.799 77.0025 32
      vertex 250.744 77.1635 25
      vertex 250.744 77.1635 32
    endloop
  endfacet
  facet normal 0.946306 0.323272 0
    outer loop
      vertex 250.744 77.1635 25
      vertex 250.799 77.0025 32
      vertex 250.799 77.0025 25
    endloop
  endfacet
  facet normal 0.997906 0.0646845 0
    outer loop
      vertex 250.711 77.3303 32
      vertex 250.7 77.5 25
      vertex 250.7 77.5 32
    endloop
  endfacet
  facet normal 0.997906 0.0646845 0
    outer loop
      vertex 250.7 77.5 25
      vertex 250.711 77.3303 32
      vertex 250.711 77.3303 25
    endloop
  endfacet
  facet normal 0.997906 -0.0646845 0
    outer loop
      vertex 250.7 77.5 32
      vertex 250.711 77.6697 25
      vertex 250.711 77.6697 32
    endloop
  endfacet
  facet normal 0.997906 -0.0646845 0
    outer loop
      vertex 250.711 77.6697 25
      vertex 250.7 77.5 32
      vertex 250.7 77.5 25
    endloop
  endfacet
  facet normal 0.556331 0.830961 -0
    outer loop
      vertex 251.35 76.3742 25
      vertex 251.209 76.4686 32
      vertex 251.35 76.3742 32
    endloop
  endfacet
  facet normal 0.556331 0.830961 0
    outer loop
      vertex 251.209 76.4686 32
      vertex 251.35 76.3742 25
      vertex 251.209 76.4686 25
    endloop
  endfacet
  facet normal 0 0 1
    outer loop
      vertex 253.289 77.6697 25
      vertex 253.289 77.3303 25
      vertex 253.3 77.5 25
    endloop
  endfacet
  facet normal 0 0 1
    outer loop
      vertex 253.256 77.8365 25
      vertex 253.289 77.3303 25
      vertex 253.289 77.6697 25
    endloop
  endfacet
  facet normal 0 0 1
    outer loop
      vertex 253.256 77.8365 25
      vertex 253.256 77.1635 25
      vertex 253.289 77.3303 25
    endloop
  endfacet
  facet normal 0 0 1
    outer loop
      vertex 253.201 77.9975 25
      vertex 253.256 77.1635 25
      vertex 253.256 77.8365 25
    endloop
  endfacet
  facet normal 0 0 1
    outer loop
      vertex 253.201 77.9975 25
      vertex 253.201 77.0025 25
      vertex 253.256 77.1635 25
    endloop
  endfacet
  facet normal 0 0 1
    outer loop
      vertex 253.126 78.15 25
      vertex 253.201 77.0025 25
      vertex 253.201 77.9975 25
    endloop
  endfacet
  facet normal 0 0 1
    outer loop
      vertex 253.126 78.15 25
      vertex 253.126 76.85 25
      vertex 253.201 77.0025 25
    endloop
  endfacet
  facet normal 0 0 1
    outer loop
      vertex 253.031 78.2914 25
      vertex 253.126 76.85 25
      vertex 253.126 78.15 25
    endloop
  endfacet
  facet normal 0 0 1
    outer loop
      vertex 253.031 78.2914 25
      vertex 253.031 76.7086 25
      vertex 253.126 76.85 25
    endloop
  endfacet
  facet normal 0 0 1
    outer loop
      vertex 252.919 78.4192 25
      vertex 253.031 76.7086 25
      vertex 253.031 78.2914 25
    endloop
  endfacet
  facet normal 0 0 1
    outer loop
      vertex 252.919 78.4192 25
      vertex 252.919 76.5808 25
      vertex 253.031 76.7086 25
    endloop
  endfacet
  facet normal 0 0 1
    outer loop
      vertex 252.791 78.5314 25
      vertex 252.919 76.5808 25
      vertex 252.919 78.4192 25
    endloop
  endfacet
  facet normal 0 0 1
    outer loop
      vertex 252.791 78.5314 25
      vertex 252.791 76.4686 25
      vertex 252.919 76.5808 25
    endloop
  endfacet
  facet normal 0 0 1
    outer loop
      vertex 252.65 78.6258 25
      vertex 252.791 76.4686 25
      vertex 252.791 78.5314 25
    endloop
  endfacet
  facet normal 0 0 1
    outer loop
      vertex 252.65 78.6258 25
      vertex 252.65 76.3742 25
      vertex 252.791 76.4686 25
    endloop
  endfacet
  facet normal 0 0 1
    outer loop
      vertex 252.497 78.701 25
      vertex 252.65 76.3742 25
      vertex 252.65 78.6258 25
    endloop
  endfacet
  facet normal 0 0 1
    outer loop
      vertex 252.497 78.701 25
      vertex 252.497 76.299 25
      vertex 252.65 76.3742 25
    endloop
  endfacet
  facet normal 0 0 1
    outer loop
      vertex 252.336 78.7557 25
      vertex 252.497 76.299 25
      vertex 252.497 78.701 25
    endloop
  endfacet
  facet normal 0 0 1
    outer loop
      vertex 252.336 78.7557 25
      vertex 252.336 76.2443 25
      vertex 252.497 76.299 25
    endloop
  endfacet
  facet normal 0 0 1
    outer loop
      vertex 252.17 78.7889 25
      vertex 252.336 76.2443 25
      vertex 252.336 78.7557 25
    endloop
  endfacet
  facet normal 0 0 1
    outer loop
      vertex 252.17 78.7889 25
      vertex 252.17 76.2111 25
      vertex 252.336 76.2443 25
    endloop
  endfacet
  facet normal 0 0 1
    outer loop
      vertex 252 78.8 25
      vertex 252.17 76.2111 25
      vertex 252.17 78.7889 25
    endloop
  endfacet
  facet normal 0 0 1
    outer loop
      vertex 252 78.8 25
      vertex 252 76.2 25
      vertex 252.17 76.2111 25
    endloop
  endfacet
  facet normal -0 0 1
    outer loop
      vertex 251.83 78.7889 25
      vertex 252 76.2 25
      vertex 252 78.8 25
    endloop
  endfacet
  facet normal 0 0 1
    outer loop
      vertex 251.83 78.7889 25
      vertex 251.83 76.2111 25
      vertex 252 76.2 25
    endloop
  endfacet
  facet normal -0 0 1
    outer loop
      vertex 251.664 78.7557 25
      vertex 251.83 76.2111 25
      vertex 251.83 78.7889 25
    endloop
  endfacet
  facet normal 0 0 1
    outer loop
      vertex 251.664 78.7557 25
      vertex 251.664 76.2443 25
      vertex 251.83 76.2111 25
    endloop
  endfacet
  facet normal -0 0 1
    outer loop
      vertex 251.503 78.701 25
      vertex 251.664 76.2443 25
      vertex 251.664 78.7557 25
    endloop
  endfacet
  facet normal 0 0 1
    outer loop
      vertex 251.503 78.701 25
      vertex 251.503 76.299 25
      vertex 251.664 76.2443 25
    endloop
  endfacet
  facet normal -0 0 1
    outer loop
      vertex 251.35 78.6258 25
      vertex 251.503 76.299 25
      vertex 251.503 78.701 25
    endloop
  endfacet
  facet normal 0 0 1
    outer loop
      vertex 251.35 78.6258 25
      vertex 251.35 76.3742 25
      vertex 251.503 76.299 25
    endloop
  endfacet
  facet normal -0 0 1
    outer loop
      vertex 251.209 78.5314 25
      vertex 251.35 76.3742 25
      vertex 251.35 78.6258 25
    endloop
  endfacet
  facet normal 0 0 1
    outer loop
      vertex 251.209 78.5314 25
      vertex 251.209 76.4686 25
      vertex 251.35 76.3742 25
    endloop
  endfacet
  facet normal -0 0 1
    outer loop
      vertex 251.081 78.4192 25
      vertex 251.209 76.4686 25
      vertex 251.209 78.5314 25
    endloop
  endfacet
  facet normal 0 0 1
    outer loop
      vertex 251.081 78.4192 25
      vertex 251.081 76.5808 25
      vertex 251.209 76.4686 25
    endloop
  endfacet
  facet normal -0 0 1
    outer loop
      vertex 250.969 78.2914 25
      vertex 251.081 76.5808 25
      vertex 251.081 78.4192 25
    endloop
  endfacet
  facet normal 0 0 1
    outer loop
      vertex 250.969 78.2914 25
      vertex 250.969 76.7086 25
      vertex 251.081 76.5808 25
    endloop
  endfacet
  facet normal -0 0 1
    outer loop
      vertex 250.874 78.15 25
      vertex 250.969 76.7086 25
      vertex 250.969 78.2914 25
    endloop
  endfacet
  facet normal 0 0 1
    outer loop
      vertex 250.874 78.15 25
      vertex 250.874 76.85 25
      vertex 250.969 76.7086 25
    endloop
  endfacet
  facet normal -0 0 1
    outer loop
      vertex 250.799 77.9975 25
      vertex 250.874 76.85 25
      vertex 250.874 78.15 25
    endloop
  endfacet
  facet normal 0 0 1
    outer loop
      vertex 250.799 77.9975 25
      vertex 250.799 77.0025 25
      vertex 250.874 76.85 25
    endloop
  endfacet
  facet normal -0 0 1
    outer loop
      vertex 250.744 77.8365 25
      vertex 250.799 77.0025 25
      vertex 250.799 77.9975 25
    endloop
  endfacet
  facet normal 0 0 1
    outer loop
      vertex 250.744 77.8365 25
      vertex 250.744 77.1635 25
      vertex 250.799 77.0025 25
    endloop
  endfacet
  facet normal -0 0 1
    outer loop
      vertex 250.711 77.6697 25
      vertex 250.744 77.1635 25
      vertex 250.744 77.8365 25
    endloop
  endfacet
  facet normal 0 0 1
    outer loop
      vertex 250.711 77.6697 25
      vertex 250.711 77.3303 25
      vertex 250.744 77.1635 25
    endloop
  endfacet
  facet normal 0 -0 1
    outer loop
      vertex 250.711 77.3303 25
      vertex 250.711 77.6697 25
      vertex 250.7 77.5 25
    endloop
  endfacet
  facet normal 0.0651554 0.997875 -0
    outer loop
      vertex 252 76.2 25
      vertex 251.83 76.2111 32
      vertex 252 76.2 32
    endloop
  endfacet
  facet normal 0.0651554 0.997875 0
    outer loop
      vertex 251.83 76.2111 32
      vertex 252 76.2 25
      vertex 251.83 76.2111 25
    endloop
  endfacet
  facet normal 0.196116 0.980581 -0
    outer loop
      vertex 251.83 76.2111 25
      vertex 251.664 76.2443 32
      vertex 251.83 76.2111 32
    endloop
  endfacet
  facet normal 0.196116 0.980581 0
    outer loop
      vertex 251.664 76.2443 32
      vertex 251.83 76.2111 25
      vertex 251.664 76.2443 25
    endloop
  endfacet
  facet normal -0.65917 0.751994 0
    outer loop
      vertex 252.919 76.5808 25
      vertex 252.791 76.4686 32
      vertex 252.919 76.5808 32
    endloop
  endfacet
  facet normal -0.65917 0.751994 0
    outer loop
      vertex 252.791 76.4686 32
      vertex 252.919 76.5808 25
      vertex 252.791 76.4686 25
    endloop
  endfacet
  facet normal 0 -0.659607 -0.751611
    outer loop
      vertex 0 7.34139 11.0314
      vertex 10.1 7.46924 10.9192
      vertex 10.1 7.34139 11.0314
    endloop
  endfacet
  facet normal -0 -0.659607 -0.751611
    outer loop
      vertex 10.1 7.46924 10.9192
      vertex 0 7.34139 11.0314
      vertex 0 7.46924 10.9192
    endloop
  endfacet
  facet normal 0 -0.321427 0.946934
    outer loop
      vertex 0 7.04749 8.79896
      vertex 10.1 6.88646 8.7443
      vertex 10.1 7.04749 8.79896
    endloop
  endfacet
  facet normal 0 -0.321427 0.946934
    outer loop
      vertex 10.1 6.88646 8.7443
      vertex 0 7.04749 8.79896
      vertex 0 6.88646 8.7443
    endloop
  endfacet
  facet normal 0 0.321656 -0.946857
    outer loop
      vertex 0 6.05251 11.201
      vertex 10.1 6.21353 11.2557
      vertex 10.1 6.05251 11.201
    endloop
  endfacet
  facet normal 0 0.321656 -0.946857
    outer loop
      vertex 10.1 6.21353 11.2557
      vertex 0 6.05251 11.201
      vertex 0 6.21353 11.2557
    endloop
  endfacet
  facet normal 0 -0.89686 -0.442314
    outer loop
      vertex 0 7.75104 10.4975
      vertex 10.1 7.67583 10.65
      vertex 0 7.67583 10.65
    endloop
  endfacet
  facet normal 0 -0.89686 -0.442314
    outer loop
      vertex 10.1 7.67583 10.65
      vertex 0 7.75104 10.4975
      vertex 10.1 7.75104 10.4975
    endloop
  endfacet
  facet normal 0 -0.442291 0.896872
    outer loop
      vertex 0 7.2 8.87417
      vertex 10.1 7.04749 8.79896
      vertex 10.1 7.2 8.87417
    endloop
  endfacet
  facet normal 0 -0.442291 0.896872
    outer loop
      vertex 10.1 7.04749 8.79896
      vertex 0 7.2 8.87417
      vertex 0 7.04749 8.79896
    endloop
  endfacet
  facet normal 0 -0.555555 0.83148
    outer loop
      vertex 0 7.34139 8.96864
      vertex 10.1 7.2 8.87417
      vertex 10.1 7.34139 8.96864
    endloop
  endfacet
  facet normal 0 -0.555555 0.83148
    outer loop
      vertex 10.1 7.2 8.87417
      vertex 0 7.34139 8.96864
      vertex 0 7.2 8.87417
    endloop
  endfacet
  facet normal 0 -0.0653948 0.997859
    outer loop
      vertex 0 6.71968 8.71112
      vertex 10.1 6.55 8.7
      vertex 10.1 6.71968 8.71112
    endloop
  endfacet
  facet normal 0 -0.0653948 0.997859
    outer loop
      vertex 10.1 6.55 8.7
      vertex 0 6.71968 8.71112
      vertex 0 6.55 8.7
    endloop
  endfacet
  facet normal 0 0.997859 0.0653948
    outer loop
      vertex 10.1 5.26112 9.83032
      vertex 0 5.25 10
      vertex 10.1 5.25 10
    endloop
  endfacet
  facet normal 0 0.997859 0.0653948
    outer loop
      vertex 0 5.25 10
      vertex 10.1 5.26112 9.83032
      vertex 0 5.26112 9.83032
    endloop
  endfacet
  facet normal 0 -0.980784 -0.195098
    outer loop
      vertex 0 7.83888 10.1697
      vertex 10.1 7.8057 10.3365
      vertex 0 7.8057 10.3365
    endloop
  endfacet
  facet normal 0 -0.980784 -0.195098
    outer loop
      vertex 10.1 7.8057 10.3365
      vertex 0 7.83888 10.1697
      vertex 10.1 7.83888 10.1697
    endloop
  endfacet
  facet normal -0 0.19511 0.980781
    outer loop
      vertex 0 6.38032 8.71112
      vertex 10.1 6.21353 8.7443
      vertex 10.1 6.38032 8.71112
    endloop
  endfacet
  facet normal 0 0.19511 0.980781
    outer loop
      vertex 10.1 6.21353 8.7443
      vertex 0 6.38032 8.71112
      vertex 0 6.21353 8.7443
    endloop
  endfacet
  facet normal 0 0.442243 -0.896895
    outer loop
      vertex 0 5.9 11.1258
      vertex 10.1 6.05251 11.201
      vertex 10.1 5.9 11.1258
    endloop
  endfacet
  facet normal 0 0.442243 -0.896895
    outer loop
      vertex 10.1 6.05251 11.201
      vertex 0 5.9 11.1258
      vertex 0 6.05251 11.201
    endloop
  endfacet
  facet normal 0 -0.751716 -0.659487
    outer loop
      vertex 0 7.58136 10.7914
      vertex 10.1 7.46924 10.9192
      vertex 0 7.46924 10.9192
    endloop
  endfacet
  facet normal 0 -0.751716 -0.659487
    outer loop
      vertex 10.1 7.46924 10.9192
      vertex 0 7.58136 10.7914
      vertex 10.1 7.58136 10.7914
    endloop
  endfacet
  facet normal 0 -0.896872 0.442291
    outer loop
      vertex 0 7.67583 9.35
      vertex 10.1 7.75104 9.50251
      vertex 0 7.75104 9.50251
    endloop
  endfacet
  facet normal 0 -0.896872 0.442291
    outer loop
      vertex 10.1 7.75104 9.50251
      vertex 0 7.67583 9.35
      vertex 10.1 7.67583 9.35
    endloop
  endfacet
  facet normal 0 -0.946916 -0.321481
    outer loop
      vertex 0 7.8057 10.3365
      vertex 10.1 7.75104 10.4975
      vertex 0 7.75104 10.4975
    endloop
  endfacet
  facet normal 0 -0.946916 -0.321481
    outer loop
      vertex 10.1 7.75104 10.4975
      vertex 0 7.8057 10.3365
      vertex 10.1 7.8057 10.3365
    endloop
  endfacet
  facet normal -0 0.555555 0.83148
    outer loop
      vertex 0 5.9 8.87417
      vertex 10.1 5.75861 8.96864
      vertex 10.1 5.9 8.87417
    endloop
  endfacet
  facet normal 0 0.555555 0.83148
    outer loop
      vertex 10.1 5.75861 8.96864
      vertex 0 5.9 8.87417
      vertex 0 5.75861 8.96864
    endloop
  endfacet
  facet normal 0 -0.195234 -0.980757
    outer loop
      vertex 0 6.71968 11.2889
      vertex 10.1 6.88646 11.2557
      vertex 10.1 6.71968 11.2889
    endloop
  endfacet
  facet normal -0 -0.195234 -0.980757
    outer loop
      vertex 10.1 6.88646 11.2557
      vertex 0 6.71968 11.2889
      vertex 0 6.88646 11.2557
    endloop
  endfacet
  facet normal -0 0.321445 0.946928
    outer loop
      vertex 0 6.21353 8.7443
      vertex 10.1 6.05251 8.79896
      vertex 10.1 6.21353 8.7443
    endloop
  endfacet
  facet normal 0 0.321445 0.946928
    outer loop
      vertex 10.1 6.05251 8.79896
      vertex 0 6.21353 8.7443
      vertex 0 6.05251 8.79896
    endloop
  endfacet
  facet normal 0 -0.0652777 -0.997867
    outer loop
      vertex 0 6.55 11.3
      vertex 10.1 6.71968 11.2889
      vertex 10.1 6.55 11.3
    endloop
  endfacet
  facet normal -0 -0.0652777 -0.997867
    outer loop
      vertex 10.1 6.71968 11.2889
      vertex 0 6.55 11.3
      vertex 0 6.71968 11.2889
    endloop
  endfacet
  facet normal 0 0.980784 -0.195098
    outer loop
      vertex 10.1 5.26112 10.1697
      vertex 0 5.2943 10.3365
      vertex 10.1 5.2943 10.3365
    endloop
  endfacet
  facet normal 0 0.980784 -0.195098
    outer loop
      vertex 0 5.2943 10.3365
      vertex 10.1 5.26112 10.1697
      vertex 0 5.26112 10.1697
    endloop
  endfacet
  facet normal 0 -0.980779 0.195121
    outer loop
      vertex 0 7.8057 9.66354
      vertex 10.1 7.83888 9.83032
      vertex 0 7.83888 9.83032
    endloop
  endfacet
  facet normal 0 -0.980779 0.195121
    outer loop
      vertex 10.1 7.83888 9.83032
      vertex 0 7.8057 9.66354
      vertex 10.1 7.8057 9.66354
    endloop
  endfacet
  facet normal 0 -0.83148 0.555555
    outer loop
      vertex 0 7.58136 9.20861
      vertex 10.1 7.67583 9.35
      vertex 0 7.67583 9.35
    endloop
  endfacet
  facet normal 0 -0.83148 0.555555
    outer loop
      vertex 10.1 7.67583 9.35
      vertex 0 7.58136 9.20861
      vertex 10.1 7.58136 9.20861
    endloop
  endfacet
  facet normal -0 0.659341 0.751844
    outer loop
      vertex 0 5.75861 8.96864
      vertex 10.1 5.63076 9.08076
      vertex 10.1 5.75861 8.96864
    endloop
  endfacet
  facet normal 0 0.659341 0.751844
    outer loop
      vertex 10.1 5.63076 9.08076
      vertex 0 5.75861 8.96864
      vertex 0 5.63076 9.08076
    endloop
  endfacet
  facet normal 0 0.946934 0.321427
    outer loop
      vertex 10.1 5.34896 9.50251
      vertex 0 5.2943 9.66354
      vertex 10.1 5.2943 9.66354
    endloop
  endfacet
  facet normal 0 0.946934 0.321427
    outer loop
      vertex 0 5.2943 9.66354
      vertex 10.1 5.34896 9.50251
      vertex 0 5.34896 9.50251
    endloop
  endfacet
  facet normal -0 0.442291 0.896872
    outer loop
      vertex 0 6.05251 8.79896
      vertex 10.1 5.9 8.87417
      vertex 10.1 6.05251 8.79896
    endloop
  endfacet
  facet normal 0 0.442291 0.896872
    outer loop
      vertex 10.1 5.9 8.87417
      vertex 0 6.05251 8.79896
      vertex 0 5.9 8.87417
    endloop
  endfacet
  facet normal 0 0.946916 -0.321481
    outer loop
      vertex 10.1 5.2943 10.3365
      vertex 0 5.34896 10.4975
      vertex 10.1 5.34896 10.4975
    endloop
  endfacet
  facet normal 0 0.946916 -0.321481
    outer loop
      vertex 0 5.34896 10.4975
      vertex 10.1 5.2943 10.3365
      vertex 0 5.2943 10.3365
    endloop
  endfacet
  facet normal 0 -0.751844 0.659341
    outer loop
      vertex 0 7.46924 9.08076
      vertex 10.1 7.58136 9.20861
      vertex 0 7.58136 9.20861
    endloop
  endfacet
  facet normal 0 -0.751844 0.659341
    outer loop
      vertex 10.1 7.58136 9.20861
      vertex 0 7.46924 9.08076
      vertex 10.1 7.46924 9.08076
    endloop
  endfacet
  facet normal 0 0.751716 -0.659487
    outer loop
      vertex 10.1 5.51864 10.7914
      vertex 0 5.63076 10.9192
      vertex 10.1 5.63076 10.9192
    endloop
  endfacet
  facet normal 0 0.751716 -0.659487
    outer loop
      vertex 0 5.63076 10.9192
      vertex 10.1 5.51864 10.7914
      vertex 0 5.51864 10.7914
    endloop
  endfacet
  facet normal 0 -0.195121 0.980779
    outer loop
      vertex 0 6.88646 8.7443
      vertex 10.1 6.71968 8.71112
      vertex 10.1 6.88646 8.7443
    endloop
  endfacet
  facet normal 0 -0.195121 0.980779
    outer loop
      vertex 10.1 6.71968 8.71112
      vertex 0 6.88646 8.7443
      vertex 0 6.71968 8.71112
    endloop
  endfacet
  facet normal 0 0.896872 0.442291
    outer loop
      vertex 10.1 5.42417 9.35
      vertex 0 5.34896 9.50251
      vertex 10.1 5.34896 9.50251
    endloop
  endfacet
  facet normal 0 0.896872 0.442291
    outer loop
      vertex 0 5.34896 9.50251
      vertex 10.1 5.42417 9.35
      vertex 0 5.42417 9.35
    endloop
  endfacet
  facet normal 0 0.659607 -0.751611
    outer loop
      vertex 0 5.63076 10.9192
      vertex 10.1 5.75861 11.0314
      vertex 10.1 5.63076 10.9192
    endloop
  endfacet
  facet normal 0 0.659607 -0.751611
    outer loop
      vertex 10.1 5.75861 11.0314
      vertex 0 5.63076 10.9192
      vertex 0 5.75861 11.0314
    endloop
  endfacet
  facet normal 0 0.831498 -0.555528
    outer loop
      vertex 10.1 5.42417 10.65
      vertex 0 5.51864 10.7914
      vertex 10.1 5.51864 10.7914
    endloop
  endfacet
  facet normal 0 0.831498 -0.555528
    outer loop
      vertex 0 5.51864 10.7914
      vertex 10.1 5.42417 10.65
      vertex 0 5.42417 10.65
    endloop
  endfacet
  facet normal -1 0 0
    outer loop
      vertex 10.1 7.83888 9.83032
      vertex 10.1 7.83888 10.1697
      vertex 10.1 7.85 10
    endloop
  endfacet
  facet normal -1 0 0
    outer loop
      vertex 10.1 7.8057 9.66354
      vertex 10.1 7.83888 10.1697
      vertex 10.1 7.83888 9.83032
    endloop
  endfacet
  facet normal -1 0 0
    outer loop
      vertex 10.1 7.8057 9.66354
      vertex 10.1 7.8057 10.3365
      vertex 10.1 7.83888 10.1697
    endloop
  endfacet
  facet normal -1 0 0
    outer loop
      vertex 10.1 7.75104 9.50251
      vertex 10.1 7.8057 10.3365
      vertex 10.1 7.8057 9.66354
    endloop
  endfacet
  facet normal -1 0 0
    outer loop
      vertex 10.1 7.75104 9.50251
      vertex 10.1 7.75104 10.4975
      vertex 10.1 7.8057 10.3365
    endloop
  endfacet
  facet normal -1 0 0
    outer loop
      vertex 10.1 7.67583 9.35
      vertex 10.1 7.75104 10.4975
      vertex 10.1 7.75104 9.50251
    endloop
  endfacet
  facet normal -1 0 0
    outer loop
      vertex 10.1 7.67583 9.35
      vertex 10.1 7.67583 10.65
      vertex 10.1 7.75104 10.4975
    endloop
  endfacet
  facet normal -1 0 0
    outer loop
      vertex 10.1 7.58136 9.20861
      vertex 10.1 7.67583 10.65
      vertex 10.1 7.67583 9.35
    endloop
  endfacet
  facet normal -1 0 0
    outer loop
      vertex 10.1 7.58136 9.20861
      vertex 10.1 7.58136 10.7914
      vertex 10.1 7.67583 10.65
    endloop
  endfacet
  facet normal -1 0 0
    outer loop
      vertex 10.1 7.46924 9.08076
      vertex 10.1 7.58136 10.7914
      vertex 10.1 7.58136 9.20861
    endloop
  endfacet
  facet normal -1 0 0
    outer loop
      vertex 10.1 7.46924 9.08076
      vertex 10.1 7.46924 10.9192
      vertex 10.1 7.58136 10.7914
    endloop
  endfacet
  facet normal -1 0 0
    outer loop
      vertex 10.1 7.34139 8.96864
      vertex 10.1 7.46924 10.9192
      vertex 10.1 7.46924 9.08076
    endloop
  endfacet
  facet normal -1 0 0
    outer loop
      vertex 10.1 7.34139 8.96864
      vertex 10.1 7.34139 11.0314
      vertex 10.1 7.46924 10.9192
    endloop
  endfacet
  facet normal -1 0 0
    outer loop
      vertex 10.1 7.2 8.87417
      vertex 10.1 7.34139 11.0314
      vertex 10.1 7.34139 8.96864
    endloop
  endfacet
  facet normal -1 0 0
    outer loop
      vertex 10.1 7.2 8.87417
      vertex 10.1 7.2 11.1258
      vertex 10.1 7.34139 11.0314
    endloop
  endfacet
  facet normal -1 0 0
    outer loop
      vertex 10.1 7.04749 8.79896
      vertex 10.1 7.2 11.1258
      vertex 10.1 7.2 8.87417
    endloop
  endfacet
  facet normal -1 0 0
    outer loop
      vertex 10.1 7.04749 8.79896
      vertex 10.1 7.04749 11.201
      vertex 10.1 7.2 11.1258
    endloop
  endfacet
  facet normal -1 0 0
    outer loop
      vertex 10.1 6.88646 8.7443
      vertex 10.1 7.04749 11.201
      vertex 10.1 7.04749 8.79896
    endloop
  endfacet
  facet normal -1 0 0
    outer loop
      vertex 10.1 6.88646 8.7443
      vertex 10.1 6.88646 11.2557
      vertex 10.1 7.04749 11.201
    endloop
  endfacet
  facet normal -1 0 0
    outer loop
      vertex 10.1 6.71968 8.71112
      vertex 10.1 6.88646 11.2557
      vertex 10.1 6.88646 8.7443
    endloop
  endfacet
  facet normal -1 0 0
    outer loop
      vertex 10.1 6.71968 8.71112
      vertex 10.1 6.71968 11.2889
      vertex 10.1 6.88646 11.2557
    endloop
  endfacet
  facet normal -1 0 0
    outer loop
      vertex 10.1 6.55 8.7
      vertex 10.1 6.71968 11.2889
      vertex 10.1 6.71968 8.71112
    endloop
  endfacet
  facet normal -1 0 0
    outer loop
      vertex 10.1 6.55 8.7
      vertex 10.1 6.55 11.3
      vertex 10.1 6.71968 11.2889
    endloop
  endfacet
  facet normal -1 0 0
    outer loop
      vertex 10.1 6.38032 8.71112
      vertex 10.1 6.55 11.3
      vertex 10.1 6.55 8.7
    endloop
  endfacet
  facet normal -1 0 0
    outer loop
      vertex 10.1 6.38032 8.71112
      vertex 10.1 6.38032 11.2889
      vertex 10.1 6.55 11.3
    endloop
  endfacet
  facet normal -1 0 0
    outer loop
      vertex 10.1 6.21353 8.7443
      vertex 10.1 6.38032 11.2889
      vertex 10.1 6.38032 8.71112
    endloop
  endfacet
  facet normal -1 0 0
    outer loop
      vertex 10.1 6.21353 8.7443
      vertex 10.1 6.21353 11.2557
      vertex 10.1 6.38032 11.2889
    endloop
  endfacet
  facet normal -1 0 0
    outer loop
      vertex 10.1 6.05251 8.79896
      vertex 10.1 6.21353 11.2557
      vertex 10.1 6.21353 8.7443
    endloop
  endfacet
  facet normal -1 0 0
    outer loop
      vertex 10.1 6.05251 8.79896
      vertex 10.1 6.05251 11.201
      vertex 10.1 6.21353 11.2557
    endloop
  endfacet
  facet normal -1 0 0
    outer loop
      vertex 10.1 5.9 8.87417
      vertex 10.1 6.05251 11.201
      vertex 10.1 6.05251 8.79896
    endloop
  endfacet
  facet normal -1 0 0
    outer loop
      vertex 10.1 5.9 8.87417
      vertex 10.1 5.9 11.1258
      vertex 10.1 6.05251 11.201
    endloop
  endfacet
  facet normal -1 0 0
    outer loop
      vertex 10.1 5.75861 8.96864
      vertex 10.1 5.9 11.1258
      vertex 10.1 5.9 8.87417
    endloop
  endfacet
  facet normal -1 0 0
    outer loop
      vertex 10.1 5.75861 8.96864
      vertex 10.1 5.75861 11.0314
      vertex 10.1 5.9 11.1258
    endloop
  endfacet
  facet normal -1 0 0
    outer loop
      vertex 10.1 5.63076 9.08076
      vertex 10.1 5.75861 11.0314
      vertex 10.1 5.75861 8.96864
    endloop
  endfacet
  facet normal -1 0 0
    outer loop
      vertex 10.1 5.63076 9.08076
      vertex 10.1 5.63076 10.9192
      vertex 10.1 5.75861 11.0314
    endloop
  endfacet
  facet normal -1 0 0
    outer loop
      vertex 10.1 5.51864 9.20861
      vertex 10.1 5.63076 10.9192
      vertex 10.1 5.63076 9.08076
    endloop
  endfacet
  facet normal -1 0 0
    outer loop
      vertex 10.1 5.51864 9.20861
      vertex 10.1 5.51864 10.7914
      vertex 10.1 5.63076 10.9192
    endloop
  endfacet
  facet normal -1 0 0
    outer loop
      vertex 10.1 5.42417 9.35
      vertex 10.1 5.51864 10.7914
      vertex 10.1 5.51864 9.20861
    endloop
  endfacet
  facet normal -1 0 0
    outer loop
      vertex 10.1 5.42417 9.35
      vertex 10.1 5.42417 10.65
      vertex 10.1 5.51864 10.7914
    endloop
  endfacet
  facet normal -1 0 0
    outer loop
      vertex 10.1 5.34896 9.50251
      vertex 10.1 5.42417 10.65
      vertex 10.1 5.42417 9.35
    endloop
  endfacet
  facet normal -1 0 0
    outer loop
      vertex 10.1 5.34896 9.50251
      vertex 10.1 5.34896 10.4975
      vertex 10.1 5.42417 10.65
    endloop
  endfacet
  facet normal -1 0 0
    outer loop
      vertex 10.1 5.2943 9.66354
      vertex 10.1 5.34896 10.4975
      vertex 10.1 5.34896 9.50251
    endloop
  endfacet
  facet normal -1 0 0
    outer loop
      vertex 10.1 5.2943 9.66354
      vertex 10.1 5.2943 10.3365
      vertex 10.1 5.34896 10.4975
    endloop
  endfacet
  facet normal -1 0 0
    outer loop
      vertex 10.1 5.26112 9.83032
      vertex 10.1 5.2943 10.3365
      vertex 10.1 5.2943 9.66354
    endloop
  endfacet
  facet normal -1 0 0
    outer loop
      vertex 10.1 5.26112 9.83032
      vertex 10.1 5.26112 10.1697
      vertex 10.1 5.2943 10.3365
    endloop
  endfacet
  facet normal -1 0 -0
    outer loop
      vertex 10.1 5.26112 10.1697
      vertex 10.1 5.26112 9.83032
      vertex 10.1 5.25 10
    endloop
  endfacet
  facet normal 0 0.195223 -0.980759
    outer loop
      vertex 0 6.21353 11.2557
      vertex 10.1 6.38032 11.2889
      vertex 10.1 6.21353 11.2557
    endloop
  endfacet
  facet normal 0 0.195223 -0.980759
    outer loop
      vertex 10.1 6.38032 11.2889
      vertex 0 6.21353 11.2557
      vertex 0 6.38032 11.2889
    endloop
  endfacet
  facet normal 0 -0.442243 -0.896895
    outer loop
      vertex 0 7.04749 11.201
      vertex 10.1 7.2 11.1258
      vertex 10.1 7.04749 11.201
    endloop
  endfacet
  facet normal -0 -0.442243 -0.896895
    outer loop
      vertex 10.1 7.2 11.1258
      vertex 0 7.04749 11.201
      vertex 0 7.2 11.1258
    endloop
  endfacet
  facet normal 0 -0.659341 0.751844
    outer loop
      vertex 0 7.46924 9.08076
      vertex 10.1 7.34139 8.96864
      vertex 10.1 7.46924 9.08076
    endloop
  endfacet
  facet normal 0 -0.659341 0.751844
    outer loop
      vertex 10.1 7.34139 8.96864
      vertex 0 7.46924 9.08076
      vertex 0 7.34139 8.96864
    endloop
  endfacet
  facet normal 0 -0.997859 0.0653948
    outer loop
      vertex 0 7.83888 9.83032
      vertex 10.1 7.85 10
      vertex 0 7.85 10
    endloop
  endfacet
  facet normal 0 -0.997859 0.0653948
    outer loop
      vertex 10.1 7.85 10
      vertex 0 7.83888 9.83032
      vertex 10.1 7.83888 9.83032
    endloop
  endfacet
  facet normal -0 0.0653948 0.997859
    outer loop
      vertex 0 6.55 8.7
      vertex 10.1 6.38032 8.71112
      vertex 10.1 6.55 8.7
    endloop
  endfacet
  facet normal 0 0.0653948 0.997859
    outer loop
      vertex 10.1 6.38032 8.71112
      vertex 0 6.55 8.7
      vertex 0 6.38032 8.71112
    endloop
  endfacet
  facet normal 0 -0.99786 -0.0653872
    outer loop
      vertex 0 7.85 10
      vertex 10.1 7.83888 10.1697
      vertex 0 7.83888 10.1697
    endloop
  endfacet
  facet normal 0 -0.99786 -0.0653872
    outer loop
      vertex 10.1 7.83888 10.1697
      vertex 0 7.85 10
      vertex 10.1 7.85 10
    endloop
  endfacet
  facet normal 0 -0.831498 -0.555528
    outer loop
      vertex 0 7.67583 10.65
      vertex 10.1 7.58136 10.7914
      vertex 0 7.58136 10.7914
    endloop
  endfacet
  facet normal 0 -0.831498 -0.555528
    outer loop
      vertex 10.1 7.58136 10.7914
      vertex 0 7.67583 10.65
      vertex 10.1 7.67583 10.65
    endloop
  endfacet
  facet normal 0 0.99786 -0.0653872
    outer loop
      vertex 10.1 5.25 10
      vertex 0 5.26112 10.1697
      vertex 10.1 5.26112 10.1697
    endloop
  endfacet
  facet normal 0 0.99786 -0.0653872
    outer loop
      vertex 0 5.26112 10.1697
      vertex 10.1 5.25 10
      vertex 0 5.25 10
    endloop
  endfacet
  facet normal 0 -0.321638 -0.946863
    outer loop
      vertex 0 6.88646 11.2557
      vertex 10.1 7.04749 11.201
      vertex 10.1 6.88646 11.2557
    endloop
  endfacet
  facet normal -0 -0.321638 -0.946863
    outer loop
      vertex 10.1 7.04749 11.201
      vertex 0 6.88646 11.2557
      vertex 0 7.04749 11.201
    endloop
  endfacet
  facet normal 0 0.0652777 -0.997867
    outer loop
      vertex 0 6.38032 11.2889
      vertex 10.1 6.55 11.3
      vertex 10.1 6.38032 11.2889
    endloop
  endfacet
  facet normal 0 0.0652777 -0.997867
    outer loop
      vertex 10.1 6.55 11.3
      vertex 0 6.38032 11.2889
      vertex 0 6.55 11.3
    endloop
  endfacet
  facet normal 0 -0.55527 -0.83167
    outer loop
      vertex 0 7.2 11.1258
      vertex 10.1 7.34139 11.0314
      vertex 10.1 7.2 11.1258
    endloop
  endfacet
  facet normal -0 -0.55527 -0.83167
    outer loop
      vertex 10.1 7.34139 11.0314
      vertex 0 7.2 11.1258
      vertex 0 7.34139 11.0314
    endloop
  endfacet
  facet normal 0 0.980779 0.195121
    outer loop
      vertex 10.1 5.2943 9.66354
      vertex 0 5.26112 9.83032
      vertex 10.1 5.26112 9.83032
    endloop
  endfacet
  facet normal 0 0.980779 0.195121
    outer loop
      vertex 0 5.26112 9.83032
      vertex 10.1 5.2943 9.66354
      vertex 0 5.2943 9.66354
    endloop
  endfacet
  facet normal 0 0.751844 0.659341
    outer loop
      vertex 10.1 5.63076 9.08076
      vertex 0 5.51864 9.20861
      vertex 10.1 5.51864 9.20861
    endloop
  endfacet
  facet normal 0 0.751844 0.659341
    outer loop
      vertex 0 5.51864 9.20861
      vertex 10.1 5.63076 9.08076
      vertex 0 5.63076 9.08076
    endloop
  endfacet
  facet normal 0 0.83148 0.555555
    outer loop
      vertex 10.1 5.51864 9.20861
      vertex 0 5.42417 9.35
      vertex 10.1 5.42417 9.35
    endloop
  endfacet
  facet normal 0 0.83148 0.555555
    outer loop
      vertex 0 5.42417 9.35
      vertex 10.1 5.51864 9.20861
      vertex 0 5.51864 9.20861
    endloop
  endfacet
  facet normal 0 -0.946934 0.321427
    outer loop
      vertex 0 7.75104 9.50251
      vertex 10.1 7.8057 9.66354
      vertex 0 7.8057 9.66354
    endloop
  endfacet
  facet normal 0 -0.946934 0.321427
    outer loop
      vertex 10.1 7.8057 9.66354
      vertex 0 7.75104 9.50251
      vertex 10.1 7.75104 9.50251
    endloop
  endfacet
  facet normal 0 0.89686 -0.442314
    outer loop
      vertex 10.1 5.34896 10.4975
      vertex 0 5.42417 10.65
      vertex 10.1 5.42417 10.65
    endloop
  endfacet
  facet normal 0 0.89686 -0.442314
    outer loop
      vertex 0 5.42417 10.65
      vertex 10.1 5.34896 10.4975
      vertex 0 5.34896 10.4975
    endloop
  endfacet
  facet normal 0 0.55527 -0.83167
    outer loop
      vertex 0 5.75861 11.0314
      vertex 10.1 5.9 11.1258
      vertex 10.1 5.75861 11.0314
    endloop
  endfacet
  facet normal 0 0.55527 -0.83167
    outer loop
      vertex 10.1 5.9 11.1258
      vertex 0 5.75861 11.0314
      vertex 0 5.9 11.1258
    endloop
  endfacet
  facet normal 0 -0.659607 -0.751611
    outer loop
      vertex 245.9 7.34139 11.0314
      vertex 256 7.46924 10.9192
      vertex 256 7.34139 11.0314
    endloop
  endfacet
  facet normal -0 -0.659607 -0.751611
    outer loop
      vertex 256 7.46924 10.9192
      vertex 245.9 7.34139 11.0314
      vertex 245.9 7.46924 10.9192
    endloop
  endfacet
  facet normal 0 -0.321427 0.946934
    outer loop
      vertex 245.9 7.04749 8.79896
      vertex 256 6.88646 8.7443
      vertex 256 7.04749 8.79896
    endloop
  endfacet
  facet normal 0 -0.321427 0.946934
    outer loop
      vertex 256 6.88646 8.7443
      vertex 245.9 7.04749 8.79896
      vertex 245.9 6.88646 8.7443
    endloop
  endfacet
  facet normal 0 0.321656 -0.946857
    outer loop
      vertex 245.9 6.05251 11.201
      vertex 256 6.21353 11.2557
      vertex 256 6.05251 11.201
    endloop
  endfacet
  facet normal 0 0.321656 -0.946857
    outer loop
      vertex 256 6.21353 11.2557
      vertex 245.9 6.05251 11.201
      vertex 245.9 6.21353 11.2557
    endloop
  endfacet
  facet normal 0 -0.89686 -0.442314
    outer loop
      vertex 245.9 7.75104 10.4975
      vertex 256 7.67583 10.65
      vertex 245.9 7.67583 10.65
    endloop
  endfacet
  facet normal 0 -0.89686 -0.442314
    outer loop
      vertex 256 7.67583 10.65
      vertex 245.9 7.75104 10.4975
      vertex 256 7.75104 10.4975
    endloop
  endfacet
  facet normal 0 -0.442291 0.896872
    outer loop
      vertex 245.9 7.2 8.87417
      vertex 256 7.04749 8.79896
      vertex 256 7.2 8.87417
    endloop
  endfacet
  facet normal 0 -0.442291 0.896872
    outer loop
      vertex 256 7.04749 8.79896
      vertex 245.9 7.2 8.87417
      vertex 245.9 7.04749 8.79896
    endloop
  endfacet
  facet normal 0 -0.555555 0.83148
    outer loop
      vertex 245.9 7.34139 8.96864
      vertex 256 7.2 8.87417
      vertex 256 7.34139 8.96864
    endloop
  endfacet
  facet normal 0 -0.555555 0.83148
    outer loop
      vertex 256 7.2 8.87417
      vertex 245.9 7.34139 8.96864
      vertex 245.9 7.2 8.87417
    endloop
  endfacet
  facet normal 0 -0.0653948 0.997859
    outer loop
      vertex 245.9 6.71968 8.71112
      vertex 256 6.55 8.7
      vertex 256 6.71968 8.71112
    endloop
  endfacet
  facet normal 0 -0.0653948 0.997859
    outer loop
      vertex 256 6.55 8.7
      vertex 245.9 6.71968 8.71112
      vertex 245.9 6.55 8.7
    endloop
  endfacet
  facet normal 0 0.997859 0.0653948
    outer loop
      vertex 256 5.26112 9.83032
      vertex 245.9 5.25 10
      vertex 256 5.25 10
    endloop
  endfacet
  facet normal 0 0.997859 0.0653948
    outer loop
      vertex 245.9 5.25 10
      vertex 256 5.26112 9.83032
      vertex 245.9 5.26112 9.83032
    endloop
  endfacet
  facet normal 0 -0.980784 -0.195098
    outer loop
      vertex 245.9 7.83888 10.1697
      vertex 256 7.8057 10.3365
      vertex 245.9 7.8057 10.3365
    endloop
  endfacet
  facet normal 0 -0.980784 -0.195098
    outer loop
      vertex 256 7.8057 10.3365
      vertex 245.9 7.83888 10.1697
      vertex 256 7.83888 10.1697
    endloop
  endfacet
  facet normal -0 0.19511 0.980781
    outer loop
      vertex 245.9 6.38032 8.71112
      vertex 256 6.21353 8.7443
      vertex 256 6.38032 8.71112
    endloop
  endfacet
  facet normal 0 0.19511 0.980781
    outer loop
      vertex 256 6.21353 8.7443
      vertex 245.9 6.38032 8.71112
      vertex 245.9 6.21353 8.7443
    endloop
  endfacet
  facet normal 0 0.442243 -0.896895
    outer loop
      vertex 245.9 5.9 11.1258
      vertex 256 6.05251 11.201
      vertex 256 5.9 11.1258
    endloop
  endfacet
  facet normal 0 0.442243 -0.896895
    outer loop
      vertex 256 6.05251 11.201
      vertex 245.9 5.9 11.1258
      vertex 245.9 6.05251 11.201
    endloop
  endfacet
  facet normal 0 -0.751716 -0.659487
    outer loop
      vertex 245.9 7.58136 10.7914
      vertex 256 7.46924 10.9192
      vertex 245.9 7.46924 10.9192
    endloop
  endfacet
  facet normal 0 -0.751716 -0.659487
    outer loop
      vertex 256 7.46924 10.9192
      vertex 245.9 7.58136 10.7914
      vertex 256 7.58136 10.7914
    endloop
  endfacet
  facet normal 0 -0.896872 0.442291
    outer loop
      vertex 245.9 7.67583 9.35
      vertex 256 7.75104 9.50251
      vertex 245.9 7.75104 9.50251
    endloop
  endfacet
  facet normal 0 -0.896872 0.442291
    outer loop
      vertex 256 7.75104 9.50251
      vertex 245.9 7.67583 9.35
      vertex 256 7.67583 9.35
    endloop
  endfacet
  facet normal 0 -0.946916 -0.321481
    outer loop
      vertex 245.9 7.8057 10.3365
      vertex 256 7.75104 10.4975
      vertex 245.9 7.75104 10.4975
    endloop
  endfacet
  facet normal 0 -0.946916 -0.321481
    outer loop
      vertex 256 7.75104 10.4975
      vertex 245.9 7.8057 10.3365
      vertex 256 7.8057 10.3365
    endloop
  endfacet
  facet normal -0 0.555555 0.83148
    outer loop
      vertex 245.9 5.9 8.87417
      vertex 256 5.75861 8.96864
      vertex 256 5.9 8.87417
    endloop
  endfacet
  facet normal 0 0.555555 0.83148
    outer loop
      vertex 256 5.75861 8.96864
      vertex 245.9 5.9 8.87417
      vertex 245.9 5.75861 8.96864
    endloop
  endfacet
  facet normal 0 -0.195234 -0.980757
    outer loop
      vertex 245.9 6.71968 11.2889
      vertex 256 6.88646 11.2557
      vertex 256 6.71968 11.2889
    endloop
  endfacet
  facet normal -0 -0.195234 -0.980757
    outer loop
      vertex 256 6.88646 11.2557
      vertex 245.9 6.71968 11.2889
      vertex 245.9 6.88646 11.2557
    endloop
  endfacet
  facet normal -0 0.321445 0.946928
    outer loop
      vertex 245.9 6.21353 8.7443
      vertex 256 6.05251 8.79896
      vertex 256 6.21353 8.7443
    endloop
  endfacet
  facet normal 0 0.321445 0.946928
    outer loop
      vertex 256 6.05251 8.79896
      vertex 245.9 6.21353 8.7443
      vertex 245.9 6.05251 8.79896
    endloop
  endfacet
  facet normal 0 0.980784 -0.195098
    outer loop
      vertex 256 5.26112 10.1697
      vertex 245.9 5.2943 10.3365
      vertex 256 5.2943 10.3365
    endloop
  endfacet
  facet normal 0 0.980784 -0.195098
    outer loop
      vertex 245.9 5.2943 10.3365
      vertex 256 5.26112 10.1697
      vertex 245.9 5.26112 10.1697
    endloop
  endfacet
  facet normal 0 -0.980779 0.195121
    outer loop
      vertex 245.9 7.8057 9.66354
      vertex 256 7.83888 9.83032
      vertex 245.9 7.83888 9.83032
    endloop
  endfacet
  facet normal 0 -0.980779 0.195121
    outer loop
      vertex 256 7.83888 9.83032
      vertex 245.9 7.8057 9.66354
      vertex 256 7.8057 9.66354
    endloop
  endfacet
  facet normal 0 -0.83148 0.555555
    outer loop
      vertex 245.9 7.58136 9.20861
      vertex 256 7.67583 9.35
      vertex 245.9 7.67583 9.35
    endloop
  endfacet
  facet normal 0 -0.83148 0.555555
    outer loop
      vertex 256 7.67583 9.35
      vertex 245.9 7.58136 9.20861
      vertex 256 7.58136 9.20861
    endloop
  endfacet
  facet normal -0 0.659341 0.751844
    outer loop
      vertex 245.9 5.75861 8.96864
      vertex 256 5.63076 9.08076
      vertex 256 5.75861 8.96864
    endloop
  endfacet
  facet normal 0 0.659341 0.751844
    outer loop
      vertex 256 5.63076 9.08076
      vertex 245.9 5.75861 8.96864
      vertex 245.9 5.63076 9.08076
    endloop
  endfacet
  facet normal 0 0.946934 0.321427
    outer loop
      vertex 256 5.34896 9.50251
      vertex 245.9 5.2943 9.66354
      vertex 256 5.2943 9.66354
    endloop
  endfacet
  facet normal 0 0.946934 0.321427
    outer loop
      vertex 245.9 5.2943 9.66354
      vertex 256 5.34896 9.50251
      vertex 245.9 5.34896 9.50251
    endloop
  endfacet
  facet normal -0 0.442291 0.896872
    outer loop
      vertex 245.9 6.05251 8.79896
      vertex 256 5.9 8.87417
      vertex 256 6.05251 8.79896
    endloop
  endfacet
  facet normal 0 0.442291 0.896872
    outer loop
      vertex 256 5.9 8.87417
      vertex 245.9 6.05251 8.79896
      vertex 245.9 5.9 8.87417
    endloop
  endfacet
  facet normal 0 0.946916 -0.321481
    outer loop
      vertex 256 5.2943 10.3365
      vertex 245.9 5.34896 10.4975
      vertex 256 5.34896 10.4975
    endloop
  endfacet
  facet normal 0 0.946916 -0.321481
    outer loop
      vertex 245.9 5.34896 10.4975
      vertex 256 5.2943 10.3365
      vertex 245.9 5.2943 10.3365
    endloop
  endfacet
  facet normal 0 -0.751844 0.659341
    outer loop
      vertex 245.9 7.46924 9.08076
      vertex 256 7.58136 9.20861
      vertex 245.9 7.58136 9.20861
    endloop
  endfacet
  facet normal 0 -0.751844 0.659341
    outer loop
      vertex 256 7.58136 9.20861
      vertex 245.9 7.46924 9.08076
      vertex 256 7.46924 9.08076
    endloop
  endfacet
  facet normal 0 0.751716 -0.659487
    outer loop
      vertex 256 5.51864 10.7914
      vertex 245.9 5.63076 10.9192
      vertex 256 5.63076 10.9192
    endloop
  endfacet
  facet normal 0 0.751716 -0.659487
    outer loop
      vertex 245.9 5.63076 10.9192
      vertex 256 5.51864 10.7914
      vertex 245.9 5.51864 10.7914
    endloop
  endfacet
  facet normal 0 -0.195121 0.980779
    outer loop
      vertex 245.9 6.88646 8.7443
      vertex 256 6.71968 8.71112
      vertex 256 6.88646 8.7443
    endloop
  endfacet
  facet normal 0 -0.195121 0.980779
    outer loop
      vertex 256 6.71968 8.71112
      vertex 245.9 6.88646 8.7443
      vertex 245.9 6.71968 8.71112
    endloop
  endfacet
  facet normal 0 0.896872 0.442291
    outer loop
      vertex 256 5.42417 9.35
      vertex 245.9 5.34896 9.50251
      vertex 256 5.34896 9.50251
    endloop
  endfacet
  facet normal 0 0.896872 0.442291
    outer loop
      vertex 245.9 5.34896 9.50251
      vertex 256 5.42417 9.35
      vertex 245.9 5.42417 9.35
    endloop
  endfacet
  facet normal 0 0.659607 -0.751611
    outer loop
      vertex 245.9 5.63076 10.9192
      vertex 256 5.75861 11.0314
      vertex 256 5.63076 10.9192
    endloop
  endfacet
  facet normal 0 0.659607 -0.751611
    outer loop
      vertex 256 5.75861 11.0314
      vertex 245.9 5.63076 10.9192
      vertex 245.9 5.75861 11.0314
    endloop
  endfacet
  facet normal 0 -0.0652777 -0.997867
    outer loop
      vertex 245.9 6.55 11.3
      vertex 256 6.71968 11.2889
      vertex 256 6.55 11.3
    endloop
  endfacet
  facet normal -0 -0.0652777 -0.997867
    outer loop
      vertex 256 6.71968 11.2889
      vertex 245.9 6.55 11.3
      vertex 245.9 6.71968 11.2889
    endloop
  endfacet
  facet normal 0 0.831498 -0.555528
    outer loop
      vertex 256 5.42417 10.65
      vertex 245.9 5.51864 10.7914
      vertex 256 5.51864 10.7914
    endloop
  endfacet
  facet normal 0 0.831498 -0.555528
    outer loop
      vertex 245.9 5.51864 10.7914
      vertex 256 5.42417 10.65
      vertex 245.9 5.42417 10.65
    endloop
  endfacet
  facet normal 0 0.195223 -0.980759
    outer loop
      vertex 245.9 6.21353 11.2557
      vertex 256 6.38032 11.2889
      vertex 256 6.21353 11.2557
    endloop
  endfacet
  facet normal 0 0.195223 -0.980759
    outer loop
      vertex 256 6.38032 11.2889
      vertex 245.9 6.21353 11.2557
      vertex 245.9 6.38032 11.2889
    endloop
  endfacet
  facet normal 0 -0.442243 -0.896895
    outer loop
      vertex 245.9 7.04749 11.201
      vertex 256 7.2 11.1258
      vertex 256 7.04749 11.201
    endloop
  endfacet
  facet normal -0 -0.442243 -0.896895
    outer loop
      vertex 256 7.2 11.1258
      vertex 245.9 7.04749 11.201
      vertex 245.9 7.2 11.1258
    endloop
  endfacet
  facet normal 0 -0.659341 0.751844
    outer loop
      vertex 245.9 7.46924 9.08076
      vertex 256 7.34139 8.96864
      vertex 256 7.46924 9.08076
    endloop
  endfacet
  facet normal 0 -0.659341 0.751844
    outer loop
      vertex 256 7.34139 8.96864
      vertex 245.9 7.46924 9.08076
      vertex 245.9 7.34139 8.96864
    endloop
  endfacet
  facet normal 0 -0.997859 0.0653948
    outer loop
      vertex 245.9 7.83888 9.83032
      vertex 256 7.85 10
      vertex 245.9 7.85 10
    endloop
  endfacet
  facet normal 0 -0.997859 0.0653948
    outer loop
      vertex 256 7.85 10
      vertex 245.9 7.83888 9.83032
      vertex 256 7.83888 9.83032
    endloop
  endfacet
  facet normal -0 0.0653948 0.997859
    outer loop
      vertex 245.9 6.55 8.7
      vertex 256 6.38032 8.71112
      vertex 256 6.55 8.7
    endloop
  endfacet
  facet normal 0 0.0653948 0.997859
    outer loop
      vertex 256 6.38032 8.71112
      vertex 245.9 6.55 8.7
      vertex 245.9 6.38032 8.71112
    endloop
  endfacet
  facet normal 0 -0.99786 -0.0653872
    outer loop
      vertex 245.9 7.85 10
      vertex 256 7.83888 10.1697
      vertex 245.9 7.83888 10.1697
    endloop
  endfacet
  facet normal 0 -0.99786 -0.0653872
    outer loop
      vertex 256 7.83888 10.1697
      vertex 245.9 7.85 10
      vertex 256 7.85 10
    endloop
  endfacet
  facet normal 0 -0.831498 -0.555528
    outer loop
      vertex 245.9 7.67583 10.65
      vertex 256 7.58136 10.7914
      vertex 245.9 7.58136 10.7914
    endloop
  endfacet
  facet normal 0 -0.831498 -0.555528
    outer loop
      vertex 256 7.58136 10.7914
      vertex 245.9 7.67583 10.65
      vertex 256 7.67583 10.65
    endloop
  endfacet
  facet normal 0 0.99786 -0.0653872
    outer loop
      vertex 256 5.25 10
      vertex 245.9 5.26112 10.1697
      vertex 256 5.26112 10.1697
    endloop
  endfacet
  facet normal 0 0.99786 -0.0653872
    outer loop
      vertex 245.9 5.26112 10.1697
      vertex 256 5.25 10
      vertex 245.9 5.25 10
    endloop
  endfacet
  facet normal 0 -0.321638 -0.946863
    outer loop
      vertex 245.9 6.88646 11.2557
      vertex 256 7.04749 11.201
      vertex 256 6.88646 11.2557
    endloop
  endfacet
  facet normal -0 -0.321638 -0.946863
    outer loop
      vertex 256 7.04749 11.201
      vertex 245.9 6.88646 11.2557
      vertex 245.9 7.04749 11.201
    endloop
  endfacet
  facet normal 0 0.0652777 -0.997867
    outer loop
      vertex 245.9 6.38032 11.2889
      vertex 256 6.55 11.3
      vertex 256 6.38032 11.2889
    endloop
  endfacet
  facet normal 0 0.0652777 -0.997867
    outer loop
      vertex 256 6.55 11.3
      vertex 245.9 6.38032 11.2889
      vertex 245.9 6.55 11.3
    endloop
  endfacet
  facet normal 0 -0.55527 -0.83167
    outer loop
      vertex 245.9 7.2 11.1258
      vertex 256 7.34139 11.0314
      vertex 256 7.2 11.1258
    endloop
  endfacet
  facet normal -0 -0.55527 -0.83167
    outer loop
      vertex 256 7.34139 11.0314
      vertex 245.9 7.2 11.1258
      vertex 245.9 7.34139 11.0314
    endloop
  endfacet
  facet normal 0 0.980779 0.195121
    outer loop
      vertex 256 5.2943 9.66354
      vertex 245.9 5.26112 9.83032
      vertex 256 5.26112 9.83032
    endloop
  endfacet
  facet normal 0 0.980779 0.195121
    outer loop
      vertex 245.9 5.26112 9.83032
      vertex 256 5.2943 9.66354
      vertex 245.9 5.2943 9.66354
    endloop
  endfacet
  facet normal 0 0.83148 0.555555
    outer loop
      vertex 256 5.51864 9.20861
      vertex 245.9 5.42417 9.35
      vertex 256 5.42417 9.35
    endloop
  endfacet
  facet normal 0 0.83148 0.555555
    outer loop
      vertex 245.9 5.42417 9.35
      vertex 256 5.51864 9.20861
      vertex 245.9 5.51864 9.20861
    endloop
  endfacet
  facet normal 1 0 0
    outer loop
      vertex 245.9 7.83888 10.1697
      vertex 245.9 7.83888 9.83032
      vertex 245.9 7.85 10
    endloop
  endfacet
  facet normal 1 0 0
    outer loop
      vertex 245.9 7.8057 10.3365
      vertex 245.9 7.83888 9.83032
      vertex 245.9 7.83888 10.1697
    endloop
  endfacet
  facet normal 1 0 0
    outer loop
      vertex 245.9 7.8057 10.3365
      vertex 245.9 7.8057 9.66354
      vertex 245.9 7.83888 9.83032
    endloop
  endfacet
  facet normal 1 0 0
    outer loop
      vertex 245.9 7.75104 10.4975
      vertex 245.9 7.8057 9.66354
      vertex 245.9 7.8057 10.3365
    endloop
  endfacet
  facet normal 1 0 0
    outer loop
      vertex 245.9 7.75104 10.4975
      vertex 245.9 7.75104 9.50251
      vertex 245.9 7.8057 9.66354
    endloop
  endfacet
  facet normal 1 0 0
    outer loop
      vertex 245.9 7.67583 10.65
      vertex 245.9 7.75104 9.50251
      vertex 245.9 7.75104 10.4975
    endloop
  endfacet
  facet normal 1 0 0
    outer loop
      vertex 245.9 7.67583 10.65
      vertex 245.9 7.67583 9.35
      vertex 245.9 7.75104 9.50251
    endloop
  endfacet
  facet normal 1 0 0
    outer loop
      vertex 245.9 7.58136 10.7914
      vertex 245.9 7.67583 9.35
      vertex 245.9 7.67583 10.65
    endloop
  endfacet
  facet normal 1 0 0
    outer loop
      vertex 245.9 7.58136 10.7914
      vertex 245.9 7.58136 9.20861
      vertex 245.9 7.67583 9.35
    endloop
  endfacet
  facet normal 1 0 0
    outer loop
      vertex 245.9 7.46924 10.9192
      vertex 245.9 7.58136 9.20861
      vertex 245.9 7.58136 10.7914
    endloop
  endfacet
  facet normal 1 0 0
    outer loop
      vertex 245.9 7.46924 10.9192
      vertex 245.9 7.46924 9.08076
      vertex 245.9 7.58136 9.20861
    endloop
  endfacet
  facet normal 1 0 0
    outer loop
      vertex 245.9 7.34139 11.0314
      vertex 245.9 7.46924 9.08076
      vertex 245.9 7.46924 10.9192
    endloop
  endfacet
  facet normal 1 0 0
    outer loop
      vertex 245.9 7.34139 11.0314
      vertex 245.9 7.34139 8.96864
      vertex 245.9 7.46924 9.08076
    endloop
  endfacet
  facet normal 1 0 0
    outer loop
      vertex 245.9 7.2 11.1258
      vertex 245.9 7.34139 8.96864
      vertex 245.9 7.34139 11.0314
    endloop
  endfacet
  facet normal 1 0 0
    outer loop
      vertex 245.9 7.2 11.1258
      vertex 245.9 7.2 8.87417
      vertex 245.9 7.34139 8.96864
    endloop
  endfacet
  facet normal 1 0 0
    outer loop
      vertex 245.9 7.04749 11.201
      vertex 245.9 7.2 8.87417
      vertex 245.9 7.2 11.1258
    endloop
  endfacet
  facet normal 1 0 0
    outer loop
      vertex 245.9 7.04749 11.201
      vertex 245.9 7.04749 8.79896
      vertex 245.9 7.2 8.87417
    endloop
  endfacet
  facet normal 1 0 0
    outer loop
      vertex 245.9 6.88646 11.2557
      vertex 245.9 7.04749 8.79896
      vertex 245.9 7.04749 11.201
    endloop
  endfacet
  facet normal 1 0 0
    outer loop
      vertex 245.9 6.88646 11.2557
      vertex 245.9 6.88646 8.7443
      vertex 245.9 7.04749 8.79896
    endloop
  endfacet
  facet normal 1 0 0
    outer loop
      vertex 245.9 6.71968 11.2889
      vertex 245.9 6.88646 8.7443
      vertex 245.9 6.88646 11.2557
    endloop
  endfacet
  facet normal 1 0 0
    outer loop
      vertex 245.9 6.71968 11.2889
      vertex 245.9 6.71968 8.71112
      vertex 245.9 6.88646 8.7443
    endloop
  endfacet
  facet normal 1 0 0
    outer loop
      vertex 245.9 6.55 11.3
      vertex 245.9 6.71968 8.71112
      vertex 245.9 6.71968 11.2889
    endloop
  endfacet
  facet normal 1 0 0
    outer loop
      vertex 245.9 6.55 11.3
      vertex 245.9 6.55 8.7
      vertex 245.9 6.71968 8.71112
    endloop
  endfacet
  facet normal 1 -0 0
    outer loop
      vertex 245.9 6.38032 11.2889
      vertex 245.9 6.55 8.7
      vertex 245.9 6.55 11.3
    endloop
  endfacet
  facet normal 1 0 0
    outer loop
      vertex 245.9 6.38032 11.2889
      vertex 245.9 6.38032 8.71112
      vertex 245.9 6.55 8.7
    endloop
  endfacet
  facet normal 1 -0 0
    outer loop
      vertex 245.9 6.21353 11.2557
      vertex 245.9 6.38032 8.71112
      vertex 245.9 6.38032 11.2889
    endloop
  endfacet
  facet normal 1 0 0
    outer loop
      vertex 245.9 6.21353 11.2557
      vertex 245.9 6.21353 8.7443
      vertex 245.9 6.38032 8.71112
    endloop
  endfacet
  facet normal 1 -0 0
    outer loop
      vertex 245.9 6.05251 11.201
      vertex 245.9 6.21353 8.7443
      vertex 245.9 6.21353 11.2557
    endloop
  endfacet
  facet normal 1 0 0
    outer loop
      vertex 245.9 6.05251 11.201
      vertex 245.9 6.05251 8.79896
      vertex 245.9 6.21353 8.7443
    endloop
  endfacet
  facet normal 1 -0 0
    outer loop
      vertex 245.9 5.9 11.1258
      vertex 245.9 6.05251 8.79896
      vertex 245.9 6.05251 11.201
    endloop
  endfacet
  facet normal 1 0 0
    outer loop
      vertex 245.9 5.9 11.1258
      vertex 245.9 5.9 8.87417
      vertex 245.9 6.05251 8.79896
    endloop
  endfacet
  facet normal 1 -0 0
    outer loop
      vertex 245.9 5.75861 11.0314
      vertex 245.9 5.9 8.87417
      vertex 245.9 5.9 11.1258
    endloop
  endfacet
  facet normal 1 0 0
    outer loop
      vertex 245.9 5.75861 11.0314
      vertex 245.9 5.75861 8.96864
      vertex 245.9 5.9 8.87417
    endloop
  endfacet
  facet normal 1 -0 0
    outer loop
      vertex 245.9 5.63076 10.9192
      vertex 245.9 5.75861 8.96864
      vertex 245.9 5.75861 11.0314
    endloop
  endfacet
  facet normal 1 0 0
    outer loop
      vertex 245.9 5.63076 10.9192
      vertex 245.9 5.63076 9.08076
      vertex 245.9 5.75861 8.96864
    endloop
  endfacet
  facet normal 1 -0 0
    outer loop
      vertex 245.9 5.51864 10.7914
      vertex 245.9 5.63076 9.08076
      vertex 245.9 5.63076 10.9192
    endloop
  endfacet
  facet normal 1 0 0
    outer loop
      vertex 245.9 5.51864 10.7914
      vertex 245.9 5.51864 9.20861
      vertex 245.9 5.63076 9.08076
    endloop
  endfacet
  facet normal 1 -0 0
    outer loop
      vertex 245.9 5.42417 10.65
      vertex 245.9 5.51864 9.20861
      vertex 245.9 5.51864 10.7914
    endloop
  endfacet
  facet normal 1 0 0
    outer loop
      vertex 245.9 5.42417 10.65
      vertex 245.9 5.42417 9.35
      vertex 245.9 5.51864 9.20861
    endloop
  endfacet
  facet normal 1 -0 0
    outer loop
      vertex 245.9 5.34896 10.4975
      vertex 245.9 5.42417 9.35
      vertex 245.9 5.42417 10.65
    endloop
  endfacet
  facet normal 1 0 0
    outer loop
      vertex 245.9 5.34896 10.4975
      vertex 245.9 5.34896 9.50251
      vertex 245.9 5.42417 9.35
    endloop
  endfacet
  facet normal 1 -0 0
    outer loop
      vertex 245.9 5.2943 10.3365
      vertex 245.9 5.34896 9.50251
      vertex 245.9 5.34896 10.4975
    endloop
  endfacet
  facet normal 1 0 0
    outer loop
      vertex 245.9 5.2943 10.3365
      vertex 245.9 5.2943 9.66354
      vertex 245.9 5.34896 9.50251
    endloop
  endfacet
  facet normal 1 -0 0
    outer loop
      vertex 245.9 5.26112 10.1697
      vertex 245.9 5.2943 9.66354
      vertex 245.9 5.2943 10.3365
    endloop
  endfacet
  facet normal 1 0 0
    outer loop
      vertex 245.9 5.26112 10.1697
      vertex 245.9 5.26112 9.83032
      vertex 245.9 5.2943 9.66354
    endloop
  endfacet
  facet normal 1 0 -0
    outer loop
      vertex 245.9 5.26112 9.83032
      vertex 245.9 5.26112 10.1697
      vertex 245.9 5.25 10
    endloop
  endfacet
  facet normal 0 -0.946934 0.321427
    outer loop
      vertex 245.9 7.75104 9.50251
      vertex 256 7.8057 9.66354
      vertex 245.9 7.8057 9.66354
    endloop
  endfacet
  facet normal 0 -0.946934 0.321427
    outer loop
      vertex 256 7.8057 9.66354
      vertex 245.9 7.75104 9.50251
      vertex 256 7.75104 9.50251
    endloop
  endfacet
  facet normal 0 0.89686 -0.442314
    outer loop
      vertex 256 5.34896 10.4975
      vertex 245.9 5.42417 10.65
      vertex 256 5.42417 10.65
    endloop
  endfacet
  facet normal 0 0.89686 -0.442314
    outer loop
      vertex 245.9 5.42417 10.65
      vertex 256 5.34896 10.4975
      vertex 245.9 5.34896 10.4975
    endloop
  endfacet
  facet normal 0 0.751844 0.659341
    outer loop
      vertex 256 5.63076 9.08076
      vertex 245.9 5.51864 9.20861
      vertex 256 5.51864 9.20861
    endloop
  endfacet
  facet normal 0 0.751844 0.659341
    outer loop
      vertex 245.9 5.51864 9.20861
      vertex 256 5.63076 9.08076
      vertex 245.9 5.63076 9.08076
    endloop
  endfacet
  facet normal 0 0.55527 -0.83167
    outer loop
      vertex 245.9 5.75861 11.0314
      vertex 256 5.9 11.1258
      vertex 256 5.75861 11.0314
    endloop
  endfacet
  facet normal 0 0.55527 -0.83167
    outer loop
      vertex 256 5.9 11.1258
      vertex 245.9 5.75861 11.0314
      vertex 245.9 5.9 11.1258
    endloop
  endfacet
  facet normal 0 0.946324 0.323218
    outer loop
      vertex 10.1 147.249 9.50251
      vertex 0 147.194 9.66354
      vertex 10.1 147.194 9.66354
    endloop
  endfacet
  facet normal 0 0.946324 0.323218
    outer loop
      vertex 0 147.194 9.66354
      vertex 10.1 147.249 9.50251
      vertex 0 147.249 9.50251
    endloop
  endfacet
  facet normal 0 -0.321481 0.946916
    outer loop
      vertex 0 148.947 8.79896
      vertex 10.1 148.786 8.7443
      vertex 10.1 148.947 8.79896
    endloop
  endfacet
  facet normal 0 -0.321481 0.946916
    outer loop
      vertex 10.1 148.786 8.7443
      vertex 0 148.947 8.79896
      vertex 0 148.786 8.7443
    endloop
  endfacet
  facet normal 0 -0.321692 -0.946844
    outer loop
      vertex 0 148.786 11.2557
      vertex 10.1 148.947 11.201
      vertex 10.1 148.786 11.2557
    endloop
  endfacet
  facet normal -0 -0.321692 -0.946844
    outer loop
      vertex 10.1 148.947 11.201
      vertex 0 148.786 11.2557
      vertex 0 148.947 11.201
    endloop
  endfacet
  facet normal 0 -0.0652723 0.997867
    outer loop
      vertex 0 148.62 8.71112
      vertex 10.1 148.45 8.7
      vertex 10.1 148.62 8.71112
    endloop
  endfacet
  facet normal 0 -0.0652723 0.997867
    outer loop
      vertex 10.1 148.45 8.7
      vertex 0 148.62 8.71112
      vertex 0 148.45 8.7
    endloop
  endfacet
  facet normal 0 -0.556616 0.83077
    outer loop
      vertex 0 149.241 8.96864
      vertex 10.1 149.1 8.87417
      vertex 10.1 149.241 8.96864
    endloop
  endfacet
  facet normal 0 -0.556616 0.83077
    outer loop
      vertex 10.1 149.1 8.87417
      vertex 0 149.241 8.96864
      vertex 0 149.1 8.87417
    endloop
  endfacet
  facet normal 0 -0.44115 0.897433
    outer loop
      vertex 0 149.1 8.87417
      vertex 10.1 148.947 8.79896
      vertex 10.1 149.1 8.87417
    endloop
  endfacet
  facet normal 0 -0.44115 0.897433
    outer loop
      vertex 10.1 148.947 8.79896
      vertex 0 149.1 8.87417
      vertex 0 148.947 8.79896
    endloop
  endfacet
  facet normal 0 -0.946324 0.323218
    outer loop
      vertex 0 149.651 9.50251
      vertex 10.1 149.706 9.66354
      vertex 0 149.706 9.66354
    endloop
  endfacet
  facet normal 0 -0.946324 0.323218
    outer loop
      vertex 10.1 149.706 9.66354
      vertex 0 149.651 9.50251
      vertex 10.1 149.651 9.50251
    endloop
  endfacet
  facet normal 0 -0.752066 -0.659088
    outer loop
      vertex 0 149.481 10.7914
      vertex 10.1 149.369 10.9192
      vertex 0 149.369 10.9192
    endloop
  endfacet
  facet normal 0 -0.752066 -0.659088
    outer loop
      vertex 10.1 149.369 10.9192
      vertex 0 149.481 10.7914
      vertex 10.1 149.481 10.7914
    endloop
  endfacet
  facet normal 0 -0.897361 0.441296
    outer loop
      vertex 0 149.576 9.35
      vertex 10.1 149.651 9.50251
      vertex 0 149.651 9.50251
    endloop
  endfacet
  facet normal 0 -0.897361 0.441296
    outer loop
      vertex 10.1 149.651 9.50251
      vertex 0 149.576 9.35
      vertex 10.1 149.576 9.35
    endloop
  endfacet
  facet normal 0 0.89735 -0.44132
    outer loop
      vertex 10.1 147.249 10.4975
      vertex 0 147.324 10.65
      vertex 10.1 147.324 10.65
    endloop
  endfacet
  facet normal 0 0.89735 -0.44132
    outer loop
      vertex 0 147.324 10.65
      vertex 10.1 147.249 10.4975
      vertex 0 147.249 10.4975
    endloop
  endfacet
  facet normal 0 -0.752194 0.658942
    outer loop
      vertex 0 149.369 9.08076
      vertex 10.1 149.481 9.20861
      vertex 0 149.481 9.20861
    endloop
  endfacet
  facet normal 0 -0.752194 0.658942
    outer loop
      vertex 10.1 149.481 9.20861
      vertex 0 149.369 9.08076
      vertex 10.1 149.369 9.08076
    endloop
  endfacet
  facet normal 0 0.196116 -0.980581
    outer loop
      vertex 0 148.114 11.2557
      vertex 10.1 148.28 11.2889
      vertex 10.1 148.114 11.2557
    endloop
  endfacet
  facet normal 0 0.196116 -0.980581
    outer loop
      vertex 10.1 148.28 11.2889
      vertex 0 148.114 11.2557
      vertex 0 148.28 11.2889
    endloop
  endfacet
  facet normal 0 0.830058 -0.557677
    outer loop
      vertex 10.1 147.324 10.65
      vertex 0 147.419 10.7914
      vertex 10.1 147.419 10.7914
    endloop
  endfacet
  facet normal 0 0.830058 -0.557677
    outer loop
      vertex 0 147.419 10.7914
      vertex 10.1 147.324 10.65
      vertex 0 147.324 10.65
    endloop
  endfacet
  facet normal 0 0.897361 0.441296
    outer loop
      vertex 10.1 147.324 9.35
      vertex 0 147.249 9.50251
      vertex 10.1 147.249 9.50251
    endloop
  endfacet
  facet normal 0 0.897361 0.441296
    outer loop
      vertex 0 147.249 9.50251
      vertex 10.1 147.324 9.35
      vertex 0 147.324 9.35
    endloop
  endfacet
  facet normal 0 -0.89735 -0.44132
    outer loop
      vertex 0 149.651 10.4975
      vertex 10.1 149.576 10.65
      vertex 0 149.576 10.65
    endloop
  endfacet
  facet normal 0 -0.89735 -0.44132
    outer loop
      vertex 10.1 149.576 10.65
      vertex 0 149.651 10.4975
      vertex 10.1 149.651 10.4975
    endloop
  endfacet
  facet normal -0 0.556616 0.83077
    outer loop
      vertex 0 147.8 8.87417
      vertex 10.1 147.659 8.96864
      vertex 10.1 147.8 8.87417
    endloop
  endfacet
  facet normal 0 0.556616 0.83077
    outer loop
      vertex 10.1 147.659 8.96864
      vertex 0 147.8 8.87417
      vertex 0 147.659 8.96864
    endloop
  endfacet
  facet normal 0 0.980981 0.194102
    outer loop
      vertex 10.1 147.194 9.66354
      vertex 0 147.161 9.83032
      vertex 10.1 147.161 9.83032
    endloop
  endfacet
  facet normal 0 0.980981 0.194102
    outer loop
      vertex 0 147.161 9.83032
      vertex 10.1 147.194 9.66354
      vertex 0 147.194 9.66354
    endloop
  endfacet
  facet normal -0 0.196003 0.980603
    outer loop
      vertex 0 148.28 8.71112
      vertex 10.1 148.114 8.7443
      vertex 10.1 148.28 8.71112
    endloop
  endfacet
  facet normal 0 0.196003 0.980603
    outer loop
      vertex 10.1 148.114 8.7443
      vertex 0 148.28 8.71112
      vertex 0 148.114 8.7443
    endloop
  endfacet
  facet normal 0 0.83004 0.557704
    outer loop
      vertex 10.1 147.419 9.20861
      vertex 0 147.324 9.35
      vertex 10.1 147.324 9.35
    endloop
  endfacet
  facet normal 0 0.83004 0.557704
    outer loop
      vertex 0 147.324 9.35
      vertex 10.1 147.419 9.20861
      vertex 0 147.419 9.20861
    endloop
  endfacet
  facet normal 0 -0.980986 -0.19408
    outer loop
      vertex 0 149.739 10.1697
      vertex 10.1 149.706 10.3365
      vertex 0 149.706 10.3365
    endloop
  endfacet
  facet normal 0 -0.980986 -0.19408
    outer loop
      vertex 10.1 149.706 10.3365
      vertex 0 149.739 10.1697
      vertex 10.1 149.739 10.1697
    endloop
  endfacet
  facet normal -0 0.44115 0.897433
    outer loop
      vertex 0 147.953 8.79896
      vertex 10.1 147.8 8.87417
      vertex 10.1 147.953 8.79896
    endloop
  endfacet
  facet normal 0 0.44115 0.897433
    outer loop
      vertex 10.1 147.8 8.87417
      vertex 0 147.953 8.79896
      vertex 0 147.8 8.87417
    endloop
  endfacet
  facet normal 0 -0.830058 -0.557677
    outer loop
      vertex 0 149.576 10.65
      vertex 10.1 149.481 10.7914
      vertex 0 149.481 10.7914
    endloop
  endfacet
  facet normal 0 -0.830058 -0.557677
    outer loop
      vertex 10.1 149.481 10.7914
      vertex 0 149.576 10.65
      vertex 10.1 149.576 10.65
    endloop
  endfacet
  facet normal 0 0.752066 -0.659088
    outer loop
      vertex 10.1 147.419 10.7914
      vertex 0 147.531 10.9192
      vertex 10.1 147.531 10.9192
    endloop
  endfacet
  facet normal 0 0.752066 -0.659088
    outer loop
      vertex 0 147.531 10.9192
      vertex 10.1 147.419 10.7914
      vertex 0 147.419 10.7914
    endloop
  endfacet
  facet normal -0 0.658904 0.752227
    outer loop
      vertex 0 147.659 8.96864
      vertex 10.1 147.531 9.08076
      vertex 10.1 147.659 8.96864
    endloop
  endfacet
  facet normal 0 0.658904 0.752227
    outer loop
      vertex 10.1 147.531 9.08076
      vertex 0 147.659 8.96864
      vertex 0 147.531 9.08076
    endloop
  endfacet
  facet normal 0 -0.658904 0.752227
    outer loop
      vertex 0 149.369 9.08076
      vertex 10.1 149.241 8.96864
      vertex 10.1 149.369 9.08076
    endloop
  endfacet
  facet normal 0 -0.658904 0.752227
    outer loop
      vertex 10.1 149.241 8.96864
      vertex 0 149.369 9.08076
      vertex 0 149.241 8.96864
    endloop
  endfacet
  facet normal 0 -0.196003 0.980603
    outer loop
      vertex 0 148.786 8.7443
      vertex 10.1 148.62 8.71112
      vertex 10.1 148.786 8.7443
    endloop
  endfacet
  facet normal 0 -0.196003 0.980603
    outer loop
      vertex 10.1 148.62 8.71112
      vertex 0 148.786 8.7443
      vertex 0 148.62 8.71112
    endloop
  endfacet
  facet normal -0 0.0652723 0.997867
    outer loop
      vertex 0 148.45 8.7
      vertex 10.1 148.28 8.71112
      vertex 10.1 148.45 8.7
    endloop
  endfacet
  facet normal 0 0.0652723 0.997867
    outer loop
      vertex 10.1 148.28 8.71112
      vertex 0 148.45 8.7
      vertex 0 148.28 8.71112
    endloop
  endfacet
  facet normal 0 0.946306 -0.323272
    outer loop
      vertex 10.1 147.194 10.3365
      vertex 0 147.249 10.4975
      vertex 10.1 147.249 10.4975
    endloop
  endfacet
  facet normal 0 0.946306 -0.323272
    outer loop
      vertex 0 147.249 10.4975
      vertex 10.1 147.194 10.3365
      vertex 0 147.194 10.3365
    endloop
  endfacet
  facet normal 0 0.997905 0.0646921
    outer loop
      vertex 10.1 147.161 9.83032
      vertex 0 147.15 10
      vertex 10.1 147.15 10
    endloop
  endfacet
  facet normal 0 0.997905 0.0646921
    outer loop
      vertex 0 147.15 10
      vertex 10.1 147.161 9.83032
      vertex 0 147.161 9.83032
    endloop
  endfacet
  facet normal 0 0.441103 -0.897457
    outer loop
      vertex 0 147.8 11.1258
      vertex 10.1 147.953 11.201
      vertex 10.1 147.8 11.1258
    endloop
  endfacet
  facet normal 0 0.441103 -0.897457
    outer loop
      vertex 10.1 147.953 11.201
      vertex 0 147.8 11.1258
      vertex 0 147.953 11.201
    endloop
  endfacet
  facet normal 0 0.556331 -0.830961
    outer loop
      vertex 0 147.659 11.0314
      vertex 10.1 147.8 11.1258
      vertex 10.1 147.659 11.0314
    endloop
  endfacet
  facet normal 0 0.556331 -0.830961
    outer loop
      vertex 10.1 147.8 11.1258
      vertex 0 147.659 11.0314
      vertex 0 147.8 11.1258
    endloop
  endfacet
  facet normal 0 -0.980981 0.194102
    outer loop
      vertex 0 149.706 9.66354
      vertex 10.1 149.739 9.83032
      vertex 0 149.739 9.83032
    endloop
  endfacet
  facet normal 0 -0.980981 0.194102
    outer loop
      vertex 10.1 149.739 9.83032
      vertex 0 149.706 9.66354
      vertex 10.1 149.706 9.66354
    endloop
  endfacet
  facet normal -0 0.321481 0.946916
    outer loop
      vertex 0 148.114 8.7443
      vertex 10.1 147.953 8.79896
      vertex 10.1 148.114 8.7443
    endloop
  endfacet
  facet normal 0 0.321481 0.946916
    outer loop
      vertex 10.1 147.953 8.79896
      vertex 0 148.114 8.7443
      vertex 0 147.953 8.79896
    endloop
  endfacet
  facet normal 0 -0.65917 -0.751994
    outer loop
      vertex 0 149.241 11.0314
      vertex 10.1 149.369 10.9192
      vertex 10.1 149.241 11.0314
    endloop
  endfacet
  facet normal -0 -0.65917 -0.751994
    outer loop
      vertex 10.1 149.369 10.9192
      vertex 0 149.241 11.0314
      vertex 0 149.369 10.9192
    endloop
  endfacet
  facet normal 0 0.321692 -0.946844
    outer loop
      vertex 0 147.953 11.201
      vertex 10.1 148.114 11.2557
      vertex 10.1 147.953 11.201
    endloop
  endfacet
  facet normal 0 0.321692 -0.946844
    outer loop
      vertex 10.1 148.114 11.2557
      vertex 0 147.953 11.201
      vertex 0 148.114 11.2557
    endloop
  endfacet
  facet normal 0 -0.83004 0.557704
    outer loop
      vertex 0 149.481 9.20861
      vertex 10.1 149.576 9.35
      vertex 0 149.576 9.35
    endloop
  endfacet
  facet normal 0 -0.83004 0.557704
    outer loop
      vertex 10.1 149.576 9.35
      vertex 0 149.481 9.20861
      vertex 10.1 149.481 9.20861
    endloop
  endfacet
  facet normal 0 -0.946306 -0.323272
    outer loop
      vertex 0 149.706 10.3365
      vertex 10.1 149.651 10.4975
      vertex 0 149.651 10.4975
    endloop
  endfacet
  facet normal 0 -0.946306 -0.323272
    outer loop
      vertex 10.1 149.651 10.4975
      vertex 0 149.706 10.3365
      vertex 10.1 149.706 10.3365
    endloop
  endfacet
  facet normal 0 0.65917 -0.751994
    outer loop
      vertex 0 147.531 10.9192
      vertex 10.1 147.659 11.0314
      vertex 10.1 147.531 10.9192
    endloop
  endfacet
  facet normal 0 0.65917 -0.751994
    outer loop
      vertex 10.1 147.659 11.0314
      vertex 0 147.531 10.9192
      vertex 0 147.659 11.0314
    endloop
  endfacet
  facet normal 0 -0.997906 -0.0646845
    outer loop
      vertex 0 149.75 10
      vertex 10.1 149.739 10.1697
      vertex 0 149.739 10.1697
    endloop
  endfacet
  facet normal 0 -0.997906 -0.0646845
    outer loop
      vertex 10.1 149.739 10.1697
      vertex 0 149.75 10
      vertex 10.1 149.75 10
    endloop
  endfacet
  facet normal 0 0.0651554 -0.997875
    outer loop
      vertex 0 148.28 11.2889
      vertex 10.1 148.45 11.3
      vertex 10.1 148.28 11.2889
    endloop
  endfacet
  facet normal 0 0.0651554 -0.997875
    outer loop
      vertex 10.1 148.45 11.3
      vertex 0 148.28 11.2889
      vertex 0 148.45 11.3
    endloop
  endfacet
  facet normal 0 -0.997905 0.0646921
    outer loop
      vertex 0 149.739 9.83032
      vertex 10.1 149.75 10
      vertex 0 149.75 10
    endloop
  endfacet
  facet normal 0 -0.997905 0.0646921
    outer loop
      vertex 10.1 149.75 10
      vertex 0 149.739 9.83032
      vertex 10.1 149.739 9.83032
    endloop
  endfacet
  facet normal 0 -0.196116 -0.980581
    outer loop
      vertex 0 148.62 11.2889
      vertex 10.1 148.786 11.2557
      vertex 10.1 148.62 11.2889
    endloop
  endfacet
  facet normal -0 -0.196116 -0.980581
    outer loop
      vertex 10.1 148.786 11.2557
      vertex 0 148.62 11.2889
      vertex 0 148.786 11.2557
    endloop
  endfacet
  facet normal 0 -0.0651554 -0.997875
    outer loop
      vertex 0 148.45 11.3
      vertex 10.1 148.62 11.2889
      vertex 10.1 148.45 11.3
    endloop
  endfacet
  facet normal -0 -0.0651554 -0.997875
    outer loop
      vertex 10.1 148.62 11.2889
      vertex 0 148.45 11.3
      vertex 0 148.62 11.2889
    endloop
  endfacet
  facet normal 0 -0.441103 -0.897457
    outer loop
      vertex 0 148.947 11.201
      vertex 10.1 149.1 11.1258
      vertex 10.1 148.947 11.201
    endloop
  endfacet
  facet normal -0 -0.441103 -0.897457
    outer loop
      vertex 10.1 149.1 11.1258
      vertex 0 148.947 11.201
      vertex 0 149.1 11.1258
    endloop
  endfacet
  facet normal 0 0.980986 -0.19408
    outer loop
      vertex 10.1 147.161 10.1697
      vertex 0 147.194 10.3365
      vertex 10.1 147.194 10.3365
    endloop
  endfacet
  facet normal 0 0.980986 -0.19408
    outer loop
      vertex 0 147.194 10.3365
      vertex 10.1 147.161 10.1697
      vertex 0 147.161 10.1697
    endloop
  endfacet
  facet normal 0 0.997906 -0.0646845
    outer loop
      vertex 10.1 147.15 10
      vertex 0 147.161 10.1697
      vertex 10.1 147.161 10.1697
    endloop
  endfacet
  facet normal 0 0.997906 -0.0646845
    outer loop
      vertex 0 147.161 10.1697
      vertex 10.1 147.15 10
      vertex 0 147.15 10
    endloop
  endfacet
  facet normal -1 0 0
    outer loop
      vertex 10.1 149.739 9.83032
      vertex 10.1 149.739 10.1697
      vertex 10.1 149.75 10
    endloop
  endfacet
  facet normal -1 0 0
    outer loop
      vertex 10.1 149.706 9.66354
      vertex 10.1 149.739 10.1697
      vertex 10.1 149.739 9.83032
    endloop
  endfacet
  facet normal -1 0 0
    outer loop
      vertex 10.1 149.706 9.66354
      vertex 10.1 149.706 10.3365
      vertex 10.1 149.739 10.1697
    endloop
  endfacet
  facet normal -1 0 0
    outer loop
      vertex 10.1 149.651 9.50251
      vertex 10.1 149.706 10.3365
      vertex 10.1 149.706 9.66354
    endloop
  endfacet
  facet normal -1 0 0
    outer loop
      vertex 10.1 149.651 9.50251
      vertex 10.1 149.651 10.4975
      vertex 10.1 149.706 10.3365
    endloop
  endfacet
  facet normal -1 0 0
    outer loop
      vertex 10.1 149.576 9.35
      vertex 10.1 149.651 10.4975
      vertex 10.1 149.651 9.50251
    endloop
  endfacet
  facet normal -1 0 0
    outer loop
      vertex 10.1 149.576 9.35
      vertex 10.1 149.576 10.65
      vertex 10.1 149.651 10.4975
    endloop
  endfacet
  facet normal -1 0 0
    outer loop
      vertex 10.1 149.481 9.20861
      vertex 10.1 149.576 10.65
      vertex 10.1 149.576 9.35
    endloop
  endfacet
  facet normal -1 0 0
    outer loop
      vertex 10.1 149.481 9.20861
      vertex 10.1 149.481 10.7914
      vertex 10.1 149.576 10.65
    endloop
  endfacet
  facet normal -1 0 0
    outer loop
      vertex 10.1 149.369 9.08076
      vertex 10.1 149.481 10.7914
      vertex 10.1 149.481 9.20861
    endloop
  endfacet
  facet normal -1 0 0
    outer loop
      vertex 10.1 149.369 9.08076
      vertex 10.1 149.369 10.9192
      vertex 10.1 149.481 10.7914
    endloop
  endfacet
  facet normal -1 0 0
    outer loop
      vertex 10.1 149.241 8.96864
      vertex 10.1 149.369 10.9192
      vertex 10.1 149.369 9.08076
    endloop
  endfacet
  facet normal -1 0 0
    outer loop
      vertex 10.1 149.241 8.96864
      vertex 10.1 149.241 11.0314
      vertex 10.1 149.369 10.9192
    endloop
  endfacet
  facet normal -1 0 0
    outer loop
      vertex 10.1 149.1 8.87417
      vertex 10.1 149.241 11.0314
      vertex 10.1 149.241 8.96864
    endloop
  endfacet
  facet normal -1 0 0
    outer loop
      vertex 10.1 149.1 8.87417
      vertex 10.1 149.1 11.1258
      vertex 10.1 149.241 11.0314
    endloop
  endfacet
  facet normal -1 0 0
    outer loop
      vertex 10.1 148.947 8.79896
      vertex 10.1 149.1 11.1258
      vertex 10.1 149.1 8.87417
    endloop
  endfacet
  facet normal -1 0 0
    outer loop
      vertex 10.1 148.947 8.79896
      vertex 10.1 148.947 11.201
      vertex 10.1 149.1 11.1258
    endloop
  endfacet
  facet normal -1 0 0
    outer loop
      vertex 10.1 148.786 8.7443
      vertex 10.1 148.947 11.201
      vertex 10.1 148.947 8.79896
    endloop
  endfacet
  facet normal -1 0 0
    outer loop
      vertex 10.1 148.786 8.7443
      vertex 10.1 148.786 11.2557
      vertex 10.1 148.947 11.201
    endloop
  endfacet
  facet normal -1 0 0
    outer loop
      vertex 10.1 148.62 8.71112
      vertex 10.1 148.786 11.2557
      vertex 10.1 148.786 8.7443
    endloop
  endfacet
  facet normal -1 0 0
    outer loop
      vertex 10.1 148.62 8.71112
      vertex 10.1 148.62 11.2889
      vertex 10.1 148.786 11.2557
    endloop
  endfacet
  facet normal -1 0 0
    outer loop
      vertex 10.1 148.45 8.7
      vertex 10.1 148.62 11.2889
      vertex 10.1 148.62 8.71112
    endloop
  endfacet
  facet normal -1 0 0
    outer loop
      vertex 10.1 148.45 8.7
      vertex 10.1 148.45 11.3
      vertex 10.1 148.62 11.2889
    endloop
  endfacet
  facet normal -1 0 0
    outer loop
      vertex 10.1 148.28 8.71112
      vertex 10.1 148.45 11.3
      vertex 10.1 148.45 8.7
    endloop
  endfacet
  facet normal -1 0 0
    outer loop
      vertex 10.1 148.28 8.71112
      vertex 10.1 148.28 11.2889
      vertex 10.1 148.45 11.3
    endloop
  endfacet
  facet normal -1 0 0
    outer loop
      vertex 10.1 148.114 8.7443
      vertex 10.1 148.28 11.2889
      vertex 10.1 148.28 8.71112
    endloop
  endfacet
  facet normal -1 0 0
    outer loop
      vertex 10.1 148.114 8.7443
      vertex 10.1 148.114 11.2557
      vertex 10.1 148.28 11.2889
    endloop
  endfacet
  facet normal -1 0 0
    outer loop
      vertex 10.1 147.953 8.79896
      vertex 10.1 148.114 11.2557
      vertex 10.1 148.114 8.7443
    endloop
  endfacet
  facet normal -1 0 0
    outer loop
      vertex 10.1 147.953 8.79896
      vertex 10.1 147.953 11.201
      vertex 10.1 148.114 11.2557
    endloop
  endfacet
  facet normal -1 0 0
    outer loop
      vertex 10.1 147.8 8.87417
      vertex 10.1 147.953 11.201
      vertex 10.1 147.953 8.79896
    endloop
  endfacet
  facet normal -1 0 0
    outer loop
      vertex 10.1 147.8 8.87417
      vertex 10.1 147.8 11.1258
      vertex 10.1 147.953 11.201
    endloop
  endfacet
  facet normal -1 0 0
    outer loop
      vertex 10.1 147.659 8.96864
      vertex 10.1 147.8 11.1258
      vertex 10.1 147.8 8.87417
    endloop
  endfacet
  facet normal -1 0 0
    outer loop
      vertex 10.1 147.659 8.96864
      vertex 10.1 147.659 11.0314
      vertex 10.1 147.8 11.1258
    endloop
  endfacet
  facet normal -1 0 0
    outer loop
      vertex 10.1 147.531 9.08076
      vertex 10.1 147.659 11.0314
      vertex 10.1 147.659 8.96864
    endloop
  endfacet
  facet normal -1 0 0
    outer loop
      vertex 10.1 147.531 9.08076
      vertex 10.1 147.531 10.9192
      vertex 10.1 147.659 11.0314
    endloop
  endfacet
  facet normal -1 0 0
    outer loop
      vertex 10.1 147.419 9.20861
      vertex 10.1 147.531 10.9192
      vertex 10.1 147.531 9.08076
    endloop
  endfacet
  facet normal -1 0 0
    outer loop
      vertex 10.1 147.419 9.20861
      vertex 10.1 147.419 10.7914
      vertex 10.1 147.531 10.9192
    endloop
  endfacet
  facet normal -1 0 0
    outer loop
      vertex 10.1 147.324 9.35
      vertex 10.1 147.419 10.7914
      vertex 10.1 147.419 9.20861
    endloop
  endfacet
  facet normal -1 0 0
    outer loop
      vertex 10.1 147.324 9.35
      vertex 10.1 147.324 10.65
      vertex 10.1 147.419 10.7914
    endloop
  endfacet
  facet normal -1 0 0
    outer loop
      vertex 10.1 147.249 9.50251
      vertex 10.1 147.324 10.65
      vertex 10.1 147.324 9.35
    endloop
  endfacet
  facet normal -1 0 0
    outer loop
      vertex 10.1 147.249 9.50251
      vertex 10.1 147.249 10.4975
      vertex 10.1 147.324 10.65
    endloop
  endfacet
  facet normal -1 0 0
    outer loop
      vertex 10.1 147.194 9.66354
      vertex 10.1 147.249 10.4975
      vertex 10.1 147.249 9.50251
    endloop
  endfacet
  facet normal -1 0 0
    outer loop
      vertex 10.1 147.194 9.66354
      vertex 10.1 147.194 10.3365
      vertex 10.1 147.249 10.4975
    endloop
  endfacet
  facet normal -1 0 0
    outer loop
      vertex 10.1 147.161 9.83032
      vertex 10.1 147.194 10.3365
      vertex 10.1 147.194 9.66354
    endloop
  endfacet
  facet normal -1 0 0
    outer loop
      vertex 10.1 147.161 9.83032
      vertex 10.1 147.161 10.1697
      vertex 10.1 147.194 10.3365
    endloop
  endfacet
  facet normal -1 0 -0
    outer loop
      vertex 10.1 147.161 10.1697
      vertex 10.1 147.161 9.83032
      vertex 10.1 147.15 10
    endloop
  endfacet
  facet normal 0 0.752194 0.658942
    outer loop
      vertex 10.1 147.531 9.08076
      vertex 0 147.419 9.20861
      vertex 10.1 147.419 9.20861
    endloop
  endfacet
  facet normal 0 0.752194 0.658942
    outer loop
      vertex 0 147.419 9.20861
      vertex 10.1 147.531 9.08076
      vertex 0 147.531 9.08076
    endloop
  endfacet
  facet normal 0 -0.556331 -0.830961
    outer loop
      vertex 0 149.1 11.1258
      vertex 10.1 149.241 11.0314
      vertex 10.1 149.1 11.1258
    endloop
  endfacet
  facet normal -0 -0.556331 -0.830961
    outer loop
      vertex 10.1 149.241 11.0314
      vertex 0 149.1 11.1258
      vertex 0 149.241 11.0314
    endloop
  endfacet
  facet normal 0 0.946324 0.323218
    outer loop
      vertex 256 147.249 9.50251
      vertex 245.9 147.194 9.66354
      vertex 256 147.194 9.66354
    endloop
  endfacet
  facet normal 0 0.946324 0.323218
    outer loop
      vertex 245.9 147.194 9.66354
      vertex 256 147.249 9.50251
      vertex 245.9 147.249 9.50251
    endloop
  endfacet
  facet normal 0 -0.321481 0.946916
    outer loop
      vertex 245.9 148.947 8.79896
      vertex 256 148.786 8.7443
      vertex 256 148.947 8.79896
    endloop
  endfacet
  facet normal 0 -0.321481 0.946916
    outer loop
      vertex 256 148.786 8.7443
      vertex 245.9 148.947 8.79896
      vertex 245.9 148.786 8.7443
    endloop
  endfacet
  facet normal 0 -0.321692 -0.946844
    outer loop
      vertex 245.9 148.786 11.2557
      vertex 256 148.947 11.201
      vertex 256 148.786 11.2557
    endloop
  endfacet
  facet normal -0 -0.321692 -0.946844
    outer loop
      vertex 256 148.947 11.201
      vertex 245.9 148.786 11.2557
      vertex 245.9 148.947 11.201
    endloop
  endfacet
  facet normal 0 -0.0652723 0.997867
    outer loop
      vertex 245.9 148.62 8.71112
      vertex 256 148.45 8.7
      vertex 256 148.62 8.71112
    endloop
  endfacet
  facet normal 0 -0.0652723 0.997867
    outer loop
      vertex 256 148.45 8.7
      vertex 245.9 148.62 8.71112
      vertex 245.9 148.45 8.7
    endloop
  endfacet
  facet normal 0 -0.556616 0.83077
    outer loop
      vertex 245.9 149.241 8.96864
      vertex 256 149.1 8.87417
      vertex 256 149.241 8.96864
    endloop
  endfacet
  facet normal 0 -0.556616 0.83077
    outer loop
      vertex 256 149.1 8.87417
      vertex 245.9 149.241 8.96864
      vertex 245.9 149.1 8.87417
    endloop
  endfacet
  facet normal 0 -0.44115 0.897433
    outer loop
      vertex 245.9 149.1 8.87417
      vertex 256 148.947 8.79896
      vertex 256 149.1 8.87417
    endloop
  endfacet
  facet normal 0 -0.44115 0.897433
    outer loop
      vertex 256 148.947 8.79896
      vertex 245.9 149.1 8.87417
      vertex 245.9 148.947 8.79896
    endloop
  endfacet
  facet normal 0 -0.946324 0.323218
    outer loop
      vertex 245.9 149.651 9.50251
      vertex 256 149.706 9.66354
      vertex 245.9 149.706 9.66354
    endloop
  endfacet
  facet normal 0 -0.946324 0.323218
    outer loop
      vertex 256 149.706 9.66354
      vertex 245.9 149.651 9.50251
      vertex 256 149.651 9.50251
    endloop
  endfacet
  facet normal 0 -0.752066 -0.659088
    outer loop
      vertex 245.9 149.481 10.7914
      vertex 256 149.369 10.9192
      vertex 245.9 149.369 10.9192
    endloop
  endfacet
  facet normal 0 -0.752066 -0.659088
    outer loop
      vertex 256 149.369 10.9192
      vertex 245.9 149.481 10.7914
      vertex 256 149.481 10.7914
    endloop
  endfacet
  facet normal 0 -0.897361 0.441296
    outer loop
      vertex 245.9 149.576 9.35
      vertex 256 149.651 9.50251
      vertex 245.9 149.651 9.50251
    endloop
  endfacet
  facet normal 0 -0.897361 0.441296
    outer loop
      vertex 256 149.651 9.50251
      vertex 245.9 149.576 9.35
      vertex 256 149.576 9.35
    endloop
  endfacet
  facet normal 1 0 0
    outer loop
      vertex 245.9 149.739 10.1697
      vertex 245.9 149.739 9.83032
      vertex 245.9 149.75 10
    endloop
  endfacet
  facet normal 1 0 0
    outer loop
      vertex 245.9 149.706 10.3365
      vertex 245.9 149.739 9.83032
      vertex 245.9 149.739 10.1697
    endloop
  endfacet
  facet normal 1 0 0
    outer loop
      vertex 245.9 149.706 10.3365
      vertex 245.9 149.706 9.66354
      vertex 245.9 149.739 9.83032
    endloop
  endfacet
  facet normal 1 0 0
    outer loop
      vertex 245.9 149.651 10.4975
      vertex 245.9 149.706 9.66354
      vertex 245.9 149.706 10.3365
    endloop
  endfacet
  facet normal 1 0 0
    outer loop
      vertex 245.9 149.651 10.4975
      vertex 245.9 149.651 9.50251
      vertex 245.9 149.706 9.66354
    endloop
  endfacet
  facet normal 1 0 0
    outer loop
      vertex 245.9 149.576 10.65
      vertex 245.9 149.651 9.50251
      vertex 245.9 149.651 10.4975
    endloop
  endfacet
  facet normal 1 0 0
    outer loop
      vertex 245.9 149.576 10.65
      vertex 245.9 149.576 9.35
      vertex 245.9 149.651 9.50251
    endloop
  endfacet
  facet normal 1 0 0
    outer loop
      vertex 245.9 149.481 10.7914
      vertex 245.9 149.576 9.35
      vertex 245.9 149.576 10.65
    endloop
  endfacet
  facet normal 1 0 0
    outer loop
      vertex 245.9 149.481 10.7914
      vertex 245.9 149.481 9.20861
      vertex 245.9 149.576 9.35
    endloop
  endfacet
  facet normal 1 0 0
    outer loop
      vertex 245.9 149.369 10.9192
      vertex 245.9 149.481 9.20861
      vertex 245.9 149.481 10.7914
    endloop
  endfacet
  facet normal 1 0 0
    outer loop
      vertex 245.9 149.369 10.9192
      vertex 245.9 149.369 9.08076
      vertex 245.9 149.481 9.20861
    endloop
  endfacet
  facet normal 1 0 0
    outer loop
      vertex 245.9 149.241 11.0314
      vertex 245.9 149.369 9.08076
      vertex 245.9 149.369 10.9192
    endloop
  endfacet
  facet normal 1 0 0
    outer loop
      vertex 245.9 149.241 11.0314
      vertex 245.9 149.241 8.96864
      vertex 245.9 149.369 9.08076
    endloop
  endfacet
  facet normal 1 0 0
    outer loop
      vertex 245.9 149.1 11.1258
      vertex 245.9 149.241 8.96864
      vertex 245.9 149.241 11.0314
    endloop
  endfacet
  facet normal 1 0 0
    outer loop
      vertex 245.9 149.1 11.1258
      vertex 245.9 149.1 8.87417
      vertex 245.9 149.241 8.96864
    endloop
  endfacet
  facet normal 1 0 0
    outer loop
      vertex 245.9 148.947 11.201
      vertex 245.9 149.1 8.87417
      vertex 245.9 149.1 11.1258
    endloop
  endfacet
  facet normal 1 0 0
    outer loop
      vertex 245.9 148.947 11.201
      vertex 245.9 148.947 8.79896
      vertex 245.9 149.1 8.87417
    endloop
  endfacet
  facet normal 1 0 0
    outer loop
      vertex 245.9 148.786 11.2557
      vertex 245.9 148.947 8.79896
      vertex 245.9 148.947 11.201
    endloop
  endfacet
  facet normal 1 0 0
    outer loop
      vertex 245.9 148.786 11.2557
      vertex 245.9 148.786 8.7443
      vertex 245.9 148.947 8.79896
    endloop
  endfacet
  facet normal 1 0 0
    outer loop
      vertex 245.9 148.62 11.2889
      vertex 245.9 148.786 8.7443
      vertex 245.9 148.786 11.2557
    endloop
  endfacet
  facet normal 1 0 0
    outer loop
      vertex 245.9 148.62 11.2889
      vertex 245.9 148.62 8.71112
      vertex 245.9 148.786 8.7443
    endloop
  endfacet
  facet normal 1 0 0
    outer loop
      vertex 245.9 148.45 11.3
      vertex 245.9 148.62 8.71112
      vertex 245.9 148.62 11.2889
    endloop
  endfacet
  facet normal 1 0 0
    outer loop
      vertex 245.9 148.45 11.3
      vertex 245.9 148.45 8.7
      vertex 245.9 148.62 8.71112
    endloop
  endfacet
  facet normal 1 -0 0
    outer loop
      vertex 245.9 148.28 11.2889
      vertex 245.9 148.45 8.7
      vertex 245.9 148.45 11.3
    endloop
  endfacet
  facet normal 1 0 0
    outer loop
      vertex 245.9 148.28 11.2889
      vertex 245.9 148.28 8.71112
      vertex 245.9 148.45 8.7
    endloop
  endfacet
  facet normal 1 -0 0
    outer loop
      vertex 245.9 148.114 11.2557
      vertex 245.9 148.28 8.71112
      vertex 245.9 148.28 11.2889
    endloop
  endfacet
  facet normal 1 0 0
    outer loop
      vertex 245.9 148.114 11.2557
      vertex 245.9 148.114 8.7443
      vertex 245.9 148.28 8.71112
    endloop
  endfacet
  facet normal 1 -0 0
    outer loop
      vertex 245.9 147.953 11.201
      vertex 245.9 148.114 8.7443
      vertex 245.9 148.114 11.2557
    endloop
  endfacet
  facet normal 1 0 0
    outer loop
      vertex 245.9 147.953 11.201
      vertex 245.9 147.953 8.79896
      vertex 245.9 148.114 8.7443
    endloop
  endfacet
  facet normal 1 -0 0
    outer loop
      vertex 245.9 147.8 11.1258
      vertex 245.9 147.953 8.79896
      vertex 245.9 147.953 11.201
    endloop
  endfacet
  facet normal 1 0 0
    outer loop
      vertex 245.9 147.8 11.1258
      vertex 245.9 147.8 8.87417
      vertex 245.9 147.953 8.79896
    endloop
  endfacet
  facet normal 1 -0 0
    outer loop
      vertex 245.9 147.659 11.0314
      vertex 245.9 147.8 8.87417
      vertex 245.9 147.8 11.1258
    endloop
  endfacet
  facet normal 1 0 0
    outer loop
      vertex 245.9 147.659 11.0314
      vertex 245.9 147.659 8.96864
      vertex 245.9 147.8 8.87417
    endloop
  endfacet
  facet normal 1 -0 0
    outer loop
      vertex 245.9 147.531 10.9192
      vertex 245.9 147.659 8.96864
      vertex 245.9 147.659 11.0314
    endloop
  endfacet
  facet normal 1 0 0
    outer loop
      vertex 245.9 147.531 10.9192
      vertex 245.9 147.531 9.08076
      vertex 245.9 147.659 8.96864
    endloop
  endfacet
  facet normal 1 -0 0
    outer loop
      vertex 245.9 147.419 10.7914
      vertex 245.9 147.531 9.08076
      vertex 245.9 147.531 10.9192
    endloop
  endfacet
  facet normal 1 0 0
    outer loop
      vertex 245.9 147.419 10.7914
      vertex 245.9 147.419 9.20861
      vertex 245.9 147.531 9.08076
    endloop
  endfacet
  facet normal 1 -0 0
    outer loop
      vertex 245.9 147.324 10.65
      vertex 245.9 147.419 9.20861
      vertex 245.9 147.419 10.7914
    endloop
  endfacet
  facet normal 1 0 0
    outer loop
      vertex 245.9 147.324 10.65
      vertex 245.9 147.324 9.35
      vertex 245.9 147.419 9.20861
    endloop
  endfacet
  facet normal 1 -0 0
    outer loop
      vertex 245.9 147.249 10.4975
      vertex 245.9 147.324 9.35
      vertex 245.9 147.324 10.65
    endloop
  endfacet
  facet normal 1 0 0
    outer loop
      vertex 245.9 147.249 10.4975
      vertex 245.9 147.249 9.50251
      vertex 245.9 147.324 9.35
    endloop
  endfacet
  facet normal 1 -0 0
    outer loop
      vertex 245.9 147.194 10.3365
      vertex 245.9 147.249 9.50251
      vertex 245.9 147.249 10.4975
    endloop
  endfacet
  facet normal 1 0 0
    outer loop
      vertex 245.9 147.194 10.3365
      vertex 245.9 147.194 9.66354
      vertex 245.9 147.249 9.50251
    endloop
  endfacet
  facet normal 1 -0 0
    outer loop
      vertex 245.9 147.161 10.1697
      vertex 245.9 147.194 9.66354
      vertex 245.9 147.194 10.3365
    endloop
  endfacet
  facet normal 1 0 0
    outer loop
      vertex 245.9 147.161 10.1697
      vertex 245.9 147.161 9.83032
      vertex 245.9 147.194 9.66354
    endloop
  endfacet
  facet normal 1 0 -0
    outer loop
      vertex 245.9 147.161 9.83032
      vertex 245.9 147.161 10.1697
      vertex 245.9 147.15 10
    endloop
  endfacet
  facet normal 0 0.89735 -0.44132
    outer loop
      vertex 256 147.249 10.4975
      vertex 245.9 147.324 10.65
      vertex 256 147.324 10.65
    endloop
  endfacet
  facet normal 0 0.89735 -0.44132
    outer loop
      vertex 245.9 147.324 10.65
      vertex 256 147.249 10.4975
      vertex 245.9 147.249 10.4975
    endloop
  endfacet
  facet normal 0 -0.752194 0.658942
    outer loop
      vertex 245.9 149.369 9.08076
      vertex 256 149.481 9.20861
      vertex 245.9 149.481 9.20861
    endloop
  endfacet
  facet normal 0 -0.752194 0.658942
    outer loop
      vertex 256 149.481 9.20861
      vertex 245.9 149.369 9.08076
      vertex 256 149.369 9.08076
    endloop
  endfacet
  facet normal 0 0.196116 -0.980581
    outer loop
      vertex 245.9 148.114 11.2557
      vertex 256 148.28 11.2889
      vertex 256 148.114 11.2557
    endloop
  endfacet
  facet normal 0 0.196116 -0.980581
    outer loop
      vertex 256 148.28 11.2889
      vertex 245.9 148.114 11.2557
      vertex 245.9 148.28 11.2889
    endloop
  endfacet
  facet normal 0 0.830058 -0.557677
    outer loop
      vertex 256 147.324 10.65
      vertex 245.9 147.419 10.7914
      vertex 256 147.419 10.7914
    endloop
  endfacet
  facet normal 0 0.830058 -0.557677
    outer loop
      vertex 245.9 147.419 10.7914
      vertex 256 147.324 10.65
      vertex 245.9 147.324 10.65
    endloop
  endfacet
  facet normal 0 0.897361 0.441296
    outer loop
      vertex 256 147.324 9.35
      vertex 245.9 147.249 9.50251
      vertex 256 147.249 9.50251
    endloop
  endfacet
  facet normal 0 0.897361 0.441296
    outer loop
      vertex 245.9 147.249 9.50251
      vertex 256 147.324 9.35
      vertex 245.9 147.324 9.35
    endloop
  endfacet
  facet normal 0 -0.89735 -0.44132
    outer loop
      vertex 245.9 149.651 10.4975
      vertex 256 149.576 10.65
      vertex 245.9 149.576 10.65
    endloop
  endfacet
  facet normal 0 -0.89735 -0.44132
    outer loop
      vertex 256 149.576 10.65
      vertex 245.9 149.651 10.4975
      vertex 256 149.651 10.4975
    endloop
  endfacet
  facet normal -0 0.556616 0.83077
    outer loop
      vertex 245.9 147.8 8.87417
      vertex 256 147.659 8.96864
      vertex 256 147.8 8.87417
    endloop
  endfacet
  facet normal 0 0.556616 0.83077
    outer loop
      vertex 256 147.659 8.96864
      vertex 245.9 147.8 8.87417
      vertex 245.9 147.659 8.96864
    endloop
  endfacet
  facet normal 0 0.980981 0.194102
    outer loop
      vertex 256 147.194 9.66354
      vertex 245.9 147.161 9.83032
      vertex 256 147.161 9.83032
    endloop
  endfacet
  facet normal 0 0.980981 0.194102
    outer loop
      vertex 245.9 147.161 9.83032
      vertex 256 147.194 9.66354
      vertex 245.9 147.194 9.66354
    endloop
  endfacet
  facet normal -0 0.196003 0.980603
    outer loop
      vertex 245.9 148.28 8.71112
      vertex 256 148.114 8.7443
      vertex 256 148.28 8.71112
    endloop
  endfacet
  facet normal 0 0.196003 0.980603
    outer loop
      vertex 256 148.114 8.7443
      vertex 245.9 148.28 8.71112
      vertex 245.9 148.114 8.7443
    endloop
  endfacet
  facet normal 0 0.83004 0.557704
    outer loop
      vertex 256 147.419 9.20861
      vertex 245.9 147.324 9.35
      vertex 256 147.324 9.35
    endloop
  endfacet
  facet normal 0 0.83004 0.557704
    outer loop
      vertex 245.9 147.324 9.35
      vertex 256 147.419 9.20861
      vertex 245.9 147.419 9.20861
    endloop
  endfacet
  facet normal 0 -0.980986 -0.19408
    outer loop
      vertex 245.9 149.739 10.1697
      vertex 256 149.706 10.3365
      vertex 245.9 149.706 10.3365
    endloop
  endfacet
  facet normal 0 -0.980986 -0.19408
    outer loop
      vertex 256 149.706 10.3365
      vertex 245.9 149.739 10.1697
      vertex 256 149.739 10.1697
    endloop
  endfacet
  facet normal -0 0.44115 0.897433
    outer loop
      vertex 245.9 147.953 8.79896
      vertex 256 147.8 8.87417
      vertex 256 147.953 8.79896
    endloop
  endfacet
  facet normal 0 0.44115 0.897433
    outer loop
      vertex 256 147.8 8.87417
      vertex 245.9 147.953 8.79896
      vertex 245.9 147.8 8.87417
    endloop
  endfacet
  facet normal 0 -0.830058 -0.557677
    outer loop
      vertex 245.9 149.576 10.65
      vertex 256 149.481 10.7914
      vertex 245.9 149.481 10.7914
    endloop
  endfacet
  facet normal 0 -0.830058 -0.557677
    outer loop
      vertex 256 149.481 10.7914
      vertex 245.9 149.576 10.65
      vertex 256 149.576 10.65
    endloop
  endfacet
  facet normal 0 0.752066 -0.659088
    outer loop
      vertex 256 147.419 10.7914
      vertex 245.9 147.531 10.9192
      vertex 256 147.531 10.9192
    endloop
  endfacet
  facet normal 0 0.752066 -0.659088
    outer loop
      vertex 245.9 147.531 10.9192
      vertex 256 147.419 10.7914
      vertex 245.9 147.419 10.7914
    endloop
  endfacet
  facet normal -0 0.658904 0.752227
    outer loop
      vertex 245.9 147.659 8.96864
      vertex 256 147.531 9.08076
      vertex 256 147.659 8.96864
    endloop
  endfacet
  facet normal 0 0.658904 0.752227
    outer loop
      vertex 256 147.531 9.08076
      vertex 245.9 147.659 8.96864
      vertex 245.9 147.531 9.08076
    endloop
  endfacet
  facet normal 0 -0.196003 0.980603
    outer loop
      vertex 245.9 148.786 8.7443
      vertex 256 148.62 8.71112
      vertex 256 148.786 8.7443
    endloop
  endfacet
  facet normal 0 -0.196003 0.980603
    outer loop
      vertex 256 148.62 8.71112
      vertex 245.9 148.786 8.7443
      vertex 245.9 148.62 8.71112
    endloop
  endfacet
  facet normal -0 0.0652723 0.997867
    outer loop
      vertex 245.9 148.45 8.7
      vertex 256 148.28 8.71112
      vertex 256 148.45 8.7
    endloop
  endfacet
  facet normal 0 0.0652723 0.997867
    outer loop
      vertex 256 148.28 8.71112
      vertex 245.9 148.45 8.7
      vertex 245.9 148.28 8.71112
    endloop
  endfacet
  facet normal 0 0.946306 -0.323272
    outer loop
      vertex 256 147.194 10.3365
      vertex 245.9 147.249 10.4975
      vertex 256 147.249 10.4975
    endloop
  endfacet
  facet normal 0 0.946306 -0.323272
    outer loop
      vertex 245.9 147.249 10.4975
      vertex 256 147.194 10.3365
      vertex 245.9 147.194 10.3365
    endloop
  endfacet
  facet normal 0 0.997905 0.0646921
    outer loop
      vertex 256 147.161 9.83032
      vertex 245.9 147.15 10
      vertex 256 147.15 10
    endloop
  endfacet
  facet normal 0 0.997905 0.0646921
    outer loop
      vertex 245.9 147.15 10
      vertex 256 147.161 9.83032
      vertex 245.9 147.161 9.83032
    endloop
  endfacet
  facet normal 0 0.441103 -0.897457
    outer loop
      vertex 245.9 147.8 11.1258
      vertex 256 147.953 11.201
      vertex 256 147.8 11.1258
    endloop
  endfacet
  facet normal 0 0.441103 -0.897457
    outer loop
      vertex 256 147.953 11.201
      vertex 245.9 147.8 11.1258
      vertex 245.9 147.953 11.201
    endloop
  endfacet
  facet normal 0 0.556331 -0.830961
    outer loop
      vertex 245.9 147.659 11.0314
      vertex 256 147.8 11.1258
      vertex 256 147.659 11.0314
    endloop
  endfacet
  facet normal 0 0.556331 -0.830961
    outer loop
      vertex 256 147.8 11.1258
      vertex 245.9 147.659 11.0314
      vertex 245.9 147.8 11.1258
    endloop
  endfacet
  facet normal 0 -0.980981 0.194102
    outer loop
      vertex 245.9 149.706 9.66354
      vertex 256 149.739 9.83032
      vertex 245.9 149.739 9.83032
    endloop
  endfacet
  facet normal 0 -0.980981 0.194102
    outer loop
      vertex 256 149.739 9.83032
      vertex 245.9 149.706 9.66354
      vertex 256 149.706 9.66354
    endloop
  endfacet
  facet normal -0 0.321481 0.946916
    outer loop
      vertex 245.9 148.114 8.7443
      vertex 256 147.953 8.79896
      vertex 256 148.114 8.7443
    endloop
  endfacet
  facet normal 0 0.321481 0.946916
    outer loop
      vertex 256 147.953 8.79896
      vertex 245.9 148.114 8.7443
      vertex 245.9 147.953 8.79896
    endloop
  endfacet
  facet normal 0 -0.65917 -0.751994
    outer loop
      vertex 245.9 149.241 11.0314
      vertex 256 149.369 10.9192
      vertex 256 149.241 11.0314
    endloop
  endfacet
  facet normal -0 -0.65917 -0.751994
    outer loop
      vertex 256 149.369 10.9192
      vertex 245.9 149.241 11.0314
      vertex 245.9 149.369 10.9192
    endloop
  endfacet
  facet normal 0 0.321692 -0.946844
    outer loop
      vertex 245.9 147.953 11.201
      vertex 256 148.114 11.2557
      vertex 256 147.953 11.201
    endloop
  endfacet
  facet normal 0 0.321692 -0.946844
    outer loop
      vertex 256 148.114 11.2557
      vertex 245.9 147.953 11.201
      vertex 245.9 148.114 11.2557
    endloop
  endfacet
  facet normal 0 -0.83004 0.557704
    outer loop
      vertex 245.9 149.481 9.20861
      vertex 256 149.576 9.35
      vertex 245.9 149.576 9.35
    endloop
  endfacet
  facet normal 0 -0.83004 0.557704
    outer loop
      vertex 256 149.576 9.35
      vertex 245.9 149.481 9.20861
      vertex 256 149.481 9.20861
    endloop
  endfacet
  facet normal 0 -0.946306 -0.323272
    outer loop
      vertex 245.9 149.706 10.3365
      vertex 256 149.651 10.4975
      vertex 245.9 149.651 10.4975
    endloop
  endfacet
  facet normal 0 -0.946306 -0.323272
    outer loop
      vertex 256 149.651 10.4975
      vertex 245.9 149.706 10.3365
      vertex 256 149.706 10.3365
    endloop
  endfacet
  facet normal 0 0.65917 -0.751994
    outer loop
      vertex 245.9 147.531 10.9192
      vertex 256 147.659 11.0314
      vertex 256 147.531 10.9192
    endloop
  endfacet
  facet normal 0 0.65917 -0.751994
    outer loop
      vertex 256 147.659 11.0314
      vertex 245.9 147.531 10.9192
      vertex 245.9 147.659 11.0314
    endloop
  endfacet
  facet normal 0 -0.997906 -0.0646845
    outer loop
      vertex 245.9 149.75 10
      vertex 256 149.739 10.1697
      vertex 245.9 149.739 10.1697
    endloop
  endfacet
  facet normal 0 -0.997906 -0.0646845
    outer loop
      vertex 256 149.739 10.1697
      vertex 245.9 149.75 10
      vertex 256 149.75 10
    endloop
  endfacet
  facet normal 0 0.0651554 -0.997875
    outer loop
      vertex 245.9 148.28 11.2889
      vertex 256 148.45 11.3
      vertex 256 148.28 11.2889
    endloop
  endfacet
  facet normal 0 0.0651554 -0.997875
    outer loop
      vertex 256 148.45 11.3
      vertex 245.9 148.28 11.2889
      vertex 245.9 148.45 11.3
    endloop
  endfacet
  facet normal 0 -0.658904 0.752227
    outer loop
      vertex 245.9 149.369 9.08076
      vertex 256 149.241 8.96864
      vertex 256 149.369 9.08076
    endloop
  endfacet
  facet normal 0 -0.658904 0.752227
    outer loop
      vertex 256 149.241 8.96864
      vertex 245.9 149.369 9.08076
      vertex 245.9 149.241 8.96864
    endloop
  endfacet
  facet normal 0 -0.997905 0.0646921
    outer loop
      vertex 245.9 149.739 9.83032
      vertex 256 149.75 10
      vertex 245.9 149.75 10
    endloop
  endfacet
  facet normal 0 -0.997905 0.0646921
    outer loop
      vertex 256 149.75 10
      vertex 245.9 149.739 9.83032
      vertex 256 149.739 9.83032
    endloop
  endfacet
  facet normal 0 -0.196116 -0.980581
    outer loop
      vertex 245.9 148.62 11.2889
      vertex 256 148.786 11.2557
      vertex 256 148.62 11.2889
    endloop
  endfacet
  facet normal -0 -0.196116 -0.980581
    outer loop
      vertex 256 148.786 11.2557
      vertex 245.9 148.62 11.2889
      vertex 245.9 148.786 11.2557
    endloop
  endfacet
  facet normal 0 -0.0651554 -0.997875
    outer loop
      vertex 245.9 148.45 11.3
      vertex 256 148.62 11.2889
      vertex 256 148.45 11.3
    endloop
  endfacet
  facet normal -0 -0.0651554 -0.997875
    outer loop
      vertex 256 148.62 11.2889
      vertex 245.9 148.45 11.3
      vertex 245.9 148.62 11.2889
    endloop
  endfacet
  facet normal 0 -0.441103 -0.897457
    outer loop
      vertex 245.9 148.947 11.201
      vertex 256 149.1 11.1258
      vertex 256 148.947 11.201
    endloop
  endfacet
  facet normal -0 -0.441103 -0.897457
    outer loop
      vertex 256 149.1 11.1258
      vertex 245.9 148.947 11.201
      vertex 245.9 149.1 11.1258
    endloop
  endfacet
  facet normal 0 0.980986 -0.19408
    outer loop
      vertex 256 147.161 10.1697
      vertex 245.9 147.194 10.3365
      vertex 256 147.194 10.3365
    endloop
  endfacet
  facet normal 0 0.980986 -0.19408
    outer loop
      vertex 245.9 147.194 10.3365
      vertex 256 147.161 10.1697
      vertex 245.9 147.161 10.1697
    endloop
  endfacet
  facet normal 0 0.997906 -0.0646845
    outer loop
      vertex 256 147.15 10
      vertex 245.9 147.161 10.1697
      vertex 256 147.161 10.1697
    endloop
  endfacet
  facet normal 0 0.997906 -0.0646845
    outer loop
      vertex 245.9 147.161 10.1697
      vertex 256 147.15 10
      vertex 245.9 147.15 10
    endloop
  endfacet
  facet normal 0 0.752194 0.658942
    outer loop
      vertex 256 147.531 9.08076
      vertex 245.9 147.419 9.20861
      vertex 256 147.419 9.20861
    endloop
  endfacet
  facet normal 0 0.752194 0.658942
    outer loop
      vertex 245.9 147.419 9.20861
      vertex 256 147.531 9.08076
      vertex 245.9 147.531 9.08076
    endloop
  endfacet
  facet normal 0 -0.556331 -0.830961
    outer loop
      vertex 245.9 149.1 11.1258
      vertex 256 149.241 11.0314
      vertex 256 149.1 11.1258
    endloop
  endfacet
  facet normal -0 -0.556331 -0.830961
    outer loop
      vertex 256 149.241 11.0314
      vertex 245.9 149.1 11.1258
      vertex 245.9 149.241 11.0314
    endloop
  endfacet
  facet normal 0 0.751829 0.659358
    outer loop
      vertex 256 3.43873 24.7387
      vertex 0 3.05925 25.1714
      vertex 256 3.05925 25.1714
    endloop
  endfacet
  facet normal 0 0.751829 0.659358
    outer loop
      vertex 0 3.05925 25.1714
      vertex 256 3.43873 24.7387
      vertex 0 3.43873 24.7387
    endloop
  endfacet
  facet normal 0 -0.32143 0.946933
    outer loop
      vertex 0 8.23381 23.7849
      vertex 256 7.6888 23.5999
      vertex 256 8.23381 23.7849
    endloop
  endfacet
  facet normal 0 -0.32143 0.946933
    outer loop
      vertex 256 7.6888 23.5999
      vertex 0 8.23381 23.7849
      vertex 0 7.6888 23.5999
    endloop
  endfacet
  facet normal 0 0.997859 -0.0654003
    outer loop
      vertex 256 2.15 27.85
      vertex 0 2.18764 28.4243
      vertex 256 2.18764 28.4243
    endloop
  endfacet
  facet normal 0 0.997859 -0.0654003
    outer loop
      vertex 0 2.18764 28.4243
      vertex 256 2.15 27.85
      vertex 0 2.15 27.85
    endloop
  endfacet
  facet normal 0 -0.555502 0.831515
    outer loop
      vertex 0 9.22855 24.3592
      vertex 256 8.75 24.0395
      vertex 256 9.22855 24.3592
    endloop
  endfacet
  facet normal 0 -0.555502 0.831515
    outer loop
      vertex 256 8.75 24.0395
      vertex 0 9.22855 24.3592
      vertex 0 8.75 24.0395
    endloop
  endfacet
  facet normal -0 0.555502 0.831515
    outer loop
      vertex 0 4.35 24.0395
      vertex 256 3.87145 24.3592
      vertex 256 4.35 24.0395
    endloop
  endfacet
  facet normal 0 0.555502 0.831515
    outer loop
      vertex 256 3.87145 24.3592
      vertex 0 4.35 24.0395
      vertex 0 3.87145 24.3592
    endloop
  endfacet
  facet normal -0 0.0653289 0.997864
    outer loop
      vertex 0 6.55 23.45
      vertex 256 5.97568 23.4876
      vertex 256 6.55 23.45
    endloop
  endfacet
  facet normal 0 0.0653289 0.997864
    outer loop
      vertex 256 5.97568 23.4876
      vertex 0 6.55 23.45
      vertex 0 5.97568 23.4876
    endloop
  endfacet
  facet normal 0 0.946931 0.321435
    outer loop
      vertex 256 2.48493 26.1662
      vertex 0 2.29993 26.7112
      vertex 256 2.29993 26.7112
    endloop
  endfacet
  facet normal 0 0.946931 0.321435
    outer loop
      vertex 0 2.29993 26.7112
      vertex 256 2.48493 26.1662
      vertex 0 2.48493 26.1662
    endloop
  endfacet
  facet normal 0 -0.442349 0.896843
    outer loop
      vertex 0 8.75 24.0395
      vertex 256 8.23381 23.7849
      vertex 256 8.75 24.0395
    endloop
  endfacet
  facet normal 0 -0.442349 0.896843
    outer loop
      vertex 256 8.23381 23.7849
      vertex 0 8.75 24.0395
      vertex 0 8.23381 23.7849
    endloop
  endfacet
  facet normal 0 -0.980781 -0.195114
    outer loop
      vertex 0 10.9124 28.4243
      vertex 256 10.8001 28.9888
      vertex 0 10.8001 28.9888
    endloop
  endfacet
  facet normal 0 -0.980781 -0.195114
    outer loop
      vertex 256 10.8001 28.9888
      vertex 0 10.9124 28.4243
      vertex 256 10.9124 28.4243
    endloop
  endfacet
  facet normal -0 0.65936 0.751827
    outer loop
      vertex 0 3.87145 24.3592
      vertex 256 3.43873 24.7387
      vertex 256 3.87145 24.3592
    endloop
  endfacet
  facet normal 0 0.65936 0.751827
    outer loop
      vertex 256 3.43873 24.7387
      vertex 0 3.87145 24.3592
      vertex 0 3.43873 24.7387
    endloop
  endfacet
  facet normal 0 -0.06533 0.997864
    outer loop
      vertex 0 7.12431 23.4876
      vertex 256 6.55 23.45
      vertex 256 7.12431 23.4876
    endloop
  endfacet
  facet normal 0 -0.06533 0.997864
    outer loop
      vertex 256 6.55 23.45
      vertex 0 7.12431 23.4876
      vertex 0 6.55 23.45
    endloop
  endfacet
  facet normal 0 0.442349 -0.896843
    outer loop
      vertex 0 4.35 31.6605
      vertex 256 4.86619 31.9151
      vertex 256 4.35 31.6605
    endloop
  endfacet
  facet normal 0 0.442349 -0.896843
    outer loop
      vertex 256 4.86619 31.9151
      vertex 0 4.35 31.6605
      vertex 0 4.86619 31.9151
    endloop
  endfacet
  facet normal -0 0.442349 0.896843
    outer loop
      vertex 0 4.86619 23.7849
      vertex 256 4.35 24.0395
      vertex 256 4.86619 23.7849
    endloop
  endfacet
  facet normal 0 0.442349 0.896843
    outer loop
      vertex 256 4.35 24.0395
      vertex 0 4.86619 23.7849
      vertex 0 4.35 24.0395
    endloop
  endfacet
  facet normal 0 -0.997864 0.0653311
    outer loop
      vertex 0 10.9124 27.2757
      vertex 256 10.95 27.85
      vertex 0 10.95 27.85
    endloop
  endfacet
  facet normal 0 -0.997864 0.0653311
    outer loop
      vertex 256 10.95 27.85
      vertex 0 10.9124 27.2757
      vertex 256 10.9124 27.2757
    endloop
  endfacet
  facet normal 0 -0.555502 -0.831515
    outer loop
      vertex 0 8.75 31.6605
      vertex 256 9.22855 31.3408
      vertex 256 8.75 31.6605
    endloop
  endfacet
  facet normal -0 -0.555502 -0.831515
    outer loop
      vertex 256 9.22855 31.3408
      vertex 0 8.75 31.6605
      vertex 0 9.22855 31.3408
    endloop
  endfacet
  facet normal 0 -0.946931 0.321435
    outer loop
      vertex 0 10.6151 26.1662
      vertex 256 10.8001 26.7112
      vertex 0 10.8001 26.7112
    endloop
  endfacet
  facet normal 0 -0.946931 0.321435
    outer loop
      vertex 256 10.8001 26.7112
      vertex 0 10.6151 26.1662
      vertex 256 10.6151 26.1662
    endloop
  endfacet
  facet normal 0 -0.65936 -0.751827
    outer loop
      vertex 0 9.22855 31.3408
      vertex 256 9.66127 30.9613
      vertex 256 9.22855 31.3408
    endloop
  endfacet
  facet normal -0 -0.65936 -0.751827
    outer loop
      vertex 256 9.66127 30.9613
      vertex 0 9.22855 31.3408
      vertex 0 9.66127 30.9613
    endloop
  endfacet
  facet normal 0 -0.831542 0.555462
    outer loop
      vertex 0 10.0408 25.1714
      vertex 256 10.3605 25.65
      vertex 0 10.3605 25.65
    endloop
  endfacet
  facet normal 0 -0.831542 0.555462
    outer loop
      vertex 256 10.3605 25.65
      vertex 0 10.0408 25.1714
      vertex 256 10.0408 25.1714
    endloop
  endfacet
  facet normal 0 -0.946931 -0.321435
    outer loop
      vertex 0 10.8001 28.9888
      vertex 256 10.6151 29.5338
      vertex 0 10.6151 29.5338
    endloop
  endfacet
  facet normal 0 -0.946931 -0.321435
    outer loop
      vertex 256 10.6151 29.5338
      vertex 0 10.8001 28.9888
      vertex 256 10.8001 28.9888
    endloop
  endfacet
  facet normal 0 0.980784 0.195097
    outer loop
      vertex 256 2.29993 26.7112
      vertex 0 2.18764 27.2757
      vertex 256 2.18764 27.2757
    endloop
  endfacet
  facet normal 0 0.980784 0.195097
    outer loop
      vertex 0 2.18764 27.2757
      vertex 256 2.29993 26.7112
      vertex 0 2.29993 26.7112
    endloop
  endfacet
  facet normal 0 0.321333 -0.946966
    outer loop
      vertex 0 4.86619 31.9151
      vertex 256 5.11639 32
      vertex 256 4.86619 31.9151
    endloop
  endfacet
  facet normal 0 0.321333 -0.946966
    outer loop
      vertex 256 5.11639 32
      vertex 0 4.86619 31.9151
      vertex 0 5.11639 32
    endloop
  endfacet
  facet normal -0 0.19512 0.980779
    outer loop
      vertex 0 5.97568 23.4876
      vertex 256 5.4112 23.5999
      vertex 256 5.97568 23.4876
    endloop
  endfacet
  facet normal 0 0.19512 0.980779
    outer loop
      vertex 256 5.4112 23.5999
      vertex 0 5.97568 23.4876
      vertex 0 5.4112 23.5999
    endloop
  endfacet
  facet normal 0 0.980784 -0.195097
    outer loop
      vertex 256 2.18764 28.4243
      vertex 0 2.29993 28.9888
      vertex 256 2.29993 28.9888
    endloop
  endfacet
  facet normal 0 0.980784 -0.195097
    outer loop
      vertex 0 2.29993 28.9888
      vertex 256 2.18764 28.4243
      vertex 0 2.18764 28.4243
    endloop
  endfacet
  facet normal 0 -0.831488 -0.555542
    outer loop
      vertex 0 10.3605 30.05
      vertex 256 10.0408 30.5285
      vertex 0 10.0408 30.5285
    endloop
  endfacet
  facet normal 0 -0.831488 -0.555542
    outer loop
      vertex 256 10.0408 30.5285
      vertex 0 10.3605 30.05
      vertex 256 10.3605 30.05
    endloop
  endfacet
  facet normal 0 -0.896846 -0.442342
    outer loop
      vertex 0 10.6151 29.5338
      vertex 256 10.3605 30.05
      vertex 0 10.3605 30.05
    endloop
  endfacet
  facet normal 0 -0.896846 -0.442342
    outer loop
      vertex 256 10.3605 30.05
      vertex 0 10.6151 29.5338
      vertex 256 10.6151 29.5338
    endloop
  endfacet
  facet normal 0 0.997859 0.0654003
    outer loop
      vertex 256 2.18764 27.2757
      vertex 0 2.15 27.85
      vertex 256 2.15 27.85
    endloop
  endfacet
  facet normal 0 0.997859 0.0654003
    outer loop
      vertex 0 2.15 27.85
      vertex 256 2.18764 27.2757
      vertex 0 2.18764 27.2757
    endloop
  endfacet
  facet normal 0 -0.751786 0.659407
    outer loop
      vertex 0 9.66127 24.7387
      vertex 256 10.0408 25.1714
      vertex 0 10.0408 25.1714
    endloop
  endfacet
  facet normal 0 -0.751786 0.659407
    outer loop
      vertex 256 10.0408 25.1714
      vertex 0 9.66127 24.7387
      vertex 256 9.66127 24.7387
    endloop
  endfacet
  facet normal -0 0.32143 0.946933
    outer loop
      vertex 0 5.4112 23.5999
      vertex 256 4.86619 23.7849
      vertex 256 5.4112 23.5999
    endloop
  endfacet
  facet normal 0 0.32143 0.946933
    outer loop
      vertex 256 4.86619 23.7849
      vertex 0 5.4112 23.5999
      vertex 0 4.86619 23.7849
    endloop
  endfacet
  facet normal 0 -0.980781 0.195114
    outer loop
      vertex 0 10.8001 26.7112
      vertex 256 10.9124 27.2757
      vertex 0 10.9124 27.2757
    endloop
  endfacet
  facet normal 0 -0.980781 0.195114
    outer loop
      vertex 256 10.9124 27.2757
      vertex 0 10.8001 26.7112
      vertex 256 10.8001 26.7112
    endloop
  endfacet
  facet normal 0 0.831494 0.555534
    outer loop
      vertex 256 3.05925 25.1714
      vertex 0 2.73949 25.65
      vertex 256 2.73949 25.65
    endloop
  endfacet
  facet normal 0 0.831494 0.555534
    outer loop
      vertex 0 2.73949 25.65
      vertex 256 3.05925 25.1714
      vertex 0 3.05925 25.1714
    endloop
  endfacet
  facet normal 0 -0.195117 0.98078
    outer loop
      vertex 0 7.6888 23.5999
      vertex 256 7.12431 23.4876
      vertex 256 7.6888 23.5999
    endloop
  endfacet
  facet normal 0 -0.195117 0.98078
    outer loop
      vertex 256 7.12431 23.4876
      vertex 0 7.6888 23.5999
      vertex 0 7.12431 23.4876
    endloop
  endfacet
  facet normal 0 -0.997864 -0.0653311
    outer loop
      vertex 0 10.95 27.85
      vertex 256 10.9124 28.4243
      vertex 0 10.9124 28.4243
    endloop
  endfacet
  facet normal 0 -0.997864 -0.0653311
    outer loop
      vertex 256 10.9124 28.4243
      vertex 0 10.95 27.85
      vertex 256 10.95 27.85
    endloop
  endfacet
  facet normal 0 -0.751862 -0.659321
    outer loop
      vertex 0 10.0408 30.5285
      vertex 256 9.66127 30.9613
      vertex 0 9.66127 30.9613
    endloop
  endfacet
  facet normal 0 -0.751862 -0.659321
    outer loop
      vertex 256 9.66127 30.9613
      vertex 0 10.0408 30.5285
      vertex 256 10.0408 30.5285
    endloop
  endfacet
  facet normal 0 0.65936 -0.751827
    outer loop
      vertex 0 3.43873 30.9613
      vertex 256 3.87145 31.3408
      vertex 256 3.43873 30.9613
    endloop
  endfacet
  facet normal 0 0.65936 -0.751827
    outer loop
      vertex 256 3.87145 31.3408
      vertex 0 3.43873 30.9613
      vertex 0 3.87145 31.3408
    endloop
  endfacet
  facet normal 0 -0.65936 0.751827
    outer loop
      vertex 0 9.66127 24.7387
      vertex 256 9.22855 24.3592
      vertex 256 9.66127 24.7387
    endloop
  endfacet
  facet normal 0 -0.65936 0.751827
    outer loop
      vertex 256 9.22855 24.3592
      vertex 0 9.66127 24.7387
      vertex 0 9.22855 24.3592
    endloop
  endfacet
  facet normal 0 -0.442349 -0.896843
    outer loop
      vertex 0 8.23381 31.9151
      vertex 256 8.75 31.6605
      vertex 256 8.23381 31.9151
    endloop
  endfacet
  facet normal -0 -0.442349 -0.896843
    outer loop
      vertex 256 8.75 31.6605
      vertex 0 8.23381 31.9151
      vertex 0 8.75 31.6605
    endloop
  endfacet
  facet normal 0 0.946931 -0.321435
    outer loop
      vertex 256 2.29993 28.9888
      vertex 0 2.48493 29.5338
      vertex 256 2.48493 29.5338
    endloop
  endfacet
  facet normal 0 0.946931 -0.321435
    outer loop
      vertex 0 2.48493 29.5338
      vertex 256 2.29993 28.9888
      vertex 0 2.29993 28.9888
    endloop
  endfacet
  facet normal 0 0.896874 0.442286
    outer loop
      vertex 256 2.73949 25.65
      vertex 0 2.48493 26.1662
      vertex 256 2.48493 26.1662
    endloop
  endfacet
  facet normal 0 0.896874 0.442286
    outer loop
      vertex 0 2.48493 26.1662
      vertex 256 2.73949 25.65
      vertex 0 2.73949 25.65
    endloop
  endfacet
  facet normal 0 -0.896846 0.442342
    outer loop
      vertex 0 10.3605 25.65
      vertex 256 10.6151 26.1662
      vertex 0 10.6151 26.1662
    endloop
  endfacet
  facet normal 0 -0.896846 0.442342
    outer loop
      vertex 256 10.6151 26.1662
      vertex 0 10.3605 25.65
      vertex 256 10.3605 25.65
    endloop
  endfacet
  facet normal 0 -0.321333 -0.946966
    outer loop
      vertex 0 7.98361 32
      vertex 256 8.23381 31.9151
      vertex 256 7.98361 32
    endloop
  endfacet
  facet normal -0 -0.321333 -0.946966
    outer loop
      vertex 256 8.23381 31.9151
      vertex 0 7.98361 32
      vertex 0 8.23381 31.9151
    endloop
  endfacet
  facet normal 0 0.555502 -0.831515
    outer loop
      vertex 0 3.87145 31.3408
      vertex 256 4.35 31.6605
      vertex 256 3.87145 31.3408
    endloop
  endfacet
  facet normal 0 0.555502 -0.831515
    outer loop
      vertex 256 4.35 31.6605
      vertex 0 3.87145 31.3408
      vertex 0 4.35 31.6605
    endloop
  endfacet
  facet normal 0 0.83144 -0.555614
    outer loop
      vertex 256 2.73949 30.05
      vertex 0 3.05925 30.5285
      vertex 256 3.05925 30.5285
    endloop
  endfacet
  facet normal 0 0.83144 -0.555614
    outer loop
      vertex 0 3.05925 30.5285
      vertex 256 2.73949 30.05
      vertex 0 2.73949 30.05
    endloop
  endfacet
  facet normal 0 0.751905 -0.659272
    outer loop
      vertex 256 3.05925 30.5285
      vertex 0 3.43873 30.9613
      vertex 256 3.43873 30.9613
    endloop
  endfacet
  facet normal 0 0.751905 -0.659272
    outer loop
      vertex 0 3.43873 30.9613
      vertex 256 3.05925 30.5285
      vertex 0 3.05925 30.5285
    endloop
  endfacet
  facet normal 0 0.896874 -0.442286
    outer loop
      vertex 256 2.48493 29.5338
      vertex 0 2.73949 30.05
      vertex 256 2.73949 30.05
    endloop
  endfacet
  facet normal 0 0.896874 -0.442286
    outer loop
      vertex 0 2.73949 30.05
      vertex 256 2.48493 29.5338
      vertex 0 2.48493 29.5338
    endloop
  endfacet
  facet normal 0 -0.321435 0.946931
    outer loop
      vertex 0 150.134 23.7849
      vertex 256 149.589 23.5999
      vertex 256 150.134 23.7849
    endloop
  endfacet
  facet normal 0 -0.321435 0.946931
    outer loop
      vertex 256 149.589 23.5999
      vertex 0 150.134 23.7849
      vertex 0 149.589 23.5999
    endloop
  endfacet
  facet normal -0 0.555141 0.831756
    outer loop
      vertex 0 146.25 24.0395
      vertex 256 145.771 24.3592
      vertex 256 146.25 24.0395
    endloop
  endfacet
  facet normal 0 0.555141 0.831756
    outer loop
      vertex 256 145.771 24.3592
      vertex 0 146.25 24.0395
      vertex 0 145.771 24.3592
    endloop
  endfacet
  facet normal 0 0.321563 -0.946888
    outer loop
      vertex 0 146.766 31.9151
      vertex 256 147.016 32
      vertex 256 146.766 31.9151
    endloop
  endfacet
  facet normal 0 0.321563 -0.946888
    outer loop
      vertex 256 147.016 32
      vertex 0 146.766 31.9151
      vertex 0 147.016 32
    endloop
  endfacet
  facet normal 0 0.751381 0.659868
    outer loop
      vertex 256 145.339 24.7387
      vertex 0 144.959 25.1714
      vertex 256 144.959 25.1714
    endloop
  endfacet
  facet normal 0 0.751381 0.659868
    outer loop
      vertex 0 144.959 25.1714
      vertex 256 145.339 24.7387
      vertex 0 145.339 24.7387
    endloop
  endfacet
  facet normal 0 0.89726 0.441503
    outer loop
      vertex 256 144.639 25.65
      vertex 0 144.385 26.1662
      vertex 256 144.385 26.1662
    endloop
  endfacet
  facet normal 0 0.89726 0.441503
    outer loop
      vertex 0 144.385 26.1662
      vertex 256 144.639 25.65
      vertex 0 144.639 25.65
    endloop
  endfacet
  facet normal 0 0.946931 0.321435
    outer loop
      vertex 256 144.385 26.1662
      vertex 0 144.2 26.7112
      vertex 256 144.2 26.7112
    endloop
  endfacet
  facet normal 0 0.946931 0.321435
    outer loop
      vertex 0 144.2 26.7112
      vertex 256 144.385 26.1662
      vertex 0 144.385 26.1662
    endloop
  endfacet
  facet normal 0 -0.44248 0.896778
    outer loop
      vertex 0 150.65 24.0395
      vertex 256 150.134 23.7849
      vertex 256 150.65 24.0395
    endloop
  endfacet
  facet normal 0 -0.44248 0.896778
    outer loop
      vertex 256 150.134 23.7849
      vertex 0 150.65 24.0395
      vertex 0 150.134 23.7849
    endloop
  endfacet
  facet normal 0 -0.98088 -0.194612
    outer loop
      vertex 0 152.812 28.4243
      vertex 256 152.7 28.9888
      vertex 0 152.7 28.9888
    endloop
  endfacet
  facet normal 0 -0.98088 -0.194612
    outer loop
      vertex 256 152.7 28.9888
      vertex 0 152.812 28.4243
      vertex 256 152.812 28.4243
    endloop
  endfacet
  facet normal 0 -0.0653651 0.997861
    outer loop
      vertex 0 149.024 23.4876
      vertex 256 148.45 23.45
      vertex 256 149.024 23.4876
    endloop
  endfacet
  facet normal 0 -0.0653651 0.997861
    outer loop
      vertex 256 148.45 23.45
      vertex 0 149.024 23.4876
      vertex 0 148.45 23.45
    endloop
  endfacet
  facet normal 0 -0.89726 -0.441503
    outer loop
      vertex 0 152.515 29.5338
      vertex 256 152.261 30.05
      vertex 0 152.261 30.05
    endloop
  endfacet
  facet normal 0 -0.89726 -0.441503
    outer loop
      vertex 256 152.261 30.05
      vertex 0 152.515 29.5338
      vertex 256 152.515 29.5338
    endloop
  endfacet
  facet normal -0 0.0653651 0.997861
    outer loop
      vertex 0 148.45 23.45
      vertex 256 147.876 23.4876
      vertex 256 148.45 23.45
    endloop
  endfacet
  facet normal 0 0.0653651 0.997861
    outer loop
      vertex 256 147.876 23.4876
      vertex 0 148.45 23.45
      vertex 0 147.876 23.4876
    endloop
  endfacet
  facet normal -0 0.321435 0.946931
    outer loop
      vertex 0 147.311 23.5999
      vertex 256 146.766 23.7849
      vertex 256 147.311 23.5999
    endloop
  endfacet
  facet normal 0 0.321435 0.946931
    outer loop
      vertex 256 146.766 23.7849
      vertex 0 147.311 23.5999
      vertex 0 146.766 23.7849
    endloop
  endfacet
  facet normal 0 0.659981 -0.751282
    outer loop
      vertex 0 145.339 30.9613
      vertex 256 145.771 31.3408
      vertex 256 145.339 30.9613
    endloop
  endfacet
  facet normal 0 0.659981 -0.751282
    outer loop
      vertex 256 145.771 31.3408
      vertex 0 145.339 30.9613
      vertex 0 145.771 31.3408
    endloop
  endfacet
  facet normal 0 -0.751457 -0.659782
    outer loop
      vertex 0 151.941 30.5285
      vertex 256 151.561 30.9613
      vertex 0 151.561 30.9613
    endloop
  endfacet
  facet normal 0 -0.751457 -0.659782
    outer loop
      vertex 256 151.561 30.9613
      vertex 0 151.941 30.5285
      vertex 256 151.941 30.5285
    endloop
  endfacet
  facet normal 0 -0.555141 0.831756
    outer loop
      vertex 0 151.129 24.3592
      vertex 256 150.65 24.0395
      vertex 256 151.129 24.3592
    endloop
  endfacet
  facet normal 0 -0.555141 0.831756
    outer loop
      vertex 256 150.65 24.0395
      vertex 0 151.129 24.3592
      vertex 0 150.65 24.0395
    endloop
  endfacet
  facet normal 0 -0.831301 0.555822
    outer loop
      vertex 0 151.941 25.1714
      vertex 256 152.261 25.65
      vertex 0 152.261 25.65
    endloop
  endfacet
  facet normal 0 -0.831301 0.555822
    outer loop
      vertex 256 152.261 25.65
      vertex 0 151.941 25.1714
      vertex 256 151.941 25.1714
    endloop
  endfacet
  facet normal 0 0.997818 -0.0660231
    outer loop
      vertex 256 144.05 27.85
      vertex 0 144.088 28.4243
      vertex 256 144.088 28.4243
    endloop
  endfacet
  facet normal 0 0.997818 -0.0660231
    outer loop
      vertex 0 144.088 28.4243
      vertex 256 144.05 27.85
      vertex 0 144.05 27.85
    endloop
  endfacet
  facet normal 0 -0.997818 -0.0660231
    outer loop
      vertex 0 152.85 27.85
      vertex 256 152.812 28.4243
      vertex 0 152.812 28.4243
    endloop
  endfacet
  facet normal 0 -0.997818 -0.0660231
    outer loop
      vertex 256 152.812 28.4243
      vertex 0 152.85 27.85
      vertex 256 152.85 27.85
    endloop
  endfacet
  facet normal -0 0.194948 0.980814
    outer loop
      vertex 0 147.876 23.4876
      vertex 256 147.311 23.5999
      vertex 256 147.876 23.4876
    endloop
  endfacet
  facet normal 0 0.194948 0.980814
    outer loop
      vertex 256 147.311 23.5999
      vertex 0 147.876 23.4876
      vertex 0 147.311 23.5999
    endloop
  endfacet
  facet normal 0 0.946931 -0.321435
    outer loop
      vertex 256 144.2 28.9888
      vertex 0 144.385 29.5338
      vertex 256 144.385 29.5338
    endloop
  endfacet
  facet normal 0 0.946931 -0.321435
    outer loop
      vertex 0 144.385 29.5338
      vertex 256 144.2 28.9888
      vertex 0 144.2 28.9888
    endloop
  endfacet
  facet normal 0 -0.831248 -0.555902
    outer loop
      vertex 0 152.261 30.05
      vertex 256 151.941 30.5285
      vertex 0 151.941 30.5285
    endloop
  endfacet
  facet normal 0 -0.831248 -0.555902
    outer loop
      vertex 256 151.941 30.5285
      vertex 0 152.261 30.05
      vertex 256 152.261 30.05
    endloop
  endfacet
  facet normal 0 -0.751381 0.659868
    outer loop
      vertex 0 151.561 24.7387
      vertex 256 151.941 25.1714
      vertex 0 151.941 25.1714
    endloop
  endfacet
  facet normal 0 -0.751381 0.659868
    outer loop
      vertex 256 151.941 25.1714
      vertex 0 151.561 24.7387
      vertex 256 151.561 24.7387
    endloop
  endfacet
  facet normal 0 0.98088 0.194612
    outer loop
      vertex 256 144.2 26.7112
      vertex 0 144.088 27.2757
      vertex 256 144.088 27.2757
    endloop
  endfacet
  facet normal 0 0.98088 0.194612
    outer loop
      vertex 0 144.088 27.2757
      vertex 256 144.2 26.7112
      vertex 0 144.2 26.7112
    endloop
  endfacet
  facet normal 0 -0.194948 0.980814
    outer loop
      vertex 0 149.589 23.5999
      vertex 256 149.024 23.4876
      vertex 256 149.589 23.5999
    endloop
  endfacet
  facet normal 0 -0.194948 0.980814
    outer loop
      vertex 256 149.024 23.4876
      vertex 0 149.589 23.5999
      vertex 0 149.024 23.4876
    endloop
  endfacet
  facet normal 0 0.98088 -0.194612
    outer loop
      vertex 256 144.088 28.4243
      vertex 0 144.2 28.9888
      vertex 256 144.2 28.9888
    endloop
  endfacet
  facet normal 0 0.98088 -0.194612
    outer loop
      vertex 0 144.2 28.9888
      vertex 256 144.088 28.4243
      vertex 0 144.088 28.4243
    endloop
  endfacet
  facet normal 0 0.831301 0.555822
    outer loop
      vertex 256 144.959 25.1714
      vertex 0 144.639 25.65
      vertex 256 144.639 25.65
    endloop
  endfacet
  facet normal 0 0.831301 0.555822
    outer loop
      vertex 0 144.639 25.65
      vertex 256 144.959 25.1714
      vertex 0 144.959 25.1714
    endloop
  endfacet
  facet normal 0 0.751457 -0.659782
    outer loop
      vertex 256 144.959 30.5285
      vertex 0 145.339 30.9613
      vertex 256 145.339 30.9613
    endloop
  endfacet
  facet normal 0 0.751457 -0.659782
    outer loop
      vertex 0 145.339 30.9613
      vertex 256 144.959 30.5285
      vertex 0 144.959 30.5285
    endloop
  endfacet
  facet normal 0 0.89726 -0.441503
    outer loop
      vertex 256 144.385 29.5338
      vertex 0 144.639 30.05
      vertex 256 144.639 30.05
    endloop
  endfacet
  facet normal 0 0.89726 -0.441503
    outer loop
      vertex 0 144.639 30.05
      vertex 256 144.385 29.5338
      vertex 0 144.385 29.5338
    endloop
  endfacet
  facet normal -0 0.44248 0.896778
    outer loop
      vertex 0 146.766 23.7849
      vertex 256 146.25 24.0395
      vertex 256 146.766 23.7849
    endloop
  endfacet
  facet normal 0 0.44248 0.896778
    outer loop
      vertex 256 146.25 24.0395
      vertex 0 146.766 23.7849
      vertex 0 146.25 24.0395
    endloop
  endfacet
  facet normal -0 0.659981 0.751282
    outer loop
      vertex 0 145.771 24.3592
      vertex 256 145.339 24.7387
      vertex 256 145.771 24.3592
    endloop
  endfacet
  facet normal 0 0.659981 0.751282
    outer loop
      vertex 256 145.339 24.7387
      vertex 0 145.771 24.3592
      vertex 0 145.339 24.7387
    endloop
  endfacet
  facet normal 0 -0.946931 -0.321435
    outer loop
      vertex 0 152.7 28.9888
      vertex 256 152.515 29.5338
      vertex 0 152.515 29.5338
    endloop
  endfacet
  facet normal 0 -0.946931 -0.321435
    outer loop
      vertex 256 152.515 29.5338
      vertex 0 152.7 28.9888
      vertex 256 152.7 28.9888
    endloop
  endfacet
  facet normal 0 -0.321563 -0.946888
    outer loop
      vertex 0 149.884 32
      vertex 256 150.134 31.9151
      vertex 256 149.884 32
    endloop
  endfacet
  facet normal -0 -0.321563 -0.946888
    outer loop
      vertex 256 150.134 31.9151
      vertex 0 149.884 32
      vertex 0 150.134 31.9151
    endloop
  endfacet
  facet normal 0 -0.997818 0.0660231
    outer loop
      vertex 0 152.812 27.2757
      vertex 256 152.85 27.85
      vertex 0 152.85 27.85
    endloop
  endfacet
  facet normal 0 -0.997818 0.0660231
    outer loop
      vertex 256 152.85 27.85
      vertex 0 152.812 27.2757
      vertex 256 152.812 27.2757
    endloop
  endfacet
  facet normal 0 -0.555141 -0.831756
    outer loop
      vertex 0 150.65 31.6605
      vertex 256 151.129 31.3408
      vertex 256 150.65 31.6605
    endloop
  endfacet
  facet normal -0 -0.555141 -0.831756
    outer loop
      vertex 256 151.129 31.3408
      vertex 0 150.65 31.6605
      vertex 0 151.129 31.3408
    endloop
  endfacet
  facet normal 0 0.831248 -0.555902
    outer loop
      vertex 256 144.639 30.05
      vertex 0 144.959 30.5285
      vertex 256 144.959 30.5285
    endloop
  endfacet
  facet normal 0 0.831248 -0.555902
    outer loop
      vertex 0 144.959 30.5285
      vertex 256 144.639 30.05
      vertex 0 144.639 30.05
    endloop
  endfacet
  facet normal 0 -0.89726 0.441503
    outer loop
      vertex 0 152.261 25.65
      vertex 256 152.515 26.1662
      vertex 0 152.515 26.1662
    endloop
  endfacet
  facet normal 0 -0.89726 0.441503
    outer loop
      vertex 256 152.515 26.1662
      vertex 0 152.261 25.65
      vertex 256 152.261 25.65
    endloop
  endfacet
  facet normal 0 -0.946931 0.321435
    outer loop
      vertex 0 152.515 26.1662
      vertex 256 152.7 26.7112
      vertex 0 152.7 26.7112
    endloop
  endfacet
  facet normal 0 -0.946931 0.321435
    outer loop
      vertex 256 152.7 26.7112
      vertex 0 152.515 26.1662
      vertex 256 152.515 26.1662
    endloop
  endfacet
  facet normal 0 -0.659981 0.751282
    outer loop
      vertex 0 151.561 24.7387
      vertex 256 151.129 24.3592
      vertex 256 151.561 24.7387
    endloop
  endfacet
  facet normal 0 -0.659981 0.751282
    outer loop
      vertex 256 151.129 24.3592
      vertex 0 151.561 24.7387
      vertex 0 151.129 24.3592
    endloop
  endfacet
  facet normal 0 -0.98088 0.194612
    outer loop
      vertex 0 152.7 26.7112
      vertex 256 152.812 27.2757
      vertex 0 152.812 27.2757
    endloop
  endfacet
  facet normal 0 -0.98088 0.194612
    outer loop
      vertex 256 152.812 27.2757
      vertex 0 152.7 26.7112
      vertex 256 152.7 26.7112
    endloop
  endfacet
  facet normal 0 0.997818 0.0660231
    outer loop
      vertex 256 144.088 27.2757
      vertex 0 144.05 27.85
      vertex 256 144.05 27.85
    endloop
  endfacet
  facet normal 0 0.997818 0.0660231
    outer loop
      vertex 0 144.05 27.85
      vertex 256 144.088 27.2757
      vertex 0 144.088 27.2757
    endloop
  endfacet
  facet normal 0 0.44248 -0.896778
    outer loop
      vertex 0 146.25 31.6605
      vertex 256 146.766 31.9151
      vertex 256 146.25 31.6605
    endloop
  endfacet
  facet normal 0 0.44248 -0.896778
    outer loop
      vertex 256 146.766 31.9151
      vertex 0 146.25 31.6605
      vertex 0 146.766 31.9151
    endloop
  endfacet
  facet normal 0 -0.659981 -0.751282
    outer loop
      vertex 0 151.129 31.3408
      vertex 256 151.561 30.9613
      vertex 256 151.129 31.3408
    endloop
  endfacet
  facet normal -0 -0.659981 -0.751282
    outer loop
      vertex 256 151.561 30.9613
      vertex 0 151.129 31.3408
      vertex 0 151.561 30.9613
    endloop
  endfacet
  facet normal 0 0.555141 -0.831756
    outer loop
      vertex 0 145.771 31.3408
      vertex 256 146.25 31.6605
      vertex 256 145.771 31.3408
    endloop
  endfacet
  facet normal 0 0.555141 -0.831756
    outer loop
      vertex 256 146.25 31.6605
      vertex 0 145.771 31.3408
      vertex 0 146.25 31.6605
    endloop
  endfacet
  facet normal 0 -0.44248 -0.896778
    outer loop
      vertex 0 150.134 31.9151
      vertex 256 150.65 31.6605
      vertex 256 150.134 31.9151
    endloop
  endfacet
  facet normal -0 -0.44248 -0.896778
    outer loop
      vertex 256 150.65 31.6605
      vertex 0 150.134 31.9151
      vertex 0 150.65 31.6605
    endloop
  endfacet
endsolid OpenSCAD_Model
