solid OpenSCAD_Model
  facet normal -0.946924 -0.321458 0
    outer loop
      vertex 4.64339 7.02305 3
      vertex 4.61926 7.09413 8
      vertex 4.61926 7.09413 3
    endloop
  endfacet
  facet normal -0.946924 -0.321458 0
    outer loop
      vertex 4.61926 7.09413 8
      vertex 4.64339 7.02305 3
      vertex 4.64339 7.02305 8
    endloop
  endfacet
  facet normal 0.195095 -0.980784 0
    outer loop
      vertex 8.45684 4.52994 3
      vertex 8.90587 4.61926 8
      vertex 8.45684 4.52994 8
    endloop
  endfacet
  facet normal 0.195095 -0.980784 0
    outer loop
      vertex 8.90587 4.61926 8
      vertex 8.45684 4.52994 3
      vertex 8.90587 4.61926 3
    endloop
  endfacet
  facet normal 0.980751 0.195263 0
    outer loop
      vertex 11.4701 8.45684 8
      vertex 11.3807 8.90587 3
      vertex 11.3807 8.90587 8
    endloop
  endfacet
  facet normal 0.980751 0.195263 0
    outer loop
      vertex 11.3807 8.90587 3
      vertex 11.4701 8.45684 8
      vertex 11.4701 8.45684 3
    endloop
  endfacet
  facet normal 0.997865 0.0653099 0
    outer loop
      vertex 11.5 8 8
      vertex 11.4701 8.45684 3
      vertex 11.4701 8.45684 8
    endloop
  endfacet
  facet normal 0.997865 0.0653099 0
    outer loop
      vertex 11.4701 8.45684 3
      vertex 11.5 8 8
      vertex 11.5 8 3
    endloop
  endfacet
  facet normal -0.442305 0.896864 0
    outer loop
      vertex 6.66061 11.2336 3
      vertex 6.25 11.0311 8
      vertex 6.66061 11.2336 8
    endloop
  endfacet
  facet normal -0.442305 0.896864 0
    outer loop
      vertex 6.25 11.0311 8
      vertex 6.66061 11.2336 3
      vertex 6.25 11.0311 3
    endloop
  endfacet
  facet normal 0.94697 0.321322 0
    outer loop
      vertex 11.3807 8.90587 8
      vertex 11.2336 9.33939 3
      vertex 11.2336 9.33939 8
    endloop
  endfacet
  facet normal 0.94697 0.321322 0
    outer loop
      vertex 11.2336 9.33939 3
      vertex 11.3807 8.90587 8
      vertex 11.3807 8.90587 3
    endloop
  endfacet
  facet normal 0.896864 -0.442305 0
    outer loop
      vertex 11.0311 6.25 8
      vertex 11.2336 6.66061 3
      vertex 11.2336 6.66061 8
    endloop
  endfacet
  facet normal 0.896864 -0.442305 0
    outer loop
      vertex 11.2336 6.66061 3
      vertex 11.0311 6.25 8
      vertex 11.0311 6.25 3
    endloop
  endfacet
  facet normal 0.997865 -0.0653099 0
    outer loop
      vertex 11.4701 7.54316 8
      vertex 11.5 8 3
      vertex 11.5 8 8
    endloop
  endfacet
  facet normal 0.997865 -0.0653099 0
    outer loop
      vertex 11.5 8 3
      vertex 11.4701 7.54316 8
      vertex 11.4701 7.54316 3
    endloop
  endfacet
  facet normal 0.659278 0.7519 -0
    outer loop
      vertex 10.4749 10.4749 3
      vertex 10.1307 10.7767 8
      vertex 10.4749 10.4749 8
    endloop
  endfacet
  facet normal 0.659278 0.7519 0
    outer loop
      vertex 10.1307 10.7767 8
      vertex 10.4749 10.4749 3
      vertex 10.1307 10.7767 3
    endloop
  endfacet
  facet normal -0.659278 0.7519 0
    outer loop
      vertex 5.86933 10.7767 3
      vertex 5.52513 10.4749 8
      vertex 5.86933 10.7767 8
    endloop
  endfacet
  facet normal -0.659278 0.7519 0
    outer loop
      vertex 5.52513 10.4749 8
      vertex 5.86933 10.7767 3
      vertex 5.52513 10.4749 3
    endloop
  endfacet
  facet normal 0.0653099 0.997865 -0
    outer loop
      vertex 8.45684 11.4701 3
      vertex 8 11.5 8
      vertex 8.45684 11.4701 8
    endloop
  endfacet
  facet normal 0.0653099 0.997865 0
    outer loop
      vertex 8 11.5 8
      vertex 8.45684 11.4701 3
      vertex 8 11.5 3
    endloop
  endfacet
  facet normal -0.997859 0.0653969 0
    outer loop
      vertex 4.5 8 3
      vertex 4.52994 8.45684 8
      vertex 4.52994 8.45684 3
    endloop
  endfacet
  facet normal -0.997859 0.0653969 0
    outer loop
      vertex 4.52994 8.45684 8
      vertex 4.5 8 3
      vertex 4.5 8 8
    endloop
  endfacet
  facet normal -0.980784 -0.195095 0
    outer loop
      vertex 4.61926 7.09413 3
      vertex 4.52994 7.54316 8
      vertex 4.52994 7.54316 3
    endloop
  endfacet
  facet normal -0.980784 -0.195095 0
    outer loop
      vertex 4.52994 7.54316 8
      vertex 4.61926 7.09413 3
      vertex 4.61926 7.09413 8
    endloop
  endfacet
  facet normal 0.831425 -0.555637 0
    outer loop
      vertex 10.7767 5.86933 8
      vertex 11.0311 6.25 3
      vertex 11.0311 6.25 8
    endloop
  endfacet
  facet normal 0.831425 -0.555637 0
    outer loop
      vertex 11.0311 6.25 3
      vertex 10.7767 5.86933 8
      vertex 10.7767 5.86933 3
    endloop
  endfacet
  facet normal -0.896873 0.442288 0
    outer loop
      vertex 4.76642 9.33939 3
      vertex 4.96891 9.75 8
      vertex 4.96891 9.75 3
    endloop
  endfacet
  facet normal -0.896873 0.442288 0
    outer loop
      vertex 4.96891 9.75 8
      vertex 4.76642 9.33939 3
      vertex 4.76642 9.33939 8
    endloop
  endfacet
  facet normal -0.831495 0.555532 0
    outer loop
      vertex 4.96891 9.75 3
      vertex 5.22326 10.1307 8
      vertex 5.22326 10.1307 3
    endloop
  endfacet
  facet normal -0.831495 0.555532 0
    outer loop
      vertex 5.22326 10.1307 8
      vertex 4.96891 9.75 3
      vertex 4.96891 9.75 8
    endloop
  endfacet
  facet normal -0.0653099 0.997865 0
    outer loop
      vertex 8 11.5 3
      vertex 7.54316 11.4701 8
      vertex 8 11.5 8
    endloop
  endfacet
  facet normal -0.0653099 0.997865 0
    outer loop
      vertex 7.54316 11.4701 8
      vertex 8 11.5 3
      vertex 7.54316 11.4701 3
    endloop
  endfacet
  facet normal -0.321322 0.94697 0
    outer loop
      vertex 7.09413 11.3807 3
      vertex 6.66061 11.2336 8
      vertex 7.09413 11.3807 8
    endloop
  endfacet
  facet normal -0.321322 0.94697 0
    outer loop
      vertex 6.66061 11.2336 8
      vertex 7.09413 11.3807 3
      vertex 6.66061 11.2336 3
    endloop
  endfacet
  facet normal -0.321458 -0.946924 0
    outer loop
      vertex 7.02305 4.64339 3
      vertex 7.09413 4.61926 8
      vertex 7.02305 4.64339 8
    endloop
  endfacet
  facet normal -0.321458 -0.946924 -0
    outer loop
      vertex 7.09413 4.61926 8
      vertex 7.02305 4.64339 3
      vertex 7.09413 4.61926 3
    endloop
  endfacet
  facet normal 0.442305 0.896864 -0
    outer loop
      vertex 9.75 11.0311 3
      vertex 9.33939 11.2336 8
      vertex 9.75 11.0311 8
    endloop
  endfacet
  facet normal 0.442305 0.896864 0
    outer loop
      vertex 9.33939 11.2336 8
      vertex 9.75 11.0311 3
      vertex 9.33939 11.2336 3
    endloop
  endfacet
  facet normal 0.0653969 -0.997859 0
    outer loop
      vertex 8 4.5 3
      vertex 8.45684 4.52994 8
      vertex 8 4.5 8
    endloop
  endfacet
  facet normal 0.0653969 -0.997859 0
    outer loop
      vertex 8.45684 4.52994 8
      vertex 8 4.5 3
      vertex 8.45684 4.52994 3
    endloop
  endfacet
  facet normal 0.555532 -0.831495 0
    outer loop
      vertex 9.75 4.96891 3
      vertex 10.1307 5.22326 8
      vertex 9.75 4.96891 8
    endloop
  endfacet
  facet normal 0.555532 -0.831495 0
    outer loop
      vertex 10.1307 5.22326 8
      vertex 9.75 4.96891 3
      vertex 10.1307 5.22326 3
    endloop
  endfacet
  facet normal 0.980751 -0.195263 0
    outer loop
      vertex 11.3807 7.09413 8
      vertex 11.4701 7.54316 3
      vertex 11.4701 7.54316 8
    endloop
  endfacet
  facet normal 0.980751 -0.195263 0
    outer loop
      vertex 11.4701 7.54316 3
      vertex 11.3807 7.09413 8
      vertex 11.3807 7.09413 3
    endloop
  endfacet
  facet normal -0.751824 0.659364 0
    outer loop
      vertex 5.22326 10.1307 3
      vertex 5.52513 10.4749 8
      vertex 5.52513 10.4749 3
    endloop
  endfacet
  facet normal -0.751824 0.659364 0
    outer loop
      vertex 5.52513 10.4749 8
      vertex 5.22326 10.1307 3
      vertex 5.22326 10.1307 8
    endloop
  endfacet
  facet normal -0.980784 0.195095 0
    outer loop
      vertex 4.52994 8.45684 3
      vertex 4.61926 8.90587 8
      vertex 4.61926 8.90587 3
    endloop
  endfacet
  facet normal -0.980784 0.195095 0
    outer loop
      vertex 4.61926 8.90587 8
      vertex 4.52994 8.45684 3
      vertex 4.52994 8.45684 8
    endloop
  endfacet
  facet normal 0.831445 0.555607 0
    outer loop
      vertex 11.0311 9.75 8
      vertex 10.7767 10.1307 3
      vertex 10.7767 10.1307 8
    endloop
  endfacet
  facet normal 0.831445 0.555607 0
    outer loop
      vertex 10.7767 10.1307 3
      vertex 11.0311 9.75 8
      vertex 11.0311 9.75 3
    endloop
  endfacet
  facet normal 0.555607 0.831445 -0
    outer loop
      vertex 10.1307 10.7767 3
      vertex 9.75 11.0311 8
      vertex 10.1307 10.7767 8
    endloop
  endfacet
  facet normal 0.555607 0.831445 0
    outer loop
      vertex 9.75 11.0311 8
      vertex 10.1307 10.7767 3
      vertex 9.75 11.0311 3
    endloop
  endfacet
  facet normal -0.997859 -0.0653969 0
    outer loop
      vertex 4.52994 7.54316 3
      vertex 4.5 8 8
      vertex 4.5 8 3
    endloop
  endfacet
  facet normal -0.997859 -0.0653969 0
    outer loop
      vertex 4.5 8 8
      vertex 4.52994 7.54316 3
      vertex 4.52994 7.54316 8
    endloop
  endfacet
  facet normal 0.321322 0.94697 -0
    outer loop
      vertex 9.33939 11.2336 3
      vertex 8.90587 11.3807 8
      vertex 9.33939 11.2336 8
    endloop
  endfacet
  facet normal 0.321322 0.94697 0
    outer loop
      vertex 8.90587 11.3807 8
      vertex 9.33939 11.2336 3
      vertex 8.90587 11.3807 3
    endloop
  endfacet
  facet normal 0.659364 -0.751824 0
    outer loop
      vertex 10.1307 5.22326 3
      vertex 10.4749 5.52513 8
      vertex 10.1307 5.22326 8
    endloop
  endfacet
  facet normal 0.659364 -0.751824 0
    outer loop
      vertex 10.4749 5.52513 8
      vertex 10.1307 5.22326 3
      vertex 10.4749 5.52513 3
    endloop
  endfacet
  facet normal -0.195263 0.980751 0
    outer loop
      vertex 7.54316 11.4701 3
      vertex 7.09413 11.3807 8
      vertex 7.54316 11.4701 8
    endloop
  endfacet
  facet normal -0.195263 0.980751 0
    outer loop
      vertex 7.09413 11.3807 8
      vertex 7.54316 11.4701 3
      vertex 7.09413 11.3807 3
    endloop
  endfacet
  facet normal 0.896864 0.442305 0
    outer loop
      vertex 11.2336 9.33939 8
      vertex 11.0311 9.75 3
      vertex 11.0311 9.75 8
    endloop
  endfacet
  facet normal 0.896864 0.442305 0
    outer loop
      vertex 11.0311 9.75 3
      vertex 11.2336 9.33939 8
      vertex 11.2336 9.33939 3
    endloop
  endfacet
  facet normal 0.7519 -0.659278 0
    outer loop
      vertex 10.4749 5.52513 8
      vertex 10.7767 5.86933 3
      vertex 10.7767 5.86933 8
    endloop
  endfacet
  facet normal 0.7519 -0.659278 0
    outer loop
      vertex 10.7767 5.86933 3
      vertex 10.4749 5.52513 8
      vertex 10.4749 5.52513 3
    endloop
  endfacet
  facet normal 0 0 1
    outer loop
      vertex 4.52776 55.15 3
      vertex 4.61926 54.9059 3
      vertex 4.64339 54.9769 3
    endloop
  endfacet
  facet normal 0 0 1
    outer loop
      vertex 4.52776 55.15 3
      vertex 4.52994 54.4568 3
      vertex 4.61926 54.9059 3
    endloop
  endfacet
  facet normal 0 0 1
    outer loop
      vertex 4.4294 55.3494 3
      vertex 4.52994 54.4568 3
      vertex 4.52776 55.15 3
    endloop
  endfacet
  facet normal 0 0 1
    outer loop
      vertex 4.52994 54.4568 3
      vertex 4.35793 55.56 3
      vertex 4.5 54 3
    endloop
  endfacet
  facet normal 0 0 1
    outer loop
      vertex 4.35793 55.56 3
      vertex 4.52994 54.4568 3
      vertex 4.4294 55.3494 3
    endloop
  endfacet
  facet normal -0 0 1
    outer loop
      vertex 9.75 50.9689 3
      vertex 19.5511 44.3882 3
      vertex 10.1307 51.2233 3
    endloop
  endfacet
  facet normal 0 0 1
    outer loop
      vertex 19.6142 18.574 3
      vertex 11.4701 8.45684 3
      vertex 11.5 8 3
    endloop
  endfacet
  facet normal 0 0 1
    outer loop
      vertex 19.5511 44.3882 3
      vertex 9.75 50.9689 3
      vertex 19.5128 44.1958 3
    endloop
  endfacet
  facet normal 0 0 1
    outer loop
      vertex 19.6142 18.574 3
      vertex 11.3807 8.90587 3
      vertex 11.4701 8.45684 3
    endloop
  endfacet
  facet normal -0 0 1
    outer loop
      vertex 9.33939 50.7664 3
      vertex 19.5128 44.1958 3
      vertex 9.75 50.9689 3
    endloop
  endfacet
  facet normal 0 0 1
    outer loop
      vertex 19.6142 18.574 3
      vertex 11.2336 9.33939 3
      vertex 11.3807 8.90587 3
    endloop
  endfacet
  facet normal 0 0 1
    outer loop
      vertex 19.5128 44.1958 3
      vertex 9.33939 50.7664 3
      vertex 19.5 44 3
    endloop
  endfacet
  facet normal 0 0 1
    outer loop
      vertex 19.6142 18.574 3
      vertex 11.0311 9.75 3
      vertex 11.2336 9.33939 3
    endloop
  endfacet
  facet normal 0 0 1
    outer loop
      vertex 19.5 44 3
      vertex 9.33939 50.7664 3
      vertex 19.5128 43.8042 3
    endloop
  endfacet
  facet normal 0 0 1
    outer loop
      vertex 19.6142 18.574 3
      vertex 10.7767 10.1307 3
      vertex 11.0311 9.75 3
    endloop
  endfacet
  facet normal -0 0 1
    outer loop
      vertex 8.90587 50.6193 3
      vertex 19.5128 43.8042 3
      vertex 9.33939 50.7664 3
    endloop
  endfacet
  facet normal 0 0 1
    outer loop
      vertex 19.6142 18.574 3
      vertex 10.4749 10.4749 3
      vertex 10.7767 10.1307 3
    endloop
  endfacet
  facet normal 0 0 1
    outer loop
      vertex 19.5128 43.8042 3
      vertex 8.90587 50.6193 3
      vertex 19.5511 43.6118 3
    endloop
  endfacet
  facet normal 0 0 1
    outer loop
      vertex 19.6142 18.574 3
      vertex 10.1307 10.7767 3
      vertex 10.4749 10.4749 3
    endloop
  endfacet
  facet normal -0 0 1
    outer loop
      vertex 8.45684 50.5299 3
      vertex 19.5511 43.6118 3
      vertex 8.90587 50.6193 3
    endloop
  endfacet
  facet normal 0 0 1
    outer loop
      vertex 19.6142 18.574 3
      vertex 9.75 11.0311 3
      vertex 10.1307 10.7767 3
    endloop
  endfacet
  facet normal 0 0 1
    outer loop
      vertex 19.5511 43.6118 3
      vertex 8.45684 50.5299 3
      vertex 19.6142 43.426 3
    endloop
  endfacet
  facet normal 0 0 1
    outer loop
      vertex 19.6142 18.574 3
      vertex 9.33939 11.2336 3
      vertex 9.75 11.0311 3
    endloop
  endfacet
  facet normal -0 0 1
    outer loop
      vertex 8 50.5 3
      vertex 19.6142 43.426 3
      vertex 8.45684 50.5299 3
    endloop
  endfacet
  facet normal 0 0 1
    outer loop
      vertex 19.6142 18.574 3
      vertex 8.90587 11.3807 3
      vertex 9.33939 11.2336 3
    endloop
  endfacet
  facet normal 0 0 1
    outer loop
      vertex 7.54316 50.5299 3
      vertex 19.6142 43.426 3
      vertex 8 50.5 3
    endloop
  endfacet
  facet normal 0 0 1
    outer loop
      vertex 19.6142 18.574 3
      vertex 8.45684 11.4701 3
      vertex 8.90587 11.3807 3
    endloop
  endfacet
  facet normal 0 0 1
    outer loop
      vertex 19.6142 43.426 3
      vertex 7.54316 50.5299 3
      vertex 19.6142 18.574 3
    endloop
  endfacet
  facet normal 0 0 1
    outer loop
      vertex 19.6142 18.574 3
      vertex 8 11.5 3
      vertex 8.45684 11.4701 3
    endloop
  endfacet
  facet normal 0 0 1
    outer loop
      vertex 7.54316 11.4701 3
      vertex 19.6142 18.574 3
      vertex 7.54316 50.5299 3
    endloop
  endfacet
  facet normal 0 0 1
    outer loop
      vertex 19.6142 18.574 3
      vertex 7.54316 11.4701 3
      vertex 8 11.5 3
    endloop
  endfacet
  facet normal 0 0 1
    outer loop
      vertex 7.09413 50.6193 3
      vertex 7.54316 11.4701 3
      vertex 7.54316 50.5299 3
    endloop
  endfacet
  facet normal 0 0 1
    outer loop
      vertex 7.09413 50.6193 3
      vertex 7.09413 11.3807 3
      vertex 7.54316 11.4701 3
    endloop
  endfacet
  facet normal 0 0 1
    outer loop
      vertex 6.66061 50.7664 3
      vertex 7.09413 11.3807 3
      vertex 7.09413 50.6193 3
    endloop
  endfacet
  facet normal 0 0 1
    outer loop
      vertex 6.66061 50.7664 3
      vertex 6.66061 11.2336 3
      vertex 7.09413 11.3807 3
    endloop
  endfacet
  facet normal 0 0 1
    outer loop
      vertex 6.25 50.9689 3
      vertex 6.66061 11.2336 3
      vertex 6.66061 50.7664 3
    endloop
  endfacet
  facet normal 0 0 1
    outer loop
      vertex 6.25 50.9689 3
      vertex 6.25 11.0311 3
      vertex 6.66061 11.2336 3
    endloop
  endfacet
  facet normal 0 0 1
    outer loop
      vertex 5.86933 51.2233 3
      vertex 6.25 11.0311 3
      vertex 6.25 50.9689 3
    endloop
  endfacet
  facet normal 0 0 1
    outer loop
      vertex 5.86933 51.2233 3
      vertex 5.86933 10.7767 3
      vertex 6.25 11.0311 3
    endloop
  endfacet
  facet normal 0 0 1
    outer loop
      vertex 5.52513 51.5251 3
      vertex 5.86933 10.7767 3
      vertex 5.86933 51.2233 3
    endloop
  endfacet
  facet normal 0 0 1
    outer loop
      vertex 5.52513 51.5251 3
      vertex 5.52513 10.4749 3
      vertex 5.86933 10.7767 3
    endloop
  endfacet
  facet normal 0 0 1
    outer loop
      vertex 5.22326 51.8693 3
      vertex 5.52513 10.4749 3
      vertex 5.52513 51.5251 3
    endloop
  endfacet
  facet normal 0 0 1
    outer loop
      vertex 5.22326 51.8693 3
      vertex 5.22326 10.1307 3
      vertex 5.52513 10.4749 3
    endloop
  endfacet
  facet normal 0 0 1
    outer loop
      vertex 4.96891 52.25 3
      vertex 5.22326 10.1307 3
      vertex 5.22326 51.8693 3
    endloop
  endfacet
  facet normal 0 0 1
    outer loop
      vertex 4.96891 52.25 3
      vertex 4.96891 9.75 3
      vertex 5.22326 10.1307 3
    endloop
  endfacet
  facet normal 0 0 1
    outer loop
      vertex 4.76642 52.6606 3
      vertex 4.96891 9.75 3
      vertex 4.96891 52.25 3
    endloop
  endfacet
  facet normal 0 0 1
    outer loop
      vertex 4.76642 52.6606 3
      vertex 4.76642 9.33939 3
      vertex 4.96891 9.75 3
    endloop
  endfacet
  facet normal 0 0 1
    outer loop
      vertex 4.61926 53.0941 3
      vertex 4.76642 9.33939 3
      vertex 4.76642 52.6606 3
    endloop
  endfacet
  facet normal 0 0 1
    outer loop
      vertex 4.61926 53.0941 3
      vertex 4.61926 8.90587 3
      vertex 4.76642 9.33939 3
    endloop
  endfacet
  facet normal 0 0 1
    outer loop
      vertex 4.52994 53.5432 3
      vertex 4.61926 8.90587 3
      vertex 4.61926 53.0941 3
    endloop
  endfacet
  facet normal 0 0 1
    outer loop
      vertex 4.52994 53.5432 3
      vertex 4.52994 8.45684 3
      vertex 4.61926 8.90587 3
    endloop
  endfacet
  facet normal 0 0 1
    outer loop
      vertex 4.5 54 3
      vertex 4.52994 8.45684 3
      vertex 4.52994 53.5432 3
    endloop
  endfacet
  facet normal 0 0 1
    outer loop
      vertex 4.52994 8.45684 3
      vertex 4.5 54 3
      vertex 4.5 8 3
    endloop
  endfacet
  facet normal 0 0 1
    outer loop
      vertex 69.5128 18.1958 3
      vertex 28.5 18 3
      vertex 69.5 18 3
    endloop
  endfacet
  facet normal 0 0 1
    outer loop
      vertex 28.4872 18.1958 3
      vertex 69.5128 18.1958 3
      vertex 69.5511 18.3882 3
    endloop
  endfacet
  facet normal 0 0 1
    outer loop
      vertex 28.4489 18.3882 3
      vertex 69.5511 18.3882 3
      vertex 69.6142 18.574 3
    endloop
  endfacet
  facet normal 0 0 1
    outer loop
      vertex 28.3858 18.574 3
      vertex 69.6142 18.574 3
      vertex 69.701 18.75 3
    endloop
  endfacet
  facet normal 0 0 1
    outer loop
      vertex 28.299 18.75 3
      vertex 69.701 18.75 3
      vertex 69.81 18.9131 3
    endloop
  endfacet
  facet normal 0 0 1
    outer loop
      vertex 28.19 18.9131 3
      vertex 69.81 18.9131 3
      vertex 69.8861 19 3
    endloop
  endfacet
  facet normal 0 0 1
    outer loop
      vertex 69.5128 18.1958 3
      vertex 28.4872 18.1958 3
      vertex 28.5 18 3
    endloop
  endfacet
  facet normal 0 0 1
    outer loop
      vertex 69.5511 18.3882 3
      vertex 28.4489 18.3882 3
      vertex 28.4872 18.1958 3
    endloop
  endfacet
  facet normal 0 0 1
    outer loop
      vertex 69.6142 18.574 3
      vertex 28.3858 18.574 3
      vertex 28.4489 18.3882 3
    endloop
  endfacet
  facet normal 0 0 1
    outer loop
      vertex 69.701 18.75 3
      vertex 28.299 18.75 3
      vertex 28.3858 18.574 3
    endloop
  endfacet
  facet normal 0 0 1
    outer loop
      vertex 69.81 18.9131 3
      vertex 28.19 18.9131 3
      vertex 28.299 18.75 3
    endloop
  endfacet
  facet normal 0 -0 1
    outer loop
      vertex 28.19 18.9131 3
      vertex 69.8861 19 3
      vertex 28.1139 19 3
    endloop
  endfacet
  facet normal 0 0 1
    outer loop
      vertex 78.299 43.25 3
      vertex 90 50.5 3
      vertex 78.3858 43.426 3
    endloop
  endfacet
  facet normal 0 0 1
    outer loop
      vertex 90.4568 11.4701 3
      vertex 78.4872 18.1958 3
      vertex 78.5 18 3
    endloop
  endfacet
  facet normal -0 0 1
    outer loop
      vertex 90 50.5 3
      vertex 78.299 43.25 3
      vertex 90.4568 50.5299 3
    endloop
  endfacet
  facet normal 0 0 1
    outer loop
      vertex 90.4568 11.4701 3
      vertex 78.4489 18.3882 3
      vertex 78.4872 18.1958 3
    endloop
  endfacet
  facet normal 0 0 1
    outer loop
      vertex 78.19 43.0869 3
      vertex 90.4568 50.5299 3
      vertex 78.299 43.25 3
    endloop
  endfacet
  facet normal 0 0 1
    outer loop
      vertex 90.4568 11.4701 3
      vertex 78.3858 18.574 3
      vertex 78.4489 18.3882 3
    endloop
  endfacet
  facet normal 0 0 1
    outer loop
      vertex 90.4568 50.5299 3
      vertex 78.19 43.0869 3
      vertex 90.4568 11.4701 3
    endloop
  endfacet
  facet normal 0 0 1
    outer loop
      vertex 90.4568 11.4701 3
      vertex 78.299 18.75 3
      vertex 78.3858 18.574 3
    endloop
  endfacet
  facet normal -0 0 1
    outer loop
      vertex 78.19 18.9131 3
      vertex 90.4568 11.4701 3
      vertex 78.19 43.0869 3
    endloop
  endfacet
  facet normal 0 0 1
    outer loop
      vertex 90.4568 11.4701 3
      vertex 78.19 18.9131 3
      vertex 78.299 18.75 3
    endloop
  endfacet
  facet normal -0 0 1
    outer loop
      vertex 78.0607 42.9393 3
      vertex 78.19 18.9131 3
      vertex 78.19 43.0869 3
    endloop
  endfacet
  facet normal 0 0 1
    outer loop
      vertex 78.0607 42.9393 3
      vertex 78.0607 19.0607 3
      vertex 78.19 18.9131 3
    endloop
  endfacet
  facet normal -0 0 1
    outer loop
      vertex 77.9131 42.81 3
      vertex 78.0607 19.0607 3
      vertex 78.0607 42.9393 3
    endloop
  endfacet
  facet normal 0 0 1
    outer loop
      vertex 77.9131 42.81 3
      vertex 77.9131 19.19 3
      vertex 78.0607 19.0607 3
    endloop
  endfacet
  facet normal -0 0 1
    outer loop
      vertex 77.75 42.701 3
      vertex 77.9131 19.19 3
      vertex 77.9131 42.81 3
    endloop
  endfacet
  facet normal 0 0 1
    outer loop
      vertex 77.75 42.701 3
      vertex 77.75 19.299 3
      vertex 77.9131 19.19 3
    endloop
  endfacet
  facet normal -0 0 1
    outer loop
      vertex 77.574 42.6142 3
      vertex 77.75 19.299 3
      vertex 77.75 42.701 3
    endloop
  endfacet
  facet normal 0 0 1
    outer loop
      vertex 77.574 42.6142 3
      vertex 77.574 19.3858 3
      vertex 77.75 19.299 3
    endloop
  endfacet
  facet normal -0 0 1
    outer loop
      vertex 77.3882 42.5511 3
      vertex 77.574 19.3858 3
      vertex 77.574 42.6142 3
    endloop
  endfacet
  facet normal 0 0 1
    outer loop
      vertex 77.3882 42.5511 3
      vertex 77.3882 19.4489 3
      vertex 77.574 19.3858 3
    endloop
  endfacet
  facet normal -0 0 1
    outer loop
      vertex 77.1958 42.5128 3
      vertex 77.3882 19.4489 3
      vertex 77.3882 42.5511 3
    endloop
  endfacet
  facet normal 0 0 1
    outer loop
      vertex 77.1958 42.5128 3
      vertex 77.1958 19.4872 3
      vertex 77.3882 19.4489 3
    endloop
  endfacet
  facet normal -0 0 1
    outer loop
      vertex 77 42.5 3
      vertex 77.1958 19.4872 3
      vertex 77.1958 42.5128 3
    endloop
  endfacet
  facet normal 0 0 1
    outer loop
      vertex 77 42.5 3
      vertex 77 19.5 3
      vertex 77.1958 19.4872 3
    endloop
  endfacet
  facet normal -0 0 1
    outer loop
      vertex 73 42.5 3
      vertex 77 19.5 3
      vertex 77 42.5 3
    endloop
  endfacet
  facet normal 0 0 1
    outer loop
      vertex 77 19.5 3
      vertex 73 42.5 3
      vertex 73 19.5 3
    endloop
  endfacet
  facet normal 0 0 1
    outer loop
      vertex 93.2336 52.6606 3
      vertex 98 62 3
      vertex 93.3807 53.0941 3
    endloop
  endfacet
  facet normal 0 0 1
    outer loop
      vertex 98 0 3
      vertex 93.4701 8.45684 3
      vertex 93.5 8 3
    endloop
  endfacet
  facet normal 0 0 1
    outer loop
      vertex 98 62 3
      vertex 93.2336 52.6606 3
      vertex 98 0 3
    endloop
  endfacet
  facet normal 0 0 1
    outer loop
      vertex 98 0 3
      vertex 93.3807 8.90587 3
      vertex 93.4701 8.45684 3
    endloop
  endfacet
  facet normal -0 0 1
    outer loop
      vertex 93.2336 9.33939 3
      vertex 98 0 3
      vertex 93.2336 52.6606 3
    endloop
  endfacet
  facet normal 0 0 1
    outer loop
      vertex 98 0 3
      vertex 93.2336 9.33939 3
      vertex 93.3807 8.90587 3
    endloop
  endfacet
  facet normal -0 0 1
    outer loop
      vertex 93.0311 52.25 3
      vertex 93.2336 9.33939 3
      vertex 93.2336 52.6606 3
    endloop
  endfacet
  facet normal 0 0 1
    outer loop
      vertex 93.0311 52.25 3
      vertex 93.0311 9.75 3
      vertex 93.2336 9.33939 3
    endloop
  endfacet
  facet normal -0 0 1
    outer loop
      vertex 92.7767 51.8693 3
      vertex 93.0311 9.75 3
      vertex 93.0311 52.25 3
    endloop
  endfacet
  facet normal 0 0 1
    outer loop
      vertex 92.7767 51.8693 3
      vertex 92.7767 10.1307 3
      vertex 93.0311 9.75 3
    endloop
  endfacet
  facet normal -0 0 1
    outer loop
      vertex 92.4749 51.5251 3
      vertex 92.7767 10.1307 3
      vertex 92.7767 51.8693 3
    endloop
  endfacet
  facet normal 0 0 1
    outer loop
      vertex 92.4749 51.5251 3
      vertex 92.4749 10.4749 3
      vertex 92.7767 10.1307 3
    endloop
  endfacet
  facet normal -0 0 1
    outer loop
      vertex 92.1307 51.2233 3
      vertex 92.4749 10.4749 3
      vertex 92.4749 51.5251 3
    endloop
  endfacet
  facet normal 0 0 1
    outer loop
      vertex 92.1307 51.2233 3
      vertex 92.1307 10.7767 3
      vertex 92.4749 10.4749 3
    endloop
  endfacet
  facet normal -0 0 1
    outer loop
      vertex 91.75 50.9689 3
      vertex 92.1307 10.7767 3
      vertex 92.1307 51.2233 3
    endloop
  endfacet
  facet normal 0 0 1
    outer loop
      vertex 91.75 50.9689 3
      vertex 91.75 11.0311 3
      vertex 92.1307 10.7767 3
    endloop
  endfacet
  facet normal -0 0 1
    outer loop
      vertex 91.3394 50.7664 3
      vertex 91.75 11.0311 3
      vertex 91.75 50.9689 3
    endloop
  endfacet
  facet normal 0 0 1
    outer loop
      vertex 91.3394 50.7664 3
      vertex 91.3394 11.2336 3
      vertex 91.75 11.0311 3
    endloop
  endfacet
  facet normal -0 0 1
    outer loop
      vertex 90.9059 50.6193 3
      vertex 91.3394 11.2336 3
      vertex 91.3394 50.7664 3
    endloop
  endfacet
  facet normal 0 0 1
    outer loop
      vertex 90.9059 50.6193 3
      vertex 90.9059 11.3807 3
      vertex 91.3394 11.2336 3
    endloop
  endfacet
  facet normal -0 0 1
    outer loop
      vertex 90.4568 50.5299 3
      vertex 90.9059 11.3807 3
      vertex 90.9059 50.6193 3
    endloop
  endfacet
  facet normal 0 0 1
    outer loop
      vertex 90.4568 50.5299 3
      vertex 90.4568 11.4701 3
      vertex 90.9059 11.3807 3
    endloop
  endfacet
  facet normal 0 0 1
    outer loop
      vertex 89.0941 50.6193 3
      vertex 78.4489 43.6118 3
      vertex 89.5432 50.5299 3
    endloop
  endfacet
  facet normal 0 0 1
    outer loop
      vertex 78.3858 43.426 3
      vertex 89.5432 50.5299 3
      vertex 78.4489 43.6118 3
    endloop
  endfacet
  facet normal 0 0 1
    outer loop
      vertex 78.4489 43.6118 3
      vertex 89.0941 50.6193 3
      vertex 78.4872 43.8042 3
    endloop
  endfacet
  facet normal 0 0 1
    outer loop
      vertex 89.5432 50.5299 3
      vertex 78.3858 43.426 3
      vertex 90 50.5 3
    endloop
  endfacet
  facet normal 0 0 1
    outer loop
      vertex 88.6606 50.7664 3
      vertex 78.4872 43.8042 3
      vertex 89.0941 50.6193 3
    endloop
  endfacet
  facet normal 0 0 1
    outer loop
      vertex 90.4568 11.4701 3
      vertex 78.5 18 3
      vertex 90 11.5 3
    endloop
  endfacet
  facet normal 0 0 1
    outer loop
      vertex 78.4872 43.8042 3
      vertex 88.6606 50.7664 3
      vertex 78.5 44 3
    endloop
  endfacet
  facet normal 0 0 1
    outer loop
      vertex 90 11.5 3
      vertex 78.5 18 3
      vertex 89.5432 11.4701 3
    endloop
  endfacet
  facet normal 0 0 1
    outer loop
      vertex 78.4872 44.1958 3
      vertex 88.6606 50.7664 3
      vertex 88.25 50.9689 3
    endloop
  endfacet
  facet normal 0 0 1
    outer loop
      vertex 89.5432 11.4701 3
      vertex 78.5 18 3
      vertex 89.0941 11.3807 3
    endloop
  endfacet
  facet normal 0 0 1
    outer loop
      vertex 78.4489 44.3882 3
      vertex 88.25 50.9689 3
      vertex 87.8693 51.2233 3
    endloop
  endfacet
  facet normal 0 0 1
    outer loop
      vertex 89.0941 11.3807 3
      vertex 78.5 18 3
      vertex 88.6606 11.2336 3
    endloop
  endfacet
  facet normal 0 0 1
    outer loop
      vertex 78.3858 44.574 3
      vertex 87.8693 51.2233 3
      vertex 87.5251 51.5251 3
    endloop
  endfacet
  facet normal -0 0 1
    outer loop
      vertex 78.4872 17.8042 3
      vertex 88.6606 11.2336 3
      vertex 78.5 18 3
    endloop
  endfacet
  facet normal 0 0 1
    outer loop
      vertex 78.299 44.75 3
      vertex 87.5251 51.5251 3
      vertex 87.2233 51.8693 3
    endloop
  endfacet
  facet normal 0 0 1
    outer loop
      vertex 88.6606 11.2336 3
      vertex 78.4872 17.8042 3
      vertex 88.25 11.0311 3
    endloop
  endfacet
  facet normal 0 0 1
    outer loop
      vertex 78.0607 45.0607 3
      vertex 87.2233 51.8693 3
      vertex 86.9689 52.25 3
    endloop
  endfacet
  facet normal -0 0 1
    outer loop
      vertex 78.4489 17.6118 3
      vertex 88.25 11.0311 3
      vertex 78.4872 17.8042 3
    endloop
  endfacet
  facet normal 0 0 1
    outer loop
      vertex 77.9131 45.19 3
      vertex 86.9689 52.25 3
      vertex 86.7664 52.6606 3
    endloop
  endfacet
  facet normal 0 0 1
    outer loop
      vertex 88.25 11.0311 3
      vertex 78.4489 17.6118 3
      vertex 87.8693 10.7767 3
    endloop
  endfacet
  facet normal 0 0 1
    outer loop
      vertex 77.75 45.299 3
      vertex 86.7664 52.6606 3
      vertex 86.6193 53.0941 3
    endloop
  endfacet
  facet normal -0 0 1
    outer loop
      vertex 78.3858 17.426 3
      vertex 87.8693 10.7767 3
      vertex 78.4489 17.6118 3
    endloop
  endfacet
  facet normal 0 0 1
    outer loop
      vertex 77.574 45.3858 3
      vertex 86.6193 53.0941 3
      vertex 86.5299 53.5432 3
    endloop
  endfacet
  facet normal 0 0 1
    outer loop
      vertex 87.8693 10.7767 3
      vertex 78.3858 17.426 3
      vertex 87.5251 10.4749 3
    endloop
  endfacet
  facet normal 0 0 1
    outer loop
      vertex 77.1958 45.4872 3
      vertex 86.5299 53.5432 3
      vertex 86.5 54 3
    endloop
  endfacet
  facet normal -0 0 1
    outer loop
      vertex 78.299 17.25 3
      vertex 87.5251 10.4749 3
      vertex 78.3858 17.426 3
    endloop
  endfacet
  facet normal 0 0 1
    outer loop
      vertex 93.4701 53.5432 3
      vertex 98 62 3
      vertex 93.5 54 3
    endloop
  endfacet
  facet normal 0 0 1
    outer loop
      vertex 98 0 3
      vertex 93.6855 6.22189 3
      vertex 93.7 6 3
    endloop
  endfacet
  facet normal 0 0 1
    outer loop
      vertex 93.5 54 3
      vertex 93.6855 55.7781 3
      vertex 93.6421 55.56 3
    endloop
  endfacet
  facet normal 0 0 1
    outer loop
      vertex 93.3807 53.0941 3
      vertex 98 62 3
      vertex 93.4701 53.5432 3
    endloop
  endfacet
  facet normal 0 0 1
    outer loop
      vertex 93.4701 54.4568 3
      vertex 93.6421 55.56 3
      vertex 93.5706 55.3494 3
    endloop
  endfacet
  facet normal 0 0 1
    outer loop
      vertex 98 0 3
      vertex 93.5 8 3
      vertex 93.6855 6.22189 3
    endloop
  endfacet
  facet normal 0 0 1
    outer loop
      vertex 93.6855 6.22189 3
      vertex 93.5 8 3
      vertex 93.6421 6.43999 3
    endloop
  endfacet
  facet normal 0 0 1
    outer loop
      vertex 93.4701 54.4568 3
      vertex 93.5706 55.3494 3
      vertex 93.4722 55.15 3
    endloop
  endfacet
  facet normal 0 0 1
    outer loop
      vertex 93.6421 55.56 3
      vertex 93.4701 54.4568 3
      vertex 93.5 54 3
    endloop
  endfacet
  facet normal 0 0 1
    outer loop
      vertex 93.4722 55.15 3
      vertex 93.3807 54.9059 3
      vertex 93.4701 54.4568 3
    endloop
  endfacet
  facet normal 0 -0 1
    outer loop
      vertex 93.3807 54.9059 3
      vertex 93.4722 55.15 3
      vertex 93.3566 54.9769 3
    endloop
  endfacet
  facet normal 0 0 1
    outer loop
      vertex 93.6855 55.7781 3
      vertex 98 62 3
      vertex 93.7 56 3
    endloop
  endfacet
  facet normal 0 0 1
    outer loop
      vertex 98 62 3
      vertex 93.6855 56.2219 3
      vertex 93.7 56 3
    endloop
  endfacet
  facet normal 0 0 1
    outer loop
      vertex 98 62 3
      vertex 93.6421 56.44 3
      vertex 93.6855 56.2219 3
    endloop
  endfacet
  facet normal 0 0 1
    outer loop
      vertex 98 62 3
      vertex 93.5706 56.6506 3
      vertex 93.6421 56.44 3
    endloop
  endfacet
  facet normal 0 0 1
    outer loop
      vertex 98 62 3
      vertex 93.4722 56.85 3
      vertex 93.5706 56.6506 3
    endloop
  endfacet
  facet normal 0 0 1
    outer loop
      vertex 98 62 3
      vertex 93.3487 57.0349 3
      vertex 93.4722 56.85 3
    endloop
  endfacet
  facet normal 0 0 1
    outer loop
      vertex 98 62 3
      vertex 93.2021 57.2021 3
      vertex 93.3487 57.0349 3
    endloop
  endfacet
  facet normal 0 0 1
    outer loop
      vertex 98 62 3
      vertex 93.0349 57.3487 3
      vertex 93.2021 57.2021 3
    endloop
  endfacet
  facet normal 0 0 1
    outer loop
      vertex 98 62 3
      vertex 92.85 57.4722 3
      vertex 93.0349 57.3487 3
    endloop
  endfacet
  facet normal 0 0 1
    outer loop
      vertex 98 62 3
      vertex 92.6506 57.5706 3
      vertex 92.85 57.4722 3
    endloop
  endfacet
  facet normal 0 0 1
    outer loop
      vertex 98 62 3
      vertex 92.44 57.6421 3
      vertex 92.6506 57.5706 3
    endloop
  endfacet
  facet normal 0 0 1
    outer loop
      vertex 98 62 3
      vertex 92.2219 57.6855 3
      vertex 92.44 57.6421 3
    endloop
  endfacet
  facet normal 0 0 1
    outer loop
      vertex 98 62 3
      vertex 92 57.7 3
      vertex 92.2219 57.6855 3
    endloop
  endfacet
  facet normal 0 0 1
    outer loop
      vertex 98 62 3
      vertex 91.7781 57.6855 3
      vertex 92 57.7 3
    endloop
  endfacet
  facet normal 0 0 1
    outer loop
      vertex 90 57.5 3
      vertex 91.7781 57.6855 3
      vertex 98 62 3
    endloop
  endfacet
  facet normal 0 0 1
    outer loop
      vertex 91.7781 57.6855 3
      vertex 90 57.5 3
      vertex 91.56 57.6421 3
    endloop
  endfacet
  facet normal 0 -0 1
    outer loop
      vertex 90.4568 57.4701 3
      vertex 91.56 57.6421 3
      vertex 90 57.5 3
    endloop
  endfacet
  facet normal 0 0 1
    outer loop
      vertex 91.15 57.4722 3
      vertex 90.9059 57.3807 3
      vertex 90.9769 57.3566 3
    endloop
  endfacet
  facet normal 0 0 1
    outer loop
      vertex 91.3494 57.5706 3
      vertex 90.4568 57.4701 3
      vertex 91.15 57.4722 3
    endloop
  endfacet
  facet normal 0 0 1
    outer loop
      vertex 91.15 57.4722 3
      vertex 90.4568 57.4701 3
      vertex 90.9059 57.3807 3
    endloop
  endfacet
  facet normal 0 0 1
    outer loop
      vertex 91.56 57.6421 3
      vertex 90.4568 57.4701 3
      vertex 91.3494 57.5706 3
    endloop
  endfacet
  facet normal 0 0 1
    outer loop
      vertex 98 62 3
      vertex 89.5432 57.4701 3
      vertex 90 57.5 3
    endloop
  endfacet
  facet normal 0 0 1
    outer loop
      vertex 98 62 3
      vertex 89.0941 57.3807 3
      vertex 89.5432 57.4701 3
    endloop
  endfacet
  facet normal 0 0 1
    outer loop
      vertex 98 62 3
      vertex 88.6606 57.2336 3
      vertex 89.0941 57.3807 3
    endloop
  endfacet
  facet normal 0 0 1
    outer loop
      vertex 9.33939 57.2336 3
      vertex 88.6606 57.2336 3
      vertex 98 62 3
    endloop
  endfacet
  facet normal 0 0 1
    outer loop
      vertex 87.5251 10.4749 3
      vertex 78.299 17.25 3
      vertex 87.2233 10.1307 3
    endloop
  endfacet
  facet normal 0 0 1
    outer loop
      vertex 77 45.5 3
      vertex 86.5 54 3
      vertex 86.5299 54.4568 3
    endloop
  endfacet
  facet normal 0 0 1
    outer loop
      vertex 77 45.5 3
      vertex 86.5299 54.4568 3
      vertex 86.6193 54.9059 3
    endloop
  endfacet
  facet normal 0 0 1
    outer loop
      vertex 71 45.5 3
      vertex 86.6193 54.9059 3
      vertex 86.7664 55.3394 3
    endloop
  endfacet
  facet normal 0 0 1
    outer loop
      vertex 71 45.5 3
      vertex 86.7664 55.3394 3
      vertex 86.9689 55.75 3
    endloop
  endfacet
  facet normal 0 0 1
    outer loop
      vertex 70.8042 45.4872 3
      vertex 86.9689 55.75 3
      vertex 87.2233 56.1307 3
    endloop
  endfacet
  facet normal 0 0 1
    outer loop
      vertex 88.6606 50.7664 3
      vertex 78.4872 44.1958 3
      vertex 78.5 44 3
    endloop
  endfacet
  facet normal 0 0 1
    outer loop
      vertex 88.25 50.9689 3
      vertex 78.4489 44.3882 3
      vertex 78.4872 44.1958 3
    endloop
  endfacet
  facet normal 0 0 1
    outer loop
      vertex 87.8693 51.2233 3
      vertex 78.3858 44.574 3
      vertex 78.4489 44.3882 3
    endloop
  endfacet
  facet normal 0 0 1
    outer loop
      vertex 87.5251 51.5251 3
      vertex 78.299 44.75 3
      vertex 78.3858 44.574 3
    endloop
  endfacet
  facet normal 0 0 1
    outer loop
      vertex 87.2233 51.8693 3
      vertex 78.19 44.9131 3
      vertex 78.299 44.75 3
    endloop
  endfacet
  facet normal 0 0 1
    outer loop
      vertex 87.2233 51.8693 3
      vertex 78.0607 45.0607 3
      vertex 78.19 44.9131 3
    endloop
  endfacet
  facet normal 0 0 1
    outer loop
      vertex 86.9689 52.25 3
      vertex 77.9131 45.19 3
      vertex 78.0607 45.0607 3
    endloop
  endfacet
  facet normal 0 0 1
    outer loop
      vertex 86.7664 52.6606 3
      vertex 77.75 45.299 3
      vertex 77.9131 45.19 3
    endloop
  endfacet
  facet normal 0 0 1
    outer loop
      vertex 86.6193 53.0941 3
      vertex 77.574 45.3858 3
      vertex 77.75 45.299 3
    endloop
  endfacet
  facet normal 0 0 1
    outer loop
      vertex 70.6118 45.4489 3
      vertex 87.2233 56.1307 3
      vertex 87.5251 56.4749 3
    endloop
  endfacet
  facet normal 0 0 1
    outer loop
      vertex 86.5299 53.5432 3
      vertex 77.3882 45.4489 3
      vertex 77.574 45.3858 3
    endloop
  endfacet
  facet normal 0 0 1
    outer loop
      vertex 86.5299 53.5432 3
      vertex 77.1958 45.4872 3
      vertex 77.3882 45.4489 3
    endloop
  endfacet
  facet normal 0 0 1
    outer loop
      vertex 86.5 54 3
      vertex 77 45.5 3
      vertex 77.1958 45.4872 3
    endloop
  endfacet
  facet normal 0 0 1
    outer loop
      vertex 86.6193 54.9059 3
      vertex 71 45.5 3
      vertex 77 45.5 3
    endloop
  endfacet
  facet normal 0 0 1
    outer loop
      vertex 10.4749 56.4749 3
      vertex 87.5251 56.4749 3
      vertex 87.8693 56.7767 3
    endloop
  endfacet
  facet normal 0 0 1
    outer loop
      vertex 86.9689 55.75 3
      vertex 70.8042 45.4872 3
      vertex 71 45.5 3
    endloop
  endfacet
  facet normal 0 0 1
    outer loop
      vertex 10.1307 56.7767 3
      vertex 87.8693 56.7767 3
      vertex 88.25 57.0311 3
    endloop
  endfacet
  facet normal 0 0 1
    outer loop
      vertex 87.2233 56.1307 3
      vertex 70.6118 45.4489 3
      vertex 70.8042 45.4872 3
    endloop
  endfacet
  facet normal 0 0 1
    outer loop
      vertex 87.5251 56.4749 3
      vertex 70.426 45.3858 3
      vertex 70.6118 45.4489 3
    endloop
  endfacet
  facet normal 0 0 1
    outer loop
      vertex 87.5251 56.4749 3
      vertex 27.574 45.3858 3
      vertex 70.426 45.3858 3
    endloop
  endfacet
  facet normal 0 0 1
    outer loop
      vertex 69.5128 44.1958 3
      vertex 28.5 44 3
      vertex 69.5 44 3
    endloop
  endfacet
  facet normal 0 0 1
    outer loop
      vertex 28.4872 44.1958 3
      vertex 69.5128 44.1958 3
      vertex 69.5511 44.3882 3
    endloop
  endfacet
  facet normal 0 0 1
    outer loop
      vertex 28.4489 44.3882 3
      vertex 69.5511 44.3882 3
      vertex 69.6142 44.574 3
    endloop
  endfacet
  facet normal 0 0 1
    outer loop
      vertex 28.3858 44.574 3
      vertex 69.6142 44.574 3
      vertex 69.701 44.75 3
    endloop
  endfacet
  facet normal 0 0 1
    outer loop
      vertex 28.299 44.75 3
      vertex 69.701 44.75 3
      vertex 69.81 44.9131 3
    endloop
  endfacet
  facet normal 0 0 1
    outer loop
      vertex 28.19 44.9131 3
      vertex 69.81 44.9131 3
      vertex 69.9393 45.0607 3
    endloop
  endfacet
  facet normal 0 0 1
    outer loop
      vertex 28.0607 45.0607 3
      vertex 69.9393 45.0607 3
      vertex 70.0869 45.19 3
    endloop
  endfacet
  facet normal 0 0 1
    outer loop
      vertex 27.9131 45.19 3
      vertex 70.0869 45.19 3
      vertex 70.25 45.299 3
    endloop
  endfacet
  facet normal 0 0 1
    outer loop
      vertex 70.426 45.3858 3
      vertex 27.574 45.3858 3
      vertex 70.25 45.299 3
    endloop
  endfacet
  facet normal 0 0 1
    outer loop
      vertex 88.6606 57.2336 3
      vertex 9.33939 57.2336 3
      vertex 88.25 57.0311 3
    endloop
  endfacet
  facet normal 0 0 1
    outer loop
      vertex 69.5128 44.1958 3
      vertex 28.4872 44.1958 3
      vertex 28.5 44 3
    endloop
  endfacet
  facet normal 0 0 1
    outer loop
      vertex 69.5511 44.3882 3
      vertex 28.4489 44.3882 3
      vertex 28.4872 44.1958 3
    endloop
  endfacet
  facet normal 0 0 1
    outer loop
      vertex 69.6142 44.574 3
      vertex 28.3858 44.574 3
      vertex 28.4489 44.3882 3
    endloop
  endfacet
  facet normal 0 0 1
    outer loop
      vertex 69.701 44.75 3
      vertex 28.299 44.75 3
      vertex 28.3858 44.574 3
    endloop
  endfacet
  facet normal 0 0 1
    outer loop
      vertex 69.81 44.9131 3
      vertex 28.19 44.9131 3
      vertex 28.299 44.75 3
    endloop
  endfacet
  facet normal 0 0 1
    outer loop
      vertex 69.9393 45.0607 3
      vertex 28.0607 45.0607 3
      vertex 28.19 44.9131 3
    endloop
  endfacet
  facet normal 0 0 1
    outer loop
      vertex 70.0869 45.19 3
      vertex 27.9131 45.19 3
      vertex 28.0607 45.0607 3
    endloop
  endfacet
  facet normal 0 0 1
    outer loop
      vertex 70.25 45.299 3
      vertex 27.75 45.299 3
      vertex 27.9131 45.19 3
    endloop
  endfacet
  facet normal 0 0 1
    outer loop
      vertex 70.25 45.299 3
      vertex 27.574 45.3858 3
      vertex 27.75 45.299 3
    endloop
  endfacet
  facet normal 0 0 1
    outer loop
      vertex 87.5251 56.4749 3
      vertex 10.4749 56.4749 3
      vertex 27.574 45.3858 3
    endloop
  endfacet
  facet normal 0 0 1
    outer loop
      vertex 27.574 45.3858 3
      vertex 10.4749 56.4749 3
      vertex 27.3882 45.4489 3
    endloop
  endfacet
  facet normal -0 -0 1
    outer loop
      vertex 10.7767 56.1307 3
      vertex 27.3882 45.4489 3
      vertex 10.4749 56.4749 3
    endloop
  endfacet
  facet normal 0 0 1
    outer loop
      vertex 27.3882 45.4489 3
      vertex 10.7767 56.1307 3
      vertex 27.1958 45.4872 3
    endloop
  endfacet
  facet normal 0 0 1
    outer loop
      vertex 27.1958 45.4872 3
      vertex 11.0311 55.75 3
      vertex 27 45.5 3
    endloop
  endfacet
  facet normal -0 -0 1
    outer loop
      vertex 11.2336 55.3394 3
      vertex 27 45.5 3
      vertex 11.0311 55.75 3
    endloop
  endfacet
  facet normal 0 0 1
    outer loop
      vertex 19.5511 18.3882 3
      vertex 11.5 8 3
      vertex 19.5128 18.1958 3
    endloop
  endfacet
  facet normal 0 0 1
    outer loop
      vertex 19.9393 45.0607 3
      vertex 10.7767 51.8693 3
      vertex 19.81 44.9131 3
    endloop
  endfacet
  facet normal -0 0 1
    outer loop
      vertex 10.7767 51.8693 3
      vertex 19.9393 45.0607 3
      vertex 11.0311 52.25 3
    endloop
  endfacet
  facet normal 0 0 1
    outer loop
      vertex 20.0869 45.19 3
      vertex 11.0311 52.25 3
      vertex 19.9393 45.0607 3
    endloop
  endfacet
  facet normal -0 0 1
    outer loop
      vertex 11.0311 52.25 3
      vertex 20.0869 45.19 3
      vertex 11.2336 52.6606 3
    endloop
  endfacet
  facet normal 0 0 1
    outer loop
      vertex 20.25 45.299 3
      vertex 11.2336 52.6606 3
      vertex 20.0869 45.19 3
    endloop
  endfacet
  facet normal -0 0 1
    outer loop
      vertex 11.2336 52.6606 3
      vertex 20.25 45.299 3
      vertex 11.3807 53.0941 3
    endloop
  endfacet
  facet normal 0 0 1
    outer loop
      vertex 20.426 45.3858 3
      vertex 11.3807 53.0941 3
      vertex 20.25 45.299 3
    endloop
  endfacet
  facet normal -0 0 1
    outer loop
      vertex 11.3807 53.0941 3
      vertex 20.426 45.3858 3
      vertex 11.4701 53.5432 3
    endloop
  endfacet
  facet normal 0 0 1
    outer loop
      vertex 20.6118 45.4489 3
      vertex 11.4701 53.5432 3
      vertex 20.426 45.3858 3
    endloop
  endfacet
  facet normal 0 0 1
    outer loop
      vertex 20.8042 45.4872 3
      vertex 11.4701 53.5432 3
      vertex 20.6118 45.4489 3
    endloop
  endfacet
  facet normal -0 -0 1
    outer loop
      vertex 11.3807 54.9059 3
      vertex 27 45.5 3
      vertex 11.2336 55.3394 3
    endloop
  endfacet
  facet normal -0 0 1
    outer loop
      vertex 11.4701 53.5432 3
      vertex 20.8042 45.4872 3
      vertex 11.5 54 3
    endloop
  endfacet
  facet normal 0 0 1
    outer loop
      vertex 21 45.5 3
      vertex 11.5 54 3
      vertex 20.8042 45.4872 3
    endloop
  endfacet
  facet normal -0 -0 1
    outer loop
      vertex 11.5 54 3
      vertex 21 45.5 3
      vertex 11.4701 54.4568 3
    endloop
  endfacet
  facet normal -0 -0 1
    outer loop
      vertex 11.4701 54.4568 3
      vertex 21 45.5 3
      vertex 11.3807 54.9059 3
    endloop
  endfacet
  facet normal 0 0 1
    outer loop
      vertex 27 45.5 3
      vertex 11.3807 54.9059 3
      vertex 21 45.5 3
    endloop
  endfacet
  facet normal -0 -0 1
    outer loop
      vertex 11.0311 55.75 3
      vertex 27.1958 45.4872 3
      vertex 10.7767 56.1307 3
    endloop
  endfacet
  facet normal 0 0 1
    outer loop
      vertex 87.8693 56.7767 3
      vertex 10.1307 56.7767 3
      vertex 10.4749 56.4749 3
    endloop
  endfacet
  facet normal 0 0 1
    outer loop
      vertex 88.25 57.0311 3
      vertex 9.75 57.0311 3
      vertex 10.1307 56.7767 3
    endloop
  endfacet
  facet normal 0 0 1
    outer loop
      vertex 88.25 57.0311 3
      vertex 9.33939 57.2336 3
      vertex 9.75 57.0311 3
    endloop
  endfacet
  facet normal -0 0 1
    outer loop
      vertex 0 62 3
      vertex 9.33939 57.2336 3
      vertex 98 62 3
    endloop
  endfacet
  facet normal 0 0 1
    outer loop
      vertex 9.33939 57.2336 3
      vertex 0 62 3
      vertex 8.90587 57.3807 3
    endloop
  endfacet
  facet normal 0 0 1
    outer loop
      vertex 8.90587 57.3807 3
      vertex 0 62 3
      vertex 8.45684 57.4701 3
    endloop
  endfacet
  facet normal 0 0 1
    outer loop
      vertex 7.09413 57.3807 3
      vertex 6.85 57.4722 3
      vertex 7.02305 57.3566 3
    endloop
  endfacet
  facet normal 0 0 1
    outer loop
      vertex 7.54316 57.4701 3
      vertex 6.85 57.4722 3
      vertex 7.09413 57.3807 3
    endloop
  endfacet
  facet normal 0 0 1
    outer loop
      vertex 6.43999 57.6421 3
      vertex 7.54316 57.4701 3
      vertex 8 57.5 3
    endloop
  endfacet
  facet normal 0 0 1
    outer loop
      vertex 8.45684 57.4701 3
      vertex 0 62 3
      vertex 8 57.5 3
    endloop
  endfacet
  facet normal -0 -0 1
    outer loop
      vertex 6.22189 57.6855 3
      vertex 8 57.5 3
      vertex 0 62 3
    endloop
  endfacet
  facet normal 0 0 1
    outer loop
      vertex 7.54316 57.4701 3
      vertex 6.65056 57.5706 3
      vertex 6.85 57.4722 3
    endloop
  endfacet
  facet normal 0 0 1
    outer loop
      vertex 7.54316 57.4701 3
      vertex 6.43999 57.6421 3
      vertex 6.65056 57.5706 3
    endloop
  endfacet
  facet normal 0 0 1
    outer loop
      vertex 8 57.5 3
      vertex 6.22189 57.6855 3
      vertex 6.43999 57.6421 3
    endloop
  endfacet
  facet normal 0 0 1
    outer loop
      vertex 4.5 8 3
      vertex 0 0 3
      vertex 4.31454 6.22189 3
    endloop
  endfacet
  facet normal 0 0 1
    outer loop
      vertex 4.31454 56.2219 3
      vertex 0 62 3
      vertex 4.3 56 3
    endloop
  endfacet
  facet normal 0 0 1
    outer loop
      vertex 4.35793 56.44 3
      vertex 0 62 3
      vertex 4.31454 56.2219 3
    endloop
  endfacet
  facet normal 0 0 1
    outer loop
      vertex 4.4294 56.6506 3
      vertex 0 62 3
      vertex 4.35793 56.44 3
    endloop
  endfacet
  facet normal 0 0 1
    outer loop
      vertex 4.52776 56.85 3
      vertex 0 62 3
      vertex 4.4294 56.6506 3
    endloop
  endfacet
  facet normal 0 0 1
    outer loop
      vertex 4.6513 57.0349 3
      vertex 0 62 3
      vertex 4.52776 56.85 3
    endloop
  endfacet
  facet normal 0 0 1
    outer loop
      vertex 4.79792 57.2021 3
      vertex 0 62 3
      vertex 4.6513 57.0349 3
    endloop
  endfacet
  facet normal 0 0 1
    outer loop
      vertex 4.96511 57.3487 3
      vertex 0 62 3
      vertex 4.79792 57.2021 3
    endloop
  endfacet
  facet normal 0 0 1
    outer loop
      vertex 5.15 57.4722 3
      vertex 0 62 3
      vertex 4.96511 57.3487 3
    endloop
  endfacet
  facet normal 0 0 1
    outer loop
      vertex 5.34944 57.5706 3
      vertex 0 62 3
      vertex 5.15 57.4722 3
    endloop
  endfacet
  facet normal 0 0 1
    outer loop
      vertex 5.56001 57.6421 3
      vertex 0 62 3
      vertex 5.34944 57.5706 3
    endloop
  endfacet
  facet normal 0 0 1
    outer loop
      vertex 5.7781 57.6855 3
      vertex 0 62 3
      vertex 5.56001 57.6421 3
    endloop
  endfacet
  facet normal 0 0 1
    outer loop
      vertex 6 57.7 3
      vertex 0 62 3
      vertex 5.7781 57.6855 3
    endloop
  endfacet
  facet normal 0 0 1
    outer loop
      vertex 6.22189 57.6855 3
      vertex 0 62 3
      vertex 6 57.7 3
    endloop
  endfacet
  facet normal 0 0 1
    outer loop
      vertex 93.5 54 3
      vertex 98 62 3
      vertex 93.6855 55.7781 3
    endloop
  endfacet
  facet normal -0 0 1
    outer loop
      vertex 93.6855 5.7781 3
      vertex 98 0 3
      vertex 93.7 6 3
    endloop
  endfacet
  facet normal -0 0 1
    outer loop
      vertex 93.6421 5.56001 3
      vertex 98 0 3
      vertex 93.6855 5.7781 3
    endloop
  endfacet
  facet normal -0 0 1
    outer loop
      vertex 93.5706 5.34944 3
      vertex 98 0 3
      vertex 93.6421 5.56001 3
    endloop
  endfacet
  facet normal -0 0 1
    outer loop
      vertex 93.4722 5.15 3
      vertex 98 0 3
      vertex 93.5706 5.34944 3
    endloop
  endfacet
  facet normal -0 0 1
    outer loop
      vertex 93.3487 4.96511 3
      vertex 98 0 3
      vertex 93.4722 5.15 3
    endloop
  endfacet
  facet normal -0 0 1
    outer loop
      vertex 93.2021 4.79792 3
      vertex 98 0 3
      vertex 93.3487 4.96511 3
    endloop
  endfacet
  facet normal -0 0 1
    outer loop
      vertex 93.0349 4.6513 3
      vertex 98 0 3
      vertex 93.2021 4.79792 3
    endloop
  endfacet
  facet normal -0 0 1
    outer loop
      vertex 92.85 4.52776 3
      vertex 98 0 3
      vertex 93.0349 4.6513 3
    endloop
  endfacet
  facet normal -0 0 1
    outer loop
      vertex 92.6506 4.4294 3
      vertex 98 0 3
      vertex 92.85 4.52776 3
    endloop
  endfacet
  facet normal -0 0 1
    outer loop
      vertex 92.44 4.35793 3
      vertex 98 0 3
      vertex 92.6506 4.4294 3
    endloop
  endfacet
  facet normal -0 0 1
    outer loop
      vertex 92.2219 4.31454 3
      vertex 98 0 3
      vertex 92.44 4.35793 3
    endloop
  endfacet
  facet normal -0 0 1
    outer loop
      vertex 92 4.3 3
      vertex 98 0 3
      vertex 92.2219 4.31454 3
    endloop
  endfacet
  facet normal 0 0 1
    outer loop
      vertex 91.7781 4.31454 3
      vertex 98 0 3
      vertex 92 4.3 3
    endloop
  endfacet
  facet normal 0 0 1
    outer loop
      vertex 90 4.5 3
      vertex 91.7781 4.31454 3
      vertex 91.56 4.35793 3
    endloop
  endfacet
  facet normal 0 0 1
    outer loop
      vertex 90.4568 4.52994 3
      vertex 91.56 4.35793 3
      vertex 91.3494 4.4294 3
    endloop
  endfacet
  facet normal 0 0 1
    outer loop
      vertex 90.4568 4.52994 3
      vertex 91.3494 4.4294 3
      vertex 91.15 4.52776 3
    endloop
  endfacet
  facet normal -0 0 1
    outer loop
      vertex 90.9059 4.61926 3
      vertex 91.15 4.52776 3
      vertex 90.9769 4.64339 3
    endloop
  endfacet
  facet normal -0 0 1
    outer loop
      vertex 90.4568 4.52994 3
      vertex 91.15 4.52776 3
      vertex 90.9059 4.61926 3
    endloop
  endfacet
  facet normal 0 0 1
    outer loop
      vertex 91.56 4.35793 3
      vertex 90.4568 4.52994 3
      vertex 90 4.5 3
    endloop
  endfacet
  facet normal 0 0 1
    outer loop
      vertex 91.7781 4.31454 3
      vertex 90 4.5 3
      vertex 98 0 3
    endloop
  endfacet
  facet normal 0 0 1
    outer loop
      vertex 89.5432 4.52994 3
      vertex 98 0 3
      vertex 90 4.5 3
    endloop
  endfacet
  facet normal 0 0 1
    outer loop
      vertex 89.0941 4.61926 3
      vertex 98 0 3
      vertex 89.5432 4.52994 3
    endloop
  endfacet
  facet normal 0 0 1
    outer loop
      vertex 88.6606 4.76642 3
      vertex 98 0 3
      vertex 89.0941 4.61926 3
    endloop
  endfacet
  facet normal 0 0 1
    outer loop
      vertex 9.33939 4.76642 3
      vertex 88.6606 4.76642 3
      vertex 88.25 4.96891 3
    endloop
  endfacet
  facet normal -0 0 1
    outer loop
      vertex 78.19 17.0869 3
      vertex 87.2233 10.1307 3
      vertex 78.299 17.25 3
    endloop
  endfacet
  facet normal -0 0 1
    outer loop
      vertex 78.0607 16.9393 3
      vertex 87.2233 10.1307 3
      vertex 78.19 17.0869 3
    endloop
  endfacet
  facet normal 0 0 1
    outer loop
      vertex 87.2233 10.1307 3
      vertex 78.0607 16.9393 3
      vertex 86.9689 9.75 3
    endloop
  endfacet
  facet normal -0 0 1
    outer loop
      vertex 77.9131 16.81 3
      vertex 86.9689 9.75 3
      vertex 78.0607 16.9393 3
    endloop
  endfacet
  facet normal 0 0 1
    outer loop
      vertex 86.9689 9.75 3
      vertex 77.9131 16.81 3
      vertex 86.7664 9.33939 3
    endloop
  endfacet
  facet normal -0 0 1
    outer loop
      vertex 77.75 16.701 3
      vertex 86.7664 9.33939 3
      vertex 77.9131 16.81 3
    endloop
  endfacet
  facet normal 0 0 1
    outer loop
      vertex 86.7664 9.33939 3
      vertex 77.75 16.701 3
      vertex 86.6193 8.90587 3
    endloop
  endfacet
  facet normal -0 0 1
    outer loop
      vertex 77.574 16.6142 3
      vertex 86.6193 8.90587 3
      vertex 77.75 16.701 3
    endloop
  endfacet
  facet normal 0 0 1
    outer loop
      vertex 86.6193 8.90587 3
      vertex 77.574 16.6142 3
      vertex 86.5299 8.45684 3
    endloop
  endfacet
  facet normal -0 0 1
    outer loop
      vertex 77.3882 16.5511 3
      vertex 86.5299 8.45684 3
      vertex 77.574 16.6142 3
    endloop
  endfacet
  facet normal -0 0 1
    outer loop
      vertex 77.1958 16.5128 3
      vertex 86.5299 8.45684 3
      vertex 77.3882 16.5511 3
    endloop
  endfacet
  facet normal 0 0 1
    outer loop
      vertex 86.5299 8.45684 3
      vertex 77.1958 16.5128 3
      vertex 86.5 8 3
    endloop
  endfacet
  facet normal -0 0 1
    outer loop
      vertex 77 16.5 3
      vertex 86.5 8 3
      vertex 77.1958 16.5128 3
    endloop
  endfacet
  facet normal 0 0 1
    outer loop
      vertex 86.5 8 3
      vertex 77 16.5 3
      vertex 86.5299 7.54316 3
    endloop
  endfacet
  facet normal 0 0 1
    outer loop
      vertex 86.5299 7.54316 3
      vertex 77 16.5 3
      vertex 86.6193 7.09413 3
    endloop
  endfacet
  facet normal -0 0 1
    outer loop
      vertex 71 16.5 3
      vertex 86.6193 7.09413 3
      vertex 77 16.5 3
    endloop
  endfacet
  facet normal 0 0 1
    outer loop
      vertex 86.6193 7.09413 3
      vertex 71 16.5 3
      vertex 86.7664 6.66061 3
    endloop
  endfacet
  facet normal 0 0 1
    outer loop
      vertex 86.7664 6.66061 3
      vertex 71 16.5 3
      vertex 86.9689 6.25 3
    endloop
  endfacet
  facet normal 0 0 1
    outer loop
      vertex 70.8042 16.5128 3
      vertex 86.9689 6.25 3
      vertex 71 16.5 3
    endloop
  endfacet
  facet normal 0 0 1
    outer loop
      vertex 86.9689 6.25 3
      vertex 70.8042 16.5128 3
      vertex 87.2233 5.86933 3
    endloop
  endfacet
  facet normal 0 0 1
    outer loop
      vertex 70.6118 16.5511 3
      vertex 87.2233 5.86933 3
      vertex 70.8042 16.5128 3
    endloop
  endfacet
  facet normal 0 0 1
    outer loop
      vertex 87.2233 5.86933 3
      vertex 70.6118 16.5511 3
      vertex 87.5251 5.52513 3
    endloop
  endfacet
  facet normal 0 0 1
    outer loop
      vertex 70.426 16.6142 3
      vertex 87.5251 5.52513 3
      vertex 70.6118 16.5511 3
    endloop
  endfacet
  facet normal -0 0 1
    outer loop
      vertex 27.574 16.6142 3
      vertex 87.5251 5.52513 3
      vertex 70.426 16.6142 3
    endloop
  endfacet
  facet normal 0 0 1
    outer loop
      vertex 10.4749 5.52513 3
      vertex 87.5251 5.52513 3
      vertex 27.574 16.6142 3
    endloop
  endfacet
  facet normal 0 0 1
    outer loop
      vertex 27.574 16.6142 3
      vertex 70.426 16.6142 3
      vertex 70.25 16.701 3
    endloop
  endfacet
  facet normal -0 0 1
    outer loop
      vertex 28.5 18 3
      vertex 69.5128 17.8042 3
      vertex 69.5 18 3
    endloop
  endfacet
  facet normal 0 0 1
    outer loop
      vertex 28.4872 17.8042 3
      vertex 69.5128 17.8042 3
      vertex 28.5 18 3
    endloop
  endfacet
  facet normal 0 0 1
    outer loop
      vertex 69.5128 17.8042 3
      vertex 28.4872 17.8042 3
      vertex 69.5511 17.6118 3
    endloop
  endfacet
  facet normal 0 0 1
    outer loop
      vertex 28.4489 17.6118 3
      vertex 69.5511 17.6118 3
      vertex 28.4872 17.8042 3
    endloop
  endfacet
  facet normal 0 0 1
    outer loop
      vertex 69.5511 17.6118 3
      vertex 28.4489 17.6118 3
      vertex 69.6142 17.426 3
    endloop
  endfacet
  facet normal 0 0 1
    outer loop
      vertex 28.3858 17.426 3
      vertex 69.6142 17.426 3
      vertex 28.4489 17.6118 3
    endloop
  endfacet
  facet normal 0 0 1
    outer loop
      vertex 69.6142 17.426 3
      vertex 28.3858 17.426 3
      vertex 69.701 17.25 3
    endloop
  endfacet
  facet normal 0 0 1
    outer loop
      vertex 28.299 17.25 3
      vertex 69.701 17.25 3
      vertex 28.3858 17.426 3
    endloop
  endfacet
  facet normal 0 0 1
    outer loop
      vertex 69.701 17.25 3
      vertex 28.299 17.25 3
      vertex 69.81 17.0869 3
    endloop
  endfacet
  facet normal 0 0 1
    outer loop
      vertex 28.19 17.0869 3
      vertex 69.81 17.0869 3
      vertex 28.299 17.25 3
    endloop
  endfacet
  facet normal 0 0 1
    outer loop
      vertex 69.81 17.0869 3
      vertex 28.19 17.0869 3
      vertex 69.9393 16.9393 3
    endloop
  endfacet
  facet normal 0 0 1
    outer loop
      vertex 28.0607 16.9393 3
      vertex 69.9393 16.9393 3
      vertex 28.19 17.0869 3
    endloop
  endfacet
  facet normal 0 0 1
    outer loop
      vertex 69.9393 16.9393 3
      vertex 28.0607 16.9393 3
      vertex 70.0869 16.81 3
    endloop
  endfacet
  facet normal 0 0 1
    outer loop
      vertex 27.9131 16.81 3
      vertex 70.0869 16.81 3
      vertex 28.0607 16.9393 3
    endloop
  endfacet
  facet normal 0 0 1
    outer loop
      vertex 70.0869 16.81 3
      vertex 27.9131 16.81 3
      vertex 70.25 16.701 3
    endloop
  endfacet
  facet normal 0 0 1
    outer loop
      vertex 27.75 16.701 3
      vertex 70.25 16.701 3
      vertex 27.9131 16.81 3
    endloop
  endfacet
  facet normal 0 0 1
    outer loop
      vertex 27.574 16.6142 3
      vertex 70.25 16.701 3
      vertex 27.75 16.701 3
    endloop
  endfacet
  facet normal 0 0 1
    outer loop
      vertex 87.5251 5.52513 3
      vertex 10.4749 5.52513 3
      vertex 87.8693 5.22326 3
    endloop
  endfacet
  facet normal 0 0 1
    outer loop
      vertex 10.1307 5.22326 3
      vertex 87.8693 5.22326 3
      vertex 10.4749 5.52513 3
    endloop
  endfacet
  facet normal 0 0 1
    outer loop
      vertex 10.4749 5.52513 3
      vertex 27.574 16.6142 3
      vertex 27.3882 16.5511 3
    endloop
  endfacet
  facet normal 0 0 1
    outer loop
      vertex 10.7767 5.86933 3
      vertex 27.3882 16.5511 3
      vertex 27.1958 16.5128 3
    endloop
  endfacet
  facet normal 0 0 1
    outer loop
      vertex 11.0311 6.25 3
      vertex 27.1958 16.5128 3
      vertex 27 16.5 3
    endloop
  endfacet
  facet normal 0 0 1
    outer loop
      vertex 11.3807 7.09413 3
      vertex 27 16.5 3
      vertex 21 16.5 3
    endloop
  endfacet
  facet normal 0 0 1
    outer loop
      vertex 11.5 8 3
      vertex 21 16.5 3
      vertex 20.8042 16.5128 3
    endloop
  endfacet
  facet normal 0 0 1
    outer loop
      vertex 11.5 8 3
      vertex 20.8042 16.5128 3
      vertex 20.6118 16.5511 3
    endloop
  endfacet
  facet normal 0 0 1
    outer loop
      vertex 19.5128 18.1958 3
      vertex 11.5 8 3
      vertex 19.5 18 3
    endloop
  endfacet
  facet normal 0 0 1
    outer loop
      vertex 19.5 18 3
      vertex 11.5 8 3
      vertex 19.5128 17.8042 3
    endloop
  endfacet
  facet normal 0 0 1
    outer loop
      vertex 19.5128 17.8042 3
      vertex 11.5 8 3
      vertex 19.5511 17.6118 3
    endloop
  endfacet
  facet normal 0 0 1
    outer loop
      vertex 11.5 8 3
      vertex 19.6142 17.426 3
      vertex 19.5511 17.6118 3
    endloop
  endfacet
  facet normal 0 0 1
    outer loop
      vertex 11.5 8 3
      vertex 19.701 17.25 3
      vertex 19.6142 17.426 3
    endloop
  endfacet
  facet normal 0 0 1
    outer loop
      vertex 11.5 8 3
      vertex 19.81 17.0869 3
      vertex 19.701 17.25 3
    endloop
  endfacet
  facet normal 0 0 1
    outer loop
      vertex 11.5 8 3
      vertex 19.9393 16.9393 3
      vertex 19.81 17.0869 3
    endloop
  endfacet
  facet normal 0 0 1
    outer loop
      vertex 11.5 8 3
      vertex 20.0869 16.81 3
      vertex 19.9393 16.9393 3
    endloop
  endfacet
  facet normal 0 0 1
    outer loop
      vertex 11.5 8 3
      vertex 20.25 16.701 3
      vertex 20.0869 16.81 3
    endloop
  endfacet
  facet normal 0 0 1
    outer loop
      vertex 11.5 8 3
      vertex 20.426 16.6142 3
      vertex 20.25 16.701 3
    endloop
  endfacet
  facet normal 0 0 1
    outer loop
      vertex 11.5 8 3
      vertex 20.6118 16.5511 3
      vertex 20.426 16.6142 3
    endloop
  endfacet
  facet normal 0 0 1
    outer loop
      vertex 21 16.5 3
      vertex 11.5 8 3
      vertex 11.4701 7.54316 3
    endloop
  endfacet
  facet normal 0 0 1
    outer loop
      vertex 21 16.5 3
      vertex 11.4701 7.54316 3
      vertex 11.3807 7.09413 3
    endloop
  endfacet
  facet normal 0 0 1
    outer loop
      vertex 27 16.5 3
      vertex 11.3807 7.09413 3
      vertex 11.2336 6.66061 3
    endloop
  endfacet
  facet normal 0 0 1
    outer loop
      vertex 27 16.5 3
      vertex 11.2336 6.66061 3
      vertex 11.0311 6.25 3
    endloop
  endfacet
  facet normal 0 0 1
    outer loop
      vertex 27.1958 16.5128 3
      vertex 11.0311 6.25 3
      vertex 10.7767 5.86933 3
    endloop
  endfacet
  facet normal 0 0 1
    outer loop
      vertex 27.3882 16.5511 3
      vertex 10.7767 5.86933 3
      vertex 10.4749 5.52513 3
    endloop
  endfacet
  facet normal 0 0 1
    outer loop
      vertex 87.8693 5.22326 3
      vertex 10.1307 5.22326 3
      vertex 88.25 4.96891 3
    endloop
  endfacet
  facet normal 0 0 1
    outer loop
      vertex 9.75 4.96891 3
      vertex 88.25 4.96891 3
      vertex 10.1307 5.22326 3
    endloop
  endfacet
  facet normal 0 0 1
    outer loop
      vertex 9.33939 4.76642 3
      vertex 88.25 4.96891 3
      vertex 9.75 4.96891 3
    endloop
  endfacet
  facet normal 0 0 1
    outer loop
      vertex 88.6606 4.76642 3
      vertex 9.33939 4.76642 3
      vertex 98 0 3
    endloop
  endfacet
  facet normal 0 0 1
    outer loop
      vertex 0 0 3
      vertex 9.33939 4.76642 3
      vertex 8.90587 4.61926 3
    endloop
  endfacet
  facet normal 0 0 1
    outer loop
      vertex 0 0 3
      vertex 8.90587 4.61926 3
      vertex 8.45684 4.52994 3
    endloop
  endfacet
  facet normal 0 0 1
    outer loop
      vertex 0 0 3
      vertex 8.45684 4.52994 3
      vertex 8 4.5 3
    endloop
  endfacet
  facet normal 0 0 1
    outer loop
      vertex 6.85 4.52776 3
      vertex 7.09413 4.61926 3
      vertex 7.02305 4.64339 3
    endloop
  endfacet
  facet normal 0 0 1
    outer loop
      vertex 6.85 4.52776 3
      vertex 7.54316 4.52994 3
      vertex 7.09413 4.61926 3
    endloop
  endfacet
  facet normal 0 0 1
    outer loop
      vertex 6.65056 4.4294 3
      vertex 7.54316 4.52994 3
      vertex 6.85 4.52776 3
    endloop
  endfacet
  facet normal 0 0 1
    outer loop
      vertex 6.43999 4.35793 3
      vertex 7.54316 4.52994 3
      vertex 6.65056 4.4294 3
    endloop
  endfacet
  facet normal 0 0 1
    outer loop
      vertex 7.54316 4.52994 3
      vertex 6.43999 4.35793 3
      vertex 8 4.5 3
    endloop
  endfacet
  facet normal 0 0 1
    outer loop
      vertex 6.22189 4.31454 3
      vertex 8 4.5 3
      vertex 6.43999 4.35793 3
    endloop
  endfacet
  facet normal 0 0 1
    outer loop
      vertex 8 4.5 3
      vertex 6.22189 4.31454 3
      vertex 0 0 3
    endloop
  endfacet
  facet normal 0 0 1
    outer loop
      vertex 0 0 3
      vertex 6.22189 4.31454 3
      vertex 6 4.3 3
    endloop
  endfacet
  facet normal 0 0 1
    outer loop
      vertex 4.31454 6.22189 3
      vertex 0 0 3
      vertex 4.3 6 3
    endloop
  endfacet
  facet normal 0 0 1
    outer loop
      vertex 9.33939 4.76642 3
      vertex 0 0 3
      vertex 98 0 3
    endloop
  endfacet
  facet normal 0 0 1
    outer loop
      vertex 5.7781 4.31454 3
      vertex 0 0 3
      vertex 6 4.3 3
    endloop
  endfacet
  facet normal 0 0 1
    outer loop
      vertex 5.56001 4.35793 3
      vertex 0 0 3
      vertex 5.7781 4.31454 3
    endloop
  endfacet
  facet normal 0 0 1
    outer loop
      vertex 5.34944 4.4294 3
      vertex 0 0 3
      vertex 5.56001 4.35793 3
    endloop
  endfacet
  facet normal 0 0 1
    outer loop
      vertex 5.15 4.52776 3
      vertex 0 0 3
      vertex 5.34944 4.4294 3
    endloop
  endfacet
  facet normal 0 0 1
    outer loop
      vertex 4.96511 4.6513 3
      vertex 0 0 3
      vertex 5.15 4.52776 3
    endloop
  endfacet
  facet normal 0 0 1
    outer loop
      vertex 4.79792 4.79792 3
      vertex 0 0 3
      vertex 4.96511 4.6513 3
    endloop
  endfacet
  facet normal 0 0 1
    outer loop
      vertex 4.6513 4.96511 3
      vertex 0 0 3
      vertex 4.79792 4.79792 3
    endloop
  endfacet
  facet normal 0 0 1
    outer loop
      vertex 4.52776 5.15 3
      vertex 0 0 3
      vertex 4.6513 4.96511 3
    endloop
  endfacet
  facet normal 0 0 1
    outer loop
      vertex 4.4294 5.34944 3
      vertex 0 0 3
      vertex 4.52776 5.15 3
    endloop
  endfacet
  facet normal 0 0 1
    outer loop
      vertex 4.35793 5.56001 3
      vertex 0 0 3
      vertex 4.4294 5.34944 3
    endloop
  endfacet
  facet normal 0 0 1
    outer loop
      vertex 4.31454 5.7781 3
      vertex 0 0 3
      vertex 4.35793 5.56001 3
    endloop
  endfacet
  facet normal 0 0 1
    outer loop
      vertex 4.3 6 3
      vertex 0 0 3
      vertex 4.31454 5.7781 3
    endloop
  endfacet
  facet normal -0 0 1
    outer loop
      vertex 93.4701 7.54316 3
      vertex 93.6421 6.43999 3
      vertex 93.5 8 3
    endloop
  endfacet
  facet normal 0 0 1
    outer loop
      vertex 93.6421 6.43999 3
      vertex 93.4701 7.54316 3
      vertex 93.5706 6.65056 3
    endloop
  endfacet
  facet normal 0 0 1
    outer loop
      vertex 93.5706 6.65056 3
      vertex 93.4701 7.54316 3
      vertex 93.4722 6.85 3
    endloop
  endfacet
  facet normal -0 0 1
    outer loop
      vertex 93.3807 7.09413 3
      vertex 93.4722 6.85 3
      vertex 93.4701 7.54316 3
    endloop
  endfacet
  facet normal 0 0 1
    outer loop
      vertex 93.4722 6.85 3
      vertex 93.3807 7.09413 3
      vertex 93.3566 7.02305 3
    endloop
  endfacet
  facet normal -0 0 1
    outer loop
      vertex 28.5 44 3
      vertex 69.5128 43.8042 3
      vertex 69.5 44 3
    endloop
  endfacet
  facet normal 0 0 1
    outer loop
      vertex 28.4872 43.8042 3
      vertex 69.5128 43.8042 3
      vertex 28.5 44 3
    endloop
  endfacet
  facet normal 0 0 1
    outer loop
      vertex 69.5128 43.8042 3
      vertex 28.4872 43.8042 3
      vertex 69.5511 43.6118 3
    endloop
  endfacet
  facet normal 0 0 1
    outer loop
      vertex 28.4489 43.6118 3
      vertex 69.5511 43.6118 3
      vertex 28.4872 43.8042 3
    endloop
  endfacet
  facet normal 0 0 1
    outer loop
      vertex 69.5511 43.6118 3
      vertex 28.4489 43.6118 3
      vertex 69.6142 43.426 3
    endloop
  endfacet
  facet normal 0 0 1
    outer loop
      vertex 28.3858 43.426 3
      vertex 69.6142 43.426 3
      vertex 28.4489 43.6118 3
    endloop
  endfacet
  facet normal 0 0 1
    outer loop
      vertex 69.6142 43.426 3
      vertex 28.3858 43.426 3
      vertex 69.701 43.25 3
    endloop
  endfacet
  facet normal 0 0 1
    outer loop
      vertex 28.299 43.25 3
      vertex 69.701 43.25 3
      vertex 28.3858 43.426 3
    endloop
  endfacet
  facet normal 0 0 1
    outer loop
      vertex 69.701 43.25 3
      vertex 28.299 43.25 3
      vertex 69.81 43.0869 3
    endloop
  endfacet
  facet normal 0 0 1
    outer loop
      vertex 28.19 43.0869 3
      vertex 69.81 43.0869 3
      vertex 28.299 43.25 3
    endloop
  endfacet
  facet normal 0 0 1
    outer loop
      vertex 69.81 43.0869 3
      vertex 28.19 43.0869 3
      vertex 69.8861 43 3
    endloop
  endfacet
  facet normal 0 0 1
    outer loop
      vertex 69.8861 43 3
      vertex 28.19 43.0869 3
      vertex 28.1139 43 3
    endloop
  endfacet
  facet normal -0 0 1
    outer loop
      vertex 21 42.5 3
      vertex 25 19.5 3
      vertex 25 42.5 3
    endloop
  endfacet
  facet normal 0 0 1
    outer loop
      vertex 21 42.5 3
      vertex 21 19.5 3
      vertex 25 19.5 3
    endloop
  endfacet
  facet normal 0 0 1
    outer loop
      vertex 20.8042 42.5128 3
      vertex 21 19.5 3
      vertex 21 42.5 3
    endloop
  endfacet
  facet normal 0 0 1
    outer loop
      vertex 20.8042 42.5128 3
      vertex 20.8042 19.4872 3
      vertex 21 19.5 3
    endloop
  endfacet
  facet normal 0 0 1
    outer loop
      vertex 20.6118 42.5511 3
      vertex 20.8042 19.4872 3
      vertex 20.8042 42.5128 3
    endloop
  endfacet
  facet normal 0 0 1
    outer loop
      vertex 20.6118 42.5511 3
      vertex 20.6118 19.4489 3
      vertex 20.8042 19.4872 3
    endloop
  endfacet
  facet normal 0 0 1
    outer loop
      vertex 20.426 42.6142 3
      vertex 20.6118 19.4489 3
      vertex 20.6118 42.5511 3
    endloop
  endfacet
  facet normal 0 0 1
    outer loop
      vertex 20.426 42.6142 3
      vertex 20.426 19.3858 3
      vertex 20.6118 19.4489 3
    endloop
  endfacet
  facet normal 0 0 1
    outer loop
      vertex 20.25 42.701 3
      vertex 20.426 19.3858 3
      vertex 20.426 42.6142 3
    endloop
  endfacet
  facet normal 0 0 1
    outer loop
      vertex 20.25 42.701 3
      vertex 20.25 19.299 3
      vertex 20.426 19.3858 3
    endloop
  endfacet
  facet normal 0 0 1
    outer loop
      vertex 20.0869 42.81 3
      vertex 20.25 19.299 3
      vertex 20.25 42.701 3
    endloop
  endfacet
  facet normal 0 0 1
    outer loop
      vertex 20.0869 42.81 3
      vertex 20.0869 19.19 3
      vertex 20.25 19.299 3
    endloop
  endfacet
  facet normal 0 0 1
    outer loop
      vertex 19.9393 42.9393 3
      vertex 20.0869 19.19 3
      vertex 20.0869 42.81 3
    endloop
  endfacet
  facet normal 0 0 1
    outer loop
      vertex 19.9393 42.9393 3
      vertex 19.9393 19.0607 3
      vertex 20.0869 19.19 3
    endloop
  endfacet
  facet normal 0 0 1
    outer loop
      vertex 19.81 43.0869 3
      vertex 19.9393 19.0607 3
      vertex 19.9393 42.9393 3
    endloop
  endfacet
  facet normal 0 0 1
    outer loop
      vertex 19.81 43.0869 3
      vertex 19.81 18.9131 3
      vertex 19.9393 19.0607 3
    endloop
  endfacet
  facet normal 0 0 1
    outer loop
      vertex 19.701 43.25 3
      vertex 19.81 18.9131 3
      vertex 19.81 43.0869 3
    endloop
  endfacet
  facet normal 0 0 1
    outer loop
      vertex 19.701 43.25 3
      vertex 19.701 18.75 3
      vertex 19.81 18.9131 3
    endloop
  endfacet
  facet normal 0 0 1
    outer loop
      vertex 19.6142 43.426 3
      vertex 19.701 18.75 3
      vertex 19.701 43.25 3
    endloop
  endfacet
  facet normal 0 0 1
    outer loop
      vertex 19.6142 43.426 3
      vertex 19.6142 18.574 3
      vertex 19.701 18.75 3
    endloop
  endfacet
  facet normal 0 0 1
    outer loop
      vertex 19.701 44.75 3
      vertex 10.4749 51.5251 3
      vertex 19.6142 44.574 3
    endloop
  endfacet
  facet normal -0 0 1
    outer loop
      vertex 10.1307 51.2233 3
      vertex 19.6142 44.574 3
      vertex 10.4749 51.5251 3
    endloop
  endfacet
  facet normal -0 0 1
    outer loop
      vertex 10.4749 51.5251 3
      vertex 19.701 44.75 3
      vertex 10.7767 51.8693 3
    endloop
  endfacet
  facet normal 0 0 1
    outer loop
      vertex 19.6142 44.574 3
      vertex 10.1307 51.2233 3
      vertex 19.5511 44.3882 3
    endloop
  endfacet
  facet normal 0 0 1
    outer loop
      vertex 19.81 44.9131 3
      vertex 10.7767 51.8693 3
      vertex 19.701 44.75 3
    endloop
  endfacet
  facet normal 0 0 1
    outer loop
      vertex 19.6142 18.574 3
      vertex 11.5 8 3
      vertex 19.5511 18.3882 3
    endloop
  endfacet
  facet normal 0 0 1
    outer loop
      vertex 4.61926 7.09413 3
      vertex 4.52776 6.85 3
      vertex 4.64339 7.02305 3
    endloop
  endfacet
  facet normal 0 0 1
    outer loop
      vertex 4.52994 7.54316 3
      vertex 4.52776 6.85 3
      vertex 4.61926 7.09413 3
    endloop
  endfacet
  facet normal 0 0 1
    outer loop
      vertex 4.35793 6.43999 3
      vertex 4.52994 7.54316 3
      vertex 4.5 8 3
    endloop
  endfacet
  facet normal 0 0 1
    outer loop
      vertex 4.52994 7.54316 3
      vertex 4.4294 6.65056 3
      vertex 4.52776 6.85 3
    endloop
  endfacet
  facet normal 0 0 1
    outer loop
      vertex 4.31454 55.7781 3
      vertex 4.5 54 3
      vertex 4.35793 55.56 3
    endloop
  endfacet
  facet normal 0 0 1
    outer loop
      vertex 4.5 54 3
      vertex 4.31454 55.7781 3
      vertex 0 62 3
    endloop
  endfacet
  facet normal 0 0 1
    outer loop
      vertex 4.52994 7.54316 3
      vertex 4.35793 6.43999 3
      vertex 4.4294 6.65056 3
    endloop
  endfacet
  facet normal 0 0 1
    outer loop
      vertex 4.5 54 3
      vertex 0 62 3
      vertex 4.5 8 3
    endloop
  endfacet
  facet normal 0 0 1
    outer loop
      vertex 4.5 8 3
      vertex 4.31454 6.22189 3
      vertex 4.35793 6.43999 3
    endloop
  endfacet
  facet normal 0 0 1
    outer loop
      vertex 0 62 3
      vertex 4.31454 55.7781 3
      vertex 4.3 56 3
    endloop
  endfacet
  facet normal 0 0 1
    outer loop
      vertex 0 0 3
      vertex 4.5 8 3
      vertex 0 62 3
    endloop
  endfacet
  facet normal -0.0653969 -0.997859 0
    outer loop
      vertex 7.54316 4.52994 3
      vertex 8 4.5 8
      vertex 7.54316 4.52994 8
    endloop
  endfacet
  facet normal -0.0653969 -0.997859 -0
    outer loop
      vertex 8 4.5 8
      vertex 7.54316 4.52994 3
      vertex 8 4.5 3
    endloop
  endfacet
  facet normal 0.7519 0.659278 0
    outer loop
      vertex 10.7767 10.1307 8
      vertex 10.4749 10.4749 3
      vertex 10.4749 10.4749 8
    endloop
  endfacet
  facet normal 0.7519 0.659278 0
    outer loop
      vertex 10.4749 10.4749 3
      vertex 10.7767 10.1307 8
      vertex 10.7767 10.1307 3
    endloop
  endfacet
  facet normal -0.555637 0.831425 0
    outer loop
      vertex 6.25 11.0311 3
      vertex 5.86933 10.7767 8
      vertex 6.25 11.0311 8
    endloop
  endfacet
  facet normal -0.555637 0.831425 0
    outer loop
      vertex 5.86933 10.7767 8
      vertex 6.25 11.0311 3
      vertex 5.86933 10.7767 3
    endloop
  endfacet
  facet normal 0 0 1
    outer loop
      vertex 7.47224 6.85 8
      vertex 11.5 8 8
      vertex 11.4701 8.45684 8
    endloop
  endfacet
  facet normal 0 0 1
    outer loop
      vertex 7.3487 7.03489 8
      vertex 11.4701 8.45684 8
      vertex 11.3807 8.90587 8
    endloop
  endfacet
  facet normal 0 0 1
    outer loop
      vertex 11.5 8 8
      vertex 7.47224 6.85 8
      vertex 11.4701 7.54316 8
    endloop
  endfacet
  facet normal 0 0 1
    outer loop
      vertex 7.3487 7.03489 8
      vertex 11.3807 8.90587 8
      vertex 11.2336 9.33939 8
    endloop
  endfacet
  facet normal 0 0 1
    outer loop
      vertex 11.4701 7.54316 8
      vertex 7.47224 6.85 8
      vertex 11.3807 7.09413 8
    endloop
  endfacet
  facet normal 0 0 1
    outer loop
      vertex 7.3487 7.03489 8
      vertex 11.2336 9.33939 8
      vertex 11.0311 9.75 8
    endloop
  endfacet
  facet normal 0 -0 1
    outer loop
      vertex 7.57059 6.65056 8
      vertex 11.3807 7.09413 8
      vertex 7.47224 6.85 8
    endloop
  endfacet
  facet normal 0 0 1
    outer loop
      vertex 7.20208 7.20208 8
      vertex 11.0311 9.75 8
      vertex 10.7767 10.1307 8
    endloop
  endfacet
  facet normal 0 0 1
    outer loop
      vertex 11.3807 7.09413 8
      vertex 7.57059 6.65056 8
      vertex 11.2336 6.66061 8
    endloop
  endfacet
  facet normal 0 0 1
    outer loop
      vertex 7.20208 7.20208 8
      vertex 10.7767 10.1307 8
      vertex 10.4749 10.4749 8
    endloop
  endfacet
  facet normal 0 0 1
    outer loop
      vertex 11.2336 6.66061 8
      vertex 7.57059 6.65056 8
      vertex 11.0311 6.25 8
    endloop
  endfacet
  facet normal 0 0 1
    outer loop
      vertex 7.20208 7.20208 8
      vertex 10.4749 10.4749 8
      vertex 10.1307 10.7767 8
    endloop
  endfacet
  facet normal -0 -0 1
    outer loop
      vertex 7.64207 6.43999 8
      vertex 11.0311 6.25 8
      vertex 7.57059 6.65056 8
    endloop
  endfacet
  facet normal 0 0 1
    outer loop
      vertex 7.20208 7.20208 8
      vertex 10.1307 10.7767 8
      vertex 9.75 11.0311 8
    endloop
  endfacet
  facet normal 0 0 1
    outer loop
      vertex 11.0311 6.25 8
      vertex 7.64207 6.43999 8
      vertex 10.7767 5.86933 8
    endloop
  endfacet
  facet normal 0 0 1
    outer loop
      vertex 7.03489 7.3487 8
      vertex 9.75 11.0311 8
      vertex 9.33939 11.2336 8
    endloop
  endfacet
  facet normal -0 -0 1
    outer loop
      vertex 7.68546 6.22189 8
      vertex 10.4749 5.52513 8
      vertex 7.64207 6.43999 8
    endloop
  endfacet
  facet normal 0 0 1
    outer loop
      vertex 7.03489 7.3487 8
      vertex 9.33939 11.2336 8
      vertex 8.90587 11.3807 8
    endloop
  endfacet
  facet normal 0 0 1
    outer loop
      vertex 10.4749 5.52513 8
      vertex 7.68546 6.22189 8
      vertex 10.1307 5.22326 8
    endloop
  endfacet
  facet normal 0 0 1
    outer loop
      vertex 7.03489 7.3487 8
      vertex 8.90587 11.3807 8
      vertex 8.45684 11.4701 8
    endloop
  endfacet
  facet normal 0 0 1
    outer loop
      vertex 10.1307 5.22326 8
      vertex 7.68546 6.22189 8
      vertex 9.75 4.96891 8
    endloop
  endfacet
  facet normal 0 0 1
    outer loop
      vertex 6.85 7.47224 8
      vertex 8.45684 11.4701 8
      vertex 8 11.5 8
    endloop
  endfacet
  facet normal 0 0 1
    outer loop
      vertex 9.75 4.96891 8
      vertex 7.7 6 8
      vertex 9.33939 4.76642 8
    endloop
  endfacet
  facet normal 0 0 1
    outer loop
      vertex 9.33939 4.76642 8
      vertex 7.68546 5.7781 8
      vertex 8.90587 4.61926 8
    endloop
  endfacet
  facet normal -0 0 1
    outer loop
      vertex 7.64207 5.56001 8
      vertex 8.90587 4.61926 8
      vertex 7.68546 5.7781 8
    endloop
  endfacet
  facet normal -0 0 1
    outer loop
      vertex 7.68546 5.7781 8
      vertex 9.33939 4.76642 8
      vertex 7.7 6 8
    endloop
  endfacet
  facet normal -0 -0 1
    outer loop
      vertex 7.7 6 8
      vertex 9.75 4.96891 8
      vertex 7.68546 6.22189 8
    endloop
  endfacet
  facet normal 0 0 1
    outer loop
      vertex 6.85 7.47224 8
      vertex 8 11.5 8
      vertex 7.54316 11.4701 8
    endloop
  endfacet
  facet normal 0 0 1
    outer loop
      vertex 10.7767 5.86933 8
      vertex 7.64207 6.43999 8
      vertex 10.4749 5.52513 8
    endloop
  endfacet
  facet normal 0 0 1
    outer loop
      vertex 11.4701 8.45684 8
      vertex 7.3487 7.03489 8
      vertex 7.47224 6.85 8
    endloop
  endfacet
  facet normal 0 0 1
    outer loop
      vertex 11.0311 9.75 8
      vertex 7.20208 7.20208 8
      vertex 7.3487 7.03489 8
    endloop
  endfacet
  facet normal 0 0 1
    outer loop
      vertex 6.85 7.47224 8
      vertex 7.54316 11.4701 8
      vertex 7.09413 11.3807 8
    endloop
  endfacet
  facet normal 0 0 1
    outer loop
      vertex 9.75 11.0311 8
      vertex 7.03489 7.3487 8
      vertex 7.20208 7.20208 8
    endloop
  endfacet
  facet normal 0 0 1
    outer loop
      vertex 8.45684 11.4701 8
      vertex 6.85 7.47224 8
      vertex 7.03489 7.3487 8
    endloop
  endfacet
  facet normal 0 0 1
    outer loop
      vertex 6.65056 7.57059 8
      vertex 7.09413 11.3807 8
      vertex 6.66061 11.2336 8
    endloop
  endfacet
  facet normal 0 0 1
    outer loop
      vertex 7.09413 11.3807 8
      vertex 6.65056 7.57059 8
      vertex 6.85 7.47224 8
    endloop
  endfacet
  facet normal -0 0 1
    outer loop
      vertex 6.25 11.0311 8
      vertex 6.65056 7.57059 8
      vertex 6.66061 11.2336 8
    endloop
  endfacet
  facet normal 0 0 1
    outer loop
      vertex 6.65056 7.57059 8
      vertex 6.25 11.0311 8
      vertex 6.43999 7.64207 8
    endloop
  endfacet
  facet normal -0 0 1
    outer loop
      vertex 5.86933 10.7767 8
      vertex 6.43999 7.64207 8
      vertex 6.25 11.0311 8
    endloop
  endfacet
  facet normal -0 0 1
    outer loop
      vertex 5.52513 10.4749 8
      vertex 6.43999 7.64207 8
      vertex 5.86933 10.7767 8
    endloop
  endfacet
  facet normal 0 0 1
    outer loop
      vertex 6.43999 7.64207 8
      vertex 5.52513 10.4749 8
      vertex 6.22189 7.68546 8
    endloop
  endfacet
  facet normal -0 0 1
    outer loop
      vertex 5.22326 10.1307 8
      vertex 6.22189 7.68546 8
      vertex 5.52513 10.4749 8
    endloop
  endfacet
  facet normal -0 0 1
    outer loop
      vertex 4.96891 9.75 8
      vertex 6.22189 7.68546 8
      vertex 5.22326 10.1307 8
    endloop
  endfacet
  facet normal 0 0 1
    outer loop
      vertex 6.22189 7.68546 8
      vertex 4.96891 9.75 8
      vertex 6 7.7 8
    endloop
  endfacet
  facet normal -0 0 1
    outer loop
      vertex 4.76642 9.33939 8
      vertex 6 7.7 8
      vertex 4.96891 9.75 8
    endloop
  endfacet
  facet normal 0 0 1
    outer loop
      vertex 6 7.7 8
      vertex 4.76642 9.33939 8
      vertex 5.7781 7.68546 8
    endloop
  endfacet
  facet normal -0 0 1
    outer loop
      vertex 4.61926 8.90587 8
      vertex 5.7781 7.68546 8
      vertex 4.76642 9.33939 8
    endloop
  endfacet
  facet normal 0 0 1
    outer loop
      vertex 5.7781 7.68546 8
      vertex 4.61926 8.90587 8
      vertex 5.56001 7.64207 8
    endloop
  endfacet
  facet normal -0 0 1
    outer loop
      vertex 4.52994 8.45684 8
      vertex 5.56001 7.64207 8
      vertex 4.61926 8.90587 8
    endloop
  endfacet
  facet normal 0 0 1
    outer loop
      vertex 5.56001 7.64207 8
      vertex 4.52994 8.45684 8
      vertex 5.34944 7.57059 8
    endloop
  endfacet
  facet normal -0 0 1
    outer loop
      vertex 4.5 8 8
      vertex 5.34944 7.57059 8
      vertex 4.52994 8.45684 8
    endloop
  endfacet
  facet normal 0 0 1
    outer loop
      vertex 5.34944 7.57059 8
      vertex 4.5 8 8
      vertex 5.15 7.47224 8
    endloop
  endfacet
  facet normal -0 -0 1
    outer loop
      vertex 4.52994 7.54316 8
      vertex 5.15 7.47224 8
      vertex 4.5 8 8
    endloop
  endfacet
  facet normal 0 0 1
    outer loop
      vertex 5.15 7.47224 8
      vertex 4.52994 7.54316 8
      vertex 4.96511 7.3487 8
    endloop
  endfacet
  facet normal 0 0 1
    outer loop
      vertex 4.96511 7.3487 8
      vertex 4.52994 7.54316 8
      vertex 4.79792 7.20208 8
    endloop
  endfacet
  facet normal 0 0 1
    outer loop
      vertex 4.79792 7.20208 8
      vertex 4.61926 7.09413 8
      vertex 4.6513 7.03489 8
    endloop
  endfacet
  facet normal 0 0 1
    outer loop
      vertex 4.6513 7.03489 8
      vertex 4.61926 7.09413 8
      vertex 4.64339 7.02305 8
    endloop
  endfacet
  facet normal 0 -0 1
    outer loop
      vertex 4.61926 7.09413 8
      vertex 4.79792 7.20208 8
      vertex 4.52994 7.54316 8
    endloop
  endfacet
  facet normal 0 0 1
    outer loop
      vertex 8.90587 4.61926 8
      vertex 7.64207 5.56001 8
      vertex 8.45684 4.52994 8
    endloop
  endfacet
  facet normal -0 0 1
    outer loop
      vertex 7.57059 5.34944 8
      vertex 8.45684 4.52994 8
      vertex 7.64207 5.56001 8
    endloop
  endfacet
  facet normal 0 0 1
    outer loop
      vertex 8.45684 4.52994 8
      vertex 7.57059 5.34944 8
      vertex 8 4.5 8
    endloop
  endfacet
  facet normal -0 0 1
    outer loop
      vertex 7.47224 5.15 8
      vertex 8 4.5 8
      vertex 7.57059 5.34944 8
    endloop
  endfacet
  facet normal 0 0 1
    outer loop
      vertex 8 4.5 8
      vertex 7.47224 5.15 8
      vertex 7.54316 4.52994 8
    endloop
  endfacet
  facet normal -0 0 1
    outer loop
      vertex 7.3487 4.96511 8
      vertex 7.54316 4.52994 8
      vertex 7.47224 5.15 8
    endloop
  endfacet
  facet normal -0 0 1
    outer loop
      vertex 7.20208 4.79792 8
      vertex 7.54316 4.52994 8
      vertex 7.3487 4.96511 8
    endloop
  endfacet
  facet normal 0 0 1
    outer loop
      vertex 7.20208 4.79792 8
      vertex 7.09413 4.61926 8
      vertex 7.54316 4.52994 8
    endloop
  endfacet
  facet normal -0 0 1
    outer loop
      vertex 7.03489 4.6513 8
      vertex 7.09413 4.61926 8
      vertex 7.20208 4.79792 8
    endloop
  endfacet
  facet normal 0 0 1
    outer loop
      vertex 7.09413 4.61926 8
      vertex 7.03489 4.6513 8
      vertex 7.02305 4.64339 8
    endloop
  endfacet
  facet normal 0.321439 -0.94693 0
    outer loop
      vertex 8.90587 4.61926 3
      vertex 9.33939 4.76642 8
      vertex 8.90587 4.61926 8
    endloop
  endfacet
  facet normal 0.321439 -0.94693 0
    outer loop
      vertex 9.33939 4.76642 8
      vertex 8.90587 4.61926 3
      vertex 9.33939 4.76642 3
    endloop
  endfacet
  facet normal 0.442288 -0.896873 0
    outer loop
      vertex 9.33939 4.76642 3
      vertex 9.75 4.96891 8
      vertex 9.33939 4.76642 8
    endloop
  endfacet
  facet normal 0.442288 -0.896873 0
    outer loop
      vertex 9.75 4.96891 8
      vertex 9.33939 4.76642 3
      vertex 9.75 4.96891 3
    endloop
  endfacet
  facet normal 0.94697 -0.321322 0
    outer loop
      vertex 11.2336 6.66061 8
      vertex 11.3807 7.09413 3
      vertex 11.3807 7.09413 8
    endloop
  endfacet
  facet normal 0.94697 -0.321322 0
    outer loop
      vertex 11.3807 7.09413 3
      vertex 11.2336 6.66061 8
      vertex 11.2336 6.66061 3
    endloop
  endfacet
  facet normal -0.195095 -0.980784 0
    outer loop
      vertex 7.09413 4.61926 3
      vertex 7.54316 4.52994 8
      vertex 7.09413 4.61926 8
    endloop
  endfacet
  facet normal -0.195095 -0.980784 -0
    outer loop
      vertex 7.54316 4.52994 8
      vertex 7.09413 4.61926 3
      vertex 7.54316 4.52994 3
    endloop
  endfacet
  facet normal 0.195263 0.980751 -0
    outer loop
      vertex 8.90587 11.3807 3
      vertex 8.45684 11.4701 8
      vertex 8.90587 11.3807 8
    endloop
  endfacet
  facet normal 0.195263 0.980751 0
    outer loop
      vertex 8.45684 11.4701 8
      vertex 8.90587 11.3807 3
      vertex 8.45684 11.4701 3
    endloop
  endfacet
  facet normal -0.94693 0.321439 0
    outer loop
      vertex 4.61926 8.90587 3
      vertex 4.76642 9.33939 8
      vertex 4.76642 9.33939 3
    endloop
  endfacet
  facet normal -0.94693 0.321439 0
    outer loop
      vertex 4.76642 9.33939 8
      vertex 4.61926 8.90587 3
      vertex 4.61926 8.90587 8
    endloop
  endfacet
  facet normal -0.946926 -0.321452 0
    outer loop
      vertex 4.76642 52.6606 3
      vertex 4.61926 53.0941 8
      vertex 4.61926 53.0941 3
    endloop
  endfacet
  facet normal -0.946926 -0.321452 0
    outer loop
      vertex 4.61926 53.0941 8
      vertex 4.76642 52.6606 3
      vertex 4.76642 52.6606 8
    endloop
  endfacet
  facet normal 0.195263 -0.980751 0
    outer loop
      vertex 8.45684 50.5299 3
      vertex 8.90587 50.6193 8
      vertex 8.45684 50.5299 8
    endloop
  endfacet
  facet normal 0.195263 -0.980751 0
    outer loop
      vertex 8.90587 50.6193 8
      vertex 8.45684 50.5299 3
      vertex 8.90587 50.6193 3
    endloop
  endfacet
  facet normal 0.980757 0.195234 0
    outer loop
      vertex 11.4701 54.4568 8
      vertex 11.3807 54.9059 3
      vertex 11.3807 54.9059 8
    endloop
  endfacet
  facet normal 0.980757 0.195234 0
    outer loop
      vertex 11.3807 54.9059 3
      vertex 11.4701 54.4568 8
      vertex 11.4701 54.4568 3
    endloop
  endfacet
  facet normal 0.997865 0.0653156 0
    outer loop
      vertex 11.5 54 8
      vertex 11.4701 54.4568 3
      vertex 11.4701 54.4568 8
    endloop
  endfacet
  facet normal 0.997865 0.0653156 0
    outer loop
      vertex 11.4701 54.4568 3
      vertex 11.5 54 8
      vertex 11.5 54 3
    endloop
  endfacet
  facet normal 0.946966 0.321335 0
    outer loop
      vertex 11.3807 54.9059 8
      vertex 11.2336 55.3394 3
      vertex 11.2336 55.3394 8
    endloop
  endfacet
  facet normal 0.946966 0.321335 0
    outer loop
      vertex 11.2336 55.3394 3
      vertex 11.3807 54.9059 8
      vertex 11.3807 54.9059 3
    endloop
  endfacet
  facet normal 0.89686 -0.442314 0
    outer loop
      vertex 11.0311 52.25 8
      vertex 11.2336 52.6606 3
      vertex 11.2336 52.6606 8
    endloop
  endfacet
  facet normal 0.89686 -0.442314 0
    outer loop
      vertex 11.2336 52.6606 3
      vertex 11.0311 52.25 8
      vertex 11.0311 52.25 3
    endloop
  endfacet
  facet normal 0.997865 -0.0653156 0
    outer loop
      vertex 11.4701 53.5432 8
      vertex 11.5 54 3
      vertex 11.5 54 8
    endloop
  endfacet
  facet normal 0.997865 -0.0653156 0
    outer loop
      vertex 11.5 54 3
      vertex 11.4701 53.5432 8
      vertex 11.4701 53.5432 3
    endloop
  endfacet
  facet normal 0.659278 0.7519 -0
    outer loop
      vertex 10.4749 56.4749 3
      vertex 10.1307 56.7767 8
      vertex 10.4749 56.4749 8
    endloop
  endfacet
  facet normal 0.659278 0.7519 0
    outer loop
      vertex 10.1307 56.7767 8
      vertex 10.4749 56.4749 3
      vertex 10.1307 56.7767 3
    endloop
  endfacet
  facet normal 0.0653099 0.997865 -0
    outer loop
      vertex 8.45684 57.4701 3
      vertex 8 57.5 8
      vertex 8.45684 57.4701 8
    endloop
  endfacet
  facet normal 0.0653099 0.997865 0
    outer loop
      vertex 8 57.5 8
      vertex 8.45684 57.4701 3
      vertex 8 57.5 3
    endloop
  endfacet
  facet normal -0.997859 0.0654026 0
    outer loop
      vertex 4.5 54 3
      vertex 4.52994 54.4568 8
      vertex 4.52994 54.4568 3
    endloop
  endfacet
  facet normal -0.997859 0.0654026 0
    outer loop
      vertex 4.52994 54.4568 8
      vertex 4.5 54 3
      vertex 4.5 54 8
    endloop
  endfacet
  facet normal -0.751824 -0.659364 0
    outer loop
      vertex 5.52513 51.5251 3
      vertex 5.22326 51.8693 8
      vertex 5.22326 51.8693 3
    endloop
  endfacet
  facet normal -0.751824 -0.659364 0
    outer loop
      vertex 5.22326 51.8693 8
      vertex 5.52513 51.5251 3
      vertex 5.52513 51.5251 8
    endloop
  endfacet
  facet normal -0.98079 -0.195066 0
    outer loop
      vertex 4.61926 53.0941 3
      vertex 4.52994 53.5432 8
      vertex 4.52994 53.5432 3
    endloop
  endfacet
  facet normal -0.98079 -0.195066 0
    outer loop
      vertex 4.52994 53.5432 8
      vertex 4.61926 53.0941 3
      vertex 4.61926 53.0941 8
    endloop
  endfacet
  facet normal 0.831445 -0.555607 0
    outer loop
      vertex 10.7767 51.8693 8
      vertex 11.0311 52.25 3
      vertex 11.0311 52.25 8
    endloop
  endfacet
  facet normal 0.831445 -0.555607 0
    outer loop
      vertex 11.0311 52.25 3
      vertex 10.7767 51.8693 8
      vertex 10.7767 51.8693 3
    endloop
  endfacet
  facet normal -0.0653099 0.997865 0
    outer loop
      vertex 8 57.5 3
      vertex 7.54316 57.4701 8
      vertex 8 57.5 8
    endloop
  endfacet
  facet normal -0.0653099 0.997865 0
    outer loop
      vertex 7.54316 57.4701 8
      vertex 8 57.5 3
      vertex 7.54316 57.4701 3
    endloop
  endfacet
  facet normal -0.321322 -0.94697 0
    outer loop
      vertex 6.66061 50.7664 3
      vertex 7.09413 50.6193 8
      vertex 6.66061 50.7664 8
    endloop
  endfacet
  facet normal -0.321322 -0.94697 -0
    outer loop
      vertex 7.09413 50.6193 8
      vertex 6.66061 50.7664 3
      vertex 7.09413 50.6193 3
    endloop
  endfacet
  facet normal 0.442305 0.896864 -0
    outer loop
      vertex 9.75 57.0311 3
      vertex 9.33939 57.2336 8
      vertex 9.75 57.0311 8
    endloop
  endfacet
  facet normal 0.442305 0.896864 0
    outer loop
      vertex 9.33939 57.2336 8
      vertex 9.75 57.0311 3
      vertex 9.33939 57.2336 3
    endloop
  endfacet
  facet normal 0.0653099 -0.997865 0
    outer loop
      vertex 8 50.5 3
      vertex 8.45684 50.5299 8
      vertex 8 50.5 8
    endloop
  endfacet
  facet normal 0.0653099 -0.997865 0
    outer loop
      vertex 8.45684 50.5299 8
      vertex 8 50.5 3
      vertex 8.45684 50.5299 3
    endloop
  endfacet
  facet normal 0.555607 -0.831445 0
    outer loop
      vertex 9.75 50.9689 3
      vertex 10.1307 51.2233 8
      vertex 9.75 50.9689 8
    endloop
  endfacet
  facet normal 0.555607 -0.831445 0
    outer loop
      vertex 10.1307 51.2233 8
      vertex 9.75 50.9689 3
      vertex 10.1307 51.2233 3
    endloop
  endfacet
  facet normal 0.980757 -0.195234 0
    outer loop
      vertex 11.3807 53.0941 8
      vertex 11.4701 53.5432 3
      vertex 11.4701 53.5432 8
    endloop
  endfacet
  facet normal 0.980757 -0.195234 0
    outer loop
      vertex 11.4701 53.5432 3
      vertex 11.3807 53.0941 8
      vertex 11.3807 53.0941 3
    endloop
  endfacet
  facet normal -0.98079 0.195066 0
    outer loop
      vertex 4.52994 54.4568 3
      vertex 4.61926 54.9059 8
      vertex 4.61926 54.9059 3
    endloop
  endfacet
  facet normal -0.98079 0.195066 0
    outer loop
      vertex 4.61926 54.9059 8
      vertex 4.52994 54.4568 3
      vertex 4.52994 54.4568 8
    endloop
  endfacet
  facet normal 0.831445 0.555607 0
    outer loop
      vertex 11.0311 55.75 8
      vertex 10.7767 56.1307 3
      vertex 10.7767 56.1307 8
    endloop
  endfacet
  facet normal 0.831445 0.555607 0
    outer loop
      vertex 10.7767 56.1307 3
      vertex 11.0311 55.75 8
      vertex 11.0311 55.75 3
    endloop
  endfacet
  facet normal 0.555607 0.831445 -0
    outer loop
      vertex 10.1307 56.7767 3
      vertex 9.75 57.0311 8
      vertex 10.1307 56.7767 8
    endloop
  endfacet
  facet normal 0.555607 0.831445 0
    outer loop
      vertex 9.75 57.0311 8
      vertex 10.1307 56.7767 3
      vertex 9.75 57.0311 3
    endloop
  endfacet
  facet normal -0.997859 -0.0654026 0
    outer loop
      vertex 4.52994 53.5432 3
      vertex 4.5 54 8
      vertex 4.5 54 3
    endloop
  endfacet
  facet normal -0.997859 -0.0654026 0
    outer loop
      vertex 4.5 54 8
      vertex 4.52994 53.5432 3
      vertex 4.52994 53.5432 8
    endloop
  endfacet
  facet normal 0.321322 0.94697 -0
    outer loop
      vertex 9.33939 57.2336 3
      vertex 8.90587 57.3807 8
      vertex 9.33939 57.2336 8
    endloop
  endfacet
  facet normal 0.321322 0.94697 0
    outer loop
      vertex 8.90587 57.3807 8
      vertex 9.33939 57.2336 3
      vertex 8.90587 57.3807 3
    endloop
  endfacet
  facet normal 0.659278 -0.7519 0
    outer loop
      vertex 10.1307 51.2233 3
      vertex 10.4749 51.5251 8
      vertex 10.1307 51.2233 8
    endloop
  endfacet
  facet normal 0.659278 -0.7519 0
    outer loop
      vertex 10.4749 51.5251 8
      vertex 10.1307 51.2233 3
      vertex 10.4749 51.5251 3
    endloop
  endfacet
  facet normal -0.195263 0.980751 0
    outer loop
      vertex 7.54316 57.4701 3
      vertex 7.09413 57.3807 8
      vertex 7.54316 57.4701 8
    endloop
  endfacet
  facet normal -0.195263 0.980751 0
    outer loop
      vertex 7.09413 57.3807 8
      vertex 7.54316 57.4701 3
      vertex 7.09413 57.3807 3
    endloop
  endfacet
  facet normal 0.89686 0.442314 0
    outer loop
      vertex 11.2336 55.3394 8
      vertex 11.0311 55.75 3
      vertex 11.0311 55.75 8
    endloop
  endfacet
  facet normal 0.89686 0.442314 0
    outer loop
      vertex 11.0311 55.75 3
      vertex 11.2336 55.3394 8
      vertex 11.2336 55.3394 3
    endloop
  endfacet
  facet normal 0.946966 -0.321335 0
    outer loop
      vertex 11.2336 52.6606 8
      vertex 11.3807 53.0941 3
      vertex 11.3807 53.0941 8
    endloop
  endfacet
  facet normal 0.946966 -0.321335 0
    outer loop
      vertex 11.3807 53.0941 3
      vertex 11.2336 52.6606 8
      vertex 11.2336 52.6606 3
    endloop
  endfacet
  facet normal -0.555637 -0.831425 0
    outer loop
      vertex 5.86933 51.2233 3
      vertex 6.25 50.9689 8
      vertex 5.86933 51.2233 8
    endloop
  endfacet
  facet normal -0.555637 -0.831425 -0
    outer loop
      vertex 6.25 50.9689 8
      vertex 5.86933 51.2233 3
      vertex 6.25 50.9689 3
    endloop
  endfacet
  facet normal -0.659278 -0.7519 0
    outer loop
      vertex 5.52513 51.5251 3
      vertex 5.86933 51.2233 8
      vertex 5.52513 51.5251 8
    endloop
  endfacet
  facet normal -0.659278 -0.7519 -0
    outer loop
      vertex 5.86933 51.2233 8
      vertex 5.52513 51.5251 3
      vertex 5.86933 51.2233 3
    endloop
  endfacet
  facet normal 0.7519 -0.659278 0
    outer loop
      vertex 10.4749 51.5251 8
      vertex 10.7767 51.8693 3
      vertex 10.7767 51.8693 8
    endloop
  endfacet
  facet normal 0.7519 -0.659278 0
    outer loop
      vertex 10.7767 51.8693 3
      vertex 10.4749 51.5251 8
      vertex 10.4749 51.5251 3
    endloop
  endfacet
  facet normal -0.896869 -0.442297 0
    outer loop
      vertex 4.96891 52.25 3
      vertex 4.76642 52.6606 8
      vertex 4.76642 52.6606 3
    endloop
  endfacet
  facet normal -0.896869 -0.442297 0
    outer loop
      vertex 4.76642 52.6606 8
      vertex 4.96891 52.25 3
      vertex 4.96891 52.25 8
    endloop
  endfacet
  facet normal -0.0653099 -0.997865 0
    outer loop
      vertex 7.54316 50.5299 3
      vertex 8 50.5 8
      vertex 7.54316 50.5299 8
    endloop
  endfacet
  facet normal -0.0653099 -0.997865 -0
    outer loop
      vertex 8 50.5 8
      vertex 7.54316 50.5299 3
      vertex 8 50.5 3
    endloop
  endfacet
  facet normal 0.7519 0.659278 0
    outer loop
      vertex 10.7767 56.1307 8
      vertex 10.4749 56.4749 3
      vertex 10.4749 56.4749 8
    endloop
  endfacet
  facet normal 0.7519 0.659278 0
    outer loop
      vertex 10.4749 56.4749 3
      vertex 10.7767 56.1307 8
      vertex 10.7767 56.1307 3
    endloop
  endfacet
  facet normal 0.321322 -0.94697 0
    outer loop
      vertex 8.90587 50.6193 3
      vertex 9.33939 50.7664 8
      vertex 8.90587 50.6193 8
    endloop
  endfacet
  facet normal 0.321322 -0.94697 0
    outer loop
      vertex 9.33939 50.7664 8
      vertex 8.90587 50.6193 3
      vertex 9.33939 50.7664 3
    endloop
  endfacet
  facet normal 0.442305 -0.896864 0
    outer loop
      vertex 9.33939 50.7664 3
      vertex 9.75 50.9689 8
      vertex 9.33939 50.7664 8
    endloop
  endfacet
  facet normal 0.442305 -0.896864 0
    outer loop
      vertex 9.75 50.9689 8
      vertex 9.33939 50.7664 3
      vertex 9.75 50.9689 3
    endloop
  endfacet
  facet normal -0.3211 0.947045 0
    outer loop
      vertex 7.09413 57.3807 3
      vertex 7.02305 57.3566 8
      vertex 7.09413 57.3807 8
    endloop
  endfacet
  facet normal -0.3211 0.947045 0
    outer loop
      vertex 7.02305 57.3566 8
      vertex 7.09413 57.3807 3
      vertex 7.02305 57.3566 3
    endloop
  endfacet
  facet normal 0 0 1
    outer loop
      vertex 7.47224 55.15 8
      vertex 11.5 54 8
      vertex 11.4701 54.4568 8
    endloop
  endfacet
  facet normal 0 0 1
    outer loop
      vertex 7.47224 55.15 8
      vertex 11.4701 54.4568 8
      vertex 11.3807 54.9059 8
    endloop
  endfacet
  facet normal 0 0 1
    outer loop
      vertex 11.5 54 8
      vertex 7.47224 55.15 8
      vertex 11.4701 53.5432 8
    endloop
  endfacet
  facet normal 0 0 1
    outer loop
      vertex 7.57059 55.3494 8
      vertex 11.3807 54.9059 8
      vertex 11.2336 55.3394 8
    endloop
  endfacet
  facet normal -0 0 1
    outer loop
      vertex 7.3487 54.9651 8
      vertex 11.4701 53.5432 8
      vertex 7.47224 55.15 8
    endloop
  endfacet
  facet normal -0 0 1
    outer loop
      vertex 7.57059 55.3494 8
      vertex 11.2336 55.3394 8
      vertex 11.0311 55.75 8
    endloop
  endfacet
  facet normal 0 0 1
    outer loop
      vertex 11.4701 53.5432 8
      vertex 7.3487 54.9651 8
      vertex 11.3807 53.0941 8
    endloop
  endfacet
  facet normal 0 0 1
    outer loop
      vertex 7.64207 55.56 8
      vertex 11.0311 55.75 8
      vertex 10.7767 56.1307 8
    endloop
  endfacet
  facet normal 0 0 1
    outer loop
      vertex 11.3807 53.0941 8
      vertex 7.3487 54.9651 8
      vertex 11.2336 52.6606 8
    endloop
  endfacet
  facet normal 0 0 1
    outer loop
      vertex 7.64207 55.56 8
      vertex 10.7767 56.1307 8
      vertex 10.4749 56.4749 8
    endloop
  endfacet
  facet normal 0 0 1
    outer loop
      vertex 11.2336 52.6606 8
      vertex 7.3487 54.9651 8
      vertex 11.0311 52.25 8
    endloop
  endfacet
  facet normal 0 0 1
    outer loop
      vertex 7.68546 55.7781 8
      vertex 10.4749 56.4749 8
      vertex 10.1307 56.7767 8
    endloop
  endfacet
  facet normal 0 0 1
    outer loop
      vertex 11.3807 54.9059 8
      vertex 7.57059 55.3494 8
      vertex 7.47224 55.15 8
    endloop
  endfacet
  facet normal 0 0 1
    outer loop
      vertex 7.68546 55.7781 8
      vertex 10.1307 56.7767 8
      vertex 9.75 57.0311 8
    endloop
  endfacet
  facet normal -0 0 1
    outer loop
      vertex 7.20208 54.7979 8
      vertex 11.0311 52.25 8
      vertex 7.3487 54.9651 8
    endloop
  endfacet
  facet normal 0 0 1
    outer loop
      vertex 7.7 56 8
      vertex 9.75 57.0311 8
      vertex 9.33939 57.2336 8
    endloop
  endfacet
  facet normal 0 0 1
    outer loop
      vertex 11.0311 52.25 8
      vertex 7.20208 54.7979 8
      vertex 10.7767 51.8693 8
    endloop
  endfacet
  facet normal 0 0 1
    outer loop
      vertex 7.68546 56.2219 8
      vertex 9.33939 57.2336 8
      vertex 8.90587 57.3807 8
    endloop
  endfacet
  facet normal 0 0 1
    outer loop
      vertex 11.0311 55.75 8
      vertex 7.64207 55.56 8
      vertex 7.57059 55.3494 8
    endloop
  endfacet
  facet normal 0 0 1
    outer loop
      vertex 7.64207 56.44 8
      vertex 8.90587 57.3807 8
      vertex 8.45684 57.4701 8
    endloop
  endfacet
  facet normal 0 0 1
    outer loop
      vertex 10.7767 51.8693 8
      vertex 7.20208 54.7979 8
      vertex 10.4749 51.5251 8
    endloop
  endfacet
  facet normal 0 0 1
    outer loop
      vertex 7.57059 56.6506 8
      vertex 8.45684 57.4701 8
      vertex 8 57.5 8
    endloop
  endfacet
  facet normal 0 0 1
    outer loop
      vertex 10.4749 56.4749 8
      vertex 7.68546 55.7781 8
      vertex 7.64207 55.56 8
    endloop
  endfacet
  facet normal 0 0 1
    outer loop
      vertex 9.75 57.0311 8
      vertex 7.7 56 8
      vertex 7.68546 55.7781 8
    endloop
  endfacet
  facet normal 0 0 1
    outer loop
      vertex 9.33939 57.2336 8
      vertex 7.68546 56.2219 8
      vertex 7.7 56 8
    endloop
  endfacet
  facet normal 0 0 1
    outer loop
      vertex 8.90587 57.3807 8
      vertex 7.64207 56.44 8
      vertex 7.68546 56.2219 8
    endloop
  endfacet
  facet normal 0 0 1
    outer loop
      vertex 8.45684 57.4701 8
      vertex 7.57059 56.6506 8
      vertex 7.64207 56.44 8
    endloop
  endfacet
  facet normal 0 0 1
    outer loop
      vertex 7.47224 56.85 8
      vertex 8 57.5 8
      vertex 7.54316 57.4701 8
    endloop
  endfacet
  facet normal 0 0 1
    outer loop
      vertex 8 57.5 8
      vertex 7.47224 56.85 8
      vertex 7.57059 56.6506 8
    endloop
  endfacet
  facet normal 0 0 1
    outer loop
      vertex 7.54316 57.4701 8
      vertex 7.3487 57.0349 8
      vertex 7.47224 56.85 8
    endloop
  endfacet
  facet normal 0 0 1
    outer loop
      vertex 7.54316 57.4701 8
      vertex 7.20208 57.2021 8
      vertex 7.3487 57.0349 8
    endloop
  endfacet
  facet normal -0 0 1
    outer loop
      vertex 7.09413 57.3807 8
      vertex 7.20208 57.2021 8
      vertex 7.54316 57.4701 8
    endloop
  endfacet
  facet normal 0 0 1
    outer loop
      vertex 7.09413 57.3807 8
      vertex 7.03489 57.3487 8
      vertex 7.20208 57.2021 8
    endloop
  endfacet
  facet normal 0 -0 1
    outer loop
      vertex 7.03489 57.3487 8
      vertex 7.09413 57.3807 8
      vertex 7.02305 57.3566 8
    endloop
  endfacet
  facet normal 0 0 1
    outer loop
      vertex 10.4749 51.5251 8
      vertex 7.20208 54.7979 8
      vertex 10.1307 51.2233 8
    endloop
  endfacet
  facet normal 0 0 1
    outer loop
      vertex 10.1307 51.2233 8
      vertex 7.20208 54.7979 8
      vertex 9.75 50.9689 8
    endloop
  endfacet
  facet normal -0 0 1
    outer loop
      vertex 7.03489 54.6513 8
      vertex 9.75 50.9689 8
      vertex 7.20208 54.7979 8
    endloop
  endfacet
  facet normal 0 0 1
    outer loop
      vertex 9.75 50.9689 8
      vertex 7.03489 54.6513 8
      vertex 9.33939 50.7664 8
    endloop
  endfacet
  facet normal 0 0 1
    outer loop
      vertex 9.33939 50.7664 8
      vertex 7.03489 54.6513 8
      vertex 8.90587 50.6193 8
    endloop
  endfacet
  facet normal 0 0 1
    outer loop
      vertex 8.90587 50.6193 8
      vertex 7.03489 54.6513 8
      vertex 8.45684 50.5299 8
    endloop
  endfacet
  facet normal -0 0 1
    outer loop
      vertex 6.85 54.5278 8
      vertex 8.45684 50.5299 8
      vertex 7.03489 54.6513 8
    endloop
  endfacet
  facet normal 0 0 1
    outer loop
      vertex 8.45684 50.5299 8
      vertex 6.85 54.5278 8
      vertex 8 50.5 8
    endloop
  endfacet
  facet normal 0 0 1
    outer loop
      vertex 8 50.5 8
      vertex 6.85 54.5278 8
      vertex 7.54316 50.5299 8
    endloop
  endfacet
  facet normal 0 0 1
    outer loop
      vertex 7.54316 50.5299 8
      vertex 6.85 54.5278 8
      vertex 7.09413 50.6193 8
    endloop
  endfacet
  facet normal -0 0 1
    outer loop
      vertex 6.65056 54.4294 8
      vertex 7.09413 50.6193 8
      vertex 6.85 54.5278 8
    endloop
  endfacet
  facet normal 0 0 1
    outer loop
      vertex 7.09413 50.6193 8
      vertex 6.65056 54.4294 8
      vertex 6.66061 50.7664 8
    endloop
  endfacet
  facet normal 0 0 1
    outer loop
      vertex 6.25 50.9689 8
      vertex 6.65056 54.4294 8
      vertex 6.43999 54.3579 8
    endloop
  endfacet
  facet normal 0 0 1
    outer loop
      vertex 6.65056 54.4294 8
      vertex 6.25 50.9689 8
      vertex 6.66061 50.7664 8
    endloop
  endfacet
  facet normal 0 0 1
    outer loop
      vertex 5.52513 51.5251 8
      vertex 6.43999 54.3579 8
      vertex 6.22189 54.3145 8
    endloop
  endfacet
  facet normal 0 0 1
    outer loop
      vertex 4.96891 52.25 8
      vertex 6.22189 54.3145 8
      vertex 6 54.3 8
    endloop
  endfacet
  facet normal 0 0 1
    outer loop
      vertex 6.43999 54.3579 8
      vertex 5.86933 51.2233 8
      vertex 6.25 50.9689 8
    endloop
  endfacet
  facet normal 0 0 1
    outer loop
      vertex 4.76642 52.6606 8
      vertex 6 54.3 8
      vertex 5.7781 54.3145 8
    endloop
  endfacet
  facet normal 0 0 1
    outer loop
      vertex 4.61926 53.0941 8
      vertex 5.7781 54.3145 8
      vertex 5.56001 54.3579 8
    endloop
  endfacet
  facet normal 0 0 1
    outer loop
      vertex 6.43999 54.3579 8
      vertex 5.52513 51.5251 8
      vertex 5.86933 51.2233 8
    endloop
  endfacet
  facet normal 0 0 1
    outer loop
      vertex 4.52994 53.5432 8
      vertex 5.56001 54.3579 8
      vertex 5.34944 54.4294 8
    endloop
  endfacet
  facet normal 0 0 1
    outer loop
      vertex 6.22189 54.3145 8
      vertex 5.22326 51.8693 8
      vertex 5.52513 51.5251 8
    endloop
  endfacet
  facet normal 0 0 1
    outer loop
      vertex 4.5 54 8
      vertex 5.34944 54.4294 8
      vertex 5.15 54.5278 8
    endloop
  endfacet
  facet normal 0 0 1
    outer loop
      vertex 6.22189 54.3145 8
      vertex 4.96891 52.25 8
      vertex 5.22326 51.8693 8
    endloop
  endfacet
  facet normal 0 0 1
    outer loop
      vertex 4.52994 54.4568 8
      vertex 5.15 54.5278 8
      vertex 4.96511 54.6513 8
    endloop
  endfacet
  facet normal 0 0 1
    outer loop
      vertex 4.52994 54.4568 8
      vertex 4.96511 54.6513 8
      vertex 4.79792 54.7979 8
    endloop
  endfacet
  facet normal 0 0 1
    outer loop
      vertex 6 54.3 8
      vertex 4.76642 52.6606 8
      vertex 4.96891 52.25 8
    endloop
  endfacet
  facet normal -0 0 1
    outer loop
      vertex 4.61926 54.9059 8
      vertex 4.79792 54.7979 8
      vertex 4.6513 54.9651 8
    endloop
  endfacet
  facet normal 0 0 1
    outer loop
      vertex 4.61926 54.9059 8
      vertex 4.6513 54.9651 8
      vertex 4.64339 54.9769 8
    endloop
  endfacet
  facet normal 0 0 1
    outer loop
      vertex 4.79792 54.7979 8
      vertex 4.61926 54.9059 8
      vertex 4.52994 54.4568 8
    endloop
  endfacet
  facet normal 0 0 1
    outer loop
      vertex 5.7781 54.3145 8
      vertex 4.61926 53.0941 8
      vertex 4.76642 52.6606 8
    endloop
  endfacet
  facet normal 0 0 1
    outer loop
      vertex 5.15 54.5278 8
      vertex 4.52994 54.4568 8
      vertex 4.5 54 8
    endloop
  endfacet
  facet normal 0 0 1
    outer loop
      vertex 5.56001 54.3579 8
      vertex 4.52994 53.5432 8
      vertex 4.61926 53.0941 8
    endloop
  endfacet
  facet normal 0 0 1
    outer loop
      vertex 5.34944 54.4294 8
      vertex 4.5 54 8
      vertex 4.52994 53.5432 8
    endloop
  endfacet
  facet normal -0.195263 -0.980751 0
    outer loop
      vertex 7.09413 50.6193 3
      vertex 7.54316 50.5299 8
      vertex 7.09413 50.6193 8
    endloop
  endfacet
  facet normal -0.195263 -0.980751 -0
    outer loop
      vertex 7.54316 50.5299 8
      vertex 7.09413 50.6193 3
      vertex 7.54316 50.5299 3
    endloop
  endfacet
  facet normal 0.195263 0.980751 -0
    outer loop
      vertex 8.90587 57.3807 3
      vertex 8.45684 57.4701 8
      vertex 8.90587 57.3807 8
    endloop
  endfacet
  facet normal 0.195263 0.980751 0
    outer loop
      vertex 8.45684 57.4701 8
      vertex 8.90587 57.3807 3
      vertex 8.45684 57.4701 3
    endloop
  endfacet
  facet normal -0.442305 -0.896864 0
    outer loop
      vertex 6.25 50.9689 3
      vertex 6.66061 50.7664 8
      vertex 6.25 50.9689 8
    endloop
  endfacet
  facet normal -0.442305 -0.896864 -0
    outer loop
      vertex 6.66061 50.7664 8
      vertex 6.25 50.9689 3
      vertex 6.66061 50.7664 3
    endloop
  endfacet
  facet normal -0.831495 -0.555532 0
    outer loop
      vertex 5.22326 51.8693 3
      vertex 4.96891 52.25 8
      vertex 4.96891 52.25 3
    endloop
  endfacet
  facet normal -0.831495 -0.555532 0
    outer loop
      vertex 4.96891 52.25 8
      vertex 5.22326 51.8693 3
      vertex 5.22326 51.8693 8
    endloop
  endfacet
  facet normal -0.946813 0.321783 0
    outer loop
      vertex 4.61926 54.9059 3
      vertex 4.64339 54.9769 8
      vertex 4.64339 54.9769 3
    endloop
  endfacet
  facet normal -0.946813 0.321783 0
    outer loop
      vertex 4.64339 54.9769 8
      vertex 4.61926 54.9059 3
      vertex 4.61926 54.9059 8
    endloop
  endfacet
  facet normal -0.94697 -0.321322 0
    outer loop
      vertex 86.7664 6.66061 3
      vertex 86.6193 7.09413 8
      vertex 86.6193 7.09413 3
    endloop
  endfacet
  facet normal -0.94697 -0.321322 0
    outer loop
      vertex 86.6193 7.09413 8
      vertex 86.7664 6.66061 3
      vertex 86.7664 6.66061 8
    endloop
  endfacet
  facet normal 0.195066 -0.98079 0
    outer loop
      vertex 90.4568 4.52994 3
      vertex 90.9059 4.61926 8
      vertex 90.4568 4.52994 8
    endloop
  endfacet
  facet normal 0.195066 -0.98079 0
    outer loop
      vertex 90.9059 4.61926 8
      vertex 90.4568 4.52994 3
      vertex 90.9059 4.61926 3
    endloop
  endfacet
  facet normal 0.980751 0.195263 0
    outer loop
      vertex 93.4701 8.45684 8
      vertex 93.3807 8.90587 3
      vertex 93.3807 8.90587 8
    endloop
  endfacet
  facet normal 0.980751 0.195263 0
    outer loop
      vertex 93.3807 8.90587 3
      vertex 93.4701 8.45684 8
      vertex 93.4701 8.45684 3
    endloop
  endfacet
  facet normal 0.997865 0.0653099 0
    outer loop
      vertex 93.5 8 8
      vertex 93.4701 8.45684 3
      vertex 93.4701 8.45684 8
    endloop
  endfacet
  facet normal 0.997865 0.0653099 0
    outer loop
      vertex 93.4701 8.45684 3
      vertex 93.5 8 8
      vertex 93.5 8 3
    endloop
  endfacet
  facet normal -0.442314 0.89686 0
    outer loop
      vertex 88.6606 11.2336 3
      vertex 88.25 11.0311 8
      vertex 88.6606 11.2336 8
    endloop
  endfacet
  facet normal -0.442314 0.89686 0
    outer loop
      vertex 88.25 11.0311 8
      vertex 88.6606 11.2336 3
      vertex 88.25 11.0311 3
    endloop
  endfacet
  facet normal 0.94697 0.321322 0
    outer loop
      vertex 93.3807 8.90587 8
      vertex 93.2336 9.33939 3
      vertex 93.2336 9.33939 8
    endloop
  endfacet
  facet normal 0.94697 0.321322 0
    outer loop
      vertex 93.2336 9.33939 3
      vertex 93.3807 8.90587 8
      vertex 93.3807 8.90587 3
    endloop
  endfacet
  facet normal 0.997865 -0.0653099 0
    outer loop
      vertex 93.4701 7.54316 8
      vertex 93.5 8 3
      vertex 93.5 8 8
    endloop
  endfacet
  facet normal 0.997865 -0.0653099 0
    outer loop
      vertex 93.5 8 3
      vertex 93.4701 7.54316 8
      vertex 93.4701 7.54316 3
    endloop
  endfacet
  facet normal 0.659278 0.7519 -0
    outer loop
      vertex 92.4749 10.4749 3
      vertex 92.1307 10.7767 8
      vertex 92.4749 10.4749 8
    endloop
  endfacet
  facet normal 0.659278 0.7519 0
    outer loop
      vertex 92.1307 10.7767 8
      vertex 92.4749 10.4749 3
      vertex 92.1307 10.7767 3
    endloop
  endfacet
  facet normal -0.659278 0.7519 0
    outer loop
      vertex 87.8693 10.7767 3
      vertex 87.5251 10.4749 8
      vertex 87.8693 10.7767 8
    endloop
  endfacet
  facet normal -0.659278 0.7519 0
    outer loop
      vertex 87.5251 10.4749 8
      vertex 87.8693 10.7767 3
      vertex 87.5251 10.4749 3
    endloop
  endfacet
  facet normal 0.0653156 0.997865 -0
    outer loop
      vertex 90.4568 11.4701 3
      vertex 90 11.5 8
      vertex 90.4568 11.4701 8
    endloop
  endfacet
  facet normal 0.0653156 0.997865 0
    outer loop
      vertex 90 11.5 8
      vertex 90.4568 11.4701 3
      vertex 90 11.5 3
    endloop
  endfacet
  facet normal -0.997865 0.0653099 0
    outer loop
      vertex 86.5 8 3
      vertex 86.5299 8.45684 8
      vertex 86.5299 8.45684 3
    endloop
  endfacet
  facet normal -0.997865 0.0653099 0
    outer loop
      vertex 86.5299 8.45684 8
      vertex 86.5 8 3
      vertex 86.5 8 8
    endloop
  endfacet
  facet normal -0.7519 -0.659278 0
    outer loop
      vertex 87.5251 5.52513 3
      vertex 87.2233 5.86933 8
      vertex 87.2233 5.86933 3
    endloop
  endfacet
  facet normal -0.7519 -0.659278 0
    outer loop
      vertex 87.2233 5.86933 8
      vertex 87.5251 5.52513 3
      vertex 87.5251 5.52513 8
    endloop
  endfacet
  facet normal -0.980751 -0.195263 0
    outer loop
      vertex 86.6193 7.09413 3
      vertex 86.5299 7.54316 8
      vertex 86.5299 7.54316 3
    endloop
  endfacet
  facet normal -0.980751 -0.195263 0
    outer loop
      vertex 86.5299 7.54316 8
      vertex 86.6193 7.09413 3
      vertex 86.6193 7.09413 8
    endloop
  endfacet
  facet normal -0.896864 0.442305 0
    outer loop
      vertex 86.7664 9.33939 3
      vertex 86.9689 9.75 8
      vertex 86.9689 9.75 3
    endloop
  endfacet
  facet normal -0.896864 0.442305 0
    outer loop
      vertex 86.9689 9.75 8
      vertex 86.7664 9.33939 3
      vertex 86.7664 9.33939 8
    endloop
  endfacet
  facet normal -0.831445 0.555607 0
    outer loop
      vertex 86.9689 9.75 3
      vertex 87.2233 10.1307 8
      vertex 87.2233 10.1307 3
    endloop
  endfacet
  facet normal -0.831445 0.555607 0
    outer loop
      vertex 87.2233 10.1307 8
      vertex 86.9689 9.75 3
      vertex 86.9689 9.75 8
    endloop
  endfacet
  facet normal -0.0653156 0.997865 0
    outer loop
      vertex 90 11.5 3
      vertex 89.5432 11.4701 8
      vertex 90 11.5 8
    endloop
  endfacet
  facet normal -0.0653156 0.997865 0
    outer loop
      vertex 89.5432 11.4701 8
      vertex 90 11.5 3
      vertex 89.5432 11.4701 3
    endloop
  endfacet
  facet normal -0.321452 -0.946926 0
    outer loop
      vertex 88.6606 4.76642 3
      vertex 89.0941 4.61926 8
      vertex 88.6606 4.76642 8
    endloop
  endfacet
  facet normal -0.321452 -0.946926 -0
    outer loop
      vertex 89.0941 4.61926 8
      vertex 88.6606 4.76642 3
      vertex 89.0941 4.61926 3
    endloop
  endfacet
  facet normal 0.442314 0.89686 -0
    outer loop
      vertex 91.75 11.0311 3
      vertex 91.3394 11.2336 8
      vertex 91.75 11.0311 8
    endloop
  endfacet
  facet normal 0.442314 0.89686 0
    outer loop
      vertex 91.3394 11.2336 8
      vertex 91.75 11.0311 3
      vertex 91.3394 11.2336 3
    endloop
  endfacet
  facet normal 0.0654026 -0.997859 0
    outer loop
      vertex 90 4.5 3
      vertex 90.4568 4.52994 8
      vertex 90 4.5 8
    endloop
  endfacet
  facet normal 0.0654026 -0.997859 0
    outer loop
      vertex 90.4568 4.52994 8
      vertex 90 4.5 3
      vertex 90.4568 4.52994 3
    endloop
  endfacet
  facet normal 0.980751 -0.195263 0
    outer loop
      vertex 93.3807 7.09413 8
      vertex 93.4701 7.54316 3
      vertex 93.4701 7.54316 8
    endloop
  endfacet
  facet normal 0.980751 -0.195263 0
    outer loop
      vertex 93.4701 7.54316 3
      vertex 93.3807 7.09413 8
      vertex 93.3807 7.09413 3
    endloop
  endfacet
  facet normal -0.7519 0.659278 0
    outer loop
      vertex 87.2233 10.1307 3
      vertex 87.5251 10.4749 8
      vertex 87.5251 10.4749 3
    endloop
  endfacet
  facet normal -0.7519 0.659278 0
    outer loop
      vertex 87.5251 10.4749 8
      vertex 87.2233 10.1307 3
      vertex 87.2233 10.1307 8
    endloop
  endfacet
  facet normal -0.980751 0.195263 0
    outer loop
      vertex 86.5299 8.45684 3
      vertex 86.6193 8.90587 8
      vertex 86.6193 8.90587 3
    endloop
  endfacet
  facet normal -0.980751 0.195263 0
    outer loop
      vertex 86.6193 8.90587 8
      vertex 86.5299 8.45684 3
      vertex 86.5299 8.45684 8
    endloop
  endfacet
  facet normal 0.831445 0.555607 0
    outer loop
      vertex 93.0311 9.75 8
      vertex 92.7767 10.1307 3
      vertex 92.7767 10.1307 8
    endloop
  endfacet
  facet normal 0.831445 0.555607 0
    outer loop
      vertex 92.7767 10.1307 3
      vertex 93.0311 9.75 8
      vertex 93.0311 9.75 3
    endloop
  endfacet
  facet normal 0.555607 0.831445 -0
    outer loop
      vertex 92.1307 10.7767 3
      vertex 91.75 11.0311 8
      vertex 92.1307 10.7767 8
    endloop
  endfacet
  facet normal 0.555607 0.831445 0
    outer loop
      vertex 91.75 11.0311 8
      vertex 92.1307 10.7767 3
      vertex 91.75 11.0311 3
    endloop
  endfacet
  facet normal -0.997865 -0.0653099 0
    outer loop
      vertex 86.5299 7.54316 3
      vertex 86.5 8 8
      vertex 86.5 8 3
    endloop
  endfacet
  facet normal -0.997865 -0.0653099 0
    outer loop
      vertex 86.5 8 8
      vertex 86.5299 7.54316 3
      vertex 86.5299 7.54316 8
    endloop
  endfacet
  facet normal 0.321335 0.946966 -0
    outer loop
      vertex 91.3394 11.2336 3
      vertex 90.9059 11.3807 8
      vertex 91.3394 11.2336 8
    endloop
  endfacet
  facet normal 0.321335 0.946966 0
    outer loop
      vertex 90.9059 11.3807 8
      vertex 91.3394 11.2336 3
      vertex 90.9059 11.3807 3
    endloop
  endfacet
  facet normal -0.195234 0.980757 0
    outer loop
      vertex 89.5432 11.4701 3
      vertex 89.0941 11.3807 8
      vertex 89.5432 11.4701 8
    endloop
  endfacet
  facet normal -0.195234 0.980757 0
    outer loop
      vertex 89.0941 11.3807 8
      vertex 89.5432 11.4701 3
      vertex 89.0941 11.3807 3
    endloop
  endfacet
  facet normal 0.896864 0.442305 0
    outer loop
      vertex 93.2336 9.33939 8
      vertex 93.0311 9.75 3
      vertex 93.0311 9.75 8
    endloop
  endfacet
  facet normal 0.896864 0.442305 0
    outer loop
      vertex 93.0311 9.75 3
      vertex 93.2336 9.33939 8
      vertex 93.2336 9.33939 3
    endloop
  endfacet
  facet normal 0.947045 -0.3211 0
    outer loop
      vertex 93.3566 7.02305 8
      vertex 93.3807 7.09413 3
      vertex 93.3807 7.09413 8
    endloop
  endfacet
  facet normal 0.947045 -0.3211 0
    outer loop
      vertex 93.3807 7.09413 3
      vertex 93.3566 7.02305 8
      vertex 93.3566 7.02305 3
    endloop
  endfacet
  facet normal -0.555532 -0.831495 0
    outer loop
      vertex 87.8693 5.22326 3
      vertex 88.25 4.96891 8
      vertex 87.8693 5.22326 8
    endloop
  endfacet
  facet normal -0.555532 -0.831495 -0
    outer loop
      vertex 88.25 4.96891 8
      vertex 87.8693 5.22326 3
      vertex 88.25 4.96891 3
    endloop
  endfacet
  facet normal -0.659364 -0.751824 0
    outer loop
      vertex 87.5251 5.52513 3
      vertex 87.8693 5.22326 8
      vertex 87.5251 5.52513 8
    endloop
  endfacet
  facet normal -0.659364 -0.751824 -0
    outer loop
      vertex 87.8693 5.22326 8
      vertex 87.5251 5.52513 3
      vertex 87.8693 5.22326 3
    endloop
  endfacet
  facet normal -0.896864 -0.442305 0
    outer loop
      vertex 86.9689 6.25 3
      vertex 86.7664 6.66061 8
      vertex 86.7664 6.66061 3
    endloop
  endfacet
  facet normal -0.896864 -0.442305 0
    outer loop
      vertex 86.7664 6.66061 8
      vertex 86.9689 6.25 3
      vertex 86.9689 6.25 8
    endloop
  endfacet
  facet normal -0.0654026 -0.997859 0
    outer loop
      vertex 89.5432 4.52994 3
      vertex 90 4.5 8
      vertex 89.5432 4.52994 8
    endloop
  endfacet
  facet normal -0.0654026 -0.997859 -0
    outer loop
      vertex 90 4.5 8
      vertex 89.5432 4.52994 3
      vertex 90 4.5 3
    endloop
  endfacet
  facet normal 0.7519 0.659278 0
    outer loop
      vertex 92.7767 10.1307 8
      vertex 92.4749 10.4749 3
      vertex 92.4749 10.4749 8
    endloop
  endfacet
  facet normal 0.7519 0.659278 0
    outer loop
      vertex 92.4749 10.4749 3
      vertex 92.7767 10.1307 8
      vertex 92.7767 10.1307 3
    endloop
  endfacet
  facet normal -0.555607 0.831445 0
    outer loop
      vertex 88.25 11.0311 3
      vertex 87.8693 10.7767 8
      vertex 88.25 11.0311 8
    endloop
  endfacet
  facet normal -0.555607 0.831445 0
    outer loop
      vertex 87.8693 10.7767 8
      vertex 88.25 11.0311 3
      vertex 87.8693 10.7767 3
    endloop
  endfacet
  facet normal 0.321783 -0.946813 0
    outer loop
      vertex 90.9059 4.61926 3
      vertex 90.9769 4.64339 8
      vertex 90.9059 4.61926 8
    endloop
  endfacet
  facet normal 0.321783 -0.946813 0
    outer loop
      vertex 90.9769 4.64339 8
      vertex 90.9059 4.61926 3
      vertex 90.9769 4.64339 3
    endloop
  endfacet
  facet normal -0.321335 0.946966 0
    outer loop
      vertex 89.0941 11.3807 3
      vertex 88.6606 11.2336 8
      vertex 89.0941 11.3807 8
    endloop
  endfacet
  facet normal -0.321335 0.946966 0
    outer loop
      vertex 88.6606 11.2336 8
      vertex 89.0941 11.3807 3
      vertex 88.6606 11.2336 3
    endloop
  endfacet
  facet normal 0 0 1
    outer loop
      vertex 92.6506 7.57059 8
      vertex 93.5 8 8
      vertex 93.4701 8.45684 8
    endloop
  endfacet
  facet normal 0 0 1
    outer loop
      vertex 92.44 7.64207 8
      vertex 93.4701 8.45684 8
      vertex 93.3807 8.90587 8
    endloop
  endfacet
  facet normal 0 0 1
    outer loop
      vertex 93.5 8 8
      vertex 92.85 7.47224 8
      vertex 93.4701 7.54316 8
    endloop
  endfacet
  facet normal 0 0 1
    outer loop
      vertex 93.4701 7.54316 8
      vertex 93.2021 7.20208 8
      vertex 93.3807 7.09413 8
    endloop
  endfacet
  facet normal 0 0 1
    outer loop
      vertex 93.3807 7.09413 8
      vertex 93.3487 7.03489 8
      vertex 93.3566 7.02305 8
    endloop
  endfacet
  facet normal 0 0 1
    outer loop
      vertex 92.2219 7.68546 8
      vertex 93.3807 8.90587 8
      vertex 93.2336 9.33939 8
    endloop
  endfacet
  facet normal 0 0 1
    outer loop
      vertex 93.3807 7.09413 8
      vertex 93.2021 7.20208 8
      vertex 93.3487 7.03489 8
    endloop
  endfacet
  facet normal 0 0 1
    outer loop
      vertex 93.4701 7.54316 8
      vertex 93.0349 7.3487 8
      vertex 93.2021 7.20208 8
    endloop
  endfacet
  facet normal 0 0 1
    outer loop
      vertex 92 7.7 8
      vertex 93.2336 9.33939 8
      vertex 93.0311 9.75 8
    endloop
  endfacet
  facet normal 0 0 1
    outer loop
      vertex 93.4701 7.54316 8
      vertex 92.85 7.47224 8
      vertex 93.0349 7.3487 8
    endloop
  endfacet
  facet normal 0 0 1
    outer loop
      vertex 91.7781 7.68546 8
      vertex 93.0311 9.75 8
      vertex 92.7767 10.1307 8
    endloop
  endfacet
  facet normal 0 0 1
    outer loop
      vertex 93.5 8 8
      vertex 92.6506 7.57059 8
      vertex 92.85 7.47224 8
    endloop
  endfacet
  facet normal 0 0 1
    outer loop
      vertex 91.7781 7.68546 8
      vertex 92.7767 10.1307 8
      vertex 92.4749 10.4749 8
    endloop
  endfacet
  facet normal 0 0 1
    outer loop
      vertex 93.4701 8.45684 8
      vertex 92.44 7.64207 8
      vertex 92.6506 7.57059 8
    endloop
  endfacet
  facet normal 0 0 1
    outer loop
      vertex 93.3807 8.90587 8
      vertex 92.2219 7.68546 8
      vertex 92.44 7.64207 8
    endloop
  endfacet
  facet normal 0 0 1
    outer loop
      vertex 91.56 7.64207 8
      vertex 92.4749 10.4749 8
      vertex 92.1307 10.7767 8
    endloop
  endfacet
  facet normal 0 0 1
    outer loop
      vertex 93.2336 9.33939 8
      vertex 92 7.7 8
      vertex 92.2219 7.68546 8
    endloop
  endfacet
  facet normal 0 0 1
    outer loop
      vertex 93.0311 9.75 8
      vertex 91.7781 7.68546 8
      vertex 92 7.7 8
    endloop
  endfacet
  facet normal 0 0 1
    outer loop
      vertex 91.56 7.64207 8
      vertex 92.1307 10.7767 8
      vertex 91.75 11.0311 8
    endloop
  endfacet
  facet normal 0 0 1
    outer loop
      vertex 92.4749 10.4749 8
      vertex 91.56 7.64207 8
      vertex 91.7781 7.68546 8
    endloop
  endfacet
  facet normal 0 0 1
    outer loop
      vertex 91.75 11.0311 8
      vertex 91.3494 7.57059 8
      vertex 91.56 7.64207 8
    endloop
  endfacet
  facet normal 0 0 1
    outer loop
      vertex 91.3394 11.2336 8
      vertex 91.3494 7.57059 8
      vertex 91.75 11.0311 8
    endloop
  endfacet
  facet normal 0 0 1
    outer loop
      vertex 90.9059 11.3807 8
      vertex 91.3494 7.57059 8
      vertex 91.3394 11.2336 8
    endloop
  endfacet
  facet normal 0 0 1
    outer loop
      vertex 91.3494 7.57059 8
      vertex 90.9059 11.3807 8
      vertex 91.15 7.47224 8
    endloop
  endfacet
  facet normal 0 0 1
    outer loop
      vertex 90.4568 11.4701 8
      vertex 91.15 7.47224 8
      vertex 90.9059 11.3807 8
    endloop
  endfacet
  facet normal 0 0 1
    outer loop
      vertex 90 11.5 8
      vertex 91.15 7.47224 8
      vertex 90.4568 11.4701 8
    endloop
  endfacet
  facet normal -0 0 1
    outer loop
      vertex 89.5432 11.4701 8
      vertex 91.15 7.47224 8
      vertex 90 11.5 8
    endloop
  endfacet
  facet normal 0 0 1
    outer loop
      vertex 91.15 7.47224 8
      vertex 89.5432 11.4701 8
      vertex 90.9651 7.3487 8
    endloop
  endfacet
  facet normal -0 0 1
    outer loop
      vertex 89.0941 11.3807 8
      vertex 90.9651 7.3487 8
      vertex 89.5432 11.4701 8
    endloop
  endfacet
  facet normal -0 0 1
    outer loop
      vertex 88.6606 11.2336 8
      vertex 90.9651 7.3487 8
      vertex 89.0941 11.3807 8
    endloop
  endfacet
  facet normal -0 0 1
    outer loop
      vertex 88.25 11.0311 8
      vertex 90.9651 7.3487 8
      vertex 88.6606 11.2336 8
    endloop
  endfacet
  facet normal 0 0 1
    outer loop
      vertex 90.9651 7.3487 8
      vertex 88.25 11.0311 8
      vertex 90.7979 7.20208 8
    endloop
  endfacet
  facet normal -0 0 1
    outer loop
      vertex 87.8693 10.7767 8
      vertex 90.7979 7.20208 8
      vertex 88.25 11.0311 8
    endloop
  endfacet
  facet normal -0 0 1
    outer loop
      vertex 87.5251 10.4749 8
      vertex 90.7979 7.20208 8
      vertex 87.8693 10.7767 8
    endloop
  endfacet
  facet normal 0 0 1
    outer loop
      vertex 90.9651 4.6513 8
      vertex 90.9059 4.61926 8
      vertex 90.9769 4.64339 8
    endloop
  endfacet
  facet normal 0 0 1
    outer loop
      vertex 90.7979 4.79792 8
      vertex 90.9059 4.61926 8
      vertex 90.9651 4.6513 8
    endloop
  endfacet
  facet normal 0 0 1
    outer loop
      vertex 90.4568 4.52994 8
      vertex 90.7979 4.79792 8
      vertex 90.6513 4.96511 8
    endloop
  endfacet
  facet normal 0 0 1
    outer loop
      vertex 90.7979 4.79792 8
      vertex 90.4568 4.52994 8
      vertex 90.9059 4.61926 8
    endloop
  endfacet
  facet normal 0 0 1
    outer loop
      vertex 90.5278 5.15 8
      vertex 90.4568 4.52994 8
      vertex 90.6513 4.96511 8
    endloop
  endfacet
  facet normal 0 0 1
    outer loop
      vertex 90 4.5 8
      vertex 90.5278 5.15 8
      vertex 90.4294 5.34944 8
    endloop
  endfacet
  facet normal 0 0 1
    outer loop
      vertex 89.5432 4.52994 8
      vertex 90.4294 5.34944 8
      vertex 90.3579 5.56001 8
    endloop
  endfacet
  facet normal 0 0 1
    outer loop
      vertex 89.0941 4.61926 8
      vertex 90.3579 5.56001 8
      vertex 90.3145 5.7781 8
    endloop
  endfacet
  facet normal 0 0 1
    outer loop
      vertex 90.5278 5.15 8
      vertex 90 4.5 8
      vertex 90.4568 4.52994 8
    endloop
  endfacet
  facet normal 0 0 1
    outer loop
      vertex 88.6606 4.76642 8
      vertex 90.3145 5.7781 8
      vertex 90.3 6 8
    endloop
  endfacet
  facet normal -0 0 1
    outer loop
      vertex 87.2233 10.1307 8
      vertex 90.7979 7.20208 8
      vertex 87.5251 10.4749 8
    endloop
  endfacet
  facet normal -0 0 1
    outer loop
      vertex 86.9689 9.75 8
      vertex 90.7979 7.20208 8
      vertex 87.2233 10.1307 8
    endloop
  endfacet
  facet normal 0 0 1
    outer loop
      vertex 90.4294 5.34944 8
      vertex 89.5432 4.52994 8
      vertex 90 4.5 8
    endloop
  endfacet
  facet normal 0 0 1
    outer loop
      vertex 90.7979 7.20208 8
      vertex 86.9689 9.75 8
      vertex 90.6513 7.03489 8
    endloop
  endfacet
  facet normal 0 0 1
    outer loop
      vertex 90.3579 5.56001 8
      vertex 89.0941 4.61926 8
      vertex 89.5432 4.52994 8
    endloop
  endfacet
  facet normal -0 0 1
    outer loop
      vertex 86.7664 9.33939 8
      vertex 90.6513 7.03489 8
      vertex 86.9689 9.75 8
    endloop
  endfacet
  facet normal 0 0 1
    outer loop
      vertex 90.3145 5.7781 8
      vertex 88.6606 4.76642 8
      vertex 89.0941 4.61926 8
    endloop
  endfacet
  facet normal -0 0 1
    outer loop
      vertex 86.6193 8.90587 8
      vertex 90.6513 7.03489 8
      vertex 86.7664 9.33939 8
    endloop
  endfacet
  facet normal 0 0 1
    outer loop
      vertex 90.3 6 8
      vertex 88.25 4.96891 8
      vertex 88.6606 4.76642 8
    endloop
  endfacet
  facet normal -0 0 1
    outer loop
      vertex 86.5299 8.45684 8
      vertex 90.6513 7.03489 8
      vertex 86.6193 8.90587 8
    endloop
  endfacet
  facet normal 0 0 1
    outer loop
      vertex 90.3145 6.22189 8
      vertex 88.25 4.96891 8
      vertex 90.3 6 8
    endloop
  endfacet
  facet normal 0 0 1
    outer loop
      vertex 90.6513 7.03489 8
      vertex 86.5299 8.45684 8
      vertex 90.5278 6.85 8
    endloop
  endfacet
  facet normal 0 -0 1
    outer loop
      vertex 88.25 4.96891 8
      vertex 90.3145 6.22189 8
      vertex 87.8693 5.22326 8
    endloop
  endfacet
  facet normal -0 0 1
    outer loop
      vertex 86.5 8 8
      vertex 90.5278 6.85 8
      vertex 86.5299 8.45684 8
    endloop
  endfacet
  facet normal 0 -0 1
    outer loop
      vertex 87.8693 5.22326 8
      vertex 90.3145 6.22189 8
      vertex 87.5251 5.52513 8
    endloop
  endfacet
  facet normal -0 -0 1
    outer loop
      vertex 86.5299 7.54316 8
      vertex 90.5278 6.85 8
      vertex 86.5 8 8
    endloop
  endfacet
  facet normal 0 0 1
    outer loop
      vertex 90.3579 6.43999 8
      vertex 87.5251 5.52513 8
      vertex 90.3145 6.22189 8
    endloop
  endfacet
  facet normal -0 -0 1
    outer loop
      vertex 86.6193 7.09413 8
      vertex 90.5278 6.85 8
      vertex 86.5299 7.54316 8
    endloop
  endfacet
  facet normal 0 -0 1
    outer loop
      vertex 87.5251 5.52513 8
      vertex 90.3579 6.43999 8
      vertex 87.2233 5.86933 8
    endloop
  endfacet
  facet normal 0 0 1
    outer loop
      vertex 90.5278 6.85 8
      vertex 86.6193 7.09413 8
      vertex 90.4294 6.65056 8
    endloop
  endfacet
  facet normal 0 -0 1
    outer loop
      vertex 87.2233 5.86933 8
      vertex 90.3579 6.43999 8
      vertex 86.9689 6.25 8
    endloop
  endfacet
  facet normal -0 -0 1
    outer loop
      vertex 86.7664 6.66061 8
      vertex 90.4294 6.65056 8
      vertex 86.6193 7.09413 8
    endloop
  endfacet
  facet normal 0 0 1
    outer loop
      vertex 90.4294 6.65056 8
      vertex 86.9689 6.25 8
      vertex 90.3579 6.43999 8
    endloop
  endfacet
  facet normal 0 -0 1
    outer loop
      vertex 86.9689 6.25 8
      vertex 90.4294 6.65056 8
      vertex 86.7664 6.66061 8
    endloop
  endfacet
  facet normal -0.195066 -0.98079 0
    outer loop
      vertex 89.0941 4.61926 3
      vertex 89.5432 4.52994 8
      vertex 89.0941 4.61926 8
    endloop
  endfacet
  facet normal -0.195066 -0.98079 -0
    outer loop
      vertex 89.5432 4.52994 8
      vertex 89.0941 4.61926 3
      vertex 89.5432 4.52994 3
    endloop
  endfacet
  facet normal 0.195234 0.980757 -0
    outer loop
      vertex 90.9059 11.3807 3
      vertex 90.4568 11.4701 8
      vertex 90.9059 11.3807 8
    endloop
  endfacet
  facet normal 0.195234 0.980757 0
    outer loop
      vertex 90.4568 11.4701 8
      vertex 90.9059 11.3807 3
      vertex 90.4568 11.4701 3
    endloop
  endfacet
  facet normal -0.442297 -0.896869 0
    outer loop
      vertex 88.25 4.96891 3
      vertex 88.6606 4.76642 8
      vertex 88.25 4.96891 8
    endloop
  endfacet
  facet normal -0.442297 -0.896869 -0
    outer loop
      vertex 88.6606 4.76642 8
      vertex 88.25 4.96891 3
      vertex 88.6606 4.76642 3
    endloop
  endfacet
  facet normal -0.831425 -0.555637 0
    outer loop
      vertex 87.2233 5.86933 3
      vertex 86.9689 6.25 8
      vertex 86.9689 6.25 3
    endloop
  endfacet
  facet normal -0.831425 -0.555637 0
    outer loop
      vertex 86.9689 6.25 8
      vertex 87.2233 5.86933 3
      vertex 87.2233 5.86933 8
    endloop
  endfacet
  facet normal -0.94697 0.321322 0
    outer loop
      vertex 86.6193 8.90587 3
      vertex 86.7664 9.33939 8
      vertex 86.7664 9.33939 3
    endloop
  endfacet
  facet normal -0.94697 0.321322 0
    outer loop
      vertex 86.7664 9.33939 8
      vertex 86.6193 8.90587 3
      vertex 86.6193 8.90587 8
    endloop
  endfacet
  facet normal -0.946966 -0.321335 0
    outer loop
      vertex 86.7664 52.6606 3
      vertex 86.6193 53.0941 8
      vertex 86.6193 53.0941 3
    endloop
  endfacet
  facet normal -0.946966 -0.321335 0
    outer loop
      vertex 86.6193 53.0941 8
      vertex 86.7664 52.6606 3
      vertex 86.7664 52.6606 8
    endloop
  endfacet
  facet normal 0.195234 -0.980757 0
    outer loop
      vertex 90.4568 50.5299 3
      vertex 90.9059 50.6193 8
      vertex 90.4568 50.5299 8
    endloop
  endfacet
  facet normal 0.195234 -0.980757 0
    outer loop
      vertex 90.9059 50.6193 8
      vertex 90.4568 50.5299 3
      vertex 90.9059 50.6193 3
    endloop
  endfacet
  facet normal 0.980757 0.195234 0
    outer loop
      vertex 93.4701 54.4568 8
      vertex 93.3807 54.9059 3
      vertex 93.3807 54.9059 8
    endloop
  endfacet
  facet normal 0.980757 0.195234 0
    outer loop
      vertex 93.3807 54.9059 3
      vertex 93.4701 54.4568 8
      vertex 93.4701 54.4568 3
    endloop
  endfacet
  facet normal 0.997865 0.0653156 0
    outer loop
      vertex 93.5 54 8
      vertex 93.4701 54.4568 3
      vertex 93.4701 54.4568 8
    endloop
  endfacet
  facet normal 0.997865 0.0653156 0
    outer loop
      vertex 93.4701 54.4568 3
      vertex 93.5 54 8
      vertex 93.5 54 3
    endloop
  endfacet
  facet normal -0.442314 0.89686 0
    outer loop
      vertex 88.6606 57.2336 3
      vertex 88.25 57.0311 8
      vertex 88.6606 57.2336 8
    endloop
  endfacet
  facet normal -0.442314 0.89686 0
    outer loop
      vertex 88.25 57.0311 8
      vertex 88.6606 57.2336 3
      vertex 88.25 57.0311 3
    endloop
  endfacet
  facet normal 0.946935 0.321424 0
    outer loop
      vertex 93.3807 54.9059 8
      vertex 93.3566 54.9769 3
      vertex 93.3566 54.9769 8
    endloop
  endfacet
  facet normal 0.946935 0.321424 0
    outer loop
      vertex 93.3566 54.9769 3
      vertex 93.3807 54.9059 8
      vertex 93.3807 54.9059 3
    endloop
  endfacet
  facet normal 0.89686 -0.442314 0
    outer loop
      vertex 93.0311 52.25 8
      vertex 93.2336 52.6606 3
      vertex 93.2336 52.6606 8
    endloop
  endfacet
  facet normal 0.89686 -0.442314 0
    outer loop
      vertex 93.2336 52.6606 3
      vertex 93.0311 52.25 8
      vertex 93.0311 52.25 3
    endloop
  endfacet
  facet normal 0.997865 -0.0653156 0
    outer loop
      vertex 93.4701 53.5432 8
      vertex 93.5 54 3
      vertex 93.5 54 8
    endloop
  endfacet
  facet normal 0.997865 -0.0653156 0
    outer loop
      vertex 93.5 54 3
      vertex 93.4701 53.5432 8
      vertex 93.4701 53.5432 3
    endloop
  endfacet
  facet normal -0.659278 0.7519 0
    outer loop
      vertex 87.8693 56.7767 3
      vertex 87.5251 56.4749 8
      vertex 87.8693 56.7767 8
    endloop
  endfacet
  facet normal -0.659278 0.7519 0
    outer loop
      vertex 87.5251 56.4749 8
      vertex 87.8693 56.7767 3
      vertex 87.5251 56.4749 3
    endloop
  endfacet
  facet normal 0.0653156 0.997865 -0
    outer loop
      vertex 90.4568 57.4701 3
      vertex 90 57.5 8
      vertex 90.4568 57.4701 8
    endloop
  endfacet
  facet normal 0.0653156 0.997865 0
    outer loop
      vertex 90 57.5 8
      vertex 90.4568 57.4701 3
      vertex 90 57.5 3
    endloop
  endfacet
  facet normal -0.997865 0.0653156 0
    outer loop
      vertex 86.5 54 3
      vertex 86.5299 54.4568 8
      vertex 86.5299 54.4568 3
    endloop
  endfacet
  facet normal -0.997865 0.0653156 0
    outer loop
      vertex 86.5299 54.4568 8
      vertex 86.5 54 3
      vertex 86.5 54 8
    endloop
  endfacet
  facet normal -0.7519 -0.659278 0
    outer loop
      vertex 87.5251 51.5251 3
      vertex 87.2233 51.8693 8
      vertex 87.2233 51.8693 3
    endloop
  endfacet
  facet normal -0.7519 -0.659278 0
    outer loop
      vertex 87.2233 51.8693 8
      vertex 87.5251 51.5251 3
      vertex 87.5251 51.5251 8
    endloop
  endfacet
  facet normal -0.980757 -0.195234 0
    outer loop
      vertex 86.6193 53.0941 3
      vertex 86.5299 53.5432 8
      vertex 86.5299 53.5432 3
    endloop
  endfacet
  facet normal -0.980757 -0.195234 0
    outer loop
      vertex 86.5299 53.5432 8
      vertex 86.6193 53.0941 3
      vertex 86.6193 53.0941 8
    endloop
  endfacet
  facet normal 0.831445 -0.555607 0
    outer loop
      vertex 92.7767 51.8693 8
      vertex 93.0311 52.25 3
      vertex 93.0311 52.25 8
    endloop
  endfacet
  facet normal 0.831445 -0.555607 0
    outer loop
      vertex 93.0311 52.25 3
      vertex 92.7767 51.8693 8
      vertex 92.7767 51.8693 3
    endloop
  endfacet
  facet normal -0.89686 0.442314 0
    outer loop
      vertex 86.7664 55.3394 3
      vertex 86.9689 55.75 8
      vertex 86.9689 55.75 3
    endloop
  endfacet
  facet normal -0.89686 0.442314 0
    outer loop
      vertex 86.9689 55.75 8
      vertex 86.7664 55.3394 3
      vertex 86.7664 55.3394 8
    endloop
  endfacet
  facet normal -0.831445 0.555607 0
    outer loop
      vertex 86.9689 55.75 3
      vertex 87.2233 56.1307 8
      vertex 87.2233 56.1307 3
    endloop
  endfacet
  facet normal -0.831445 0.555607 0
    outer loop
      vertex 87.2233 56.1307 8
      vertex 86.9689 55.75 3
      vertex 86.9689 55.75 8
    endloop
  endfacet
  facet normal -0.0653156 0.997865 0
    outer loop
      vertex 90 57.5 3
      vertex 89.5432 57.4701 8
      vertex 90 57.5 8
    endloop
  endfacet
  facet normal -0.0653156 0.997865 0
    outer loop
      vertex 89.5432 57.4701 8
      vertex 90 57.5 3
      vertex 89.5432 57.4701 3
    endloop
  endfacet
  facet normal -0.321335 -0.946966 0
    outer loop
      vertex 88.6606 50.7664 3
      vertex 89.0941 50.6193 8
      vertex 88.6606 50.7664 8
    endloop
  endfacet
  facet normal -0.321335 -0.946966 -0
    outer loop
      vertex 89.0941 50.6193 8
      vertex 88.6606 50.7664 3
      vertex 89.0941 50.6193 3
    endloop
  endfacet
  facet normal 0.0653156 -0.997865 0
    outer loop
      vertex 90 50.5 3
      vertex 90.4568 50.5299 8
      vertex 90 50.5 8
    endloop
  endfacet
  facet normal 0.0653156 -0.997865 0
    outer loop
      vertex 90.4568 50.5299 8
      vertex 90 50.5 3
      vertex 90.4568 50.5299 3
    endloop
  endfacet
  facet normal 0.555607 -0.831445 0
    outer loop
      vertex 91.75 50.9689 3
      vertex 92.1307 51.2233 8
      vertex 91.75 50.9689 8
    endloop
  endfacet
  facet normal 0.555607 -0.831445 0
    outer loop
      vertex 92.1307 51.2233 8
      vertex 91.75 50.9689 3
      vertex 92.1307 51.2233 3
    endloop
  endfacet
  facet normal 0.980757 -0.195234 0
    outer loop
      vertex 93.3807 53.0941 8
      vertex 93.4701 53.5432 3
      vertex 93.4701 53.5432 8
    endloop
  endfacet
  facet normal 0.980757 -0.195234 0
    outer loop
      vertex 93.4701 53.5432 3
      vertex 93.3807 53.0941 8
      vertex 93.3807 53.0941 3
    endloop
  endfacet
  facet normal -0.7519 0.659278 0
    outer loop
      vertex 87.2233 56.1307 3
      vertex 87.5251 56.4749 8
      vertex 87.5251 56.4749 3
    endloop
  endfacet
  facet normal -0.7519 0.659278 0
    outer loop
      vertex 87.5251 56.4749 8
      vertex 87.2233 56.1307 3
      vertex 87.2233 56.1307 8
    endloop
  endfacet
  facet normal -0.980757 0.195234 0
    outer loop
      vertex 86.5299 54.4568 3
      vertex 86.6193 54.9059 8
      vertex 86.6193 54.9059 3
    endloop
  endfacet
  facet normal -0.980757 0.195234 0
    outer loop
      vertex 86.6193 54.9059 8
      vertex 86.5299 54.4568 3
      vertex 86.5299 54.4568 8
    endloop
  endfacet
  facet normal -0.997865 -0.0653156 0
    outer loop
      vertex 86.5299 53.5432 3
      vertex 86.5 54 8
      vertex 86.5 54 3
    endloop
  endfacet
  facet normal -0.997865 -0.0653156 0
    outer loop
      vertex 86.5 54 8
      vertex 86.5299 53.5432 3
      vertex 86.5299 53.5432 8
    endloop
  endfacet
  facet normal 0.321424 0.946935 -0
    outer loop
      vertex 90.9769 57.3566 3
      vertex 90.9059 57.3807 8
      vertex 90.9769 57.3566 8
    endloop
  endfacet
  facet normal 0.321424 0.946935 0
    outer loop
      vertex 90.9059 57.3807 8
      vertex 90.9769 57.3566 3
      vertex 90.9059 57.3807 3
    endloop
  endfacet
  facet normal 0.659278 -0.7519 0
    outer loop
      vertex 92.1307 51.2233 3
      vertex 92.4749 51.5251 8
      vertex 92.1307 51.2233 8
    endloop
  endfacet
  facet normal 0.659278 -0.7519 0
    outer loop
      vertex 92.4749 51.5251 8
      vertex 92.1307 51.2233 3
      vertex 92.4749 51.5251 3
    endloop
  endfacet
  facet normal -0.195234 0.980757 0
    outer loop
      vertex 89.5432 57.4701 3
      vertex 89.0941 57.3807 8
      vertex 89.5432 57.4701 8
    endloop
  endfacet
  facet normal -0.195234 0.980757 0
    outer loop
      vertex 89.0941 57.3807 8
      vertex 89.5432 57.4701 3
      vertex 89.0941 57.3807 3
    endloop
  endfacet
  facet normal 0.946966 -0.321335 0
    outer loop
      vertex 93.2336 52.6606 8
      vertex 93.3807 53.0941 3
      vertex 93.3807 53.0941 8
    endloop
  endfacet
  facet normal 0.946966 -0.321335 0
    outer loop
      vertex 93.3807 53.0941 3
      vertex 93.2336 52.6606 8
      vertex 93.2336 52.6606 3
    endloop
  endfacet
  facet normal -0.555607 -0.831445 0
    outer loop
      vertex 87.8693 51.2233 3
      vertex 88.25 50.9689 8
      vertex 87.8693 51.2233 8
    endloop
  endfacet
  facet normal -0.555607 -0.831445 -0
    outer loop
      vertex 88.25 50.9689 8
      vertex 87.8693 51.2233 3
      vertex 88.25 50.9689 3
    endloop
  endfacet
  facet normal -0.659278 -0.7519 0
    outer loop
      vertex 87.5251 51.5251 3
      vertex 87.8693 51.2233 8
      vertex 87.5251 51.5251 8
    endloop
  endfacet
  facet normal -0.659278 -0.7519 -0
    outer loop
      vertex 87.8693 51.2233 8
      vertex 87.5251 51.5251 3
      vertex 87.8693 51.2233 3
    endloop
  endfacet
  facet normal 0.7519 -0.659278 0
    outer loop
      vertex 92.4749 51.5251 8
      vertex 92.7767 51.8693 3
      vertex 92.7767 51.8693 8
    endloop
  endfacet
  facet normal 0.7519 -0.659278 0
    outer loop
      vertex 92.7767 51.8693 3
      vertex 92.4749 51.5251 8
      vertex 92.4749 51.5251 3
    endloop
  endfacet
  facet normal -0.89686 -0.442314 0
    outer loop
      vertex 86.9689 52.25 3
      vertex 86.7664 52.6606 8
      vertex 86.7664 52.6606 3
    endloop
  endfacet
  facet normal -0.89686 -0.442314 0
    outer loop
      vertex 86.7664 52.6606 8
      vertex 86.9689 52.25 3
      vertex 86.9689 52.25 8
    endloop
  endfacet
  facet normal -0.0653156 -0.997865 0
    outer loop
      vertex 89.5432 50.5299 3
      vertex 90 50.5 8
      vertex 89.5432 50.5299 8
    endloop
  endfacet
  facet normal -0.0653156 -0.997865 -0
    outer loop
      vertex 90 50.5 8
      vertex 89.5432 50.5299 3
      vertex 90 50.5 3
    endloop
  endfacet
  facet normal -0.555607 0.831445 0
    outer loop
      vertex 88.25 57.0311 3
      vertex 87.8693 56.7767 8
      vertex 88.25 57.0311 8
    endloop
  endfacet
  facet normal -0.555607 0.831445 0
    outer loop
      vertex 87.8693 56.7767 8
      vertex 88.25 57.0311 3
      vertex 87.8693 56.7767 3
    endloop
  endfacet
  facet normal 0.321335 -0.946966 0
    outer loop
      vertex 90.9059 50.6193 3
      vertex 91.3394 50.7664 8
      vertex 90.9059 50.6193 8
    endloop
  endfacet
  facet normal 0.321335 -0.946966 0
    outer loop
      vertex 91.3394 50.7664 8
      vertex 90.9059 50.6193 3
      vertex 91.3394 50.7664 3
    endloop
  endfacet
  facet normal 0.442314 -0.89686 0
    outer loop
      vertex 91.3394 50.7664 3
      vertex 91.75 50.9689 8
      vertex 91.3394 50.7664 8
    endloop
  endfacet
  facet normal 0.442314 -0.89686 0
    outer loop
      vertex 91.75 50.9689 8
      vertex 91.3394 50.7664 3
      vertex 91.75 50.9689 3
    endloop
  endfacet
  facet normal -0.321335 0.946966 0
    outer loop
      vertex 89.0941 57.3807 3
      vertex 88.6606 57.2336 8
      vertex 89.0941 57.3807 8
    endloop
  endfacet
  facet normal -0.321335 0.946966 0
    outer loop
      vertex 88.6606 57.2336 8
      vertex 89.0941 57.3807 3
      vertex 88.6606 57.2336 3
    endloop
  endfacet
  facet normal 0 0 1
    outer loop
      vertex 90.9059 57.3807 8
      vertex 90.9651 57.3487 8
      vertex 90.9769 57.3566 8
    endloop
  endfacet
  facet normal 0 0 1
    outer loop
      vertex 90.9059 57.3807 8
      vertex 90.7979 57.2021 8
      vertex 90.9651 57.3487 8
    endloop
  endfacet
  facet normal 0 0 1
    outer loop
      vertex 90.4568 57.4701 8
      vertex 90.7979 57.2021 8
      vertex 90.9059 57.3807 8
    endloop
  endfacet
  facet normal 0 0 1
    outer loop
      vertex 90.7979 57.2021 8
      vertex 90.4568 57.4701 8
      vertex 90.6513 57.0349 8
    endloop
  endfacet
  facet normal 0 0 1
    outer loop
      vertex 90.4568 57.4701 8
      vertex 90.5278 56.85 8
      vertex 90.6513 57.0349 8
    endloop
  endfacet
  facet normal 0 0 1
    outer loop
      vertex 90 57.5 8
      vertex 90.5278 56.85 8
      vertex 90.4568 57.4701 8
    endloop
  endfacet
  facet normal 0 0 1
    outer loop
      vertex 90.5278 56.85 8
      vertex 90 57.5 8
      vertex 90.4294 56.6506 8
    endloop
  endfacet
  facet normal -0 0 1
    outer loop
      vertex 89.5432 57.4701 8
      vertex 90.4294 56.6506 8
      vertex 90 57.5 8
    endloop
  endfacet
  facet normal -0 0 1
    outer loop
      vertex 89.0941 57.3807 8
      vertex 90.3579 56.44 8
      vertex 89.5432 57.4701 8
    endloop
  endfacet
  facet normal 0 0 1
    outer loop
      vertex 90.4294 56.6506 8
      vertex 89.5432 57.4701 8
      vertex 90.3579 56.44 8
    endloop
  endfacet
  facet normal 0 0 1
    outer loop
      vertex 92.85 54.5278 8
      vertex 93.5 54 8
      vertex 93.4701 54.4568 8
    endloop
  endfacet
  facet normal -0 0 1
    outer loop
      vertex 93.2021 54.7979 8
      vertex 93.4701 54.4568 8
      vertex 93.3807 54.9059 8
    endloop
  endfacet
  facet normal -0 0 1
    outer loop
      vertex 93.0349 54.6513 8
      vertex 93.4701 54.4568 8
      vertex 93.2021 54.7979 8
    endloop
  endfacet
  facet normal -0 0 1
    outer loop
      vertex 93.3487 54.9651 8
      vertex 93.3807 54.9059 8
      vertex 93.3566 54.9769 8
    endloop
  endfacet
  facet normal 0 0 1
    outer loop
      vertex 93.2021 54.7979 8
      vertex 93.3807 54.9059 8
      vertex 93.3487 54.9651 8
    endloop
  endfacet
  facet normal -0 0 1
    outer loop
      vertex 92.85 54.5278 8
      vertex 93.4701 54.4568 8
      vertex 93.0349 54.6513 8
    endloop
  endfacet
  facet normal -0 0 1
    outer loop
      vertex 92.6506 54.4294 8
      vertex 93.5 54 8
      vertex 92.85 54.5278 8
    endloop
  endfacet
  facet normal 0 0 1
    outer loop
      vertex 93.5 54 8
      vertex 92.6506 54.4294 8
      vertex 93.4701 53.5432 8
    endloop
  endfacet
  facet normal -0 0 1
    outer loop
      vertex 92.44 54.3579 8
      vertex 93.4701 53.5432 8
      vertex 92.6506 54.4294 8
    endloop
  endfacet
  facet normal 0 0 1
    outer loop
      vertex 93.4701 53.5432 8
      vertex 92.44 54.3579 8
      vertex 93.3807 53.0941 8
    endloop
  endfacet
  facet normal -0 0 1
    outer loop
      vertex 92.2219 54.3145 8
      vertex 93.3807 53.0941 8
      vertex 92.44 54.3579 8
    endloop
  endfacet
  facet normal 0 0 1
    outer loop
      vertex 93.3807 53.0941 8
      vertex 92.2219 54.3145 8
      vertex 93.2336 52.6606 8
    endloop
  endfacet
  facet normal -0 0 1
    outer loop
      vertex 92 54.3 8
      vertex 93.2336 52.6606 8
      vertex 92.2219 54.3145 8
    endloop
  endfacet
  facet normal 0 0 1
    outer loop
      vertex 93.2336 52.6606 8
      vertex 92 54.3 8
      vertex 93.0311 52.25 8
    endloop
  endfacet
  facet normal 0 0 1
    outer loop
      vertex 91.7781 54.3145 8
      vertex 93.0311 52.25 8
      vertex 92 54.3 8
    endloop
  endfacet
  facet normal 0 0 1
    outer loop
      vertex 93.0311 52.25 8
      vertex 91.7781 54.3145 8
      vertex 92.7767 51.8693 8
    endloop
  endfacet
  facet normal 0 0 1
    outer loop
      vertex 92.7767 51.8693 8
      vertex 91.7781 54.3145 8
      vertex 92.4749 51.5251 8
    endloop
  endfacet
  facet normal 0 0 1
    outer loop
      vertex 91.56 54.3579 8
      vertex 92.4749 51.5251 8
      vertex 91.7781 54.3145 8
    endloop
  endfacet
  facet normal 0 0 1
    outer loop
      vertex 92.4749 51.5251 8
      vertex 91.56 54.3579 8
      vertex 92.1307 51.2233 8
    endloop
  endfacet
  facet normal 0 0 1
    outer loop
      vertex 92.1307 51.2233 8
      vertex 91.56 54.3579 8
      vertex 91.75 50.9689 8
    endloop
  endfacet
  facet normal 0 0 1
    outer loop
      vertex 91.3494 54.4294 8
      vertex 91.75 50.9689 8
      vertex 91.56 54.3579 8
    endloop
  endfacet
  facet normal 0 0 1
    outer loop
      vertex 91.3494 54.4294 8
      vertex 91.3394 50.7664 8
      vertex 91.75 50.9689 8
    endloop
  endfacet
  facet normal 0 0 1
    outer loop
      vertex 90.9059 50.6193 8
      vertex 91.3494 54.4294 8
      vertex 91.15 54.5278 8
    endloop
  endfacet
  facet normal 0 0 1
    outer loop
      vertex 89.5432 50.5299 8
      vertex 91.15 54.5278 8
      vertex 90.9651 54.6513 8
    endloop
  endfacet
  facet normal 0 0 1
    outer loop
      vertex 91.3494 54.4294 8
      vertex 90.9059 50.6193 8
      vertex 91.3394 50.7664 8
    endloop
  endfacet
  facet normal 0 0 1
    outer loop
      vertex 88.25 50.9689 8
      vertex 90.9651 54.6513 8
      vertex 90.7979 54.7979 8
    endloop
  endfacet
  facet normal 0 0 1
    outer loop
      vertex 86.9689 52.25 8
      vertex 90.7979 54.7979 8
      vertex 90.6513 54.9651 8
    endloop
  endfacet
  facet normal 0 0 1
    outer loop
      vertex 86.5299 53.5432 8
      vertex 90.6513 54.9651 8
      vertex 90.5278 55.15 8
    endloop
  endfacet
  facet normal 0 0 1
    outer loop
      vertex 91.15 54.5278 8
      vertex 90.4568 50.5299 8
      vertex 90.9059 50.6193 8
    endloop
  endfacet
  facet normal 0 0 1
    outer loop
      vertex 86.6193 54.9059 8
      vertex 90.5278 55.15 8
      vertex 90.4294 55.3494 8
    endloop
  endfacet
  facet normal 0 0 1
    outer loop
      vertex 86.9689 55.75 8
      vertex 90.4294 55.3494 8
      vertex 90.3579 55.56 8
    endloop
  endfacet
  facet normal 0 0 1
    outer loop
      vertex 87.5251 56.4749 8
      vertex 90.3579 55.56 8
      vertex 90.3145 55.7781 8
    endloop
  endfacet
  facet normal 0 0 1
    outer loop
      vertex 88.25 57.0311 8
      vertex 90.3145 55.7781 8
      vertex 90.3 56 8
    endloop
  endfacet
  facet normal 0 0 1
    outer loop
      vertex 90.3579 56.44 8
      vertex 89.0941 57.3807 8
      vertex 90.3145 56.2219 8
    endloop
  endfacet
  facet normal 0 0 1
    outer loop
      vertex 91.15 54.5278 8
      vertex 90 50.5 8
      vertex 90.4568 50.5299 8
    endloop
  endfacet
  facet normal -0 0 1
    outer loop
      vertex 88.6606 57.2336 8
      vertex 90.3145 56.2219 8
      vertex 89.0941 57.3807 8
    endloop
  endfacet
  facet normal 0 0 1
    outer loop
      vertex 91.15 54.5278 8
      vertex 89.5432 50.5299 8
      vertex 90 50.5 8
    endloop
  endfacet
  facet normal 0 0 1
    outer loop
      vertex 90.3145 56.2219 8
      vertex 88.6606 57.2336 8
      vertex 90.3 56 8
    endloop
  endfacet
  facet normal 0 0 1
    outer loop
      vertex 90.9651 54.6513 8
      vertex 89.0941 50.6193 8
      vertex 89.5432 50.5299 8
    endloop
  endfacet
  facet normal -0 0 1
    outer loop
      vertex 88.25 57.0311 8
      vertex 90.3 56 8
      vertex 88.6606 57.2336 8
    endloop
  endfacet
  facet normal 0 0 1
    outer loop
      vertex 90.9651 54.6513 8
      vertex 88.6606 50.7664 8
      vertex 89.0941 50.6193 8
    endloop
  endfacet
  facet normal 0 0 1
    outer loop
      vertex 90.3145 55.7781 8
      vertex 88.25 57.0311 8
      vertex 87.8693 56.7767 8
    endloop
  endfacet
  facet normal 0 0 1
    outer loop
      vertex 90.9651 54.6513 8
      vertex 88.25 50.9689 8
      vertex 88.6606 50.7664 8
    endloop
  endfacet
  facet normal 0 0 1
    outer loop
      vertex 90.3145 55.7781 8
      vertex 87.8693 56.7767 8
      vertex 87.5251 56.4749 8
    endloop
  endfacet
  facet normal 0 0 1
    outer loop
      vertex 90.7979 54.7979 8
      vertex 87.8693 51.2233 8
      vertex 88.25 50.9689 8
    endloop
  endfacet
  facet normal 0 0 1
    outer loop
      vertex 90.3579 55.56 8
      vertex 87.5251 56.4749 8
      vertex 87.2233 56.1307 8
    endloop
  endfacet
  facet normal 0 0 1
    outer loop
      vertex 90.7979 54.7979 8
      vertex 87.5251 51.5251 8
      vertex 87.8693 51.2233 8
    endloop
  endfacet
  facet normal 0 0 1
    outer loop
      vertex 90.3579 55.56 8
      vertex 87.2233 56.1307 8
      vertex 86.9689 55.75 8
    endloop
  endfacet
  facet normal 0 0 1
    outer loop
      vertex 90.7979 54.7979 8
      vertex 87.2233 51.8693 8
      vertex 87.5251 51.5251 8
    endloop
  endfacet
  facet normal 0 0 1
    outer loop
      vertex 90.4294 55.3494 8
      vertex 86.9689 55.75 8
      vertex 86.7664 55.3394 8
    endloop
  endfacet
  facet normal 0 0 1
    outer loop
      vertex 90.7979 54.7979 8
      vertex 86.9689 52.25 8
      vertex 87.2233 51.8693 8
    endloop
  endfacet
  facet normal 0 0 1
    outer loop
      vertex 90.4294 55.3494 8
      vertex 86.7664 55.3394 8
      vertex 86.6193 54.9059 8
    endloop
  endfacet
  facet normal 0 0 1
    outer loop
      vertex 90.6513 54.9651 8
      vertex 86.7664 52.6606 8
      vertex 86.9689 52.25 8
    endloop
  endfacet
  facet normal 0 0 1
    outer loop
      vertex 90.5278 55.15 8
      vertex 86.6193 54.9059 8
      vertex 86.5299 54.4568 8
    endloop
  endfacet
  facet normal 0 0 1
    outer loop
      vertex 90.6513 54.9651 8
      vertex 86.6193 53.0941 8
      vertex 86.7664 52.6606 8
    endloop
  endfacet
  facet normal 0 0 1
    outer loop
      vertex 90.5278 55.15 8
      vertex 86.5299 54.4568 8
      vertex 86.5 54 8
    endloop
  endfacet
  facet normal 0 0 1
    outer loop
      vertex 90.6513 54.9651 8
      vertex 86.5299 53.5432 8
      vertex 86.6193 53.0941 8
    endloop
  endfacet
  facet normal 0 0 1
    outer loop
      vertex 90.5278 55.15 8
      vertex 86.5 54 8
      vertex 86.5299 53.5432 8
    endloop
  endfacet
  facet normal -0.195234 -0.980757 0
    outer loop
      vertex 89.0941 50.6193 3
      vertex 89.5432 50.5299 8
      vertex 89.0941 50.6193 8
    endloop
  endfacet
  facet normal -0.195234 -0.980757 -0
    outer loop
      vertex 89.5432 50.5299 8
      vertex 89.0941 50.6193 3
      vertex 89.5432 50.5299 3
    endloop
  endfacet
  facet normal 0.195234 0.980757 -0
    outer loop
      vertex 90.9059 57.3807 3
      vertex 90.4568 57.4701 8
      vertex 90.9059 57.3807 8
    endloop
  endfacet
  facet normal 0.195234 0.980757 0
    outer loop
      vertex 90.4568 57.4701 8
      vertex 90.9059 57.3807 3
      vertex 90.4568 57.4701 3
    endloop
  endfacet
  facet normal -0.442314 -0.89686 0
    outer loop
      vertex 88.25 50.9689 3
      vertex 88.6606 50.7664 8
      vertex 88.25 50.9689 8
    endloop
  endfacet
  facet normal -0.442314 -0.89686 -0
    outer loop
      vertex 88.6606 50.7664 8
      vertex 88.25 50.9689 3
      vertex 88.6606 50.7664 3
    endloop
  endfacet
  facet normal -0.831445 -0.555607 0
    outer loop
      vertex 87.2233 51.8693 3
      vertex 86.9689 52.25 8
      vertex 86.9689 52.25 3
    endloop
  endfacet
  facet normal -0.831445 -0.555607 0
    outer loop
      vertex 86.9689 52.25 8
      vertex 87.2233 51.8693 3
      vertex 87.2233 51.8693 8
    endloop
  endfacet
  facet normal -0.946966 0.321335 0
    outer loop
      vertex 86.6193 54.9059 3
      vertex 86.7664 55.3394 8
      vertex 86.7664 55.3394 3
    endloop
  endfacet
  facet normal -0.946966 0.321335 0
    outer loop
      vertex 86.7664 55.3394 8
      vertex 86.6193 54.9059 3
      vertex 86.6193 54.9059 8
    endloop
  endfacet
  facet normal 1 -0 0
    outer loop
      vertex 98 0 3
      vertex 98 62 0
      vertex 98 62 3
    endloop
  endfacet
  facet normal 1 0 0
    outer loop
      vertex 98 62 0
      vertex 98 0 3
      vertex 98 0 0
    endloop
  endfacet
  facet normal -0 0 -1
    outer loop
      vertex 19.6142 17.426 0
      vertex 6.85 7.47224 0
      vertex 19.5511 17.6118 0
    endloop
  endfacet
  facet normal 0 0 -1
    outer loop
      vertex 19.6142 43.426 0
      vertex 7.68546 55.7781 0
      vertex 7.7 56 0
    endloop
  endfacet
  facet normal 0 0 -1
    outer loop
      vertex 6.65056 7.57059 0
      vertex 19.5511 17.6118 0
      vertex 6.85 7.47224 0
    endloop
  endfacet
  facet normal 0 0 -1
    outer loop
      vertex 19.6142 43.426 0
      vertex 7.64207 55.56 0
      vertex 7.68546 55.7781 0
    endloop
  endfacet
  facet normal -0 0 -1
    outer loop
      vertex 19.5511 17.6118 0
      vertex 6.65056 7.57059 0
      vertex 19.5128 17.8042 0
    endloop
  endfacet
  facet normal 0 0 -1
    outer loop
      vertex 19.6142 43.426 0
      vertex 7.57059 55.3494 0
      vertex 7.64207 55.56 0
    endloop
  endfacet
  facet normal 0 0 -1
    outer loop
      vertex 6.43999 7.64207 0
      vertex 19.5128 17.8042 0
      vertex 6.65056 7.57059 0
    endloop
  endfacet
  facet normal 0 0 -1
    outer loop
      vertex 19.6142 43.426 0
      vertex 7.47224 55.15 0
      vertex 7.57059 55.3494 0
    endloop
  endfacet
  facet normal -0 0 -1
    outer loop
      vertex 19.5128 17.8042 0
      vertex 6.43999 7.64207 0
      vertex 19.5 18 0
    endloop
  endfacet
  facet normal 0 0 -1
    outer loop
      vertex 19.6142 43.426 0
      vertex 7.3487 54.9651 0
      vertex 7.47224 55.15 0
    endloop
  endfacet
  facet normal 0 0 -1
    outer loop
      vertex 6.22189 7.68546 0
      vertex 19.5 18 0
      vertex 6.43999 7.64207 0
    endloop
  endfacet
  facet normal 0 0 -1
    outer loop
      vertex 19.6142 43.426 0
      vertex 7.20208 54.7979 0
      vertex 7.3487 54.9651 0
    endloop
  endfacet
  facet normal -0 0 -1
    outer loop
      vertex 19.5 18 0
      vertex 6.22189 7.68546 0
      vertex 19.5128 18.1958 0
    endloop
  endfacet
  facet normal 0 0 -1
    outer loop
      vertex 19.6142 43.426 0
      vertex 7.03489 54.6513 0
      vertex 7.20208 54.7979 0
    endloop
  endfacet
  facet normal 0 0 -1
    outer loop
      vertex 6 7.7 0
      vertex 19.5128 18.1958 0
      vertex 6.22189 7.68546 0
    endloop
  endfacet
  facet normal 0 0 -1
    outer loop
      vertex 19.6142 43.426 0
      vertex 6.85 54.5278 0
      vertex 7.03489 54.6513 0
    endloop
  endfacet
  facet normal -0 0 -1
    outer loop
      vertex 19.5128 18.1958 0
      vertex 6 7.7 0
      vertex 19.5511 18.3882 0
    endloop
  endfacet
  facet normal 0 0 -1
    outer loop
      vertex 19.6142 43.426 0
      vertex 6.65056 54.4294 0
      vertex 6.85 54.5278 0
    endloop
  endfacet
  facet normal 0 0 -1
    outer loop
      vertex 5.7781 7.68546 0
      vertex 19.5511 18.3882 0
      vertex 6 7.7 0
    endloop
  endfacet
  facet normal 0 0 -1
    outer loop
      vertex 19.6142 43.426 0
      vertex 6.43999 54.3579 0
      vertex 6.65056 54.4294 0
    endloop
  endfacet
  facet normal -0 0 -1
    outer loop
      vertex 19.5511 18.3882 0
      vertex 5.7781 7.68546 0
      vertex 19.6142 18.574 0
    endloop
  endfacet
  facet normal 0 0 -1
    outer loop
      vertex 19.6142 43.426 0
      vertex 6.22189 54.3145 0
      vertex 6.43999 54.3579 0
    endloop
  endfacet
  facet normal 0 0 -1
    outer loop
      vertex 5.56001 7.64207 0
      vertex 19.6142 18.574 0
      vertex 5.7781 7.68546 0
    endloop
  endfacet
  facet normal 0 0 -1
    outer loop
      vertex 19.6142 43.426 0
      vertex 6 54.3 0
      vertex 6.22189 54.3145 0
    endloop
  endfacet
  facet normal -0 0 -1
    outer loop
      vertex 19.6142 18.574 0
      vertex 5.56001 7.64207 0
      vertex 19.6142 43.426 0
    endloop
  endfacet
  facet normal 0 0 -1
    outer loop
      vertex 19.6142 43.426 0
      vertex 5.7781 54.3145 0
      vertex 6 54.3 0
    endloop
  endfacet
  facet normal 0 0 -1
    outer loop
      vertex 5.56001 54.3579 0
      vertex 19.6142 43.426 0
      vertex 5.56001 7.64207 0
    endloop
  endfacet
  facet normal 0 0 -1
    outer loop
      vertex 19.6142 43.426 0
      vertex 5.56001 54.3579 0
      vertex 5.7781 54.3145 0
    endloop
  endfacet
  facet normal 0 0 -1
    outer loop
      vertex 5.34944 7.57059 0
      vertex 5.56001 54.3579 0
      vertex 5.56001 7.64207 0
    endloop
  endfacet
  facet normal 0 0 -1
    outer loop
      vertex 5.34944 7.57059 0
      vertex 5.34944 54.4294 0
      vertex 5.56001 54.3579 0
    endloop
  endfacet
  facet normal 0 0 -1
    outer loop
      vertex 5.15 7.47224 0
      vertex 5.34944 54.4294 0
      vertex 5.34944 7.57059 0
    endloop
  endfacet
  facet normal 0 0 -1
    outer loop
      vertex 5.15 7.47224 0
      vertex 5.15 54.5278 0
      vertex 5.34944 54.4294 0
    endloop
  endfacet
  facet normal 0 0 -1
    outer loop
      vertex 4.96511 7.3487 0
      vertex 5.15 54.5278 0
      vertex 5.15 7.47224 0
    endloop
  endfacet
  facet normal 0 0 -1
    outer loop
      vertex 4.96511 7.3487 0
      vertex 4.96511 54.6513 0
      vertex 5.15 54.5278 0
    endloop
  endfacet
  facet normal 0 0 -1
    outer loop
      vertex 4.79792 7.20208 0
      vertex 4.96511 54.6513 0
      vertex 4.96511 7.3487 0
    endloop
  endfacet
  facet normal 0 0 -1
    outer loop
      vertex 4.79792 7.20208 0
      vertex 4.79792 54.7979 0
      vertex 4.96511 54.6513 0
    endloop
  endfacet
  facet normal 0 0 -1
    outer loop
      vertex 4.6513 7.03489 0
      vertex 4.79792 54.7979 0
      vertex 4.79792 7.20208 0
    endloop
  endfacet
  facet normal 0 0 -1
    outer loop
      vertex 4.6513 7.03489 0
      vertex 4.6513 54.9651 0
      vertex 4.79792 54.7979 0
    endloop
  endfacet
  facet normal 0 0 -1
    outer loop
      vertex 4.52776 6.85 0
      vertex 4.6513 54.9651 0
      vertex 4.6513 7.03489 0
    endloop
  endfacet
  facet normal 0 0 -1
    outer loop
      vertex 4.52776 6.85 0
      vertex 4.52776 55.15 0
      vertex 4.6513 54.9651 0
    endloop
  endfacet
  facet normal 0 0 -1
    outer loop
      vertex 0 0 0
      vertex 4.52776 6.85 0
      vertex 4.4294 6.65056 0
    endloop
  endfacet
  facet normal -0 0 -1
    outer loop
      vertex 4.52776 6.85 0
      vertex 0 0 0
      vertex 4.52776 55.15 0
    endloop
  endfacet
  facet normal 0 0 -1
    outer loop
      vertex 0 0 0
      vertex 4.4294 6.65056 0
      vertex 4.35793 6.43999 0
    endloop
  endfacet
  facet normal 0 0 -1
    outer loop
      vertex 0 62 0
      vertex 4.52776 55.15 0
      vertex 0 0 0
    endloop
  endfacet
  facet normal 0 0 -1
    outer loop
      vertex 0 0 0
      vertex 4.35793 6.43999 0
      vertex 4.31454 6.22189 0
    endloop
  endfacet
  facet normal 0 0 -1
    outer loop
      vertex 4.52776 55.15 0
      vertex 0 62 0
      vertex 4.4294 55.3494 0
    endloop
  endfacet
  facet normal 0 0 -1
    outer loop
      vertex 0 0 0
      vertex 4.31454 6.22189 0
      vertex 4.3 6 0
    endloop
  endfacet
  facet normal 0 0 -1
    outer loop
      vertex 4.4294 55.3494 0
      vertex 0 62 0
      vertex 4.35793 55.56 0
    endloop
  endfacet
  facet normal 0 0 -1
    outer loop
      vertex 69.5128 43.8042 0
      vertex 28.5 44 0
      vertex 69.5 44 0
    endloop
  endfacet
  facet normal 0 0 -1
    outer loop
      vertex 28.4872 43.8042 0
      vertex 69.5128 43.8042 0
      vertex 69.5511 43.6118 0
    endloop
  endfacet
  facet normal 0 0 -1
    outer loop
      vertex 28.4489 43.6118 0
      vertex 69.5511 43.6118 0
      vertex 69.6142 43.426 0
    endloop
  endfacet
  facet normal 0 0 -1
    outer loop
      vertex 28.3858 43.426 0
      vertex 69.6142 43.426 0
      vertex 69.701 43.25 0
    endloop
  endfacet
  facet normal 0 0 -1
    outer loop
      vertex 28.299 43.25 0
      vertex 69.701 43.25 0
      vertex 69.81 43.0869 0
    endloop
  endfacet
  facet normal 0 0 -1
    outer loop
      vertex 28.19 43.0869 0
      vertex 69.81 43.0869 0
      vertex 69.8861 43 0
    endloop
  endfacet
  facet normal 0 0 -1
    outer loop
      vertex 69.5128 43.8042 0
      vertex 28.4872 43.8042 0
      vertex 28.5 44 0
    endloop
  endfacet
  facet normal 0 0 -1
    outer loop
      vertex 69.5511 43.6118 0
      vertex 28.4489 43.6118 0
      vertex 28.4872 43.8042 0
    endloop
  endfacet
  facet normal 0 0 -1
    outer loop
      vertex 69.6142 43.426 0
      vertex 28.3858 43.426 0
      vertex 28.4489 43.6118 0
    endloop
  endfacet
  facet normal 0 0 -1
    outer loop
      vertex 69.701 43.25 0
      vertex 28.299 43.25 0
      vertex 28.3858 43.426 0
    endloop
  endfacet
  facet normal 0 0 -1
    outer loop
      vertex 69.81 43.0869 0
      vertex 28.19 43.0869 0
      vertex 28.299 43.25 0
    endloop
  endfacet
  facet normal 0 -0 -1
    outer loop
      vertex 28.19 43.0869 0
      vertex 69.8861 43 0
      vertex 28.1139 43 0
    endloop
  endfacet
  facet normal 0 0 -1
    outer loop
      vertex 92.2219 7.68546 0
      vertex 78.3858 18.574 0
      vertex 92.44 7.64207 0
    endloop
  endfacet
  facet normal 0 0 -1
    outer loop
      vertex 92.44 54.3579 0
      vertex 78.4872 43.8042 0
      vertex 78.5 44 0
    endloop
  endfacet
  facet normal 0 0 -1
    outer loop
      vertex 78.299 18.75 0
      vertex 92.44 7.64207 0
      vertex 78.3858 18.574 0
    endloop
  endfacet
  facet normal 0 0 -1
    outer loop
      vertex 92.44 54.3579 0
      vertex 78.4489 43.6118 0
      vertex 78.4872 43.8042 0
    endloop
  endfacet
  facet normal 0 0 -1
    outer loop
      vertex 92.44 7.64207 0
      vertex 78.299 18.75 0
      vertex 92.44 54.3579 0
    endloop
  endfacet
  facet normal 0 0 -1
    outer loop
      vertex 92.44 54.3579 0
      vertex 78.3858 43.426 0
      vertex 78.4489 43.6118 0
    endloop
  endfacet
  facet normal 0 0 -1
    outer loop
      vertex 78.299 43.25 0
      vertex 92.44 54.3579 0
      vertex 78.299 18.75 0
    endloop
  endfacet
  facet normal 0 0 -1
    outer loop
      vertex 92.44 54.3579 0
      vertex 78.299 43.25 0
      vertex 78.3858 43.426 0
    endloop
  endfacet
  facet normal 0 0 -1
    outer loop
      vertex 78.19 18.9131 0
      vertex 78.299 43.25 0
      vertex 78.299 18.75 0
    endloop
  endfacet
  facet normal 0 0 -1
    outer loop
      vertex 78.19 18.9131 0
      vertex 78.19 43.0869 0
      vertex 78.299 43.25 0
    endloop
  endfacet
  facet normal 0 0 -1
    outer loop
      vertex 78.0607 19.0607 0
      vertex 78.19 43.0869 0
      vertex 78.19 18.9131 0
    endloop
  endfacet
  facet normal 0 0 -1
    outer loop
      vertex 78.0607 19.0607 0
      vertex 78.0607 42.9393 0
      vertex 78.19 43.0869 0
    endloop
  endfacet
  facet normal 0 0 -1
    outer loop
      vertex 77.9131 19.19 0
      vertex 78.0607 42.9393 0
      vertex 78.0607 19.0607 0
    endloop
  endfacet
  facet normal 0 0 -1
    outer loop
      vertex 77.9131 19.19 0
      vertex 77.9131 42.81 0
      vertex 78.0607 42.9393 0
    endloop
  endfacet
  facet normal 0 0 -1
    outer loop
      vertex 77.75 19.299 0
      vertex 77.9131 42.81 0
      vertex 77.9131 19.19 0
    endloop
  endfacet
  facet normal 0 0 -1
    outer loop
      vertex 77.75 19.299 0
      vertex 77.75 42.701 0
      vertex 77.9131 42.81 0
    endloop
  endfacet
  facet normal 0 0 -1
    outer loop
      vertex 77.574 19.3858 0
      vertex 77.75 42.701 0
      vertex 77.75 19.299 0
    endloop
  endfacet
  facet normal 0 0 -1
    outer loop
      vertex 77.574 19.3858 0
      vertex 77.574 42.6142 0
      vertex 77.75 42.701 0
    endloop
  endfacet
  facet normal 0 0 -1
    outer loop
      vertex 77.3882 19.4489 0
      vertex 77.574 42.6142 0
      vertex 77.574 19.3858 0
    endloop
  endfacet
  facet normal 0 0 -1
    outer loop
      vertex 77.3882 19.4489 0
      vertex 77.3882 42.5511 0
      vertex 77.574 42.6142 0
    endloop
  endfacet
  facet normal 0 0 -1
    outer loop
      vertex 77.1958 19.4872 0
      vertex 77.3882 42.5511 0
      vertex 77.3882 19.4489 0
    endloop
  endfacet
  facet normal 0 0 -1
    outer loop
      vertex 77.1958 19.4872 0
      vertex 77.1958 42.5128 0
      vertex 77.3882 42.5511 0
    endloop
  endfacet
  facet normal 0 0 -1
    outer loop
      vertex 77 19.5 0
      vertex 77.1958 42.5128 0
      vertex 77.1958 19.4872 0
    endloop
  endfacet
  facet normal 0 0 -1
    outer loop
      vertex 77 19.5 0
      vertex 77 42.5 0
      vertex 77.1958 42.5128 0
    endloop
  endfacet
  facet normal 0 0 -1
    outer loop
      vertex 73 19.5 0
      vertex 77 42.5 0
      vertex 77 19.5 0
    endloop
  endfacet
  facet normal -0 0 -1
    outer loop
      vertex 77 42.5 0
      vertex 73 19.5 0
      vertex 73 42.5 0
    endloop
  endfacet
  facet normal 0 0 -1
    outer loop
      vertex 93.5706 6.65056 0
      vertex 98 0 0
      vertex 93.6421 6.43999 0
    endloop
  endfacet
  facet normal 0 0 -1
    outer loop
      vertex 98 62 0
      vertex 93.6855 55.7781 0
      vertex 93.7 56 0
    endloop
  endfacet
  facet normal 0 0 -1
    outer loop
      vertex 93.4722 6.85 0
      vertex 98 0 0
      vertex 93.5706 6.65056 0
    endloop
  endfacet
  facet normal 0 0 -1
    outer loop
      vertex 98 62 0
      vertex 93.6421 55.56 0
      vertex 93.6855 55.7781 0
    endloop
  endfacet
  facet normal 0 0 -1
    outer loop
      vertex 98 0 0
      vertex 93.4722 6.85 0
      vertex 98 62 0
    endloop
  endfacet
  facet normal 0 0 -1
    outer loop
      vertex 98 62 0
      vertex 93.5706 55.3494 0
      vertex 93.6421 55.56 0
    endloop
  endfacet
  facet normal 0 0 -1
    outer loop
      vertex 93.4722 55.15 0
      vertex 98 62 0
      vertex 93.4722 6.85 0
    endloop
  endfacet
  facet normal 0 0 -1
    outer loop
      vertex 98 62 0
      vertex 93.4722 55.15 0
      vertex 93.5706 55.3494 0
    endloop
  endfacet
  facet normal 0 0 -1
    outer loop
      vertex 93.3487 7.03489 0
      vertex 93.4722 55.15 0
      vertex 93.4722 6.85 0
    endloop
  endfacet
  facet normal 0 0 -1
    outer loop
      vertex 93.3487 7.03489 0
      vertex 93.3487 54.9651 0
      vertex 93.4722 55.15 0
    endloop
  endfacet
  facet normal 0 0 -1
    outer loop
      vertex 93.2021 7.20208 0
      vertex 93.3487 54.9651 0
      vertex 93.3487 7.03489 0
    endloop
  endfacet
  facet normal 0 0 -1
    outer loop
      vertex 93.2021 7.20208 0
      vertex 93.2021 54.7979 0
      vertex 93.3487 54.9651 0
    endloop
  endfacet
  facet normal 0 0 -1
    outer loop
      vertex 93.0349 7.3487 0
      vertex 93.2021 54.7979 0
      vertex 93.2021 7.20208 0
    endloop
  endfacet
  facet normal 0 0 -1
    outer loop
      vertex 93.0349 7.3487 0
      vertex 93.0349 54.6513 0
      vertex 93.2021 54.7979 0
    endloop
  endfacet
  facet normal 0 0 -1
    outer loop
      vertex 92.85 7.47224 0
      vertex 93.0349 54.6513 0
      vertex 93.0349 7.3487 0
    endloop
  endfacet
  facet normal 0 0 -1
    outer loop
      vertex 92.85 7.47224 0
      vertex 92.85 54.5278 0
      vertex 93.0349 54.6513 0
    endloop
  endfacet
  facet normal 0 0 -1
    outer loop
      vertex 92.6506 7.57059 0
      vertex 92.85 54.5278 0
      vertex 92.85 7.47224 0
    endloop
  endfacet
  facet normal 0 0 -1
    outer loop
      vertex 92.6506 7.57059 0
      vertex 92.6506 54.4294 0
      vertex 92.85 54.5278 0
    endloop
  endfacet
  facet normal 0 0 -1
    outer loop
      vertex 92.44 7.64207 0
      vertex 92.6506 54.4294 0
      vertex 92.6506 7.57059 0
    endloop
  endfacet
  facet normal 0 0 -1
    outer loop
      vertex 92.44 7.64207 0
      vertex 92.44 54.3579 0
      vertex 92.6506 54.4294 0
    endloop
  endfacet
  facet normal 0 0 -1
    outer loop
      vertex 78.4489 18.3882 0
      vertex 92 7.7 0
      vertex 78.4872 18.1958 0
    endloop
  endfacet
  facet normal 0 0 -1
    outer loop
      vertex 92 7.7 0
      vertex 78.4489 18.3882 0
      vertex 92.2219 7.68546 0
    endloop
  endfacet
  facet normal 0 0 -1
    outer loop
      vertex 91.7781 7.68546 0
      vertex 78.4872 18.1958 0
      vertex 92 7.7 0
    endloop
  endfacet
  facet normal 0 0 -1
    outer loop
      vertex 78.3858 18.574 0
      vertex 92.2219 7.68546 0
      vertex 78.4489 18.3882 0
    endloop
  endfacet
  facet normal 0 0 -1
    outer loop
      vertex 78.4872 18.1958 0
      vertex 91.7781 7.68546 0
      vertex 78.5 18 0
    endloop
  endfacet
  facet normal 0 0 -1
    outer loop
      vertex 92.44 54.3579 0
      vertex 78.5 44 0
      vertex 92.2219 54.3145 0
    endloop
  endfacet
  facet normal 0 0 -1
    outer loop
      vertex 78.5 18 0
      vertex 91.7781 7.68546 0
      vertex 91.56 7.64207 0
    endloop
  endfacet
  facet normal 0 0 -1
    outer loop
      vertex 92.2219 54.3145 0
      vertex 78.5 44 0
      vertex 92 54.3 0
    endloop
  endfacet
  facet normal 0 0 -1
    outer loop
      vertex 78.4872 17.8042 0
      vertex 91.56 7.64207 0
      vertex 91.3494 7.57059 0
    endloop
  endfacet
  facet normal -0 0 -1
    outer loop
      vertex 92 54.3 0
      vertex 78.5 44 0
      vertex 91.7781 54.3145 0
    endloop
  endfacet
  facet normal 0 0 -1
    outer loop
      vertex 78.4489 17.6118 0
      vertex 91.3494 7.57059 0
      vertex 91.15 7.47224 0
    endloop
  endfacet
  facet normal -0 0 -1
    outer loop
      vertex 91.7781 54.3145 0
      vertex 78.5 44 0
      vertex 91.56 54.3579 0
    endloop
  endfacet
  facet normal 0 0 -1
    outer loop
      vertex 78.3858 17.426 0
      vertex 91.15 7.47224 0
      vertex 90.9651 7.3487 0
    endloop
  endfacet
  facet normal 0 0 -1
    outer loop
      vertex 78.4872 44.1958 0
      vertex 91.56 54.3579 0
      vertex 78.5 44 0
    endloop
  endfacet
  facet normal 0 0 -1
    outer loop
      vertex 78.299 17.25 0
      vertex 90.9651 7.3487 0
      vertex 90.7979 7.20208 0
    endloop
  endfacet
  facet normal -0 0 -1
    outer loop
      vertex 91.56 54.3579 0
      vertex 78.4872 44.1958 0
      vertex 91.3494 54.4294 0
    endloop
  endfacet
  facet normal 0 0 -1
    outer loop
      vertex 78.19 17.0869 0
      vertex 90.7979 7.20208 0
      vertex 90.6513 7.03489 0
    endloop
  endfacet
  facet normal 0 0 -1
    outer loop
      vertex 78.4489 44.3882 0
      vertex 91.3494 54.4294 0
      vertex 78.4872 44.1958 0
    endloop
  endfacet
  facet normal 0 0 -1
    outer loop
      vertex 78.0607 16.9393 0
      vertex 90.6513 7.03489 0
      vertex 90.5278 6.85 0
    endloop
  endfacet
  facet normal -0 0 -1
    outer loop
      vertex 91.3494 54.4294 0
      vertex 78.4489 44.3882 0
      vertex 91.15 54.5278 0
    endloop
  endfacet
  facet normal 0 0 -1
    outer loop
      vertex 77.9131 16.81 0
      vertex 90.5278 6.85 0
      vertex 90.4294 6.65056 0
    endloop
  endfacet
  facet normal 0 0 -1
    outer loop
      vertex 78.3858 44.574 0
      vertex 91.15 54.5278 0
      vertex 78.4489 44.3882 0
    endloop
  endfacet
  facet normal 0 0 -1
    outer loop
      vertex 77.75 16.701 0
      vertex 90.4294 6.65056 0
      vertex 90.3579 6.43999 0
    endloop
  endfacet
  facet normal -0 0 -1
    outer loop
      vertex 91.15 54.5278 0
      vertex 78.3858 44.574 0
      vertex 90.9651 54.6513 0
    endloop
  endfacet
  facet normal 0 0 -1
    outer loop
      vertex 77.574 16.6142 0
      vertex 90.3579 6.43999 0
      vertex 90.3145 6.22189 0
    endloop
  endfacet
  facet normal 0 0 -1
    outer loop
      vertex 78.299 44.75 0
      vertex 90.9651 54.6513 0
      vertex 78.3858 44.574 0
    endloop
  endfacet
  facet normal 0 0 -1
    outer loop
      vertex 77.3882 16.5511 0
      vertex 90.3145 6.22189 0
      vertex 90.3 6 0
    endloop
  endfacet
  facet normal -0 0 -1
    outer loop
      vertex 90.9651 54.6513 0
      vertex 78.299 44.75 0
      vertex 90.7979 54.7979 0
    endloop
  endfacet
  facet normal 0 0 -1
    outer loop
      vertex 93.6855 6.22189 0
      vertex 98 0 0
      vertex 93.7 6 0
    endloop
  endfacet
  facet normal 0 0 -1
    outer loop
      vertex 98 0 0
      vertex 93.6855 5.7781 0
      vertex 93.7 6 0
    endloop
  endfacet
  facet normal 0 0 -1
    outer loop
      vertex 98 0 0
      vertex 93.6421 5.56001 0
      vertex 93.6855 5.7781 0
    endloop
  endfacet
  facet normal 0 0 -1
    outer loop
      vertex 98 0 0
      vertex 93.5706 5.34944 0
      vertex 93.6421 5.56001 0
    endloop
  endfacet
  facet normal 0 0 -1
    outer loop
      vertex 98 0 0
      vertex 93.4722 5.15 0
      vertex 93.5706 5.34944 0
    endloop
  endfacet
  facet normal 0 0 -1
    outer loop
      vertex 98 0 0
      vertex 93.3487 4.96511 0
      vertex 93.4722 5.15 0
    endloop
  endfacet
  facet normal 0 0 -1
    outer loop
      vertex 98 0 0
      vertex 93.2021 4.79792 0
      vertex 93.3487 4.96511 0
    endloop
  endfacet
  facet normal 0 0 -1
    outer loop
      vertex 98 0 0
      vertex 93.0349 4.6513 0
      vertex 93.2021 4.79792 0
    endloop
  endfacet
  facet normal 0 0 -1
    outer loop
      vertex 98 0 0
      vertex 92.85 4.52776 0
      vertex 93.0349 4.6513 0
    endloop
  endfacet
  facet normal 0 0 -1
    outer loop
      vertex 98 0 0
      vertex 92.6506 4.4294 0
      vertex 92.85 4.52776 0
    endloop
  endfacet
  facet normal 0 0 -1
    outer loop
      vertex 98 0 0
      vertex 92.44 4.35793 0
      vertex 92.6506 4.4294 0
    endloop
  endfacet
  facet normal 0 0 -1
    outer loop
      vertex 98 0 0
      vertex 92.2219 4.31454 0
      vertex 92.44 4.35793 0
    endloop
  endfacet
  facet normal 0 0 -1
    outer loop
      vertex 98 0 0
      vertex 92 4.3 0
      vertex 92.2219 4.31454 0
    endloop
  endfacet
  facet normal 0 0 -1
    outer loop
      vertex 98 0 0
      vertex 91.7781 4.31454 0
      vertex 92 4.3 0
    endloop
  endfacet
  facet normal 0 0 -1
    outer loop
      vertex 98 0 0
      vertex 91.56 4.35793 0
      vertex 91.7781 4.31454 0
    endloop
  endfacet
  facet normal 0 0 -1
    outer loop
      vertex 98 0 0
      vertex 91.3494 4.4294 0
      vertex 91.56 4.35793 0
    endloop
  endfacet
  facet normal 0 0 -1
    outer loop
      vertex 98 0 0
      vertex 91.15 4.52776 0
      vertex 91.3494 4.4294 0
    endloop
  endfacet
  facet normal 0 0 -1
    outer loop
      vertex 78.19 44.9131 0
      vertex 90.7979 54.7979 0
      vertex 78.299 44.75 0
    endloop
  endfacet
  facet normal 0 0 -1
    outer loop
      vertex 77.1958 16.5128 0
      vertex 90.3 6 0
      vertex 90.3145 5.7781 0
    endloop
  endfacet
  facet normal 0 0 -1
    outer loop
      vertex 77 16.5 0
      vertex 90.3145 5.7781 0
      vertex 90.3579 5.56001 0
    endloop
  endfacet
  facet normal 0 0 -1
    outer loop
      vertex 77 16.5 0
      vertex 90.3579 5.56001 0
      vertex 90.4294 5.34944 0
    endloop
  endfacet
  facet normal 0 0 -1
    outer loop
      vertex 71 16.5 0
      vertex 90.4294 5.34944 0
      vertex 90.5278 5.15 0
    endloop
  endfacet
  facet normal 0 0 -1
    outer loop
      vertex 71 16.5 0
      vertex 90.5278 5.15 0
      vertex 90.6513 4.96511 0
    endloop
  endfacet
  facet normal 0 0 -1
    outer loop
      vertex 70.8042 16.5128 0
      vertex 90.6513 4.96511 0
      vertex 90.7979 4.79792 0
    endloop
  endfacet
  facet normal 0 0 -1
    outer loop
      vertex 91.56 7.64207 0
      vertex 78.4872 17.8042 0
      vertex 78.5 18 0
    endloop
  endfacet
  facet normal 0 0 -1
    outer loop
      vertex 91.3494 7.57059 0
      vertex 78.4489 17.6118 0
      vertex 78.4872 17.8042 0
    endloop
  endfacet
  facet normal 0 0 -1
    outer loop
      vertex 91.15 7.47224 0
      vertex 78.3858 17.426 0
      vertex 78.4489 17.6118 0
    endloop
  endfacet
  facet normal 0 0 -1
    outer loop
      vertex 90.9651 7.3487 0
      vertex 78.299 17.25 0
      vertex 78.3858 17.426 0
    endloop
  endfacet
  facet normal 0 0 -1
    outer loop
      vertex 90.7979 7.20208 0
      vertex 78.19 17.0869 0
      vertex 78.299 17.25 0
    endloop
  endfacet
  facet normal 0 0 -1
    outer loop
      vertex 90.6513 7.03489 0
      vertex 78.0607 16.9393 0
      vertex 78.19 17.0869 0
    endloop
  endfacet
  facet normal 0 0 -1
    outer loop
      vertex 90.5278 6.85 0
      vertex 77.9131 16.81 0
      vertex 78.0607 16.9393 0
    endloop
  endfacet
  facet normal 0 0 -1
    outer loop
      vertex 90.4294 6.65056 0
      vertex 77.75 16.701 0
      vertex 77.9131 16.81 0
    endloop
  endfacet
  facet normal 0 0 -1
    outer loop
      vertex 90.3579 6.43999 0
      vertex 77.574 16.6142 0
      vertex 77.75 16.701 0
    endloop
  endfacet
  facet normal 0 0 -1
    outer loop
      vertex 90.3145 6.22189 0
      vertex 77.3882 16.5511 0
      vertex 77.574 16.6142 0
    endloop
  endfacet
  facet normal 0 0 -1
    outer loop
      vertex 70.6118 16.5511 0
      vertex 90.7979 4.79792 0
      vertex 90.9651 4.6513 0
    endloop
  endfacet
  facet normal 0 0 -1
    outer loop
      vertex 90.3 6 0
      vertex 77.1958 16.5128 0
      vertex 77.3882 16.5511 0
    endloop
  endfacet
  facet normal 0 0 -1
    outer loop
      vertex 90.3145 5.7781 0
      vertex 77 16.5 0
      vertex 77.1958 16.5128 0
    endloop
  endfacet
  facet normal 0 0 -1
    outer loop
      vertex 90.4294 5.34944 0
      vertex 71 16.5 0
      vertex 77 16.5 0
    endloop
  endfacet
  facet normal 0 0 -1
    outer loop
      vertex 7.03489 4.6513 0
      vertex 90.9651 4.6513 0
      vertex 91.15 4.52776 0
    endloop
  endfacet
  facet normal 0 0 -1
    outer loop
      vertex 6.85 4.52776 0
      vertex 91.15 4.52776 0
      vertex 98 0 0
    endloop
  endfacet
  facet normal 0 0 -1
    outer loop
      vertex 90.6513 4.96511 0
      vertex 70.8042 16.5128 0
      vertex 71 16.5 0
    endloop
  endfacet
  facet normal 0 0 -1
    outer loop
      vertex 90.7979 4.79792 0
      vertex 70.6118 16.5511 0
      vertex 70.8042 16.5128 0
    endloop
  endfacet
  facet normal 0 0 -1
    outer loop
      vertex 90.9651 4.6513 0
      vertex 7.03489 4.6513 0
      vertex 70.426 16.6142 0
    endloop
  endfacet
  facet normal 0 0 -1
    outer loop
      vertex 90.9651 4.6513 0
      vertex 70.426 16.6142 0
      vertex 70.6118 16.5511 0
    endloop
  endfacet
  facet normal 0 0 -1
    outer loop
      vertex 69.5128 17.8042 0
      vertex 28.5 18 0
      vertex 69.5 18 0
    endloop
  endfacet
  facet normal 0 0 -1
    outer loop
      vertex 28.4872 17.8042 0
      vertex 69.5128 17.8042 0
      vertex 69.5511 17.6118 0
    endloop
  endfacet
  facet normal 0 0 -1
    outer loop
      vertex 28.4489 17.6118 0
      vertex 69.5511 17.6118 0
      vertex 69.6142 17.426 0
    endloop
  endfacet
  facet normal 0 0 -1
    outer loop
      vertex 28.3858 17.426 0
      vertex 69.6142 17.426 0
      vertex 69.701 17.25 0
    endloop
  endfacet
  facet normal 0 0 -1
    outer loop
      vertex 28.299 17.25 0
      vertex 69.701 17.25 0
      vertex 69.81 17.0869 0
    endloop
  endfacet
  facet normal 0 0 -1
    outer loop
      vertex 28.19 17.0869 0
      vertex 69.81 17.0869 0
      vertex 69.9393 16.9393 0
    endloop
  endfacet
  facet normal 0 0 -1
    outer loop
      vertex 28.0607 16.9393 0
      vertex 69.9393 16.9393 0
      vertex 70.0869 16.81 0
    endloop
  endfacet
  facet normal 0 0 -1
    outer loop
      vertex 27.9131 16.81 0
      vertex 70.0869 16.81 0
      vertex 70.25 16.701 0
    endloop
  endfacet
  facet normal 0 -0 -1
    outer loop
      vertex 27.574 16.6142 0
      vertex 70.426 16.6142 0
      vertex 7.03489 4.6513 0
    endloop
  endfacet
  facet normal 0 0 -1
    outer loop
      vertex 69.5128 17.8042 0
      vertex 28.4872 17.8042 0
      vertex 28.5 18 0
    endloop
  endfacet
  facet normal 0 0 -1
    outer loop
      vertex 69.5511 17.6118 0
      vertex 28.4489 17.6118 0
      vertex 28.4872 17.8042 0
    endloop
  endfacet
  facet normal 0 0 -1
    outer loop
      vertex 69.6142 17.426 0
      vertex 28.3858 17.426 0
      vertex 28.4489 17.6118 0
    endloop
  endfacet
  facet normal 0 0 -1
    outer loop
      vertex 69.701 17.25 0
      vertex 28.299 17.25 0
      vertex 28.3858 17.426 0
    endloop
  endfacet
  facet normal 0 0 -1
    outer loop
      vertex 69.81 17.0869 0
      vertex 28.19 17.0869 0
      vertex 28.299 17.25 0
    endloop
  endfacet
  facet normal 0 0 -1
    outer loop
      vertex 69.9393 16.9393 0
      vertex 28.0607 16.9393 0
      vertex 28.19 17.0869 0
    endloop
  endfacet
  facet normal 0 0 -1
    outer loop
      vertex 70.0869 16.81 0
      vertex 27.9131 16.81 0
      vertex 28.0607 16.9393 0
    endloop
  endfacet
  facet normal 0 0 -1
    outer loop
      vertex 70.25 16.701 0
      vertex 27.75 16.701 0
      vertex 27.9131 16.81 0
    endloop
  endfacet
  facet normal -0 0 -1
    outer loop
      vertex 70.25 16.701 0
      vertex 27.574 16.6142 0
      vertex 27.75 16.701 0
    endloop
  endfacet
  facet normal 0 0 -1
    outer loop
      vertex 70.426 16.6142 0
      vertex 27.574 16.6142 0
      vertex 70.25 16.701 0
    endloop
  endfacet
  facet normal 0 0 -1
    outer loop
      vertex 27.574 16.6142 0
      vertex 7.03489 4.6513 0
      vertex 27.3882 16.5511 0
    endloop
  endfacet
  facet normal 0 -0 -1
    outer loop
      vertex 7.20208 4.79792 0
      vertex 27.3882 16.5511 0
      vertex 7.03489 4.6513 0
    endloop
  endfacet
  facet normal 0 -0 -1
    outer loop
      vertex 7.3487 4.96511 0
      vertex 27.1958 16.5128 0
      vertex 7.20208 4.79792 0
    endloop
  endfacet
  facet normal 0 -0 -1
    outer loop
      vertex 7.47224 5.15 0
      vertex 27 16.5 0
      vertex 7.3487 4.96511 0
    endloop
  endfacet
  facet normal 0 -0 -1
    outer loop
      vertex 7.57059 5.34944 0
      vertex 27 16.5 0
      vertex 7.47224 5.15 0
    endloop
  endfacet
  facet normal 0 0 -1
    outer loop
      vertex 19.5511 43.6118 0
      vertex 7.7 56 0
      vertex 19.5128 43.8042 0
    endloop
  endfacet
  facet normal -0 0 -1
    outer loop
      vertex 19.9393 16.9393 0
      vertex 7.3487 7.03489 0
      vertex 19.81 17.0869 0
    endloop
  endfacet
  facet normal 0 0 -1
    outer loop
      vertex 7.3487 7.03489 0
      vertex 19.9393 16.9393 0
      vertex 7.47224 6.85 0
    endloop
  endfacet
  facet normal -0 0 -1
    outer loop
      vertex 20.0869 16.81 0
      vertex 7.47224 6.85 0
      vertex 19.9393 16.9393 0
    endloop
  endfacet
  facet normal 0 0 -1
    outer loop
      vertex 7.47224 6.85 0
      vertex 20.0869 16.81 0
      vertex 7.57059 6.65056 0
    endloop
  endfacet
  facet normal -0 0 -1
    outer loop
      vertex 20.25 16.701 0
      vertex 7.57059 6.65056 0
      vertex 20.0869 16.81 0
    endloop
  endfacet
  facet normal 0 0 -1
    outer loop
      vertex 7.57059 6.65056 0
      vertex 20.25 16.701 0
      vertex 7.64207 6.43999 0
    endloop
  endfacet
  facet normal -0 0 -1
    outer loop
      vertex 20.426 16.6142 0
      vertex 7.64207 6.43999 0
      vertex 20.25 16.701 0
    endloop
  endfacet
  facet normal 0 0 -1
    outer loop
      vertex 7.64207 6.43999 0
      vertex 20.426 16.6142 0
      vertex 7.68546 6.22189 0
    endloop
  endfacet
  facet normal -0 0 -1
    outer loop
      vertex 20.6118 16.5511 0
      vertex 7.68546 6.22189 0
      vertex 20.426 16.6142 0
    endloop
  endfacet
  facet normal 0 0 -1
    outer loop
      vertex 7.68546 6.22189 0
      vertex 20.6118 16.5511 0
      vertex 7.7 6 0
    endloop
  endfacet
  facet normal -0 0 -1
    outer loop
      vertex 27 16.5 0
      vertex 7.57059 5.34944 0
      vertex 21 16.5 0
    endloop
  endfacet
  facet normal -0 0 -1
    outer loop
      vertex 20.8042 16.5128 0
      vertex 7.7 6 0
      vertex 20.6118 16.5511 0
    endloop
  endfacet
  facet normal 0 -0 -1
    outer loop
      vertex 7.7 6 0
      vertex 20.8042 16.5128 0
      vertex 7.68546 5.7781 0
    endloop
  endfacet
  facet normal -0 0 -1
    outer loop
      vertex 21 16.5 0
      vertex 7.68546 5.7781 0
      vertex 20.8042 16.5128 0
    endloop
  endfacet
  facet normal 0 -0 -1
    outer loop
      vertex 7.68546 5.7781 0
      vertex 21 16.5 0
      vertex 7.64207 5.56001 0
    endloop
  endfacet
  facet normal 0 -0 -1
    outer loop
      vertex 7.64207 5.56001 0
      vertex 21 16.5 0
      vertex 7.57059 5.34944 0
    endloop
  endfacet
  facet normal 0 0 -1
    outer loop
      vertex 27.1958 16.5128 0
      vertex 7.3487 4.96511 0
      vertex 27 16.5 0
    endloop
  endfacet
  facet normal 0 0 -1
    outer loop
      vertex 27.3882 16.5511 0
      vertex 7.20208 4.79792 0
      vertex 27.1958 16.5128 0
    endloop
  endfacet
  facet normal 0 0 -1
    outer loop
      vertex 91.15 4.52776 0
      vertex 6.85 4.52776 0
      vertex 7.03489 4.6513 0
    endloop
  endfacet
  facet normal 0 0 -1
    outer loop
      vertex 0 0 0
      vertex 6.85 4.52776 0
      vertex 98 0 0
    endloop
  endfacet
  facet normal 0 0 -1
    outer loop
      vertex 6.85 4.52776 0
      vertex 0 0 0
      vertex 6.65056 4.4294 0
    endloop
  endfacet
  facet normal 0 0 -1
    outer loop
      vertex 6.65056 4.4294 0
      vertex 0 0 0
      vertex 6.43999 4.35793 0
    endloop
  endfacet
  facet normal 0 0 -1
    outer loop
      vertex 6.43999 4.35793 0
      vertex 0 0 0
      vertex 6.22189 4.31454 0
    endloop
  endfacet
  facet normal 0 0 -1
    outer loop
      vertex 4.35793 55.56 0
      vertex 0 62 0
      vertex 4.31454 55.7781 0
    endloop
  endfacet
  facet normal -0 0 -1
    outer loop
      vertex 4.31454 5.7781 0
      vertex 0 0 0
      vertex 4.3 6 0
    endloop
  endfacet
  facet normal -0 0 -1
    outer loop
      vertex 4.35793 5.56001 0
      vertex 0 0 0
      vertex 4.31454 5.7781 0
    endloop
  endfacet
  facet normal -0 0 -1
    outer loop
      vertex 4.4294 5.34944 0
      vertex 0 0 0
      vertex 4.35793 5.56001 0
    endloop
  endfacet
  facet normal -0 0 -1
    outer loop
      vertex 4.52776 5.15 0
      vertex 0 0 0
      vertex 4.4294 5.34944 0
    endloop
  endfacet
  facet normal -0 0 -1
    outer loop
      vertex 4.6513 4.96511 0
      vertex 0 0 0
      vertex 4.52776 5.15 0
    endloop
  endfacet
  facet normal -0 0 -1
    outer loop
      vertex 4.79792 4.79792 0
      vertex 0 0 0
      vertex 4.6513 4.96511 0
    endloop
  endfacet
  facet normal -0 0 -1
    outer loop
      vertex 4.96511 4.6513 0
      vertex 0 0 0
      vertex 4.79792 4.79792 0
    endloop
  endfacet
  facet normal -0 0 -1
    outer loop
      vertex 5.15 4.52776 0
      vertex 0 0 0
      vertex 4.96511 4.6513 0
    endloop
  endfacet
  facet normal -0 0 -1
    outer loop
      vertex 5.34944 4.4294 0
      vertex 0 0 0
      vertex 5.15 4.52776 0
    endloop
  endfacet
  facet normal -0 0 -1
    outer loop
      vertex 5.56001 4.35793 0
      vertex 0 0 0
      vertex 5.34944 4.4294 0
    endloop
  endfacet
  facet normal -0 0 -1
    outer loop
      vertex 5.7781 4.31454 0
      vertex 0 0 0
      vertex 5.56001 4.35793 0
    endloop
  endfacet
  facet normal -0 0 -1
    outer loop
      vertex 6 4.3 0
      vertex 0 0 0
      vertex 5.7781 4.31454 0
    endloop
  endfacet
  facet normal 0 0 -1
    outer loop
      vertex 6.22189 4.31454 0
      vertex 0 0 0
      vertex 6 4.3 0
    endloop
  endfacet
  facet normal 0 0 -1
    outer loop
      vertex 93.6421 6.43999 0
      vertex 98 0 0
      vertex 93.6855 6.22189 0
    endloop
  endfacet
  facet normal 0 0 -1
    outer loop
      vertex 93.6855 56.2219 0
      vertex 98 62 0
      vertex 93.7 56 0
    endloop
  endfacet
  facet normal 0 0 -1
    outer loop
      vertex 93.6421 56.44 0
      vertex 98 62 0
      vertex 93.6855 56.2219 0
    endloop
  endfacet
  facet normal 0 0 -1
    outer loop
      vertex 93.5706 56.6506 0
      vertex 98 62 0
      vertex 93.6421 56.44 0
    endloop
  endfacet
  facet normal 0 0 -1
    outer loop
      vertex 93.4722 56.85 0
      vertex 98 62 0
      vertex 93.5706 56.6506 0
    endloop
  endfacet
  facet normal 0 0 -1
    outer loop
      vertex 93.3487 57.0349 0
      vertex 98 62 0
      vertex 93.4722 56.85 0
    endloop
  endfacet
  facet normal 0 0 -1
    outer loop
      vertex 93.2021 57.2021 0
      vertex 98 62 0
      vertex 93.3487 57.0349 0
    endloop
  endfacet
  facet normal 0 0 -1
    outer loop
      vertex 93.0349 57.3487 0
      vertex 98 62 0
      vertex 93.2021 57.2021 0
    endloop
  endfacet
  facet normal 0 0 -1
    outer loop
      vertex 92.85 57.4722 0
      vertex 98 62 0
      vertex 93.0349 57.3487 0
    endloop
  endfacet
  facet normal 0 0 -1
    outer loop
      vertex 92.6506 57.5706 0
      vertex 98 62 0
      vertex 92.85 57.4722 0
    endloop
  endfacet
  facet normal 0 0 -1
    outer loop
      vertex 92.44 57.6421 0
      vertex 98 62 0
      vertex 92.6506 57.5706 0
    endloop
  endfacet
  facet normal 0 0 -1
    outer loop
      vertex 92.2219 57.6855 0
      vertex 98 62 0
      vertex 92.44 57.6421 0
    endloop
  endfacet
  facet normal 0 0 -1
    outer loop
      vertex 92 57.7 0
      vertex 98 62 0
      vertex 92.2219 57.6855 0
    endloop
  endfacet
  facet normal 0 0 -1
    outer loop
      vertex 91.7781 57.6855 0
      vertex 98 62 0
      vertex 92 57.7 0
    endloop
  endfacet
  facet normal 0 0 -1
    outer loop
      vertex 91.56 57.6421 0
      vertex 98 62 0
      vertex 91.7781 57.6855 0
    endloop
  endfacet
  facet normal 0 0 -1
    outer loop
      vertex 91.3494 57.5706 0
      vertex 98 62 0
      vertex 91.56 57.6421 0
    endloop
  endfacet
  facet normal 0 0 -1
    outer loop
      vertex 91.15 57.4722 0
      vertex 98 62 0
      vertex 91.3494 57.5706 0
    endloop
  endfacet
  facet normal -0 0 -1
    outer loop
      vertex 90.7979 54.7979 0
      vertex 78.19 44.9131 0
      vertex 90.6513 54.9651 0
    endloop
  endfacet
  facet normal 0 0 -1
    outer loop
      vertex 78.0607 45.0607 0
      vertex 90.6513 54.9651 0
      vertex 78.19 44.9131 0
    endloop
  endfacet
  facet normal -0 0 -1
    outer loop
      vertex 90.6513 54.9651 0
      vertex 78.0607 45.0607 0
      vertex 90.5278 55.15 0
    endloop
  endfacet
  facet normal 0 0 -1
    outer loop
      vertex 77.9131 45.19 0
      vertex 90.5278 55.15 0
      vertex 78.0607 45.0607 0
    endloop
  endfacet
  facet normal -0 0 -1
    outer loop
      vertex 90.5278 55.15 0
      vertex 77.9131 45.19 0
      vertex 90.4294 55.3494 0
    endloop
  endfacet
  facet normal 0 0 -1
    outer loop
      vertex 77.75 45.299 0
      vertex 90.4294 55.3494 0
      vertex 77.9131 45.19 0
    endloop
  endfacet
  facet normal -0 0 -1
    outer loop
      vertex 90.4294 55.3494 0
      vertex 77.75 45.299 0
      vertex 90.3579 55.56 0
    endloop
  endfacet
  facet normal 0 0 -1
    outer loop
      vertex 77.574 45.3858 0
      vertex 90.3579 55.56 0
      vertex 77.75 45.299 0
    endloop
  endfacet
  facet normal -0 0 -1
    outer loop
      vertex 90.3579 55.56 0
      vertex 77.574 45.3858 0
      vertex 90.3145 55.7781 0
    endloop
  endfacet
  facet normal 0 0 -1
    outer loop
      vertex 77.3882 45.4489 0
      vertex 90.3145 55.7781 0
      vertex 77.574 45.3858 0
    endloop
  endfacet
  facet normal -0 0 -1
    outer loop
      vertex 90.3145 55.7781 0
      vertex 77.3882 45.4489 0
      vertex 90.3 56 0
    endloop
  endfacet
  facet normal 0 0 -1
    outer loop
      vertex 77.1958 45.4872 0
      vertex 90.3 56 0
      vertex 77.3882 45.4489 0
    endloop
  endfacet
  facet normal -0 0 -1
    outer loop
      vertex 90.3 56 0
      vertex 77.1958 45.4872 0
      vertex 90.3145 56.2219 0
    endloop
  endfacet
  facet normal 0 0 -1
    outer loop
      vertex 77 45.5 0
      vertex 90.3145 56.2219 0
      vertex 77.1958 45.4872 0
    endloop
  endfacet
  facet normal -0 0 -1
    outer loop
      vertex 90.3145 56.2219 0
      vertex 77 45.5 0
      vertex 90.3579 56.44 0
    endloop
  endfacet
  facet normal -0 0 -1
    outer loop
      vertex 90.3579 56.44 0
      vertex 77 45.5 0
      vertex 90.4294 56.6506 0
    endloop
  endfacet
  facet normal 0 0 -1
    outer loop
      vertex 71 45.5 0
      vertex 90.4294 56.6506 0
      vertex 77 45.5 0
    endloop
  endfacet
  facet normal -0 0 -1
    outer loop
      vertex 90.4294 56.6506 0
      vertex 71 45.5 0
      vertex 90.5278 56.85 0
    endloop
  endfacet
  facet normal -0 0 -1
    outer loop
      vertex 90.5278 56.85 0
      vertex 71 45.5 0
      vertex 90.6513 57.0349 0
    endloop
  endfacet
  facet normal 0 0 -1
    outer loop
      vertex 70.8042 45.4872 0
      vertex 90.6513 57.0349 0
      vertex 71 45.5 0
    endloop
  endfacet
  facet normal -0 0 -1
    outer loop
      vertex 90.6513 57.0349 0
      vertex 70.8042 45.4872 0
      vertex 90.7979 57.2021 0
    endloop
  endfacet
  facet normal 0 0 -1
    outer loop
      vertex 70.6118 45.4489 0
      vertex 90.7979 57.2021 0
      vertex 70.8042 45.4872 0
    endloop
  endfacet
  facet normal -0 0 -1
    outer loop
      vertex 90.7979 57.2021 0
      vertex 70.6118 45.4489 0
      vertex 90.9651 57.3487 0
    endloop
  endfacet
  facet normal 0 0 -1
    outer loop
      vertex 70.426 45.3858 0
      vertex 90.9651 57.3487 0
      vertex 70.6118 45.4489 0
    endloop
  endfacet
  facet normal 0 0 -1
    outer loop
      vertex 7.03489 57.3487 0
      vertex 90.9651 57.3487 0
      vertex 70.426 45.3858 0
    endloop
  endfacet
  facet normal 0 0 -1
    outer loop
      vertex 90.9651 57.3487 0
      vertex 7.03489 57.3487 0
      vertex 91.15 57.4722 0
    endloop
  endfacet
  facet normal 0 0 -1
    outer loop
      vertex 27.574 45.3858 0
      vertex 70.426 45.3858 0
      vertex 70.25 45.299 0
    endloop
  endfacet
  facet normal 0 0 -1
    outer loop
      vertex 28.5 44 0
      vertex 69.5128 44.1958 0
      vertex 69.5 44 0
    endloop
  endfacet
  facet normal 0 0 -1
    outer loop
      vertex 28.4872 44.1958 0
      vertex 69.5128 44.1958 0
      vertex 28.5 44 0
    endloop
  endfacet
  facet normal 0 0 -1
    outer loop
      vertex 69.5128 44.1958 0
      vertex 28.4872 44.1958 0
      vertex 69.5511 44.3882 0
    endloop
  endfacet
  facet normal 0 0 -1
    outer loop
      vertex 28.4489 44.3882 0
      vertex 69.5511 44.3882 0
      vertex 28.4872 44.1958 0
    endloop
  endfacet
  facet normal 0 0 -1
    outer loop
      vertex 69.5511 44.3882 0
      vertex 28.4489 44.3882 0
      vertex 69.6142 44.574 0
    endloop
  endfacet
  facet normal 0 0 -1
    outer loop
      vertex 28.3858 44.574 0
      vertex 69.6142 44.574 0
      vertex 28.4489 44.3882 0
    endloop
  endfacet
  facet normal 0 0 -1
    outer loop
      vertex 69.6142 44.574 0
      vertex 28.3858 44.574 0
      vertex 69.701 44.75 0
    endloop
  endfacet
  facet normal 0 0 -1
    outer loop
      vertex 28.299 44.75 0
      vertex 69.701 44.75 0
      vertex 28.3858 44.574 0
    endloop
  endfacet
  facet normal 0 0 -1
    outer loop
      vertex 69.701 44.75 0
      vertex 28.299 44.75 0
      vertex 69.81 44.9131 0
    endloop
  endfacet
  facet normal 0 0 -1
    outer loop
      vertex 28.19 44.9131 0
      vertex 69.81 44.9131 0
      vertex 28.299 44.75 0
    endloop
  endfacet
  facet normal 0 0 -1
    outer loop
      vertex 69.81 44.9131 0
      vertex 28.19 44.9131 0
      vertex 69.9393 45.0607 0
    endloop
  endfacet
  facet normal 0 0 -1
    outer loop
      vertex 28.0607 45.0607 0
      vertex 69.9393 45.0607 0
      vertex 28.19 44.9131 0
    endloop
  endfacet
  facet normal 0 0 -1
    outer loop
      vertex 69.9393 45.0607 0
      vertex 28.0607 45.0607 0
      vertex 70.0869 45.19 0
    endloop
  endfacet
  facet normal 0 0 -1
    outer loop
      vertex 27.9131 45.19 0
      vertex 70.0869 45.19 0
      vertex 28.0607 45.0607 0
    endloop
  endfacet
  facet normal 0 0 -1
    outer loop
      vertex 70.0869 45.19 0
      vertex 27.9131 45.19 0
      vertex 70.25 45.299 0
    endloop
  endfacet
  facet normal 0 0 -1
    outer loop
      vertex 27.75 45.299 0
      vertex 70.25 45.299 0
      vertex 27.9131 45.19 0
    endloop
  endfacet
  facet normal 0 0 -1
    outer loop
      vertex 27.574 45.3858 0
      vertex 70.25 45.299 0
      vertex 27.75 45.299 0
    endloop
  endfacet
  facet normal 0 0 -1
    outer loop
      vertex 70.426 45.3858 0
      vertex 27.574 45.3858 0
      vertex 7.03489 57.3487 0
    endloop
  endfacet
  facet normal 0 0 -1
    outer loop
      vertex 7.03489 57.3487 0
      vertex 27.574 45.3858 0
      vertex 27.3882 45.4489 0
    endloop
  endfacet
  facet normal 0 0 -1
    outer loop
      vertex 7.20208 57.2021 0
      vertex 27.3882 45.4489 0
      vertex 27.1958 45.4872 0
    endloop
  endfacet
  facet normal 0 0 -1
    outer loop
      vertex 7.3487 57.0349 0
      vertex 27.1958 45.4872 0
      vertex 27 45.5 0
    endloop
  endfacet
  facet normal 0 0 -1
    outer loop
      vertex 7.57059 56.6506 0
      vertex 27 45.5 0
      vertex 21 45.5 0
    endloop
  endfacet
  facet normal 0 0 -1
    outer loop
      vertex 7.68546 56.2219 0
      vertex 21 45.5 0
      vertex 20.8042 45.4872 0
    endloop
  endfacet
  facet normal 0 0 -1
    outer loop
      vertex 7.7 56 0
      vertex 20.8042 45.4872 0
      vertex 20.6118 45.4489 0
    endloop
  endfacet
  facet normal 0 0 -1
    outer loop
      vertex 19.5128 43.8042 0
      vertex 7.7 56 0
      vertex 19.5 44 0
    endloop
  endfacet
  facet normal 0 0 -1
    outer loop
      vertex 19.5 44 0
      vertex 7.7 56 0
      vertex 19.5128 44.1958 0
    endloop
  endfacet
  facet normal 0 0 -1
    outer loop
      vertex 19.5128 44.1958 0
      vertex 7.7 56 0
      vertex 19.5511 44.3882 0
    endloop
  endfacet
  facet normal 0 0 -1
    outer loop
      vertex 7.7 56 0
      vertex 19.6142 44.574 0
      vertex 19.5511 44.3882 0
    endloop
  endfacet
  facet normal 0 0 -1
    outer loop
      vertex 7.7 56 0
      vertex 19.701 44.75 0
      vertex 19.6142 44.574 0
    endloop
  endfacet
  facet normal 0 0 -1
    outer loop
      vertex 7.7 56 0
      vertex 19.81 44.9131 0
      vertex 19.701 44.75 0
    endloop
  endfacet
  facet normal 0 0 -1
    outer loop
      vertex 7.7 56 0
      vertex 19.9393 45.0607 0
      vertex 19.81 44.9131 0
    endloop
  endfacet
  facet normal 0 0 -1
    outer loop
      vertex 7.7 56 0
      vertex 20.0869 45.19 0
      vertex 19.9393 45.0607 0
    endloop
  endfacet
  facet normal 0 0 -1
    outer loop
      vertex 7.7 56 0
      vertex 20.25 45.299 0
      vertex 20.0869 45.19 0
    endloop
  endfacet
  facet normal 0 0 -1
    outer loop
      vertex 7.7 56 0
      vertex 20.426 45.3858 0
      vertex 20.25 45.299 0
    endloop
  endfacet
  facet normal 0 0 -1
    outer loop
      vertex 7.7 56 0
      vertex 20.6118 45.4489 0
      vertex 20.426 45.3858 0
    endloop
  endfacet
  facet normal 0 0 -1
    outer loop
      vertex 20.8042 45.4872 0
      vertex 7.7 56 0
      vertex 7.68546 56.2219 0
    endloop
  endfacet
  facet normal 0 0 -1
    outer loop
      vertex 21 45.5 0
      vertex 7.68546 56.2219 0
      vertex 7.64207 56.44 0
    endloop
  endfacet
  facet normal 0 0 -1
    outer loop
      vertex 21 45.5 0
      vertex 7.64207 56.44 0
      vertex 7.57059 56.6506 0
    endloop
  endfacet
  facet normal 0 0 -1
    outer loop
      vertex 27 45.5 0
      vertex 7.57059 56.6506 0
      vertex 7.47224 56.85 0
    endloop
  endfacet
  facet normal 0 0 -1
    outer loop
      vertex 27 45.5 0
      vertex 7.47224 56.85 0
      vertex 7.3487 57.0349 0
    endloop
  endfacet
  facet normal 0 0 -1
    outer loop
      vertex 27.1958 45.4872 0
      vertex 7.3487 57.0349 0
      vertex 7.20208 57.2021 0
    endloop
  endfacet
  facet normal 0 0 -1
    outer loop
      vertex 27.3882 45.4489 0
      vertex 7.20208 57.2021 0
      vertex 7.03489 57.3487 0
    endloop
  endfacet
  facet normal 0 0 -1
    outer loop
      vertex 6.85 57.4722 0
      vertex 91.15 57.4722 0
      vertex 7.03489 57.3487 0
    endloop
  endfacet
  facet normal 0 0 -1
    outer loop
      vertex 91.15 57.4722 0
      vertex 6.85 57.4722 0
      vertex 98 62 0
    endloop
  endfacet
  facet normal 0 0 -1
    outer loop
      vertex 0 62 0
      vertex 6.85 57.4722 0
      vertex 6.65056 57.5706 0
    endloop
  endfacet
  facet normal 0 0 -1
    outer loop
      vertex 0 62 0
      vertex 6.65056 57.5706 0
      vertex 6.43999 57.6421 0
    endloop
  endfacet
  facet normal 0 0 -1
    outer loop
      vertex 0 62 0
      vertex 6.43999 57.6421 0
      vertex 6.22189 57.6855 0
    endloop
  endfacet
  facet normal 0 0 -1
    outer loop
      vertex 0 62 0
      vertex 6.22189 57.6855 0
      vertex 6 57.7 0
    endloop
  endfacet
  facet normal 0 0 -1
    outer loop
      vertex 4.31454 55.7781 0
      vertex 0 62 0
      vertex 4.3 56 0
    endloop
  endfacet
  facet normal 0 0 -1
    outer loop
      vertex 6.85 57.4722 0
      vertex 0 62 0
      vertex 98 62 0
    endloop
  endfacet
  facet normal 0 0 -1
    outer loop
      vertex 5.7781 57.6855 0
      vertex 0 62 0
      vertex 6 57.7 0
    endloop
  endfacet
  facet normal 0 0 -1
    outer loop
      vertex 5.56001 57.6421 0
      vertex 0 62 0
      vertex 5.7781 57.6855 0
    endloop
  endfacet
  facet normal 0 0 -1
    outer loop
      vertex 5.34944 57.5706 0
      vertex 0 62 0
      vertex 5.56001 57.6421 0
    endloop
  endfacet
  facet normal 0 0 -1
    outer loop
      vertex 5.15 57.4722 0
      vertex 0 62 0
      vertex 5.34944 57.5706 0
    endloop
  endfacet
  facet normal 0 0 -1
    outer loop
      vertex 4.96511 57.3487 0
      vertex 0 62 0
      vertex 5.15 57.4722 0
    endloop
  endfacet
  facet normal 0 0 -1
    outer loop
      vertex 4.79792 57.2021 0
      vertex 0 62 0
      vertex 4.96511 57.3487 0
    endloop
  endfacet
  facet normal 0 0 -1
    outer loop
      vertex 4.6513 57.0349 0
      vertex 0 62 0
      vertex 4.79792 57.2021 0
    endloop
  endfacet
  facet normal 0 0 -1
    outer loop
      vertex 4.52776 56.85 0
      vertex 0 62 0
      vertex 4.6513 57.0349 0
    endloop
  endfacet
  facet normal 0 0 -1
    outer loop
      vertex 4.4294 56.6506 0
      vertex 0 62 0
      vertex 4.52776 56.85 0
    endloop
  endfacet
  facet normal 0 0 -1
    outer loop
      vertex 4.35793 56.44 0
      vertex 0 62 0
      vertex 4.4294 56.6506 0
    endloop
  endfacet
  facet normal 0 0 -1
    outer loop
      vertex 4.31454 56.2219 0
      vertex 0 62 0
      vertex 4.35793 56.44 0
    endloop
  endfacet
  facet normal 0 0 -1
    outer loop
      vertex 4.3 56 0
      vertex 0 62 0
      vertex 4.31454 56.2219 0
    endloop
  endfacet
  facet normal 0 0 -1
    outer loop
      vertex 28.5 18 0
      vertex 69.5128 18.1958 0
      vertex 69.5 18 0
    endloop
  endfacet
  facet normal 0 0 -1
    outer loop
      vertex 28.4872 18.1958 0
      vertex 69.5128 18.1958 0
      vertex 28.5 18 0
    endloop
  endfacet
  facet normal 0 0 -1
    outer loop
      vertex 69.5128 18.1958 0
      vertex 28.4872 18.1958 0
      vertex 69.5511 18.3882 0
    endloop
  endfacet
  facet normal 0 0 -1
    outer loop
      vertex 28.4489 18.3882 0
      vertex 69.5511 18.3882 0
      vertex 28.4872 18.1958 0
    endloop
  endfacet
  facet normal 0 0 -1
    outer loop
      vertex 69.5511 18.3882 0
      vertex 28.4489 18.3882 0
      vertex 69.6142 18.574 0
    endloop
  endfacet
  facet normal 0 0 -1
    outer loop
      vertex 28.3858 18.574 0
      vertex 69.6142 18.574 0
      vertex 28.4489 18.3882 0
    endloop
  endfacet
  facet normal 0 0 -1
    outer loop
      vertex 69.6142 18.574 0
      vertex 28.3858 18.574 0
      vertex 69.701 18.75 0
    endloop
  endfacet
  facet normal 0 0 -1
    outer loop
      vertex 28.299 18.75 0
      vertex 69.701 18.75 0
      vertex 28.3858 18.574 0
    endloop
  endfacet
  facet normal 0 0 -1
    outer loop
      vertex 69.701 18.75 0
      vertex 28.299 18.75 0
      vertex 69.81 18.9131 0
    endloop
  endfacet
  facet normal 0 0 -1
    outer loop
      vertex 28.19 18.9131 0
      vertex 69.81 18.9131 0
      vertex 28.299 18.75 0
    endloop
  endfacet
  facet normal 0 0 -1
    outer loop
      vertex 69.81 18.9131 0
      vertex 28.19 18.9131 0
      vertex 69.8861 19 0
    endloop
  endfacet
  facet normal -0 0 -1
    outer loop
      vertex 69.8861 19 0
      vertex 28.19 18.9131 0
      vertex 28.1139 19 0
    endloop
  endfacet
  facet normal 0 0 -1
    outer loop
      vertex 21 19.5 0
      vertex 25 42.5 0
      vertex 25 19.5 0
    endloop
  endfacet
  facet normal 0 0 -1
    outer loop
      vertex 21 19.5 0
      vertex 21 42.5 0
      vertex 25 42.5 0
    endloop
  endfacet
  facet normal 0 0 -1
    outer loop
      vertex 20.8042 19.4872 0
      vertex 21 42.5 0
      vertex 21 19.5 0
    endloop
  endfacet
  facet normal 0 0 -1
    outer loop
      vertex 20.8042 19.4872 0
      vertex 20.8042 42.5128 0
      vertex 21 42.5 0
    endloop
  endfacet
  facet normal 0 0 -1
    outer loop
      vertex 20.6118 19.4489 0
      vertex 20.8042 42.5128 0
      vertex 20.8042 19.4872 0
    endloop
  endfacet
  facet normal 0 0 -1
    outer loop
      vertex 20.6118 19.4489 0
      vertex 20.6118 42.5511 0
      vertex 20.8042 42.5128 0
    endloop
  endfacet
  facet normal 0 0 -1
    outer loop
      vertex 20.426 19.3858 0
      vertex 20.6118 42.5511 0
      vertex 20.6118 19.4489 0
    endloop
  endfacet
  facet normal 0 0 -1
    outer loop
      vertex 20.426 19.3858 0
      vertex 20.426 42.6142 0
      vertex 20.6118 42.5511 0
    endloop
  endfacet
  facet normal 0 0 -1
    outer loop
      vertex 20.25 19.299 0
      vertex 20.426 42.6142 0
      vertex 20.426 19.3858 0
    endloop
  endfacet
  facet normal 0 0 -1
    outer loop
      vertex 20.25 19.299 0
      vertex 20.25 42.701 0
      vertex 20.426 42.6142 0
    endloop
  endfacet
  facet normal 0 0 -1
    outer loop
      vertex 20.0869 19.19 0
      vertex 20.25 42.701 0
      vertex 20.25 19.299 0
    endloop
  endfacet
  facet normal 0 0 -1
    outer loop
      vertex 20.0869 19.19 0
      vertex 20.0869 42.81 0
      vertex 20.25 42.701 0
    endloop
  endfacet
  facet normal 0 0 -1
    outer loop
      vertex 19.9393 19.0607 0
      vertex 20.0869 42.81 0
      vertex 20.0869 19.19 0
    endloop
  endfacet
  facet normal 0 0 -1
    outer loop
      vertex 19.9393 19.0607 0
      vertex 19.9393 42.9393 0
      vertex 20.0869 42.81 0
    endloop
  endfacet
  facet normal 0 0 -1
    outer loop
      vertex 19.81 18.9131 0
      vertex 19.9393 42.9393 0
      vertex 19.9393 19.0607 0
    endloop
  endfacet
  facet normal 0 0 -1
    outer loop
      vertex 19.81 18.9131 0
      vertex 19.81 43.0869 0
      vertex 19.9393 42.9393 0
    endloop
  endfacet
  facet normal 0 0 -1
    outer loop
      vertex 19.701 18.75 0
      vertex 19.81 43.0869 0
      vertex 19.81 18.9131 0
    endloop
  endfacet
  facet normal 0 0 -1
    outer loop
      vertex 19.701 18.75 0
      vertex 19.701 43.25 0
      vertex 19.81 43.0869 0
    endloop
  endfacet
  facet normal 0 0 -1
    outer loop
      vertex 19.6142 18.574 0
      vertex 19.701 43.25 0
      vertex 19.701 18.75 0
    endloop
  endfacet
  facet normal 0 0 -1
    outer loop
      vertex 19.6142 18.574 0
      vertex 19.6142 43.426 0
      vertex 19.701 43.25 0
    endloop
  endfacet
  facet normal 0 0 -1
    outer loop
      vertex 7.03489 7.3487 0
      vertex 19.701 17.25 0
      vertex 7.20208 7.20208 0
    endloop
  endfacet
  facet normal -0 0 -1
    outer loop
      vertex 19.701 17.25 0
      vertex 7.03489 7.3487 0
      vertex 19.6142 17.426 0
    endloop
  endfacet
  facet normal -0 0 -1
    outer loop
      vertex 19.81 17.0869 0
      vertex 7.20208 7.20208 0
      vertex 19.701 17.25 0
    endloop
  endfacet
  facet normal 0 0 -1
    outer loop
      vertex 6.85 7.47224 0
      vertex 19.6142 17.426 0
      vertex 7.03489 7.3487 0
    endloop
  endfacet
  facet normal 0 0 -1
    outer loop
      vertex 7.20208 7.20208 0
      vertex 19.81 17.0869 0
      vertex 7.3487 7.03489 0
    endloop
  endfacet
  facet normal 0 0 -1
    outer loop
      vertex 19.6142 43.426 0
      vertex 7.7 56 0
      vertex 19.5511 43.6118 0
    endloop
  endfacet
  facet normal -1 0 0
    outer loop
      vertex 0 0 0
      vertex 0 62 3
      vertex 0 62 0
    endloop
  endfacet
  facet normal -1 -0 0
    outer loop
      vertex 0 62 3
      vertex 0 0 0
      vertex 0 0 3
    endloop
  endfacet
  facet normal 0 1 -0
    outer loop
      vertex 98 62 0
      vertex 0 62 3
      vertex 98 62 3
    endloop
  endfacet
  facet normal 0 1 0
    outer loop
      vertex 0 62 3
      vertex 98 62 0
      vertex 0 62 0
    endloop
  endfacet
  facet normal 0 -1 0
    outer loop
      vertex 0 0 0
      vertex 98 0 3
      vertex 0 0 3
    endloop
  endfacet
  facet normal 0 -1 -0
    outer loop
      vertex 98 0 3
      vertex 0 0 0
      vertex 98 0 0
    endloop
  endfacet
  facet normal -0.980779 -0.195122 0
    outer loop
      vertex 7.68546 6.22189 0
      vertex 7.64207 6.43999 8
      vertex 7.64207 6.43999 0
    endloop
  endfacet
  facet normal -0.980779 -0.195122 0
    outer loop
      vertex 7.64207 6.43999 8
      vertex 7.68546 6.22189 0
      vertex 7.68546 6.22189 8
    endloop
  endfacet
  facet normal -0.99786 -0.0653877 0
    outer loop
      vertex 7.7 6 0
      vertex 7.68546 6.22189 8
      vertex 7.68546 6.22189 0
    endloop
  endfacet
  facet normal -0.99786 -0.0653877 0
    outer loop
      vertex 7.68546 6.22189 8
      vertex 7.7 6 0
      vertex 7.7 6 8
    endloop
  endfacet
  facet normal 0.442278 -0.896878 0
    outer loop
      vertex 5.15 7.47224 0
      vertex 5.34944 7.57059 8
      vertex 5.15 7.47224 8
    endloop
  endfacet
  facet normal 0.442278 -0.896878 0
    outer loop
      vertex 5.34944 7.57059 8
      vertex 5.15 7.47224 0
      vertex 5.34944 7.57059 0
    endloop
  endfacet
  facet normal -0.555572 -0.831469 0
    outer loop
      vertex 6.85 7.47224 0
      vertex 7.03489 7.3487 8
      vertex 6.85 7.47224 8
    endloop
  endfacet
  facet normal -0.555572 -0.831469 -0
    outer loop
      vertex 7.03489 7.3487 8
      vertex 6.85 7.47224 0
      vertex 7.03489 7.3487 0
    endloop
  endfacet
  facet normal 0.659342 -0.751844 0
    outer loop
      vertex 4.79792 7.20208 0
      vertex 4.96511 7.3487 8
      vertex 4.79792 7.20208 8
    endloop
  endfacet
  facet normal 0.659342 -0.751844 0
    outer loop
      vertex 4.96511 7.3487 8
      vertex 4.79792 7.20208 0
      vertex 4.96511 7.3487 0
    endloop
  endfacet
  facet normal -0.321404 0.946942 0
    outer loop
      vertex 6.65056 4.4294 0
      vertex 6.43999 4.35793 3
      vertex 6.65056 4.4294 3
    endloop
  endfacet
  facet normal -0.321404 0.946942 0
    outer loop
      vertex 6.43999 4.35793 3
      vertex 6.65056 4.4294 0
      vertex 6.43999 4.35793 0
    endloop
  endfacet
  facet normal -0.831469 0.555572 0
    outer loop
      vertex 7.3487 4.96511 0
      vertex 7.47224 5.15 8
      vertex 7.47224 5.15 0
    endloop
  endfacet
  facet normal -0.831469 0.555572 0
    outer loop
      vertex 7.47224 5.15 8
      vertex 7.3487 4.96511 0
      vertex 7.3487 4.96511 8
    endloop
  endfacet
  facet normal -0.946929 0.321444 0
    outer loop
      vertex 7.57059 5.34944 0
      vertex 7.64207 5.56001 8
      vertex 7.64207 5.56001 0
    endloop
  endfacet
  facet normal -0.946929 0.321444 0
    outer loop
      vertex 7.64207 5.56001 8
      vertex 7.57059 5.34944 0
      vertex 7.57059 5.34944 8
    endloop
  endfacet
  facet normal -0.321444 -0.946929 0
    outer loop
      vertex 6.43999 7.64207 0
      vertex 6.65056 7.57059 8
      vertex 6.43999 7.64207 8
    endloop
  endfacet
  facet normal -0.321444 -0.946929 -0
    outer loop
      vertex 6.65056 7.57059 8
      vertex 6.43999 7.64207 0
      vertex 6.65056 7.57059 0
    endloop
  endfacet
  facet normal -0.195122 -0.980779 0
    outer loop
      vertex 6.22189 7.68546 0
      vertex 6.43999 7.64207 8
      vertex 6.22189 7.68546 8
    endloop
  endfacet
  facet normal -0.195122 -0.980779 -0
    outer loop
      vertex 6.43999 7.64207 8
      vertex 6.22189 7.68546 0
      vertex 6.43999 7.64207 0
    endloop
  endfacet
  facet normal 0.555572 -0.831469 0
    outer loop
      vertex 4.96511 7.3487 0
      vertex 5.15 7.47224 8
      vertex 4.96511 7.3487 8
    endloop
  endfacet
  facet normal 0.555572 -0.831469 0
    outer loop
      vertex 5.15 7.47224 8
      vertex 4.96511 7.3487 0
      vertex 5.15 7.47224 0
    endloop
  endfacet
  facet normal -0.896878 0.442278 0
    outer loop
      vertex 7.47224 5.15 0
      vertex 7.57059 5.34944 8
      vertex 7.57059 5.34944 0
    endloop
  endfacet
  facet normal -0.896878 0.442278 0
    outer loop
      vertex 7.57059 5.34944 8
      vertex 7.47224 5.15 0
      vertex 7.47224 5.15 8
    endloop
  endfacet
  facet normal -0.659342 -0.751844 0
    outer loop
      vertex 7.03489 7.3487 0
      vertex 7.20208 7.20208 8
      vertex 7.03489 7.3487 8
    endloop
  endfacet
  facet normal -0.659342 -0.751844 -0
    outer loop
      vertex 7.20208 7.20208 8
      vertex 7.03489 7.3487 0
      vertex 7.20208 7.20208 0
    endloop
  endfacet
  facet normal -0.55551 0.83151 0
    outer loop
      vertex 7.03489 4.6513 8
      vertex 7.02305 4.64339 3
      vertex 7.02305 4.64339 8
    endloop
  endfacet
  facet normal -0.55551 0.83151 0
    outer loop
      vertex 7.03489 4.6513 0
      vertex 7.02305 4.64339 3
      vertex 7.03489 4.6513 8
    endloop
  endfacet
  facet normal -0.555576 0.831466 -3.74292e-07
    outer loop
      vertex 7.03489 4.6513 0
      vertex 6.85 4.52776 3
      vertex 7.02305 4.64339 3
    endloop
  endfacet
  facet normal -0.555572 0.831469 0
    outer loop
      vertex 6.85 4.52776 3
      vertex 7.03489 4.6513 0
      vertex 6.85 4.52776 0
    endloop
  endfacet
  facet normal -0.442278 -0.896878 0
    outer loop
      vertex 6.65056 7.57059 0
      vertex 6.85 7.47224 8
      vertex 6.65056 7.57059 8
    endloop
  endfacet
  facet normal -0.442278 -0.896878 -0
    outer loop
      vertex 6.85 7.47224 8
      vertex 6.65056 7.57059 0
      vertex 6.85 7.47224 0
    endloop
  endfacet
  facet normal 0.659342 0.751844 -0
    outer loop
      vertex 4.96511 4.6513 0
      vertex 4.79792 4.79792 3
      vertex 4.96511 4.6513 3
    endloop
  endfacet
  facet normal 0.659342 0.751844 0
    outer loop
      vertex 4.79792 4.79792 3
      vertex 4.96511 4.6513 0
      vertex 4.79792 4.79792 0
    endloop
  endfacet
  facet normal 0.751844 0.659342 0
    outer loop
      vertex 4.79792 4.79792 3
      vertex 4.6513 4.96511 0
      vertex 4.6513 4.96511 3
    endloop
  endfacet
  facet normal 0.751844 0.659342 0
    outer loop
      vertex 4.6513 4.96511 0
      vertex 4.79792 4.79792 3
      vertex 4.79792 4.79792 0
    endloop
  endfacet
  facet normal 0.831469 0.555572 0
    outer loop
      vertex 4.6513 4.96511 3
      vertex 4.52776 5.15 0
      vertex 4.52776 5.15 3
    endloop
  endfacet
  facet normal 0.831469 0.555572 0
    outer loop
      vertex 4.52776 5.15 0
      vertex 4.6513 4.96511 3
      vertex 4.6513 4.96511 0
    endloop
  endfacet
  facet normal -0.831469 -0.555572 0
    outer loop
      vertex 7.47224 6.85 0
      vertex 7.3487 7.03489 8
      vertex 7.3487 7.03489 0
    endloop
  endfacet
  facet normal -0.831469 -0.555572 0
    outer loop
      vertex 7.3487 7.03489 8
      vertex 7.47224 6.85 0
      vertex 7.47224 6.85 8
    endloop
  endfacet
  facet normal -0.195122 0.980779 0
    outer loop
      vertex 6.43999 4.35793 0
      vertex 6.22189 4.31454 3
      vertex 6.43999 4.35793 3
    endloop
  endfacet
  facet normal -0.195122 0.980779 0
    outer loop
      vertex 6.22189 4.31454 3
      vertex 6.43999 4.35793 0
      vertex 6.22189 4.31454 0
    endloop
  endfacet
  facet normal -0.980777 0.19513 0
    outer loop
      vertex 7.64207 5.56001 0
      vertex 7.68546 5.7781 8
      vertex 7.68546 5.7781 0
    endloop
  endfacet
  facet normal -0.980777 0.19513 0
    outer loop
      vertex 7.68546 5.7781 8
      vertex 7.64207 5.56001 0
      vertex 7.64207 5.56001 8
    endloop
  endfacet
  facet normal 0.946942 0.321404 0
    outer loop
      vertex 4.4294 5.34944 3
      vertex 4.35793 5.56001 0
      vertex 4.35793 5.56001 3
    endloop
  endfacet
  facet normal 0.946942 0.321404 0
    outer loop
      vertex 4.35793 5.56001 0
      vertex 4.4294 5.34944 3
      vertex 4.4294 5.34944 0
    endloop
  endfacet
  facet normal -0.442314 0.89686 0
    outer loop
      vertex 6.85 4.52776 0
      vertex 6.65056 4.4294 3
      vertex 6.85 4.52776 3
    endloop
  endfacet
  facet normal -0.442314 0.89686 0
    outer loop
      vertex 6.65056 4.4294 3
      vertex 6.85 4.52776 0
      vertex 6.65056 4.4294 0
    endloop
  endfacet
  facet normal -0.0653877 -0.99786 0
    outer loop
      vertex 6 7.7 0
      vertex 6.22189 7.68546 8
      vertex 6 7.7 8
    endloop
  endfacet
  facet normal -0.0653877 -0.99786 -0
    outer loop
      vertex 6.22189 7.68546 8
      vertex 6 7.7 0
      vertex 6.22189 7.68546 0
    endloop
  endfacet
  facet normal 0.321444 -0.946929 0
    outer loop
      vertex 5.34944 7.57059 0
      vertex 5.56001 7.64207 8
      vertex 5.34944 7.57059 8
    endloop
  endfacet
  facet normal 0.321444 -0.946929 0
    outer loop
      vertex 5.56001 7.64207 8
      vertex 5.34944 7.57059 0
      vertex 5.56001 7.64207 0
    endloop
  endfacet
  facet normal 0.19513 -0.980777 0
    outer loop
      vertex 5.56001 7.64207 0
      vertex 5.7781 7.68546 8
      vertex 5.56001 7.64207 8
    endloop
  endfacet
  facet normal 0.19513 -0.980777 0
    outer loop
      vertex 5.7781 7.68546 8
      vertex 5.56001 7.64207 0
      vertex 5.7781 7.68546 0
    endloop
  endfacet
  facet normal -0.896878 -0.442278 0
    outer loop
      vertex 7.57059 6.65056 0
      vertex 7.47224 6.85 8
      vertex 7.47224 6.85 0
    endloop
  endfacet
  facet normal -0.896878 -0.442278 0
    outer loop
      vertex 7.47224 6.85 8
      vertex 7.57059 6.65056 0
      vertex 7.57059 6.65056 8
    endloop
  endfacet
  facet normal -0.99786 0.0653848 0
    outer loop
      vertex 7.68546 5.7781 0
      vertex 7.7 6 8
      vertex 7.7 6 0
    endloop
  endfacet
  facet normal -0.99786 0.0653848 0
    outer loop
      vertex 7.7 6 8
      vertex 7.68546 5.7781 0
      vertex 7.68546 5.7781 8
    endloop
  endfacet
  facet normal -0.0653877 0.99786 0
    outer loop
      vertex 6.22189 4.31454 0
      vertex 6 4.3 3
      vertex 6.22189 4.31454 3
    endloop
  endfacet
  facet normal -0.0653877 0.99786 0
    outer loop
      vertex 6 4.3 3
      vertex 6.22189 4.31454 0
      vertex 6 4.3 0
    endloop
  endfacet
  facet normal -0.751844 -0.659342 0
    outer loop
      vertex 7.3487 7.03489 0
      vertex 7.20208 7.20208 8
      vertex 7.20208 7.20208 0
    endloop
  endfacet
  facet normal -0.751844 -0.659342 0
    outer loop
      vertex 7.20208 7.20208 8
      vertex 7.3487 7.03489 0
      vertex 7.3487 7.03489 8
    endloop
  endfacet
  facet normal 0.99786 0.0653848 0
    outer loop
      vertex 4.31454 5.7781 3
      vertex 4.3 6 0
      vertex 4.3 6 3
    endloop
  endfacet
  facet normal 0.99786 0.0653848 0
    outer loop
      vertex 4.3 6 0
      vertex 4.31454 5.7781 3
      vertex 4.31454 5.7781 0
    endloop
  endfacet
  facet normal -0.751844 0.659342 0
    outer loop
      vertex 7.20208 4.79792 0
      vertex 7.3487 4.96511 8
      vertex 7.3487 4.96511 0
    endloop
  endfacet
  facet normal -0.751844 0.659342 0
    outer loop
      vertex 7.3487 4.96511 8
      vertex 7.20208 4.79792 0
      vertex 7.20208 4.79792 8
    endloop
  endfacet
  facet normal 0.751844 -0.659342 0
    outer loop
      vertex 4.6513 7.03489 8
      vertex 4.79792 7.20208 0
      vertex 4.79792 7.20208 8
    endloop
  endfacet
  facet normal 0.751844 -0.659342 0
    outer loop
      vertex 4.79792 7.20208 0
      vertex 4.6513 7.03489 8
      vertex 4.6513 7.03489 0
    endloop
  endfacet
  facet normal 0.83151 -0.55551 0
    outer loop
      vertex 4.64339 7.02305 3
      vertex 4.6513 7.03489 8
      vertex 4.64339 7.02305 8
    endloop
  endfacet
  facet normal 0.83151 -0.55551 0
    outer loop
      vertex 4.6513 7.03489 8
      vertex 4.64339 7.02305 3
      vertex 4.6513 7.03489 0
    endloop
  endfacet
  facet normal 0.831466 -0.555576 -3.74292e-07
    outer loop
      vertex 4.52776 6.85 3
      vertex 4.6513 7.03489 0
      vertex 4.64339 7.02305 3
    endloop
  endfacet
  facet normal 0.831469 -0.555572 0
    outer loop
      vertex 4.6513 7.03489 0
      vertex 4.52776 6.85 3
      vertex 4.52776 6.85 0
    endloop
  endfacet
  facet normal 0.0653848 -0.99786 0
    outer loop
      vertex 5.7781 7.68546 0
      vertex 6 7.7 8
      vertex 5.7781 7.68546 8
    endloop
  endfacet
  facet normal 0.0653848 -0.99786 0
    outer loop
      vertex 6 7.7 8
      vertex 5.7781 7.68546 0
      vertex 6 7.7 0
    endloop
  endfacet
  facet normal 0.980777 0.19513 0
    outer loop
      vertex 4.35793 5.56001 3
      vertex 4.31454 5.7781 0
      vertex 4.31454 5.7781 3
    endloop
  endfacet
  facet normal 0.980777 0.19513 0
    outer loop
      vertex 4.31454 5.7781 0
      vertex 4.35793 5.56001 3
      vertex 4.35793 5.56001 0
    endloop
  endfacet
  facet normal 0.321404 0.946942 -0
    outer loop
      vertex 5.56001 4.35793 0
      vertex 5.34944 4.4294 3
      vertex 5.56001 4.35793 3
    endloop
  endfacet
  facet normal 0.321404 0.946942 0
    outer loop
      vertex 5.34944 4.4294 3
      vertex 5.56001 4.35793 0
      vertex 5.34944 4.4294 0
    endloop
  endfacet
  facet normal -0.946929 -0.321444 0
    outer loop
      vertex 7.64207 6.43999 0
      vertex 7.57059 6.65056 8
      vertex 7.57059 6.65056 0
    endloop
  endfacet
  facet normal -0.946929 -0.321444 0
    outer loop
      vertex 7.57059 6.65056 8
      vertex 7.64207 6.43999 0
      vertex 7.64207 6.43999 8
    endloop
  endfacet
  facet normal 0.442314 0.89686 -0
    outer loop
      vertex 5.34944 4.4294 0
      vertex 5.15 4.52776 3
      vertex 5.34944 4.4294 3
    endloop
  endfacet
  facet normal 0.442314 0.89686 0
    outer loop
      vertex 5.15 4.52776 3
      vertex 5.34944 4.4294 0
      vertex 5.15 4.52776 0
    endloop
  endfacet
  facet normal 0.555572 0.831469 -0
    outer loop
      vertex 5.15 4.52776 0
      vertex 4.96511 4.6513 3
      vertex 5.15 4.52776 3
    endloop
  endfacet
  facet normal 0.555572 0.831469 0
    outer loop
      vertex 4.96511 4.6513 3
      vertex 5.15 4.52776 0
      vertex 4.96511 4.6513 0
    endloop
  endfacet
  facet normal 0.19513 0.980777 -0
    outer loop
      vertex 5.7781 4.31454 0
      vertex 5.56001 4.35793 3
      vertex 5.7781 4.31454 3
    endloop
  endfacet
  facet normal 0.19513 0.980777 0
    outer loop
      vertex 5.56001 4.35793 3
      vertex 5.7781 4.31454 0
      vertex 5.56001 4.35793 0
    endloop
  endfacet
  facet normal 0.89686 -0.442314 0
    outer loop
      vertex 4.4294 6.65056 3
      vertex 4.52776 6.85 0
      vertex 4.52776 6.85 3
    endloop
  endfacet
  facet normal 0.89686 -0.442314 0
    outer loop
      vertex 4.52776 6.85 0
      vertex 4.4294 6.65056 3
      vertex 4.4294 6.65056 0
    endloop
  endfacet
  facet normal 0.0653848 0.99786 -0
    outer loop
      vertex 6 4.3 0
      vertex 5.7781 4.31454 3
      vertex 6 4.3 3
    endloop
  endfacet
  facet normal 0.0653848 0.99786 0
    outer loop
      vertex 5.7781 4.31454 3
      vertex 6 4.3 0
      vertex 5.7781 4.31454 0
    endloop
  endfacet
  facet normal 0.89686 0.442314 0
    outer loop
      vertex 4.52776 5.15 3
      vertex 4.4294 5.34944 0
      vertex 4.4294 5.34944 3
    endloop
  endfacet
  facet normal 0.89686 0.442314 0
    outer loop
      vertex 4.4294 5.34944 0
      vertex 4.52776 5.15 3
      vertex 4.52776 5.15 0
    endloop
  endfacet
  facet normal 0.99786 -0.0653877 0
    outer loop
      vertex 4.3 6 3
      vertex 4.31454 6.22189 0
      vertex 4.31454 6.22189 3
    endloop
  endfacet
  facet normal 0.99786 -0.0653877 0
    outer loop
      vertex 4.31454 6.22189 0
      vertex 4.3 6 3
      vertex 4.3 6 0
    endloop
  endfacet
  facet normal 0.980779 -0.195122 0
    outer loop
      vertex 4.31454 6.22189 3
      vertex 4.35793 6.43999 0
      vertex 4.35793 6.43999 3
    endloop
  endfacet
  facet normal 0.980779 -0.195122 0
    outer loop
      vertex 4.35793 6.43999 0
      vertex 4.31454 6.22189 3
      vertex 4.31454 6.22189 0
    endloop
  endfacet
  facet normal 0.946942 -0.321404 0
    outer loop
      vertex 4.35793 6.43999 3
      vertex 4.4294 6.65056 0
      vertex 4.4294 6.65056 3
    endloop
  endfacet
  facet normal 0.946942 -0.321404 0
    outer loop
      vertex 4.4294 6.65056 0
      vertex 4.35793 6.43999 3
      vertex 4.35793 6.43999 0
    endloop
  endfacet
  facet normal -0.659342 0.751844 0
    outer loop
      vertex 7.20208 4.79792 0
      vertex 7.03489 4.6513 8
      vertex 7.20208 4.79792 8
    endloop
  endfacet
  facet normal -0.659342 0.751844 0
    outer loop
      vertex 7.03489 4.6513 8
      vertex 7.20208 4.79792 0
      vertex 7.03489 4.6513 0
    endloop
  endfacet
  facet normal -0.980779 -0.195122 0
    outer loop
      vertex 7.68546 56.2219 0
      vertex 7.64207 56.44 8
      vertex 7.64207 56.44 0
    endloop
  endfacet
  facet normal -0.980779 -0.195122 0
    outer loop
      vertex 7.64207 56.44 8
      vertex 7.68546 56.2219 0
      vertex 7.68546 56.2219 8
    endloop
  endfacet
  facet normal -0.99786 -0.0653848 0
    outer loop
      vertex 7.7 56 0
      vertex 7.68546 56.2219 8
      vertex 7.68546 56.2219 0
    endloop
  endfacet
  facet normal -0.99786 -0.0653848 0
    outer loop
      vertex 7.68546 56.2219 8
      vertex 7.7 56 0
      vertex 7.7 56 8
    endloop
  endfacet
  facet normal 0.442459 -0.896789 0
    outer loop
      vertex 5.15 57.4722 0
      vertex 5.34944 57.5706 3
      vertex 5.15 57.4722 3
    endloop
  endfacet
  facet normal 0.442459 -0.896789 0
    outer loop
      vertex 5.34944 57.5706 3
      vertex 5.15 57.4722 0
      vertex 5.34944 57.5706 0
    endloop
  endfacet
  facet normal -0.555476 -0.831532 -0
    outer loop
      vertex 6.85 57.4722 3
      vertex 6.85 57.4722 0
      vertex 7.02305 57.3566 3
    endloop
  endfacet
  facet normal -0.555024 -0.831834 0
    outer loop
      vertex 7.02305 57.3566 3
      vertex 7.03489 57.3487 8
      vertex 7.02305 57.3566 8
    endloop
  endfacet
  facet normal -0.555024 -0.831834 0
    outer loop
      vertex 7.02305 57.3566 3
      vertex 7.03489 57.3487 0
      vertex 7.03489 57.3487 8
    endloop
  endfacet
  facet normal -0.555447 -0.831552 -2.41219e-06
    outer loop
      vertex 7.03489 57.3487 0
      vertex 7.02305 57.3566 3
      vertex 6.85 57.4722 0
    endloop
  endfacet
  facet normal 0.659291 -0.751888 0
    outer loop
      vertex 4.79792 57.2021 0
      vertex 4.96511 57.3487 3
      vertex 4.79792 57.2021 3
    endloop
  endfacet
  facet normal 0.659291 -0.751888 0
    outer loop
      vertex 4.96511 57.3487 3
      vertex 4.79792 57.2021 0
      vertex 4.96511 57.3487 0
    endloop
  endfacet
  facet normal -0.321525 0.946901 0
    outer loop
      vertex 6.65056 54.4294 0
      vertex 6.43999 54.3579 8
      vertex 6.65056 54.4294 8
    endloop
  endfacet
  facet normal -0.321525 0.946901 0
    outer loop
      vertex 6.43999 54.3579 8
      vertex 6.65056 54.4294 0
      vertex 6.43999 54.3579 0
    endloop
  endfacet
  facet normal -0.946943 0.321403 0
    outer loop
      vertex 7.57059 55.3494 0
      vertex 7.64207 55.56 8
      vertex 7.64207 55.56 0
    endloop
  endfacet
  facet normal -0.946943 0.321403 0
    outer loop
      vertex 7.64207 55.56 8
      vertex 7.57059 55.3494 0
      vertex 7.57059 55.3494 8
    endloop
  endfacet
  facet normal -0.321525 -0.946901 0
    outer loop
      vertex 6.43999 57.6421 0
      vertex 6.65056 57.5706 3
      vertex 6.43999 57.6421 3
    endloop
  endfacet
  facet normal -0.321525 -0.946901 -0
    outer loop
      vertex 6.65056 57.5706 3
      vertex 6.43999 57.6421 0
      vertex 6.65056 57.5706 0
    endloop
  endfacet
  facet normal -0.195165 -0.98077 0
    outer loop
      vertex 6.22189 57.6855 0
      vertex 6.43999 57.6421 3
      vertex 6.22189 57.6855 3
    endloop
  endfacet
  facet normal -0.195165 -0.98077 -0
    outer loop
      vertex 6.43999 57.6421 3
      vertex 6.22189 57.6855 0
      vertex 6.43999 57.6421 0
    endloop
  endfacet
  facet normal 0.555447 -0.831552 0
    outer loop
      vertex 4.96511 57.3487 0
      vertex 5.15 57.4722 3
      vertex 4.96511 57.3487 3
    endloop
  endfacet
  facet normal 0.555447 -0.831552 0
    outer loop
      vertex 5.15 57.4722 3
      vertex 4.96511 57.3487 0
      vertex 5.15 57.4722 0
    endloop
  endfacet
  facet normal -0.896843 0.442349 0
    outer loop
      vertex 7.47224 55.15 0
      vertex 7.57059 55.3494 8
      vertex 7.57059 55.3494 0
    endloop
  endfacet
  facet normal -0.896843 0.442349 0
    outer loop
      vertex 7.57059 55.3494 8
      vertex 7.47224 55.15 0
      vertex 7.47224 55.15 8
    endloop
  endfacet
  facet normal -0.659291 -0.751888 0
    outer loop
      vertex 7.03489 57.3487 0
      vertex 7.20208 57.2021 8
      vertex 7.03489 57.3487 8
    endloop
  endfacet
  facet normal -0.659291 -0.751888 -0
    outer loop
      vertex 7.20208 57.2021 8
      vertex 7.03489 57.3487 0
      vertex 7.20208 57.2021 0
    endloop
  endfacet
  facet normal -0.555447 0.831552 0
    outer loop
      vertex 7.03489 54.6513 0
      vertex 6.85 54.5278 8
      vertex 7.03489 54.6513 8
    endloop
  endfacet
  facet normal -0.555447 0.831552 0
    outer loop
      vertex 6.85 54.5278 8
      vertex 7.03489 54.6513 0
      vertex 6.85 54.5278 0
    endloop
  endfacet
  facet normal -0.442459 -0.896789 0
    outer loop
      vertex 6.65056 57.5706 0
      vertex 6.85 57.4722 3
      vertex 6.65056 57.5706 3
    endloop
  endfacet
  facet normal -0.442459 -0.896789 -0
    outer loop
      vertex 6.85 57.4722 3
      vertex 6.65056 57.5706 0
      vertex 6.85 57.4722 0
    endloop
  endfacet
  facet normal 0.659291 0.751888 -0
    outer loop
      vertex 4.96511 54.6513 0
      vertex 4.79792 54.7979 8
      vertex 4.96511 54.6513 8
    endloop
  endfacet
  facet normal 0.659291 0.751888 0
    outer loop
      vertex 4.79792 54.7979 8
      vertex 4.96511 54.6513 0
      vertex 4.79792 54.7979 0
    endloop
  endfacet
  facet normal 0.751863 0.659319 0
    outer loop
      vertex 4.79792 54.7979 8
      vertex 4.6513 54.9651 0
      vertex 4.6513 54.9651 8
    endloop
  endfacet
  facet normal 0.751863 0.659319 0
    outer loop
      vertex 4.6513 54.9651 0
      vertex 4.79792 54.7979 8
      vertex 4.79792 54.7979 0
    endloop
  endfacet
  facet normal 0.83064 0.55681 0
    outer loop
      vertex 4.64339 54.9769 8
      vertex 4.6513 54.9651 8
      vertex 4.64339 54.9769 3
    endloop
  endfacet
  facet normal 0.83154 0.555465 0
    outer loop
      vertex 4.64339 54.9769 3
      vertex 4.52776 55.15 0
      vertex 4.52776 55.15 3
    endloop
  endfacet
  facet normal 0.831483 0.555551 7.1756e-06
    outer loop
      vertex 4.64339 54.9769 3
      vertex 4.6513 54.9651 0
      vertex 4.52776 55.15 0
    endloop
  endfacet
  facet normal 0.83064 0.55681 -0
    outer loop
      vertex 4.6513 54.9651 0
      vertex 4.64339 54.9769 3
      vertex 4.6513 54.9651 8
    endloop
  endfacet
  facet normal -0.831483 -0.555551 0
    outer loop
      vertex 7.47224 56.85 0
      vertex 7.3487 57.0349 8
      vertex 7.3487 57.0349 0
    endloop
  endfacet
  facet normal -0.831483 -0.555551 0
    outer loop
      vertex 7.3487 57.0349 8
      vertex 7.47224 56.85 0
      vertex 7.47224 56.85 8
    endloop
  endfacet
  facet normal -0.195165 0.98077 0
    outer loop
      vertex 6.43999 54.3579 0
      vertex 6.22189 54.3145 8
      vertex 6.43999 54.3579 8
    endloop
  endfacet
  facet normal -0.195165 0.98077 0
    outer loop
      vertex 6.22189 54.3145 8
      vertex 6.43999 54.3579 0
      vertex 6.22189 54.3145 0
    endloop
  endfacet
  facet normal -0.980779 0.195122 0
    outer loop
      vertex 7.64207 55.56 0
      vertex 7.68546 55.7781 8
      vertex 7.68546 55.7781 0
    endloop
  endfacet
  facet normal -0.980779 0.195122 0
    outer loop
      vertex 7.68546 55.7781 8
      vertex 7.64207 55.56 0
      vertex 7.64207 55.56 8
    endloop
  endfacet
  facet normal 0.946956 0.321363 0
    outer loop
      vertex 4.4294 55.3494 3
      vertex 4.35793 55.56 0
      vertex 4.35793 55.56 3
    endloop
  endfacet
  facet normal 0.946956 0.321363 0
    outer loop
      vertex 4.35793 55.56 0
      vertex 4.4294 55.3494 3
      vertex 4.4294 55.3494 0
    endloop
  endfacet
  facet normal -0.442459 0.896789 0
    outer loop
      vertex 6.85 54.5278 0
      vertex 6.65056 54.4294 8
      vertex 6.85 54.5278 8
    endloop
  endfacet
  facet normal -0.442459 0.896789 0
    outer loop
      vertex 6.65056 54.4294 8
      vertex 6.85 54.5278 0
      vertex 6.65056 54.4294 0
    endloop
  endfacet
  facet normal -0.0652086 -0.997872 0
    outer loop
      vertex 6 57.7 0
      vertex 6.22189 57.6855 3
      vertex 6 57.7 3
    endloop
  endfacet
  facet normal -0.0652086 -0.997872 -0
    outer loop
      vertex 6.22189 57.6855 3
      vertex 6 57.7 0
      vertex 6.22189 57.6855 0
    endloop
  endfacet
  facet normal 0.321525 -0.946901 0
    outer loop
      vertex 5.34944 57.5706 0
      vertex 5.56001 57.6421 3
      vertex 5.34944 57.5706 3
    endloop
  endfacet
  facet normal 0.321525 -0.946901 0
    outer loop
      vertex 5.56001 57.6421 3
      vertex 5.34944 57.5706 0
      vertex 5.56001 57.6421 0
    endloop
  endfacet
  facet normal 0.195173 -0.980769 0
    outer loop
      vertex 5.56001 57.6421 0
      vertex 5.7781 57.6855 3
      vertex 5.56001 57.6421 3
    endloop
  endfacet
  facet normal 0.195173 -0.980769 0
    outer loop
      vertex 5.7781 57.6855 3
      vertex 5.56001 57.6421 0
      vertex 5.7781 57.6855 0
    endloop
  endfacet
  facet normal -0.896843 -0.442349 0
    outer loop
      vertex 7.57059 56.6506 0
      vertex 7.47224 56.85 8
      vertex 7.47224 56.85 0
    endloop
  endfacet
  facet normal -0.896843 -0.442349 0
    outer loop
      vertex 7.47224 56.85 8
      vertex 7.57059 56.6506 0
      vertex 7.57059 56.6506 8
    endloop
  endfacet
  facet normal -0.99786 0.0653848 0
    outer loop
      vertex 7.68546 55.7781 0
      vertex 7.7 56 8
      vertex 7.7 56 0
    endloop
  endfacet
  facet normal -0.99786 0.0653848 0
    outer loop
      vertex 7.7 56 8
      vertex 7.68546 55.7781 0
      vertex 7.68546 55.7781 8
    endloop
  endfacet
  facet normal -0.0652086 0.997872 0
    outer loop
      vertex 6.22189 54.3145 0
      vertex 6 54.3 8
      vertex 6.22189 54.3145 8
    endloop
  endfacet
  facet normal -0.0652086 0.997872 0
    outer loop
      vertex 6 54.3 8
      vertex 6.22189 54.3145 0
      vertex 6 54.3 0
    endloop
  endfacet
  facet normal -0.751863 -0.659319 0
    outer loop
      vertex 7.3487 57.0349 0
      vertex 7.20208 57.2021 8
      vertex 7.20208 57.2021 0
    endloop
  endfacet
  facet normal -0.751863 -0.659319 0
    outer loop
      vertex 7.20208 57.2021 8
      vertex 7.3487 57.0349 0
      vertex 7.3487 57.0349 8
    endloop
  endfacet
  facet normal 0.99786 0.0653848 0
    outer loop
      vertex 4.31454 55.7781 3
      vertex 4.3 56 0
      vertex 4.3 56 3
    endloop
  endfacet
  facet normal 0.99786 0.0653848 0
    outer loop
      vertex 4.3 56 0
      vertex 4.31454 55.7781 3
      vertex 4.31454 55.7781 0
    endloop
  endfacet
  facet normal -0.751863 0.659319 0
    outer loop
      vertex 7.20208 54.7979 0
      vertex 7.3487 54.9651 8
      vertex 7.3487 54.9651 0
    endloop
  endfacet
  facet normal -0.751863 0.659319 0
    outer loop
      vertex 7.3487 54.9651 8
      vertex 7.20208 54.7979 0
      vertex 7.20208 54.7979 8
    endloop
  endfacet
  facet normal 0.751863 -0.659319 0
    outer loop
      vertex 4.6513 57.0349 3
      vertex 4.79792 57.2021 0
      vertex 4.79792 57.2021 3
    endloop
  endfacet
  facet normal 0.751863 -0.659319 0
    outer loop
      vertex 4.79792 57.2021 0
      vertex 4.6513 57.0349 3
      vertex 4.6513 57.0349 0
    endloop
  endfacet
  facet normal 0.831483 -0.555551 0
    outer loop
      vertex 4.52776 56.85 3
      vertex 4.6513 57.0349 0
      vertex 4.6513 57.0349 3
    endloop
  endfacet
  facet normal 0.831483 -0.555551 0
    outer loop
      vertex 4.6513 57.0349 0
      vertex 4.52776 56.85 3
      vertex 4.52776 56.85 0
    endloop
  endfacet
  facet normal 0.0652057 -0.997872 0
    outer loop
      vertex 5.7781 57.6855 0
      vertex 6 57.7 3
      vertex 5.7781 57.6855 3
    endloop
  endfacet
  facet normal 0.0652057 -0.997872 0
    outer loop
      vertex 6 57.7 3
      vertex 5.7781 57.6855 0
      vertex 6 57.7 0
    endloop
  endfacet
  facet normal 0.980779 0.195122 0
    outer loop
      vertex 4.35793 55.56 3
      vertex 4.31454 55.7781 0
      vertex 4.31454 55.7781 3
    endloop
  endfacet
  facet normal 0.980779 0.195122 0
    outer loop
      vertex 4.31454 55.7781 0
      vertex 4.35793 55.56 3
      vertex 4.35793 55.56 0
    endloop
  endfacet
  facet normal 0.321525 0.946901 -0
    outer loop
      vertex 5.56001 54.3579 0
      vertex 5.34944 54.4294 8
      vertex 5.56001 54.3579 8
    endloop
  endfacet
  facet normal 0.321525 0.946901 0
    outer loop
      vertex 5.34944 54.4294 8
      vertex 5.56001 54.3579 0
      vertex 5.34944 54.4294 0
    endloop
  endfacet
  facet normal -0.946943 -0.321403 0
    outer loop
      vertex 7.64207 56.44 0
      vertex 7.57059 56.6506 8
      vertex 7.57059 56.6506 0
    endloop
  endfacet
  facet normal -0.946943 -0.321403 0
    outer loop
      vertex 7.57059 56.6506 8
      vertex 7.64207 56.44 0
      vertex 7.64207 56.44 8
    endloop
  endfacet
  facet normal 0.442459 0.896789 -0
    outer loop
      vertex 5.34944 54.4294 0
      vertex 5.15 54.5278 8
      vertex 5.34944 54.4294 8
    endloop
  endfacet
  facet normal 0.442459 0.896789 0
    outer loop
      vertex 5.15 54.5278 8
      vertex 5.34944 54.4294 0
      vertex 5.15 54.5278 0
    endloop
  endfacet
  facet normal -0.831483 0.555551 0
    outer loop
      vertex 7.3487 54.9651 0
      vertex 7.47224 55.15 8
      vertex 7.47224 55.15 0
    endloop
  endfacet
  facet normal -0.831483 0.555551 0
    outer loop
      vertex 7.47224 55.15 8
      vertex 7.3487 54.9651 0
      vertex 7.3487 54.9651 8
    endloop
  endfacet
  facet normal 0.555447 0.831552 -0
    outer loop
      vertex 5.15 54.5278 0
      vertex 4.96511 54.6513 8
      vertex 5.15 54.5278 8
    endloop
  endfacet
  facet normal 0.555447 0.831552 0
    outer loop
      vertex 4.96511 54.6513 8
      vertex 5.15 54.5278 0
      vertex 4.96511 54.6513 0
    endloop
  endfacet
  facet normal 0.0652057 0.997872 -0
    outer loop
      vertex 6 54.3 0
      vertex 5.7781 54.3145 8
      vertex 6 54.3 8
    endloop
  endfacet
  facet normal 0.0652057 0.997872 0
    outer loop
      vertex 5.7781 54.3145 8
      vertex 6 54.3 0
      vertex 5.7781 54.3145 0
    endloop
  endfacet
  facet normal 0.195173 0.980769 -0
    outer loop
      vertex 5.7781 54.3145 0
      vertex 5.56001 54.3579 8
      vertex 5.7781 54.3145 8
    endloop
  endfacet
  facet normal 0.195173 0.980769 0
    outer loop
      vertex 5.56001 54.3579 8
      vertex 5.7781 54.3145 0
      vertex 5.56001 54.3579 0
    endloop
  endfacet
  facet normal 0.896825 -0.442386 0
    outer loop
      vertex 4.4294 56.6506 3
      vertex 4.52776 56.85 0
      vertex 4.52776 56.85 3
    endloop
  endfacet
  facet normal 0.896825 -0.442386 0
    outer loop
      vertex 4.52776 56.85 0
      vertex 4.4294 56.6506 3
      vertex 4.4294 56.6506 0
    endloop
  endfacet
  facet normal 0.896825 0.442386 0
    outer loop
      vertex 4.52776 55.15 3
      vertex 4.4294 55.3494 0
      vertex 4.4294 55.3494 3
    endloop
  endfacet
  facet normal 0.896825 0.442386 0
    outer loop
      vertex 4.4294 55.3494 0
      vertex 4.52776 55.15 3
      vertex 4.52776 55.15 0
    endloop
  endfacet
  facet normal 0.99786 -0.0653848 0
    outer loop
      vertex 4.3 56 3
      vertex 4.31454 56.2219 0
      vertex 4.31454 56.2219 3
    endloop
  endfacet
  facet normal 0.99786 -0.0653848 0
    outer loop
      vertex 4.31454 56.2219 0
      vertex 4.3 56 3
      vertex 4.3 56 0
    endloop
  endfacet
  facet normal 0.980779 -0.195122 0
    outer loop
      vertex 4.31454 56.2219 3
      vertex 4.35793 56.44 0
      vertex 4.35793 56.44 3
    endloop
  endfacet
  facet normal 0.980779 -0.195122 0
    outer loop
      vertex 4.35793 56.44 0
      vertex 4.31454 56.2219 3
      vertex 4.31454 56.2219 0
    endloop
  endfacet
  facet normal 0.946956 -0.321363 0
    outer loop
      vertex 4.35793 56.44 3
      vertex 4.4294 56.6506 0
      vertex 4.4294 56.6506 3
    endloop
  endfacet
  facet normal 0.946956 -0.321363 0
    outer loop
      vertex 4.4294 56.6506 0
      vertex 4.35793 56.44 3
      vertex 4.35793 56.44 0
    endloop
  endfacet
  facet normal -0.659291 0.751888 0
    outer loop
      vertex 7.20208 54.7979 0
      vertex 7.03489 54.6513 8
      vertex 7.20208 54.7979 8
    endloop
  endfacet
  facet normal -0.659291 0.751888 0
    outer loop
      vertex 7.03489 54.6513 8
      vertex 7.20208 54.7979 0
      vertex 7.03489 54.6513 0
    endloop
  endfacet
  facet normal -0.98077 -0.195165 0
    outer loop
      vertex 93.6855 6.22189 0
      vertex 93.6421 6.43999 3
      vertex 93.6421 6.43999 0
    endloop
  endfacet
  facet normal -0.98077 -0.195165 0
    outer loop
      vertex 93.6421 6.43999 3
      vertex 93.6855 6.22189 0
      vertex 93.6855 6.22189 3
    endloop
  endfacet
  facet normal -0.997872 -0.0652086 0
    outer loop
      vertex 93.7 6 0
      vertex 93.6855 6.22189 3
      vertex 93.6855 6.22189 0
    endloop
  endfacet
  facet normal -0.997872 -0.0652086 0
    outer loop
      vertex 93.6855 6.22189 3
      vertex 93.7 6 0
      vertex 93.7 6 3
    endloop
  endfacet
  facet normal 0.442349 -0.896843 0
    outer loop
      vertex 91.15 7.47224 0
      vertex 91.3494 7.57059 8
      vertex 91.15 7.47224 8
    endloop
  endfacet
  facet normal 0.442349 -0.896843 0
    outer loop
      vertex 91.3494 7.57059 8
      vertex 91.15 7.47224 0
      vertex 91.3494 7.57059 0
    endloop
  endfacet
  facet normal -0.555551 -0.831483 0
    outer loop
      vertex 92.85 7.47224 0
      vertex 93.0349 7.3487 8
      vertex 92.85 7.47224 8
    endloop
  endfacet
  facet normal -0.555551 -0.831483 -0
    outer loop
      vertex 93.0349 7.3487 8
      vertex 92.85 7.47224 0
      vertex 93.0349 7.3487 0
    endloop
  endfacet
  facet normal 0.659319 -0.751863 0
    outer loop
      vertex 90.7979 7.20208 0
      vertex 90.9651 7.3487 8
      vertex 90.7979 7.20208 8
    endloop
  endfacet
  facet normal 0.659319 -0.751863 0
    outer loop
      vertex 90.9651 7.3487 8
      vertex 90.7979 7.20208 0
      vertex 90.9651 7.3487 0
    endloop
  endfacet
  facet normal -0.321363 0.946956 0
    outer loop
      vertex 92.6506 4.4294 0
      vertex 92.44 4.35793 3
      vertex 92.6506 4.4294 3
    endloop
  endfacet
  facet normal -0.321363 0.946956 0
    outer loop
      vertex 92.44 4.35793 3
      vertex 92.6506 4.4294 0
      vertex 92.44 4.35793 0
    endloop
  endfacet
  facet normal -0.831552 0.555447 0
    outer loop
      vertex 93.3487 4.96511 0
      vertex 93.4722 5.15 3
      vertex 93.4722 5.15 0
    endloop
  endfacet
  facet normal -0.831552 0.555447 0
    outer loop
      vertex 93.4722 5.15 3
      vertex 93.3487 4.96511 0
      vertex 93.3487 4.96511 3
    endloop
  endfacet
  facet normal -0.946901 0.321525 0
    outer loop
      vertex 93.5706 5.34944 0
      vertex 93.6421 5.56001 3
      vertex 93.6421 5.56001 0
    endloop
  endfacet
  facet normal -0.946901 0.321525 0
    outer loop
      vertex 93.6421 5.56001 3
      vertex 93.5706 5.34944 0
      vertex 93.5706 5.34944 3
    endloop
  endfacet
  facet normal -0.321403 -0.946943 0
    outer loop
      vertex 92.44 7.64207 0
      vertex 92.6506 7.57059 8
      vertex 92.44 7.64207 8
    endloop
  endfacet
  facet normal -0.321403 -0.946943 -0
    outer loop
      vertex 92.6506 7.57059 8
      vertex 92.44 7.64207 0
      vertex 92.6506 7.57059 0
    endloop
  endfacet
  facet normal -0.195122 -0.980779 0
    outer loop
      vertex 92.2219 7.68546 0
      vertex 92.44 7.64207 8
      vertex 92.2219 7.68546 8
    endloop
  endfacet
  facet normal -0.195122 -0.980779 -0
    outer loop
      vertex 92.44 7.64207 8
      vertex 92.2219 7.68546 0
      vertex 92.44 7.64207 0
    endloop
  endfacet
  facet normal 0.555551 -0.831483 0
    outer loop
      vertex 90.9651 7.3487 0
      vertex 91.15 7.47224 8
      vertex 90.9651 7.3487 8
    endloop
  endfacet
  facet normal 0.555551 -0.831483 0
    outer loop
      vertex 91.15 7.47224 8
      vertex 90.9651 7.3487 0
      vertex 91.15 7.47224 0
    endloop
  endfacet
  facet normal -0.896789 0.442459 0
    outer loop
      vertex 93.4722 5.15 0
      vertex 93.5706 5.34944 3
      vertex 93.5706 5.34944 0
    endloop
  endfacet
  facet normal -0.896789 0.442459 0
    outer loop
      vertex 93.5706 5.34944 3
      vertex 93.4722 5.15 0
      vertex 93.4722 5.15 3
    endloop
  endfacet
  facet normal -0.659319 -0.751863 0
    outer loop
      vertex 93.0349 7.3487 0
      vertex 93.2021 7.20208 8
      vertex 93.0349 7.3487 8
    endloop
  endfacet
  facet normal -0.659319 -0.751863 -0
    outer loop
      vertex 93.2021 7.20208 8
      vertex 93.0349 7.3487 0
      vertex 93.2021 7.20208 0
    endloop
  endfacet
  facet normal -0.555551 0.831483 0
    outer loop
      vertex 93.0349 4.6513 0
      vertex 92.85 4.52776 3
      vertex 93.0349 4.6513 3
    endloop
  endfacet
  facet normal -0.555551 0.831483 0
    outer loop
      vertex 92.85 4.52776 3
      vertex 93.0349 4.6513 0
      vertex 92.85 4.52776 0
    endloop
  endfacet
  facet normal -0.442349 -0.896843 0
    outer loop
      vertex 92.6506 7.57059 0
      vertex 92.85 7.47224 8
      vertex 92.6506 7.57059 8
    endloop
  endfacet
  facet normal -0.442349 -0.896843 -0
    outer loop
      vertex 92.85 7.47224 8
      vertex 92.6506 7.57059 0
      vertex 92.85 7.47224 0
    endloop
  endfacet
  facet normal 0.659319 0.751863 -0
    outer loop
      vertex 90.9651 4.6513 0
      vertex 90.7979 4.79792 8
      vertex 90.9651 4.6513 8
    endloop
  endfacet
  facet normal 0.659319 0.751863 0
    outer loop
      vertex 90.7979 4.79792 8
      vertex 90.9651 4.6513 0
      vertex 90.7979 4.79792 0
    endloop
  endfacet
  facet normal 0.751888 0.659291 0
    outer loop
      vertex 90.7979 4.79792 8
      vertex 90.6513 4.96511 0
      vertex 90.6513 4.96511 8
    endloop
  endfacet
  facet normal 0.751888 0.659291 0
    outer loop
      vertex 90.6513 4.96511 0
      vertex 90.7979 4.79792 8
      vertex 90.7979 4.79792 0
    endloop
  endfacet
  facet normal 0.831552 0.555447 0
    outer loop
      vertex 90.6513 4.96511 8
      vertex 90.5278 5.15 0
      vertex 90.5278 5.15 8
    endloop
  endfacet
  facet normal 0.831552 0.555447 0
    outer loop
      vertex 90.5278 5.15 0
      vertex 90.6513 4.96511 8
      vertex 90.6513 4.96511 0
    endloop
  endfacet
  facet normal -0.831834 -0.555024 0
    outer loop
      vertex 93.3487 7.03489 0
      vertex 93.3566 7.02305 3
      vertex 93.3487 7.03489 8
    endloop
  endfacet
  facet normal -0.831552 -0.555447 -2.41219e-06
    outer loop
      vertex 93.4722 6.85 0
      vertex 93.3566 7.02305 3
      vertex 93.3487 7.03489 0
    endloop
  endfacet
  facet normal -0.831532 -0.555476 0
    outer loop
      vertex 93.3566 7.02305 3
      vertex 93.4722 6.85 0
      vertex 93.4722 6.85 3
    endloop
  endfacet
  facet normal -0.831834 -0.555024 0
    outer loop
      vertex 93.3487 7.03489 8
      vertex 93.3566 7.02305 3
      vertex 93.3566 7.02305 8
    endloop
  endfacet
  facet normal -0.195122 0.980779 0
    outer loop
      vertex 92.44 4.35793 0
      vertex 92.2219 4.31454 3
      vertex 92.44 4.35793 3
    endloop
  endfacet
  facet normal -0.195122 0.980779 0
    outer loop
      vertex 92.2219 4.31454 3
      vertex 92.44 4.35793 0
      vertex 92.2219 4.31454 0
    endloop
  endfacet
  facet normal -0.980769 0.195173 0
    outer loop
      vertex 93.6421 5.56001 0
      vertex 93.6855 5.7781 3
      vertex 93.6855 5.7781 0
    endloop
  endfacet
  facet normal -0.980769 0.195173 0
    outer loop
      vertex 93.6855 5.7781 3
      vertex 93.6421 5.56001 0
      vertex 93.6421 5.56001 3
    endloop
  endfacet
  facet normal 0.946901 0.321525 0
    outer loop
      vertex 90.4294 5.34944 8
      vertex 90.3579 5.56001 0
      vertex 90.3579 5.56001 8
    endloop
  endfacet
  facet normal 0.946901 0.321525 0
    outer loop
      vertex 90.3579 5.56001 0
      vertex 90.4294 5.34944 8
      vertex 90.4294 5.34944 0
    endloop
  endfacet
  facet normal -0.442386 0.896825 0
    outer loop
      vertex 92.85 4.52776 0
      vertex 92.6506 4.4294 3
      vertex 92.85 4.52776 3
    endloop
  endfacet
  facet normal -0.442386 0.896825 0
    outer loop
      vertex 92.6506 4.4294 3
      vertex 92.85 4.52776 0
      vertex 92.6506 4.4294 0
    endloop
  endfacet
  facet normal -0.0653848 -0.99786 0
    outer loop
      vertex 92 7.7 0
      vertex 92.2219 7.68546 8
      vertex 92 7.7 8
    endloop
  endfacet
  facet normal -0.0653848 -0.99786 -0
    outer loop
      vertex 92.2219 7.68546 8
      vertex 92 7.7 0
      vertex 92.2219 7.68546 0
    endloop
  endfacet
  facet normal 0.321403 -0.946943 0
    outer loop
      vertex 91.3494 7.57059 0
      vertex 91.56 7.64207 8
      vertex 91.3494 7.57059 8
    endloop
  endfacet
  facet normal 0.321403 -0.946943 0
    outer loop
      vertex 91.56 7.64207 8
      vertex 91.3494 7.57059 0
      vertex 91.56 7.64207 0
    endloop
  endfacet
  facet normal 0.195122 -0.980779 0
    outer loop
      vertex 91.56 7.64207 0
      vertex 91.7781 7.68546 8
      vertex 91.56 7.64207 8
    endloop
  endfacet
  facet normal 0.195122 -0.980779 0
    outer loop
      vertex 91.7781 7.68546 8
      vertex 91.56 7.64207 0
      vertex 91.7781 7.68546 0
    endloop
  endfacet
  facet normal -0.896789 -0.442459 0
    outer loop
      vertex 93.5706 6.65056 0
      vertex 93.4722 6.85 3
      vertex 93.4722 6.85 0
    endloop
  endfacet
  facet normal -0.896789 -0.442459 0
    outer loop
      vertex 93.4722 6.85 3
      vertex 93.5706 6.65056 0
      vertex 93.5706 6.65056 3
    endloop
  endfacet
  facet normal -0.997872 0.0652057 0
    outer loop
      vertex 93.6855 5.7781 0
      vertex 93.7 6 3
      vertex 93.7 6 0
    endloop
  endfacet
  facet normal -0.997872 0.0652057 0
    outer loop
      vertex 93.7 6 3
      vertex 93.6855 5.7781 0
      vertex 93.6855 5.7781 3
    endloop
  endfacet
  facet normal -0.0653848 0.99786 0
    outer loop
      vertex 92.2219 4.31454 0
      vertex 92 4.3 3
      vertex 92.2219 4.31454 3
    endloop
  endfacet
  facet normal -0.0653848 0.99786 0
    outer loop
      vertex 92 4.3 3
      vertex 92.2219 4.31454 0
      vertex 92 4.3 0
    endloop
  endfacet
  facet normal -0.751888 -0.659291 0
    outer loop
      vertex 93.3487 7.03489 0
      vertex 93.2021 7.20208 8
      vertex 93.2021 7.20208 0
    endloop
  endfacet
  facet normal -0.751888 -0.659291 0
    outer loop
      vertex 93.2021 7.20208 8
      vertex 93.3487 7.03489 0
      vertex 93.3487 7.03489 8
    endloop
  endfacet
  facet normal 0.997872 0.0652057 0
    outer loop
      vertex 90.3145 5.7781 8
      vertex 90.3 6 0
      vertex 90.3 6 8
    endloop
  endfacet
  facet normal 0.997872 0.0652057 0
    outer loop
      vertex 90.3 6 0
      vertex 90.3145 5.7781 8
      vertex 90.3145 5.7781 0
    endloop
  endfacet
  facet normal -0.751888 0.659291 0
    outer loop
      vertex 93.2021 4.79792 0
      vertex 93.3487 4.96511 3
      vertex 93.3487 4.96511 0
    endloop
  endfacet
  facet normal -0.751888 0.659291 0
    outer loop
      vertex 93.3487 4.96511 3
      vertex 93.2021 4.79792 0
      vertex 93.2021 4.79792 3
    endloop
  endfacet
  facet normal 0.751888 -0.659291 0
    outer loop
      vertex 90.6513 7.03489 8
      vertex 90.7979 7.20208 0
      vertex 90.7979 7.20208 8
    endloop
  endfacet
  facet normal 0.751888 -0.659291 0
    outer loop
      vertex 90.7979 7.20208 0
      vertex 90.6513 7.03489 8
      vertex 90.6513 7.03489 0
    endloop
  endfacet
  facet normal 0.831552 -0.555447 0
    outer loop
      vertex 90.5278 6.85 8
      vertex 90.6513 7.03489 0
      vertex 90.6513 7.03489 8
    endloop
  endfacet
  facet normal 0.831552 -0.555447 0
    outer loop
      vertex 90.6513 7.03489 0
      vertex 90.5278 6.85 8
      vertex 90.5278 6.85 0
    endloop
  endfacet
  facet normal 0.0653848 -0.99786 0
    outer loop
      vertex 91.7781 7.68546 0
      vertex 92 7.7 8
      vertex 91.7781 7.68546 8
    endloop
  endfacet
  facet normal 0.0653848 -0.99786 0
    outer loop
      vertex 92 7.7 8
      vertex 91.7781 7.68546 0
      vertex 92 7.7 0
    endloop
  endfacet
  facet normal 0.980769 0.195173 0
    outer loop
      vertex 90.3579 5.56001 8
      vertex 90.3145 5.7781 0
      vertex 90.3145 5.7781 8
    endloop
  endfacet
  facet normal 0.980769 0.195173 0
    outer loop
      vertex 90.3145 5.7781 0
      vertex 90.3579 5.56001 8
      vertex 90.3579 5.56001 0
    endloop
  endfacet
  facet normal 0.321363 0.946956 -0
    outer loop
      vertex 91.56 4.35793 0
      vertex 91.3494 4.4294 3
      vertex 91.56 4.35793 3
    endloop
  endfacet
  facet normal 0.321363 0.946956 0
    outer loop
      vertex 91.3494 4.4294 3
      vertex 91.56 4.35793 0
      vertex 91.3494 4.4294 0
    endloop
  endfacet
  facet normal -0.946901 -0.321525 0
    outer loop
      vertex 93.6421 6.43999 0
      vertex 93.5706 6.65056 3
      vertex 93.5706 6.65056 0
    endloop
  endfacet
  facet normal -0.946901 -0.321525 0
    outer loop
      vertex 93.5706 6.65056 3
      vertex 93.6421 6.43999 0
      vertex 93.6421 6.43999 3
    endloop
  endfacet
  facet normal 0.442386 0.896825 -0
    outer loop
      vertex 91.3494 4.4294 0
      vertex 91.15 4.52776 3
      vertex 91.3494 4.4294 3
    endloop
  endfacet
  facet normal 0.442386 0.896825 0
    outer loop
      vertex 91.15 4.52776 3
      vertex 91.3494 4.4294 0
      vertex 91.15 4.52776 0
    endloop
  endfacet
  facet normal 0.555465 0.83154 0
    outer loop
      vertex 91.15 4.52776 3
      vertex 91.15 4.52776 0
      vertex 90.9769 4.64339 3
    endloop
  endfacet
  facet normal 0.55681 0.83064 -0
    outer loop
      vertex 90.9769 4.64339 3
      vertex 90.9651 4.6513 8
      vertex 90.9769 4.64339 8
    endloop
  endfacet
  facet normal 0.55681 0.83064 0
    outer loop
      vertex 90.9769 4.64339 3
      vertex 90.9651 4.6513 0
      vertex 90.9651 4.6513 8
    endloop
  endfacet
  facet normal 0.555551 0.831483 7.1756e-06
    outer loop
      vertex 90.9651 4.6513 0
      vertex 90.9769 4.64339 3
      vertex 91.15 4.52776 0
    endloop
  endfacet
  facet normal 0.0653848 0.99786 -0
    outer loop
      vertex 92 4.3 0
      vertex 91.7781 4.31454 3
      vertex 92 4.3 3
    endloop
  endfacet
  facet normal 0.0653848 0.99786 0
    outer loop
      vertex 91.7781 4.31454 3
      vertex 92 4.3 0
      vertex 91.7781 4.31454 0
    endloop
  endfacet
  facet normal 0.195122 0.980779 -0
    outer loop
      vertex 91.7781 4.31454 0
      vertex 91.56 4.35793 3
      vertex 91.7781 4.31454 3
    endloop
  endfacet
  facet normal 0.195122 0.980779 0
    outer loop
      vertex 91.56 4.35793 3
      vertex 91.7781 4.31454 0
      vertex 91.56 4.35793 0
    endloop
  endfacet
  facet normal 0.896789 -0.442459 0
    outer loop
      vertex 90.4294 6.65056 8
      vertex 90.5278 6.85 0
      vertex 90.5278 6.85 8
    endloop
  endfacet
  facet normal 0.896789 -0.442459 0
    outer loop
      vertex 90.5278 6.85 0
      vertex 90.4294 6.65056 8
      vertex 90.4294 6.65056 0
    endloop
  endfacet
  facet normal 0.896789 0.442459 0
    outer loop
      vertex 90.5278 5.15 8
      vertex 90.4294 5.34944 0
      vertex 90.4294 5.34944 8
    endloop
  endfacet
  facet normal 0.896789 0.442459 0
    outer loop
      vertex 90.4294 5.34944 0
      vertex 90.5278 5.15 8
      vertex 90.5278 5.15 0
    endloop
  endfacet
  facet normal 0.997872 -0.0652086 0
    outer loop
      vertex 90.3 6 8
      vertex 90.3145 6.22189 0
      vertex 90.3145 6.22189 8
    endloop
  endfacet
  facet normal 0.997872 -0.0652086 0
    outer loop
      vertex 90.3145 6.22189 0
      vertex 90.3 6 8
      vertex 90.3 6 0
    endloop
  endfacet
  facet normal 0.98077 -0.195165 0
    outer loop
      vertex 90.3145 6.22189 8
      vertex 90.3579 6.43999 0
      vertex 90.3579 6.43999 8
    endloop
  endfacet
  facet normal 0.98077 -0.195165 0
    outer loop
      vertex 90.3579 6.43999 0
      vertex 90.3145 6.22189 8
      vertex 90.3145 6.22189 0
    endloop
  endfacet
  facet normal 0.946901 -0.321525 0
    outer loop
      vertex 90.3579 6.43999 8
      vertex 90.4294 6.65056 0
      vertex 90.4294 6.65056 8
    endloop
  endfacet
  facet normal 0.946901 -0.321525 0
    outer loop
      vertex 90.4294 6.65056 0
      vertex 90.3579 6.43999 8
      vertex 90.3579 6.43999 0
    endloop
  endfacet
  facet normal -0.659319 0.751863 0
    outer loop
      vertex 93.2021 4.79792 0
      vertex 93.0349 4.6513 3
      vertex 93.2021 4.79792 3
    endloop
  endfacet
  facet normal -0.659319 0.751863 0
    outer loop
      vertex 93.0349 4.6513 3
      vertex 93.2021 4.79792 0
      vertex 93.0349 4.6513 0
    endloop
  endfacet
  facet normal -0.98077 -0.195165 0
    outer loop
      vertex 93.6855 56.2219 0
      vertex 93.6421 56.44 3
      vertex 93.6421 56.44 0
    endloop
  endfacet
  facet normal -0.98077 -0.195165 0
    outer loop
      vertex 93.6421 56.44 3
      vertex 93.6855 56.2219 0
      vertex 93.6855 56.2219 3
    endloop
  endfacet
  facet normal -0.997872 -0.0652057 0
    outer loop
      vertex 93.7 56 0
      vertex 93.6855 56.2219 3
      vertex 93.6855 56.2219 0
    endloop
  endfacet
  facet normal -0.997872 -0.0652057 0
    outer loop
      vertex 93.6855 56.2219 3
      vertex 93.7 56 0
      vertex 93.7 56 3
    endloop
  endfacet
  facet normal 0.44253 -0.896754 0
    outer loop
      vertex 91.15 57.4722 0
      vertex 91.3494 57.5706 3
      vertex 91.15 57.4722 3
    endloop
  endfacet
  facet normal 0.44253 -0.896754 0
    outer loop
      vertex 91.3494 57.5706 3
      vertex 91.15 57.4722 0
      vertex 91.3494 57.5706 0
    endloop
  endfacet
  facet normal -0.555426 -0.831566 0
    outer loop
      vertex 92.85 57.4722 0
      vertex 93.0349 57.3487 3
      vertex 92.85 57.4722 3
    endloop
  endfacet
  facet normal -0.555426 -0.831566 -0
    outer loop
      vertex 93.0349 57.3487 3
      vertex 92.85 57.4722 0
      vertex 93.0349 57.3487 0
    endloop
  endfacet
  facet normal 0.659268 -0.751908 0
    outer loop
      vertex 90.7979 57.2021 0
      vertex 90.9651 57.3487 8
      vertex 90.7979 57.2021 8
    endloop
  endfacet
  facet normal 0.659268 -0.751908 0
    outer loop
      vertex 90.9651 57.3487 8
      vertex 90.7979 57.2021 0
      vertex 90.9651 57.3487 0
    endloop
  endfacet
  facet normal -0.321484 0.946915 0
    outer loop
      vertex 92.6506 54.4294 0
      vertex 92.44 54.3579 8
      vertex 92.6506 54.4294 8
    endloop
  endfacet
  facet normal -0.321484 0.946915 0
    outer loop
      vertex 92.44 54.3579 8
      vertex 92.6506 54.4294 0
      vertex 92.44 54.3579 0
    endloop
  endfacet
  facet normal -0.831607 0.555365 0
    outer loop
      vertex 93.4722 55.15 0
      vertex 93.3566 54.9769 3
      vertex 93.4722 55.15 3
    endloop
  endfacet
  facet normal -0.831566 0.555426 5.11202e-06
    outer loop
      vertex 93.3487 54.9651 0
      vertex 93.3566 54.9769 3
      vertex 93.4722 55.15 0
    endloop
  endfacet
  facet normal -0.830965 0.556324 0
    outer loop
      vertex 93.3487 54.9651 8
      vertex 93.3566 54.9769 3
      vertex 93.3487 54.9651 0
    endloop
  endfacet
  facet normal -0.830965 0.556324 0
    outer loop
      vertex 93.3566 54.9769 3
      vertex 93.3487 54.9651 8
      vertex 93.3566 54.9769 8
    endloop
  endfacet
  facet normal -0.946915 0.321484 0
    outer loop
      vertex 93.5706 55.3494 0
      vertex 93.6421 55.56 3
      vertex 93.6421 55.56 0
    endloop
  endfacet
  facet normal -0.946915 0.321484 0
    outer loop
      vertex 93.6421 55.56 3
      vertex 93.5706 55.3494 0
      vertex 93.5706 55.3494 3
    endloop
  endfacet
  facet normal -0.321484 -0.946915 0
    outer loop
      vertex 92.44 57.6421 0
      vertex 92.6506 57.5706 3
      vertex 92.44 57.6421 3
    endloop
  endfacet
  facet normal -0.321484 -0.946915 -0
    outer loop
      vertex 92.6506 57.5706 3
      vertex 92.44 57.6421 0
      vertex 92.6506 57.5706 0
    endloop
  endfacet
  facet normal -0.195165 -0.98077 0
    outer loop
      vertex 92.2219 57.6855 0
      vertex 92.44 57.6421 3
      vertex 92.2219 57.6855 3
    endloop
  endfacet
  facet normal -0.195165 -0.98077 -0
    outer loop
      vertex 92.44 57.6421 3
      vertex 92.2219 57.6855 0
      vertex 92.44 57.6421 0
    endloop
  endfacet
  facet normal 0.556324 -0.830965 0
    outer loop
      vertex 90.9651 57.3487 8
      vertex 90.9769 57.3566 3
      vertex 90.9769 57.3566 8
    endloop
  endfacet
  facet normal 0.556324 -0.830965 0
    outer loop
      vertex 90.9651 57.3487 0
      vertex 90.9769 57.3566 3
      vertex 90.9651 57.3487 8
    endloop
  endfacet
  facet normal 0.555365 -0.831607 5.46077e-06
    outer loop
      vertex 90.9651 57.3487 0
      vertex 91.15 57.4722 3
      vertex 90.9769 57.3566 3
    endloop
  endfacet
  facet normal 0.555426 -0.831566 0
    outer loop
      vertex 91.15 57.4722 3
      vertex 90.9651 57.3487 0
      vertex 91.15 57.4722 0
    endloop
  endfacet
  facet normal -0.896754 0.44253 0
    outer loop
      vertex 93.4722 55.15 0
      vertex 93.5706 55.3494 3
      vertex 93.5706 55.3494 0
    endloop
  endfacet
  facet normal -0.896754 0.44253 0
    outer loop
      vertex 93.5706 55.3494 3
      vertex 93.4722 55.15 0
      vertex 93.4722 55.15 3
    endloop
  endfacet
  facet normal -0.659268 -0.751908 0
    outer loop
      vertex 93.0349 57.3487 0
      vertex 93.2021 57.2021 3
      vertex 93.0349 57.3487 3
    endloop
  endfacet
  facet normal -0.659268 -0.751908 -0
    outer loop
      vertex 93.2021 57.2021 3
      vertex 93.0349 57.3487 0
      vertex 93.2021 57.2021 0
    endloop
  endfacet
  facet normal -0.555426 0.831566 0
    outer loop
      vertex 93.0349 54.6513 0
      vertex 92.85 54.5278 8
      vertex 93.0349 54.6513 8
    endloop
  endfacet
  facet normal -0.555426 0.831566 0
    outer loop
      vertex 92.85 54.5278 8
      vertex 93.0349 54.6513 0
      vertex 92.85 54.5278 0
    endloop
  endfacet
  facet normal -0.44253 -0.896754 0
    outer loop
      vertex 92.6506 57.5706 0
      vertex 92.85 57.4722 3
      vertex 92.6506 57.5706 3
    endloop
  endfacet
  facet normal -0.44253 -0.896754 -0
    outer loop
      vertex 92.85 57.4722 3
      vertex 92.6506 57.5706 0
      vertex 92.85 57.4722 0
    endloop
  endfacet
  facet normal 0.659268 0.751908 -0
    outer loop
      vertex 90.9651 54.6513 0
      vertex 90.7979 54.7979 8
      vertex 90.9651 54.6513 8
    endloop
  endfacet
  facet normal 0.659268 0.751908 0
    outer loop
      vertex 90.7979 54.7979 8
      vertex 90.9651 54.6513 0
      vertex 90.7979 54.7979 0
    endloop
  endfacet
  facet normal 0.751908 0.659268 0
    outer loop
      vertex 90.7979 54.7979 8
      vertex 90.6513 54.9651 0
      vertex 90.6513 54.9651 8
    endloop
  endfacet
  facet normal 0.751908 0.659268 0
    outer loop
      vertex 90.6513 54.9651 0
      vertex 90.7979 54.7979 8
      vertex 90.7979 54.7979 0
    endloop
  endfacet
  facet normal 0.831566 0.555426 0
    outer loop
      vertex 90.6513 54.9651 8
      vertex 90.5278 55.15 0
      vertex 90.5278 55.15 8
    endloop
  endfacet
  facet normal 0.831566 0.555426 0
    outer loop
      vertex 90.5278 55.15 0
      vertex 90.6513 54.9651 8
      vertex 90.6513 54.9651 0
    endloop
  endfacet
  facet normal -0.831566 -0.555426 0
    outer loop
      vertex 93.4722 56.85 0
      vertex 93.3487 57.0349 3
      vertex 93.3487 57.0349 0
    endloop
  endfacet
  facet normal -0.831566 -0.555426 0
    outer loop
      vertex 93.3487 57.0349 3
      vertex 93.4722 56.85 0
      vertex 93.4722 56.85 3
    endloop
  endfacet
  facet normal -0.195165 0.98077 0
    outer loop
      vertex 92.44 54.3579 0
      vertex 92.2219 54.3145 8
      vertex 92.44 54.3579 8
    endloop
  endfacet
  facet normal -0.195165 0.98077 0
    outer loop
      vertex 92.2219 54.3145 8
      vertex 92.44 54.3579 0
      vertex 92.2219 54.3145 0
    endloop
  endfacet
  facet normal -0.98077 0.195165 0
    outer loop
      vertex 93.6421 55.56 0
      vertex 93.6855 55.7781 3
      vertex 93.6855 55.7781 0
    endloop
  endfacet
  facet normal -0.98077 0.195165 0
    outer loop
      vertex 93.6855 55.7781 3
      vertex 93.6421 55.56 0
      vertex 93.6421 55.56 3
    endloop
  endfacet
  facet normal 0.946915 0.321484 0
    outer loop
      vertex 90.4294 55.3494 8
      vertex 90.3579 55.56 0
      vertex 90.3579 55.56 8
    endloop
  endfacet
  facet normal 0.946915 0.321484 0
    outer loop
      vertex 90.3579 55.56 0
      vertex 90.4294 55.3494 8
      vertex 90.4294 55.3494 0
    endloop
  endfacet
  facet normal -0.44253 0.896754 0
    outer loop
      vertex 92.85 54.5278 0
      vertex 92.6506 54.4294 8
      vertex 92.85 54.5278 8
    endloop
  endfacet
  facet normal -0.44253 0.896754 0
    outer loop
      vertex 92.6506 54.4294 8
      vertex 92.85 54.5278 0
      vertex 92.6506 54.4294 0
    endloop
  endfacet
  facet normal -0.0652057 -0.997872 0
    outer loop
      vertex 92 57.7 0
      vertex 92.2219 57.6855 3
      vertex 92 57.7 3
    endloop
  endfacet
  facet normal -0.0652057 -0.997872 -0
    outer loop
      vertex 92.2219 57.6855 3
      vertex 92 57.7 0
      vertex 92.2219 57.6855 0
    endloop
  endfacet
  facet normal 0.321484 -0.946915 0
    outer loop
      vertex 91.3494 57.5706 0
      vertex 91.56 57.6421 3
      vertex 91.3494 57.5706 3
    endloop
  endfacet
  facet normal 0.321484 -0.946915 0
    outer loop
      vertex 91.56 57.6421 3
      vertex 91.3494 57.5706 0
      vertex 91.56 57.6421 0
    endloop
  endfacet
  facet normal 0.195165 -0.98077 0
    outer loop
      vertex 91.56 57.6421 0
      vertex 91.7781 57.6855 3
      vertex 91.56 57.6421 3
    endloop
  endfacet
  facet normal 0.195165 -0.98077 0
    outer loop
      vertex 91.7781 57.6855 3
      vertex 91.56 57.6421 0
      vertex 91.7781 57.6855 0
    endloop
  endfacet
  facet normal -0.896754 -0.44253 0
    outer loop
      vertex 93.5706 56.6506 0
      vertex 93.4722 56.85 3
      vertex 93.4722 56.85 0
    endloop
  endfacet
  facet normal -0.896754 -0.44253 0
    outer loop
      vertex 93.4722 56.85 3
      vertex 93.5706 56.6506 0
      vertex 93.5706 56.6506 3
    endloop
  endfacet
  facet normal -0.997872 0.0652057 0
    outer loop
      vertex 93.6855 55.7781 0
      vertex 93.7 56 3
      vertex 93.7 56 0
    endloop
  endfacet
  facet normal -0.997872 0.0652057 0
    outer loop
      vertex 93.7 56 3
      vertex 93.6855 55.7781 0
      vertex 93.6855 55.7781 3
    endloop
  endfacet
  facet normal -0.0652057 0.997872 0
    outer loop
      vertex 92.2219 54.3145 0
      vertex 92 54.3 8
      vertex 92.2219 54.3145 8
    endloop
  endfacet
  facet normal -0.0652057 0.997872 0
    outer loop
      vertex 92 54.3 8
      vertex 92.2219 54.3145 0
      vertex 92 54.3 0
    endloop
  endfacet
  facet normal -0.751908 -0.659268 0
    outer loop
      vertex 93.3487 57.0349 0
      vertex 93.2021 57.2021 3
      vertex 93.2021 57.2021 0
    endloop
  endfacet
  facet normal -0.751908 -0.659268 0
    outer loop
      vertex 93.2021 57.2021 3
      vertex 93.3487 57.0349 0
      vertex 93.3487 57.0349 3
    endloop
  endfacet
  facet normal 0.997872 0.0652057 0
    outer loop
      vertex 90.3145 55.7781 8
      vertex 90.3 56 0
      vertex 90.3 56 8
    endloop
  endfacet
  facet normal 0.997872 0.0652057 0
    outer loop
      vertex 90.3 56 0
      vertex 90.3145 55.7781 8
      vertex 90.3145 55.7781 0
    endloop
  endfacet
  facet normal -0.751908 0.659268 0
    outer loop
      vertex 93.2021 54.7979 0
      vertex 93.3487 54.9651 8
      vertex 93.3487 54.9651 0
    endloop
  endfacet
  facet normal -0.751908 0.659268 0
    outer loop
      vertex 93.3487 54.9651 8
      vertex 93.2021 54.7979 0
      vertex 93.2021 54.7979 8
    endloop
  endfacet
  facet normal 0.751908 -0.659268 0
    outer loop
      vertex 90.6513 57.0349 8
      vertex 90.7979 57.2021 0
      vertex 90.7979 57.2021 8
    endloop
  endfacet
  facet normal 0.751908 -0.659268 0
    outer loop
      vertex 90.7979 57.2021 0
      vertex 90.6513 57.0349 8
      vertex 90.6513 57.0349 0
    endloop
  endfacet
  facet normal 0.831566 -0.555426 0
    outer loop
      vertex 90.5278 56.85 8
      vertex 90.6513 57.0349 0
      vertex 90.6513 57.0349 8
    endloop
  endfacet
  facet normal 0.831566 -0.555426 0
    outer loop
      vertex 90.6513 57.0349 0
      vertex 90.5278 56.85 8
      vertex 90.5278 56.85 0
    endloop
  endfacet
  facet normal 0.0652057 -0.997872 0
    outer loop
      vertex 91.7781 57.6855 0
      vertex 92 57.7 3
      vertex 91.7781 57.6855 3
    endloop
  endfacet
  facet normal 0.0652057 -0.997872 0
    outer loop
      vertex 92 57.7 3
      vertex 91.7781 57.6855 0
      vertex 92 57.7 0
    endloop
  endfacet
  facet normal 0.98077 0.195165 0
    outer loop
      vertex 90.3579 55.56 8
      vertex 90.3145 55.7781 0
      vertex 90.3145 55.7781 8
    endloop
  endfacet
  facet normal 0.98077 0.195165 0
    outer loop
      vertex 90.3145 55.7781 0
      vertex 90.3579 55.56 8
      vertex 90.3579 55.56 0
    endloop
  endfacet
  facet normal 0.321484 0.946915 -0
    outer loop
      vertex 91.56 54.3579 0
      vertex 91.3494 54.4294 8
      vertex 91.56 54.3579 8
    endloop
  endfacet
  facet normal 0.321484 0.946915 0
    outer loop
      vertex 91.3494 54.4294 8
      vertex 91.56 54.3579 0
      vertex 91.3494 54.4294 0
    endloop
  endfacet
  facet normal -0.946915 -0.321484 0
    outer loop
      vertex 93.6421 56.44 0
      vertex 93.5706 56.6506 3
      vertex 93.5706 56.6506 0
    endloop
  endfacet
  facet normal -0.946915 -0.321484 0
    outer loop
      vertex 93.5706 56.6506 3
      vertex 93.6421 56.44 0
      vertex 93.6421 56.44 3
    endloop
  endfacet
  facet normal 0.44253 0.896754 -0
    outer loop
      vertex 91.3494 54.4294 0
      vertex 91.15 54.5278 8
      vertex 91.3494 54.4294 8
    endloop
  endfacet
  facet normal 0.44253 0.896754 0
    outer loop
      vertex 91.15 54.5278 8
      vertex 91.3494 54.4294 0
      vertex 91.15 54.5278 0
    endloop
  endfacet
  facet normal 0.555426 0.831566 -0
    outer loop
      vertex 91.15 54.5278 0
      vertex 90.9651 54.6513 8
      vertex 91.15 54.5278 8
    endloop
  endfacet
  facet normal 0.555426 0.831566 0
    outer loop
      vertex 90.9651 54.6513 8
      vertex 91.15 54.5278 0
      vertex 90.9651 54.6513 0
    endloop
  endfacet
  facet normal 0.195165 0.98077 -0
    outer loop
      vertex 91.7781 54.3145 0
      vertex 91.56 54.3579 8
      vertex 91.7781 54.3145 8
    endloop
  endfacet
  facet normal 0.195165 0.98077 0
    outer loop
      vertex 91.56 54.3579 8
      vertex 91.7781 54.3145 0
      vertex 91.56 54.3579 0
    endloop
  endfacet
  facet normal 0.896754 -0.44253 0
    outer loop
      vertex 90.4294 56.6506 8
      vertex 90.5278 56.85 0
      vertex 90.5278 56.85 8
    endloop
  endfacet
  facet normal 0.896754 -0.44253 0
    outer loop
      vertex 90.5278 56.85 0
      vertex 90.4294 56.6506 8
      vertex 90.4294 56.6506 0
    endloop
  endfacet
  facet normal 0.0652057 0.997872 -0
    outer loop
      vertex 92 54.3 0
      vertex 91.7781 54.3145 8
      vertex 92 54.3 8
    endloop
  endfacet
  facet normal 0.0652057 0.997872 0
    outer loop
      vertex 91.7781 54.3145 8
      vertex 92 54.3 0
      vertex 91.7781 54.3145 0
    endloop
  endfacet
  facet normal 0.896754 0.44253 0
    outer loop
      vertex 90.5278 55.15 8
      vertex 90.4294 55.3494 0
      vertex 90.4294 55.3494 8
    endloop
  endfacet
  facet normal 0.896754 0.44253 0
    outer loop
      vertex 90.4294 55.3494 0
      vertex 90.5278 55.15 8
      vertex 90.5278 55.15 0
    endloop
  endfacet
  facet normal 0.997872 -0.0652057 0
    outer loop
      vertex 90.3 56 8
      vertex 90.3145 56.2219 0
      vertex 90.3145 56.2219 8
    endloop
  endfacet
  facet normal 0.997872 -0.0652057 0
    outer loop
      vertex 90.3145 56.2219 0
      vertex 90.3 56 8
      vertex 90.3 56 0
    endloop
  endfacet
  facet normal 0.98077 -0.195165 0
    outer loop
      vertex 90.3145 56.2219 8
      vertex 90.3579 56.44 0
      vertex 90.3579 56.44 8
    endloop
  endfacet
  facet normal 0.98077 -0.195165 0
    outer loop
      vertex 90.3579 56.44 0
      vertex 90.3145 56.2219 8
      vertex 90.3145 56.2219 0
    endloop
  endfacet
  facet normal 0.946915 -0.321484 0
    outer loop
      vertex 90.3579 56.44 8
      vertex 90.4294 56.6506 0
      vertex 90.4294 56.6506 8
    endloop
  endfacet
  facet normal 0.946915 -0.321484 0
    outer loop
      vertex 90.4294 56.6506 0
      vertex 90.3579 56.44 8
      vertex 90.3579 56.44 0
    endloop
  endfacet
  facet normal -0.659268 0.751908 0
    outer loop
      vertex 93.2021 54.7979 0
      vertex 93.0349 54.6513 8
      vertex 93.2021 54.7979 8
    endloop
  endfacet
  facet normal -0.659268 0.751908 0
    outer loop
      vertex 93.0349 54.6513 8
      vertex 93.2021 54.7979 0
      vertex 93.0349 54.6513 0
    endloop
  endfacet
  facet normal 0.321574 -0.946885 0
    outer loop
      vertex 20.426 19.3858 0
      vertex 20.6118 19.4489 3
      vertex 20.426 19.3858 3
    endloop
  endfacet
  facet normal 0.321574 -0.946885 0
    outer loop
      vertex 20.6118 19.4489 3
      vertex 20.426 19.3858 0
      vertex 20.6118 19.4489 0
    endloop
  endfacet
  facet normal 0.946885 0.321574 0
    outer loop
      vertex 19.6142 17.426 3
      vertex 19.5511 17.6118 0
      vertex 19.5511 17.6118 3
    endloop
  endfacet
  facet normal 0.946885 0.321574 0
    outer loop
      vertex 19.5511 17.6118 0
      vertex 19.6142 17.426 3
      vertex 19.6142 17.426 0
    endloop
  endfacet
  facet normal 0.89686 0.442315 0
    outer loop
      vertex 19.701 17.25 3
      vertex 19.6142 17.426 0
      vertex 19.6142 17.426 3
    endloop
  endfacet
  facet normal 0.89686 0.442315 0
    outer loop
      vertex 19.6142 17.426 0
      vertex 19.701 17.25 3
      vertex 19.701 17.25 0
    endloop
  endfacet
  facet normal -0.99787 -0.0652336 0
    outer loop
      vertex 28.5 18 0
      vertex 28.4872 18.1958 3
      vertex 28.4872 18.1958 0
    endloop
  endfacet
  facet normal -0.99787 -0.0652336 0
    outer loop
      vertex 28.4872 18.1958 3
      vertex 28.5 18 0
      vertex 28.5 18 3
    endloop
  endfacet
  facet normal 0.0652336 -0.99787 0
    outer loop
      vertex 20.8042 19.4872 0
      vertex 21 19.5 3
      vertex 20.8042 19.4872 3
    endloop
  endfacet
  facet normal 0.0652336 -0.99787 0
    outer loop
      vertex 21 19.5 3
      vertex 20.8042 19.4872 0
      vertex 21 19.5 0
    endloop
  endfacet
  facet normal 0.752198 0.658937 0
    outer loop
      vertex 19.9393 16.9393 3
      vertex 19.81 17.0869 0
      vertex 19.81 17.0869 3
    endloop
  endfacet
  facet normal 0.752198 0.658937 0
    outer loop
      vertex 19.81 17.0869 0
      vertex 19.9393 16.9393 3
      vertex 19.9393 16.9393 0
    endloop
  endfacet
  facet normal 0.99787 0.0652336 0
    outer loop
      vertex 19.5128 17.8042 3
      vertex 19.5 18 0
      vertex 19.5 18 3
    endloop
  endfacet
  facet normal 0.99787 0.0652336 0
    outer loop
      vertex 19.5 18 0
      vertex 19.5128 17.8042 3
      vertex 19.5128 17.8042 0
    endloop
  endfacet
  facet normal 0 1 -0
    outer loop
      vertex 27 16.5 0
      vertex 21 16.5 3
      vertex 27 16.5 3
    endloop
  endfacet
  facet normal 0 1 0
    outer loop
      vertex 21 16.5 3
      vertex 27 16.5 0
      vertex 21 16.5 0
    endloop
  endfacet
  facet normal -0.752308 -0.658811 0
    outer loop
      vertex 28.19 18.9131 0
      vertex 28.1139 19 3
      vertex 28.1139 19 0
    endloop
  endfacet
  facet normal -0.752308 -0.658811 0
    outer loop
      vertex 28.1139 19 3
      vertex 28.19 18.9131 0
      vertex 28.19 18.9131 3
    endloop
  endfacet
  facet normal -0.658937 0.752198 0
    outer loop
      vertex 28.0607 16.9393 0
      vertex 27.9131 16.81 3
      vertex 28.0607 16.9393 3
    endloop
  endfacet
  facet normal -0.658937 0.752198 0
    outer loop
      vertex 27.9131 16.81 3
      vertex 28.0607 16.9393 0
      vertex 27.9131 16.81 0
    endloop
  endfacet
  facet normal -0.89686 0.442315 0
    outer loop
      vertex 28.299 17.25 0
      vertex 28.3858 17.426 3
      vertex 28.3858 17.426 0
    endloop
  endfacet
  facet normal -0.89686 0.442315 0
    outer loop
      vertex 28.3858 17.426 3
      vertex 28.299 17.25 0
      vertex 28.299 17.25 3
    endloop
  endfacet
  facet normal 0 -1 0
    outer loop
      vertex 21 19.5 0
      vertex 25 19.5 3
      vertex 21 19.5 3
    endloop
  endfacet
  facet normal 0 -1 -0
    outer loop
      vertex 25 19.5 3
      vertex 21 19.5 0
      vertex 25 19.5 0
    endloop
  endfacet
  facet normal -0.0652336 0.99787 0
    outer loop
      vertex 27.1958 16.5128 0
      vertex 27 16.5 3
      vertex 27.1958 16.5128 3
    endloop
  endfacet
  facet normal -0.0652336 0.99787 0
    outer loop
      vertex 27 16.5 3
      vertex 27.1958 16.5128 0
      vertex 27 16.5 0
    endloop
  endfacet
  facet normal 0.195234 0.980757 -0
    outer loop
      vertex 20.8042 16.5128 0
      vertex 20.6118 16.5511 3
      vertex 20.8042 16.5128 3
    endloop
  endfacet
  facet normal 0.195234 0.980757 0
    outer loop
      vertex 20.6118 16.5511 3
      vertex 20.8042 16.5128 0
      vertex 20.6118 16.5511 0
    endloop
  endfacet
  facet normal 0.442315 0.89686 -0
    outer loop
      vertex 20.426 16.6142 0
      vertex 20.25 16.701 3
      vertex 20.426 16.6142 3
    endloop
  endfacet
  facet normal 0.442315 0.89686 0
    outer loop
      vertex 20.25 16.701 3
      vertex 20.426 16.6142 0
      vertex 20.25 16.701 0
    endloop
  endfacet
  facet normal 0.555641 -0.831422 0
    outer loop
      vertex 20.0869 19.19 0
      vertex 20.25 19.299 3
      vertex 20.0869 19.19 3
    endloop
  endfacet
  facet normal 0.555641 -0.831422 0
    outer loop
      vertex 20.25 19.299 3
      vertex 20.0869 19.19 0
      vertex 20.25 19.299 0
    endloop
  endfacet
  facet normal -0.831422 -0.555641 0
    outer loop
      vertex 28.299 18.75 0
      vertex 28.19 18.9131 3
      vertex 28.19 18.9131 0
    endloop
  endfacet
  facet normal -0.831422 -0.555641 0
    outer loop
      vertex 28.19 18.9131 3
      vertex 28.299 18.75 0
      vertex 28.299 18.75 3
    endloop
  endfacet
  facet normal -0.946885 0.321574 0
    outer loop
      vertex 28.3858 17.426 0
      vertex 28.4489 17.6118 3
      vertex 28.4489 17.6118 0
    endloop
  endfacet
  facet normal -0.946885 0.321574 0
    outer loop
      vertex 28.4489 17.6118 3
      vertex 28.3858 17.426 0
      vertex 28.3858 17.426 3
    endloop
  endfacet
  facet normal -0.89686 -0.442315 0
    outer loop
      vertex 28.3858 18.574 0
      vertex 28.299 18.75 3
      vertex 28.299 18.75 0
    endloop
  endfacet
  facet normal -0.89686 -0.442315 0
    outer loop
      vertex 28.299 18.75 3
      vertex 28.3858 18.574 0
      vertex 28.3858 18.574 3
    endloop
  endfacet
  facet normal -0.321574 0.946885 0
    outer loop
      vertex 27.574 16.6142 0
      vertex 27.3882 16.5511 3
      vertex 27.574 16.6142 3
    endloop
  endfacet
  facet normal -0.321574 0.946885 0
    outer loop
      vertex 27.3882 16.5511 3
      vertex 27.574 16.6142 0
      vertex 27.3882 16.5511 0
    endloop
  endfacet
  facet normal 0.0652336 0.99787 -0
    outer loop
      vertex 21 16.5 0
      vertex 20.8042 16.5128 3
      vertex 21 16.5 3
    endloop
  endfacet
  facet normal 0.0652336 0.99787 0
    outer loop
      vertex 20.8042 16.5128 3
      vertex 21 16.5 0
      vertex 20.8042 16.5128 0
    endloop
  endfacet
  facet normal 0.946885 -0.321574 0
    outer loop
      vertex 19.5511 18.3882 3
      vertex 19.6142 18.574 0
      vertex 19.6142 18.574 3
    endloop
  endfacet
  facet normal 0.946885 -0.321574 0
    outer loop
      vertex 19.6142 18.574 0
      vertex 19.5511 18.3882 3
      vertex 19.5511 18.3882 0
    endloop
  endfacet
  facet normal -0.980757 -0.195234 0
    outer loop
      vertex 28.4872 18.1958 0
      vertex 28.4489 18.3882 3
      vertex 28.4489 18.3882 0
    endloop
  endfacet
  facet normal -0.980757 -0.195234 0
    outer loop
      vertex 28.4489 18.3882 3
      vertex 28.4872 18.1958 0
      vertex 28.4872 18.1958 3
    endloop
  endfacet
  facet normal 0.89686 -0.442315 0
    outer loop
      vertex 19.6142 18.574 3
      vertex 19.701 18.75 0
      vertex 19.701 18.75 3
    endloop
  endfacet
  facet normal 0.89686 -0.442315 0
    outer loop
      vertex 19.701 18.75 0
      vertex 19.6142 18.574 3
      vertex 19.6142 18.574 0
    endloop
  endfacet
  facet normal 0.831422 0.555641 0
    outer loop
      vertex 19.81 17.0869 3
      vertex 19.701 17.25 0
      vertex 19.701 17.25 3
    endloop
  endfacet
  facet normal 0.831422 0.555641 0
    outer loop
      vertex 19.701 17.25 0
      vertex 19.81 17.0869 3
      vertex 19.81 17.0869 0
    endloop
  endfacet
  facet normal 0.321574 0.946885 -0
    outer loop
      vertex 20.6118 16.5511 0
      vertex 20.426 16.6142 3
      vertex 20.6118 16.5511 3
    endloop
  endfacet
  facet normal 0.321574 0.946885 0
    outer loop
      vertex 20.426 16.6142 3
      vertex 20.6118 16.5511 0
      vertex 20.426 16.6142 0
    endloop
  endfacet
  facet normal -0.195234 0.980757 0
    outer loop
      vertex 27.3882 16.5511 0
      vertex 27.1958 16.5128 3
      vertex 27.3882 16.5511 3
    endloop
  endfacet
  facet normal -0.195234 0.980757 0
    outer loop
      vertex 27.1958 16.5128 3
      vertex 27.3882 16.5511 0
      vertex 27.1958 16.5128 0
    endloop
  endfacet
  facet normal 0.752198 -0.658937 0
    outer loop
      vertex 19.81 18.9131 3
      vertex 19.9393 19.0607 0
      vertex 19.9393 19.0607 3
    endloop
  endfacet
  facet normal 0.752198 -0.658937 0
    outer loop
      vertex 19.9393 19.0607 0
      vertex 19.81 18.9131 3
      vertex 19.81 18.9131 0
    endloop
  endfacet
  facet normal -0.442315 0.89686 0
    outer loop
      vertex 27.75 16.701 0
      vertex 27.574 16.6142 3
      vertex 27.75 16.701 3
    endloop
  endfacet
  facet normal -0.442315 0.89686 0
    outer loop
      vertex 27.574 16.6142 3
      vertex 27.75 16.701 0
      vertex 27.574 16.6142 0
    endloop
  endfacet
  facet normal 0.980757 0.195234 0
    outer loop
      vertex 19.5511 17.6118 3
      vertex 19.5128 17.8042 0
      vertex 19.5128 17.8042 3
    endloop
  endfacet
  facet normal 0.980757 0.195234 0
    outer loop
      vertex 19.5128 17.8042 0
      vertex 19.5511 17.6118 3
      vertex 19.5511 17.6118 0
    endloop
  endfacet
  facet normal 0.980757 -0.195234 0
    outer loop
      vertex 19.5128 18.1958 3
      vertex 19.5511 18.3882 0
      vertex 19.5511 18.3882 3
    endloop
  endfacet
  facet normal 0.980757 -0.195234 0
    outer loop
      vertex 19.5511 18.3882 0
      vertex 19.5128 18.1958 3
      vertex 19.5128 18.1958 0
    endloop
  endfacet
  facet normal 0.99787 -0.0652336 0
    outer loop
      vertex 19.5 18 3
      vertex 19.5128 18.1958 0
      vertex 19.5128 18.1958 3
    endloop
  endfacet
  facet normal 0.99787 -0.0652336 0
    outer loop
      vertex 19.5128 18.1958 0
      vertex 19.5 18 3
      vertex 19.5 18 0
    endloop
  endfacet
  facet normal 0.831422 -0.555641 0
    outer loop
      vertex 19.701 18.75 3
      vertex 19.81 18.9131 0
      vertex 19.81 18.9131 3
    endloop
  endfacet
  facet normal 0.831422 -0.555641 0
    outer loop
      vertex 19.81 18.9131 0
      vertex 19.701 18.75 3
      vertex 19.701 18.75 0
    endloop
  endfacet
  facet normal 0.442315 -0.89686 0
    outer loop
      vertex 20.25 19.299 0
      vertex 20.426 19.3858 3
      vertex 20.25 19.299 3
    endloop
  endfacet
  facet normal 0.442315 -0.89686 0
    outer loop
      vertex 20.426 19.3858 3
      vertex 20.25 19.299 0
      vertex 20.426 19.3858 0
    endloop
  endfacet
  facet normal -0.831422 0.555641 0
    outer loop
      vertex 28.19 17.0869 0
      vertex 28.299 17.25 3
      vertex 28.299 17.25 0
    endloop
  endfacet
  facet normal -0.831422 0.555641 0
    outer loop
      vertex 28.299 17.25 3
      vertex 28.19 17.0869 0
      vertex 28.19 17.0869 3
    endloop
  endfacet
  facet normal 0.195234 -0.980757 0
    outer loop
      vertex 20.6118 19.4489 0
      vertex 20.8042 19.4872 3
      vertex 20.6118 19.4489 3
    endloop
  endfacet
  facet normal 0.195234 -0.980757 0
    outer loop
      vertex 20.8042 19.4872 3
      vertex 20.6118 19.4489 0
      vertex 20.8042 19.4872 0
    endloop
  endfacet
  facet normal -0.555641 0.831422 0
    outer loop
      vertex 27.9131 16.81 0
      vertex 27.75 16.701 3
      vertex 27.9131 16.81 3
    endloop
  endfacet
  facet normal -0.555641 0.831422 0
    outer loop
      vertex 27.75 16.701 3
      vertex 27.9131 16.81 0
      vertex 27.75 16.701 0
    endloop
  endfacet
  facet normal -0.752198 0.658937 0
    outer loop
      vertex 28.0607 16.9393 0
      vertex 28.19 17.0869 3
      vertex 28.19 17.0869 0
    endloop
  endfacet
  facet normal -0.752198 0.658937 0
    outer loop
      vertex 28.19 17.0869 3
      vertex 28.0607 16.9393 0
      vertex 28.0607 16.9393 3
    endloop
  endfacet
  facet normal 0.658937 -0.752198 0
    outer loop
      vertex 19.9393 19.0607 0
      vertex 20.0869 19.19 3
      vertex 19.9393 19.0607 3
    endloop
  endfacet
  facet normal 0.658937 -0.752198 0
    outer loop
      vertex 20.0869 19.19 3
      vertex 19.9393 19.0607 0
      vertex 20.0869 19.19 0
    endloop
  endfacet
  facet normal 0.555641 0.831422 -0
    outer loop
      vertex 20.25 16.701 0
      vertex 20.0869 16.81 3
      vertex 20.25 16.701 3
    endloop
  endfacet
  facet normal 0.555641 0.831422 0
    outer loop
      vertex 20.0869 16.81 3
      vertex 20.25 16.701 0
      vertex 20.0869 16.81 0
    endloop
  endfacet
  facet normal 0.658937 0.752198 -0
    outer loop
      vertex 20.0869 16.81 0
      vertex 19.9393 16.9393 3
      vertex 20.0869 16.81 3
    endloop
  endfacet
  facet normal 0.658937 0.752198 0
    outer loop
      vertex 19.9393 16.9393 3
      vertex 20.0869 16.81 0
      vertex 19.9393 16.9393 0
    endloop
  endfacet
  facet normal -0.980757 0.195234 0
    outer loop
      vertex 28.4489 17.6118 0
      vertex 28.4872 17.8042 3
      vertex 28.4872 17.8042 0
    endloop
  endfacet
  facet normal -0.980757 0.195234 0
    outer loop
      vertex 28.4872 17.8042 3
      vertex 28.4489 17.6118 0
      vertex 28.4489 17.6118 3
    endloop
  endfacet
  facet normal -0.99787 0.0652336 0
    outer loop
      vertex 28.4872 17.8042 0
      vertex 28.5 18 3
      vertex 28.5 18 0
    endloop
  endfacet
  facet normal -0.99787 0.0652336 0
    outer loop
      vertex 28.5 18 3
      vertex 28.4872 17.8042 0
      vertex 28.4872 17.8042 3
    endloop
  endfacet
  facet normal -0.946885 -0.321574 0
    outer loop
      vertex 28.4489 18.3882 0
      vertex 28.3858 18.574 3
      vertex 28.3858 18.574 0
    endloop
  endfacet
  facet normal -0.946885 -0.321574 0
    outer loop
      vertex 28.3858 18.574 3
      vertex 28.4489 18.3882 0
      vertex 28.4489 18.3882 3
    endloop
  endfacet
  facet normal -0.321574 -0.946885 0
    outer loop
      vertex 27.3882 45.4489 0
      vertex 27.574 45.3858 3
      vertex 27.3882 45.4489 3
    endloop
  endfacet
  facet normal -0.321574 -0.946885 -0
    outer loop
      vertex 27.574 45.3858 3
      vertex 27.3882 45.4489 0
      vertex 27.574 45.3858 0
    endloop
  endfacet
  facet normal 0.195234 0.980757 -0
    outer loop
      vertex 20.8042 42.5128 0
      vertex 20.6118 42.5511 3
      vertex 20.8042 42.5128 3
    endloop
  endfacet
  facet normal 0.195234 0.980757 0
    outer loop
      vertex 20.6118 42.5511 3
      vertex 20.8042 42.5128 0
      vertex 20.6118 42.5511 0
    endloop
  endfacet
  facet normal 0.0652336 0.99787 -0
    outer loop
      vertex 21 42.5 0
      vertex 20.8042 42.5128 3
      vertex 21 42.5 3
    endloop
  endfacet
  facet normal 0.0652336 0.99787 0
    outer loop
      vertex 20.8042 42.5128 3
      vertex 21 42.5 0
      vertex 20.8042 42.5128 0
    endloop
  endfacet
  facet normal 0 1 -0
    outer loop
      vertex 25 42.5 0
      vertex 21 42.5 3
      vertex 25 42.5 3
    endloop
  endfacet
  facet normal 0 1 0
    outer loop
      vertex 21 42.5 3
      vertex 25 42.5 0
      vertex 21 42.5 0
    endloop
  endfacet
  facet normal -0.752198 -0.658937 0
    outer loop
      vertex 28.19 44.9131 0
      vertex 28.0607 45.0607 3
      vertex 28.0607 45.0607 0
    endloop
  endfacet
  facet normal -0.752198 -0.658937 0
    outer loop
      vertex 28.0607 45.0607 3
      vertex 28.19 44.9131 0
      vertex 28.19 44.9131 3
    endloop
  endfacet
  facet normal 0.195234 -0.980757 0
    outer loop
      vertex 20.6118 45.4489 0
      vertex 20.8042 45.4872 3
      vertex 20.6118 45.4489 3
    endloop
  endfacet
  facet normal 0.195234 -0.980757 0
    outer loop
      vertex 20.8042 45.4872 3
      vertex 20.6118 45.4489 0
      vertex 20.8042 45.4872 0
    endloop
  endfacet
  facet normal -0.831422 0.555641 0
    outer loop
      vertex 28.19 43.0869 0
      vertex 28.299 43.25 3
      vertex 28.299 43.25 0
    endloop
  endfacet
  facet normal -0.831422 0.555641 0
    outer loop
      vertex 28.299 43.25 3
      vertex 28.19 43.0869 0
      vertex 28.19 43.0869 3
    endloop
  endfacet
  facet normal 0.321574 -0.946885 0
    outer loop
      vertex 20.426 45.3858 0
      vertex 20.6118 45.4489 3
      vertex 20.426 45.3858 3
    endloop
  endfacet
  facet normal 0.321574 -0.946885 0
    outer loop
      vertex 20.6118 45.4489 3
      vertex 20.426 45.3858 0
      vertex 20.6118 45.4489 0
    endloop
  endfacet
  facet normal -0.195234 -0.980757 0
    outer loop
      vertex 27.1958 45.4872 0
      vertex 27.3882 45.4489 3
      vertex 27.1958 45.4872 3
    endloop
  endfacet
  facet normal -0.195234 -0.980757 -0
    outer loop
      vertex 27.3882 45.4489 3
      vertex 27.1958 45.4872 0
      vertex 27.3882 45.4489 0
    endloop
  endfacet
  facet normal -0.752308 0.658811 0
    outer loop
      vertex 28.1139 43 0
      vertex 28.19 43.0869 3
      vertex 28.19 43.0869 0
    endloop
  endfacet
  facet normal -0.752308 0.658811 0
    outer loop
      vertex 28.19 43.0869 3
      vertex 28.1139 43 0
      vertex 28.1139 43 3
    endloop
  endfacet
  facet normal 0 -1 0
    outer loop
      vertex 21 45.5 0
      vertex 27 45.5 3
      vertex 21 45.5 3
    endloop
  endfacet
  facet normal 0 -1 -0
    outer loop
      vertex 27 45.5 3
      vertex 21 45.5 0
      vertex 27 45.5 0
    endloop
  endfacet
  facet normal 0.946885 0.321574 0
    outer loop
      vertex 19.6142 43.426 3
      vertex 19.5511 43.6118 0
      vertex 19.5511 43.6118 3
    endloop
  endfacet
  facet normal 0.946885 0.321574 0
    outer loop
      vertex 19.5511 43.6118 0
      vertex 19.6142 43.426 3
      vertex 19.6142 43.426 0
    endloop
  endfacet
  facet normal -0.89686 -0.442315 0
    outer loop
      vertex 28.3858 44.574 0
      vertex 28.299 44.75 3
      vertex 28.299 44.75 0
    endloop
  endfacet
  facet normal -0.89686 -0.442315 0
    outer loop
      vertex 28.299 44.75 3
      vertex 28.3858 44.574 0
      vertex 28.3858 44.574 3
    endloop
  endfacet
  facet normal 0.99787 0.0652336 0
    outer loop
      vertex 19.5128 43.8042 3
      vertex 19.5 44 0
      vertex 19.5 44 3
    endloop
  endfacet
  facet normal 0.99787 0.0652336 0
    outer loop
      vertex 19.5 44 0
      vertex 19.5128 43.8042 3
      vertex 19.5128 43.8042 0
    endloop
  endfacet
  facet normal 0.831422 -0.555641 0
    outer loop
      vertex 19.701 44.75 3
      vertex 19.81 44.9131 0
      vertex 19.81 44.9131 3
    endloop
  endfacet
  facet normal 0.831422 -0.555641 0
    outer loop
      vertex 19.81 44.9131 0
      vertex 19.701 44.75 3
      vertex 19.701 44.75 0
    endloop
  endfacet
  facet normal 0.321574 0.946885 -0
    outer loop
      vertex 20.6118 42.5511 0
      vertex 20.426 42.6142 3
      vertex 20.6118 42.5511 3
    endloop
  endfacet
  facet normal 0.321574 0.946885 0
    outer loop
      vertex 20.426 42.6142 3
      vertex 20.6118 42.5511 0
      vertex 20.426 42.6142 0
    endloop
  endfacet
  facet normal -0.980757 0.195234 0
    outer loop
      vertex 28.4489 43.6118 0
      vertex 28.4872 43.8042 3
      vertex 28.4872 43.8042 0
    endloop
  endfacet
  facet normal -0.980757 0.195234 0
    outer loop
      vertex 28.4872 43.8042 3
      vertex 28.4489 43.6118 0
      vertex 28.4489 43.6118 3
    endloop
  endfacet
  facet normal 0.442315 0.89686 -0
    outer loop
      vertex 20.426 42.6142 0
      vertex 20.25 42.701 3
      vertex 20.426 42.6142 3
    endloop
  endfacet
  facet normal 0.442315 0.89686 0
    outer loop
      vertex 20.25 42.701 3
      vertex 20.426 42.6142 0
      vertex 20.25 42.701 0
    endloop
  endfacet
  facet normal -0.555641 -0.831422 0
    outer loop
      vertex 27.75 45.299 0
      vertex 27.9131 45.19 3
      vertex 27.75 45.299 3
    endloop
  endfacet
  facet normal -0.555641 -0.831422 -0
    outer loop
      vertex 27.9131 45.19 3
      vertex 27.75 45.299 0
      vertex 27.9131 45.19 0
    endloop
  endfacet
  facet normal 0.555641 -0.831422 0
    outer loop
      vertex 20.0869 45.19 0
      vertex 20.25 45.299 3
      vertex 20.0869 45.19 3
    endloop
  endfacet
  facet normal 0.555641 -0.831422 0
    outer loop
      vertex 20.25 45.299 3
      vertex 20.0869 45.19 0
      vertex 20.25 45.299 0
    endloop
  endfacet
  facet normal 0.946885 -0.321574 0
    outer loop
      vertex 19.5511 44.3882 3
      vertex 19.6142 44.574 0
      vertex 19.6142 44.574 3
    endloop
  endfacet
  facet normal 0.946885 -0.321574 0
    outer loop
      vertex 19.6142 44.574 0
      vertex 19.5511 44.3882 3
      vertex 19.5511 44.3882 0
    endloop
  endfacet
  facet normal 0.0652336 -0.99787 0
    outer loop
      vertex 20.8042 45.4872 0
      vertex 21 45.5 3
      vertex 20.8042 45.4872 3
    endloop
  endfacet
  facet normal 0.0652336 -0.99787 0
    outer loop
      vertex 21 45.5 3
      vertex 20.8042 45.4872 0
      vertex 21 45.5 0
    endloop
  endfacet
  facet normal -0.89686 0.442315 0
    outer loop
      vertex 28.299 43.25 0
      vertex 28.3858 43.426 3
      vertex 28.3858 43.426 0
    endloop
  endfacet
  facet normal -0.89686 0.442315 0
    outer loop
      vertex 28.3858 43.426 3
      vertex 28.299 43.25 0
      vertex 28.299 43.25 3
    endloop
  endfacet
  facet normal 0.442315 -0.89686 0
    outer loop
      vertex 20.25 45.299 0
      vertex 20.426 45.3858 3
      vertex 20.25 45.299 3
    endloop
  endfacet
  facet normal 0.442315 -0.89686 0
    outer loop
      vertex 20.426 45.3858 3
      vertex 20.25 45.299 0
      vertex 20.426 45.3858 0
    endloop
  endfacet
  facet normal -0.99787 0.0652336 0
    outer loop
      vertex 28.4872 43.8042 0
      vertex 28.5 44 3
      vertex 28.5 44 0
    endloop
  endfacet
  facet normal -0.99787 0.0652336 0
    outer loop
      vertex 28.5 44 3
      vertex 28.4872 43.8042 0
      vertex 28.4872 43.8042 3
    endloop
  endfacet
  facet normal -0.946885 0.321574 0
    outer loop
      vertex 28.3858 43.426 0
      vertex 28.4489 43.6118 3
      vertex 28.4489 43.6118 0
    endloop
  endfacet
  facet normal -0.946885 0.321574 0
    outer loop
      vertex 28.4489 43.6118 3
      vertex 28.3858 43.426 0
      vertex 28.3858 43.426 3
    endloop
  endfacet
  facet normal -0.658937 -0.752198 0
    outer loop
      vertex 27.9131 45.19 0
      vertex 28.0607 45.0607 3
      vertex 27.9131 45.19 3
    endloop
  endfacet
  facet normal -0.658937 -0.752198 -0
    outer loop
      vertex 28.0607 45.0607 3
      vertex 27.9131 45.19 0
      vertex 28.0607 45.0607 0
    endloop
  endfacet
  facet normal -0.980757 -0.195234 0
    outer loop
      vertex 28.4872 44.1958 0
      vertex 28.4489 44.3882 3
      vertex 28.4489 44.3882 0
    endloop
  endfacet
  facet normal -0.980757 -0.195234 0
    outer loop
      vertex 28.4489 44.3882 3
      vertex 28.4872 44.1958 0
      vertex 28.4872 44.1958 3
    endloop
  endfacet
  facet normal -0.946885 -0.321574 0
    outer loop
      vertex 28.4489 44.3882 0
      vertex 28.3858 44.574 3
      vertex 28.3858 44.574 0
    endloop
  endfacet
  facet normal -0.946885 -0.321574 0
    outer loop
      vertex 28.3858 44.574 3
      vertex 28.4489 44.3882 0
      vertex 28.4489 44.3882 3
    endloop
  endfacet
  facet normal 0.752198 -0.658937 0
    outer loop
      vertex 19.81 44.9131 3
      vertex 19.9393 45.0607 0
      vertex 19.9393 45.0607 3
    endloop
  endfacet
  facet normal 0.752198 -0.658937 0
    outer loop
      vertex 19.9393 45.0607 0
      vertex 19.81 44.9131 3
      vertex 19.81 44.9131 0
    endloop
  endfacet
  facet normal -0.0652336 -0.99787 0
    outer loop
      vertex 27 45.5 0
      vertex 27.1958 45.4872 3
      vertex 27 45.5 3
    endloop
  endfacet
  facet normal -0.0652336 -0.99787 -0
    outer loop
      vertex 27.1958 45.4872 3
      vertex 27 45.5 0
      vertex 27.1958 45.4872 0
    endloop
  endfacet
  facet normal 0.555641 0.831422 -0
    outer loop
      vertex 20.25 42.701 0
      vertex 20.0869 42.81 3
      vertex 20.25 42.701 3
    endloop
  endfacet
  facet normal 0.555641 0.831422 0
    outer loop
      vertex 20.0869 42.81 3
      vertex 20.25 42.701 0
      vertex 20.0869 42.81 0
    endloop
  endfacet
  facet normal 0.89686 0.442315 0
    outer loop
      vertex 19.701 43.25 3
      vertex 19.6142 43.426 0
      vertex 19.6142 43.426 3
    endloop
  endfacet
  facet normal 0.89686 0.442315 0
    outer loop
      vertex 19.6142 43.426 0
      vertex 19.701 43.25 3
      vertex 19.701 43.25 0
    endloop
  endfacet
  facet normal 0.658937 -0.752198 0
    outer loop
      vertex 19.9393 45.0607 0
      vertex 20.0869 45.19 3
      vertex 19.9393 45.0607 3
    endloop
  endfacet
  facet normal 0.658937 -0.752198 0
    outer loop
      vertex 20.0869 45.19 3
      vertex 19.9393 45.0607 0
      vertex 20.0869 45.19 0
    endloop
  endfacet
  facet normal 0.658937 0.752198 -0
    outer loop
      vertex 20.0869 42.81 0
      vertex 19.9393 42.9393 3
      vertex 20.0869 42.81 3
    endloop
  endfacet
  facet normal 0.658937 0.752198 0
    outer loop
      vertex 19.9393 42.9393 3
      vertex 20.0869 42.81 0
      vertex 19.9393 42.9393 0
    endloop
  endfacet
  facet normal 0.89686 -0.442315 0
    outer loop
      vertex 19.6142 44.574 3
      vertex 19.701 44.75 0
      vertex 19.701 44.75 3
    endloop
  endfacet
  facet normal 0.89686 -0.442315 0
    outer loop
      vertex 19.701 44.75 0
      vertex 19.6142 44.574 3
      vertex 19.6142 44.574 0
    endloop
  endfacet
  facet normal -0.99787 -0.0652336 0
    outer loop
      vertex 28.5 44 0
      vertex 28.4872 44.1958 3
      vertex 28.4872 44.1958 0
    endloop
  endfacet
  facet normal -0.99787 -0.0652336 0
    outer loop
      vertex 28.4872 44.1958 3
      vertex 28.5 44 0
      vertex 28.5 44 3
    endloop
  endfacet
  facet normal 0.99787 -0.0652336 0
    outer loop
      vertex 19.5 44 3
      vertex 19.5128 44.1958 0
      vertex 19.5128 44.1958 3
    endloop
  endfacet
  facet normal 0.99787 -0.0652336 0
    outer loop
      vertex 19.5128 44.1958 0
      vertex 19.5 44 3
      vertex 19.5 44 0
    endloop
  endfacet
  facet normal -0.831422 -0.555641 0
    outer loop
      vertex 28.299 44.75 0
      vertex 28.19 44.9131 3
      vertex 28.19 44.9131 0
    endloop
  endfacet
  facet normal -0.831422 -0.555641 0
    outer loop
      vertex 28.19 44.9131 3
      vertex 28.299 44.75 0
      vertex 28.299 44.75 3
    endloop
  endfacet
  facet normal -0.442315 -0.89686 0
    outer loop
      vertex 27.574 45.3858 0
      vertex 27.75 45.299 3
      vertex 27.574 45.3858 3
    endloop
  endfacet
  facet normal -0.442315 -0.89686 -0
    outer loop
      vertex 27.75 45.299 3
      vertex 27.574 45.3858 0
      vertex 27.75 45.299 0
    endloop
  endfacet
  facet normal 0.980757 -0.195234 0
    outer loop
      vertex 19.5128 44.1958 3
      vertex 19.5511 44.3882 0
      vertex 19.5511 44.3882 3
    endloop
  endfacet
  facet normal 0.980757 -0.195234 0
    outer loop
      vertex 19.5511 44.3882 0
      vertex 19.5128 44.1958 3
      vertex 19.5128 44.1958 0
    endloop
  endfacet
  facet normal 0.752198 0.658937 0
    outer loop
      vertex 19.9393 42.9393 3
      vertex 19.81 43.0869 0
      vertex 19.81 43.0869 3
    endloop
  endfacet
  facet normal 0.752198 0.658937 0
    outer loop
      vertex 19.81 43.0869 0
      vertex 19.9393 42.9393 3
      vertex 19.9393 42.9393 0
    endloop
  endfacet
  facet normal 0.831422 0.555641 0
    outer loop
      vertex 19.81 43.0869 3
      vertex 19.701 43.25 0
      vertex 19.701 43.25 3
    endloop
  endfacet
  facet normal 0.831422 0.555641 0
    outer loop
      vertex 19.701 43.25 0
      vertex 19.81 43.0869 3
      vertex 19.81 43.0869 0
    endloop
  endfacet
  facet normal 0.980757 0.195234 0
    outer loop
      vertex 19.5511 43.6118 3
      vertex 19.5128 43.8042 0
      vertex 19.5128 43.8042 3
    endloop
  endfacet
  facet normal 0.980757 0.195234 0
    outer loop
      vertex 19.5128 43.8042 0
      vertex 19.5511 43.6118 3
      vertex 19.5511 43.6118 0
    endloop
  endfacet
  facet normal -0.442315 0.89686 0
    outer loop
      vertex 77.75 16.701 0
      vertex 77.574 16.6142 3
      vertex 77.75 16.701 3
    endloop
  endfacet
  facet normal -0.442315 0.89686 0
    outer loop
      vertex 77.574 16.6142 3
      vertex 77.75 16.701 0
      vertex 77.574 16.6142 0
    endloop
  endfacet
  facet normal -0.658937 -0.752198 0
    outer loop
      vertex 77.9131 19.19 0
      vertex 78.0607 19.0607 3
      vertex 77.9131 19.19 3
    endloop
  endfacet
  facet normal -0.658937 -0.752198 -0
    outer loop
      vertex 78.0607 19.0607 3
      vertex 77.9131 19.19 0
      vertex 78.0607 19.0607 0
    endloop
  endfacet
  facet normal 0.0652336 0.99787 -0
    outer loop
      vertex 71 16.5 0
      vertex 70.8042 16.5128 3
      vertex 71 16.5 3
    endloop
  endfacet
  facet normal 0.0652336 0.99787 0
    outer loop
      vertex 70.8042 16.5128 3
      vertex 71 16.5 0
      vertex 70.8042 16.5128 0
    endloop
  endfacet
  facet normal -0.831422 -0.555641 0
    outer loop
      vertex 78.299 18.75 0
      vertex 78.19 18.9131 3
      vertex 78.19 18.9131 0
    endloop
  endfacet
  facet normal -0.831422 -0.555641 0
    outer loop
      vertex 78.19 18.9131 3
      vertex 78.299 18.75 0
      vertex 78.299 18.75 3
    endloop
  endfacet
  facet normal 0.555641 0.831422 -0
    outer loop
      vertex 70.25 16.701 0
      vertex 70.0869 16.81 3
      vertex 70.25 16.701 3
    endloop
  endfacet
  facet normal 0.555641 0.831422 0
    outer loop
      vertex 70.0869 16.81 3
      vertex 70.25 16.701 0
      vertex 70.0869 16.81 0
    endloop
  endfacet
  facet normal 0 1 -0
    outer loop
      vertex 77 16.5 0
      vertex 71 16.5 3
      vertex 77 16.5 3
    endloop
  endfacet
  facet normal 0 1 0
    outer loop
      vertex 71 16.5 3
      vertex 77 16.5 0
      vertex 71 16.5 0
    endloop
  endfacet
  facet normal -0.555641 0.831422 0
    outer loop
      vertex 77.9131 16.81 0
      vertex 77.75 16.701 3
      vertex 77.9131 16.81 3
    endloop
  endfacet
  facet normal -0.555641 0.831422 0
    outer loop
      vertex 77.75 16.701 3
      vertex 77.9131 16.81 0
      vertex 77.75 16.701 0
    endloop
  endfacet
  facet normal 0.831422 0.555641 0
    outer loop
      vertex 69.81 17.0869 3
      vertex 69.701 17.25 0
      vertex 69.701 17.25 3
    endloop
  endfacet
  facet normal 0.831422 0.555641 0
    outer loop
      vertex 69.701 17.25 0
      vertex 69.81 17.0869 3
      vertex 69.81 17.0869 0
    endloop
  endfacet
  facet normal -0.195234 0.980757 0
    outer loop
      vertex 77.3882 16.5511 0
      vertex 77.1958 16.5128 3
      vertex 77.3882 16.5511 3
    endloop
  endfacet
  facet normal -0.195234 0.980757 0
    outer loop
      vertex 77.1958 16.5128 3
      vertex 77.3882 16.5511 0
      vertex 77.1958 16.5128 0
    endloop
  endfacet
  facet normal -0.831422 0.555641 0
    outer loop
      vertex 78.19 17.0869 0
      vertex 78.299 17.25 3
      vertex 78.299 17.25 0
    endloop
  endfacet
  facet normal -0.831422 0.555641 0
    outer loop
      vertex 78.299 17.25 3
      vertex 78.19 17.0869 0
      vertex 78.19 17.0869 3
    endloop
  endfacet
  facet normal 0.195234 0.980757 -0
    outer loop
      vertex 70.8042 16.5128 0
      vertex 70.6118 16.5511 3
      vertex 70.8042 16.5128 3
    endloop
  endfacet
  facet normal 0.195234 0.980757 0
    outer loop
      vertex 70.6118 16.5511 3
      vertex 70.8042 16.5128 0
      vertex 70.6118 16.5511 0
    endloop
  endfacet
  facet normal 0.946885 -0.321574 0
    outer loop
      vertex 69.5511 18.3882 3
      vertex 69.6142 18.574 0
      vertex 69.6142 18.574 3
    endloop
  endfacet
  facet normal 0.946885 -0.321574 0
    outer loop
      vertex 69.6142 18.574 0
      vertex 69.5511 18.3882 3
      vertex 69.5511 18.3882 0
    endloop
  endfacet
  facet normal 0.752308 -0.658811 0
    outer loop
      vertex 69.81 18.9131 3
      vertex 69.8861 19 0
      vertex 69.8861 19 3
    endloop
  endfacet
  facet normal 0.752308 -0.658811 0
    outer loop
      vertex 69.8861 19 0
      vertex 69.81 18.9131 3
      vertex 69.81 18.9131 0
    endloop
  endfacet
  facet normal -0.946885 -0.321574 0
    outer loop
      vertex 78.4489 18.3882 0
      vertex 78.3858 18.574 3
      vertex 78.3858 18.574 0
    endloop
  endfacet
  facet normal -0.946885 -0.321574 0
    outer loop
      vertex 78.3858 18.574 3
      vertex 78.4489 18.3882 0
      vertex 78.4489 18.3882 3
    endloop
  endfacet
  facet normal -0.321574 0.946885 0
    outer loop
      vertex 77.574 16.6142 0
      vertex 77.3882 16.5511 3
      vertex 77.574 16.6142 3
    endloop
  endfacet
  facet normal -0.321574 0.946885 0
    outer loop
      vertex 77.3882 16.5511 3
      vertex 77.574 16.6142 0
      vertex 77.3882 16.5511 0
    endloop
  endfacet
  facet normal -0.658937 0.752198 0
    outer loop
      vertex 78.0607 16.9393 0
      vertex 77.9131 16.81 3
      vertex 78.0607 16.9393 3
    endloop
  endfacet
  facet normal -0.658937 0.752198 0
    outer loop
      vertex 77.9131 16.81 3
      vertex 78.0607 16.9393 0
      vertex 77.9131 16.81 0
    endloop
  endfacet
  facet normal -0.752198 -0.658937 0
    outer loop
      vertex 78.19 18.9131 0
      vertex 78.0607 19.0607 3
      vertex 78.0607 19.0607 0
    endloop
  endfacet
  facet normal -0.752198 -0.658937 0
    outer loop
      vertex 78.0607 19.0607 3
      vertex 78.19 18.9131 0
      vertex 78.19 18.9131 3
    endloop
  endfacet
  facet normal 0 -1 0
    outer loop
      vertex 73 19.5 0
      vertex 77 19.5 3
      vertex 73 19.5 3
    endloop
  endfacet
  facet normal 0 -1 -0
    outer loop
      vertex 77 19.5 3
      vertex 73 19.5 0
      vertex 77 19.5 0
    endloop
  endfacet
  facet normal -0.555641 -0.831422 0
    outer loop
      vertex 77.75 19.299 0
      vertex 77.9131 19.19 3
      vertex 77.75 19.299 3
    endloop
  endfacet
  facet normal -0.555641 -0.831422 -0
    outer loop
      vertex 77.9131 19.19 3
      vertex 77.75 19.299 0
      vertex 77.9131 19.19 0
    endloop
  endfacet
  facet normal -0.980757 0.195234 0
    outer loop
      vertex 78.4489 17.6118 0
      vertex 78.4872 17.8042 3
      vertex 78.4872 17.8042 0
    endloop
  endfacet
  facet normal -0.980757 0.195234 0
    outer loop
      vertex 78.4872 17.8042 3
      vertex 78.4489 17.6118 0
      vertex 78.4489 17.6118 3
    endloop
  endfacet
  facet normal -0.946885 0.321574 0
    outer loop
      vertex 78.3858 17.426 0
      vertex 78.4489 17.6118 3
      vertex 78.4489 17.6118 0
    endloop
  endfacet
  facet normal -0.946885 0.321574 0
    outer loop
      vertex 78.4489 17.6118 3
      vertex 78.3858 17.426 0
      vertex 78.3858 17.426 3
    endloop
  endfacet
  facet normal -0.195234 -0.980757 0
    outer loop
      vertex 77.1958 19.4872 0
      vertex 77.3882 19.4489 3
      vertex 77.1958 19.4872 3
    endloop
  endfacet
  facet normal -0.195234 -0.980757 -0
    outer loop
      vertex 77.3882 19.4489 3
      vertex 77.1958 19.4872 0
      vertex 77.3882 19.4489 0
    endloop
  endfacet
  facet normal -0.89686 0.442315 0
    outer loop
      vertex 78.299 17.25 0
      vertex 78.3858 17.426 3
      vertex 78.3858 17.426 0
    endloop
  endfacet
  facet normal -0.89686 0.442315 0
    outer loop
      vertex 78.3858 17.426 3
      vertex 78.299 17.25 0
      vertex 78.299 17.25 3
    endloop
  endfacet
  facet normal -0.99787 0.0652336 0
    outer loop
      vertex 78.4872 17.8042 0
      vertex 78.5 18 3
      vertex 78.5 18 0
    endloop
  endfacet
  facet normal -0.99787 0.0652336 0
    outer loop
      vertex 78.5 18 3
      vertex 78.4872 17.8042 0
      vertex 78.4872 17.8042 3
    endloop
  endfacet
  facet normal -0.0652336 -0.99787 0
    outer loop
      vertex 77 19.5 0
      vertex 77.1958 19.4872 3
      vertex 77 19.5 3
    endloop
  endfacet
  facet normal -0.0652336 -0.99787 -0
    outer loop
      vertex 77.1958 19.4872 3
      vertex 77 19.5 0
      vertex 77.1958 19.4872 0
    endloop
  endfacet
  facet normal -0.89686 -0.442315 0
    outer loop
      vertex 78.3858 18.574 0
      vertex 78.299 18.75 3
      vertex 78.299 18.75 0
    endloop
  endfacet
  facet normal -0.89686 -0.442315 0
    outer loop
      vertex 78.299 18.75 3
      vertex 78.3858 18.574 0
      vertex 78.3858 18.574 3
    endloop
  endfacet
  facet normal 0.89686 -0.442315 0
    outer loop
      vertex 69.6142 18.574 3
      vertex 69.701 18.75 0
      vertex 69.701 18.75 3
    endloop
  endfacet
  facet normal 0.89686 -0.442315 0
    outer loop
      vertex 69.701 18.75 0
      vertex 69.6142 18.574 3
      vertex 69.6142 18.574 0
    endloop
  endfacet
  facet normal -0.321574 -0.946885 0
    outer loop
      vertex 77.3882 19.4489 0
      vertex 77.574 19.3858 3
      vertex 77.3882 19.4489 3
    endloop
  endfacet
  facet normal -0.321574 -0.946885 -0
    outer loop
      vertex 77.574 19.3858 3
      vertex 77.3882 19.4489 0
      vertex 77.574 19.3858 0
    endloop
  endfacet
  facet normal -0.442315 -0.89686 0
    outer loop
      vertex 77.574 19.3858 0
      vertex 77.75 19.299 3
      vertex 77.574 19.3858 3
    endloop
  endfacet
  facet normal -0.442315 -0.89686 -0
    outer loop
      vertex 77.75 19.299 3
      vertex 77.574 19.3858 0
      vertex 77.75 19.299 0
    endloop
  endfacet
  facet normal 0.99787 0.0652336 0
    outer loop
      vertex 69.5128 17.8042 3
      vertex 69.5 18 0
      vertex 69.5 18 3
    endloop
  endfacet
  facet normal 0.99787 0.0652336 0
    outer loop
      vertex 69.5 18 0
      vertex 69.5128 17.8042 3
      vertex 69.5128 17.8042 0
    endloop
  endfacet
  facet normal 0.89686 0.442315 0
    outer loop
      vertex 69.701 17.25 3
      vertex 69.6142 17.426 0
      vertex 69.6142 17.426 3
    endloop
  endfacet
  facet normal 0.89686 0.442315 0
    outer loop
      vertex 69.6142 17.426 0
      vertex 69.701 17.25 3
      vertex 69.701 17.25 0
    endloop
  endfacet
  facet normal -0.0652336 0.99787 0
    outer loop
      vertex 77.1958 16.5128 0
      vertex 77 16.5 3
      vertex 77.1958 16.5128 3
    endloop
  endfacet
  facet normal -0.0652336 0.99787 0
    outer loop
      vertex 77 16.5 3
      vertex 77.1958 16.5128 0
      vertex 77 16.5 0
    endloop
  endfacet
  facet normal 0.980757 0.195234 0
    outer loop
      vertex 69.5511 17.6118 3
      vertex 69.5128 17.8042 0
      vertex 69.5128 17.8042 3
    endloop
  endfacet
  facet normal 0.980757 0.195234 0
    outer loop
      vertex 69.5128 17.8042 0
      vertex 69.5511 17.6118 3
      vertex 69.5511 17.6118 0
    endloop
  endfacet
  facet normal -0.99787 -0.0652336 0
    outer loop
      vertex 78.5 18 0
      vertex 78.4872 18.1958 3
      vertex 78.4872 18.1958 0
    endloop
  endfacet
  facet normal -0.99787 -0.0652336 0
    outer loop
      vertex 78.4872 18.1958 3
      vertex 78.5 18 0
      vertex 78.5 18 3
    endloop
  endfacet
  facet normal 0.658937 0.752198 -0
    outer loop
      vertex 70.0869 16.81 0
      vertex 69.9393 16.9393 3
      vertex 70.0869 16.81 3
    endloop
  endfacet
  facet normal 0.658937 0.752198 0
    outer loop
      vertex 69.9393 16.9393 3
      vertex 70.0869 16.81 0
      vertex 69.9393 16.9393 0
    endloop
  endfacet
  facet normal 0.442315 0.89686 -0
    outer loop
      vertex 70.426 16.6142 0
      vertex 70.25 16.701 3
      vertex 70.426 16.6142 3
    endloop
  endfacet
  facet normal 0.442315 0.89686 0
    outer loop
      vertex 70.25 16.701 3
      vertex 70.426 16.6142 0
      vertex 70.25 16.701 0
    endloop
  endfacet
  facet normal 0.321574 0.946885 -0
    outer loop
      vertex 70.6118 16.5511 0
      vertex 70.426 16.6142 3
      vertex 70.6118 16.5511 3
    endloop
  endfacet
  facet normal 0.321574 0.946885 0
    outer loop
      vertex 70.426 16.6142 3
      vertex 70.6118 16.5511 0
      vertex 70.426 16.6142 0
    endloop
  endfacet
  facet normal 0.946885 0.321574 0
    outer loop
      vertex 69.6142 17.426 3
      vertex 69.5511 17.6118 0
      vertex 69.5511 17.6118 3
    endloop
  endfacet
  facet normal 0.946885 0.321574 0
    outer loop
      vertex 69.5511 17.6118 0
      vertex 69.6142 17.426 3
      vertex 69.6142 17.426 0
    endloop
  endfacet
  facet normal 0.831422 -0.555641 0
    outer loop
      vertex 69.701 18.75 3
      vertex 69.81 18.9131 0
      vertex 69.81 18.9131 3
    endloop
  endfacet
  facet normal 0.831422 -0.555641 0
    outer loop
      vertex 69.81 18.9131 0
      vertex 69.701 18.75 3
      vertex 69.701 18.75 0
    endloop
  endfacet
  facet normal -0.980757 -0.195234 0
    outer loop
      vertex 78.4872 18.1958 0
      vertex 78.4489 18.3882 3
      vertex 78.4489 18.3882 0
    endloop
  endfacet
  facet normal -0.980757 -0.195234 0
    outer loop
      vertex 78.4489 18.3882 3
      vertex 78.4872 18.1958 0
      vertex 78.4872 18.1958 3
    endloop
  endfacet
  facet normal 0.752198 0.658937 0
    outer loop
      vertex 69.9393 16.9393 3
      vertex 69.81 17.0869 0
      vertex 69.81 17.0869 3
    endloop
  endfacet
  facet normal 0.752198 0.658937 0
    outer loop
      vertex 69.81 17.0869 0
      vertex 69.9393 16.9393 3
      vertex 69.9393 16.9393 0
    endloop
  endfacet
  facet normal -0.752198 0.658937 0
    outer loop
      vertex 78.0607 16.9393 0
      vertex 78.19 17.0869 3
      vertex 78.19 17.0869 0
    endloop
  endfacet
  facet normal -0.752198 0.658937 0
    outer loop
      vertex 78.19 17.0869 3
      vertex 78.0607 16.9393 0
      vertex 78.0607 16.9393 3
    endloop
  endfacet
  facet normal 0.980757 -0.195234 0
    outer loop
      vertex 69.5128 18.1958 3
      vertex 69.5511 18.3882 0
      vertex 69.5511 18.3882 3
    endloop
  endfacet
  facet normal 0.980757 -0.195234 0
    outer loop
      vertex 69.5511 18.3882 0
      vertex 69.5128 18.1958 3
      vertex 69.5128 18.1958 0
    endloop
  endfacet
  facet normal 0.99787 -0.0652336 0
    outer loop
      vertex 69.5 18 3
      vertex 69.5128 18.1958 0
      vertex 69.5128 18.1958 3
    endloop
  endfacet
  facet normal 0.99787 -0.0652336 0
    outer loop
      vertex 69.5128 18.1958 0
      vertex 69.5 18 3
      vertex 69.5 18 0
    endloop
  endfacet
  facet normal 0.831422 0.555641 0
    outer loop
      vertex 69.81 43.0869 3
      vertex 69.701 43.25 0
      vertex 69.701 43.25 3
    endloop
  endfacet
  facet normal 0.831422 0.555641 0
    outer loop
      vertex 69.701 43.25 0
      vertex 69.81 43.0869 3
      vertex 69.81 43.0869 0
    endloop
  endfacet
  facet normal -0.658937 0.752198 0
    outer loop
      vertex 78.0607 42.9393 0
      vertex 77.9131 42.81 3
      vertex 78.0607 42.9393 3
    endloop
  endfacet
  facet normal -0.658937 0.752198 0
    outer loop
      vertex 77.9131 42.81 3
      vertex 78.0607 42.9393 0
      vertex 77.9131 42.81 0
    endloop
  endfacet
  facet normal -0.442315 -0.89686 0
    outer loop
      vertex 77.574 45.3858 0
      vertex 77.75 45.299 3
      vertex 77.574 45.3858 3
    endloop
  endfacet
  facet normal -0.442315 -0.89686 -0
    outer loop
      vertex 77.75 45.299 3
      vertex 77.574 45.3858 0
      vertex 77.75 45.299 0
    endloop
  endfacet
  facet normal 0.946885 0.321574 0
    outer loop
      vertex 69.6142 43.426 3
      vertex 69.5511 43.6118 0
      vertex 69.5511 43.6118 3
    endloop
  endfacet
  facet normal 0.946885 0.321574 0
    outer loop
      vertex 69.5511 43.6118 0
      vertex 69.6142 43.426 3
      vertex 69.6142 43.426 0
    endloop
  endfacet
  facet normal -0.555641 -0.831422 0
    outer loop
      vertex 77.75 45.299 0
      vertex 77.9131 45.19 3
      vertex 77.75 45.299 3
    endloop
  endfacet
  facet normal -0.555641 -0.831422 -0
    outer loop
      vertex 77.9131 45.19 3
      vertex 77.75 45.299 0
      vertex 77.9131 45.19 0
    endloop
  endfacet
  facet normal -0.321574 0.946885 0
    outer loop
      vertex 77.574 42.6142 0
      vertex 77.3882 42.5511 3
      vertex 77.574 42.6142 3
    endloop
  endfacet
  facet normal -0.321574 0.946885 0
    outer loop
      vertex 77.3882 42.5511 3
      vertex 77.574 42.6142 0
      vertex 77.3882 42.5511 0
    endloop
  endfacet
  facet normal -0.658937 -0.752198 0
    outer loop
      vertex 77.9131 45.19 0
      vertex 78.0607 45.0607 3
      vertex 77.9131 45.19 3
    endloop
  endfacet
  facet normal -0.658937 -0.752198 -0
    outer loop
      vertex 78.0607 45.0607 3
      vertex 77.9131 45.19 0
      vertex 78.0607 45.0607 0
    endloop
  endfacet
  facet normal 0.89686 0.442315 0
    outer loop
      vertex 69.701 43.25 3
      vertex 69.6142 43.426 0
      vertex 69.6142 43.426 3
    endloop
  endfacet
  facet normal 0.89686 0.442315 0
    outer loop
      vertex 69.6142 43.426 0
      vertex 69.701 43.25 3
      vertex 69.701 43.25 0
    endloop
  endfacet
  facet normal 0.980757 0.195234 0
    outer loop
      vertex 69.5511 43.6118 3
      vertex 69.5128 43.8042 0
      vertex 69.5128 43.8042 3
    endloop
  endfacet
  facet normal 0.980757 0.195234 0
    outer loop
      vertex 69.5128 43.8042 0
      vertex 69.5511 43.6118 3
      vertex 69.5511 43.6118 0
    endloop
  endfacet
  facet normal 0.980757 -0.195234 0
    outer loop
      vertex 69.5128 44.1958 3
      vertex 69.5511 44.3882 0
      vertex 69.5511 44.3882 3
    endloop
  endfacet
  facet normal 0.980757 -0.195234 0
    outer loop
      vertex 69.5511 44.3882 0
      vertex 69.5128 44.1958 3
      vertex 69.5128 44.1958 0
    endloop
  endfacet
  facet normal 0.321574 -0.946885 0
    outer loop
      vertex 70.426 45.3858 0
      vertex 70.6118 45.4489 3
      vertex 70.426 45.3858 3
    endloop
  endfacet
  facet normal 0.321574 -0.946885 0
    outer loop
      vertex 70.6118 45.4489 3
      vertex 70.426 45.3858 0
      vertex 70.6118 45.4489 0
    endloop
  endfacet
  facet normal 0 -1 0
    outer loop
      vertex 71 45.5 0
      vertex 77 45.5 3
      vertex 71 45.5 3
    endloop
  endfacet
  facet normal 0 -1 -0
    outer loop
      vertex 77 45.5 3
      vertex 71 45.5 0
      vertex 77 45.5 0
    endloop
  endfacet
  facet normal 0.195234 -0.980757 0
    outer loop
      vertex 70.6118 45.4489 0
      vertex 70.8042 45.4872 3
      vertex 70.6118 45.4489 3
    endloop
  endfacet
  facet normal 0.195234 -0.980757 0
    outer loop
      vertex 70.8042 45.4872 3
      vertex 70.6118 45.4489 0
      vertex 70.8042 45.4872 0
    endloop
  endfacet
  facet normal 0.752198 -0.658937 0
    outer loop
      vertex 69.81 44.9131 3
      vertex 69.9393 45.0607 0
      vertex 69.9393 45.0607 3
    endloop
  endfacet
  facet normal 0.752198 -0.658937 0
    outer loop
      vertex 69.9393 45.0607 0
      vertex 69.81 44.9131 3
      vertex 69.81 44.9131 0
    endloop
  endfacet
  facet normal -0.0652336 -0.99787 0
    outer loop
      vertex 77 45.5 0
      vertex 77.1958 45.4872 3
      vertex 77 45.5 3
    endloop
  endfacet
  facet normal -0.0652336 -0.99787 -0
    outer loop
      vertex 77.1958 45.4872 3
      vertex 77 45.5 0
      vertex 77.1958 45.4872 0
    endloop
  endfacet
  facet normal 0.89686 -0.442315 0
    outer loop
      vertex 69.6142 44.574 3
      vertex 69.701 44.75 0
      vertex 69.701 44.75 3
    endloop
  endfacet
  facet normal 0.89686 -0.442315 0
    outer loop
      vertex 69.701 44.75 0
      vertex 69.6142 44.574 3
      vertex 69.6142 44.574 0
    endloop
  endfacet
  facet normal 0.752308 0.658811 0
    outer loop
      vertex 69.8861 43 3
      vertex 69.81 43.0869 0
      vertex 69.81 43.0869 3
    endloop
  endfacet
  facet normal 0.752308 0.658811 0
    outer loop
      vertex 69.81 43.0869 0
      vertex 69.8861 43 3
      vertex 69.8861 43 0
    endloop
  endfacet
  facet normal 0.442315 -0.89686 0
    outer loop
      vertex 70.25 45.299 0
      vertex 70.426 45.3858 3
      vertex 70.25 45.299 3
    endloop
  endfacet
  facet normal 0.442315 -0.89686 0
    outer loop
      vertex 70.426 45.3858 3
      vertex 70.25 45.299 0
      vertex 70.426 45.3858 0
    endloop
  endfacet
  facet normal 0.99787 0.0652336 0
    outer loop
      vertex 69.5128 43.8042 3
      vertex 69.5 44 0
      vertex 69.5 44 3
    endloop
  endfacet
  facet normal 0.99787 0.0652336 0
    outer loop
      vertex 69.5 44 0
      vertex 69.5128 43.8042 3
      vertex 69.5128 43.8042 0
    endloop
  endfacet
  facet normal -0.0652336 0.99787 0
    outer loop
      vertex 77.1958 42.5128 0
      vertex 77 42.5 3
      vertex 77.1958 42.5128 3
    endloop
  endfacet
  facet normal -0.0652336 0.99787 0
    outer loop
      vertex 77 42.5 3
      vertex 77.1958 42.5128 0
      vertex 77 42.5 0
    endloop
  endfacet
  facet normal -0.89686 0.442315 0
    outer loop
      vertex 78.299 43.25 0
      vertex 78.3858 43.426 3
      vertex 78.3858 43.426 0
    endloop
  endfacet
  facet normal -0.89686 0.442315 0
    outer loop
      vertex 78.3858 43.426 3
      vertex 78.299 43.25 0
      vertex 78.299 43.25 3
    endloop
  endfacet
  facet normal 0 1 -0
    outer loop
      vertex 77 42.5 0
      vertex 73 42.5 3
      vertex 77 42.5 3
    endloop
  endfacet
  facet normal 0 1 0
    outer loop
      vertex 73 42.5 3
      vertex 77 42.5 0
      vertex 73 42.5 0
    endloop
  endfacet
  facet normal 0.99787 -0.0652336 0
    outer loop
      vertex 69.5 44 3
      vertex 69.5128 44.1958 0
      vertex 69.5128 44.1958 3
    endloop
  endfacet
  facet normal 0.99787 -0.0652336 0
    outer loop
      vertex 69.5128 44.1958 0
      vertex 69.5 44 3
      vertex 69.5 44 0
    endloop
  endfacet
  facet normal 0.0652336 -0.99787 0
    outer loop
      vertex 70.8042 45.4872 0
      vertex 71 45.5 3
      vertex 70.8042 45.4872 3
    endloop
  endfacet
  facet normal 0.0652336 -0.99787 0
    outer loop
      vertex 71 45.5 3
      vertex 70.8042 45.4872 0
      vertex 71 45.5 0
    endloop
  endfacet
  facet normal 0.658937 -0.752198 0
    outer loop
      vertex 69.9393 45.0607 0
      vertex 70.0869 45.19 3
      vertex 69.9393 45.0607 3
    endloop
  endfacet
  facet normal 0.658937 -0.752198 0
    outer loop
      vertex 70.0869 45.19 3
      vertex 69.9393 45.0607 0
      vertex 70.0869 45.19 0
    endloop
  endfacet
  facet normal -0.195234 0.980757 0
    outer loop
      vertex 77.3882 42.5511 0
      vertex 77.1958 42.5128 3
      vertex 77.3882 42.5511 3
    endloop
  endfacet
  facet normal -0.195234 0.980757 0
    outer loop
      vertex 77.1958 42.5128 3
      vertex 77.3882 42.5511 0
      vertex 77.1958 42.5128 0
    endloop
  endfacet
  facet normal -0.831422 -0.555641 0
    outer loop
      vertex 78.299 44.75 0
      vertex 78.19 44.9131 3
      vertex 78.19 44.9131 0
    endloop
  endfacet
  facet normal -0.831422 -0.555641 0
    outer loop
      vertex 78.19 44.9131 3
      vertex 78.299 44.75 0
      vertex 78.299 44.75 3
    endloop
  endfacet
  facet normal -0.442315 0.89686 0
    outer loop
      vertex 77.75 42.701 0
      vertex 77.574 42.6142 3
      vertex 77.75 42.701 3
    endloop
  endfacet
  facet normal -0.442315 0.89686 0
    outer loop
      vertex 77.574 42.6142 3
      vertex 77.75 42.701 0
      vertex 77.574 42.6142 0
    endloop
  endfacet
  facet normal -0.555641 0.831422 0
    outer loop
      vertex 77.9131 42.81 0
      vertex 77.75 42.701 3
      vertex 77.9131 42.81 3
    endloop
  endfacet
  facet normal -0.555641 0.831422 0
    outer loop
      vertex 77.75 42.701 3
      vertex 77.9131 42.81 0
      vertex 77.75 42.701 0
    endloop
  endfacet
  facet normal 0.946885 -0.321574 0
    outer loop
      vertex 69.5511 44.3882 3
      vertex 69.6142 44.574 0
      vertex 69.6142 44.574 3
    endloop
  endfacet
  facet normal 0.946885 -0.321574 0
    outer loop
      vertex 69.6142 44.574 0
      vertex 69.5511 44.3882 3
      vertex 69.5511 44.3882 0
    endloop
  endfacet
  facet normal 0.831422 -0.555641 0
    outer loop
      vertex 69.701 44.75 3
      vertex 69.81 44.9131 0
      vertex 69.81 44.9131 3
    endloop
  endfacet
  facet normal 0.831422 -0.555641 0
    outer loop
      vertex 69.81 44.9131 0
      vertex 69.701 44.75 3
      vertex 69.701 44.75 0
    endloop
  endfacet
  facet normal -0.99787 0.0652336 0
    outer loop
      vertex 78.4872 43.8042 0
      vertex 78.5 44 3
      vertex 78.5 44 0
    endloop
  endfacet
  facet normal -0.99787 0.0652336 0
    outer loop
      vertex 78.5 44 3
      vertex 78.4872 43.8042 0
      vertex 78.4872 43.8042 3
    endloop
  endfacet
  facet normal -0.831422 0.555641 0
    outer loop
      vertex 78.19 43.0869 0
      vertex 78.299 43.25 3
      vertex 78.299 43.25 0
    endloop
  endfacet
  facet normal -0.831422 0.555641 0
    outer loop
      vertex 78.299 43.25 3
      vertex 78.19 43.0869 0
      vertex 78.19 43.0869 3
    endloop
  endfacet
  facet normal -0.99787 -0.0652336 0
    outer loop
      vertex 78.5 44 0
      vertex 78.4872 44.1958 3
      vertex 78.4872 44.1958 0
    endloop
  endfacet
  facet normal -0.99787 -0.0652336 0
    outer loop
      vertex 78.4872 44.1958 3
      vertex 78.5 44 0
      vertex 78.5 44 3
    endloop
  endfacet
  facet normal -0.321574 -0.946885 0
    outer loop
      vertex 77.3882 45.4489 0
      vertex 77.574 45.3858 3
      vertex 77.3882 45.4489 3
    endloop
  endfacet
  facet normal -0.321574 -0.946885 -0
    outer loop
      vertex 77.574 45.3858 3
      vertex 77.3882 45.4489 0
      vertex 77.574 45.3858 0
    endloop
  endfacet
  facet normal 0.555641 -0.831422 0
    outer loop
      vertex 70.0869 45.19 0
      vertex 70.25 45.299 3
      vertex 70.0869 45.19 3
    endloop
  endfacet
  facet normal 0.555641 -0.831422 0
    outer loop
      vertex 70.25 45.299 3
      vertex 70.0869 45.19 0
      vertex 70.25 45.299 0
    endloop
  endfacet
  facet normal -0.752198 -0.658937 0
    outer loop
      vertex 78.19 44.9131 0
      vertex 78.0607 45.0607 3
      vertex 78.0607 45.0607 0
    endloop
  endfacet
  facet normal -0.752198 -0.658937 0
    outer loop
      vertex 78.0607 45.0607 3
      vertex 78.19 44.9131 0
      vertex 78.19 44.9131 3
    endloop
  endfacet
  facet normal -0.89686 -0.442315 0
    outer loop
      vertex 78.3858 44.574 0
      vertex 78.299 44.75 3
      vertex 78.299 44.75 0
    endloop
  endfacet
  facet normal -0.89686 -0.442315 0
    outer loop
      vertex 78.299 44.75 3
      vertex 78.3858 44.574 0
      vertex 78.3858 44.574 3
    endloop
  endfacet
  facet normal -0.195234 -0.980757 0
    outer loop
      vertex 77.1958 45.4872 0
      vertex 77.3882 45.4489 3
      vertex 77.1958 45.4872 3
    endloop
  endfacet
  facet normal -0.195234 -0.980757 -0
    outer loop
      vertex 77.3882 45.4489 3
      vertex 77.1958 45.4872 0
      vertex 77.3882 45.4489 0
    endloop
  endfacet
  facet normal -0.946885 0.321574 0
    outer loop
      vertex 78.3858 43.426 0
      vertex 78.4489 43.6118 3
      vertex 78.4489 43.6118 0
    endloop
  endfacet
  facet normal -0.946885 0.321574 0
    outer loop
      vertex 78.4489 43.6118 3
      vertex 78.3858 43.426 0
      vertex 78.3858 43.426 3
    endloop
  endfacet
  facet normal -0.752198 0.658937 0
    outer loop
      vertex 78.0607 42.9393 0
      vertex 78.19 43.0869 3
      vertex 78.19 43.0869 0
    endloop
  endfacet
  facet normal -0.752198 0.658937 0
    outer loop
      vertex 78.19 43.0869 3
      vertex 78.0607 42.9393 0
      vertex 78.0607 42.9393 3
    endloop
  endfacet
  facet normal -0.946885 -0.321574 0
    outer loop
      vertex 78.4489 44.3882 0
      vertex 78.3858 44.574 3
      vertex 78.3858 44.574 0
    endloop
  endfacet
  facet normal -0.946885 -0.321574 0
    outer loop
      vertex 78.3858 44.574 3
      vertex 78.4489 44.3882 0
      vertex 78.4489 44.3882 3
    endloop
  endfacet
  facet normal -0.980757 0.195234 0
    outer loop
      vertex 78.4489 43.6118 0
      vertex 78.4872 43.8042 3
      vertex 78.4872 43.8042 0
    endloop
  endfacet
  facet normal -0.980757 0.195234 0
    outer loop
      vertex 78.4872 43.8042 3
      vertex 78.4489 43.6118 0
      vertex 78.4489 43.6118 3
    endloop
  endfacet
  facet normal -0.980757 -0.195234 0
    outer loop
      vertex 78.4872 44.1958 0
      vertex 78.4489 44.3882 3
      vertex 78.4489 44.3882 0
    endloop
  endfacet
  facet normal -0.980757 -0.195234 0
    outer loop
      vertex 78.4489 44.3882 3
      vertex 78.4872 44.1958 0
      vertex 78.4872 44.1958 3
    endloop
  endfacet
  facet normal -1 0 0
    outer loop
      vertex 73 19.5 0
      vertex 73 42.5 3
      vertex 73 42.5 0
    endloop
  endfacet
  facet normal -1 -0 0
    outer loop
      vertex 73 42.5 3
      vertex 73 19.5 0
      vertex 73 19.5 3
    endloop
  endfacet
  facet normal 1 -0 0
    outer loop
      vertex 25 19.5 3
      vertex 25 42.5 0
      vertex 25 42.5 3
    endloop
  endfacet
  facet normal 1 0 0
    outer loop
      vertex 25 42.5 0
      vertex 25 19.5 3
      vertex 25 19.5 0
    endloop
  endfacet
  facet normal 0 -1 0
    outer loop
      vertex 28.1139 43 0
      vertex 69.8861 43 3
      vertex 28.1139 43 3
    endloop
  endfacet
  facet normal 0 -1 -0
    outer loop
      vertex 69.8861 43 3
      vertex 28.1139 43 0
      vertex 69.8861 43 0
    endloop
  endfacet
  facet normal 0 1 -0
    outer loop
      vertex 69.8861 19 0
      vertex 28.1139 19 3
      vertex 69.8861 19 3
    endloop
  endfacet
  facet normal 0 1 0
    outer loop
      vertex 28.1139 19 3
      vertex 69.8861 19 0
      vertex 28.1139 19 0
    endloop
  endfacet
endsolid OpenSCAD_Model
