solid OpenSCAD_Model
  facet normal 1 -0 0
    outer loop
      vertex 40 16 16
      vertex 40 40 0
      vertex 40 40 16
    endloop
  endfacet
  facet normal 1 0 0
    outer loop
      vertex 40 40 0
      vertex 40 16 16
      vertex 40 16 0
    endloop
  endfacet
  facet normal -0 0 1
    outer loop
      vertex 10.2699 49.3918 16
      vertex 16 40 16
      vertex 10.3299 49.6933 16
    endloop
  endfacet
  facet normal 0 0 1
    outer loop
      vertex 16 40 16
      vertex 10.3299 30.3067 16
      vertex 10.35 30 16
    endloop
  endfacet
  facet normal -0 0 1
    outer loop
      vertex 10.1711 49.1007 16
      vertex 16 40 16
      vertex 10.2699 49.3918 16
    endloop
  endfacet
  facet normal 0 0 1
    outer loop
      vertex 16 40 16
      vertex 10.2699 30.6082 16
      vertex 10.3299 30.3067 16
    endloop
  endfacet
  facet normal -0 0 1
    outer loop
      vertex 10.0352 48.825 16
      vertex 16 40 16
      vertex 10.1711 49.1007 16
    endloop
  endfacet
  facet normal 0 0 1
    outer loop
      vertex 16 40 16
      vertex 10.1711 30.8993 16
      vertex 10.2699 30.6082 16
    endloop
  endfacet
  facet normal -0 0 1
    outer loop
      vertex 9.86438 48.5694 16
      vertex 16 40 16
      vertex 10.0352 48.825 16
    endloop
  endfacet
  facet normal 0 0 1
    outer loop
      vertex 16 40 16
      vertex 10.0352 31.175 16
      vertex 10.1711 30.8993 16
    endloop
  endfacet
  facet normal -0 0 1
    outer loop
      vertex 9.6617 48.3383 16
      vertex 16 40 16
      vertex 9.86438 48.5694 16
    endloop
  endfacet
  facet normal 0 0 1
    outer loop
      vertex 16 40 16
      vertex 9.86438 31.4306 16
      vertex 10.0352 31.175 16
    endloop
  endfacet
  facet normal -0 0 1
    outer loop
      vertex 9.43059 48.1356 16
      vertex 16 40 16
      vertex 9.6617 48.3383 16
    endloop
  endfacet
  facet normal 0 0 1
    outer loop
      vertex 16 40 16
      vertex 9.6617 31.6617 16
      vertex 9.86438 31.4306 16
    endloop
  endfacet
  facet normal -0 0 1
    outer loop
      vertex 9.175 47.9648 16
      vertex 16 40 16
      vertex 9.43059 48.1356 16
    endloop
  endfacet
  facet normal 0 0 1
    outer loop
      vertex 16 40 16
      vertex 9.43059 31.8644 16
      vertex 9.6617 31.6617 16
    endloop
  endfacet
  facet normal -0 0 1
    outer loop
      vertex 8.89931 47.8289 16
      vertex 16 40 16
      vertex 9.175 47.9648 16
    endloop
  endfacet
  facet normal 0 0 1
    outer loop
      vertex 16 40 16
      vertex 9.175 32.0352 16
      vertex 9.43059 31.8644 16
    endloop
  endfacet
  facet normal -0 0 1
    outer loop
      vertex 8.60822 47.7301 16
      vertex 16 40 16
      vertex 8.89931 47.8289 16
    endloop
  endfacet
  facet normal 0 0 1
    outer loop
      vertex 16 40 16
      vertex 8.89931 32.1711 16
      vertex 9.175 32.0352 16
    endloop
  endfacet
  facet normal -0 0 1
    outer loop
      vertex 8.30674 47.6701 16
      vertex 16 40 16
      vertex 8.60822 47.7301 16
    endloop
  endfacet
  facet normal 0 0 1
    outer loop
      vertex 16 40 16
      vertex 8.60822 32.2699 16
      vertex 8.89931 32.1711 16
    endloop
  endfacet
  facet normal -0 0 1
    outer loop
      vertex 8 47.65 16
      vertex 16 40 16
      vertex 8.30674 47.6701 16
    endloop
  endfacet
  facet normal 0 0 1
    outer loop
      vertex 16 40 16
      vertex 8.30674 32.3299 16
      vertex 8.60822 32.2699 16
    endloop
  endfacet
  facet normal 0 0 1
    outer loop
      vertex 8 32.35 16
      vertex 16 40 16
      vertex 8 47.65 16
    endloop
  endfacet
  facet normal 0 0 1
    outer loop
      vertex 16 40 16
      vertex 8 32.35 16
      vertex 8.30674 32.3299 16
    endloop
  endfacet
  facet normal 0 0 1
    outer loop
      vertex 7.69326 47.6701 16
      vertex 8 32.35 16
      vertex 8 47.65 16
    endloop
  endfacet
  facet normal 0 0 1
    outer loop
      vertex 7.69326 47.6701 16
      vertex 7.69326 32.3299 16
      vertex 8 32.35 16
    endloop
  endfacet
  facet normal 0 0 1
    outer loop
      vertex 7.39178 47.7301 16
      vertex 7.69326 32.3299 16
      vertex 7.69326 47.6701 16
    endloop
  endfacet
  facet normal 0 0 1
    outer loop
      vertex 7.39178 47.7301 16
      vertex 7.39178 32.2699 16
      vertex 7.69326 32.3299 16
    endloop
  endfacet
  facet normal 0 0 1
    outer loop
      vertex 7.10069 47.8289 16
      vertex 7.39178 32.2699 16
      vertex 7.39178 47.7301 16
    endloop
  endfacet
  facet normal 0 0 1
    outer loop
      vertex 7.10069 47.8289 16
      vertex 7.10069 32.1711 16
      vertex 7.39178 32.2699 16
    endloop
  endfacet
  facet normal 0 0 1
    outer loop
      vertex 6.825 47.9648 16
      vertex 7.10069 32.1711 16
      vertex 7.10069 47.8289 16
    endloop
  endfacet
  facet normal 0 0 1
    outer loop
      vertex 6.825 47.9648 16
      vertex 6.825 32.0352 16
      vertex 7.10069 32.1711 16
    endloop
  endfacet
  facet normal 0 0 1
    outer loop
      vertex 6.56941 48.1356 16
      vertex 6.825 32.0352 16
      vertex 6.825 47.9648 16
    endloop
  endfacet
  facet normal 0 0 1
    outer loop
      vertex 6.56941 48.1356 16
      vertex 6.56941 31.8644 16
      vertex 6.825 32.0352 16
    endloop
  endfacet
  facet normal 0 0 1
    outer loop
      vertex 6.3383 48.3383 16
      vertex 6.56941 31.8644 16
      vertex 6.56941 48.1356 16
    endloop
  endfacet
  facet normal 0 0 1
    outer loop
      vertex 6.3383 48.3383 16
      vertex 6.3383 31.6617 16
      vertex 6.56941 31.8644 16
    endloop
  endfacet
  facet normal 0 0 1
    outer loop
      vertex 6.13562 48.5694 16
      vertex 6.3383 31.6617 16
      vertex 6.3383 48.3383 16
    endloop
  endfacet
  facet normal 0 0 1
    outer loop
      vertex 6.13562 48.5694 16
      vertex 6.13562 31.4306 16
      vertex 6.3383 31.6617 16
    endloop
  endfacet
  facet normal 0 0 1
    outer loop
      vertex 5.96484 48.825 16
      vertex 6.13562 31.4306 16
      vertex 6.13562 48.5694 16
    endloop
  endfacet
  facet normal 0 0 1
    outer loop
      vertex 5.96484 48.825 16
      vertex 5.96484 31.175 16
      vertex 6.13562 31.4306 16
    endloop
  endfacet
  facet normal 0 0 1
    outer loop
      vertex 5.82888 49.1007 16
      vertex 5.96484 31.175 16
      vertex 5.96484 48.825 16
    endloop
  endfacet
  facet normal 0 0 1
    outer loop
      vertex 5.82888 49.1007 16
      vertex 5.82888 30.8993 16
      vertex 5.96484 31.175 16
    endloop
  endfacet
  facet normal 0 0 1
    outer loop
      vertex 5.73007 49.3918 16
      vertex 5.82888 30.8993 16
      vertex 5.82888 49.1007 16
    endloop
  endfacet
  facet normal 0 0 1
    outer loop
      vertex 5.73007 49.3918 16
      vertex 5.73007 30.6082 16
      vertex 5.82888 30.8993 16
    endloop
  endfacet
  facet normal 0 0 1
    outer loop
      vertex 5.6701 49.6933 16
      vertex 5.73007 30.6082 16
      vertex 5.73007 49.3918 16
    endloop
  endfacet
  facet normal 0 0 1
    outer loop
      vertex 5.6701 49.6933 16
      vertex 5.6701 30.3067 16
      vertex 5.73007 30.6082 16
    endloop
  endfacet
  facet normal 0 0 1
    outer loop
      vertex 5.65 50 16
      vertex 5.6701 30.3067 16
      vertex 5.6701 49.6933 16
    endloop
  endfacet
  facet normal 0 0 1
    outer loop
      vertex 5.6701 30.3067 16
      vertex 5.65 50 16
      vertex 5.65 30 16
    endloop
  endfacet
  facet normal 0 0 1
    outer loop
      vertex 10.1711 77.1007 16
      vertex 16 88 16
      vertex 10.2699 77.3918 16
    endloop
  endfacet
  facet normal 0 0 1
    outer loop
      vertex 16 40 16
      vertex 10.3299 50.3067 16
      vertex 10.35 50 16
    endloop
  endfacet
  facet normal 0 0 1
    outer loop
      vertex 16 88 16
      vertex 10.1711 77.1007 16
      vertex 16 40 16
    endloop
  endfacet
  facet normal 0 0 1
    outer loop
      vertex 16 40 16
      vertex 10.2699 50.6082 16
      vertex 10.3299 50.3067 16
    endloop
  endfacet
  facet normal -0 0 1
    outer loop
      vertex 10.1711 50.8993 16
      vertex 16 40 16
      vertex 10.1711 77.1007 16
    endloop
  endfacet
  facet normal 0 0 1
    outer loop
      vertex 16 40 16
      vertex 10.1711 50.8993 16
      vertex 10.2699 50.6082 16
    endloop
  endfacet
  facet normal -0 0 1
    outer loop
      vertex 10.0352 76.825 16
      vertex 10.1711 50.8993 16
      vertex 10.1711 77.1007 16
    endloop
  endfacet
  facet normal 0 0 1
    outer loop
      vertex 10.0352 76.825 16
      vertex 10.0352 51.175 16
      vertex 10.1711 50.8993 16
    endloop
  endfacet
  facet normal -0 0 1
    outer loop
      vertex 9.86438 76.5694 16
      vertex 10.0352 51.175 16
      vertex 10.0352 76.825 16
    endloop
  endfacet
  facet normal 0 0 1
    outer loop
      vertex 9.86438 76.5694 16
      vertex 9.86438 51.4306 16
      vertex 10.0352 51.175 16
    endloop
  endfacet
  facet normal -0 0 1
    outer loop
      vertex 9.6617 76.3383 16
      vertex 9.86438 51.4306 16
      vertex 9.86438 76.5694 16
    endloop
  endfacet
  facet normal 0 0 1
    outer loop
      vertex 9.6617 76.3383 16
      vertex 9.6617 51.6617 16
      vertex 9.86438 51.4306 16
    endloop
  endfacet
  facet normal -0 0 1
    outer loop
      vertex 9.43059 76.1356 16
      vertex 9.6617 51.6617 16
      vertex 9.6617 76.3383 16
    endloop
  endfacet
  facet normal 0 0 1
    outer loop
      vertex 9.43059 76.1356 16
      vertex 9.43059 51.8644 16
      vertex 9.6617 51.6617 16
    endloop
  endfacet
  facet normal -0 0 1
    outer loop
      vertex 9.175 75.9648 16
      vertex 9.43059 51.8644 16
      vertex 9.43059 76.1356 16
    endloop
  endfacet
  facet normal 0 0 1
    outer loop
      vertex 9.175 75.9648 16
      vertex 9.175 52.0352 16
      vertex 9.43059 51.8644 16
    endloop
  endfacet
  facet normal -0 0 1
    outer loop
      vertex 8.89931 75.8289 16
      vertex 9.175 52.0352 16
      vertex 9.175 75.9648 16
    endloop
  endfacet
  facet normal 0 0 1
    outer loop
      vertex 8.89931 75.8289 16
      vertex 8.89931 52.1711 16
      vertex 9.175 52.0352 16
    endloop
  endfacet
  facet normal -0 0 1
    outer loop
      vertex 8.60822 75.7301 16
      vertex 8.89931 52.1711 16
      vertex 8.89931 75.8289 16
    endloop
  endfacet
  facet normal 0 0 1
    outer loop
      vertex 8.60822 75.7301 16
      vertex 8.60822 52.2699 16
      vertex 8.89931 52.1711 16
    endloop
  endfacet
  facet normal -0 0 1
    outer loop
      vertex 8.30674 75.6701 16
      vertex 8.60822 52.2699 16
      vertex 8.60822 75.7301 16
    endloop
  endfacet
  facet normal 0 0 1
    outer loop
      vertex 8.30674 75.6701 16
      vertex 8.30674 52.3299 16
      vertex 8.60822 52.2699 16
    endloop
  endfacet
  facet normal -0 0 1
    outer loop
      vertex 8 75.65 16
      vertex 8.30674 52.3299 16
      vertex 8.30674 75.6701 16
    endloop
  endfacet
  facet normal 0 0 1
    outer loop
      vertex 8 75.65 16
      vertex 8 52.35 16
      vertex 8.30674 52.3299 16
    endloop
  endfacet
  facet normal 0 0 1
    outer loop
      vertex 7.69326 75.6701 16
      vertex 8 52.35 16
      vertex 8 75.65 16
    endloop
  endfacet
  facet normal 0 0 1
    outer loop
      vertex 7.69326 75.6701 16
      vertex 7.69326 52.3299 16
      vertex 8 52.35 16
    endloop
  endfacet
  facet normal 0 0 1
    outer loop
      vertex 7.39178 75.7301 16
      vertex 7.69326 52.3299 16
      vertex 7.69326 75.6701 16
    endloop
  endfacet
  facet normal 0 0 1
    outer loop
      vertex 7.39178 75.7301 16
      vertex 7.39178 52.2699 16
      vertex 7.69326 52.3299 16
    endloop
  endfacet
  facet normal 0 0 1
    outer loop
      vertex 7.10069 75.8289 16
      vertex 7.39178 52.2699 16
      vertex 7.39178 75.7301 16
    endloop
  endfacet
  facet normal 0 0 1
    outer loop
      vertex 7.10069 75.8289 16
      vertex 7.10069 52.1711 16
      vertex 7.39178 52.2699 16
    endloop
  endfacet
  facet normal 0 0 1
    outer loop
      vertex 6.825 75.9648 16
      vertex 7.10069 52.1711 16
      vertex 7.10069 75.8289 16
    endloop
  endfacet
  facet normal 0 0 1
    outer loop
      vertex 6.825 75.9648 16
      vertex 6.825 52.0352 16
      vertex 7.10069 52.1711 16
    endloop
  endfacet
  facet normal 0 0 1
    outer loop
      vertex 6.56941 76.1356 16
      vertex 6.825 52.0352 16
      vertex 6.825 75.9648 16
    endloop
  endfacet
  facet normal 0 0 1
    outer loop
      vertex 6.56941 76.1356 16
      vertex 6.56941 51.8644 16
      vertex 6.825 52.0352 16
    endloop
  endfacet
  facet normal 0 0 1
    outer loop
      vertex 6.3383 76.3383 16
      vertex 6.56941 51.8644 16
      vertex 6.56941 76.1356 16
    endloop
  endfacet
  facet normal 0 0 1
    outer loop
      vertex 6.3383 76.3383 16
      vertex 6.3383 51.6617 16
      vertex 6.56941 51.8644 16
    endloop
  endfacet
  facet normal 0 0 1
    outer loop
      vertex 6.13562 76.5694 16
      vertex 6.3383 51.6617 16
      vertex 6.3383 76.3383 16
    endloop
  endfacet
  facet normal 0 0 1
    outer loop
      vertex 6.13562 76.5694 16
      vertex 6.13562 51.4306 16
      vertex 6.3383 51.6617 16
    endloop
  endfacet
  facet normal 0 0 1
    outer loop
      vertex 5.96484 76.825 16
      vertex 6.13562 51.4306 16
      vertex 6.13562 76.5694 16
    endloop
  endfacet
  facet normal 0 0 1
    outer loop
      vertex 5.96484 76.825 16
      vertex 5.96484 51.175 16
      vertex 6.13562 51.4306 16
    endloop
  endfacet
  facet normal 0 0 1
    outer loop
      vertex 5.82888 77.1007 16
      vertex 5.96484 51.175 16
      vertex 5.96484 76.825 16
    endloop
  endfacet
  facet normal 0 0 1
    outer loop
      vertex 5.82888 77.1007 16
      vertex 5.82888 50.8993 16
      vertex 5.96484 51.175 16
    endloop
  endfacet
  facet normal 0 0 1
    outer loop
      vertex 5.73007 77.3918 16
      vertex 5.82888 50.8993 16
      vertex 5.82888 77.1007 16
    endloop
  endfacet
  facet normal 0 0 1
    outer loop
      vertex 5.73007 77.3918 16
      vertex 5.73007 50.6082 16
      vertex 5.82888 50.8993 16
    endloop
  endfacet
  facet normal 0 0 1
    outer loop
      vertex 5.6701 77.6933 16
      vertex 5.73007 50.6082 16
      vertex 5.73007 77.3918 16
    endloop
  endfacet
  facet normal 0 0 1
    outer loop
      vertex 5.6701 77.6933 16
      vertex 5.6701 50.3067 16
      vertex 5.73007 50.6082 16
    endloop
  endfacet
  facet normal 0 0 1
    outer loop
      vertex 5.65 78 16
      vertex 5.6701 50.3067 16
      vertex 5.6701 77.6933 16
    endloop
  endfacet
  facet normal 0 0 1
    outer loop
      vertex 5.6701 50.3067 16
      vertex 5.65 78 16
      vertex 5.65 50 16
    endloop
  endfacet
  facet normal 0 0 1
    outer loop
      vertex 21.7 95.3 16
      vertex 10.1711 97.1007 16
      vertex 21.7197 94.9998 16
    endloop
  endfacet
  facet normal 0 0 1
    outer loop
      vertex 16 88 16
      vertex 10.3299 78.3067 16
      vertex 10.35 78 16
    endloop
  endfacet
  facet normal -0 0 1
    outer loop
      vertex 10.0352 96.825 16
      vertex 21.7197 94.9998 16
      vertex 10.1711 97.1007 16
    endloop
  endfacet
  facet normal 0 0 1
    outer loop
      vertex 16 88 16
      vertex 10.2699 78.6082 16
      vertex 10.3299 78.3067 16
    endloop
  endfacet
  facet normal 0 0 1
    outer loop
      vertex 21.7197 94.9998 16
      vertex 10.0352 96.825 16
      vertex 16 88 16
    endloop
  endfacet
  facet normal 0 0 1
    outer loop
      vertex 16 88 16
      vertex 10.1711 78.8993 16
      vertex 10.2699 78.6082 16
    endloop
  endfacet
  facet normal -0 0 1
    outer loop
      vertex 9.86438 96.5694 16
      vertex 16 88 16
      vertex 10.0352 96.825 16
    endloop
  endfacet
  facet normal 0 0 1
    outer loop
      vertex 16 88 16
      vertex 10.0352 79.175 16
      vertex 10.1711 78.8993 16
    endloop
  endfacet
  facet normal -0 0 1
    outer loop
      vertex 9.6617 96.3383 16
      vertex 16 88 16
      vertex 9.86438 96.5694 16
    endloop
  endfacet
  facet normal 0 0 1
    outer loop
      vertex 16 88 16
      vertex 9.86438 79.4306 16
      vertex 10.0352 79.175 16
    endloop
  endfacet
  facet normal -0 0 1
    outer loop
      vertex 9.43059 96.1356 16
      vertex 16 88 16
      vertex 9.6617 96.3383 16
    endloop
  endfacet
  facet normal 0 0 1
    outer loop
      vertex 16 88 16
      vertex 9.6617 79.6617 16
      vertex 9.86438 79.4306 16
    endloop
  endfacet
  facet normal -0 0 1
    outer loop
      vertex 9.175 95.9648 16
      vertex 16 88 16
      vertex 9.43059 96.1356 16
    endloop
  endfacet
  facet normal 0 0 1
    outer loop
      vertex 16 88 16
      vertex 9.43059 79.8644 16
      vertex 9.6617 79.6617 16
    endloop
  endfacet
  facet normal -0 0 1
    outer loop
      vertex 8.89931 95.8289 16
      vertex 16 88 16
      vertex 9.175 95.9648 16
    endloop
  endfacet
  facet normal 0 0 1
    outer loop
      vertex 16 88 16
      vertex 9.175 80.0352 16
      vertex 9.43059 79.8644 16
    endloop
  endfacet
  facet normal -0 0 1
    outer loop
      vertex 8.60822 95.7301 16
      vertex 16 88 16
      vertex 8.89931 95.8289 16
    endloop
  endfacet
  facet normal 0 0 1
    outer loop
      vertex 16 88 16
      vertex 8.89931 80.1711 16
      vertex 9.175 80.0352 16
    endloop
  endfacet
  facet normal -0 0 1
    outer loop
      vertex 8.30674 95.6701 16
      vertex 16 88 16
      vertex 8.60822 95.7301 16
    endloop
  endfacet
  facet normal 0 0 1
    outer loop
      vertex 16 88 16
      vertex 8.60822 80.2699 16
      vertex 8.89931 80.1711 16
    endloop
  endfacet
  facet normal -0 0 1
    outer loop
      vertex 8 95.65 16
      vertex 16 88 16
      vertex 8.30674 95.6701 16
    endloop
  endfacet
  facet normal 0 0 1
    outer loop
      vertex 16 88 16
      vertex 8.30674 80.3299 16
      vertex 8.60822 80.2699 16
    endloop
  endfacet
  facet normal 0 0 1
    outer loop
      vertex 8 80.35 16
      vertex 16 88 16
      vertex 8 95.65 16
    endloop
  endfacet
  facet normal 0 0 1
    outer loop
      vertex 16 88 16
      vertex 8 80.35 16
      vertex 8.30674 80.3299 16
    endloop
  endfacet
  facet normal 0 0 1
    outer loop
      vertex 7.69326 95.6701 16
      vertex 8 80.35 16
      vertex 8 95.65 16
    endloop
  endfacet
  facet normal 0 0 1
    outer loop
      vertex 7.69326 95.6701 16
      vertex 7.69326 80.3299 16
      vertex 8 80.35 16
    endloop
  endfacet
  facet normal 0 0 1
    outer loop
      vertex 7.39178 95.7301 16
      vertex 7.69326 80.3299 16
      vertex 7.69326 95.6701 16
    endloop
  endfacet
  facet normal 0 0 1
    outer loop
      vertex 7.39178 95.7301 16
      vertex 7.39178 80.2699 16
      vertex 7.69326 80.3299 16
    endloop
  endfacet
  facet normal 0 0 1
    outer loop
      vertex 7.10069 95.8289 16
      vertex 7.39178 80.2699 16
      vertex 7.39178 95.7301 16
    endloop
  endfacet
  facet normal 0 0 1
    outer loop
      vertex 7.10069 95.8289 16
      vertex 7.10069 80.1711 16
      vertex 7.39178 80.2699 16
    endloop
  endfacet
  facet normal 0 0 1
    outer loop
      vertex 6.825 95.9648 16
      vertex 7.10069 80.1711 16
      vertex 7.10069 95.8289 16
    endloop
  endfacet
  facet normal 0 0 1
    outer loop
      vertex 6.825 95.9648 16
      vertex 6.825 80.0352 16
      vertex 7.10069 80.1711 16
    endloop
  endfacet
  facet normal 0 0 1
    outer loop
      vertex 6.56941 96.1356 16
      vertex 6.825 80.0352 16
      vertex 6.825 95.9648 16
    endloop
  endfacet
  facet normal 0 0 1
    outer loop
      vertex 6.56941 96.1356 16
      vertex 6.56941 79.8644 16
      vertex 6.825 80.0352 16
    endloop
  endfacet
  facet normal 0 0 1
    outer loop
      vertex 6.3383 96.3383 16
      vertex 6.56941 79.8644 16
      vertex 6.56941 96.1356 16
    endloop
  endfacet
  facet normal 0 0 1
    outer loop
      vertex 6.3383 96.3383 16
      vertex 6.3383 79.6617 16
      vertex 6.56941 79.8644 16
    endloop
  endfacet
  facet normal 0 0 1
    outer loop
      vertex 6.13562 96.5694 16
      vertex 6.3383 79.6617 16
      vertex 6.3383 96.3383 16
    endloop
  endfacet
  facet normal 0 0 1
    outer loop
      vertex 6.13562 96.5694 16
      vertex 6.13562 79.4306 16
      vertex 6.3383 79.6617 16
    endloop
  endfacet
  facet normal 0 0 1
    outer loop
      vertex 5.96484 96.825 16
      vertex 6.13562 79.4306 16
      vertex 6.13562 96.5694 16
    endloop
  endfacet
  facet normal 0 0 1
    outer loop
      vertex 5.96484 96.825 16
      vertex 5.96484 79.175 16
      vertex 6.13562 79.4306 16
    endloop
  endfacet
  facet normal 0 0 1
    outer loop
      vertex 5.82888 97.1007 16
      vertex 5.96484 79.175 16
      vertex 5.96484 96.825 16
    endloop
  endfacet
  facet normal 0 0 1
    outer loop
      vertex 5.82888 97.1007 16
      vertex 5.82888 78.8993 16
      vertex 5.96484 79.175 16
    endloop
  endfacet
  facet normal 0 0 1
    outer loop
      vertex 5.73007 97.3918 16
      vertex 5.82888 78.8993 16
      vertex 5.82888 97.1007 16
    endloop
  endfacet
  facet normal 0 0 1
    outer loop
      vertex 5.73007 97.3918 16
      vertex 5.73007 78.6082 16
      vertex 5.82888 78.8993 16
    endloop
  endfacet
  facet normal 0 0 1
    outer loop
      vertex 5.6701 97.6933 16
      vertex 5.73007 78.6082 16
      vertex 5.73007 97.3918 16
    endloop
  endfacet
  facet normal 0 0 1
    outer loop
      vertex 5.6701 97.6933 16
      vertex 5.6701 78.3067 16
      vertex 5.73007 78.6082 16
    endloop
  endfacet
  facet normal 0 0 1
    outer loop
      vertex 5.65 98 16
      vertex 5.6701 78.3067 16
      vertex 5.6701 97.6933 16
    endloop
  endfacet
  facet normal 0 0 1
    outer loop
      vertex 5.6701 78.3067 16
      vertex 5.65 98 16
      vertex 5.65 78 16
    endloop
  endfacet
  facet normal 0 0 1
    outer loop
      vertex 21.7 21.7 16
      vertex 15.3 21.7 16
      vertex 21.7 15.3 16
    endloop
  endfacet
  facet normal -0 0 1
    outer loop
      vertex 15.3 101.7 16
      vertex 21.7 95.3 16
      vertex 21.7 101.7 16
    endloop
  endfacet
  facet normal 0 0 1
    outer loop
      vertex 10.2699 97.3918 16
      vertex 15.3 101.7 16
      vertex 10.3299 97.6933 16
    endloop
  endfacet
  facet normal 0 0 1
    outer loop
      vertex 14.9998 101.72 16
      vertex 10.3299 97.6933 16
      vertex 15.3 101.7 16
    endloop
  endfacet
  facet normal -0 0 1
    outer loop
      vertex 34.9216 24.5953 16
      vertex 40 16 16
      vertex 40 40 16
    endloop
  endfacet
  facet normal 0 0 1
    outer loop
      vertex 40 16 16
      vertex 34.9803 24.3002 16
      vertex 35 24 16
    endloop
  endfacet
  facet normal 0 0 1
    outer loop
      vertex 40 16 16
      vertex 34.9216 24.5953 16
      vertex 34.9803 24.3002 16
    endloop
  endfacet
  facet normal 0 0 1
    outer loop
      vertex 40 40 16
      vertex 34.8249 24.8802 16
      vertex 34.9216 24.5953 16
    endloop
  endfacet
  facet normal 0 0 1
    outer loop
      vertex 40 40 16
      vertex 34.6918 25.15 16
      vertex 34.8249 24.8802 16
    endloop
  endfacet
  facet normal 0 0 1
    outer loop
      vertex 40 40 16
      vertex 34.5247 25.4001 16
      vertex 34.6918 25.15 16
    endloop
  endfacet
  facet normal 0 0 1
    outer loop
      vertex 40 40 16
      vertex 34.3263 25.6263 16
      vertex 34.5247 25.4001 16
    endloop
  endfacet
  facet normal 0 0 1
    outer loop
      vertex 40 40 16
      vertex 34.1001 25.8247 16
      vertex 34.3263 25.6263 16
    endloop
  endfacet
  facet normal 0 0 1
    outer loop
      vertex 40 40 16
      vertex 33.85 25.9919 16
      vertex 34.1001 25.8247 16
    endloop
  endfacet
  facet normal 0 0 1
    outer loop
      vertex 40 40 16
      vertex 33.5802 26.1249 16
      vertex 33.85 25.9919 16
    endloop
  endfacet
  facet normal 0 0 1
    outer loop
      vertex 40 40 16
      vertex 33.2953 26.2216 16
      vertex 33.5802 26.1249 16
    endloop
  endfacet
  facet normal 0 0 1
    outer loop
      vertex 40 40 16
      vertex 33.0002 26.2803 16
      vertex 33.2953 26.2216 16
    endloop
  endfacet
  facet normal -0 0 1
    outer loop
      vertex 26.2803 33.0002 16
      vertex 33.0002 26.2803 16
      vertex 40 40 16
    endloop
  endfacet
  facet normal 0 0 1
    outer loop
      vertex 33.0002 26.2803 16
      vertex 26.2803 33.0002 16
      vertex 32.7 26.3 16
    endloop
  endfacet
  facet normal 0 0 1
    outer loop
      vertex 32.7 26.3 16
      vertex 26.2803 33.0002 16
      vertex 26.3 32.7 16
    endloop
  endfacet
  facet normal 0 0 1
    outer loop
      vertex 40 40 16
      vertex 26.2216 33.2953 16
      vertex 26.2803 33.0002 16
    endloop
  endfacet
  facet normal 0 0 1
    outer loop
      vertex 40 40 16
      vertex 26.1249 33.5802 16
      vertex 26.2216 33.2953 16
    endloop
  endfacet
  facet normal 0 0 1
    outer loop
      vertex 40 40 16
      vertex 25.9919 33.85 16
      vertex 26.1249 33.5802 16
    endloop
  endfacet
  facet normal 0 0 1
    outer loop
      vertex 40 40 16
      vertex 25.8247 34.1001 16
      vertex 25.9919 33.85 16
    endloop
  endfacet
  facet normal 0 0 1
    outer loop
      vertex 40 40 16
      vertex 25.6263 34.3263 16
      vertex 25.8247 34.1001 16
    endloop
  endfacet
  facet normal 0 0 1
    outer loop
      vertex 40 40 16
      vertex 25.4001 34.5247 16
      vertex 25.6263 34.3263 16
    endloop
  endfacet
  facet normal 0 0 1
    outer loop
      vertex 40 40 16
      vertex 25.15 34.6918 16
      vertex 25.4001 34.5247 16
    endloop
  endfacet
  facet normal 0 0 1
    outer loop
      vertex 40 40 16
      vertex 24.8802 34.8249 16
      vertex 25.15 34.6918 16
    endloop
  endfacet
  facet normal 0 0 1
    outer loop
      vertex 40 40 16
      vertex 24.5953 34.9216 16
      vertex 24.8802 34.8249 16
    endloop
  endfacet
  facet normal -0 0 1
    outer loop
      vertex 16 40 16
      vertex 24.5953 34.9216 16
      vertex 40 40 16
    endloop
  endfacet
  facet normal 0 0 1
    outer loop
      vertex 24.5953 34.9216 16
      vertex 16 40 16
      vertex 24.3002 34.9803 16
    endloop
  endfacet
  facet normal 0 0 1
    outer loop
      vertex 24.3002 34.9803 16
      vertex 16 40 16
      vertex 24 35 16
    endloop
  endfacet
  facet normal 0 0 1
    outer loop
      vertex 24 35 16
      vertex 16 40 16
      vertex 23.6998 34.9803 16
    endloop
  endfacet
  facet normal 0 0 1
    outer loop
      vertex 23.6998 34.9803 16
      vertex 16 40 16
      vertex 23.4047 34.9216 16
    endloop
  endfacet
  facet normal 0 0 1
    outer loop
      vertex 16 40 16
      vertex 23.1198 34.8249 16
      vertex 23.4047 34.9216 16
    endloop
  endfacet
  facet normal 0 0 1
    outer loop
      vertex 16 40 16
      vertex 22.85 34.6918 16
      vertex 23.1198 34.8249 16
    endloop
  endfacet
  facet normal 0 0 1
    outer loop
      vertex 16 40 16
      vertex 22.5999 34.5247 16
      vertex 22.85 34.6918 16
    endloop
  endfacet
  facet normal 0 0 1
    outer loop
      vertex 16 40 16
      vertex 22.3737 34.3263 16
      vertex 22.5999 34.5247 16
    endloop
  endfacet
  facet normal 0 0 1
    outer loop
      vertex 16 40 16
      vertex 22.1753 34.1001 16
      vertex 22.3737 34.3263 16
    endloop
  endfacet
  facet normal 0 0 1
    outer loop
      vertex 16 40 16
      vertex 22.0081 33.85 16
      vertex 22.1753 34.1001 16
    endloop
  endfacet
  facet normal 0 0 1
    outer loop
      vertex 16 40 16
      vertex 21.8751 33.5802 16
      vertex 22.0081 33.85 16
    endloop
  endfacet
  facet normal 0 0 1
    outer loop
      vertex 16 40 16
      vertex 21.7784 33.2953 16
      vertex 21.8751 33.5802 16
    endloop
  endfacet
  facet normal 0 0 1
    outer loop
      vertex 16 40 16
      vertex 21.7197 33.0002 16
      vertex 21.7784 33.2953 16
    endloop
  endfacet
  facet normal 0 0 1
    outer loop
      vertex 10.35 30 16
      vertex 21.7197 33.0002 16
      vertex 16 40 16
    endloop
  endfacet
  facet normal 0 0 1
    outer loop
      vertex 21.7197 33.0002 16
      vertex 10.35 30 16
      vertex 21.7 32.7 16
    endloop
  endfacet
  facet normal 0 0 1
    outer loop
      vertex 21.7 32.7 16
      vertex 15.3 26.3 16
      vertex 21.7 26.3 16
    endloop
  endfacet
  facet normal 0 0 1
    outer loop
      vertex 10.3299 77.6933 16
      vertex 16 88 16
      vertex 10.35 78 16
    endloop
  endfacet
  facet normal 0 0 1
    outer loop
      vertex 10.3299 97.6933 16
      vertex 14.9998 101.72 16
      vertex 10.35 98 16
    endloop
  endfacet
  facet normal 0 0 1
    outer loop
      vertex 10.2699 77.3918 16
      vertex 16 88 16
      vertex 10.3299 77.6933 16
    endloop
  endfacet
  facet normal 0 0 1
    outer loop
      vertex 10.35 98 16
      vertex 14.9998 101.72 16
      vertex 14.7047 101.778 16
    endloop
  endfacet
  facet normal -0 0 1
    outer loop
      vertex 10.3299 49.6933 16
      vertex 16 40 16
      vertex 10.35 50 16
    endloop
  endfacet
  facet normal 0 0 1
    outer loop
      vertex 10.3299 98.3067 16
      vertex 14.7047 101.778 16
      vertex 14.4198 101.875 16
    endloop
  endfacet
  facet normal 0 0 1
    outer loop
      vertex 21.7 32.7 16
      vertex 10.35 30 16
      vertex 15.3 26.3 16
    endloop
  endfacet
  facet normal 0 0 1
    outer loop
      vertex 10.2699 98.6082 16
      vertex 14.4198 101.875 16
      vertex 14.15 102.008 16
    endloop
  endfacet
  facet normal 0 0 1
    outer loop
      vertex 15.3 26.3 16
      vertex 10.35 30 16
      vertex 14.9998 26.2803 16
    endloop
  endfacet
  facet normal 0 0 1
    outer loop
      vertex 10.1711 98.8993 16
      vertex 14.15 102.008 16
      vertex 13.8999 102.175 16
    endloop
  endfacet
  facet normal 0 0 1
    outer loop
      vertex 14.9998 26.2803 16
      vertex 10.35 30 16
      vertex 14.7047 26.2216 16
    endloop
  endfacet
  facet normal 0 0 1
    outer loop
      vertex 10.0352 99.175 16
      vertex 13.8999 102.175 16
      vertex 13.6737 102.374 16
    endloop
  endfacet
  facet normal -0 0 1
    outer loop
      vertex 10.3299 29.6933 16
      vertex 14.7047 26.2216 16
      vertex 10.35 30 16
    endloop
  endfacet
  facet normal 0 0 1
    outer loop
      vertex 9.86438 99.4306 16
      vertex 13.6737 102.374 16
      vertex 13.4753 102.6 16
    endloop
  endfacet
  facet normal 0 0 1
    outer loop
      vertex 14.7047 26.2216 16
      vertex 10.3299 29.6933 16
      vertex 14.4198 26.1249 16
    endloop
  endfacet
  facet normal 0 0 1
    outer loop
      vertex 9.6617 99.6617 16
      vertex 13.4753 102.6 16
      vertex 13.3082 102.85 16
    endloop
  endfacet
  facet normal -0 0 1
    outer loop
      vertex 10.2699 29.3918 16
      vertex 14.4198 26.1249 16
      vertex 10.3299 29.6933 16
    endloop
  endfacet
  facet normal 0 0 1
    outer loop
      vertex 9.43059 99.8644 16
      vertex 13.3082 102.85 16
      vertex 13.1751 103.12 16
    endloop
  endfacet
  facet normal 0 0 1
    outer loop
      vertex 14.4198 26.1249 16
      vertex 10.2699 29.3918 16
      vertex 14.15 25.9919 16
    endloop
  endfacet
  facet normal 0 0 1
    outer loop
      vertex 9.175 100.035 16
      vertex 13.1751 103.12 16
      vertex 13.0784 103.405 16
    endloop
  endfacet
  facet normal -0 0 1
    outer loop
      vertex 10.1711 29.1007 16
      vertex 14.15 25.9919 16
      vertex 10.2699 29.3918 16
    endloop
  endfacet
  facet normal 0 0 1
    outer loop
      vertex 8.89931 100.171 16
      vertex 13.0784 103.405 16
      vertex 13.0197 103.7 16
    endloop
  endfacet
  facet normal 0 0 1
    outer loop
      vertex 14.15 25.9919 16
      vertex 10.1711 29.1007 16
      vertex 13.8999 25.8247 16
    endloop
  endfacet
  facet normal 0 0 1
    outer loop
      vertex 8.60822 100.27 16
      vertex 13.0197 103.7 16
      vertex 13 104 16
    endloop
  endfacet
  facet normal -0 0 1
    outer loop
      vertex 10.0352 28.825 16
      vertex 13.8999 25.8247 16
      vertex 10.1711 29.1007 16
    endloop
  endfacet
  facet normal 0 0 1
    outer loop
      vertex 34.9216 103.405 16
      vertex 40 112 16
      vertex 34.9803 103.7 16
    endloop
  endfacet
  facet normal 0 0 1
    outer loop
      vertex 40 112 16
      vertex 34.9216 103.405 16
      vertex 40 88 16
    endloop
  endfacet
  facet normal -0 0 1
    outer loop
      vertex 34.8249 103.12 16
      vertex 40 88 16
      vertex 34.9216 103.405 16
    endloop
  endfacet
  facet normal -0 0 1
    outer loop
      vertex 34.6918 102.85 16
      vertex 40 88 16
      vertex 34.8249 103.12 16
    endloop
  endfacet
  facet normal -0 0 1
    outer loop
      vertex 34.5247 102.6 16
      vertex 40 88 16
      vertex 34.6918 102.85 16
    endloop
  endfacet
  facet normal -0 0 1
    outer loop
      vertex 34.3263 102.374 16
      vertex 40 88 16
      vertex 34.5247 102.6 16
    endloop
  endfacet
  facet normal -0 0 1
    outer loop
      vertex 34.1001 102.175 16
      vertex 40 88 16
      vertex 34.3263 102.374 16
    endloop
  endfacet
  facet normal -0 0 1
    outer loop
      vertex 33.85 102.008 16
      vertex 40 88 16
      vertex 34.1001 102.175 16
    endloop
  endfacet
  facet normal -0 0 1
    outer loop
      vertex 33.5802 101.875 16
      vertex 40 88 16
      vertex 33.85 102.008 16
    endloop
  endfacet
  facet normal -0 0 1
    outer loop
      vertex 33.2953 101.778 16
      vertex 40 88 16
      vertex 33.5802 101.875 16
    endloop
  endfacet
  facet normal -0 0 1
    outer loop
      vertex 33.0002 101.72 16
      vertex 40 88 16
      vertex 33.2953 101.778 16
    endloop
  endfacet
  facet normal 0 0 1
    outer loop
      vertex 26.2803 94.9998 16
      vertex 33.0002 101.72 16
      vertex 32.7 101.7 16
    endloop
  endfacet
  facet normal 0 0 1
    outer loop
      vertex 26.3 95.3 16
      vertex 32.7 101.7 16
      vertex 26.3 101.7 16
    endloop
  endfacet
  facet normal 0 0 1
    outer loop
      vertex 26.2803 94.9998 16
      vertex 32.7 101.7 16
      vertex 26.3 95.3 16
    endloop
  endfacet
  facet normal 0 0 1
    outer loop
      vertex 33.0002 101.72 16
      vertex 26.2803 94.9998 16
      vertex 40 88 16
    endloop
  endfacet
  facet normal -0 0 1
    outer loop
      vertex 26.2216 94.7047 16
      vertex 40 88 16
      vertex 26.2803 94.9998 16
    endloop
  endfacet
  facet normal -0 0 1
    outer loop
      vertex 26.1249 94.4198 16
      vertex 40 88 16
      vertex 26.2216 94.7047 16
    endloop
  endfacet
  facet normal -0 0 1
    outer loop
      vertex 25.9919 94.15 16
      vertex 40 88 16
      vertex 26.1249 94.4198 16
    endloop
  endfacet
  facet normal -0 0 1
    outer loop
      vertex 25.8247 93.8999 16
      vertex 40 88 16
      vertex 25.9919 94.15 16
    endloop
  endfacet
  facet normal -0 0 1
    outer loop
      vertex 25.6263 93.6737 16
      vertex 40 88 16
      vertex 25.8247 93.8999 16
    endloop
  endfacet
  facet normal -0 0 1
    outer loop
      vertex 25.4001 93.4753 16
      vertex 40 88 16
      vertex 25.6263 93.6737 16
    endloop
  endfacet
  facet normal -0 0 1
    outer loop
      vertex 25.15 93.3082 16
      vertex 40 88 16
      vertex 25.4001 93.4753 16
    endloop
  endfacet
  facet normal -0 0 1
    outer loop
      vertex 24.8802 93.1751 16
      vertex 40 88 16
      vertex 25.15 93.3082 16
    endloop
  endfacet
  facet normal -0 0 1
    outer loop
      vertex 24.5953 93.0784 16
      vertex 40 88 16
      vertex 24.8802 93.1751 16
    endloop
  endfacet
  facet normal 0 0 1
    outer loop
      vertex 16 88 16
      vertex 24.5953 93.0784 16
      vertex 24.3002 93.0197 16
    endloop
  endfacet
  facet normal 0 0 1
    outer loop
      vertex 16 88 16
      vertex 24.3002 93.0197 16
      vertex 24 93 16
    endloop
  endfacet
  facet normal 0 0 1
    outer loop
      vertex 16 88 16
      vertex 24 93 16
      vertex 23.6998 93.0197 16
    endloop
  endfacet
  facet normal 0 0 1
    outer loop
      vertex 16 88 16
      vertex 23.6998 93.0197 16
      vertex 23.4047 93.0784 16
    endloop
  endfacet
  facet normal 0 0 1
    outer loop
      vertex 24.5953 93.0784 16
      vertex 16 88 16
      vertex 40 88 16
    endloop
  endfacet
  facet normal 0 0 1
    outer loop
      vertex 23.1198 93.1751 16
      vertex 16 88 16
      vertex 23.4047 93.0784 16
    endloop
  endfacet
  facet normal 0 0 1
    outer loop
      vertex 22.85 93.3082 16
      vertex 16 88 16
      vertex 23.1198 93.1751 16
    endloop
  endfacet
  facet normal 0 0 1
    outer loop
      vertex 22.5999 93.4753 16
      vertex 16 88 16
      vertex 22.85 93.3082 16
    endloop
  endfacet
  facet normal 0 0 1
    outer loop
      vertex 22.3737 93.6737 16
      vertex 16 88 16
      vertex 22.5999 93.4753 16
    endloop
  endfacet
  facet normal 0 0 1
    outer loop
      vertex 22.1753 93.8999 16
      vertex 16 88 16
      vertex 22.3737 93.6737 16
    endloop
  endfacet
  facet normal 0 0 1
    outer loop
      vertex 22.0081 94.15 16
      vertex 16 88 16
      vertex 22.1753 93.8999 16
    endloop
  endfacet
  facet normal 0 0 1
    outer loop
      vertex 21.8751 94.4198 16
      vertex 16 88 16
      vertex 22.0081 94.15 16
    endloop
  endfacet
  facet normal 0 0 1
    outer loop
      vertex 21.7784 94.7047 16
      vertex 16 88 16
      vertex 21.8751 94.4198 16
    endloop
  endfacet
  facet normal 0 0 1
    outer loop
      vertex 21.7197 94.9998 16
      vertex 16 88 16
      vertex 21.7784 94.7047 16
    endloop
  endfacet
  facet normal 0 0 1
    outer loop
      vertex 15.3 101.7 16
      vertex 10.2699 97.3918 16
      vertex 21.7 95.3 16
    endloop
  endfacet
  facet normal 0 0 1
    outer loop
      vertex 32.7 106.3 16
      vertex 26.3 112.7 16
      vertex 26.3 106.3 16
    endloop
  endfacet
  facet normal 0 0 1
    outer loop
      vertex 32.7 26.3 16
      vertex 26.3 32.7 16
      vertex 26.3 26.3 16
    endloop
  endfacet
  facet normal 0 0 1
    outer loop
      vertex 229.7 101.7 16
      vertex 223.3 101.7 16
      vertex 229.7 95.3 16
    endloop
  endfacet
  facet normal 0 0 1
    outer loop
      vertex 240 40 16
      vertex 234.28 33.0002 16
      vertex 234.3 32.7 16
    endloop
  endfacet
  facet normal 0 0 1
    outer loop
      vertex 240 40 16
      vertex 234.222 33.2953 16
      vertex 234.28 33.0002 16
    endloop
  endfacet
  facet normal 0 0 1
    outer loop
      vertex 240 40 16
      vertex 234.125 33.5802 16
      vertex 234.222 33.2953 16
    endloop
  endfacet
  facet normal 0 0 1
    outer loop
      vertex 240 40 16
      vertex 233.992 33.85 16
      vertex 234.125 33.5802 16
    endloop
  endfacet
  facet normal 0 0 1
    outer loop
      vertex 240 40 16
      vertex 233.825 34.1001 16
      vertex 233.992 33.85 16
    endloop
  endfacet
  facet normal 0 0 1
    outer loop
      vertex 240 40 16
      vertex 233.626 34.3263 16
      vertex 233.825 34.1001 16
    endloop
  endfacet
  facet normal 0 0 1
    outer loop
      vertex 240 40 16
      vertex 233.4 34.5247 16
      vertex 233.626 34.3263 16
    endloop
  endfacet
  facet normal 0 0 1
    outer loop
      vertex 240 40 16
      vertex 233.15 34.6918 16
      vertex 233.4 34.5247 16
    endloop
  endfacet
  facet normal 0 0 1
    outer loop
      vertex 240 40 16
      vertex 232.88 34.8249 16
      vertex 233.15 34.6918 16
    endloop
  endfacet
  facet normal 0 0 1
    outer loop
      vertex 240 40 16
      vertex 232.595 34.9216 16
      vertex 232.88 34.8249 16
    endloop
  endfacet
  facet normal 0 0 1
    outer loop
      vertex 240 40 16
      vertex 232.3 34.9803 16
      vertex 232.595 34.9216 16
    endloop
  endfacet
  facet normal 0 0 1
    outer loop
      vertex 240 40 16
      vertex 232 35 16
      vertex 232.3 34.9803 16
    endloop
  endfacet
  facet normal 0 0 1
    outer loop
      vertex 240 40 16
      vertex 231.7 34.9803 16
      vertex 232 35 16
    endloop
  endfacet
  facet normal 0 0 1
    outer loop
      vertex 240 40 16
      vertex 231.405 34.9216 16
      vertex 231.7 34.9803 16
    endloop
  endfacet
  facet normal -0 0 1
    outer loop
      vertex 216 40 16
      vertex 231.405 34.9216 16
      vertex 240 40 16
    endloop
  endfacet
  facet normal 0 0 1
    outer loop
      vertex 231.405 34.9216 16
      vertex 216 40 16
      vertex 231.12 34.8249 16
    endloop
  endfacet
  facet normal 0 0 1
    outer loop
      vertex 229.7 32.7 16
      vertex 223.3 26.3 16
      vertex 229.7 26.3 16
    endloop
  endfacet
  facet normal 0 0 1
    outer loop
      vertex 229.72 33.0002 16
      vertex 223.3 26.3 16
      vertex 229.7 32.7 16
    endloop
  endfacet
  facet normal 0 0 1
    outer loop
      vertex 216 40 16
      vertex 229.72 33.0002 16
      vertex 229.778 33.2953 16
    endloop
  endfacet
  facet normal 0 0 1
    outer loop
      vertex 216 40 16
      vertex 229.778 33.2953 16
      vertex 229.875 33.5802 16
    endloop
  endfacet
  facet normal 0 0 1
    outer loop
      vertex 216 40 16
      vertex 229.875 33.5802 16
      vertex 230.008 33.85 16
    endloop
  endfacet
  facet normal 0 0 1
    outer loop
      vertex 216 40 16
      vertex 230.008 33.85 16
      vertex 230.175 34.1001 16
    endloop
  endfacet
  facet normal 0 0 1
    outer loop
      vertex 216 40 16
      vertex 230.175 34.1001 16
      vertex 230.374 34.3263 16
    endloop
  endfacet
  facet normal 0 0 1
    outer loop
      vertex 229.72 33.0002 16
      vertex 223 26.2803 16
      vertex 223.3 26.3 16
    endloop
  endfacet
  facet normal 0 0 1
    outer loop
      vertex 229.72 33.0002 16
      vertex 216 40 16
      vertex 223 26.2803 16
    endloop
  endfacet
  facet normal 0 0 1
    outer loop
      vertex 223 26.2803 16
      vertex 216 40 16
      vertex 222.705 26.2216 16
    endloop
  endfacet
  facet normal 0 0 1
    outer loop
      vertex 222.705 26.2216 16
      vertex 216 40 16
      vertex 222.42 26.1249 16
    endloop
  endfacet
  facet normal 0 0 1
    outer loop
      vertex 222.42 26.1249 16
      vertex 216 40 16
      vertex 222.15 25.9919 16
    endloop
  endfacet
  facet normal 0 0 1
    outer loop
      vertex 222.15 25.9919 16
      vertex 216 40 16
      vertex 221.9 25.8247 16
    endloop
  endfacet
  facet normal 0 0 1
    outer loop
      vertex 221.078 24.5953 16
      vertex 216 16 16
      vertex 221.02 24.3002 16
    endloop
  endfacet
  facet normal 0 0 1
    outer loop
      vertex 216 16 16
      vertex 221.078 24.5953 16
      vertex 216 40 16
    endloop
  endfacet
  facet normal 0 0 1
    outer loop
      vertex 221.175 24.8802 16
      vertex 216 40 16
      vertex 221.078 24.5953 16
    endloop
  endfacet
  facet normal 0 0 1
    outer loop
      vertex 221.308 25.15 16
      vertex 216 40 16
      vertex 221.175 24.8802 16
    endloop
  endfacet
  facet normal 0 0 1
    outer loop
      vertex 221.475 25.4001 16
      vertex 216 40 16
      vertex 221.308 25.15 16
    endloop
  endfacet
  facet normal 0 0 1
    outer loop
      vertex 221.674 25.6263 16
      vertex 216 40 16
      vertex 221.475 25.4001 16
    endloop
  endfacet
  facet normal 0 0 1
    outer loop
      vertex 221.9 25.8247 16
      vertex 216 40 16
      vertex 221.674 25.6263 16
    endloop
  endfacet
  facet normal 0 0 1
    outer loop
      vertex 230.6 34.5247 16
      vertex 216 40 16
      vertex 230.374 34.3263 16
    endloop
  endfacet
  facet normal 0 0 1
    outer loop
      vertex 230.85 34.6918 16
      vertex 216 40 16
      vertex 230.6 34.5247 16
    endloop
  endfacet
  facet normal 0 0 1
    outer loop
      vertex 231.12 34.8249 16
      vertex 216 40 16
      vertex 230.85 34.6918 16
    endloop
  endfacet
  facet normal 0 0 1
    outer loop
      vertex 245.829 78.8993 16
      vertex 240 88 16
      vertex 245.73 78.6082 16
    endloop
  endfacet
  facet normal 0 0 1
    outer loop
      vertex 245.65 50 16
      vertex 242.98 24.3002 16
      vertex 243 24 16
    endloop
  endfacet
  facet normal 0 0 1
    outer loop
      vertex 245.65 78 16
      vertex 240 88 16
      vertex 245.65 50 16
    endloop
  endfacet
  facet normal 0 0 1
    outer loop
      vertex 245.65 50 16
      vertex 242.922 24.5953 16
      vertex 242.98 24.3002 16
    endloop
  endfacet
  facet normal 0 0 1
    outer loop
      vertex 245.73 78.6082 16
      vertex 240 88 16
      vertex 245.67 78.3067 16
    endloop
  endfacet
  facet normal 0 0 1
    outer loop
      vertex 240 40 16
      vertex 245.65 50 16
      vertex 240 88 16
    endloop
  endfacet
  facet normal 0 0 1
    outer loop
      vertex 245.67 78.3067 16
      vertex 240 88 16
      vertex 245.65 78 16
    endloop
  endfacet
  facet normal 0 -0 1
    outer loop
      vertex 242.692 25.15 16
      vertex 245.65 50 16
      vertex 240 40 16
    endloop
  endfacet
  facet normal 0 0 1
    outer loop
      vertex 240 88 16
      vertex 242.692 102.85 16
      vertex 242.525 102.6 16
    endloop
  endfacet
  facet normal 0 0 1
    outer loop
      vertex 245.65 50 16
      vertex 242.825 24.8802 16
      vertex 242.922 24.5953 16
    endloop
  endfacet
  facet normal 0 0 1
    outer loop
      vertex 240 88 16
      vertex 242.525 102.6 16
      vertex 242.326 102.374 16
    endloop
  endfacet
  facet normal 0 0 1
    outer loop
      vertex 245.65 50 16
      vertex 242.692 25.15 16
      vertex 242.825 24.8802 16
    endloop
  endfacet
  facet normal 0 0 1
    outer loop
      vertex 240 88 16
      vertex 242.326 102.374 16
      vertex 242.1 102.175 16
    endloop
  endfacet
  facet normal 0 0 1
    outer loop
      vertex 242.692 25.15 16
      vertex 240 40 16
      vertex 242.525 25.4001 16
    endloop
  endfacet
  facet normal 0 0 1
    outer loop
      vertex 240 88 16
      vertex 242.1 102.175 16
      vertex 241.85 102.008 16
    endloop
  endfacet
  facet normal 0 0 1
    outer loop
      vertex 242.525 25.4001 16
      vertex 240 40 16
      vertex 242.326 25.6263 16
    endloop
  endfacet
  facet normal 0 0 1
    outer loop
      vertex 240 88 16
      vertex 241.85 102.008 16
      vertex 241.58 101.875 16
    endloop
  endfacet
  facet normal 0 0 1
    outer loop
      vertex 242.326 25.6263 16
      vertex 240 40 16
      vertex 242.1 25.8247 16
    endloop
  endfacet
  facet normal 0 0 1
    outer loop
      vertex 240 88 16
      vertex 241.58 101.875 16
      vertex 241.295 101.778 16
    endloop
  endfacet
  facet normal 0 0 1
    outer loop
      vertex 242.1 25.8247 16
      vertex 240 40 16
      vertex 241.85 25.9919 16
    endloop
  endfacet
  facet normal 0 0 1
    outer loop
      vertex 240 88 16
      vertex 241.295 101.778 16
      vertex 241 101.72 16
    endloop
  endfacet
  facet normal 0 0 1
    outer loop
      vertex 241.85 25.9919 16
      vertex 240 40 16
      vertex 241.58 26.1249 16
    endloop
  endfacet
  facet normal 0 0 1
    outer loop
      vertex 240 88 16
      vertex 241 101.72 16
      vertex 240.7 101.7 16
    endloop
  endfacet
  facet normal 0 0 1
    outer loop
      vertex 241.58 26.1249 16
      vertex 240 40 16
      vertex 241.295 26.2216 16
    endloop
  endfacet
  facet normal 0 0 1
    outer loop
      vertex 241.295 26.2216 16
      vertex 240 40 16
      vertex 241 26.2803 16
    endloop
  endfacet
  facet normal 0 0 1
    outer loop
      vertex 234.3 95.3 16
      vertex 240.7 101.7 16
      vertex 234.3 101.7 16
    endloop
  endfacet
  facet normal 0 0 1
    outer loop
      vertex 240.7 101.7 16
      vertex 234.3 95.3 16
      vertex 240 88 16
    endloop
  endfacet
  facet normal -0 0 1
    outer loop
      vertex 234.28 94.9998 16
      vertex 240 88 16
      vertex 234.3 95.3 16
    endloop
  endfacet
  facet normal -0 0 1
    outer loop
      vertex 234.222 94.7047 16
      vertex 240 88 16
      vertex 234.28 94.9998 16
    endloop
  endfacet
  facet normal -0 0 1
    outer loop
      vertex 234.125 94.4198 16
      vertex 240 88 16
      vertex 234.222 94.7047 16
    endloop
  endfacet
  facet normal -0 0 1
    outer loop
      vertex 233.992 94.15 16
      vertex 240 88 16
      vertex 234.125 94.4198 16
    endloop
  endfacet
  facet normal -0 0 1
    outer loop
      vertex 233.825 93.8999 16
      vertex 240 88 16
      vertex 233.992 94.15 16
    endloop
  endfacet
  facet normal -0 0 1
    outer loop
      vertex 233.626 93.6737 16
      vertex 240 88 16
      vertex 233.825 93.8999 16
    endloop
  endfacet
  facet normal -0 0 1
    outer loop
      vertex 233.4 93.4753 16
      vertex 240 88 16
      vertex 233.626 93.6737 16
    endloop
  endfacet
  facet normal -0 0 1
    outer loop
      vertex 233.15 93.3082 16
      vertex 240 88 16
      vertex 233.4 93.4753 16
    endloop
  endfacet
  facet normal -0 0 1
    outer loop
      vertex 232.88 93.1751 16
      vertex 240 88 16
      vertex 233.15 93.3082 16
    endloop
  endfacet
  facet normal -0 0 1
    outer loop
      vertex 232.595 93.0784 16
      vertex 240 88 16
      vertex 232.88 93.1751 16
    endloop
  endfacet
  facet normal -0 0 1
    outer loop
      vertex 232.3 93.0197 16
      vertex 240 88 16
      vertex 232.595 93.0784 16
    endloop
  endfacet
  facet normal -0 0 1
    outer loop
      vertex 232 93 16
      vertex 240 88 16
      vertex 232.3 93.0197 16
    endloop
  endfacet
  facet normal 0 0 1
    outer loop
      vertex 231.7 93.0197 16
      vertex 240 88 16
      vertex 232 93 16
    endloop
  endfacet
  facet normal 0 0 1
    outer loop
      vertex 231.405 93.0784 16
      vertex 240 88 16
      vertex 231.7 93.0197 16
    endloop
  endfacet
  facet normal 0 0 1
    outer loop
      vertex 216 88 16
      vertex 231.405 93.0784 16
      vertex 231.12 93.1751 16
    endloop
  endfacet
  facet normal 0 0 1
    outer loop
      vertex 216 88 16
      vertex 231.12 93.1751 16
      vertex 230.85 93.3082 16
    endloop
  endfacet
  facet normal 0 0 1
    outer loop
      vertex 223.3 101.7 16
      vertex 229.72 94.9998 16
      vertex 229.7 95.3 16
    endloop
  endfacet
  facet normal 0 0 1
    outer loop
      vertex 223 101.72 16
      vertex 229.72 94.9998 16
      vertex 223.3 101.7 16
    endloop
  endfacet
  facet normal 0 0 1
    outer loop
      vertex 216 88 16
      vertex 229.72 94.9998 16
      vertex 223 101.72 16
    endloop
  endfacet
  facet normal 0 0 1
    outer loop
      vertex 229.72 94.9998 16
      vertex 216 88 16
      vertex 229.778 94.7047 16
    endloop
  endfacet
  facet normal 0 0 1
    outer loop
      vertex 229.778 94.7047 16
      vertex 216 88 16
      vertex 229.875 94.4198 16
    endloop
  endfacet
  facet normal 0 0 1
    outer loop
      vertex 229.875 94.4198 16
      vertex 216 88 16
      vertex 230.008 94.15 16
    endloop
  endfacet
  facet normal 0 0 1
    outer loop
      vertex 230.008 94.15 16
      vertex 216 88 16
      vertex 230.175 93.8999 16
    endloop
  endfacet
  facet normal 0 0 1
    outer loop
      vertex 216 88 16
      vertex 223 101.72 16
      vertex 222.705 101.778 16
    endloop
  endfacet
  facet normal 0 0 1
    outer loop
      vertex 216 88 16
      vertex 222.705 101.778 16
      vertex 222.42 101.875 16
    endloop
  endfacet
  facet normal 0 0 1
    outer loop
      vertex 216 88 16
      vertex 222.42 101.875 16
      vertex 222.15 102.008 16
    endloop
  endfacet
  facet normal 0 0 1
    outer loop
      vertex 216 88 16
      vertex 222.15 102.008 16
      vertex 221.9 102.175 16
    endloop
  endfacet
  facet normal 0 0 1
    outer loop
      vertex 216 88 16
      vertex 221.9 102.175 16
      vertex 221.674 102.374 16
    endloop
  endfacet
  facet normal 0 0 1
    outer loop
      vertex 216 112 16
      vertex 221.02 103.7 16
      vertex 221 104 16
    endloop
  endfacet
  facet normal 0 0 1
    outer loop
      vertex 216 112 16
      vertex 221.078 103.405 16
      vertex 221.02 103.7 16
    endloop
  endfacet
  facet normal 0 0 1
    outer loop
      vertex 216 88 16
      vertex 221.078 103.405 16
      vertex 216 112 16
    endloop
  endfacet
  facet normal 0 0 1
    outer loop
      vertex 221.078 103.405 16
      vertex 216 88 16
      vertex 221.175 103.12 16
    endloop
  endfacet
  facet normal 0 0 1
    outer loop
      vertex 231.405 93.0784 16
      vertex 216 88 16
      vertex 240 88 16
    endloop
  endfacet
  facet normal 0 0 1
    outer loop
      vertex 230.6 93.4753 16
      vertex 216 88 16
      vertex 230.85 93.3082 16
    endloop
  endfacet
  facet normal 0 0 1
    outer loop
      vertex 230.374 93.6737 16
      vertex 216 88 16
      vertex 230.6 93.4753 16
    endloop
  endfacet
  facet normal 0 0 1
    outer loop
      vertex 230.175 93.8999 16
      vertex 216 88 16
      vertex 230.374 93.6737 16
    endloop
  endfacet
  facet normal 0 0 1
    outer loop
      vertex 221.475 102.6 16
      vertex 216 88 16
      vertex 221.674 102.374 16
    endloop
  endfacet
  facet normal 0 0 1
    outer loop
      vertex 221.308 102.85 16
      vertex 216 88 16
      vertex 221.475 102.6 16
    endloop
  endfacet
  facet normal 0 0 1
    outer loop
      vertex 221.175 103.12 16
      vertex 216 88 16
      vertex 221.308 102.85 16
    endloop
  endfacet
  facet normal -0 0 1
    outer loop
      vertex 250.33 49.6933 16
      vertex 250.35 30 16
      vertex 250.35 50 16
    endloop
  endfacet
  facet normal 0 0 1
    outer loop
      vertex 250.33 49.6933 16
      vertex 250.33 30.3067 16
      vertex 250.35 30 16
    endloop
  endfacet
  facet normal -0 0 1
    outer loop
      vertex 250.27 49.3918 16
      vertex 250.33 30.3067 16
      vertex 250.33 49.6933 16
    endloop
  endfacet
  facet normal 0 0 1
    outer loop
      vertex 250.27 49.3918 16
      vertex 250.27 30.6082 16
      vertex 250.33 30.3067 16
    endloop
  endfacet
  facet normal -0 0 1
    outer loop
      vertex 250.171 49.1007 16
      vertex 250.27 30.6082 16
      vertex 250.27 49.3918 16
    endloop
  endfacet
  facet normal 0 0 1
    outer loop
      vertex 250.171 49.1007 16
      vertex 250.171 30.8993 16
      vertex 250.27 30.6082 16
    endloop
  endfacet
  facet normal -0 0 1
    outer loop
      vertex 250.035 48.825 16
      vertex 250.171 30.8993 16
      vertex 250.171 49.1007 16
    endloop
  endfacet
  facet normal 0 0 1
    outer loop
      vertex 250.035 48.825 16
      vertex 250.035 31.175 16
      vertex 250.171 30.8993 16
    endloop
  endfacet
  facet normal -0 0 1
    outer loop
      vertex 249.864 48.5694 16
      vertex 250.035 31.175 16
      vertex 250.035 48.825 16
    endloop
  endfacet
  facet normal 0 0 1
    outer loop
      vertex 249.864 48.5694 16
      vertex 249.864 31.4306 16
      vertex 250.035 31.175 16
    endloop
  endfacet
  facet normal -0 0 1
    outer loop
      vertex 249.662 48.3383 16
      vertex 249.864 31.4306 16
      vertex 249.864 48.5694 16
    endloop
  endfacet
  facet normal 0 0 1
    outer loop
      vertex 249.662 48.3383 16
      vertex 249.662 31.6617 16
      vertex 249.864 31.4306 16
    endloop
  endfacet
  facet normal -0 0 1
    outer loop
      vertex 249.431 48.1356 16
      vertex 249.662 31.6617 16
      vertex 249.662 48.3383 16
    endloop
  endfacet
  facet normal 0 0 1
    outer loop
      vertex 249.431 48.1356 16
      vertex 249.431 31.8644 16
      vertex 249.662 31.6617 16
    endloop
  endfacet
  facet normal -0 0 1
    outer loop
      vertex 249.175 47.9648 16
      vertex 249.431 31.8644 16
      vertex 249.431 48.1356 16
    endloop
  endfacet
  facet normal 0 0 1
    outer loop
      vertex 249.175 47.9648 16
      vertex 249.175 32.0352 16
      vertex 249.431 31.8644 16
    endloop
  endfacet
  facet normal -0 0 1
    outer loop
      vertex 248.899 47.8289 16
      vertex 249.175 32.0352 16
      vertex 249.175 47.9648 16
    endloop
  endfacet
  facet normal 0 0 1
    outer loop
      vertex 248.899 47.8289 16
      vertex 248.899 32.1711 16
      vertex 249.175 32.0352 16
    endloop
  endfacet
  facet normal -0 0 1
    outer loop
      vertex 248.608 47.7301 16
      vertex 248.899 32.1711 16
      vertex 248.899 47.8289 16
    endloop
  endfacet
  facet normal 0 0 1
    outer loop
      vertex 248.608 47.7301 16
      vertex 248.608 32.2699 16
      vertex 248.899 32.1711 16
    endloop
  endfacet
  facet normal -0 0 1
    outer loop
      vertex 248.307 47.6701 16
      vertex 248.608 32.2699 16
      vertex 248.608 47.7301 16
    endloop
  endfacet
  facet normal 0 0 1
    outer loop
      vertex 248.307 47.6701 16
      vertex 248.307 32.3299 16
      vertex 248.608 32.2699 16
    endloop
  endfacet
  facet normal -0 0 1
    outer loop
      vertex 248 47.65 16
      vertex 248.307 32.3299 16
      vertex 248.307 47.6701 16
    endloop
  endfacet
  facet normal 0 0 1
    outer loop
      vertex 248 47.65 16
      vertex 248 32.35 16
      vertex 248.307 32.3299 16
    endloop
  endfacet
  facet normal 0 0 1
    outer loop
      vertex 247.693 47.6701 16
      vertex 248 32.35 16
      vertex 248 47.65 16
    endloop
  endfacet
  facet normal 0 0 1
    outer loop
      vertex 247.693 47.6701 16
      vertex 247.693 32.3299 16
      vertex 248 32.35 16
    endloop
  endfacet
  facet normal 0 0 1
    outer loop
      vertex 247.392 47.7301 16
      vertex 247.693 32.3299 16
      vertex 247.693 47.6701 16
    endloop
  endfacet
  facet normal 0 0 1
    outer loop
      vertex 247.392 47.7301 16
      vertex 247.392 32.2699 16
      vertex 247.693 32.3299 16
    endloop
  endfacet
  facet normal 0 0 1
    outer loop
      vertex 247.101 47.8289 16
      vertex 247.392 32.2699 16
      vertex 247.392 47.7301 16
    endloop
  endfacet
  facet normal 0 0 1
    outer loop
      vertex 247.101 47.8289 16
      vertex 247.101 32.1711 16
      vertex 247.392 32.2699 16
    endloop
  endfacet
  facet normal 0 0 1
    outer loop
      vertex 246.825 47.9648 16
      vertex 247.101 32.1711 16
      vertex 247.101 47.8289 16
    endloop
  endfacet
  facet normal 0 0 1
    outer loop
      vertex 246.825 47.9648 16
      vertex 246.825 32.0352 16
      vertex 247.101 32.1711 16
    endloop
  endfacet
  facet normal 0 0 1
    outer loop
      vertex 246.569 48.1356 16
      vertex 246.825 32.0352 16
      vertex 246.825 47.9648 16
    endloop
  endfacet
  facet normal 0 0 1
    outer loop
      vertex 246.569 48.1356 16
      vertex 246.569 31.8644 16
      vertex 246.825 32.0352 16
    endloop
  endfacet
  facet normal 0 0 1
    outer loop
      vertex 246.338 48.3383 16
      vertex 246.569 31.8644 16
      vertex 246.569 48.1356 16
    endloop
  endfacet
  facet normal 0 0 1
    outer loop
      vertex 246.338 48.3383 16
      vertex 246.338 31.6617 16
      vertex 246.569 31.8644 16
    endloop
  endfacet
  facet normal 0 0 1
    outer loop
      vertex 246.136 48.5694 16
      vertex 246.338 31.6617 16
      vertex 246.338 48.3383 16
    endloop
  endfacet
  facet normal 0 0 1
    outer loop
      vertex 246.136 48.5694 16
      vertex 246.136 31.4306 16
      vertex 246.338 31.6617 16
    endloop
  endfacet
  facet normal 0 0 1
    outer loop
      vertex 245.965 48.825 16
      vertex 246.136 31.4306 16
      vertex 246.136 48.5694 16
    endloop
  endfacet
  facet normal 0 0 1
    outer loop
      vertex 245.965 48.825 16
      vertex 245.965 31.175 16
      vertex 246.136 31.4306 16
    endloop
  endfacet
  facet normal 0 0 1
    outer loop
      vertex 245.829 49.1007 16
      vertex 245.965 31.175 16
      vertex 245.965 48.825 16
    endloop
  endfacet
  facet normal 0 0 1
    outer loop
      vertex 245.829 49.1007 16
      vertex 245.829 30.8993 16
      vertex 245.965 31.175 16
    endloop
  endfacet
  facet normal 0 0 1
    outer loop
      vertex 245.73 49.3918 16
      vertex 245.829 30.8993 16
      vertex 245.829 49.1007 16
    endloop
  endfacet
  facet normal 0 0 1
    outer loop
      vertex 245.73 49.3918 16
      vertex 245.73 30.6082 16
      vertex 245.829 30.8993 16
    endloop
  endfacet
  facet normal 0 0 1
    outer loop
      vertex 243 24 16
      vertex 245.73 49.3918 16
      vertex 245.67 49.6933 16
    endloop
  endfacet
  facet normal 0 0 1
    outer loop
      vertex 245.73 49.3918 16
      vertex 243 24 16
      vertex 245.73 30.6082 16
    endloop
  endfacet
  facet normal 0 0 1
    outer loop
      vertex 243 24 16
      vertex 245.67 49.6933 16
      vertex 245.65 50 16
    endloop
  endfacet
  facet normal 0 0 1
    outer loop
      vertex 245.73 30.6082 16
      vertex 243 24 16
      vertex 245.67 30.3067 16
    endloop
  endfacet
  facet normal -0 0 1
    outer loop
      vertex 250.33 77.6933 16
      vertex 250.35 50 16
      vertex 250.35 78 16
    endloop
  endfacet
  facet normal 0 0 1
    outer loop
      vertex 250.33 77.6933 16
      vertex 250.33 50.3067 16
      vertex 250.35 50 16
    endloop
  endfacet
  facet normal -0 0 1
    outer loop
      vertex 250.27 77.3918 16
      vertex 250.33 50.3067 16
      vertex 250.33 77.6933 16
    endloop
  endfacet
  facet normal 0 0 1
    outer loop
      vertex 250.27 77.3918 16
      vertex 250.27 50.6082 16
      vertex 250.33 50.3067 16
    endloop
  endfacet
  facet normal -0 0 1
    outer loop
      vertex 250.171 77.1007 16
      vertex 250.27 50.6082 16
      vertex 250.27 77.3918 16
    endloop
  endfacet
  facet normal 0 0 1
    outer loop
      vertex 250.171 77.1007 16
      vertex 250.171 50.8993 16
      vertex 250.27 50.6082 16
    endloop
  endfacet
  facet normal -0 0 1
    outer loop
      vertex 250.035 76.825 16
      vertex 250.171 50.8993 16
      vertex 250.171 77.1007 16
    endloop
  endfacet
  facet normal 0 0 1
    outer loop
      vertex 250.035 76.825 16
      vertex 250.035 51.175 16
      vertex 250.171 50.8993 16
    endloop
  endfacet
  facet normal -0 0 1
    outer loop
      vertex 249.864 76.5694 16
      vertex 250.035 51.175 16
      vertex 250.035 76.825 16
    endloop
  endfacet
  facet normal 0 0 1
    outer loop
      vertex 249.864 76.5694 16
      vertex 249.864 51.4306 16
      vertex 250.035 51.175 16
    endloop
  endfacet
  facet normal -0 0 1
    outer loop
      vertex 249.662 76.3383 16
      vertex 249.864 51.4306 16
      vertex 249.864 76.5694 16
    endloop
  endfacet
  facet normal 0 0 1
    outer loop
      vertex 249.662 76.3383 16
      vertex 249.662 51.6617 16
      vertex 249.864 51.4306 16
    endloop
  endfacet
  facet normal -0 0 1
    outer loop
      vertex 249.431 76.1356 16
      vertex 249.662 51.6617 16
      vertex 249.662 76.3383 16
    endloop
  endfacet
  facet normal 0 0 1
    outer loop
      vertex 249.431 76.1356 16
      vertex 249.431 51.8644 16
      vertex 249.662 51.6617 16
    endloop
  endfacet
  facet normal -0 0 1
    outer loop
      vertex 249.175 75.9648 16
      vertex 249.431 51.8644 16
      vertex 249.431 76.1356 16
    endloop
  endfacet
  facet normal 0 0 1
    outer loop
      vertex 249.175 75.9648 16
      vertex 249.175 52.0352 16
      vertex 249.431 51.8644 16
    endloop
  endfacet
  facet normal -0 0 1
    outer loop
      vertex 248.899 75.8289 16
      vertex 249.175 52.0352 16
      vertex 249.175 75.9648 16
    endloop
  endfacet
  facet normal 0 0 1
    outer loop
      vertex 248.899 75.8289 16
      vertex 248.899 52.1711 16
      vertex 249.175 52.0352 16
    endloop
  endfacet
  facet normal -0 0 1
    outer loop
      vertex 248.608 75.7301 16
      vertex 248.899 52.1711 16
      vertex 248.899 75.8289 16
    endloop
  endfacet
  facet normal 0 0 1
    outer loop
      vertex 248.608 75.7301 16
      vertex 248.608 52.2699 16
      vertex 248.899 52.1711 16
    endloop
  endfacet
  facet normal -0 0 1
    outer loop
      vertex 248.307 75.6701 16
      vertex 248.608 52.2699 16
      vertex 248.608 75.7301 16
    endloop
  endfacet
  facet normal 0 0 1
    outer loop
      vertex 248.307 75.6701 16
      vertex 248.307 52.3299 16
      vertex 248.608 52.2699 16
    endloop
  endfacet
  facet normal -0 0 1
    outer loop
      vertex 248 75.65 16
      vertex 248.307 52.3299 16
      vertex 248.307 75.6701 16
    endloop
  endfacet
  facet normal 0 0 1
    outer loop
      vertex 248 75.65 16
      vertex 248 52.35 16
      vertex 248.307 52.3299 16
    endloop
  endfacet
  facet normal 0 0 1
    outer loop
      vertex 247.693 75.6701 16
      vertex 248 52.35 16
      vertex 248 75.65 16
    endloop
  endfacet
  facet normal 0 0 1
    outer loop
      vertex 247.693 75.6701 16
      vertex 247.693 52.3299 16
      vertex 248 52.35 16
    endloop
  endfacet
  facet normal 0 0 1
    outer loop
      vertex 247.392 75.7301 16
      vertex 247.693 52.3299 16
      vertex 247.693 75.6701 16
    endloop
  endfacet
  facet normal 0 0 1
    outer loop
      vertex 247.392 75.7301 16
      vertex 247.392 52.2699 16
      vertex 247.693 52.3299 16
    endloop
  endfacet
  facet normal 0 0 1
    outer loop
      vertex 247.101 75.8289 16
      vertex 247.392 52.2699 16
      vertex 247.392 75.7301 16
    endloop
  endfacet
  facet normal 0 0 1
    outer loop
      vertex 247.101 75.8289 16
      vertex 247.101 52.1711 16
      vertex 247.392 52.2699 16
    endloop
  endfacet
  facet normal 0 0 1
    outer loop
      vertex 246.825 75.9648 16
      vertex 247.101 52.1711 16
      vertex 247.101 75.8289 16
    endloop
  endfacet
  facet normal 0 0 1
    outer loop
      vertex 246.825 75.9648 16
      vertex 246.825 52.0352 16
      vertex 247.101 52.1711 16
    endloop
  endfacet
  facet normal 0 0 1
    outer loop
      vertex 246.569 76.1356 16
      vertex 246.825 52.0352 16
      vertex 246.825 75.9648 16
    endloop
  endfacet
  facet normal 0 0 1
    outer loop
      vertex 246.569 76.1356 16
      vertex 246.569 51.8644 16
      vertex 246.825 52.0352 16
    endloop
  endfacet
  facet normal 0 0 1
    outer loop
      vertex 246.338 76.3383 16
      vertex 246.569 51.8644 16
      vertex 246.569 76.1356 16
    endloop
  endfacet
  facet normal 0 0 1
    outer loop
      vertex 246.338 76.3383 16
      vertex 246.338 51.6617 16
      vertex 246.569 51.8644 16
    endloop
  endfacet
  facet normal 0 0 1
    outer loop
      vertex 246.136 76.5694 16
      vertex 246.338 51.6617 16
      vertex 246.338 76.3383 16
    endloop
  endfacet
  facet normal 0 0 1
    outer loop
      vertex 246.136 76.5694 16
      vertex 246.136 51.4306 16
      vertex 246.338 51.6617 16
    endloop
  endfacet
  facet normal 0 0 1
    outer loop
      vertex 245.965 76.825 16
      vertex 246.136 51.4306 16
      vertex 246.136 76.5694 16
    endloop
  endfacet
  facet normal 0 0 1
    outer loop
      vertex 245.965 76.825 16
      vertex 245.965 51.175 16
      vertex 246.136 51.4306 16
    endloop
  endfacet
  facet normal 0 0 1
    outer loop
      vertex 245.829 77.1007 16
      vertex 245.965 51.175 16
      vertex 245.965 76.825 16
    endloop
  endfacet
  facet normal 0 0 1
    outer loop
      vertex 245.829 77.1007 16
      vertex 245.829 50.8993 16
      vertex 245.965 51.175 16
    endloop
  endfacet
  facet normal 0 0 1
    outer loop
      vertex 245.73 77.3918 16
      vertex 245.829 50.8993 16
      vertex 245.829 77.1007 16
    endloop
  endfacet
  facet normal 0 0 1
    outer loop
      vertex 245.73 77.3918 16
      vertex 245.73 50.6082 16
      vertex 245.829 50.8993 16
    endloop
  endfacet
  facet normal 0 0 1
    outer loop
      vertex 245.67 77.6933 16
      vertex 245.73 50.6082 16
      vertex 245.73 77.3918 16
    endloop
  endfacet
  facet normal 0 0 1
    outer loop
      vertex 245.67 77.6933 16
      vertex 245.67 50.3067 16
      vertex 245.73 50.6082 16
    endloop
  endfacet
  facet normal 0 0 1
    outer loop
      vertex 245.65 78 16
      vertex 245.67 50.3067 16
      vertex 245.67 77.6933 16
    endloop
  endfacet
  facet normal 0 0 1
    outer loop
      vertex 245.67 50.3067 16
      vertex 245.65 78 16
      vertex 245.65 50 16
    endloop
  endfacet
  facet normal -0 0 1
    outer loop
      vertex 250.33 97.6933 16
      vertex 250.35 78 16
      vertex 250.35 98 16
    endloop
  endfacet
  facet normal 0 0 1
    outer loop
      vertex 250.33 97.6933 16
      vertex 250.33 78.3067 16
      vertex 250.35 78 16
    endloop
  endfacet
  facet normal -0 0 1
    outer loop
      vertex 250.27 97.3918 16
      vertex 250.33 78.3067 16
      vertex 250.33 97.6933 16
    endloop
  endfacet
  facet normal 0 0 1
    outer loop
      vertex 250.27 97.3918 16
      vertex 250.27 78.6082 16
      vertex 250.33 78.3067 16
    endloop
  endfacet
  facet normal -0 0 1
    outer loop
      vertex 250.171 97.1007 16
      vertex 250.27 78.6082 16
      vertex 250.27 97.3918 16
    endloop
  endfacet
  facet normal 0 0 1
    outer loop
      vertex 250.171 97.1007 16
      vertex 250.171 78.8993 16
      vertex 250.27 78.6082 16
    endloop
  endfacet
  facet normal -0 0 1
    outer loop
      vertex 250.035 96.825 16
      vertex 250.171 78.8993 16
      vertex 250.171 97.1007 16
    endloop
  endfacet
  facet normal 0 0 1
    outer loop
      vertex 250.035 96.825 16
      vertex 250.035 79.175 16
      vertex 250.171 78.8993 16
    endloop
  endfacet
  facet normal -0 0 1
    outer loop
      vertex 249.864 96.5694 16
      vertex 250.035 79.175 16
      vertex 250.035 96.825 16
    endloop
  endfacet
  facet normal 0 0 1
    outer loop
      vertex 249.864 96.5694 16
      vertex 249.864 79.4306 16
      vertex 250.035 79.175 16
    endloop
  endfacet
  facet normal -0 0 1
    outer loop
      vertex 249.662 96.3383 16
      vertex 249.864 79.4306 16
      vertex 249.864 96.5694 16
    endloop
  endfacet
  facet normal 0 0 1
    outer loop
      vertex 249.662 96.3383 16
      vertex 249.662 79.6617 16
      vertex 249.864 79.4306 16
    endloop
  endfacet
  facet normal -0 0 1
    outer loop
      vertex 249.431 96.1356 16
      vertex 249.662 79.6617 16
      vertex 249.662 96.3383 16
    endloop
  endfacet
  facet normal 0 0 1
    outer loop
      vertex 249.431 96.1356 16
      vertex 249.431 79.8644 16
      vertex 249.662 79.6617 16
    endloop
  endfacet
  facet normal -0 0 1
    outer loop
      vertex 249.175 95.9648 16
      vertex 249.431 79.8644 16
      vertex 249.431 96.1356 16
    endloop
  endfacet
  facet normal 0 0 1
    outer loop
      vertex 249.175 95.9648 16
      vertex 249.175 80.0352 16
      vertex 249.431 79.8644 16
    endloop
  endfacet
  facet normal -0 0 1
    outer loop
      vertex 248.899 95.8289 16
      vertex 249.175 80.0352 16
      vertex 249.175 95.9648 16
    endloop
  endfacet
  facet normal 0 0 1
    outer loop
      vertex 248.899 95.8289 16
      vertex 248.899 80.1711 16
      vertex 249.175 80.0352 16
    endloop
  endfacet
  facet normal -0 0 1
    outer loop
      vertex 248.608 95.7301 16
      vertex 248.899 80.1711 16
      vertex 248.899 95.8289 16
    endloop
  endfacet
  facet normal 0 0 1
    outer loop
      vertex 248.608 95.7301 16
      vertex 248.608 80.2699 16
      vertex 248.899 80.1711 16
    endloop
  endfacet
  facet normal -0 0 1
    outer loop
      vertex 248.307 95.6701 16
      vertex 248.608 80.2699 16
      vertex 248.608 95.7301 16
    endloop
  endfacet
  facet normal 0 0 1
    outer loop
      vertex 248.307 95.6701 16
      vertex 248.307 80.3299 16
      vertex 248.608 80.2699 16
    endloop
  endfacet
  facet normal -0 0 1
    outer loop
      vertex 248 95.65 16
      vertex 248.307 80.3299 16
      vertex 248.307 95.6701 16
    endloop
  endfacet
  facet normal 0 0 1
    outer loop
      vertex 248 95.65 16
      vertex 248 80.35 16
      vertex 248.307 80.3299 16
    endloop
  endfacet
  facet normal 0 0 1
    outer loop
      vertex 240 88 16
      vertex 248 95.65 16
      vertex 247.693 95.6701 16
    endloop
  endfacet
  facet normal 0 0 1
    outer loop
      vertex 248 95.65 16
      vertex 240 88 16
      vertex 248 80.35 16
    endloop
  endfacet
  facet normal 0 0 1
    outer loop
      vertex 240 88 16
      vertex 247.693 95.6701 16
      vertex 247.392 95.7301 16
    endloop
  endfacet
  facet normal 0 0 1
    outer loop
      vertex 248 80.35 16
      vertex 240 88 16
      vertex 247.693 80.3299 16
    endloop
  endfacet
  facet normal 0 0 1
    outer loop
      vertex 240 88 16
      vertex 247.392 95.7301 16
      vertex 247.101 95.8289 16
    endloop
  endfacet
  facet normal 0 0 1
    outer loop
      vertex 247.693 80.3299 16
      vertex 240 88 16
      vertex 247.392 80.2699 16
    endloop
  endfacet
  facet normal 0 0 1
    outer loop
      vertex 240 88 16
      vertex 247.101 95.8289 16
      vertex 246.825 95.9648 16
    endloop
  endfacet
  facet normal 0 0 1
    outer loop
      vertex 247.392 80.2699 16
      vertex 240 88 16
      vertex 247.101 80.1711 16
    endloop
  endfacet
  facet normal 0 0 1
    outer loop
      vertex 240 88 16
      vertex 246.825 95.9648 16
      vertex 246.569 96.1356 16
    endloop
  endfacet
  facet normal 0 0 1
    outer loop
      vertex 247.101 80.1711 16
      vertex 240 88 16
      vertex 246.825 80.0352 16
    endloop
  endfacet
  facet normal 0 0 1
    outer loop
      vertex 240 88 16
      vertex 246.569 96.1356 16
      vertex 246.338 96.3383 16
    endloop
  endfacet
  facet normal 0 0 1
    outer loop
      vertex 246.825 80.0352 16
      vertex 240 88 16
      vertex 246.569 79.8644 16
    endloop
  endfacet
  facet normal 0 0 1
    outer loop
      vertex 240 88 16
      vertex 246.338 96.3383 16
      vertex 246.136 96.5694 16
    endloop
  endfacet
  facet normal 0 0 1
    outer loop
      vertex 246.569 79.8644 16
      vertex 240 88 16
      vertex 246.338 79.6617 16
    endloop
  endfacet
  facet normal 0 0 1
    outer loop
      vertex 240 88 16
      vertex 246.136 96.5694 16
      vertex 245.965 96.825 16
    endloop
  endfacet
  facet normal 0 0 1
    outer loop
      vertex 246.338 79.6617 16
      vertex 240 88 16
      vertex 246.136 79.4306 16
    endloop
  endfacet
  facet normal 0 0 1
    outer loop
      vertex 240 88 16
      vertex 245.965 96.825 16
      vertex 245.829 97.1007 16
    endloop
  endfacet
  facet normal 0 0 1
    outer loop
      vertex 246.136 79.4306 16
      vertex 240 88 16
      vertex 245.965 79.175 16
    endloop
  endfacet
  facet normal 0 0 1
    outer loop
      vertex 240 88 16
      vertex 245.67 97.6933 16
      vertex 242.692 102.85 16
    endloop
  endfacet
  facet normal 0 0 1
    outer loop
      vertex 245.67 97.6933 16
      vertex 240 88 16
      vertex 245.73 97.3918 16
    endloop
  endfacet
  facet normal 0 0 1
    outer loop
      vertex 245.829 98.8993 16
      vertex 242.692 102.85 16
      vertex 245.73 98.6082 16
    endloop
  endfacet
  facet normal 0 0 1
    outer loop
      vertex 245.73 98.6082 16
      vertex 242.692 102.85 16
      vertex 245.67 98.3067 16
    endloop
  endfacet
  facet normal 0 0 1
    outer loop
      vertex 245.965 99.175 16
      vertex 242.692 102.85 16
      vertex 245.829 98.8993 16
    endloop
  endfacet
  facet normal 0 0 1
    outer loop
      vertex 245.67 98.3067 16
      vertex 242.692 102.85 16
      vertex 245.65 98 16
    endloop
  endfacet
  facet normal 0 0 1
    outer loop
      vertex 250.35 78 16
      vertex 256 128 16
      vertex 250.35 98 16
    endloop
  endfacet
  facet normal 0 0 1
    outer loop
      vertex 256 128 16
      vertex 250.33 98.3067 16
      vertex 250.35 98 16
    endloop
  endfacet
  facet normal 0 0 1
    outer loop
      vertex 256 128 16
      vertex 250.27 98.6082 16
      vertex 250.33 98.3067 16
    endloop
  endfacet
  facet normal 0 0 1
    outer loop
      vertex 256 128 16
      vertex 250.171 98.8993 16
      vertex 250.27 98.6082 16
    endloop
  endfacet
  facet normal 0 0 1
    outer loop
      vertex 256 128 16
      vertex 250.035 99.175 16
      vertex 250.171 98.8993 16
    endloop
  endfacet
  facet normal 0 0 1
    outer loop
      vertex 256 128 16
      vertex 249.864 99.4306 16
      vertex 250.035 99.175 16
    endloop
  endfacet
  facet normal 0 0 1
    outer loop
      vertex 256 128 16
      vertex 249.662 99.6617 16
      vertex 249.864 99.4306 16
    endloop
  endfacet
  facet normal 0 0 1
    outer loop
      vertex 256 128 16
      vertex 249.431 99.8644 16
      vertex 249.662 99.6617 16
    endloop
  endfacet
  facet normal 0 0 1
    outer loop
      vertex 256 128 16
      vertex 249.175 100.035 16
      vertex 249.431 99.8644 16
    endloop
  endfacet
  facet normal 0 0 1
    outer loop
      vertex 256 128 16
      vertex 248.899 100.171 16
      vertex 249.175 100.035 16
    endloop
  endfacet
  facet normal -0 0 1
    outer loop
      vertex 242.525 105.4 16
      vertex 248.899 100.171 16
      vertex 256 128 16
    endloop
  endfacet
  facet normal -0 -0 1
    outer loop
      vertex 242.692 105.15 16
      vertex 248.899 100.171 16
      vertex 242.525 105.4 16
    endloop
  endfacet
  facet normal -0 -0 1
    outer loop
      vertex 242.825 104.88 16
      vertex 248.608 100.27 16
      vertex 242.692 105.15 16
    endloop
  endfacet
  facet normal 0 0 1
    outer loop
      vertex 248.608 100.27 16
      vertex 242.825 104.88 16
      vertex 248.307 100.33 16
    endloop
  endfacet
  facet normal -0 -0 1
    outer loop
      vertex 242.922 104.595 16
      vertex 248.307 100.33 16
      vertex 242.825 104.88 16
    endloop
  endfacet
  facet normal 0 0 1
    outer loop
      vertex 248.307 100.33 16
      vertex 242.922 104.595 16
      vertex 248 100.35 16
    endloop
  endfacet
  facet normal -0 -0 1
    outer loop
      vertex 242.98 104.3 16
      vertex 248 100.35 16
      vertex 242.922 104.595 16
    endloop
  endfacet
  facet normal 0 0 1
    outer loop
      vertex 248 100.35 16
      vertex 242.98 104.3 16
      vertex 247.693 100.33 16
    endloop
  endfacet
  facet normal 0 0 1
    outer loop
      vertex 247.693 100.33 16
      vertex 243 104 16
      vertex 247.392 100.27 16
    endloop
  endfacet
  facet normal -0 0 1
    outer loop
      vertex 242.98 103.7 16
      vertex 247.392 100.27 16
      vertex 243 104 16
    endloop
  endfacet
  facet normal 0 0 1
    outer loop
      vertex 247.392 100.27 16
      vertex 242.98 103.7 16
      vertex 247.101 100.171 16
    endloop
  endfacet
  facet normal 0 0 1
    outer loop
      vertex 247.101 100.171 16
      vertex 242.922 103.405 16
      vertex 246.825 100.035 16
    endloop
  endfacet
  facet normal 0 0 1
    outer loop
      vertex 245.65 98 16
      vertex 242.692 102.85 16
      vertex 245.67 97.6933 16
    endloop
  endfacet
  facet normal 0 0 1
    outer loop
      vertex 245.73 97.3918 16
      vertex 240 88 16
      vertex 245.829 97.1007 16
    endloop
  endfacet
  facet normal 0 0 1
    outer loop
      vertex 245.965 79.175 16
      vertex 240 88 16
      vertex 245.829 78.8993 16
    endloop
  endfacet
  facet normal 0 0 1
    outer loop
      vertex 246.136 99.4306 16
      vertex 242.692 102.85 16
      vertex 245.965 99.175 16
    endloop
  endfacet
  facet normal 0 0 1
    outer loop
      vertex 246.338 99.6617 16
      vertex 242.692 102.85 16
      vertex 246.136 99.4306 16
    endloop
  endfacet
  facet normal 0 0 1
    outer loop
      vertex 246.569 99.8644 16
      vertex 242.692 102.85 16
      vertex 246.338 99.6617 16
    endloop
  endfacet
  facet normal -0 0 1
    outer loop
      vertex 242.825 103.12 16
      vertex 246.825 100.035 16
      vertex 242.922 103.405 16
    endloop
  endfacet
  facet normal -0 0 1
    outer loop
      vertex 242.692 102.85 16
      vertex 246.569 99.8644 16
      vertex 242.825 103.12 16
    endloop
  endfacet
  facet normal 0 0 1
    outer loop
      vertex 246.825 100.035 16
      vertex 242.825 103.12 16
      vertex 246.569 99.8644 16
    endloop
  endfacet
  facet normal -0 0 1
    outer loop
      vertex 242.922 103.405 16
      vertex 247.101 100.171 16
      vertex 242.98 103.7 16
    endloop
  endfacet
  facet normal -0 -0 1
    outer loop
      vertex 243 104 16
      vertex 247.693 100.33 16
      vertex 242.98 104.3 16
    endloop
  endfacet
  facet normal 0 0 1
    outer loop
      vertex 248.899 100.171 16
      vertex 242.692 105.15 16
      vertex 248.608 100.27 16
    endloop
  endfacet
  facet normal 0 0 1
    outer loop
      vertex 256 128 16
      vertex 242.326 105.626 16
      vertex 242.525 105.4 16
    endloop
  endfacet
  facet normal 0 0 1
    outer loop
      vertex 256 128 16
      vertex 242.1 105.825 16
      vertex 242.326 105.626 16
    endloop
  endfacet
  facet normal 0 0 1
    outer loop
      vertex 256 128 16
      vertex 241.85 105.992 16
      vertex 242.1 105.825 16
    endloop
  endfacet
  facet normal 0 0 1
    outer loop
      vertex 256 128 16
      vertex 241.58 106.125 16
      vertex 241.85 105.992 16
    endloop
  endfacet
  facet normal -0 0 1
    outer loop
      vertex 234.125 113.58 16
      vertex 241.58 106.125 16
      vertex 256 128 16
    endloop
  endfacet
  facet normal 0 0 1
    outer loop
      vertex 241.58 106.125 16
      vertex 234.125 113.58 16
      vertex 241.295 106.222 16
    endloop
  endfacet
  facet normal -0 -0 1
    outer loop
      vertex 234.222 113.295 16
      vertex 241.295 106.222 16
      vertex 234.125 113.58 16
    endloop
  endfacet
  facet normal 0 0 1
    outer loop
      vertex 241.295 106.222 16
      vertex 234.222 113.295 16
      vertex 241 106.28 16
    endloop
  endfacet
  facet normal 0 0 1
    outer loop
      vertex 240.7 106.3 16
      vertex 234.28 113 16
      vertex 234.3 112.7 16
    endloop
  endfacet
  facet normal 0 0 1
    outer loop
      vertex 241 106.28 16
      vertex 234.28 113 16
      vertex 240.7 106.3 16
    endloop
  endfacet
  facet normal -0 -0 1
    outer loop
      vertex 234.28 113 16
      vertex 241 106.28 16
      vertex 234.222 113.295 16
    endloop
  endfacet
  facet normal 0 0 1
    outer loop
      vertex 256 128 16
      vertex 233.992 113.85 16
      vertex 234.125 113.58 16
    endloop
  endfacet
  facet normal 0 0 1
    outer loop
      vertex 256 128 16
      vertex 233.825 114.1 16
      vertex 233.992 113.85 16
    endloop
  endfacet
  facet normal 0 0 1
    outer loop
      vertex 256 128 16
      vertex 233.626 114.326 16
      vertex 233.825 114.1 16
    endloop
  endfacet
  facet normal 0 0 1
    outer loop
      vertex 256 128 16
      vertex 233.4 114.525 16
      vertex 233.626 114.326 16
    endloop
  endfacet
  facet normal 0 0 1
    outer loop
      vertex 256 128 16
      vertex 233.15 114.692 16
      vertex 233.4 114.525 16
    endloop
  endfacet
  facet normal 0 0 1
    outer loop
      vertex 256 128 16
      vertex 232.88 114.825 16
      vertex 233.15 114.692 16
    endloop
  endfacet
  facet normal 0 0 1
    outer loop
      vertex 256 128 16
      vertex 232.595 114.922 16
      vertex 232.88 114.825 16
    endloop
  endfacet
  facet normal 0 0 1
    outer loop
      vertex 256 128 16
      vertex 232.3 114.98 16
      vertex 232.595 114.922 16
    endloop
  endfacet
  facet normal 0 0 1
    outer loop
      vertex 256 128 16
      vertex 232 115 16
      vertex 232.3 114.98 16
    endloop
  endfacet
  facet normal 0 0 1
    outer loop
      vertex 256 128 16
      vertex 231.7 114.98 16
      vertex 232 115 16
    endloop
  endfacet
  facet normal 0 0 1
    outer loop
      vertex 256 128 16
      vertex 231.405 114.922 16
      vertex 231.7 114.98 16
    endloop
  endfacet
  facet normal 0 0 1
    outer loop
      vertex 216 112 16
      vertex 231.405 114.922 16
      vertex 256 128 16
    endloop
  endfacet
  facet normal 0 0 1
    outer loop
      vertex 231.405 114.922 16
      vertex 216 112 16
      vertex 231.12 114.825 16
    endloop
  endfacet
  facet normal 0 0 1
    outer loop
      vertex 229.7 112.7 16
      vertex 223.3 106.3 16
      vertex 229.7 106.3 16
    endloop
  endfacet
  facet normal 0 0 1
    outer loop
      vertex 216 112 16
      vertex 229.7 112.7 16
      vertex 229.72 113 16
    endloop
  endfacet
  facet normal 0 0 1
    outer loop
      vertex 216 112 16
      vertex 229.72 113 16
      vertex 229.778 113.295 16
    endloop
  endfacet
  facet normal 0 0 1
    outer loop
      vertex 216 112 16
      vertex 229.778 113.295 16
      vertex 229.875 113.58 16
    endloop
  endfacet
  facet normal 0 0 1
    outer loop
      vertex 216 112 16
      vertex 229.875 113.58 16
      vertex 230.008 113.85 16
    endloop
  endfacet
  facet normal 0 0 1
    outer loop
      vertex 216 112 16
      vertex 230.008 113.85 16
      vertex 230.175 114.1 16
    endloop
  endfacet
  facet normal 0 0 1
    outer loop
      vertex 216 112 16
      vertex 230.175 114.1 16
      vertex 230.374 114.326 16
    endloop
  endfacet
  facet normal 0 0 1
    outer loop
      vertex 229.7 112.7 16
      vertex 216 112 16
      vertex 223.3 106.3 16
    endloop
  endfacet
  facet normal 0 0 1
    outer loop
      vertex 223.3 106.3 16
      vertex 216 112 16
      vertex 223 106.28 16
    endloop
  endfacet
  facet normal 0 0 1
    outer loop
      vertex 223 106.28 16
      vertex 216 112 16
      vertex 222.705 106.222 16
    endloop
  endfacet
  facet normal 0 0 1
    outer loop
      vertex 222.705 106.222 16
      vertex 216 112 16
      vertex 222.42 106.125 16
    endloop
  endfacet
  facet normal 0 0 1
    outer loop
      vertex 222.42 106.125 16
      vertex 216 112 16
      vertex 222.15 105.992 16
    endloop
  endfacet
  facet normal 0 0 1
    outer loop
      vertex 222.15 105.992 16
      vertex 216 112 16
      vertex 221.9 105.825 16
    endloop
  endfacet
  facet normal 0 0 1
    outer loop
      vertex 221.02 104.3 16
      vertex 216 112 16
      vertex 221 104 16
    endloop
  endfacet
  facet normal 0 0 1
    outer loop
      vertex 221.078 104.595 16
      vertex 216 112 16
      vertex 221.02 104.3 16
    endloop
  endfacet
  facet normal 0 0 1
    outer loop
      vertex 221.175 104.88 16
      vertex 216 112 16
      vertex 221.078 104.595 16
    endloop
  endfacet
  facet normal 0 0 1
    outer loop
      vertex 221.308 105.15 16
      vertex 216 112 16
      vertex 221.175 104.88 16
    endloop
  endfacet
  facet normal 0 0 1
    outer loop
      vertex 221.475 105.4 16
      vertex 216 112 16
      vertex 221.308 105.15 16
    endloop
  endfacet
  facet normal 0 0 1
    outer loop
      vertex 221.674 105.626 16
      vertex 216 112 16
      vertex 221.475 105.4 16
    endloop
  endfacet
  facet normal 0 0 1
    outer loop
      vertex 221.9 105.825 16
      vertex 216 112 16
      vertex 221.674 105.626 16
    endloop
  endfacet
  facet normal 0 0 1
    outer loop
      vertex 230.6 114.525 16
      vertex 216 112 16
      vertex 230.374 114.326 16
    endloop
  endfacet
  facet normal 0 0 1
    outer loop
      vertex 230.85 114.692 16
      vertex 216 112 16
      vertex 230.6 114.525 16
    endloop
  endfacet
  facet normal 0 0 1
    outer loop
      vertex 231.12 114.825 16
      vertex 216 112 16
      vertex 230.85 114.692 16
    endloop
  endfacet
  facet normal 0 0 1
    outer loop
      vertex 256 128 16
      vertex 40 112 16
      vertex 216 112 16
    endloop
  endfacet
  facet normal 0 0 1
    outer loop
      vertex 34.9803 103.7 16
      vertex 40 112 16
      vertex 35 104 16
    endloop
  endfacet
  facet normal 0 0 1
    outer loop
      vertex 40 112 16
      vertex 34.9803 104.3 16
      vertex 35 104 16
    endloop
  endfacet
  facet normal 0 0 1
    outer loop
      vertex 40 112 16
      vertex 34.9216 104.595 16
      vertex 34.9803 104.3 16
    endloop
  endfacet
  facet normal 0 0 1
    outer loop
      vertex 40 112 16
      vertex 34.8249 104.88 16
      vertex 34.9216 104.595 16
    endloop
  endfacet
  facet normal 0 0 1
    outer loop
      vertex 40 112 16
      vertex 34.6918 105.15 16
      vertex 34.8249 104.88 16
    endloop
  endfacet
  facet normal 0 0 1
    outer loop
      vertex 40 112 16
      vertex 34.5247 105.4 16
      vertex 34.6918 105.15 16
    endloop
  endfacet
  facet normal 0 0 1
    outer loop
      vertex 40 112 16
      vertex 34.3263 105.626 16
      vertex 34.5247 105.4 16
    endloop
  endfacet
  facet normal 0 0 1
    outer loop
      vertex 40 112 16
      vertex 34.1001 105.825 16
      vertex 34.3263 105.626 16
    endloop
  endfacet
  facet normal 0 0 1
    outer loop
      vertex 40 112 16
      vertex 33.85 105.992 16
      vertex 34.1001 105.825 16
    endloop
  endfacet
  facet normal 0 0 1
    outer loop
      vertex 40 112 16
      vertex 33.5802 106.125 16
      vertex 33.85 105.992 16
    endloop
  endfacet
  facet normal 0 0 1
    outer loop
      vertex 40 112 16
      vertex 33.2953 106.222 16
      vertex 33.5802 106.125 16
    endloop
  endfacet
  facet normal 0 0 1
    outer loop
      vertex 40 112 16
      vertex 33.0002 106.28 16
      vertex 33.2953 106.222 16
    endloop
  endfacet
  facet normal 0 0 1
    outer loop
      vertex 40 112 16
      vertex 32.7 106.3 16
      vertex 33.0002 106.28 16
    endloop
  endfacet
  facet normal 0 0 1
    outer loop
      vertex 40 112 16
      vertex 26.3 112.7 16
      vertex 32.7 106.3 16
    endloop
  endfacet
  facet normal -0 0 1
    outer loop
      vertex 0 128 16
      vertex 40 112 16
      vertex 256 128 16
    endloop
  endfacet
  facet normal 0 0 1
    outer loop
      vertex 40 112 16
      vertex 26.2803 113 16
      vertex 26.3 112.7 16
    endloop
  endfacet
  facet normal 0 0 1
    outer loop
      vertex 40 112 16
      vertex 26.2216 113.295 16
      vertex 26.2803 113 16
    endloop
  endfacet
  facet normal 0 0 1
    outer loop
      vertex 40 112 16
      vertex 26.1249 113.58 16
      vertex 26.2216 113.295 16
    endloop
  endfacet
  facet normal 0 0 1
    outer loop
      vertex 40 112 16
      vertex 25.9919 113.85 16
      vertex 26.1249 113.58 16
    endloop
  endfacet
  facet normal 0 0 1
    outer loop
      vertex 40 112 16
      vertex 25.8247 114.1 16
      vertex 25.9919 113.85 16
    endloop
  endfacet
  facet normal 0 0 1
    outer loop
      vertex 40 112 16
      vertex 25.6263 114.326 16
      vertex 25.8247 114.1 16
    endloop
  endfacet
  facet normal 0 0 1
    outer loop
      vertex 40 112 16
      vertex 25.4001 114.525 16
      vertex 25.6263 114.326 16
    endloop
  endfacet
  facet normal 0 0 1
    outer loop
      vertex 40 112 16
      vertex 25.15 114.692 16
      vertex 25.4001 114.525 16
    endloop
  endfacet
  facet normal 0 0 1
    outer loop
      vertex 40 112 16
      vertex 24.8802 114.825 16
      vertex 25.15 114.692 16
    endloop
  endfacet
  facet normal -0 -0 1
    outer loop
      vertex 24.5953 114.922 16
      vertex 40 112 16
      vertex 0 128 16
    endloop
  endfacet
  facet normal 0 0 1
    outer loop
      vertex 40 112 16
      vertex 24.5953 114.922 16
      vertex 24.8802 114.825 16
    endloop
  endfacet
  facet normal 0 0 1
    outer loop
      vertex 24.5953 114.922 16
      vertex 0 128 16
      vertex 24.3002 114.98 16
    endloop
  endfacet
  facet normal 0 0 1
    outer loop
      vertex 21.7 112.7 16
      vertex 15.3 106.3 16
      vertex 21.7 106.3 16
    endloop
  endfacet
  facet normal 0 0 1
    outer loop
      vertex 21.7197 113 16
      vertex 15.3 106.3 16
      vertex 21.7 112.7 16
    endloop
  endfacet
  facet normal 0 0 1
    outer loop
      vertex 14.9998 106.28 16
      vertex 21.7197 113 16
      vertex 21.7784 113.295 16
    endloop
  endfacet
  facet normal 0 0 1
    outer loop
      vertex 14.7047 106.222 16
      vertex 21.7784 113.295 16
      vertex 21.8751 113.58 16
    endloop
  endfacet
  facet normal 0 0 1
    outer loop
      vertex 0 128 16
      vertex 21.8751 113.58 16
      vertex 22.0081 113.85 16
    endloop
  endfacet
  facet normal 0 0 1
    outer loop
      vertex 0 128 16
      vertex 22.0081 113.85 16
      vertex 22.1753 114.1 16
    endloop
  endfacet
  facet normal 0 0 1
    outer loop
      vertex 0 128 16
      vertex 22.1753 114.1 16
      vertex 22.3737 114.326 16
    endloop
  endfacet
  facet normal 0 0 1
    outer loop
      vertex 21.7197 113 16
      vertex 14.9998 106.28 16
      vertex 15.3 106.3 16
    endloop
  endfacet
  facet normal 0 0 1
    outer loop
      vertex 21.7784 113.295 16
      vertex 14.7047 106.222 16
      vertex 14.9998 106.28 16
    endloop
  endfacet
  facet normal 0 0 1
    outer loop
      vertex 21.8751 113.58 16
      vertex 14.4198 106.125 16
      vertex 14.7047 106.222 16
    endloop
  endfacet
  facet normal 0 0 1
    outer loop
      vertex 21.8751 113.58 16
      vertex 0 128 16
      vertex 14.4198 106.125 16
    endloop
  endfacet
  facet normal 0 0 1
    outer loop
      vertex 14.4198 106.125 16
      vertex 0 128 16
      vertex 14.15 105.992 16
    endloop
  endfacet
  facet normal 0 0 1
    outer loop
      vertex 14.15 105.992 16
      vertex 0 128 16
      vertex 13.8999 105.825 16
    endloop
  endfacet
  facet normal -0 0 1
    outer loop
      vertex 10.1711 97.1007 16
      vertex 21.7 95.3 16
      vertex 10.2699 97.3918 16
    endloop
  endfacet
  facet normal 0 0 1
    outer loop
      vertex 8.30674 100.33 16
      vertex 13 104 16
      vertex 13.0197 104.3 16
    endloop
  endfacet
  facet normal 0 0 1
    outer loop
      vertex 8 100.35 16
      vertex 13.0197 104.3 16
      vertex 13.0784 104.595 16
    endloop
  endfacet
  facet normal 0 0 1
    outer loop
      vertex 7.69326 100.33 16
      vertex 13.0784 104.595 16
      vertex 13.1751 104.88 16
    endloop
  endfacet
  facet normal 0 0 1
    outer loop
      vertex 14.7047 101.778 16
      vertex 10.3299 98.3067 16
      vertex 10.35 98 16
    endloop
  endfacet
  facet normal 0 0 1
    outer loop
      vertex 14.4198 101.875 16
      vertex 10.2699 98.6082 16
      vertex 10.3299 98.3067 16
    endloop
  endfacet
  facet normal 0 0 1
    outer loop
      vertex 14.15 102.008 16
      vertex 10.1711 98.8993 16
      vertex 10.2699 98.6082 16
    endloop
  endfacet
  facet normal 0 0 1
    outer loop
      vertex 7.39178 100.27 16
      vertex 13.1751 104.88 16
      vertex 13.3082 105.15 16
    endloop
  endfacet
  facet normal 0 0 1
    outer loop
      vertex 13.8999 102.175 16
      vertex 10.0352 99.175 16
      vertex 10.1711 98.8993 16
    endloop
  endfacet
  facet normal 0 0 1
    outer loop
      vertex 13.6737 102.374 16
      vertex 9.86438 99.4306 16
      vertex 10.0352 99.175 16
    endloop
  endfacet
  facet normal 0 0 1
    outer loop
      vertex 13.4753 102.6 16
      vertex 9.6617 99.6617 16
      vertex 9.86438 99.4306 16
    endloop
  endfacet
  facet normal 0 0 1
    outer loop
      vertex 13.3082 102.85 16
      vertex 9.43059 99.8644 16
      vertex 9.6617 99.6617 16
    endloop
  endfacet
  facet normal 0 0 1
    outer loop
      vertex 7.10069 100.171 16
      vertex 13.3082 105.15 16
      vertex 13.4753 105.4 16
    endloop
  endfacet
  facet normal 0 0 1
    outer loop
      vertex 13.1751 103.12 16
      vertex 9.175 100.035 16
      vertex 9.43059 99.8644 16
    endloop
  endfacet
  facet normal 0 0 1
    outer loop
      vertex 13.0784 103.405 16
      vertex 8.89931 100.171 16
      vertex 9.175 100.035 16
    endloop
  endfacet
  facet normal 0 0 1
    outer loop
      vertex 13.0197 103.7 16
      vertex 8.60822 100.27 16
      vertex 8.89931 100.171 16
    endloop
  endfacet
  facet normal 0 0 1
    outer loop
      vertex 0 128 16
      vertex 13.4753 105.4 16
      vertex 13.6737 105.626 16
    endloop
  endfacet
  facet normal 0 0 1
    outer loop
      vertex 13 104 16
      vertex 8.30674 100.33 16
      vertex 8.60822 100.27 16
    endloop
  endfacet
  facet normal 0 0 1
    outer loop
      vertex 13.8999 105.825 16
      vertex 0 128 16
      vertex 13.6737 105.626 16
    endloop
  endfacet
  facet normal 0 0 1
    outer loop
      vertex 13.0197 104.3 16
      vertex 8 100.35 16
      vertex 8.30674 100.33 16
    endloop
  endfacet
  facet normal 0 0 1
    outer loop
      vertex 13.4753 105.4 16
      vertex 0 128 16
      vertex 7.10069 100.171 16
    endloop
  endfacet
  facet normal 0 0 1
    outer loop
      vertex 13.0784 104.595 16
      vertex 7.69326 100.33 16
      vertex 8 100.35 16
    endloop
  endfacet
  facet normal 0 0 1
    outer loop
      vertex 13.1751 104.88 16
      vertex 7.39178 100.27 16
      vertex 7.69326 100.33 16
    endloop
  endfacet
  facet normal 0 0 1
    outer loop
      vertex 13.3082 105.15 16
      vertex 7.10069 100.171 16
      vertex 7.39178 100.27 16
    endloop
  endfacet
  facet normal 0 0 1
    outer loop
      vertex 7.10069 100.171 16
      vertex 0 128 16
      vertex 6.825 100.035 16
    endloop
  endfacet
  facet normal 0 0 1
    outer loop
      vertex 6.825 100.035 16
      vertex 0 128 16
      vertex 6.56941 99.8644 16
    endloop
  endfacet
  facet normal 0 0 1
    outer loop
      vertex 0 128 16
      vertex 5.65 78 16
      vertex 5.65 98 16
    endloop
  endfacet
  facet normal 0 0 1
    outer loop
      vertex 5.65 78 16
      vertex 0 128 16
      vertex 5.65 50 16
    endloop
  endfacet
  facet normal 0 0 1
    outer loop
      vertex 0 0 16
      vertex 5.65 50 16
      vertex 0 128 16
    endloop
  endfacet
  facet normal 0 0 1
    outer loop
      vertex 5.6701 98.3067 16
      vertex 0 128 16
      vertex 5.65 98 16
    endloop
  endfacet
  facet normal 0 0 1
    outer loop
      vertex 5.73007 98.6082 16
      vertex 0 128 16
      vertex 5.6701 98.3067 16
    endloop
  endfacet
  facet normal 0 0 1
    outer loop
      vertex 5.82888 98.8993 16
      vertex 0 128 16
      vertex 5.73007 98.6082 16
    endloop
  endfacet
  facet normal 0 0 1
    outer loop
      vertex 5.96484 99.175 16
      vertex 0 128 16
      vertex 5.82888 98.8993 16
    endloop
  endfacet
  facet normal 0 0 1
    outer loop
      vertex 6.13562 99.4306 16
      vertex 0 128 16
      vertex 5.96484 99.175 16
    endloop
  endfacet
  facet normal 0 0 1
    outer loop
      vertex 6.3383 99.6617 16
      vertex 0 128 16
      vertex 6.13562 99.4306 16
    endloop
  endfacet
  facet normal 0 0 1
    outer loop
      vertex 6.56941 99.8644 16
      vertex 0 128 16
      vertex 6.3383 99.6617 16
    endloop
  endfacet
  facet normal 0 0 1
    outer loop
      vertex 22.5999 114.525 16
      vertex 0 128 16
      vertex 22.3737 114.326 16
    endloop
  endfacet
  facet normal 0 0 1
    outer loop
      vertex 22.85 114.692 16
      vertex 0 128 16
      vertex 22.5999 114.525 16
    endloop
  endfacet
  facet normal 0 0 1
    outer loop
      vertex 23.1198 114.825 16
      vertex 0 128 16
      vertex 22.85 114.692 16
    endloop
  endfacet
  facet normal 0 0 1
    outer loop
      vertex 23.4047 114.922 16
      vertex 0 128 16
      vertex 23.1198 114.825 16
    endloop
  endfacet
  facet normal 0 0 1
    outer loop
      vertex 23.6998 114.98 16
      vertex 0 128 16
      vertex 23.4047 114.922 16
    endloop
  endfacet
  facet normal 0 0 1
    outer loop
      vertex 24 115 16
      vertex 0 128 16
      vertex 23.6998 114.98 16
    endloop
  endfacet
  facet normal 0 0 1
    outer loop
      vertex 24.3002 114.98 16
      vertex 0 128 16
      vertex 24 115 16
    endloop
  endfacet
  facet normal 0 0 1
    outer loop
      vertex 256 128 16
      vertex 250.35 78 16
      vertex 256 0 16
    endloop
  endfacet
  facet normal -0 0 1
    outer loop
      vertex 250.35 50 16
      vertex 256 0 16
      vertex 250.35 78 16
    endloop
  endfacet
  facet normal -0 0 1
    outer loop
      vertex 250.35 30 16
      vertex 256 0 16
      vertex 250.35 50 16
    endloop
  endfacet
  facet normal -0 0 1
    outer loop
      vertex 250.33 29.6933 16
      vertex 256 0 16
      vertex 250.35 30 16
    endloop
  endfacet
  facet normal -0 0 1
    outer loop
      vertex 250.27 29.3918 16
      vertex 256 0 16
      vertex 250.33 29.6933 16
    endloop
  endfacet
  facet normal -0 0 1
    outer loop
      vertex 250.171 29.1007 16
      vertex 256 0 16
      vertex 250.27 29.3918 16
    endloop
  endfacet
  facet normal -0 0 1
    outer loop
      vertex 250.035 28.825 16
      vertex 256 0 16
      vertex 250.171 29.1007 16
    endloop
  endfacet
  facet normal -0 0 1
    outer loop
      vertex 249.864 28.5694 16
      vertex 256 0 16
      vertex 250.035 28.825 16
    endloop
  endfacet
  facet normal -0 0 1
    outer loop
      vertex 249.662 28.3383 16
      vertex 256 0 16
      vertex 249.864 28.5694 16
    endloop
  endfacet
  facet normal -0 0 1
    outer loop
      vertex 249.431 28.1356 16
      vertex 256 0 16
      vertex 249.662 28.3383 16
    endloop
  endfacet
  facet normal -0 0 1
    outer loop
      vertex 249.175 27.9648 16
      vertex 256 0 16
      vertex 249.431 28.1356 16
    endloop
  endfacet
  facet normal -0 0 1
    outer loop
      vertex 248.899 27.8289 16
      vertex 256 0 16
      vertex 249.175 27.9648 16
    endloop
  endfacet
  facet normal 0 0 1
    outer loop
      vertex 242.692 22.85 16
      vertex 248.899 27.8289 16
      vertex 248.608 27.7301 16
    endloop
  endfacet
  facet normal 0 0 1
    outer loop
      vertex 242.825 23.1198 16
      vertex 248.608 27.7301 16
      vertex 248.307 27.6701 16
    endloop
  endfacet
  facet normal 0 0 1
    outer loop
      vertex 242.922 23.4047 16
      vertex 248.307 27.6701 16
      vertex 248 27.65 16
    endloop
  endfacet
  facet normal 0 0 1
    outer loop
      vertex 242.98 23.6998 16
      vertex 248 27.65 16
      vertex 247.693 27.6701 16
    endloop
  endfacet
  facet normal 0 0 1
    outer loop
      vertex 243 24 16
      vertex 247.693 27.6701 16
      vertex 247.392 27.7301 16
    endloop
  endfacet
  facet normal 0 0 1
    outer loop
      vertex 243 24 16
      vertex 247.392 27.7301 16
      vertex 247.101 27.8289 16
    endloop
  endfacet
  facet normal 0 0 1
    outer loop
      vertex 243 24 16
      vertex 247.101 27.8289 16
      vertex 246.825 27.9648 16
    endloop
  endfacet
  facet normal 0 0 1
    outer loop
      vertex 243 24 16
      vertex 246.825 27.9648 16
      vertex 246.569 28.1356 16
    endloop
  endfacet
  facet normal 0 0 1
    outer loop
      vertex 243 24 16
      vertex 246.569 28.1356 16
      vertex 246.338 28.3383 16
    endloop
  endfacet
  facet normal 0 0 1
    outer loop
      vertex 243 24 16
      vertex 246.338 28.3383 16
      vertex 246.136 28.5694 16
    endloop
  endfacet
  facet normal 0 0 1
    outer loop
      vertex 243 24 16
      vertex 246.136 28.5694 16
      vertex 245.965 28.825 16
    endloop
  endfacet
  facet normal 0 0 1
    outer loop
      vertex 243 24 16
      vertex 245.965 28.825 16
      vertex 245.829 29.1007 16
    endloop
  endfacet
  facet normal 0 0 1
    outer loop
      vertex 245.67 30.3067 16
      vertex 243 24 16
      vertex 245.65 30 16
    endloop
  endfacet
  facet normal 0 0 1
    outer loop
      vertex 243 24 16
      vertex 245.67 29.6933 16
      vertex 245.65 30 16
    endloop
  endfacet
  facet normal 0 0 1
    outer loop
      vertex 243 24 16
      vertex 245.73 29.3918 16
      vertex 245.67 29.6933 16
    endloop
  endfacet
  facet normal 0 0 1
    outer loop
      vertex 243 24 16
      vertex 245.829 29.1007 16
      vertex 245.73 29.3918 16
    endloop
  endfacet
  facet normal 0 0 1
    outer loop
      vertex 247.693 27.6701 16
      vertex 243 24 16
      vertex 242.98 23.6998 16
    endloop
  endfacet
  facet normal 0 0 1
    outer loop
      vertex 248 27.65 16
      vertex 242.98 23.6998 16
      vertex 242.922 23.4047 16
    endloop
  endfacet
  facet normal 0 0 1
    outer loop
      vertex 248.307 27.6701 16
      vertex 242.922 23.4047 16
      vertex 242.825 23.1198 16
    endloop
  endfacet
  facet normal 0 0 1
    outer loop
      vertex 248.608 27.7301 16
      vertex 242.825 23.1198 16
      vertex 242.692 22.85 16
    endloop
  endfacet
  facet normal 0 0 1
    outer loop
      vertex 248.899 27.8289 16
      vertex 242.692 22.85 16
      vertex 242.525 22.5999 16
    endloop
  endfacet
  facet normal 0 0 1
    outer loop
      vertex 248.899 27.8289 16
      vertex 242.525 22.5999 16
      vertex 256 0 16
    endloop
  endfacet
  facet normal -0 0 1
    outer loop
      vertex 242.326 22.3737 16
      vertex 256 0 16
      vertex 242.525 22.5999 16
    endloop
  endfacet
  facet normal -0 0 1
    outer loop
      vertex 242.1 22.1753 16
      vertex 256 0 16
      vertex 242.326 22.3737 16
    endloop
  endfacet
  facet normal -0 0 1
    outer loop
      vertex 241.85 22.0081 16
      vertex 256 0 16
      vertex 242.1 22.1753 16
    endloop
  endfacet
  facet normal -0 0 1
    outer loop
      vertex 241.58 21.8751 16
      vertex 256 0 16
      vertex 241.85 22.0081 16
    endloop
  endfacet
  facet normal 0 0 1
    outer loop
      vertex 234.125 14.4198 16
      vertex 241.58 21.8751 16
      vertex 241.295 21.7784 16
    endloop
  endfacet
  facet normal 0 0 1
    outer loop
      vertex 234.222 14.7047 16
      vertex 241.295 21.7784 16
      vertex 241 21.7197 16
    endloop
  endfacet
  facet normal 0 0 1
    outer loop
      vertex 234.28 14.9998 16
      vertex 241 21.7197 16
      vertex 240.7 21.7 16
    endloop
  endfacet
  facet normal 0 0 1
    outer loop
      vertex 234.3 15.3 16
      vertex 240.7 21.7 16
      vertex 234.3 21.7 16
    endloop
  endfacet
  facet normal 0 0 1
    outer loop
      vertex 234.28 14.9998 16
      vertex 240.7 21.7 16
      vertex 234.3 15.3 16
    endloop
  endfacet
  facet normal 0 0 1
    outer loop
      vertex 241 21.7197 16
      vertex 234.28 14.9998 16
      vertex 234.222 14.7047 16
    endloop
  endfacet
  facet normal 0 0 1
    outer loop
      vertex 241.295 21.7784 16
      vertex 234.222 14.7047 16
      vertex 234.125 14.4198 16
    endloop
  endfacet
  facet normal 0 0 1
    outer loop
      vertex 241.58 21.8751 16
      vertex 234.125 14.4198 16
      vertex 256 0 16
    endloop
  endfacet
  facet normal -0 0 1
    outer loop
      vertex 233.992 14.15 16
      vertex 256 0 16
      vertex 234.125 14.4198 16
    endloop
  endfacet
  facet normal -0 0 1
    outer loop
      vertex 233.825 13.8999 16
      vertex 256 0 16
      vertex 233.992 14.15 16
    endloop
  endfacet
  facet normal -0 0 1
    outer loop
      vertex 233.626 13.6737 16
      vertex 256 0 16
      vertex 233.825 13.8999 16
    endloop
  endfacet
  facet normal -0 0 1
    outer loop
      vertex 233.4 13.4753 16
      vertex 256 0 16
      vertex 233.626 13.6737 16
    endloop
  endfacet
  facet normal -0 0 1
    outer loop
      vertex 233.15 13.3082 16
      vertex 256 0 16
      vertex 233.4 13.4753 16
    endloop
  endfacet
  facet normal -0 0 1
    outer loop
      vertex 232.88 13.1751 16
      vertex 256 0 16
      vertex 233.15 13.3082 16
    endloop
  endfacet
  facet normal -0 0 1
    outer loop
      vertex 232.595 13.0784 16
      vertex 256 0 16
      vertex 232.88 13.1751 16
    endloop
  endfacet
  facet normal -0 0 1
    outer loop
      vertex 232.3 13.0197 16
      vertex 256 0 16
      vertex 232.595 13.0784 16
    endloop
  endfacet
  facet normal -0 0 1
    outer loop
      vertex 232 13 16
      vertex 256 0 16
      vertex 232.3 13.0197 16
    endloop
  endfacet
  facet normal 0 0 1
    outer loop
      vertex 231.7 13.0197 16
      vertex 256 0 16
      vertex 232 13 16
    endloop
  endfacet
  facet normal 0 0 1
    outer loop
      vertex 231.405 13.0784 16
      vertex 256 0 16
      vertex 231.7 13.0197 16
    endloop
  endfacet
  facet normal 0 0 1
    outer loop
      vertex 216 16 16
      vertex 231.405 13.0784 16
      vertex 231.12 13.1751 16
    endloop
  endfacet
  facet normal 0 0 1
    outer loop
      vertex 216 16 16
      vertex 231.12 13.1751 16
      vertex 230.85 13.3082 16
    endloop
  endfacet
  facet normal -0 0 1
    outer loop
      vertex 216 16 16
      vertex 229.7 15.3 16
      vertex 223.3 21.7 16
    endloop
  endfacet
  facet normal 0 0 1
    outer loop
      vertex 229.7 15.3 16
      vertex 216 16 16
      vertex 229.72 14.9998 16
    endloop
  endfacet
  facet normal 0 0 1
    outer loop
      vertex 229.72 14.9998 16
      vertex 216 16 16
      vertex 229.778 14.7047 16
    endloop
  endfacet
  facet normal 0 0 1
    outer loop
      vertex 229.778 14.7047 16
      vertex 216 16 16
      vertex 229.875 14.4198 16
    endloop
  endfacet
  facet normal 0 0 1
    outer loop
      vertex 229.875 14.4198 16
      vertex 216 16 16
      vertex 230.008 14.15 16
    endloop
  endfacet
  facet normal 0 0 1
    outer loop
      vertex 230.008 14.15 16
      vertex 216 16 16
      vertex 230.175 13.8999 16
    endloop
  endfacet
  facet normal 0 0 1
    outer loop
      vertex 216 16 16
      vertex 223.3 21.7 16
      vertex 223 21.7197 16
    endloop
  endfacet
  facet normal 0 0 1
    outer loop
      vertex 216 16 16
      vertex 223 21.7197 16
      vertex 222.705 21.7784 16
    endloop
  endfacet
  facet normal 0 0 1
    outer loop
      vertex 216 16 16
      vertex 222.705 21.7784 16
      vertex 222.42 21.8751 16
    endloop
  endfacet
  facet normal 0 0 1
    outer loop
      vertex 216 16 16
      vertex 222.42 21.8751 16
      vertex 222.15 22.0081 16
    endloop
  endfacet
  facet normal 0 0 1
    outer loop
      vertex 216 16 16
      vertex 222.15 22.0081 16
      vertex 221.9 22.1753 16
    endloop
  endfacet
  facet normal 0 0 1
    outer loop
      vertex 216 16 16
      vertex 221.9 22.1753 16
      vertex 221.674 22.3737 16
    endloop
  endfacet
  facet normal 0 0 1
    outer loop
      vertex 221.02 24.3002 16
      vertex 216 16 16
      vertex 221 24 16
    endloop
  endfacet
  facet normal 0 0 1
    outer loop
      vertex 221 24 16
      vertex 216 16 16
      vertex 221.02 23.6998 16
    endloop
  endfacet
  facet normal 0 0 1
    outer loop
      vertex 221.02 23.6998 16
      vertex 216 16 16
      vertex 221.078 23.4047 16
    endloop
  endfacet
  facet normal 0 0 1
    outer loop
      vertex 216 16 16
      vertex 221.175 23.1198 16
      vertex 221.078 23.4047 16
    endloop
  endfacet
  facet normal 0 0 1
    outer loop
      vertex 216 16 16
      vertex 221.308 22.85 16
      vertex 221.175 23.1198 16
    endloop
  endfacet
  facet normal 0 0 1
    outer loop
      vertex 216 16 16
      vertex 221.475 22.5999 16
      vertex 221.308 22.85 16
    endloop
  endfacet
  facet normal 0 0 1
    outer loop
      vertex 216 16 16
      vertex 221.674 22.3737 16
      vertex 221.475 22.5999 16
    endloop
  endfacet
  facet normal 0 0 1
    outer loop
      vertex 230.175 13.8999 16
      vertex 216 16 16
      vertex 230.374 13.6737 16
    endloop
  endfacet
  facet normal 0 0 1
    outer loop
      vertex 216 16 16
      vertex 230.6 13.4753 16
      vertex 230.374 13.6737 16
    endloop
  endfacet
  facet normal 0 0 1
    outer loop
      vertex 216 16 16
      vertex 230.85 13.3082 16
      vertex 230.6 13.4753 16
    endloop
  endfacet
  facet normal 0 0 1
    outer loop
      vertex 231.405 13.0784 16
      vertex 216 16 16
      vertex 256 0 16
    endloop
  endfacet
  facet normal -0 0 1
    outer loop
      vertex 40 16 16
      vertex 256 0 16
      vertex 216 16 16
    endloop
  endfacet
  facet normal -0 0 1
    outer loop
      vertex 34.9803 23.6998 16
      vertex 40 16 16
      vertex 35 24 16
    endloop
  endfacet
  facet normal -0 0 1
    outer loop
      vertex 34.9216 23.4047 16
      vertex 40 16 16
      vertex 34.9803 23.6998 16
    endloop
  endfacet
  facet normal -0 0 1
    outer loop
      vertex 34.8249 23.1198 16
      vertex 40 16 16
      vertex 34.9216 23.4047 16
    endloop
  endfacet
  facet normal -0 0 1
    outer loop
      vertex 34.6918 22.85 16
      vertex 40 16 16
      vertex 34.8249 23.1198 16
    endloop
  endfacet
  facet normal -0 0 1
    outer loop
      vertex 34.5247 22.5999 16
      vertex 40 16 16
      vertex 34.6918 22.85 16
    endloop
  endfacet
  facet normal -0 0 1
    outer loop
      vertex 34.3263 22.3737 16
      vertex 40 16 16
      vertex 34.5247 22.5999 16
    endloop
  endfacet
  facet normal -0 0 1
    outer loop
      vertex 34.1001 22.1753 16
      vertex 40 16 16
      vertex 34.3263 22.3737 16
    endloop
  endfacet
  facet normal -0 0 1
    outer loop
      vertex 33.85 22.0081 16
      vertex 40 16 16
      vertex 34.1001 22.1753 16
    endloop
  endfacet
  facet normal -0 0 1
    outer loop
      vertex 33.5802 21.8751 16
      vertex 40 16 16
      vertex 33.85 22.0081 16
    endloop
  endfacet
  facet normal -0 0 1
    outer loop
      vertex 33.2953 21.7784 16
      vertex 40 16 16
      vertex 33.5802 21.8751 16
    endloop
  endfacet
  facet normal -0 0 1
    outer loop
      vertex 33.0002 21.7197 16
      vertex 40 16 16
      vertex 33.2953 21.7784 16
    endloop
  endfacet
  facet normal -0 0 1
    outer loop
      vertex 32.7 21.7 16
      vertex 40 16 16
      vertex 33.0002 21.7197 16
    endloop
  endfacet
  facet normal 0 0 1
    outer loop
      vertex 26.3 15.3 16
      vertex 32.7 21.7 16
      vertex 26.3 21.7 16
    endloop
  endfacet
  facet normal 0 0 1
    outer loop
      vertex 32.7 21.7 16
      vertex 26.3 15.3 16
      vertex 40 16 16
    endloop
  endfacet
  facet normal 0 0 1
    outer loop
      vertex 26.2803 14.9998 16
      vertex 40 16 16
      vertex 26.3 15.3 16
    endloop
  endfacet
  facet normal 0 0 1
    outer loop
      vertex 26.2216 14.7047 16
      vertex 40 16 16
      vertex 26.2803 14.9998 16
    endloop
  endfacet
  facet normal 0 0 1
    outer loop
      vertex 26.1249 14.4198 16
      vertex 40 16 16
      vertex 26.2216 14.7047 16
    endloop
  endfacet
  facet normal 0 0 1
    outer loop
      vertex 25.9919 14.15 16
      vertex 40 16 16
      vertex 26.1249 14.4198 16
    endloop
  endfacet
  facet normal 0 0 1
    outer loop
      vertex 25.8247 13.8999 16
      vertex 40 16 16
      vertex 25.9919 14.15 16
    endloop
  endfacet
  facet normal 0 0 1
    outer loop
      vertex 25.6263 13.6737 16
      vertex 40 16 16
      vertex 25.8247 13.8999 16
    endloop
  endfacet
  facet normal 0 0 1
    outer loop
      vertex 25.4001 13.4753 16
      vertex 40 16 16
      vertex 25.6263 13.6737 16
    endloop
  endfacet
  facet normal 0 0 1
    outer loop
      vertex 25.15 13.3082 16
      vertex 40 16 16
      vertex 25.4001 13.4753 16
    endloop
  endfacet
  facet normal 0 0 1
    outer loop
      vertex 24.8802 13.1751 16
      vertex 40 16 16
      vertex 25.15 13.3082 16
    endloop
  endfacet
  facet normal 0 0 1
    outer loop
      vertex 24.5953 13.0784 16
      vertex 40 16 16
      vertex 24.8802 13.1751 16
    endloop
  endfacet
  facet normal 0 0 1
    outer loop
      vertex 40 16 16
      vertex 24.5953 13.0784 16
      vertex 0 0 16
    endloop
  endfacet
  facet normal 0 0 1
    outer loop
      vertex 0 0 16
      vertex 24.5953 13.0784 16
      vertex 24.3002 13.0197 16
    endloop
  endfacet
  facet normal 0 0 1
    outer loop
      vertex 0 0 16
      vertex 24.3002 13.0197 16
      vertex 24 13 16
    endloop
  endfacet
  facet normal 0 0 1
    outer loop
      vertex 15.3 21.7 16
      vertex 21.7197 14.9998 16
      vertex 21.7 15.3 16
    endloop
  endfacet
  facet normal 0 0 1
    outer loop
      vertex 14.9998 21.7197 16
      vertex 21.7197 14.9998 16
      vertex 15.3 21.7 16
    endloop
  endfacet
  facet normal 0 0 1
    outer loop
      vertex 21.7197 14.9998 16
      vertex 14.9998 21.7197 16
      vertex 21.7784 14.7047 16
    endloop
  endfacet
  facet normal 0 0 1
    outer loop
      vertex 14.7047 21.7784 16
      vertex 21.7784 14.7047 16
      vertex 14.9998 21.7197 16
    endloop
  endfacet
  facet normal 0 0 1
    outer loop
      vertex 21.7784 14.7047 16
      vertex 14.7047 21.7784 16
      vertex 21.8751 14.4198 16
    endloop
  endfacet
  facet normal 0 0 1
    outer loop
      vertex 14.4198 21.8751 16
      vertex 21.8751 14.4198 16
      vertex 14.7047 21.7784 16
    endloop
  endfacet
  facet normal 0 0 1
    outer loop
      vertex 0 0 16
      vertex 21.8751 14.4198 16
      vertex 14.4198 21.8751 16
    endloop
  endfacet
  facet normal 0 0 1
    outer loop
      vertex 21.8751 14.4198 16
      vertex 0 0 16
      vertex 22.0081 14.15 16
    endloop
  endfacet
  facet normal 0 0 1
    outer loop
      vertex 22.0081 14.15 16
      vertex 0 0 16
      vertex 22.1753 13.8999 16
    endloop
  endfacet
  facet normal 0 0 1
    outer loop
      vertex 0 0 16
      vertex 14.4198 21.8751 16
      vertex 14.15 22.0081 16
    endloop
  endfacet
  facet normal 0 0 1
    outer loop
      vertex 0 0 16
      vertex 14.15 22.0081 16
      vertex 13.8999 22.1753 16
    endloop
  endfacet
  facet normal 0 0 1
    outer loop
      vertex 0 0 16
      vertex 13.8999 22.1753 16
      vertex 13.6737 22.3737 16
    endloop
  endfacet
  facet normal 0 0 1
    outer loop
      vertex 13.8999 25.8247 16
      vertex 10.0352 28.825 16
      vertex 13.6737 25.6263 16
    endloop
  endfacet
  facet normal -0 0 1
    outer loop
      vertex 9.86438 28.5694 16
      vertex 13.6737 25.6263 16
      vertex 10.0352 28.825 16
    endloop
  endfacet
  facet normal 0 0 1
    outer loop
      vertex 13.6737 25.6263 16
      vertex 9.86438 28.5694 16
      vertex 13.4753 25.4001 16
    endloop
  endfacet
  facet normal -0 0 1
    outer loop
      vertex 9.6617 28.3383 16
      vertex 13.4753 25.4001 16
      vertex 9.86438 28.5694 16
    endloop
  endfacet
  facet normal 0 0 1
    outer loop
      vertex 13.4753 25.4001 16
      vertex 9.6617 28.3383 16
      vertex 13.3082 25.15 16
    endloop
  endfacet
  facet normal -0 0 1
    outer loop
      vertex 9.43059 28.1356 16
      vertex 13.3082 25.15 16
      vertex 9.6617 28.3383 16
    endloop
  endfacet
  facet normal 0 0 1
    outer loop
      vertex 13.3082 25.15 16
      vertex 9.43059 28.1356 16
      vertex 13.1751 24.8802 16
    endloop
  endfacet
  facet normal -0 0 1
    outer loop
      vertex 9.175 27.9648 16
      vertex 13.1751 24.8802 16
      vertex 9.43059 28.1356 16
    endloop
  endfacet
  facet normal 0 0 1
    outer loop
      vertex 13.1751 24.8802 16
      vertex 9.175 27.9648 16
      vertex 13.0784 24.5953 16
    endloop
  endfacet
  facet normal -0 0 1
    outer loop
      vertex 8.89931 27.8289 16
      vertex 13.0784 24.5953 16
      vertex 9.175 27.9648 16
    endloop
  endfacet
  facet normal 0 0 1
    outer loop
      vertex 13.0784 24.5953 16
      vertex 8.89931 27.8289 16
      vertex 13.0197 24.3002 16
    endloop
  endfacet
  facet normal -0 0 1
    outer loop
      vertex 8.60822 27.7301 16
      vertex 13.0197 24.3002 16
      vertex 8.89931 27.8289 16
    endloop
  endfacet
  facet normal 0 0 1
    outer loop
      vertex 13.0197 24.3002 16
      vertex 8.60822 27.7301 16
      vertex 13 24 16
    endloop
  endfacet
  facet normal -0 0 1
    outer loop
      vertex 8.30674 27.6701 16
      vertex 13 24 16
      vertex 8.60822 27.7301 16
    endloop
  endfacet
  facet normal 0 0 1
    outer loop
      vertex 13 24 16
      vertex 8.30674 27.6701 16
      vertex 13.0197 23.6998 16
    endloop
  endfacet
  facet normal -0 0 1
    outer loop
      vertex 8 27.65 16
      vertex 13.0197 23.6998 16
      vertex 8.30674 27.6701 16
    endloop
  endfacet
  facet normal 0 0 1
    outer loop
      vertex 13.0197 23.6998 16
      vertex 8 27.65 16
      vertex 13.0784 23.4047 16
    endloop
  endfacet
  facet normal 0 0 1
    outer loop
      vertex 7.69326 27.6701 16
      vertex 13.0784 23.4047 16
      vertex 8 27.65 16
    endloop
  endfacet
  facet normal 0 0 1
    outer loop
      vertex 13.0784 23.4047 16
      vertex 7.69326 27.6701 16
      vertex 13.1751 23.1198 16
    endloop
  endfacet
  facet normal 0 0 1
    outer loop
      vertex 7.39178 27.7301 16
      vertex 13.1751 23.1198 16
      vertex 7.69326 27.6701 16
    endloop
  endfacet
  facet normal 0 0 1
    outer loop
      vertex 13.1751 23.1198 16
      vertex 7.39178 27.7301 16
      vertex 13.3082 22.85 16
    endloop
  endfacet
  facet normal 0 0 1
    outer loop
      vertex 7.10069 27.8289 16
      vertex 13.3082 22.85 16
      vertex 7.39178 27.7301 16
    endloop
  endfacet
  facet normal 0 0 1
    outer loop
      vertex 13.3082 22.85 16
      vertex 7.10069 27.8289 16
      vertex 13.4753 22.5999 16
    endloop
  endfacet
  facet normal 0 0 1
    outer loop
      vertex 0 0 16
      vertex 13.4753 22.5999 16
      vertex 7.10069 27.8289 16
    endloop
  endfacet
  facet normal 0 0 1
    outer loop
      vertex 13.4753 22.5999 16
      vertex 0 0 16
      vertex 13.6737 22.3737 16
    endloop
  endfacet
  facet normal 0 0 1
    outer loop
      vertex 0 0 16
      vertex 7.10069 27.8289 16
      vertex 6.825 27.9648 16
    endloop
  endfacet
  facet normal 0 0 1
    outer loop
      vertex 0 0 16
      vertex 6.825 27.9648 16
      vertex 6.56941 28.1356 16
    endloop
  endfacet
  facet normal 0 0 1
    outer loop
      vertex 0 0 16
      vertex 6.56941 28.1356 16
      vertex 6.3383 28.3383 16
    endloop
  endfacet
  facet normal 0 0 1
    outer loop
      vertex 40 16 16
      vertex 0 0 16
      vertex 256 0 16
    endloop
  endfacet
  facet normal 0 0 1
    outer loop
      vertex 23.6998 13.0197 16
      vertex 0 0 16
      vertex 24 13 16
    endloop
  endfacet
  facet normal 0 0 1
    outer loop
      vertex 23.4047 13.0784 16
      vertex 0 0 16
      vertex 23.6998 13.0197 16
    endloop
  endfacet
  facet normal 0 0 1
    outer loop
      vertex 23.1198 13.1751 16
      vertex 0 0 16
      vertex 23.4047 13.0784 16
    endloop
  endfacet
  facet normal 0 0 1
    outer loop
      vertex 22.85 13.3082 16
      vertex 0 0 16
      vertex 23.1198 13.1751 16
    endloop
  endfacet
  facet normal 0 0 1
    outer loop
      vertex 22.5999 13.4753 16
      vertex 0 0 16
      vertex 22.85 13.3082 16
    endloop
  endfacet
  facet normal 0 0 1
    outer loop
      vertex 22.3737 13.6737 16
      vertex 0 0 16
      vertex 22.5999 13.4753 16
    endloop
  endfacet
  facet normal 0 0 1
    outer loop
      vertex 22.1753 13.8999 16
      vertex 0 0 16
      vertex 22.3737 13.6737 16
    endloop
  endfacet
  facet normal 0 0 1
    outer loop
      vertex 6.13562 28.5694 16
      vertex 0 0 16
      vertex 6.3383 28.3383 16
    endloop
  endfacet
  facet normal 0 0 1
    outer loop
      vertex 5.96484 28.825 16
      vertex 0 0 16
      vertex 6.13562 28.5694 16
    endloop
  endfacet
  facet normal 0 0 1
    outer loop
      vertex 5.82888 29.1007 16
      vertex 0 0 16
      vertex 5.96484 28.825 16
    endloop
  endfacet
  facet normal 0 0 1
    outer loop
      vertex 5.73007 29.3918 16
      vertex 0 0 16
      vertex 5.82888 29.1007 16
    endloop
  endfacet
  facet normal 0 0 1
    outer loop
      vertex 5.6701 29.6933 16
      vertex 0 0 16
      vertex 5.73007 29.3918 16
    endloop
  endfacet
  facet normal 0 0 1
    outer loop
      vertex 5.65 30 16
      vertex 0 0 16
      vertex 5.6701 29.6933 16
    endloop
  endfacet
  facet normal 0 0 1
    outer loop
      vertex 5.65 50 16
      vertex 0 0 16
      vertex 5.65 30 16
    endloop
  endfacet
  facet normal 0 0 1
    outer loop
      vertex 241 26.2803 16
      vertex 240 40 16
      vertex 240.7 26.3 16
    endloop
  endfacet
  facet normal -0 0 1
    outer loop
      vertex 234.3 32.7 16
      vertex 240.7 26.3 16
      vertex 240 40 16
    endloop
  endfacet
  facet normal 0 0 1
    outer loop
      vertex 240.7 26.3 16
      vertex 234.3 32.7 16
      vertex 234.3 26.3 16
    endloop
  endfacet
  facet normal 0 0 1
    outer loop
      vertex 240.7 106.3 16
      vertex 234.3 112.7 16
      vertex 234.3 106.3 16
    endloop
  endfacet
  facet normal 0 0 1
    outer loop
      vertex 229.7 21.7 16
      vertex 223.3 21.7 16
      vertex 229.7 15.3 16
    endloop
  endfacet
  facet normal 0 0 -1
    outer loop
      vertex 21.7 106.3 0
      vertex 15.3 106.3 0
      vertex 21.7 112.7 0
    endloop
  endfacet
  facet normal 0 0 -1
    outer loop
      vertex 15.3 26.3 0
      vertex 21.7 32.7 0
      vertex 21.7 26.3 0
    endloop
  endfacet
  facet normal 0 0 -1
    outer loop
      vertex 14.9998 26.2803 0
      vertex 16 40 0
      vertex 15.3 26.3 0
    endloop
  endfacet
  facet normal -0 0 -1
    outer loop
      vertex 21.7 32.7 0
      vertex 15.3 26.3 0
      vertex 16 40 0
    endloop
  endfacet
  facet normal 0 0 -1
    outer loop
      vertex 34.9216 103.405 0
      vertex 40 112 0
      vertex 40 88 0
    endloop
  endfacet
  facet normal 0 0 -1
    outer loop
      vertex 40 112 0
      vertex 34.9803 103.7 0
      vertex 35 104 0
    endloop
  endfacet
  facet normal 0 0 -1
    outer loop
      vertex 40 112 0
      vertex 34.9216 103.405 0
      vertex 34.9803 103.7 0
    endloop
  endfacet
  facet normal 0 0 -1
    outer loop
      vertex 40 88 0
      vertex 34.8249 103.12 0
      vertex 34.9216 103.405 0
    endloop
  endfacet
  facet normal 0 0 -1
    outer loop
      vertex 40 88 0
      vertex 34.6918 102.85 0
      vertex 34.8249 103.12 0
    endloop
  endfacet
  facet normal 0 0 -1
    outer loop
      vertex 40 88 0
      vertex 34.5247 102.6 0
      vertex 34.6918 102.85 0
    endloop
  endfacet
  facet normal 0 0 -1
    outer loop
      vertex 40 88 0
      vertex 34.3263 102.374 0
      vertex 34.5247 102.6 0
    endloop
  endfacet
  facet normal 0 0 -1
    outer loop
      vertex 40 88 0
      vertex 34.1001 102.175 0
      vertex 34.3263 102.374 0
    endloop
  endfacet
  facet normal 0 0 -1
    outer loop
      vertex 40 88 0
      vertex 33.85 102.008 0
      vertex 34.1001 102.175 0
    endloop
  endfacet
  facet normal 0 0 -1
    outer loop
      vertex 40 88 0
      vertex 33.5802 101.875 0
      vertex 33.85 102.008 0
    endloop
  endfacet
  facet normal 0 0 -1
    outer loop
      vertex 40 88 0
      vertex 33.2953 101.778 0
      vertex 33.5802 101.875 0
    endloop
  endfacet
  facet normal 0 0 -1
    outer loop
      vertex 40 88 0
      vertex 33.0002 101.72 0
      vertex 33.2953 101.778 0
    endloop
  endfacet
  facet normal 0 0 -1
    outer loop
      vertex 26.2803 94.9998 0
      vertex 33.0002 101.72 0
      vertex 40 88 0
    endloop
  endfacet
  facet normal 0 0 -1
    outer loop
      vertex 33.0002 101.72 0
      vertex 26.2803 94.9998 0
      vertex 32.7 101.7 0
    endloop
  endfacet
  facet normal 0 0 -1
    outer loop
      vertex 32.7 101.7 0
      vertex 26.2803 94.9998 0
      vertex 26.3 95.3 0
    endloop
  endfacet
  facet normal 0 0 -1
    outer loop
      vertex 40 88 0
      vertex 26.2216 94.7047 0
      vertex 26.2803 94.9998 0
    endloop
  endfacet
  facet normal 0 0 -1
    outer loop
      vertex 40 88 0
      vertex 26.1249 94.4198 0
      vertex 26.2216 94.7047 0
    endloop
  endfacet
  facet normal 0 0 -1
    outer loop
      vertex 40 88 0
      vertex 25.9919 94.15 0
      vertex 26.1249 94.4198 0
    endloop
  endfacet
  facet normal 0 0 -1
    outer loop
      vertex 40 88 0
      vertex 25.8247 93.8999 0
      vertex 25.9919 94.15 0
    endloop
  endfacet
  facet normal 0 0 -1
    outer loop
      vertex 40 88 0
      vertex 25.6263 93.6737 0
      vertex 25.8247 93.8999 0
    endloop
  endfacet
  facet normal 0 0 -1
    outer loop
      vertex 40 88 0
      vertex 25.4001 93.4753 0
      vertex 25.6263 93.6737 0
    endloop
  endfacet
  facet normal 0 0 -1
    outer loop
      vertex 40 88 0
      vertex 25.15 93.3082 0
      vertex 25.4001 93.4753 0
    endloop
  endfacet
  facet normal 0 0 -1
    outer loop
      vertex 40 88 0
      vertex 24.8802 93.1751 0
      vertex 25.15 93.3082 0
    endloop
  endfacet
  facet normal 0 0 -1
    outer loop
      vertex 40 88 0
      vertex 24.5953 93.0784 0
      vertex 24.8802 93.1751 0
    endloop
  endfacet
  facet normal 0 0 -1
    outer loop
      vertex 16 88 0
      vertex 24.5953 93.0784 0
      vertex 40 88 0
    endloop
  endfacet
  facet normal 0 0 -1
    outer loop
      vertex 24.5953 93.0784 0
      vertex 16 88 0
      vertex 24.3002 93.0197 0
    endloop
  endfacet
  facet normal 0 0 -1
    outer loop
      vertex 24.3002 93.0197 0
      vertex 16 88 0
      vertex 24 93 0
    endloop
  endfacet
  facet normal -0 0 -1
    outer loop
      vertex 24 93 0
      vertex 16 88 0
      vertex 23.6998 93.0197 0
    endloop
  endfacet
  facet normal -0 0 -1
    outer loop
      vertex 23.6998 93.0197 0
      vertex 16 88 0
      vertex 23.4047 93.0784 0
    endloop
  endfacet
  facet normal 0 0 -1
    outer loop
      vertex 16 88 0
      vertex 23.1198 93.1751 0
      vertex 23.4047 93.0784 0
    endloop
  endfacet
  facet normal 0 0 -1
    outer loop
      vertex 16 88 0
      vertex 22.85 93.3082 0
      vertex 23.1198 93.1751 0
    endloop
  endfacet
  facet normal 0 0 -1
    outer loop
      vertex 16 88 0
      vertex 22.5999 93.4753 0
      vertex 22.85 93.3082 0
    endloop
  endfacet
  facet normal 0 0 -1
    outer loop
      vertex 16 88 0
      vertex 22.3737 93.6737 0
      vertex 22.5999 93.4753 0
    endloop
  endfacet
  facet normal 0 0 -1
    outer loop
      vertex 16 88 0
      vertex 22.1753 93.8999 0
      vertex 22.3737 93.6737 0
    endloop
  endfacet
  facet normal 0 0 -1
    outer loop
      vertex 16 88 0
      vertex 22.0081 94.15 0
      vertex 22.1753 93.8999 0
    endloop
  endfacet
  facet normal 0 0 -1
    outer loop
      vertex 16 88 0
      vertex 21.8751 94.4198 0
      vertex 22.0081 94.15 0
    endloop
  endfacet
  facet normal 0 0 -1
    outer loop
      vertex 16 88 0
      vertex 21.7784 94.7047 0
      vertex 21.8751 94.4198 0
    endloop
  endfacet
  facet normal 0 0 -1
    outer loop
      vertex 16 88 0
      vertex 21.7197 94.9998 0
      vertex 21.7784 94.7047 0
    endloop
  endfacet
  facet normal 0 0 -1
    outer loop
      vertex 16 88 0
      vertex 21.7 95.3 0
      vertex 21.7197 94.9998 0
    endloop
  endfacet
  facet normal 0 0 -1
    outer loop
      vertex 15.3 101.7 0
      vertex 21.7 95.3 0
      vertex 16 88 0
    endloop
  endfacet
  facet normal 0 0 -1
    outer loop
      vertex 21.7 95.3 0
      vertex 15.3 101.7 0
      vertex 21.7 101.7 0
    endloop
  endfacet
  facet normal 0 0 -1
    outer loop
      vertex 14.7047 26.2216 0
      vertex 16 40 0
      vertex 14.9998 26.2803 0
    endloop
  endfacet
  facet normal 0 0 -1
    outer loop
      vertex 14.4198 26.1249 0
      vertex 16 40 0
      vertex 14.7047 26.2216 0
    endloop
  endfacet
  facet normal 0 0 -1
    outer loop
      vertex 16 88 0
      vertex 14.9998 101.72 0
      vertex 15.3 101.7 0
    endloop
  endfacet
  facet normal 0 0 -1
    outer loop
      vertex 14.15 25.9919 0
      vertex 16 40 0
      vertex 14.4198 26.1249 0
    endloop
  endfacet
  facet normal 0 0 -1
    outer loop
      vertex 16 88 0
      vertex 14.7047 101.778 0
      vertex 14.9998 101.72 0
    endloop
  endfacet
  facet normal 0 0 -1
    outer loop
      vertex 13.8999 25.8247 0
      vertex 16 40 0
      vertex 14.15 25.9919 0
    endloop
  endfacet
  facet normal 0 0 -1
    outer loop
      vertex 16 88 0
      vertex 14.4198 101.875 0
      vertex 14.7047 101.778 0
    endloop
  endfacet
  facet normal 0 0 -1
    outer loop
      vertex 13.6737 25.6263 0
      vertex 16 40 0
      vertex 13.8999 25.8247 0
    endloop
  endfacet
  facet normal 0 0 -1
    outer loop
      vertex 16 88 0
      vertex 14.15 102.008 0
      vertex 14.4198 101.875 0
    endloop
  endfacet
  facet normal 0 0 -1
    outer loop
      vertex 13.4753 25.4001 0
      vertex 16 40 0
      vertex 13.6737 25.6263 0
    endloop
  endfacet
  facet normal 0 0 -1
    outer loop
      vertex 16 88 0
      vertex 13.8999 102.175 0
      vertex 14.15 102.008 0
    endloop
  endfacet
  facet normal 0 0 -1
    outer loop
      vertex 13.3082 25.15 0
      vertex 16 40 0
      vertex 13.4753 25.4001 0
    endloop
  endfacet
  facet normal 0 0 -1
    outer loop
      vertex 16 88 0
      vertex 13.6737 102.374 0
      vertex 13.8999 102.175 0
    endloop
  endfacet
  facet normal 0 0 -1
    outer loop
      vertex 13.1751 24.8802 0
      vertex 16 40 0
      vertex 13.3082 25.15 0
    endloop
  endfacet
  facet normal 0 0 -1
    outer loop
      vertex 16 88 0
      vertex 13.4753 102.6 0
      vertex 13.6737 102.374 0
    endloop
  endfacet
  facet normal 0 0 -1
    outer loop
      vertex 13.0784 24.5953 0
      vertex 16 40 0
      vertex 13.1751 24.8802 0
    endloop
  endfacet
  facet normal 0 0 -1
    outer loop
      vertex 16 88 0
      vertex 13.3082 102.85 0
      vertex 13.4753 102.6 0
    endloop
  endfacet
  facet normal -0 0 -1
    outer loop
      vertex 16 40 0
      vertex 0 0 0
      vertex 16 88 0
    endloop
  endfacet
  facet normal 0 0 -1
    outer loop
      vertex 16 88 0
      vertex 13.1751 103.12 0
      vertex 13.3082 102.85 0
    endloop
  endfacet
  facet normal 0 0 -1
    outer loop
      vertex 16 40 0
      vertex 13.0784 24.5953 0
      vertex 0 0 0
    endloop
  endfacet
  facet normal 0 0 -1
    outer loop
      vertex 0 128 0
      vertex 16 88 0
      vertex 0 0 0
    endloop
  endfacet
  facet normal 0 0 -1
    outer loop
      vertex 0 0 0
      vertex 13.0784 24.5953 0
      vertex 13.0197 24.3002 0
    endloop
  endfacet
  facet normal -0 -0 -1
    outer loop
      vertex 13.0784 103.405 0
      vertex 16 88 0
      vertex 0 128 0
    endloop
  endfacet
  facet normal 0 0 -1
    outer loop
      vertex 0 0 0
      vertex 13.0197 24.3002 0
      vertex 13 24 0
    endloop
  endfacet
  facet normal 0 0 -1
    outer loop
      vertex 16 88 0
      vertex 13.0784 103.405 0
      vertex 13.1751 103.12 0
    endloop
  endfacet
  facet normal 0 0 -1
    outer loop
      vertex 34.9216 24.5953 0
      vertex 40 16 0
      vertex 34.9803 24.3002 0
    endloop
  endfacet
  facet normal 0 0 -1
    outer loop
      vertex 40 16 0
      vertex 34.9216 24.5953 0
      vertex 40 40 0
    endloop
  endfacet
  facet normal 0 0 -1
    outer loop
      vertex 34.8249 24.8802 0
      vertex 40 40 0
      vertex 34.9216 24.5953 0
    endloop
  endfacet
  facet normal 0 0 -1
    outer loop
      vertex 34.6918 25.15 0
      vertex 40 40 0
      vertex 34.8249 24.8802 0
    endloop
  endfacet
  facet normal 0 0 -1
    outer loop
      vertex 34.5247 25.4001 0
      vertex 40 40 0
      vertex 34.6918 25.15 0
    endloop
  endfacet
  facet normal 0 0 -1
    outer loop
      vertex 34.3263 25.6263 0
      vertex 40 40 0
      vertex 34.5247 25.4001 0
    endloop
  endfacet
  facet normal 0 0 -1
    outer loop
      vertex 34.1001 25.8247 0
      vertex 40 40 0
      vertex 34.3263 25.6263 0
    endloop
  endfacet
  facet normal 0 0 -1
    outer loop
      vertex 33.85 25.9919 0
      vertex 40 40 0
      vertex 34.1001 25.8247 0
    endloop
  endfacet
  facet normal 0 0 -1
    outer loop
      vertex 33.5802 26.1249 0
      vertex 40 40 0
      vertex 33.85 25.9919 0
    endloop
  endfacet
  facet normal 0 0 -1
    outer loop
      vertex 33.2953 26.2216 0
      vertex 40 40 0
      vertex 33.5802 26.1249 0
    endloop
  endfacet
  facet normal 0 0 -1
    outer loop
      vertex 33.0002 26.2803 0
      vertex 40 40 0
      vertex 33.2953 26.2216 0
    endloop
  endfacet
  facet normal 0 0 -1
    outer loop
      vertex 26.2803 33.0002 0
      vertex 33.0002 26.2803 0
      vertex 32.7 26.3 0
    endloop
  endfacet
  facet normal 0 0 -1
    outer loop
      vertex 26.3 32.7 0
      vertex 32.7 26.3 0
      vertex 26.3 26.3 0
    endloop
  endfacet
  facet normal 0 0 -1
    outer loop
      vertex 26.2803 33.0002 0
      vertex 32.7 26.3 0
      vertex 26.3 32.7 0
    endloop
  endfacet
  facet normal 0 0 -1
    outer loop
      vertex 33.0002 26.2803 0
      vertex 26.2803 33.0002 0
      vertex 40 40 0
    endloop
  endfacet
  facet normal 0 0 -1
    outer loop
      vertex 26.2216 33.2953 0
      vertex 40 40 0
      vertex 26.2803 33.0002 0
    endloop
  endfacet
  facet normal 0 0 -1
    outer loop
      vertex 26.1249 33.5802 0
      vertex 40 40 0
      vertex 26.2216 33.2953 0
    endloop
  endfacet
  facet normal 0 0 -1
    outer loop
      vertex 25.9919 33.85 0
      vertex 40 40 0
      vertex 26.1249 33.5802 0
    endloop
  endfacet
  facet normal 0 0 -1
    outer loop
      vertex 25.8247 34.1001 0
      vertex 40 40 0
      vertex 25.9919 33.85 0
    endloop
  endfacet
  facet normal 0 0 -1
    outer loop
      vertex 25.6263 34.3263 0
      vertex 40 40 0
      vertex 25.8247 34.1001 0
    endloop
  endfacet
  facet normal 0 0 -1
    outer loop
      vertex 25.4001 34.5247 0
      vertex 40 40 0
      vertex 25.6263 34.3263 0
    endloop
  endfacet
  facet normal 0 0 -1
    outer loop
      vertex 25.15 34.6918 0
      vertex 40 40 0
      vertex 25.4001 34.5247 0
    endloop
  endfacet
  facet normal 0 0 -1
    outer loop
      vertex 24.8802 34.8249 0
      vertex 40 40 0
      vertex 25.15 34.6918 0
    endloop
  endfacet
  facet normal 0 0 -1
    outer loop
      vertex 24.5953 34.9216 0
      vertex 40 40 0
      vertex 24.8802 34.8249 0
    endloop
  endfacet
  facet normal 0 0 -1
    outer loop
      vertex 16 40 0
      vertex 24.5953 34.9216 0
      vertex 24.3002 34.9803 0
    endloop
  endfacet
  facet normal 0 0 -1
    outer loop
      vertex 16 40 0
      vertex 24.3002 34.9803 0
      vertex 24 35 0
    endloop
  endfacet
  facet normal 0 0 -1
    outer loop
      vertex 16 40 0
      vertex 24 35 0
      vertex 23.6998 34.9803 0
    endloop
  endfacet
  facet normal 0 0 -1
    outer loop
      vertex 16 40 0
      vertex 23.6998 34.9803 0
      vertex 23.4047 34.9216 0
    endloop
  endfacet
  facet normal 0 0 -1
    outer loop
      vertex 24.5953 34.9216 0
      vertex 16 40 0
      vertex 40 40 0
    endloop
  endfacet
  facet normal 0 0 -1
    outer loop
      vertex 23.1198 34.8249 0
      vertex 16 40 0
      vertex 23.4047 34.9216 0
    endloop
  endfacet
  facet normal 0 0 -1
    outer loop
      vertex 22.85 34.6918 0
      vertex 16 40 0
      vertex 23.1198 34.8249 0
    endloop
  endfacet
  facet normal 0 0 -1
    outer loop
      vertex 22.5999 34.5247 0
      vertex 16 40 0
      vertex 22.85 34.6918 0
    endloop
  endfacet
  facet normal 0 0 -1
    outer loop
      vertex 22.3737 34.3263 0
      vertex 16 40 0
      vertex 22.5999 34.5247 0
    endloop
  endfacet
  facet normal 0 0 -1
    outer loop
      vertex 22.1753 34.1001 0
      vertex 16 40 0
      vertex 22.3737 34.3263 0
    endloop
  endfacet
  facet normal 0 0 -1
    outer loop
      vertex 22.0081 33.85 0
      vertex 16 40 0
      vertex 22.1753 34.1001 0
    endloop
  endfacet
  facet normal 0 0 -1
    outer loop
      vertex 21.8751 33.5802 0
      vertex 16 40 0
      vertex 22.0081 33.85 0
    endloop
  endfacet
  facet normal 0 0 -1
    outer loop
      vertex 21.7784 33.2953 0
      vertex 16 40 0
      vertex 21.8751 33.5802 0
    endloop
  endfacet
  facet normal 0 0 -1
    outer loop
      vertex 21.7197 33.0002 0
      vertex 16 40 0
      vertex 21.7784 33.2953 0
    endloop
  endfacet
  facet normal 0 0 -1
    outer loop
      vertex 16 40 0
      vertex 21.7197 33.0002 0
      vertex 21.7 32.7 0
    endloop
  endfacet
  facet normal -0 0 -1
    outer loop
      vertex 32.7 21.7 0
      vertex 26.3 15.3 0
      vertex 26.3 21.7 0
    endloop
  endfacet
  facet normal -0 0 -1
    outer loop
      vertex 32.7 101.7 0
      vertex 26.3 95.3 0
      vertex 26.3 101.7 0
    endloop
  endfacet
  facet normal 0 0 -1
    outer loop
      vertex 229.7 26.3 0
      vertex 223.3 26.3 0
      vertex 229.7 32.7 0
    endloop
  endfacet
  facet normal 0 0 -1
    outer loop
      vertex 240 88 0
      vertex 234.28 94.9998 0
      vertex 234.3 95.3 0
    endloop
  endfacet
  facet normal 0 0 -1
    outer loop
      vertex 240 88 0
      vertex 234.222 94.7047 0
      vertex 234.28 94.9998 0
    endloop
  endfacet
  facet normal 0 0 -1
    outer loop
      vertex 240 88 0
      vertex 234.125 94.4198 0
      vertex 234.222 94.7047 0
    endloop
  endfacet
  facet normal 0 0 -1
    outer loop
      vertex 240 88 0
      vertex 233.992 94.15 0
      vertex 234.125 94.4198 0
    endloop
  endfacet
  facet normal 0 0 -1
    outer loop
      vertex 240 88 0
      vertex 233.825 93.8999 0
      vertex 233.992 94.15 0
    endloop
  endfacet
  facet normal 0 0 -1
    outer loop
      vertex 240 88 0
      vertex 233.626 93.6737 0
      vertex 233.825 93.8999 0
    endloop
  endfacet
  facet normal 0 0 -1
    outer loop
      vertex 240 88 0
      vertex 233.4 93.4753 0
      vertex 233.626 93.6737 0
    endloop
  endfacet
  facet normal 0 0 -1
    outer loop
      vertex 240 88 0
      vertex 233.15 93.3082 0
      vertex 233.4 93.4753 0
    endloop
  endfacet
  facet normal 0 0 -1
    outer loop
      vertex 240 88 0
      vertex 232.88 93.1751 0
      vertex 233.15 93.3082 0
    endloop
  endfacet
  facet normal 0 0 -1
    outer loop
      vertex 240 88 0
      vertex 232.595 93.0784 0
      vertex 232.88 93.1751 0
    endloop
  endfacet
  facet normal 0 0 -1
    outer loop
      vertex 240 88 0
      vertex 232.3 93.0197 0
      vertex 232.595 93.0784 0
    endloop
  endfacet
  facet normal 0 0 -1
    outer loop
      vertex 240 88 0
      vertex 232 93 0
      vertex 232.3 93.0197 0
    endloop
  endfacet
  facet normal 0 0 -1
    outer loop
      vertex 240 88 0
      vertex 231.7 93.0197 0
      vertex 232 93 0
    endloop
  endfacet
  facet normal 0 0 -1
    outer loop
      vertex 240 88 0
      vertex 231.405 93.0784 0
      vertex 231.7 93.0197 0
    endloop
  endfacet
  facet normal 0 0 -1
    outer loop
      vertex 216 88 0
      vertex 231.405 93.0784 0
      vertex 240 88 0
    endloop
  endfacet
  facet normal -0 0 -1
    outer loop
      vertex 231.405 93.0784 0
      vertex 216 88 0
      vertex 231.12 93.1751 0
    endloop
  endfacet
  facet normal 0 0 -1
    outer loop
      vertex 229.7 95.3 0
      vertex 223.3 101.7 0
      vertex 229.7 101.7 0
    endloop
  endfacet
  facet normal 0 0 -1
    outer loop
      vertex 229.72 94.9998 0
      vertex 223.3 101.7 0
      vertex 229.7 95.3 0
    endloop
  endfacet
  facet normal 0 0 -1
    outer loop
      vertex 216 88 0
      vertex 229.72 94.9998 0
      vertex 229.778 94.7047 0
    endloop
  endfacet
  facet normal 0 0 -1
    outer loop
      vertex 216 88 0
      vertex 229.778 94.7047 0
      vertex 229.875 94.4198 0
    endloop
  endfacet
  facet normal 0 0 -1
    outer loop
      vertex 216 88 0
      vertex 229.875 94.4198 0
      vertex 230.008 94.15 0
    endloop
  endfacet
  facet normal 0 0 -1
    outer loop
      vertex 216 88 0
      vertex 230.008 94.15 0
      vertex 230.175 93.8999 0
    endloop
  endfacet
  facet normal 0 0 -1
    outer loop
      vertex 216 88 0
      vertex 230.175 93.8999 0
      vertex 230.374 93.6737 0
    endloop
  endfacet
  facet normal 0 0 -1
    outer loop
      vertex 229.72 94.9998 0
      vertex 223 101.72 0
      vertex 223.3 101.7 0
    endloop
  endfacet
  facet normal -0 0 -1
    outer loop
      vertex 229.72 94.9998 0
      vertex 216 88 0
      vertex 223 101.72 0
    endloop
  endfacet
  facet normal -0 0 -1
    outer loop
      vertex 223 101.72 0
      vertex 216 88 0
      vertex 222.705 101.778 0
    endloop
  endfacet
  facet normal -0 0 -1
    outer loop
      vertex 222.705 101.778 0
      vertex 216 88 0
      vertex 222.42 101.875 0
    endloop
  endfacet
  facet normal -0 0 -1
    outer loop
      vertex 222.42 101.875 0
      vertex 216 88 0
      vertex 222.15 102.008 0
    endloop
  endfacet
  facet normal -0 0 -1
    outer loop
      vertex 222.15 102.008 0
      vertex 216 88 0
      vertex 221.9 102.175 0
    endloop
  endfacet
  facet normal 0 0 -1
    outer loop
      vertex 221.078 103.405 0
      vertex 216 112 0
      vertex 221.02 103.7 0
    endloop
  endfacet
  facet normal 0 0 -1
    outer loop
      vertex 216 112 0
      vertex 221.078 103.405 0
      vertex 216 88 0
    endloop
  endfacet
  facet normal -0 0 -1
    outer loop
      vertex 221.175 103.12 0
      vertex 216 88 0
      vertex 221.078 103.405 0
    endloop
  endfacet
  facet normal -0 0 -1
    outer loop
      vertex 221.308 102.85 0
      vertex 216 88 0
      vertex 221.175 103.12 0
    endloop
  endfacet
  facet normal -0 0 -1
    outer loop
      vertex 221.475 102.6 0
      vertex 216 88 0
      vertex 221.308 102.85 0
    endloop
  endfacet
  facet normal -0 0 -1
    outer loop
      vertex 221.674 102.374 0
      vertex 216 88 0
      vertex 221.475 102.6 0
    endloop
  endfacet
  facet normal -0 0 -1
    outer loop
      vertex 221.9 102.175 0
      vertex 216 88 0
      vertex 221.674 102.374 0
    endloop
  endfacet
  facet normal -0 0 -1
    outer loop
      vertex 230.6 93.4753 0
      vertex 216 88 0
      vertex 230.374 93.6737 0
    endloop
  endfacet
  facet normal -0 0 -1
    outer loop
      vertex 230.85 93.3082 0
      vertex 216 88 0
      vertex 230.6 93.4753 0
    endloop
  endfacet
  facet normal -0 0 -1
    outer loop
      vertex 231.12 93.1751 0
      vertex 216 88 0
      vertex 230.85 93.3082 0
    endloop
  endfacet
  facet normal 0 0 -1
    outer loop
      vertex 240 40 0
      vertex 256 0 0
      vertex 242.922 24.5953 0
    endloop
  endfacet
  facet normal 0 0 -1
    outer loop
      vertex 256 128 0
      vertex 242.98 103.7 0
      vertex 243 104 0
    endloop
  endfacet
  facet normal 0 0 -1
    outer loop
      vertex 256 0 0
      vertex 240 40 0
      vertex 256 128 0
    endloop
  endfacet
  facet normal 0 0 -1
    outer loop
      vertex 256 128 0
      vertex 242.922 103.405 0
      vertex 242.98 103.7 0
    endloop
  endfacet
  facet normal 0 0 -1
    outer loop
      vertex 240 40 0
      vertex 242.922 24.5953 0
      vertex 242.825 24.8802 0
    endloop
  endfacet
  facet normal 0 0 -1
    outer loop
      vertex 240 88 0
      vertex 256 128 0
      vertex 240 40 0
    endloop
  endfacet
  facet normal 0 0 -1
    outer loop
      vertex 240 40 0
      vertex 242.825 24.8802 0
      vertex 242.692 25.15 0
    endloop
  endfacet
  facet normal 0 0 -1
    outer loop
      vertex 256 128 0
      vertex 240 88 0
      vertex 242.922 103.405 0
    endloop
  endfacet
  facet normal 0 0 -1
    outer loop
      vertex 240 40 0
      vertex 242.692 25.15 0
      vertex 242.525 25.4001 0
    endloop
  endfacet
  facet normal 0 0 -1
    outer loop
      vertex 242.922 103.405 0
      vertex 240 88 0
      vertex 242.825 103.12 0
    endloop
  endfacet
  facet normal 0 0 -1
    outer loop
      vertex 240 40 0
      vertex 242.525 25.4001 0
      vertex 242.326 25.6263 0
    endloop
  endfacet
  facet normal 0 0 -1
    outer loop
      vertex 242.825 103.12 0
      vertex 240 88 0
      vertex 242.692 102.85 0
    endloop
  endfacet
  facet normal 0 0 -1
    outer loop
      vertex 240 40 0
      vertex 242.326 25.6263 0
      vertex 242.1 25.8247 0
    endloop
  endfacet
  facet normal 0 0 -1
    outer loop
      vertex 242.692 102.85 0
      vertex 240 88 0
      vertex 242.525 102.6 0
    endloop
  endfacet
  facet normal 0 0 -1
    outer loop
      vertex 240 40 0
      vertex 242.1 25.8247 0
      vertex 241.85 25.9919 0
    endloop
  endfacet
  facet normal 0 0 -1
    outer loop
      vertex 242.525 102.6 0
      vertex 240 88 0
      vertex 242.326 102.374 0
    endloop
  endfacet
  facet normal 0 0 -1
    outer loop
      vertex 240 40 0
      vertex 241.85 25.9919 0
      vertex 241.58 26.1249 0
    endloop
  endfacet
  facet normal 0 0 -1
    outer loop
      vertex 242.326 102.374 0
      vertex 240 88 0
      vertex 242.1 102.175 0
    endloop
  endfacet
  facet normal 0 0 -1
    outer loop
      vertex 240 40 0
      vertex 241.58 26.1249 0
      vertex 241.295 26.2216 0
    endloop
  endfacet
  facet normal 0 0 -1
    outer loop
      vertex 242.1 102.175 0
      vertex 240 88 0
      vertex 241.85 102.008 0
    endloop
  endfacet
  facet normal 0 0 -1
    outer loop
      vertex 240 40 0
      vertex 241.295 26.2216 0
      vertex 241 26.2803 0
    endloop
  endfacet
  facet normal 0 0 -1
    outer loop
      vertex 241.85 102.008 0
      vertex 240 88 0
      vertex 241.58 101.875 0
    endloop
  endfacet
  facet normal 0 0 -1
    outer loop
      vertex 240 40 0
      vertex 241 26.2803 0
      vertex 240.7 26.3 0
    endloop
  endfacet
  facet normal 0 0 -1
    outer loop
      vertex 241.58 101.875 0
      vertex 240 88 0
      vertex 241.295 101.778 0
    endloop
  endfacet
  facet normal 0 0 -1
    outer loop
      vertex 241.295 101.778 0
      vertex 240 88 0
      vertex 241 101.72 0
    endloop
  endfacet
  facet normal 0 0 -1
    outer loop
      vertex 234.3 32.7 0
      vertex 240.7 26.3 0
      vertex 234.3 26.3 0
    endloop
  endfacet
  facet normal 0 0 -1
    outer loop
      vertex 240.7 26.3 0
      vertex 234.3 32.7 0
      vertex 240 40 0
    endloop
  endfacet
  facet normal 0 0 -1
    outer loop
      vertex 234.28 33.0002 0
      vertex 240 40 0
      vertex 234.3 32.7 0
    endloop
  endfacet
  facet normal 0 0 -1
    outer loop
      vertex 234.222 33.2953 0
      vertex 240 40 0
      vertex 234.28 33.0002 0
    endloop
  endfacet
  facet normal 0 0 -1
    outer loop
      vertex 234.125 33.5802 0
      vertex 240 40 0
      vertex 234.222 33.2953 0
    endloop
  endfacet
  facet normal 0 0 -1
    outer loop
      vertex 233.992 33.85 0
      vertex 240 40 0
      vertex 234.125 33.5802 0
    endloop
  endfacet
  facet normal 0 0 -1
    outer loop
      vertex 233.825 34.1001 0
      vertex 240 40 0
      vertex 233.992 33.85 0
    endloop
  endfacet
  facet normal 0 0 -1
    outer loop
      vertex 233.626 34.3263 0
      vertex 240 40 0
      vertex 233.825 34.1001 0
    endloop
  endfacet
  facet normal 0 0 -1
    outer loop
      vertex 233.4 34.5247 0
      vertex 240 40 0
      vertex 233.626 34.3263 0
    endloop
  endfacet
  facet normal 0 0 -1
    outer loop
      vertex 233.15 34.6918 0
      vertex 240 40 0
      vertex 233.4 34.5247 0
    endloop
  endfacet
  facet normal 0 0 -1
    outer loop
      vertex 232.88 34.8249 0
      vertex 240 40 0
      vertex 233.15 34.6918 0
    endloop
  endfacet
  facet normal 0 0 -1
    outer loop
      vertex 232.595 34.9216 0
      vertex 240 40 0
      vertex 232.88 34.8249 0
    endloop
  endfacet
  facet normal 0 0 -1
    outer loop
      vertex 232.3 34.9803 0
      vertex 240 40 0
      vertex 232.595 34.9216 0
    endloop
  endfacet
  facet normal 0 0 -1
    outer loop
      vertex 232 35 0
      vertex 240 40 0
      vertex 232.3 34.9803 0
    endloop
  endfacet
  facet normal 0 0 -1
    outer loop
      vertex 231.7 34.9803 0
      vertex 240 40 0
      vertex 232 35 0
    endloop
  endfacet
  facet normal 0 0 -1
    outer loop
      vertex 231.405 34.9216 0
      vertex 240 40 0
      vertex 231.7 34.9803 0
    endloop
  endfacet
  facet normal 0 0 -1
    outer loop
      vertex 216 40 0
      vertex 231.405 34.9216 0
      vertex 231.12 34.8249 0
    endloop
  endfacet
  facet normal 0 0 -1
    outer loop
      vertex 216 40 0
      vertex 231.12 34.8249 0
      vertex 230.85 34.6918 0
    endloop
  endfacet
  facet normal 0 0 -1
    outer loop
      vertex 223.3 26.3 0
      vertex 229.72 33.0002 0
      vertex 229.7 32.7 0
    endloop
  endfacet
  facet normal 0 0 -1
    outer loop
      vertex 223 26.2803 0
      vertex 229.72 33.0002 0
      vertex 223.3 26.3 0
    endloop
  endfacet
  facet normal 0 0 -1
    outer loop
      vertex 216 40 0
      vertex 229.72 33.0002 0
      vertex 223 26.2803 0
    endloop
  endfacet
  facet normal 0 0 -1
    outer loop
      vertex 229.72 33.0002 0
      vertex 216 40 0
      vertex 229.778 33.2953 0
    endloop
  endfacet
  facet normal 0 0 -1
    outer loop
      vertex 229.778 33.2953 0
      vertex 216 40 0
      vertex 229.875 33.5802 0
    endloop
  endfacet
  facet normal 0 0 -1
    outer loop
      vertex 229.875 33.5802 0
      vertex 216 40 0
      vertex 230.008 33.85 0
    endloop
  endfacet
  facet normal 0 0 -1
    outer loop
      vertex 230.008 33.85 0
      vertex 216 40 0
      vertex 230.175 34.1001 0
    endloop
  endfacet
  facet normal 0 0 -1
    outer loop
      vertex 216 40 0
      vertex 223 26.2803 0
      vertex 222.705 26.2216 0
    endloop
  endfacet
  facet normal 0 0 -1
    outer loop
      vertex 216 40 0
      vertex 222.705 26.2216 0
      vertex 222.42 26.1249 0
    endloop
  endfacet
  facet normal 0 0 -1
    outer loop
      vertex 216 40 0
      vertex 222.42 26.1249 0
      vertex 222.15 25.9919 0
    endloop
  endfacet
  facet normal 0 0 -1
    outer loop
      vertex 216 40 0
      vertex 222.15 25.9919 0
      vertex 221.9 25.8247 0
    endloop
  endfacet
  facet normal 0 0 -1
    outer loop
      vertex 216 40 0
      vertex 221.9 25.8247 0
      vertex 221.674 25.6263 0
    endloop
  endfacet
  facet normal 0 0 -1
    outer loop
      vertex 216 16 0
      vertex 221.02 24.3002 0
      vertex 221 24 0
    endloop
  endfacet
  facet normal 0 0 -1
    outer loop
      vertex 216 16 0
      vertex 221.078 24.5953 0
      vertex 221.02 24.3002 0
    endloop
  endfacet
  facet normal 0 0 -1
    outer loop
      vertex 216 40 0
      vertex 221.078 24.5953 0
      vertex 216 16 0
    endloop
  endfacet
  facet normal 0 0 -1
    outer loop
      vertex 221.078 24.5953 0
      vertex 216 40 0
      vertex 221.175 24.8802 0
    endloop
  endfacet
  facet normal 0 0 -1
    outer loop
      vertex 231.405 34.9216 0
      vertex 216 40 0
      vertex 240 40 0
    endloop
  endfacet
  facet normal 0 0 -1
    outer loop
      vertex 230.6 34.5247 0
      vertex 216 40 0
      vertex 230.85 34.6918 0
    endloop
  endfacet
  facet normal 0 0 -1
    outer loop
      vertex 230.374 34.3263 0
      vertex 216 40 0
      vertex 230.6 34.5247 0
    endloop
  endfacet
  facet normal 0 0 -1
    outer loop
      vertex 230.175 34.1001 0
      vertex 216 40 0
      vertex 230.374 34.3263 0
    endloop
  endfacet
  facet normal 0 0 -1
    outer loop
      vertex 221.475 25.4001 0
      vertex 216 40 0
      vertex 221.674 25.6263 0
    endloop
  endfacet
  facet normal 0 0 -1
    outer loop
      vertex 221.308 25.15 0
      vertex 216 40 0
      vertex 221.475 25.4001 0
    endloop
  endfacet
  facet normal 0 0 -1
    outer loop
      vertex 221.175 24.8802 0
      vertex 216 40 0
      vertex 221.308 25.15 0
    endloop
  endfacet
  facet normal 0 0 -1
    outer loop
      vertex 242.98 24.3002 0
      vertex 256 0 0
      vertex 243 24 0
    endloop
  endfacet
  facet normal 0 0 -1
    outer loop
      vertex 256 0 0
      vertex 242.98 23.6998 0
      vertex 243 24 0
    endloop
  endfacet
  facet normal 0 0 -1
    outer loop
      vertex 256 0 0
      vertex 242.922 23.4047 0
      vertex 242.98 23.6998 0
    endloop
  endfacet
  facet normal 0 0 -1
    outer loop
      vertex 256 0 0
      vertex 242.825 23.1198 0
      vertex 242.922 23.4047 0
    endloop
  endfacet
  facet normal 0 0 -1
    outer loop
      vertex 256 0 0
      vertex 242.692 22.85 0
      vertex 242.825 23.1198 0
    endloop
  endfacet
  facet normal 0 0 -1
    outer loop
      vertex 256 0 0
      vertex 242.525 22.5999 0
      vertex 242.692 22.85 0
    endloop
  endfacet
  facet normal 0 0 -1
    outer loop
      vertex 256 0 0
      vertex 242.326 22.3737 0
      vertex 242.525 22.5999 0
    endloop
  endfacet
  facet normal 0 0 -1
    outer loop
      vertex 256 0 0
      vertex 242.1 22.1753 0
      vertex 242.326 22.3737 0
    endloop
  endfacet
  facet normal 0 0 -1
    outer loop
      vertex 256 0 0
      vertex 241.85 22.0081 0
      vertex 242.1 22.1753 0
    endloop
  endfacet
  facet normal 0 0 -1
    outer loop
      vertex 256 0 0
      vertex 241.58 21.8751 0
      vertex 241.85 22.0081 0
    endloop
  endfacet
  facet normal 0 0 -1
    outer loop
      vertex 234.125 14.4198 0
      vertex 241.58 21.8751 0
      vertex 256 0 0
    endloop
  endfacet
  facet normal 0 0 -1
    outer loop
      vertex 241.58 21.8751 0
      vertex 234.125 14.4198 0
      vertex 241.295 21.7784 0
    endloop
  endfacet
  facet normal 0 -0 -1
    outer loop
      vertex 234.222 14.7047 0
      vertex 241.295 21.7784 0
      vertex 234.125 14.4198 0
    endloop
  endfacet
  facet normal 0 0 -1
    outer loop
      vertex 241.295 21.7784 0
      vertex 234.222 14.7047 0
      vertex 241 21.7197 0
    endloop
  endfacet
  facet normal 0 0 -1
    outer loop
      vertex 240.7 21.7 0
      vertex 234.28 14.9998 0
      vertex 234.3 15.3 0
    endloop
  endfacet
  facet normal 0 0 -1
    outer loop
      vertex 241 21.7197 0
      vertex 234.28 14.9998 0
      vertex 240.7 21.7 0
    endloop
  endfacet
  facet normal 0 -0 -1
    outer loop
      vertex 234.28 14.9998 0
      vertex 241 21.7197 0
      vertex 234.222 14.7047 0
    endloop
  endfacet
  facet normal 0 0 -1
    outer loop
      vertex 256 0 0
      vertex 233.992 14.15 0
      vertex 234.125 14.4198 0
    endloop
  endfacet
  facet normal 0 0 -1
    outer loop
      vertex 256 0 0
      vertex 233.825 13.8999 0
      vertex 233.992 14.15 0
    endloop
  endfacet
  facet normal 0 0 -1
    outer loop
      vertex 256 0 0
      vertex 233.626 13.6737 0
      vertex 233.825 13.8999 0
    endloop
  endfacet
  facet normal 0 0 -1
    outer loop
      vertex 256 0 0
      vertex 233.4 13.4753 0
      vertex 233.626 13.6737 0
    endloop
  endfacet
  facet normal 0 0 -1
    outer loop
      vertex 256 0 0
      vertex 233.15 13.3082 0
      vertex 233.4 13.4753 0
    endloop
  endfacet
  facet normal 0 0 -1
    outer loop
      vertex 256 0 0
      vertex 232.88 13.1751 0
      vertex 233.15 13.3082 0
    endloop
  endfacet
  facet normal 0 0 -1
    outer loop
      vertex 256 0 0
      vertex 232.595 13.0784 0
      vertex 232.88 13.1751 0
    endloop
  endfacet
  facet normal 0 0 -1
    outer loop
      vertex 256 0 0
      vertex 232.3 13.0197 0
      vertex 232.595 13.0784 0
    endloop
  endfacet
  facet normal 0 0 -1
    outer loop
      vertex 256 0 0
      vertex 232 13 0
      vertex 232.3 13.0197 0
    endloop
  endfacet
  facet normal 0 0 -1
    outer loop
      vertex 256 0 0
      vertex 231.7 13.0197 0
      vertex 232 13 0
    endloop
  endfacet
  facet normal 0 0 -1
    outer loop
      vertex 256 0 0
      vertex 231.405 13.0784 0
      vertex 231.7 13.0197 0
    endloop
  endfacet
  facet normal 0 0 -1
    outer loop
      vertex 216 16 0
      vertex 231.405 13.0784 0
      vertex 256 0 0
    endloop
  endfacet
  facet normal 0 0 -1
    outer loop
      vertex 231.405 13.0784 0
      vertex 216 16 0
      vertex 231.12 13.1751 0
    endloop
  endfacet
  facet normal 0 0 -1
    outer loop
      vertex 229.7 15.3 0
      vertex 223.3 21.7 0
      vertex 229.7 21.7 0
    endloop
  endfacet
  facet normal 0 0 -1
    outer loop
      vertex 216 16 0
      vertex 229.7 15.3 0
      vertex 229.72 14.9998 0
    endloop
  endfacet
  facet normal 0 0 -1
    outer loop
      vertex 216 16 0
      vertex 229.72 14.9998 0
      vertex 229.778 14.7047 0
    endloop
  endfacet
  facet normal 0 0 -1
    outer loop
      vertex 216 16 0
      vertex 229.778 14.7047 0
      vertex 229.875 14.4198 0
    endloop
  endfacet
  facet normal 0 0 -1
    outer loop
      vertex 216 16 0
      vertex 229.875 14.4198 0
      vertex 230.008 14.15 0
    endloop
  endfacet
  facet normal 0 0 -1
    outer loop
      vertex 216 16 0
      vertex 230.008 14.15 0
      vertex 230.175 13.8999 0
    endloop
  endfacet
  facet normal 0 0 -1
    outer loop
      vertex 216 16 0
      vertex 230.175 13.8999 0
      vertex 230.374 13.6737 0
    endloop
  endfacet
  facet normal 0 0 -1
    outer loop
      vertex 229.7 15.3 0
      vertex 216 16 0
      vertex 223.3 21.7 0
    endloop
  endfacet
  facet normal -0 0 -1
    outer loop
      vertex 223.3 21.7 0
      vertex 216 16 0
      vertex 223 21.7197 0
    endloop
  endfacet
  facet normal -0 0 -1
    outer loop
      vertex 223 21.7197 0
      vertex 216 16 0
      vertex 222.705 21.7784 0
    endloop
  endfacet
  facet normal -0 0 -1
    outer loop
      vertex 222.705 21.7784 0
      vertex 216 16 0
      vertex 222.42 21.8751 0
    endloop
  endfacet
  facet normal -0 0 -1
    outer loop
      vertex 222.42 21.8751 0
      vertex 216 16 0
      vertex 222.15 22.0081 0
    endloop
  endfacet
  facet normal -0 0 -1
    outer loop
      vertex 222.15 22.0081 0
      vertex 216 16 0
      vertex 221.9 22.1753 0
    endloop
  endfacet
  facet normal -0 0 -1
    outer loop
      vertex 221.02 23.6998 0
      vertex 216 16 0
      vertex 221 24 0
    endloop
  endfacet
  facet normal -0 0 -1
    outer loop
      vertex 221.078 23.4047 0
      vertex 216 16 0
      vertex 221.02 23.6998 0
    endloop
  endfacet
  facet normal -0 0 -1
    outer loop
      vertex 221.175 23.1198 0
      vertex 216 16 0
      vertex 221.078 23.4047 0
    endloop
  endfacet
  facet normal -0 0 -1
    outer loop
      vertex 221.308 22.85 0
      vertex 216 16 0
      vertex 221.175 23.1198 0
    endloop
  endfacet
  facet normal -0 0 -1
    outer loop
      vertex 221.475 22.5999 0
      vertex 216 16 0
      vertex 221.308 22.85 0
    endloop
  endfacet
  facet normal -0 0 -1
    outer loop
      vertex 221.674 22.3737 0
      vertex 216 16 0
      vertex 221.475 22.5999 0
    endloop
  endfacet
  facet normal -0 0 -1
    outer loop
      vertex 221.9 22.1753 0
      vertex 216 16 0
      vertex 221.674 22.3737 0
    endloop
  endfacet
  facet normal 0 0 -1
    outer loop
      vertex 230.6 13.4753 0
      vertex 216 16 0
      vertex 230.374 13.6737 0
    endloop
  endfacet
  facet normal 0 0 -1
    outer loop
      vertex 230.85 13.3082 0
      vertex 216 16 0
      vertex 230.6 13.4753 0
    endloop
  endfacet
  facet normal 0 0 -1
    outer loop
      vertex 231.12 13.1751 0
      vertex 216 16 0
      vertex 230.85 13.3082 0
    endloop
  endfacet
  facet normal 0 0 -1
    outer loop
      vertex 256 0 0
      vertex 40 16 0
      vertex 216 16 0
    endloop
  endfacet
  facet normal 0 0 -1
    outer loop
      vertex 34.9803 24.3002 0
      vertex 40 16 0
      vertex 35 24 0
    endloop
  endfacet
  facet normal 0 0 -1
    outer loop
      vertex 40 16 0
      vertex 34.9803 23.6998 0
      vertex 35 24 0
    endloop
  endfacet
  facet normal 0 0 -1
    outer loop
      vertex 40 16 0
      vertex 34.9216 23.4047 0
      vertex 34.9803 23.6998 0
    endloop
  endfacet
  facet normal 0 0 -1
    outer loop
      vertex 40 16 0
      vertex 34.8249 23.1198 0
      vertex 34.9216 23.4047 0
    endloop
  endfacet
  facet normal 0 0 -1
    outer loop
      vertex 40 16 0
      vertex 34.6918 22.85 0
      vertex 34.8249 23.1198 0
    endloop
  endfacet
  facet normal 0 0 -1
    outer loop
      vertex 40 16 0
      vertex 34.5247 22.5999 0
      vertex 34.6918 22.85 0
    endloop
  endfacet
  facet normal 0 0 -1
    outer loop
      vertex 40 16 0
      vertex 34.3263 22.3737 0
      vertex 34.5247 22.5999 0
    endloop
  endfacet
  facet normal 0 0 -1
    outer loop
      vertex 40 16 0
      vertex 34.1001 22.1753 0
      vertex 34.3263 22.3737 0
    endloop
  endfacet
  facet normal 0 0 -1
    outer loop
      vertex 40 16 0
      vertex 33.85 22.0081 0
      vertex 34.1001 22.1753 0
    endloop
  endfacet
  facet normal 0 0 -1
    outer loop
      vertex 40 16 0
      vertex 33.5802 21.8751 0
      vertex 33.85 22.0081 0
    endloop
  endfacet
  facet normal 0 0 -1
    outer loop
      vertex 40 16 0
      vertex 33.2953 21.7784 0
      vertex 33.5802 21.8751 0
    endloop
  endfacet
  facet normal 0 0 -1
    outer loop
      vertex 40 16 0
      vertex 33.0002 21.7197 0
      vertex 33.2953 21.7784 0
    endloop
  endfacet
  facet normal 0 0 -1
    outer loop
      vertex 40 16 0
      vertex 32.7 21.7 0
      vertex 33.0002 21.7197 0
    endloop
  endfacet
  facet normal -0 0 -1
    outer loop
      vertex 40 16 0
      vertex 26.3 15.3 0
      vertex 32.7 21.7 0
    endloop
  endfacet
  facet normal 0 0 -1
    outer loop
      vertex 0 0 0
      vertex 40 16 0
      vertex 256 0 0
    endloop
  endfacet
  facet normal 0 0 -1
    outer loop
      vertex 40 16 0
      vertex 26.2803 14.9998 0
      vertex 26.3 15.3 0
    endloop
  endfacet
  facet normal 0 0 -1
    outer loop
      vertex 40 16 0
      vertex 26.2216 14.7047 0
      vertex 26.2803 14.9998 0
    endloop
  endfacet
  facet normal 0 0 -1
    outer loop
      vertex 40 16 0
      vertex 26.1249 14.4198 0
      vertex 26.2216 14.7047 0
    endloop
  endfacet
  facet normal 0 0 -1
    outer loop
      vertex 40 16 0
      vertex 25.9919 14.15 0
      vertex 26.1249 14.4198 0
    endloop
  endfacet
  facet normal 0 0 -1
    outer loop
      vertex 40 16 0
      vertex 25.8247 13.8999 0
      vertex 25.9919 14.15 0
    endloop
  endfacet
  facet normal 0 0 -1
    outer loop
      vertex 40 16 0
      vertex 25.6263 13.6737 0
      vertex 25.8247 13.8999 0
    endloop
  endfacet
  facet normal 0 0 -1
    outer loop
      vertex 40 16 0
      vertex 25.4001 13.4753 0
      vertex 25.6263 13.6737 0
    endloop
  endfacet
  facet normal 0 0 -1
    outer loop
      vertex 40 16 0
      vertex 25.15 13.3082 0
      vertex 25.4001 13.4753 0
    endloop
  endfacet
  facet normal 0 0 -1
    outer loop
      vertex 40 16 0
      vertex 24.8802 13.1751 0
      vertex 25.15 13.3082 0
    endloop
  endfacet
  facet normal 0 -0 -1
    outer loop
      vertex 24.5953 13.0784 0
      vertex 40 16 0
      vertex 0 0 0
    endloop
  endfacet
  facet normal 0 0 -1
    outer loop
      vertex 40 16 0
      vertex 24.5953 13.0784 0
      vertex 24.8802 13.1751 0
    endloop
  endfacet
  facet normal 0 0 -1
    outer loop
      vertex 24.5953 13.0784 0
      vertex 0 0 0
      vertex 24.3002 13.0197 0
    endloop
  endfacet
  facet normal 0 0 -1
    outer loop
      vertex 21.7 15.3 0
      vertex 15.3 21.7 0
      vertex 21.7 21.7 0
    endloop
  endfacet
  facet normal 0 0 -1
    outer loop
      vertex 21.7197 14.9998 0
      vertex 15.3 21.7 0
      vertex 21.7 15.3 0
    endloop
  endfacet
  facet normal 0 0 -1
    outer loop
      vertex 14.9998 21.7197 0
      vertex 21.7197 14.9998 0
      vertex 21.7784 14.7047 0
    endloop
  endfacet
  facet normal 0 0 -1
    outer loop
      vertex 14.7047 21.7784 0
      vertex 21.7784 14.7047 0
      vertex 21.8751 14.4198 0
    endloop
  endfacet
  facet normal 0 0 -1
    outer loop
      vertex 0 0 0
      vertex 21.8751 14.4198 0
      vertex 22.0081 14.15 0
    endloop
  endfacet
  facet normal 0 0 -1
    outer loop
      vertex 0 0 0
      vertex 22.0081 14.15 0
      vertex 22.1753 13.8999 0
    endloop
  endfacet
  facet normal 0 0 -1
    outer loop
      vertex 0 0 0
      vertex 22.1753 13.8999 0
      vertex 22.3737 13.6737 0
    endloop
  endfacet
  facet normal 0 0 -1
    outer loop
      vertex 21.7197 14.9998 0
      vertex 14.9998 21.7197 0
      vertex 15.3 21.7 0
    endloop
  endfacet
  facet normal 0 0 -1
    outer loop
      vertex 21.7784 14.7047 0
      vertex 14.7047 21.7784 0
      vertex 14.9998 21.7197 0
    endloop
  endfacet
  facet normal 0 0 -1
    outer loop
      vertex 21.8751 14.4198 0
      vertex 14.4198 21.8751 0
      vertex 14.7047 21.7784 0
    endloop
  endfacet
  facet normal -0 0 -1
    outer loop
      vertex 21.8751 14.4198 0
      vertex 0 0 0
      vertex 14.4198 21.8751 0
    endloop
  endfacet
  facet normal -0 0 -1
    outer loop
      vertex 14.4198 21.8751 0
      vertex 0 0 0
      vertex 14.15 22.0081 0
    endloop
  endfacet
  facet normal -0 0 -1
    outer loop
      vertex 14.15 22.0081 0
      vertex 0 0 0
      vertex 13.8999 22.1753 0
    endloop
  endfacet
  facet normal 0 0 -1
    outer loop
      vertex 13.0784 103.405 0
      vertex 0 128 0
      vertex 13.0197 103.7 0
    endloop
  endfacet
  facet normal -0 0 -1
    outer loop
      vertex 13.0197 23.6998 0
      vertex 0 0 0
      vertex 13 24 0
    endloop
  endfacet
  facet normal -0 0 -1
    outer loop
      vertex 13.0784 23.4047 0
      vertex 0 0 0
      vertex 13.0197 23.6998 0
    endloop
  endfacet
  facet normal -0 0 -1
    outer loop
      vertex 13.1751 23.1198 0
      vertex 0 0 0
      vertex 13.0784 23.4047 0
    endloop
  endfacet
  facet normal -0 0 -1
    outer loop
      vertex 13.3082 22.85 0
      vertex 0 0 0
      vertex 13.1751 23.1198 0
    endloop
  endfacet
  facet normal -0 0 -1
    outer loop
      vertex 13.4753 22.5999 0
      vertex 0 0 0
      vertex 13.3082 22.85 0
    endloop
  endfacet
  facet normal -0 0 -1
    outer loop
      vertex 13.6737 22.3737 0
      vertex 0 0 0
      vertex 13.4753 22.5999 0
    endloop
  endfacet
  facet normal -0 0 -1
    outer loop
      vertex 13.8999 22.1753 0
      vertex 0 0 0
      vertex 13.6737 22.3737 0
    endloop
  endfacet
  facet normal -0 0 -1
    outer loop
      vertex 22.5999 13.4753 0
      vertex 0 0 0
      vertex 22.3737 13.6737 0
    endloop
  endfacet
  facet normal -0 0 -1
    outer loop
      vertex 22.85 13.3082 0
      vertex 0 0 0
      vertex 22.5999 13.4753 0
    endloop
  endfacet
  facet normal -0 0 -1
    outer loop
      vertex 23.1198 13.1751 0
      vertex 0 0 0
      vertex 22.85 13.3082 0
    endloop
  endfacet
  facet normal -0 0 -1
    outer loop
      vertex 23.4047 13.0784 0
      vertex 0 0 0
      vertex 23.1198 13.1751 0
    endloop
  endfacet
  facet normal -0 0 -1
    outer loop
      vertex 23.6998 13.0197 0
      vertex 0 0 0
      vertex 23.4047 13.0784 0
    endloop
  endfacet
  facet normal -0 0 -1
    outer loop
      vertex 24 13 0
      vertex 0 0 0
      vertex 23.6998 13.0197 0
    endloop
  endfacet
  facet normal 0 0 -1
    outer loop
      vertex 24.3002 13.0197 0
      vertex 0 0 0
      vertex 24 13 0
    endloop
  endfacet
  facet normal 0 0 -1
    outer loop
      vertex 242.922 24.5953 0
      vertex 256 0 0
      vertex 242.98 24.3002 0
    endloop
  endfacet
  facet normal 0 0 -1
    outer loop
      vertex 242.98 104.3 0
      vertex 256 128 0
      vertex 243 104 0
    endloop
  endfacet
  facet normal 0 0 -1
    outer loop
      vertex 242.922 104.595 0
      vertex 256 128 0
      vertex 242.98 104.3 0
    endloop
  endfacet
  facet normal 0 0 -1
    outer loop
      vertex 242.825 104.88 0
      vertex 256 128 0
      vertex 242.922 104.595 0
    endloop
  endfacet
  facet normal 0 0 -1
    outer loop
      vertex 242.692 105.15 0
      vertex 256 128 0
      vertex 242.825 104.88 0
    endloop
  endfacet
  facet normal 0 0 -1
    outer loop
      vertex 242.525 105.4 0
      vertex 256 128 0
      vertex 242.692 105.15 0
    endloop
  endfacet
  facet normal 0 0 -1
    outer loop
      vertex 242.326 105.626 0
      vertex 256 128 0
      vertex 242.525 105.4 0
    endloop
  endfacet
  facet normal 0 0 -1
    outer loop
      vertex 242.1 105.825 0
      vertex 256 128 0
      vertex 242.326 105.626 0
    endloop
  endfacet
  facet normal 0 0 -1
    outer loop
      vertex 241.85 105.992 0
      vertex 256 128 0
      vertex 242.1 105.825 0
    endloop
  endfacet
  facet normal 0 0 -1
    outer loop
      vertex 241.58 106.125 0
      vertex 256 128 0
      vertex 241.85 105.992 0
    endloop
  endfacet
  facet normal 0 0 -1
    outer loop
      vertex 234.125 113.58 0
      vertex 241.58 106.125 0
      vertex 241.295 106.222 0
    endloop
  endfacet
  facet normal 0 0 -1
    outer loop
      vertex 234.222 113.295 0
      vertex 241.295 106.222 0
      vertex 241 106.28 0
    endloop
  endfacet
  facet normal 0 0 -1
    outer loop
      vertex 234.28 113 0
      vertex 241 106.28 0
      vertex 240.7 106.3 0
    endloop
  endfacet
  facet normal 0 0 -1
    outer loop
      vertex 234.3 112.7 0
      vertex 240.7 106.3 0
      vertex 234.3 106.3 0
    endloop
  endfacet
  facet normal 0 0 -1
    outer loop
      vertex 234.28 113 0
      vertex 240.7 106.3 0
      vertex 234.3 112.7 0
    endloop
  endfacet
  facet normal 0 0 -1
    outer loop
      vertex 241 106.28 0
      vertex 234.28 113 0
      vertex 234.222 113.295 0
    endloop
  endfacet
  facet normal 0 0 -1
    outer loop
      vertex 241.295 106.222 0
      vertex 234.222 113.295 0
      vertex 234.125 113.58 0
    endloop
  endfacet
  facet normal 0 0 -1
    outer loop
      vertex 241.58 106.125 0
      vertex 234.125 113.58 0
      vertex 256 128 0
    endloop
  endfacet
  facet normal 0 0 -1
    outer loop
      vertex 233.992 113.85 0
      vertex 256 128 0
      vertex 234.125 113.58 0
    endloop
  endfacet
  facet normal 0 0 -1
    outer loop
      vertex 233.825 114.1 0
      vertex 256 128 0
      vertex 233.992 113.85 0
    endloop
  endfacet
  facet normal 0 0 -1
    outer loop
      vertex 233.626 114.326 0
      vertex 256 128 0
      vertex 233.825 114.1 0
    endloop
  endfacet
  facet normal 0 0 -1
    outer loop
      vertex 233.4 114.525 0
      vertex 256 128 0
      vertex 233.626 114.326 0
    endloop
  endfacet
  facet normal 0 0 -1
    outer loop
      vertex 233.15 114.692 0
      vertex 256 128 0
      vertex 233.4 114.525 0
    endloop
  endfacet
  facet normal 0 0 -1
    outer loop
      vertex 232.88 114.825 0
      vertex 256 128 0
      vertex 233.15 114.692 0
    endloop
  endfacet
  facet normal 0 0 -1
    outer loop
      vertex 232.595 114.922 0
      vertex 256 128 0
      vertex 232.88 114.825 0
    endloop
  endfacet
  facet normal 0 0 -1
    outer loop
      vertex 232.3 114.98 0
      vertex 256 128 0
      vertex 232.595 114.922 0
    endloop
  endfacet
  facet normal 0 0 -1
    outer loop
      vertex 232 115 0
      vertex 256 128 0
      vertex 232.3 114.98 0
    endloop
  endfacet
  facet normal 0 0 -1
    outer loop
      vertex 231.7 114.98 0
      vertex 256 128 0
      vertex 232 115 0
    endloop
  endfacet
  facet normal 0 0 -1
    outer loop
      vertex 231.405 114.922 0
      vertex 256 128 0
      vertex 231.7 114.98 0
    endloop
  endfacet
  facet normal 0 0 -1
    outer loop
      vertex 216 112 0
      vertex 231.405 114.922 0
      vertex 231.12 114.825 0
    endloop
  endfacet
  facet normal 0 0 -1
    outer loop
      vertex 216 112 0
      vertex 231.12 114.825 0
      vertex 230.85 114.692 0
    endloop
  endfacet
  facet normal 0 0 -1
    outer loop
      vertex 216 112 0
      vertex 229.7 112.7 0
      vertex 223.3 106.3 0
    endloop
  endfacet
  facet normal -0 0 -1
    outer loop
      vertex 229.7 112.7 0
      vertex 216 112 0
      vertex 229.72 113 0
    endloop
  endfacet
  facet normal -0 0 -1
    outer loop
      vertex 229.72 113 0
      vertex 216 112 0
      vertex 229.778 113.295 0
    endloop
  endfacet
  facet normal -0 0 -1
    outer loop
      vertex 229.778 113.295 0
      vertex 216 112 0
      vertex 229.875 113.58 0
    endloop
  endfacet
  facet normal -0 0 -1
    outer loop
      vertex 229.875 113.58 0
      vertex 216 112 0
      vertex 230.008 113.85 0
    endloop
  endfacet
  facet normal -0 0 -1
    outer loop
      vertex 230.008 113.85 0
      vertex 216 112 0
      vertex 230.175 114.1 0
    endloop
  endfacet
  facet normal 0 0 -1
    outer loop
      vertex 216 112 0
      vertex 223.3 106.3 0
      vertex 223 106.28 0
    endloop
  endfacet
  facet normal 0 0 -1
    outer loop
      vertex 216 112 0
      vertex 223 106.28 0
      vertex 222.705 106.222 0
    endloop
  endfacet
  facet normal 0 0 -1
    outer loop
      vertex 216 112 0
      vertex 222.705 106.222 0
      vertex 222.42 106.125 0
    endloop
  endfacet
  facet normal 0 0 -1
    outer loop
      vertex 216 112 0
      vertex 222.42 106.125 0
      vertex 222.15 105.992 0
    endloop
  endfacet
  facet normal 0 0 -1
    outer loop
      vertex 216 112 0
      vertex 222.15 105.992 0
      vertex 221.9 105.825 0
    endloop
  endfacet
  facet normal 0 0 -1
    outer loop
      vertex 216 112 0
      vertex 221.9 105.825 0
      vertex 221.674 105.626 0
    endloop
  endfacet
  facet normal 0 0 -1
    outer loop
      vertex 221.02 103.7 0
      vertex 216 112 0
      vertex 221 104 0
    endloop
  endfacet
  facet normal 0 0 -1
    outer loop
      vertex 221 104 0
      vertex 216 112 0
      vertex 221.02 104.3 0
    endloop
  endfacet
  facet normal 0 0 -1
    outer loop
      vertex 221.02 104.3 0
      vertex 216 112 0
      vertex 221.078 104.595 0
    endloop
  endfacet
  facet normal 0 0 -1
    outer loop
      vertex 216 112 0
      vertex 221.175 104.88 0
      vertex 221.078 104.595 0
    endloop
  endfacet
  facet normal 0 0 -1
    outer loop
      vertex 216 112 0
      vertex 221.308 105.15 0
      vertex 221.175 104.88 0
    endloop
  endfacet
  facet normal 0 0 -1
    outer loop
      vertex 216 112 0
      vertex 221.475 105.4 0
      vertex 221.308 105.15 0
    endloop
  endfacet
  facet normal 0 0 -1
    outer loop
      vertex 216 112 0
      vertex 221.674 105.626 0
      vertex 221.475 105.4 0
    endloop
  endfacet
  facet normal -0 0 -1
    outer loop
      vertex 230.175 114.1 0
      vertex 216 112 0
      vertex 230.374 114.326 0
    endloop
  endfacet
  facet normal 0 0 -1
    outer loop
      vertex 216 112 0
      vertex 230.6 114.525 0
      vertex 230.374 114.326 0
    endloop
  endfacet
  facet normal 0 0 -1
    outer loop
      vertex 216 112 0
      vertex 230.85 114.692 0
      vertex 230.6 114.525 0
    endloop
  endfacet
  facet normal -0 0 -1
    outer loop
      vertex 231.405 114.922 0
      vertex 216 112 0
      vertex 256 128 0
    endloop
  endfacet
  facet normal 0 0 -1
    outer loop
      vertex 40 112 0
      vertex 256 128 0
      vertex 216 112 0
    endloop
  endfacet
  facet normal 0 0 -1
    outer loop
      vertex 34.9803 104.3 0
      vertex 40 112 0
      vertex 35 104 0
    endloop
  endfacet
  facet normal 0 0 -1
    outer loop
      vertex 34.9216 104.595 0
      vertex 40 112 0
      vertex 34.9803 104.3 0
    endloop
  endfacet
  facet normal 0 0 -1
    outer loop
      vertex 34.8249 104.88 0
      vertex 40 112 0
      vertex 34.9216 104.595 0
    endloop
  endfacet
  facet normal 0 0 -1
    outer loop
      vertex 34.6918 105.15 0
      vertex 40 112 0
      vertex 34.8249 104.88 0
    endloop
  endfacet
  facet normal 0 0 -1
    outer loop
      vertex 34.5247 105.4 0
      vertex 40 112 0
      vertex 34.6918 105.15 0
    endloop
  endfacet
  facet normal 0 0 -1
    outer loop
      vertex 34.3263 105.626 0
      vertex 40 112 0
      vertex 34.5247 105.4 0
    endloop
  endfacet
  facet normal 0 0 -1
    outer loop
      vertex 34.1001 105.825 0
      vertex 40 112 0
      vertex 34.3263 105.626 0
    endloop
  endfacet
  facet normal 0 0 -1
    outer loop
      vertex 33.85 105.992 0
      vertex 40 112 0
      vertex 34.1001 105.825 0
    endloop
  endfacet
  facet normal 0 0 -1
    outer loop
      vertex 33.5802 106.125 0
      vertex 40 112 0
      vertex 33.85 105.992 0
    endloop
  endfacet
  facet normal 0 0 -1
    outer loop
      vertex 33.2953 106.222 0
      vertex 40 112 0
      vertex 33.5802 106.125 0
    endloop
  endfacet
  facet normal 0 0 -1
    outer loop
      vertex 33.0002 106.28 0
      vertex 40 112 0
      vertex 33.2953 106.222 0
    endloop
  endfacet
  facet normal 0 0 -1
    outer loop
      vertex 32.7 106.3 0
      vertex 40 112 0
      vertex 33.0002 106.28 0
    endloop
  endfacet
  facet normal 0 0 -1
    outer loop
      vertex 26.3 112.7 0
      vertex 32.7 106.3 0
      vertex 26.3 106.3 0
    endloop
  endfacet
  facet normal 0 0 -1
    outer loop
      vertex 32.7 106.3 0
      vertex 26.3 112.7 0
      vertex 40 112 0
    endloop
  endfacet
  facet normal 0 0 -1
    outer loop
      vertex 26.2803 113 0
      vertex 40 112 0
      vertex 26.3 112.7 0
    endloop
  endfacet
  facet normal 0 0 -1
    outer loop
      vertex 26.2216 113.295 0
      vertex 40 112 0
      vertex 26.2803 113 0
    endloop
  endfacet
  facet normal 0 0 -1
    outer loop
      vertex 26.1249 113.58 0
      vertex 40 112 0
      vertex 26.2216 113.295 0
    endloop
  endfacet
  facet normal 0 0 -1
    outer loop
      vertex 25.9919 113.85 0
      vertex 40 112 0
      vertex 26.1249 113.58 0
    endloop
  endfacet
  facet normal 0 0 -1
    outer loop
      vertex 25.8247 114.1 0
      vertex 40 112 0
      vertex 25.9919 113.85 0
    endloop
  endfacet
  facet normal 0 0 -1
    outer loop
      vertex 25.6263 114.326 0
      vertex 40 112 0
      vertex 25.8247 114.1 0
    endloop
  endfacet
  facet normal 0 0 -1
    outer loop
      vertex 25.4001 114.525 0
      vertex 40 112 0
      vertex 25.6263 114.326 0
    endloop
  endfacet
  facet normal 0 0 -1
    outer loop
      vertex 25.15 114.692 0
      vertex 40 112 0
      vertex 25.4001 114.525 0
    endloop
  endfacet
  facet normal 0 0 -1
    outer loop
      vertex 24.8802 114.825 0
      vertex 40 112 0
      vertex 25.15 114.692 0
    endloop
  endfacet
  facet normal 0 0 -1
    outer loop
      vertex 24.5953 114.922 0
      vertex 40 112 0
      vertex 24.8802 114.825 0
    endloop
  endfacet
  facet normal 0 0 -1
    outer loop
      vertex 40 112 0
      vertex 24.5953 114.922 0
      vertex 0 128 0
    endloop
  endfacet
  facet normal 0 0 -1
    outer loop
      vertex 0 128 0
      vertex 24.5953 114.922 0
      vertex 24.3002 114.98 0
    endloop
  endfacet
  facet normal 0 0 -1
    outer loop
      vertex 0 128 0
      vertex 24.3002 114.98 0
      vertex 24 115 0
    endloop
  endfacet
  facet normal 0 0 -1
    outer loop
      vertex 15.3 106.3 0
      vertex 21.7197 113 0
      vertex 21.7 112.7 0
    endloop
  endfacet
  facet normal 0 0 -1
    outer loop
      vertex 14.9998 106.28 0
      vertex 21.7197 113 0
      vertex 15.3 106.3 0
    endloop
  endfacet
  facet normal -0 0 -1
    outer loop
      vertex 21.7197 113 0
      vertex 14.9998 106.28 0
      vertex 21.7784 113.295 0
    endloop
  endfacet
  facet normal 0 0 -1
    outer loop
      vertex 14.7047 106.222 0
      vertex 21.7784 113.295 0
      vertex 14.9998 106.28 0
    endloop
  endfacet
  facet normal -0 0 -1
    outer loop
      vertex 21.7784 113.295 0
      vertex 14.7047 106.222 0
      vertex 21.8751 113.58 0
    endloop
  endfacet
  facet normal 0 0 -1
    outer loop
      vertex 14.4198 106.125 0
      vertex 21.8751 113.58 0
      vertex 14.7047 106.222 0
    endloop
  endfacet
  facet normal 0 0 -1
    outer loop
      vertex 0 128 0
      vertex 21.8751 113.58 0
      vertex 14.4198 106.125 0
    endloop
  endfacet
  facet normal 0 0 -1
    outer loop
      vertex 21.8751 113.58 0
      vertex 0 128 0
      vertex 22.0081 113.85 0
    endloop
  endfacet
  facet normal 0 0 -1
    outer loop
      vertex 22.0081 113.85 0
      vertex 0 128 0
      vertex 22.1753 114.1 0
    endloop
  endfacet
  facet normal 0 0 -1
    outer loop
      vertex 0 128 0
      vertex 14.4198 106.125 0
      vertex 14.15 105.992 0
    endloop
  endfacet
  facet normal 0 0 -1
    outer loop
      vertex 0 128 0
      vertex 14.15 105.992 0
      vertex 13.8999 105.825 0
    endloop
  endfacet
  facet normal 0 0 -1
    outer loop
      vertex 0 128 0
      vertex 13.8999 105.825 0
      vertex 13.6737 105.626 0
    endloop
  endfacet
  facet normal 0 0 -1
    outer loop
      vertex 13.0197 103.7 0
      vertex 0 128 0
      vertex 13 104 0
    endloop
  endfacet
  facet normal 0 0 -1
    outer loop
      vertex 40 112 0
      vertex 0 128 0
      vertex 256 128 0
    endloop
  endfacet
  facet normal 0 0 -1
    outer loop
      vertex 23.6998 114.98 0
      vertex 0 128 0
      vertex 24 115 0
    endloop
  endfacet
  facet normal 0 0 -1
    outer loop
      vertex 23.4047 114.922 0
      vertex 0 128 0
      vertex 23.6998 114.98 0
    endloop
  endfacet
  facet normal 0 0 -1
    outer loop
      vertex 23.1198 114.825 0
      vertex 0 128 0
      vertex 23.4047 114.922 0
    endloop
  endfacet
  facet normal 0 0 -1
    outer loop
      vertex 22.85 114.692 0
      vertex 0 128 0
      vertex 23.1198 114.825 0
    endloop
  endfacet
  facet normal 0 0 -1
    outer loop
      vertex 22.5999 114.525 0
      vertex 0 128 0
      vertex 22.85 114.692 0
    endloop
  endfacet
  facet normal 0 0 -1
    outer loop
      vertex 22.3737 114.326 0
      vertex 0 128 0
      vertex 22.5999 114.525 0
    endloop
  endfacet
  facet normal 0 0 -1
    outer loop
      vertex 22.1753 114.1 0
      vertex 0 128 0
      vertex 22.3737 114.326 0
    endloop
  endfacet
  facet normal 0 0 -1
    outer loop
      vertex 13.4753 105.4 0
      vertex 0 128 0
      vertex 13.6737 105.626 0
    endloop
  endfacet
  facet normal 0 0 -1
    outer loop
      vertex 13.3082 105.15 0
      vertex 0 128 0
      vertex 13.4753 105.4 0
    endloop
  endfacet
  facet normal 0 0 -1
    outer loop
      vertex 13.1751 104.88 0
      vertex 0 128 0
      vertex 13.3082 105.15 0
    endloop
  endfacet
  facet normal 0 0 -1
    outer loop
      vertex 13.0784 104.595 0
      vertex 0 128 0
      vertex 13.1751 104.88 0
    endloop
  endfacet
  facet normal 0 0 -1
    outer loop
      vertex 13.0197 104.3 0
      vertex 0 128 0
      vertex 13.0784 104.595 0
    endloop
  endfacet
  facet normal 0 0 -1
    outer loop
      vertex 13 104 0
      vertex 0 128 0
      vertex 13.0197 104.3 0
    endloop
  endfacet
  facet normal 0 0 -1
    outer loop
      vertex 241 101.72 0
      vertex 240 88 0
      vertex 240.7 101.7 0
    endloop
  endfacet
  facet normal 0 0 -1
    outer loop
      vertex 234.3 95.3 0
      vertex 240.7 101.7 0
      vertex 240 88 0
    endloop
  endfacet
  facet normal -0 0 -1
    outer loop
      vertex 240.7 101.7 0
      vertex 234.3 95.3 0
      vertex 234.3 101.7 0
    endloop
  endfacet
  facet normal -0 0 -1
    outer loop
      vertex 240.7 21.7 0
      vertex 234.3 15.3 0
      vertex 234.3 21.7 0
    endloop
  endfacet
  facet normal 0 0 -1
    outer loop
      vertex 229.7 106.3 0
      vertex 223.3 106.3 0
      vertex 229.7 112.7 0
    endloop
  endfacet
  facet normal 0 1 -0
    outer loop
      vertex 40 40 0
      vertex 16 40 16
      vertex 40 40 16
    endloop
  endfacet
  facet normal 0 1 0
    outer loop
      vertex 16 40 16
      vertex 40 40 0
      vertex 16 40 0
    endloop
  endfacet
  facet normal 1 -0 0
    outer loop
      vertex 40 88 16
      vertex 40 112 0
      vertex 40 112 16
    endloop
  endfacet
  facet normal 1 0 0
    outer loop
      vertex 40 112 0
      vertex 40 88 16
      vertex 40 88 0
    endloop
  endfacet
  facet normal 0 -1 0
    outer loop
      vertex 16 88 0
      vertex 40 88 16
      vertex 16 88 16
    endloop
  endfacet
  facet normal 0 -1 -0
    outer loop
      vertex 40 88 16
      vertex 16 88 0
      vertex 40 88 0
    endloop
  endfacet
  facet normal -1 0 0
    outer loop
      vertex 216 16 0
      vertex 216 40 16
      vertex 216 40 0
    endloop
  endfacet
  facet normal -1 -0 0
    outer loop
      vertex 216 40 16
      vertex 216 16 0
      vertex 216 16 16
    endloop
  endfacet
  facet normal 0 1 -0
    outer loop
      vertex 240 40 0
      vertex 216 40 16
      vertex 240 40 16
    endloop
  endfacet
  facet normal 0 1 0
    outer loop
      vertex 216 40 16
      vertex 240 40 0
      vertex 216 40 0
    endloop
  endfacet
  facet normal -1 0 0
    outer loop
      vertex 216 88 0
      vertex 216 112 16
      vertex 216 112 0
    endloop
  endfacet
  facet normal -1 -0 0
    outer loop
      vertex 216 112 16
      vertex 216 88 0
      vertex 216 88 16
    endloop
  endfacet
  facet normal 0 -1 0
    outer loop
      vertex 216 88 0
      vertex 240 88 16
      vertex 216 88 16
    endloop
  endfacet
  facet normal 0 -1 -0
    outer loop
      vertex 240 88 16
      vertex 216 88 0
      vertex 240 88 0
    endloop
  endfacet
  facet normal 1 -0 0
    outer loop
      vertex 262 37 12
      vertex 262 48.5 4
      vertex 262 48.5 12
    endloop
  endfacet
  facet normal 1 0 0
    outer loop
      vertex 262 48.5 4
      vertex 262 37 12
      vertex 262 37 4
    endloop
  endfacet
  facet normal -0 0 1
    outer loop
      vertex 256 48.5 12
      vertex 262 37 12
      vertex 262 48.5 12
    endloop
  endfacet
  facet normal 0 0 1
    outer loop
      vertex 262 37 12
      vertex 256 48.5 12
      vertex 256 37 12
    endloop
  endfacet
  facet normal 0 0 -1
    outer loop
      vertex 256 37 4
      vertex 262 48.5 4
      vertex 262 37 4
    endloop
  endfacet
  facet normal -0 0 -1
    outer loop
      vertex 262 48.5 4
      vertex 256 37 4
      vertex 256 48.5 4
    endloop
  endfacet
  facet normal 0 1 -0
    outer loop
      vertex 262 48.5 4
      vertex 256 48.5 12
      vertex 262 48.5 12
    endloop
  endfacet
  facet normal 0 1 0
    outer loop
      vertex 256 48.5 12
      vertex 262 48.5 4
      vertex 256 48.5 4
    endloop
  endfacet
  facet normal 0 -1 0
    outer loop
      vertex 256 37 4
      vertex 262 37 12
      vertex 256 37 12
    endloop
  endfacet
  facet normal 0 -1 -0
    outer loop
      vertex 262 37 12
      vertex 256 37 4
      vertex 262 37 4
    endloop
  endfacet
  facet normal 1 -0 0
    outer loop
      vertex 262 79 12
      vertex 262 90.5 4
      vertex 262 90.5 12
    endloop
  endfacet
  facet normal 1 0 0
    outer loop
      vertex 262 90.5 4
      vertex 262 79 12
      vertex 262 79 4
    endloop
  endfacet
  facet normal -0 0 1
    outer loop
      vertex 256 90.5 12
      vertex 262 79 12
      vertex 262 90.5 12
    endloop
  endfacet
  facet normal 0 0 1
    outer loop
      vertex 262 79 12
      vertex 256 90.5 12
      vertex 256 79 12
    endloop
  endfacet
  facet normal 0 0 -1
    outer loop
      vertex 256 79 4
      vertex 262 90.5 4
      vertex 262 79 4
    endloop
  endfacet
  facet normal -0 0 -1
    outer loop
      vertex 262 90.5 4
      vertex 256 79 4
      vertex 256 90.5 4
    endloop
  endfacet
  facet normal 0 1 -0
    outer loop
      vertex 262 90.5 4
      vertex 256 90.5 12
      vertex 262 90.5 12
    endloop
  endfacet
  facet normal 0 1 0
    outer loop
      vertex 256 90.5 12
      vertex 262 90.5 4
      vertex 256 90.5 4
    endloop
  endfacet
  facet normal 0 -1 0
    outer loop
      vertex 256 79 4
      vertex 262 79 12
      vertex 256 79 12
    endloop
  endfacet
  facet normal 0 -1 -0
    outer loop
      vertex 262 79 12
      vertex 256 79 4
      vertex 262 79 4
    endloop
  endfacet
  facet normal 1 0 0
    outer loop
      vertex 256 128 16
      vertex 256 124.3 8
      vertex 256 128 0
    endloop
  endfacet
  facet normal 1 0 0
    outer loop
      vertex 256 128 16
      vertex 256 124.263 8.56126
      vertex 256 124.3 8
    endloop
  endfacet
  facet normal 1 0 0
    outer loop
      vertex 256 128 16
      vertex 256 124.153 9.11292
      vertex 256 124.263 8.56126
    endloop
  endfacet
  facet normal 1 0 0
    outer loop
      vertex 256 128 16
      vertex 256 123.973 9.64554
      vertex 256 124.153 9.11292
    endloop
  endfacet
  facet normal 1 0 0
    outer loop
      vertex 256 128 16
      vertex 256 123.724 10.15
      vertex 256 123.973 9.64554
    endloop
  endfacet
  facet normal 1 0 0
    outer loop
      vertex 256 128 16
      vertex 256 123.411 10.6177
      vertex 256 123.724 10.15
    endloop
  endfacet
  facet normal 1 0 0
    outer loop
      vertex 256 128 16
      vertex 256 123.041 11.0406
      vertex 256 123.411 10.6177
    endloop
  endfacet
  facet normal 1 0 0
    outer loop
      vertex 256 128 16
      vertex 256 122.618 11.4114
      vertex 256 123.041 11.0406
    endloop
  endfacet
  facet normal 1 0 0
    outer loop
      vertex 256 128 16
      vertex 256 122.15 11.7239
      vertex 256 122.618 11.4114
    endloop
  endfacet
  facet normal 1 0 0
    outer loop
      vertex 256 128 16
      vertex 256 121.646 11.9727
      vertex 256 122.15 11.7239
    endloop
  endfacet
  facet normal 1 0 0
    outer loop
      vertex 256 128 16
      vertex 256 121.113 12.1535
      vertex 256 121.646 11.9727
    endloop
  endfacet
  facet normal 1 0 0
    outer loop
      vertex 256 128 16
      vertex 256 120.561 12.2632
      vertex 256 121.113 12.1535
    endloop
  endfacet
  facet normal 1 0 0
    outer loop
      vertex 256 128 16
      vertex 256 120 12.3
      vertex 256 120.561 12.2632
    endloop
  endfacet
  facet normal 1 0 0
    outer loop
      vertex 256 128 16
      vertex 256 119.439 12.2632
      vertex 256 120 12.3
    endloop
  endfacet
  facet normal 1 0 0
    outer loop
      vertex 256 128 16
      vertex 256 118.887 12.1535
      vertex 256 119.439 12.2632
    endloop
  endfacet
  facet normal 1 0 0
    outer loop
      vertex 256 90.5 12
      vertex 256 118.887 12.1535
      vertex 256 128 16
    endloop
  endfacet
  facet normal 1 0 0
    outer loop
      vertex 256 115.737 8.56126
      vertex 256 90.5 12
      vertex 256 115.7 8
    endloop
  endfacet
  facet normal 1 0 0
    outer loop
      vertex 256 115.847 9.11292
      vertex 256 90.5 12
      vertex 256 115.737 8.56126
    endloop
  endfacet
  facet normal 1 0 0
    outer loop
      vertex 256 116.027 9.64554
      vertex 256 90.5 12
      vertex 256 115.847 9.11292
    endloop
  endfacet
  facet normal 1 0 0
    outer loop
      vertex 256 116.276 10.15
      vertex 256 90.5 12
      vertex 256 116.027 9.64554
    endloop
  endfacet
  facet normal 1 0 0
    outer loop
      vertex 256 116.589 10.6177
      vertex 256 90.5 12
      vertex 256 116.276 10.15
    endloop
  endfacet
  facet normal 1 0 0
    outer loop
      vertex 256 116.959 11.0406
      vertex 256 90.5 12
      vertex 256 116.589 10.6177
    endloop
  endfacet
  facet normal 1 0 0
    outer loop
      vertex 256 117.382 11.4114
      vertex 256 90.5 12
      vertex 256 116.959 11.0406
    endloop
  endfacet
  facet normal 1 0 0
    outer loop
      vertex 256 117.85 11.7239
      vertex 256 90.5 12
      vertex 256 117.382 11.4114
    endloop
  endfacet
  facet normal 1 0 0
    outer loop
      vertex 256 118.354 11.9727
      vertex 256 90.5 12
      vertex 256 117.85 11.7239
    endloop
  endfacet
  facet normal 1 0 0
    outer loop
      vertex 256 118.887 12.1535
      vertex 256 90.5 12
      vertex 256 118.354 11.9727
    endloop
  endfacet
  facet normal 1 0 0
    outer loop
      vertex 256 128 16
      vertex 256 79 12
      vertex 256 90.5 12
    endloop
  endfacet
  facet normal 1 0 0
    outer loop
      vertex 256 79 12
      vertex 256 48.5 12
      vertex 256 79 4
    endloop
  endfacet
  facet normal 1 0 0
    outer loop
      vertex 256 128 16
      vertex 256 48.5 12
      vertex 256 79 12
    endloop
  endfacet
  facet normal 1 -0 0
    outer loop
      vertex 256 0 16
      vertex 256 48.5 12
      vertex 256 128 16
    endloop
  endfacet
  facet normal 1 0 0
    outer loop
      vertex 256 37 12
      vertex 256 12.3 8
      vertex 256 37 4
    endloop
  endfacet
  facet normal 1 0 0
    outer loop
      vertex 256 37 12
      vertex 256 12.2632 8.56126
      vertex 256 12.3 8
    endloop
  endfacet
  facet normal 1 0 0
    outer loop
      vertex 256 37 12
      vertex 256 12.1535 9.11292
      vertex 256 12.2632 8.56126
    endloop
  endfacet
  facet normal 1 0 0
    outer loop
      vertex 256 37 12
      vertex 256 11.9727 9.64554
      vertex 256 12.1535 9.11292
    endloop
  endfacet
  facet normal 1 0 0
    outer loop
      vertex 256 37 12
      vertex 256 11.7239 10.15
      vertex 256 11.9727 9.64554
    endloop
  endfacet
  facet normal 1 0 0
    outer loop
      vertex 256 37 12
      vertex 256 11.4114 10.6177
      vertex 256 11.7239 10.15
    endloop
  endfacet
  facet normal 1 0 0
    outer loop
      vertex 256 37 12
      vertex 256 11.0406 11.0406
      vertex 256 11.4114 10.6177
    endloop
  endfacet
  facet normal 1 0 0
    outer loop
      vertex 256 48.5 12
      vertex 256 0 16
      vertex 256 37 12
    endloop
  endfacet
  facet normal 1 0 0
    outer loop
      vertex 256 37 12
      vertex 256 10.6177 11.4114
      vertex 256 11.0406 11.0406
    endloop
  endfacet
  facet normal 1 0 0
    outer loop
      vertex 256 37 12
      vertex 256 10.15 11.7239
      vertex 256 10.6177 11.4114
    endloop
  endfacet
  facet normal 1 0 0
    outer loop
      vertex 256 37 12
      vertex 256 9.64554 11.9727
      vertex 256 10.15 11.7239
    endloop
  endfacet
  facet normal 1 -0 -0
    outer loop
      vertex 256 9.11292 12.1535
      vertex 256 37 12
      vertex 256 0 16
    endloop
  endfacet
  facet normal 1 0 0
    outer loop
      vertex 256 37 12
      vertex 256 9.11292 12.1535
      vertex 256 9.64554 11.9727
    endloop
  endfacet
  facet normal 1 0 0
    outer loop
      vertex 256 9.11292 12.1535
      vertex 256 0 16
      vertex 256 8.56126 12.2632
    endloop
  endfacet
  facet normal 1 0 0
    outer loop
      vertex 256 3.73679 8.56126
      vertex 256 0 16
      vertex 256 3.7 8
    endloop
  endfacet
  facet normal 1 0 0
    outer loop
      vertex 256 3.84652 9.11292
      vertex 256 0 16
      vertex 256 3.73679 8.56126
    endloop
  endfacet
  facet normal 1 0 0
    outer loop
      vertex 256 4.02732 9.64554
      vertex 256 0 16
      vertex 256 3.84652 9.11292
    endloop
  endfacet
  facet normal 1 0 0
    outer loop
      vertex 256 4.27609 10.15
      vertex 256 0 16
      vertex 256 4.02732 9.64554
    endloop
  endfacet
  facet normal 1 0 0
    outer loop
      vertex 256 4.58858 10.6177
      vertex 256 0 16
      vertex 256 4.27609 10.15
    endloop
  endfacet
  facet normal 1 0 0
    outer loop
      vertex 256 4.95944 11.0406
      vertex 256 0 16
      vertex 256 4.58858 10.6177
    endloop
  endfacet
  facet normal 1 0 0
    outer loop
      vertex 256 5.38233 11.4114
      vertex 256 0 16
      vertex 256 4.95944 11.0406
    endloop
  endfacet
  facet normal 1 0 0
    outer loop
      vertex 256 5.85 11.7239
      vertex 256 0 16
      vertex 256 5.38233 11.4114
    endloop
  endfacet
  facet normal 1 0 0
    outer loop
      vertex 256 6.35446 11.9727
      vertex 256 0 16
      vertex 256 5.85 11.7239
    endloop
  endfacet
  facet normal 1 0 0
    outer loop
      vertex 256 6.88708 12.1535
      vertex 256 0 16
      vertex 256 6.35446 11.9727
    endloop
  endfacet
  facet normal 1 0 0
    outer loop
      vertex 256 7.43874 12.2632
      vertex 256 0 16
      vertex 256 6.88708 12.1535
    endloop
  endfacet
  facet normal 1 0 0
    outer loop
      vertex 256 8 12.3
      vertex 256 0 16
      vertex 256 7.43874 12.2632
    endloop
  endfacet
  facet normal 1 0 0
    outer loop
      vertex 256 8.56126 12.2632
      vertex 256 0 16
      vertex 256 8 12.3
    endloop
  endfacet
  facet normal 1 -0 0
    outer loop
      vertex 256 124.263 7.43874
      vertex 256 128 0
      vertex 256 124.3 8
    endloop
  endfacet
  facet normal 1 -0 0
    outer loop
      vertex 256 124.153 6.88708
      vertex 256 128 0
      vertex 256 124.263 7.43874
    endloop
  endfacet
  facet normal 1 -0 0
    outer loop
      vertex 256 123.973 6.35446
      vertex 256 128 0
      vertex 256 124.153 6.88708
    endloop
  endfacet
  facet normal 1 -0 0
    outer loop
      vertex 256 123.724 5.85
      vertex 256 128 0
      vertex 256 123.973 6.35446
    endloop
  endfacet
  facet normal 1 -0 0
    outer loop
      vertex 256 123.411 5.38233
      vertex 256 128 0
      vertex 256 123.724 5.85
    endloop
  endfacet
  facet normal 1 -0 0
    outer loop
      vertex 256 123.041 4.95944
      vertex 256 128 0
      vertex 256 123.411 5.38233
    endloop
  endfacet
  facet normal 1 -0 0
    outer loop
      vertex 256 122.618 4.58858
      vertex 256 128 0
      vertex 256 123.041 4.95944
    endloop
  endfacet
  facet normal 1 -0 0
    outer loop
      vertex 256 122.15 4.27609
      vertex 256 128 0
      vertex 256 122.618 4.58858
    endloop
  endfacet
  facet normal 1 -0 0
    outer loop
      vertex 256 121.646 4.02732
      vertex 256 128 0
      vertex 256 122.15 4.27609
    endloop
  endfacet
  facet normal 1 -0 0
    outer loop
      vertex 256 121.113 3.84652
      vertex 256 128 0
      vertex 256 121.646 4.02732
    endloop
  endfacet
  facet normal 1 -0 0
    outer loop
      vertex 256 120.561 3.73679
      vertex 256 128 0
      vertex 256 121.113 3.84652
    endloop
  endfacet
  facet normal 1 -0 0
    outer loop
      vertex 256 120 3.7
      vertex 256 128 0
      vertex 256 120.561 3.73679
    endloop
  endfacet
  facet normal 1 0 0
    outer loop
      vertex 256 119.439 3.73679
      vertex 256 128 0
      vertex 256 120 3.7
    endloop
  endfacet
  facet normal 1 0 0
    outer loop
      vertex 256 118.887 3.84652
      vertex 256 128 0
      vertex 256 119.439 3.73679
    endloop
  endfacet
  facet normal 1 -0 0
    outer loop
      vertex 256 90.5 4
      vertex 256 118.887 3.84652
      vertex 256 118.354 4.02732
    endloop
  endfacet
  facet normal 1 0 0
    outer loop
      vertex 256 90.5 4
      vertex 256 115.7 8
      vertex 256 90.5 12
    endloop
  endfacet
  facet normal 1 0 0
    outer loop
      vertex 256 115.7 8
      vertex 256 90.5 4
      vertex 256 115.737 7.43874
    endloop
  endfacet
  facet normal 1 0 0
    outer loop
      vertex 256 115.737 7.43874
      vertex 256 90.5 4
      vertex 256 115.847 6.88708
    endloop
  endfacet
  facet normal 1 0 0
    outer loop
      vertex 256 115.847 6.88708
      vertex 256 90.5 4
      vertex 256 116.027 6.35446
    endloop
  endfacet
  facet normal 1 0 0
    outer loop
      vertex 256 116.027 6.35446
      vertex 256 90.5 4
      vertex 256 116.276 5.85
    endloop
  endfacet
  facet normal 1 0 0
    outer loop
      vertex 256 116.276 5.85
      vertex 256 90.5 4
      vertex 256 116.589 5.38233
    endloop
  endfacet
  facet normal 1 0 0
    outer loop
      vertex 256 116.589 5.38233
      vertex 256 90.5 4
      vertex 256 116.959 4.95944
    endloop
  endfacet
  facet normal 1 0 0
    outer loop
      vertex 256 116.959 4.95944
      vertex 256 90.5 4
      vertex 256 117.382 4.58858
    endloop
  endfacet
  facet normal 1 0 0
    outer loop
      vertex 256 117.382 4.58858
      vertex 256 90.5 4
      vertex 256 117.85 4.27609
    endloop
  endfacet
  facet normal 1 0 0
    outer loop
      vertex 256 117.85 4.27609
      vertex 256 90.5 4
      vertex 256 118.354 4.02732
    endloop
  endfacet
  facet normal 1 0 0
    outer loop
      vertex 256 118.887 3.84652
      vertex 256 90.5 4
      vertex 256 128 0
    endloop
  endfacet
  facet normal 1 -0 0
    outer loop
      vertex 256 79 4
      vertex 256 128 0
      vertex 256 90.5 4
    endloop
  endfacet
  facet normal 1 0 0
    outer loop
      vertex 256 48.5 4
      vertex 256 79 4
      vertex 256 48.5 12
    endloop
  endfacet
  facet normal 1 -0 0
    outer loop
      vertex 256 48.5 4
      vertex 256 128 0
      vertex 256 79 4
    endloop
  endfacet
  facet normal 1 0 0
    outer loop
      vertex 256 0 0
      vertex 256 48.5 4
      vertex 256 37 4
    endloop
  endfacet
  facet normal 1 -0 0
    outer loop
      vertex 256 12.2632 7.43874
      vertex 256 37 4
      vertex 256 12.3 8
    endloop
  endfacet
  facet normal 1 -0 0
    outer loop
      vertex 256 12.1535 6.88708
      vertex 256 37 4
      vertex 256 12.2632 7.43874
    endloop
  endfacet
  facet normal 1 -0 0
    outer loop
      vertex 256 11.9727 6.35446
      vertex 256 37 4
      vertex 256 12.1535 6.88708
    endloop
  endfacet
  facet normal 1 -0 0
    outer loop
      vertex 256 11.7239 5.85
      vertex 256 37 4
      vertex 256 11.9727 6.35446
    endloop
  endfacet
  facet normal 1 -0 0
    outer loop
      vertex 256 11.4114 5.38233
      vertex 256 37 4
      vertex 256 11.7239 5.85
    endloop
  endfacet
  facet normal 1 -0 0
    outer loop
      vertex 256 11.0406 4.95944
      vertex 256 37 4
      vertex 256 11.4114 5.38233
    endloop
  endfacet
  facet normal 1 -0 0
    outer loop
      vertex 256 10.6177 4.58858
      vertex 256 37 4
      vertex 256 11.0406 4.95944
    endloop
  endfacet
  facet normal 1 -0 0
    outer loop
      vertex 256 10.15 4.27609
      vertex 256 37 4
      vertex 256 10.6177 4.58858
    endloop
  endfacet
  facet normal 1 -0 0
    outer loop
      vertex 256 9.64554 4.02732
      vertex 256 37 4
      vertex 256 10.15 4.27609
    endloop
  endfacet
  facet normal 1 0 0
    outer loop
      vertex 256 9.11292 3.84652
      vertex 256 37 4
      vertex 256 9.64554 4.02732
    endloop
  endfacet
  facet normal 1 0 0
    outer loop
      vertex 256 37 4
      vertex 256 9.11292 3.84652
      vertex 256 0 0
    endloop
  endfacet
  facet normal 1 0 0
    outer loop
      vertex 256 0 0
      vertex 256 9.11292 3.84652
      vertex 256 8.56126 3.73679
    endloop
  endfacet
  facet normal 1 0 0
    outer loop
      vertex 256 0 0
      vertex 256 8.56126 3.73679
      vertex 256 8 3.7
    endloop
  endfacet
  facet normal 1 0 0
    outer loop
      vertex 256 0 0
      vertex 256 3.7 8
      vertex 256 0 16
    endloop
  endfacet
  facet normal 1 0 0
    outer loop
      vertex 256 3.7 8
      vertex 256 0 0
      vertex 256 3.73679 7.43874
    endloop
  endfacet
  facet normal 1 0 0
    outer loop
      vertex 256 3.73679 7.43874
      vertex 256 0 0
      vertex 256 3.84652 6.88708
    endloop
  endfacet
  facet normal 1 0 0
    outer loop
      vertex 256 48.5 4
      vertex 256 0 0
      vertex 256 128 0
    endloop
  endfacet
  facet normal 1 0 0
    outer loop
      vertex 256 7.43874 3.73679
      vertex 256 0 0
      vertex 256 8 3.7
    endloop
  endfacet
  facet normal 1 0 0
    outer loop
      vertex 256 6.88708 3.84652
      vertex 256 0 0
      vertex 256 7.43874 3.73679
    endloop
  endfacet
  facet normal 1 0 0
    outer loop
      vertex 256 6.35446 4.02732
      vertex 256 0 0
      vertex 256 6.88708 3.84652
    endloop
  endfacet
  facet normal 1 0 0
    outer loop
      vertex 256 5.85 4.27609
      vertex 256 0 0
      vertex 256 6.35446 4.02732
    endloop
  endfacet
  facet normal 1 0 0
    outer loop
      vertex 256 5.38233 4.58858
      vertex 256 0 0
      vertex 256 5.85 4.27609
    endloop
  endfacet
  facet normal 1 0 0
    outer loop
      vertex 256 4.95944 4.95944
      vertex 256 0 0
      vertex 256 5.38233 4.58858
    endloop
  endfacet
  facet normal 1 0 0
    outer loop
      vertex 256 4.58858 5.38233
      vertex 256 0 0
      vertex 256 4.95944 4.95944
    endloop
  endfacet
  facet normal 1 0 0
    outer loop
      vertex 256 4.27609 5.85
      vertex 256 0 0
      vertex 256 4.58858 5.38233
    endloop
  endfacet
  facet normal 1 0 0
    outer loop
      vertex 256 4.02732 6.35446
      vertex 256 0 0
      vertex 256 4.27609 5.85
    endloop
  endfacet
  facet normal 1 0 0
    outer loop
      vertex 256 3.84652 6.88708
      vertex 256 0 0
      vertex 256 4.02732 6.35446
    endloop
  endfacet
  facet normal -1 0 0
    outer loop
      vertex 0 128 0
      vertex 0 124.3 8
      vertex 0 128 16
    endloop
  endfacet
  facet normal -1 0 0
    outer loop
      vertex 0 128 0
      vertex 0 124.263 7.43874
      vertex 0 124.3 8
    endloop
  endfacet
  facet normal -1 0 0
    outer loop
      vertex 0 128 0
      vertex 0 124.153 6.88708
      vertex 0 124.263 7.43874
    endloop
  endfacet
  facet normal -1 0 0
    outer loop
      vertex 0 128 0
      vertex 0 123.973 6.35446
      vertex 0 124.153 6.88708
    endloop
  endfacet
  facet normal -1 0 0
    outer loop
      vertex 0 128 0
      vertex 0 123.724 5.85
      vertex 0 123.973 6.35446
    endloop
  endfacet
  facet normal -1 0 0
    outer loop
      vertex 0 128 0
      vertex 0 123.411 5.38233
      vertex 0 123.724 5.85
    endloop
  endfacet
  facet normal -1 0 0
    outer loop
      vertex 0 128 0
      vertex 0 123.041 4.95944
      vertex 0 123.411 5.38233
    endloop
  endfacet
  facet normal -1 0 0
    outer loop
      vertex 0 128 0
      vertex 0 122.618 4.58858
      vertex 0 123.041 4.95944
    endloop
  endfacet
  facet normal -1 0 0
    outer loop
      vertex 0 128 0
      vertex 0 122.15 4.27609
      vertex 0 122.618 4.58858
    endloop
  endfacet
  facet normal -1 0 0
    outer loop
      vertex 0 128 0
      vertex 0 121.646 4.02732
      vertex 0 122.15 4.27609
    endloop
  endfacet
  facet normal -1 0 0
    outer loop
      vertex 0 128 0
      vertex 0 121.113 3.84652
      vertex 0 121.646 4.02732
    endloop
  endfacet
  facet normal -1 0 0
    outer loop
      vertex 0 128 0
      vertex 0 120.561 3.73679
      vertex 0 121.113 3.84652
    endloop
  endfacet
  facet normal -1 0 0
    outer loop
      vertex 0 128 0
      vertex 0 120 3.7
      vertex 0 120.561 3.73679
    endloop
  endfacet
  facet normal -1 0 0
    outer loop
      vertex 0 128 0
      vertex 0 119.439 3.73679
      vertex 0 120 3.7
    endloop
  endfacet
  facet normal -1 0 0
    outer loop
      vertex 0 128 0
      vertex 0 118.887 3.84652
      vertex 0 119.439 3.73679
    endloop
  endfacet
  facet normal -1 0 0
    outer loop
      vertex 0 90.675 3.825
      vertex 0 118.887 3.84652
      vertex 0 128 0
    endloop
  endfacet
  facet normal -1 -0 0
    outer loop
      vertex 0 115.737 7.43874
      vertex 0 90.675 3.825
      vertex 0 115.7 8
    endloop
  endfacet
  facet normal -1 -0 0
    outer loop
      vertex 0 115.847 6.88708
      vertex 0 90.675 3.825
      vertex 0 115.737 7.43874
    endloop
  endfacet
  facet normal -1 -0 0
    outer loop
      vertex 0 116.027 6.35446
      vertex 0 90.675 3.825
      vertex 0 115.847 6.88708
    endloop
  endfacet
  facet normal -1 -0 0
    outer loop
      vertex 0 116.276 5.85
      vertex 0 90.675 3.825
      vertex 0 116.027 6.35446
    endloop
  endfacet
  facet normal -1 -0 0
    outer loop
      vertex 0 116.589 5.38233
      vertex 0 90.675 3.825
      vertex 0 116.276 5.85
    endloop
  endfacet
  facet normal -1 -0 0
    outer loop
      vertex 0 116.959 4.95944
      vertex 0 90.675 3.825
      vertex 0 116.589 5.38233
    endloop
  endfacet
  facet normal -1 -0 0
    outer loop
      vertex 0 117.382 4.58858
      vertex 0 90.675 3.825
      vertex 0 116.959 4.95944
    endloop
  endfacet
  facet normal -1 -0 0
    outer loop
      vertex 0 117.85 4.27609
      vertex 0 90.675 3.825
      vertex 0 117.382 4.58858
    endloop
  endfacet
  facet normal -1 -0 0
    outer loop
      vertex 0 118.354 4.02732
      vertex 0 90.675 3.825
      vertex 0 117.85 4.27609
    endloop
  endfacet
  facet normal -1 -0 0
    outer loop
      vertex 0 118.887 3.84652
      vertex 0 90.675 3.825
      vertex 0 118.354 4.02732
    endloop
  endfacet
  facet normal -1 0 0
    outer loop
      vertex 0 128 0
      vertex 0 78.825 3.825
      vertex 0 90.675 3.825
    endloop
  endfacet
  facet normal -1 0 0
    outer loop
      vertex 0 78.825 3.825
      vertex 0 48.675 3.825
      vertex 0 78.825 12.175
    endloop
  endfacet
  facet normal -1 0 0
    outer loop
      vertex 0 128 0
      vertex 0 48.675 3.825
      vertex 0 78.825 3.825
    endloop
  endfacet
  facet normal -1 0 0
    outer loop
      vertex 0 0 0
      vertex 0 48.675 3.825
      vertex 0 128 0
    endloop
  endfacet
  facet normal -1 0 0
    outer loop
      vertex 0 36.825 3.825
      vertex 0 12.3 8
      vertex 0 36.825 12.175
    endloop
  endfacet
  facet normal -1 0 0
    outer loop
      vertex 0 36.825 3.825
      vertex 0 12.2632 7.43874
      vertex 0 12.3 8
    endloop
  endfacet
  facet normal -1 0 0
    outer loop
      vertex 0 36.825 3.825
      vertex 0 12.1535 6.88708
      vertex 0 12.2632 7.43874
    endloop
  endfacet
  facet normal -1 0 0
    outer loop
      vertex 0 36.825 3.825
      vertex 0 11.9727 6.35446
      vertex 0 12.1535 6.88708
    endloop
  endfacet
  facet normal -1 0 0
    outer loop
      vertex 0 36.825 3.825
      vertex 0 11.7239 5.85
      vertex 0 11.9727 6.35446
    endloop
  endfacet
  facet normal -1 0 0
    outer loop
      vertex 0 36.825 3.825
      vertex 0 11.4114 5.38233
      vertex 0 11.7239 5.85
    endloop
  endfacet
  facet normal -1 0 0
    outer loop
      vertex 0 36.825 3.825
      vertex 0 11.0406 4.95944
      vertex 0 11.4114 5.38233
    endloop
  endfacet
  facet normal -1 0 0
    outer loop
      vertex 0 36.825 3.825
      vertex 0 10.6177 4.58858
      vertex 0 11.0406 4.95944
    endloop
  endfacet
  facet normal -1 -0 0
    outer loop
      vertex 0 48.675 3.825
      vertex 0 0 0
      vertex 0 36.825 3.825
    endloop
  endfacet
  facet normal -1 0 0
    outer loop
      vertex 0 36.825 3.825
      vertex 0 10.15 4.27609
      vertex 0 10.6177 4.58858
    endloop
  endfacet
  facet normal -1 0 0
    outer loop
      vertex 0 36.825 3.825
      vertex 0 9.64554 4.02732
      vertex 0 10.15 4.27609
    endloop
  endfacet
  facet normal -1 0 -0
    outer loop
      vertex 0 9.11292 3.84652
      vertex 0 36.825 3.825
      vertex 0 0 0
    endloop
  endfacet
  facet normal -1 0 0
    outer loop
      vertex 0 36.825 3.825
      vertex 0 9.11292 3.84652
      vertex 0 9.64554 4.02732
    endloop
  endfacet
  facet normal -1 0 0
    outer loop
      vertex 0 9.11292 3.84652
      vertex 0 0 0
      vertex 0 8.56126 3.73679
    endloop
  endfacet
  facet normal -1 -0 0
    outer loop
      vertex 0 3.73679 7.43874
      vertex 0 0 0
      vertex 0 3.7 8
    endloop
  endfacet
  facet normal -1 -0 0
    outer loop
      vertex 0 3.84652 6.88708
      vertex 0 0 0
      vertex 0 3.73679 7.43874
    endloop
  endfacet
  facet normal -1 -0 0
    outer loop
      vertex 0 4.02732 6.35446
      vertex 0 0 0
      vertex 0 3.84652 6.88708
    endloop
  endfacet
  facet normal -1 -0 0
    outer loop
      vertex 0 4.27609 5.85
      vertex 0 0 0
      vertex 0 4.02732 6.35446
    endloop
  endfacet
  facet normal -1 -0 0
    outer loop
      vertex 0 4.58858 5.38233
      vertex 0 0 0
      vertex 0 4.27609 5.85
    endloop
  endfacet
  facet normal -1 -0 0
    outer loop
      vertex 0 4.95944 4.95944
      vertex 0 0 0
      vertex 0 4.58858 5.38233
    endloop
  endfacet
  facet normal -1 -0 0
    outer loop
      vertex 0 5.38233 4.58858
      vertex 0 0 0
      vertex 0 4.95944 4.95944
    endloop
  endfacet
  facet normal -1 -0 0
    outer loop
      vertex 0 5.85 4.27609
      vertex 0 0 0
      vertex 0 5.38233 4.58858
    endloop
  endfacet
  facet normal -1 -0 0
    outer loop
      vertex 0 6.35446 4.02732
      vertex 0 0 0
      vertex 0 5.85 4.27609
    endloop
  endfacet
  facet normal -1 -0 0
    outer loop
      vertex 0 6.88708 3.84652
      vertex 0 0 0
      vertex 0 6.35446 4.02732
    endloop
  endfacet
  facet normal -1 -0 0
    outer loop
      vertex 0 7.43874 3.73679
      vertex 0 0 0
      vertex 0 6.88708 3.84652
    endloop
  endfacet
  facet normal -1 -0 0
    outer loop
      vertex 0 8 3.7
      vertex 0 0 0
      vertex 0 7.43874 3.73679
    endloop
  endfacet
  facet normal -1 0 0
    outer loop
      vertex 0 8.56126 3.73679
      vertex 0 0 0
      vertex 0 8 3.7
    endloop
  endfacet
  facet normal -1 0 0
    outer loop
      vertex 0 124.263 8.56126
      vertex 0 128 16
      vertex 0 124.3 8
    endloop
  endfacet
  facet normal -1 0 0
    outer loop
      vertex 0 124.153 9.11292
      vertex 0 128 16
      vertex 0 124.263 8.56126
    endloop
  endfacet
  facet normal -1 0 0
    outer loop
      vertex 0 123.973 9.64554
      vertex 0 128 16
      vertex 0 124.153 9.11292
    endloop
  endfacet
  facet normal -1 0 0
    outer loop
      vertex 0 123.724 10.15
      vertex 0 128 16
      vertex 0 123.973 9.64554
    endloop
  endfacet
  facet normal -1 0 0
    outer loop
      vertex 0 123.411 10.6177
      vertex 0 128 16
      vertex 0 123.724 10.15
    endloop
  endfacet
  facet normal -1 0 0
    outer loop
      vertex 0 123.041 11.0406
      vertex 0 128 16
      vertex 0 123.411 10.6177
    endloop
  endfacet
  facet normal -1 0 0
    outer loop
      vertex 0 122.618 11.4114
      vertex 0 128 16
      vertex 0 123.041 11.0406
    endloop
  endfacet
  facet normal -1 0 0
    outer loop
      vertex 0 122.15 11.7239
      vertex 0 128 16
      vertex 0 122.618 11.4114
    endloop
  endfacet
  facet normal -1 0 0
    outer loop
      vertex 0 121.646 11.9727
      vertex 0 128 16
      vertex 0 122.15 11.7239
    endloop
  endfacet
  facet normal -1 0 0
    outer loop
      vertex 0 121.113 12.1535
      vertex 0 128 16
      vertex 0 121.646 11.9727
    endloop
  endfacet
  facet normal -1 0 0
    outer loop
      vertex 0 120.561 12.2632
      vertex 0 128 16
      vertex 0 121.113 12.1535
    endloop
  endfacet
  facet normal -1 0 0
    outer loop
      vertex 0 120 12.3
      vertex 0 128 16
      vertex 0 120.561 12.2632
    endloop
  endfacet
  facet normal -1 0 0
    outer loop
      vertex 0 119.439 12.2632
      vertex 0 128 16
      vertex 0 120 12.3
    endloop
  endfacet
  facet normal -1 0 0
    outer loop
      vertex 0 118.887 12.1535
      vertex 0 128 16
      vertex 0 119.439 12.2632
    endloop
  endfacet
  facet normal -1 0 0
    outer loop
      vertex 0 90.675 12.175
      vertex 0 118.887 12.1535
      vertex 0 118.354 11.9727
    endloop
  endfacet
  facet normal -1 0 0
    outer loop
      vertex 0 90.675 12.175
      vertex 0 115.7 8
      vertex 0 90.675 3.825
    endloop
  endfacet
  facet normal -1 0 0
    outer loop
      vertex 0 115.7 8
      vertex 0 90.675 12.175
      vertex 0 115.737 8.56126
    endloop
  endfacet
  facet normal -1 0 0
    outer loop
      vertex 0 115.737 8.56126
      vertex 0 90.675 12.175
      vertex 0 115.847 9.11292
    endloop
  endfacet
  facet normal -1 0 0
    outer loop
      vertex 0 115.847 9.11292
      vertex 0 90.675 12.175
      vertex 0 116.027 9.64554
    endloop
  endfacet
  facet normal -1 0 0
    outer loop
      vertex 0 116.027 9.64554
      vertex 0 90.675 12.175
      vertex 0 116.276 10.15
    endloop
  endfacet
  facet normal -1 0 0
    outer loop
      vertex 0 116.276 10.15
      vertex 0 90.675 12.175
      vertex 0 116.589 10.6177
    endloop
  endfacet
  facet normal -1 0 0
    outer loop
      vertex 0 116.589 10.6177
      vertex 0 90.675 12.175
      vertex 0 116.959 11.0406
    endloop
  endfacet
  facet normal -1 0 0
    outer loop
      vertex 0 116.959 11.0406
      vertex 0 90.675 12.175
      vertex 0 117.382 11.4114
    endloop
  endfacet
  facet normal -1 0 0
    outer loop
      vertex 0 117.382 11.4114
      vertex 0 90.675 12.175
      vertex 0 117.85 11.7239
    endloop
  endfacet
  facet normal -1 0 0
    outer loop
      vertex 0 117.85 11.7239
      vertex 0 90.675 12.175
      vertex 0 118.354 11.9727
    endloop
  endfacet
  facet normal -1 0 0
    outer loop
      vertex 0 118.887 12.1535
      vertex 0 90.675 12.175
      vertex 0 128 16
    endloop
  endfacet
  facet normal -1 0 0
    outer loop
      vertex 0 78.825 12.175
      vertex 0 128 16
      vertex 0 90.675 12.175
    endloop
  endfacet
  facet normal -1 0 0
    outer loop
      vertex 0 48.675 12.175
      vertex 0 78.825 12.175
      vertex 0 48.675 3.825
    endloop
  endfacet
  facet normal -1 0 0
    outer loop
      vertex 0 48.675 12.175
      vertex 0 128 16
      vertex 0 78.825 12.175
    endloop
  endfacet
  facet normal -1 0 0
    outer loop
      vertex 0 0 16
      vertex 0 48.675 12.175
      vertex 0 36.825 12.175
    endloop
  endfacet
  facet normal -1 0 0
    outer loop
      vertex 0 12.2632 8.56126
      vertex 0 36.825 12.175
      vertex 0 12.3 8
    endloop
  endfacet
  facet normal -1 0 0
    outer loop
      vertex 0 12.1535 9.11292
      vertex 0 36.825 12.175
      vertex 0 12.2632 8.56126
    endloop
  endfacet
  facet normal -1 0 0
    outer loop
      vertex 0 11.9727 9.64554
      vertex 0 36.825 12.175
      vertex 0 12.1535 9.11292
    endloop
  endfacet
  facet normal -1 0 0
    outer loop
      vertex 0 11.7239 10.15
      vertex 0 36.825 12.175
      vertex 0 11.9727 9.64554
    endloop
  endfacet
  facet normal -1 0 0
    outer loop
      vertex 0 11.4114 10.6177
      vertex 0 36.825 12.175
      vertex 0 11.7239 10.15
    endloop
  endfacet
  facet normal -1 0 0
    outer loop
      vertex 0 11.0406 11.0406
      vertex 0 36.825 12.175
      vertex 0 11.4114 10.6177
    endloop
  endfacet
  facet normal -1 0 0
    outer loop
      vertex 0 10.6177 11.4114
      vertex 0 36.825 12.175
      vertex 0 11.0406 11.0406
    endloop
  endfacet
  facet normal -1 0 0
    outer loop
      vertex 0 10.15 11.7239
      vertex 0 36.825 12.175
      vertex 0 10.6177 11.4114
    endloop
  endfacet
  facet normal -1 0 0
    outer loop
      vertex 0 9.64554 11.9727
      vertex 0 36.825 12.175
      vertex 0 10.15 11.7239
    endloop
  endfacet
  facet normal -1 0 0
    outer loop
      vertex 0 9.11292 12.1535
      vertex 0 36.825 12.175
      vertex 0 9.64554 11.9727
    endloop
  endfacet
  facet normal -1 -0 0
    outer loop
      vertex 0 36.825 12.175
      vertex 0 9.11292 12.1535
      vertex 0 0 16
    endloop
  endfacet
  facet normal -1 0 0
    outer loop
      vertex 0 0 16
      vertex 0 9.11292 12.1535
      vertex 0 8.56126 12.2632
    endloop
  endfacet
  facet normal -1 0 0
    outer loop
      vertex 0 0 16
      vertex 0 8.56126 12.2632
      vertex 0 8 12.3
    endloop
  endfacet
  facet normal -1 0 0
    outer loop
      vertex 0 0 16
      vertex 0 3.7 8
      vertex 0 0 0
    endloop
  endfacet
  facet normal -1 0 0
    outer loop
      vertex 0 3.7 8
      vertex 0 0 16
      vertex 0 3.73679 8.56126
    endloop
  endfacet
  facet normal -1 0 0
    outer loop
      vertex 0 3.73679 8.56126
      vertex 0 0 16
      vertex 0 3.84652 9.11292
    endloop
  endfacet
  facet normal -1 0 0
    outer loop
      vertex 0 48.675 12.175
      vertex 0 0 16
      vertex 0 128 16
    endloop
  endfacet
  facet normal -1 0 0
    outer loop
      vertex 0 7.43874 12.2632
      vertex 0 0 16
      vertex 0 8 12.3
    endloop
  endfacet
  facet normal -1 0 0
    outer loop
      vertex 0 6.88708 12.1535
      vertex 0 0 16
      vertex 0 7.43874 12.2632
    endloop
  endfacet
  facet normal -1 0 0
    outer loop
      vertex 0 6.35446 11.9727
      vertex 0 0 16
      vertex 0 6.88708 12.1535
    endloop
  endfacet
  facet normal -1 0 0
    outer loop
      vertex 0 5.85 11.7239
      vertex 0 0 16
      vertex 0 6.35446 11.9727
    endloop
  endfacet
  facet normal -1 0 0
    outer loop
      vertex 0 5.38233 11.4114
      vertex 0 0 16
      vertex 0 5.85 11.7239
    endloop
  endfacet
  facet normal -1 0 0
    outer loop
      vertex 0 4.95944 11.0406
      vertex 0 0 16
      vertex 0 5.38233 11.4114
    endloop
  endfacet
  facet normal -1 0 0
    outer loop
      vertex 0 4.58858 10.6177
      vertex 0 0 16
      vertex 0 4.95944 11.0406
    endloop
  endfacet
  facet normal -1 0 0
    outer loop
      vertex 0 4.27609 10.15
      vertex 0 0 16
      vertex 0 4.58858 10.6177
    endloop
  endfacet
  facet normal -1 0 0
    outer loop
      vertex 0 4.02732 9.64554
      vertex 0 0 16
      vertex 0 4.27609 10.15
    endloop
  endfacet
  facet normal -1 0 0
    outer loop
      vertex 0 3.84652 9.11292
      vertex 0 0 16
      vertex 0 4.02732 9.64554
    endloop
  endfacet
  facet normal 0 1 -0
    outer loop
      vertex 216 16 0
      vertex 40 16 16
      vertex 216 16 16
    endloop
  endfacet
  facet normal 0 1 0
    outer loop
      vertex 40 16 16
      vertex 216 16 0
      vertex 40 16 0
    endloop
  endfacet
  facet normal 0 -1 0
    outer loop
      vertex 0 0 0
      vertex 256 0 16
      vertex 0 0 16
    endloop
  endfacet
  facet normal 0 -1 -0
    outer loop
      vertex 256 0 16
      vertex 0 0 0
      vertex 256 0 0
    endloop
  endfacet
  facet normal 0 1 -0
    outer loop
      vertex 256 128 0
      vertex 0 128 16
      vertex 256 128 16
    endloop
  endfacet
  facet normal 0 1 0
    outer loop
      vertex 0 128 16
      vertex 256 128 0
      vertex 0 128 0
    endloop
  endfacet
  facet normal 0 -1 0
    outer loop
      vertex 40 112 0
      vertex 216 112 16
      vertex 40 112 16
    endloop
  endfacet
  facet normal 0 -1 -0
    outer loop
      vertex 216 112 16
      vertex 40 112 0
      vertex 216 112 0
    endloop
  endfacet
  facet normal 1 -0 0
    outer loop
      vertex 16 40 16
      vertex 16 88 0
      vertex 16 88 16
    endloop
  endfacet
  facet normal 1 0 0
    outer loop
      vertex 16 88 0
      vertex 16 40 16
      vertex 16 40 0
    endloop
  endfacet
  facet normal -1 0 0
    outer loop
      vertex 240 40 0
      vertex 240 88 16
      vertex 240 88 0
    endloop
  endfacet
  facet normal -1 -0 0
    outer loop
      vertex 240 88 16
      vertex 240 40 0
      vertex 240 40 16
    endloop
  endfacet
  facet normal 0 0.751852 -0.659332
    outer loop
      vertex 256 4.58858 10.6177
      vertex 0 4.95944 11.0406
      vertex 256 4.95944 11.0406
    endloop
  endfacet
  facet normal 0 0.751852 -0.659332
    outer loop
      vertex 0 4.95944 11.0406
      vertex 256 4.58858 10.6177
      vertex 0 4.58858 10.6177
    endloop
  endfacet
  facet normal -0 0.0654086 0.997859
    outer loop
      vertex 0 8 3.7
      vertex 256 7.43874 3.73679
      vertex 256 8 3.7
    endloop
  endfacet
  facet normal 0 0.0654086 0.997859
    outer loop
      vertex 256 7.43874 3.73679
      vertex 0 8 3.7
      vertex 0 7.43874 3.73679
    endloop
  endfacet
  facet normal 0 -0.0654086 0.997859
    outer loop
      vertex 0 8.56126 3.73679
      vertex 256 8 3.7
      vertex 256 8.56126 3.73679
    endloop
  endfacet
  facet normal 0 -0.0654086 0.997859
    outer loop
      vertex 256 8 3.7
      vertex 0 8.56126 3.73679
      vertex 0 8 3.7
    endloop
  endfacet
  facet normal 0 -0.896853 0.442329
    outer loop
      vertex 0 11.7239 5.85
      vertex 256 11.9727 6.35446
      vertex 0 11.9727 6.35446
    endloop
  endfacet
  facet normal 0 -0.896853 0.442329
    outer loop
      vertex 256 11.9727 6.35446
      vertex 0 11.7239 5.85
      vertex 256 11.7239 5.85
    endloop
  endfacet
  facet normal 0 -0.94693 0.321439
    outer loop
      vertex 0 11.9727 6.35446
      vertex 256 12.1535 6.88708
      vertex 0 12.1535 6.88708
    endloop
  endfacet
  facet normal 0 -0.94693 0.321439
    outer loop
      vertex 256 12.1535 6.88708
      vertex 0 11.9727 6.35446
      vertex 256 11.9727 6.35446
    endloop
  endfacet
  facet normal 0 -0.442329 -0.896853
    outer loop
      vertex 0 9.64554 11.9727
      vertex 256 10.15 11.7239
      vertex 256 9.64554 11.9727
    endloop
  endfacet
  facet normal -0 -0.442329 -0.896853
    outer loop
      vertex 256 10.15 11.7239
      vertex 0 9.64554 11.9727
      vertex 0 10.15 11.7239
    endloop
  endfacet
  facet normal 0 -0.94693 -0.321439
    outer loop
      vertex 0 12.1535 9.11292
      vertex 256 11.9727 9.64554
      vertex 0 11.9727 9.64554
    endloop
  endfacet
  facet normal 0 -0.94693 -0.321439
    outer loop
      vertex 256 11.9727 9.64554
      vertex 0 12.1535 9.11292
      vertex 256 12.1535 9.11292
    endloop
  endfacet
  facet normal -0 0.555574 0.831467
    outer loop
      vertex 0 5.85 4.27609
      vertex 256 5.38233 4.58858
      vertex 256 5.85 4.27609
    endloop
  endfacet
  facet normal 0 0.555574 0.831467
    outer loop
      vertex 256 5.38233 4.58858
      vertex 0 5.85 4.27609
      vertex 0 5.38233 4.58858
    endloop
  endfacet
  facet normal 0 -0.659332 0.751852
    outer loop
      vertex 0 11.0406 4.95944
      vertex 256 10.6177 4.58858
      vertex 256 11.0406 4.95944
    endloop
  endfacet
  facet normal 0 -0.659332 0.751852
    outer loop
      vertex 256 10.6177 4.58858
      vertex 0 11.0406 4.95944
      vertex 0 10.6177 4.58858
    endloop
  endfacet
  facet normal 0 -0.659272 -0.751904
    outer loop
      vertex 0 10.6177 11.4114
      vertex 256 11.0406 11.0406
      vertex 256 10.6177 11.4114
    endloop
  endfacet
  facet normal -0 -0.659272 -0.751904
    outer loop
      vertex 256 11.0406 11.0406
      vertex 0 10.6177 11.4114
      vertex 0 11.0406 11.0406
    endloop
  endfacet
  facet normal 0 -0.831475 -0.555561
    outer loop
      vertex 0 11.7239 10.15
      vertex 256 11.4114 10.6177
      vertex 0 11.4114 10.6177
    endloop
  endfacet
  facet normal 0 -0.831475 -0.555561
    outer loop
      vertex 256 11.4114 10.6177
      vertex 0 11.7239 10.15
      vertex 256 11.7239 10.15
    endloop
  endfacet
  facet normal 0 -0.997857 -0.0654263
    outer loop
      vertex 0 12.3 8
      vertex 256 12.2632 8.56126
      vertex 0 12.2632 8.56126
    endloop
  endfacet
  facet normal 0 -0.997857 -0.0654263
    outer loop
      vertex 256 12.2632 8.56126
      vertex 0 12.3 8
      vertex 256 12.3 8
    endloop
  endfacet
  facet normal 0 0.195036 -0.980796
    outer loop
      vertex 0 6.88708 12.1535
      vertex 256 7.43874 12.2632
      vertex 256 6.88708 12.1535
    endloop
  endfacet
  facet normal 0 0.195036 -0.980796
    outer loop
      vertex 256 7.43874 12.2632
      vertex 0 6.88708 12.1535
      vertex 0 7.43874 12.2632
    endloop
  endfacet
  facet normal 0 -0.555561 -0.831475
    outer loop
      vertex 0 10.15 11.7239
      vertex 256 10.6177 11.4114
      vertex 256 10.15 11.7239
    endloop
  endfacet
  facet normal -0 -0.555561 -0.831475
    outer loop
      vertex 256 10.6177 11.4114
      vertex 0 10.15 11.7239
      vertex 0 10.6177 11.4114
    endloop
  endfacet
  facet normal 0 0.980786 -0.195087
    outer loop
      vertex 256 3.73679 8.56126
      vertex 0 3.84652 9.11292
      vertex 256 3.84652 9.11292
    endloop
  endfacet
  facet normal 0 0.980786 -0.195087
    outer loop
      vertex 0 3.84652 9.11292
      vertex 256 3.73679 8.56126
      vertex 0 3.73679 8.56126
    endloop
  endfacet
  facet normal 0 0.997859 0.0654086
    outer loop
      vertex 256 3.73679 7.43874
      vertex 0 3.7 8
      vertex 256 3.7 8
    endloop
  endfacet
  facet normal 0 0.997859 0.0654086
    outer loop
      vertex 0 3.7 8
      vertex 256 3.73679 7.43874
      vertex 0 3.73679 7.43874
    endloop
  endfacet
  facet normal 0 -0.195087 0.980786
    outer loop
      vertex 0 9.11292 3.84652
      vertex 256 8.56126 3.73679
      vertex 256 9.11292 3.84652
    endloop
  endfacet
  facet normal 0 -0.195087 0.980786
    outer loop
      vertex 256 8.56126 3.73679
      vertex 0 9.11292 3.84652
      vertex 0 8.56126 3.73679
    endloop
  endfacet
  facet normal 0 0.321439 -0.94693
    outer loop
      vertex 0 6.35446 11.9727
      vertex 256 6.88708 12.1535
      vertex 256 6.35446 11.9727
    endloop
  endfacet
  facet normal 0 0.321439 -0.94693
    outer loop
      vertex 256 6.88708 12.1535
      vertex 0 6.35446 11.9727
      vertex 0 6.88708 12.1535
    endloop
  endfacet
  facet normal 0 -0.195036 -0.980796
    outer loop
      vertex 0 8.56126 12.2632
      vertex 256 9.11292 12.1535
      vertex 256 8.56126 12.2632
    endloop
  endfacet
  facet normal -0 -0.195036 -0.980796
    outer loop
      vertex 256 9.11292 12.1535
      vertex 0 8.56126 12.2632
      vertex 0 9.11292 12.1535
    endloop
  endfacet
  facet normal 0 -0.442286 0.896874
    outer loop
      vertex 0 10.15 4.27609
      vertex 256 9.64554 4.02732
      vertex 256 10.15 4.27609
    endloop
  endfacet
  facet normal 0 -0.442286 0.896874
    outer loop
      vertex 256 9.64554 4.02732
      vertex 0 10.15 4.27609
      vertex 0 9.64554 4.02732
    endloop
  endfacet
  facet normal 0 -0.555549 0.831484
    outer loop
      vertex 0 10.6177 4.58858
      vertex 256 10.15 4.27609
      vertex 256 10.6177 4.58858
    endloop
  endfacet
  facet normal 0 -0.555549 0.831484
    outer loop
      vertex 256 10.15 4.27609
      vertex 0 10.6177 4.58858
      vertex 0 10.15 4.27609
    endloop
  endfacet
  facet normal 0 0.980786 0.195087
    outer loop
      vertex 256 3.84652 6.88708
      vertex 0 3.73679 7.43874
      vertex 256 3.73679 7.43874
    endloop
  endfacet
  facet normal 0 0.980786 0.195087
    outer loop
      vertex 0 3.73679 7.43874
      vertex 256 3.84652 6.88708
      vertex 0 3.84652 6.88708
    endloop
  endfacet
  facet normal -0 0.321439 0.94693
    outer loop
      vertex 0 6.88708 3.84652
      vertex 256 6.35446 4.02732
      vertex 256 6.88708 3.84652
    endloop
  endfacet
  facet normal 0 0.321439 0.94693
    outer loop
      vertex 256 6.35446 4.02732
      vertex 0 6.88708 3.84652
      vertex 0 6.35446 4.02732
    endloop
  endfacet
  facet normal 0 -0.0654263 -0.997857
    outer loop
      vertex 0 8 12.3
      vertex 256 8.56126 12.2632
      vertex 256 8 12.3
    endloop
  endfacet
  facet normal -0 -0.0654263 -0.997857
    outer loop
      vertex 256 8.56126 12.2632
      vertex 0 8 12.3
      vertex 0 8.56126 12.2632
    endloop
  endfacet
  facet normal 0 -0.321439 -0.94693
    outer loop
      vertex 0 9.11292 12.1535
      vertex 256 9.64554 11.9727
      vertex 256 9.11292 12.1535
    endloop
  endfacet
  facet normal -0 -0.321439 -0.94693
    outer loop
      vertex 256 9.64554 11.9727
      vertex 0 9.11292 12.1535
      vertex 0 9.64554 11.9727
    endloop
  endfacet
  facet normal 0 -0.751897 0.659281
    outer loop
      vertex 0 11.0406 4.95944
      vertex 256 11.4114 5.38233
      vertex 0 11.4114 5.38233
    endloop
  endfacet
  facet normal 0 -0.751897 0.659281
    outer loop
      vertex 256 11.4114 5.38233
      vertex 0 11.0406 4.95944
      vertex 256 11.0406 4.95944
    endloop
  endfacet
  facet normal 0 -0.831459 0.555586
    outer loop
      vertex 0 11.4114 5.38233
      vertex 256 11.7239 5.85
      vertex 0 11.7239 5.85
    endloop
  endfacet
  facet normal 0 -0.831459 0.555586
    outer loop
      vertex 256 11.7239 5.85
      vertex 0 11.4114 5.38233
      vertex 256 11.4114 5.38233
    endloop
  endfacet
  facet normal 0 0.997859 -0.0654086
    outer loop
      vertex 256 3.7 8
      vertex 0 3.73679 8.56126
      vertex 256 3.73679 8.56126
    endloop
  endfacet
  facet normal 0 0.997859 -0.0654086
    outer loop
      vertex 0 3.73679 8.56126
      vertex 256 3.7 8
      vertex 0 3.7 8
    endloop
  endfacet
  facet normal 0 -0.980796 -0.195036
    outer loop
      vertex 0 12.2632 8.56126
      vertex 256 12.1535 9.11292
      vertex 0 12.1535 9.11292
    endloop
  endfacet
  facet normal 0 -0.980796 -0.195036
    outer loop
      vertex 256 12.1535 9.11292
      vertex 0 12.2632 8.56126
      vertex 256 12.2632 8.56126
    endloop
  endfacet
  facet normal 0 0.555586 -0.831459
    outer loop
      vertex 0 5.38233 11.4114
      vertex 256 5.85 11.7239
      vertex 256 5.38233 11.4114
    endloop
  endfacet
  facet normal 0 0.555586 -0.831459
    outer loop
      vertex 256 5.85 11.7239
      vertex 0 5.38233 11.4114
      vertex 0 5.85 11.7239
    endloop
  endfacet
  facet normal 0 0.896874 -0.442286
    outer loop
      vertex 256 4.02732 9.64554
      vertex 0 4.27609 10.15
      vertex 256 4.27609 10.15
    endloop
  endfacet
  facet normal 0 0.896874 -0.442286
    outer loop
      vertex 0 4.27609 10.15
      vertex 256 4.02732 9.64554
      vertex 0 4.02732 9.64554
    endloop
  endfacet
  facet normal -0 0.195087 0.980786
    outer loop
      vertex 0 7.43874 3.73679
      vertex 256 6.88708 3.84652
      vertex 256 7.43874 3.73679
    endloop
  endfacet
  facet normal 0 0.195087 0.980786
    outer loop
      vertex 256 6.88708 3.84652
      vertex 0 7.43874 3.73679
      vertex 0 6.88708 3.84652
    endloop
  endfacet
  facet normal 0 0.442329 -0.896853
    outer loop
      vertex 0 5.85 11.7239
      vertex 256 6.35446 11.9727
      vertex 256 5.85 11.7239
    endloop
  endfacet
  facet normal 0 0.442329 -0.896853
    outer loop
      vertex 256 6.35446 11.9727
      vertex 0 5.85 11.7239
      vertex 0 6.35446 11.9727
    endloop
  endfacet
  facet normal 0 0.831467 0.555574
    outer loop
      vertex 256 4.58858 5.38233
      vertex 0 4.27609 5.85
      vertex 256 4.27609 5.85
    endloop
  endfacet
  facet normal 0 0.831467 0.555574
    outer loop
      vertex 0 4.27609 5.85
      vertex 256 4.58858 5.38233
      vertex 0 4.58858 5.38233
    endloop
  endfacet
  facet normal 0 -0.980796 0.195036
    outer loop
      vertex 0 12.1535 6.88708
      vertex 256 12.2632 7.43874
      vertex 0 12.2632 7.43874
    endloop
  endfacet
  facet normal 0 -0.980796 0.195036
    outer loop
      vertex 256 12.2632 7.43874
      vertex 0 12.1535 6.88708
      vertex 256 12.1535 6.88708
    endloop
  endfacet
  facet normal -0 0.659341 0.751844
    outer loop
      vertex 0 5.38233 4.58858
      vertex 256 4.95944 4.95944
      vertex 256 5.38233 4.58858
    endloop
  endfacet
  facet normal 0 0.659341 0.751844
    outer loop
      vertex 256 4.95944 4.95944
      vertex 0 5.38233 4.58858
      vertex 0 4.95944 4.95944
    endloop
  endfacet
  facet normal 0 -0.751904 -0.659272
    outer loop
      vertex 0 11.4114 10.6177
      vertex 256 11.0406 11.0406
      vertex 0 11.0406 11.0406
    endloop
  endfacet
  facet normal 0 -0.751904 -0.659272
    outer loop
      vertex 256 11.0406 11.0406
      vertex 0 11.4114 10.6177
      vertex 256 11.4114 10.6177
    endloop
  endfacet
  facet normal 0 -0.321439 0.94693
    outer loop
      vertex 0 9.64554 4.02732
      vertex 256 9.11292 3.84652
      vertex 256 9.64554 4.02732
    endloop
  endfacet
  facet normal 0 -0.321439 0.94693
    outer loop
      vertex 256 9.11292 3.84652
      vertex 0 9.64554 4.02732
      vertex 0 9.11292 3.84652
    endloop
  endfacet
  facet normal 0 -0.896853 -0.442329
    outer loop
      vertex 0 11.9727 9.64554
      vertex 256 11.7239 10.15
      vertex 0 11.7239 10.15
    endloop
  endfacet
  facet normal 0 -0.896853 -0.442329
    outer loop
      vertex 256 11.7239 10.15
      vertex 0 11.9727 9.64554
      vertex 256 11.9727 9.64554
    endloop
  endfacet
  facet normal 0 0.896874 0.442286
    outer loop
      vertex 256 4.27609 5.85
      vertex 0 4.02732 6.35446
      vertex 256 4.02732 6.35446
    endloop
  endfacet
  facet normal 0 0.896874 0.442286
    outer loop
      vertex 0 4.02732 6.35446
      vertex 256 4.27609 5.85
      vertex 0 4.27609 5.85
    endloop
  endfacet
  facet normal 0 0.94693 0.321439
    outer loop
      vertex 256 4.02732 6.35446
      vertex 0 3.84652 6.88708
      vertex 256 3.84652 6.88708
    endloop
  endfacet
  facet normal 0 0.94693 0.321439
    outer loop
      vertex 0 3.84652 6.88708
      vertex 256 4.02732 6.35446
      vertex 0 4.02732 6.35446
    endloop
  endfacet
  facet normal 0 0.0654263 -0.997857
    outer loop
      vertex 0 7.43874 12.2632
      vertex 256 8 12.3
      vertex 256 7.43874 12.2632
    endloop
  endfacet
  facet normal 0 0.0654263 -0.997857
    outer loop
      vertex 256 8 12.3
      vertex 0 7.43874 12.2632
      vertex 0 8 12.3
    endloop
  endfacet
  facet normal -0 0.442286 0.896874
    outer loop
      vertex 0 6.35446 4.02732
      vertex 256 5.85 4.27609
      vertex 256 6.35446 4.02732
    endloop
  endfacet
  facet normal 0 0.442286 0.896874
    outer loop
      vertex 256 5.85 4.27609
      vertex 0 6.35446 4.02732
      vertex 0 5.85 4.27609
    endloop
  endfacet
  facet normal 0 0.831484 -0.555549
    outer loop
      vertex 256 4.27609 10.15
      vertex 0 4.58858 10.6177
      vertex 256 4.58858 10.6177
    endloop
  endfacet
  facet normal 0 0.831484 -0.555549
    outer loop
      vertex 0 4.58858 10.6177
      vertex 256 4.27609 10.15
      vertex 0 4.27609 10.15
    endloop
  endfacet
  facet normal 0 0.659281 -0.751897
    outer loop
      vertex 0 4.95944 11.0406
      vertex 256 5.38233 11.4114
      vertex 256 4.95944 11.0406
    endloop
  endfacet
  facet normal 0 0.659281 -0.751897
    outer loop
      vertex 256 5.38233 11.4114
      vertex 0 4.95944 11.0406
      vertex 0 5.38233 11.4114
    endloop
  endfacet
  facet normal 0 -0.997857 0.0654263
    outer loop
      vertex 0 12.2632 7.43874
      vertex 256 12.3 8
      vertex 0 12.3 8
    endloop
  endfacet
  facet normal 0 -0.997857 0.0654263
    outer loop
      vertex 256 12.3 8
      vertex 0 12.2632 7.43874
      vertex 256 12.2632 7.43874
    endloop
  endfacet
  facet normal 0 0.94693 -0.321439
    outer loop
      vertex 256 3.84652 9.11292
      vertex 0 4.02732 9.64554
      vertex 256 4.02732 9.64554
    endloop
  endfacet
  facet normal 0 0.94693 -0.321439
    outer loop
      vertex 0 4.02732 9.64554
      vertex 256 3.84652 9.11292
      vertex 0 3.84652 9.11292
    endloop
  endfacet
  facet normal 0 0.751844 0.659341
    outer loop
      vertex 256 4.95944 4.95944
      vertex 0 4.58858 5.38233
      vertex 256 4.58858 5.38233
    endloop
  endfacet
  facet normal 0 0.751844 0.659341
    outer loop
      vertex 0 4.58858 5.38233
      vertex 256 4.95944 4.95944
      vertex 0 4.95944 4.95944
    endloop
  endfacet
  facet normal 0 0.75261 -0.658467
    outer loop
      vertex 256 116.589 10.6177
      vertex 0 116.959 11.0406
      vertex 256 116.959 11.0406
    endloop
  endfacet
  facet normal 0 0.75261 -0.658467
    outer loop
      vertex 0 116.959 11.0406
      vertex 256 116.589 10.6177
      vertex 0 116.589 10.6177
    endloop
  endfacet
  facet normal -0 0.0654388 0.997857
    outer loop
      vertex 0 120 3.7
      vertex 256 119.439 3.73679
      vertex 256 120 3.7
    endloop
  endfacet
  facet normal 0 0.0654388 0.997857
    outer loop
      vertex 256 119.439 3.73679
      vertex 0 120 3.7
      vertex 0 119.439 3.73679
    endloop
  endfacet
  facet normal 0 -0.0654388 0.997857
    outer loop
      vertex 0 120.561 3.73679
      vertex 256 120 3.7
      vertex 256 120.561 3.73679
    endloop
  endfacet
  facet normal 0 -0.0654388 0.997857
    outer loop
      vertex 256 120 3.7
      vertex 0 120.561 3.73679
      vertex 0 120 3.7
    endloop
  endfacet
  facet normal 0 -0.896712 0.442614
    outer loop
      vertex 0 123.724 5.85
      vertex 256 123.973 6.35446
      vertex 0 123.973 6.35446
    endloop
  endfacet
  facet normal 0 -0.896712 0.442614
    outer loop
      vertex 256 123.973 6.35446
      vertex 0 123.724 5.85
      vertex 256 123.724 5.85
    endloop
  endfacet
  facet normal 0 -0.947362 0.320163
    outer loop
      vertex 0 123.973 6.35446
      vertex 256 124.153 6.88708
      vertex 0 124.153 6.88708
    endloop
  endfacet
  facet normal 0 -0.947362 0.320163
    outer loop
      vertex 256 124.153 6.88708
      vertex 0 123.973 6.35446
      vertex 256 123.973 6.35446
    endloop
  endfacet
  facet normal 0 -0.442653 -0.896693
    outer loop
      vertex 0 121.646 11.9727
      vertex 256 122.15 11.7239
      vertex 256 121.646 11.9727
    endloop
  endfacet
  facet normal -0 -0.442653 -0.896693
    outer loop
      vertex 256 122.15 11.7239
      vertex 0 121.646 11.9727
      vertex 0 122.15 11.7239
    endloop
  endfacet
  facet normal 0 -0.947362 -0.320163
    outer loop
      vertex 0 124.153 9.11292
      vertex 256 123.973 9.64554
      vertex 0 123.973 9.64554
    endloop
  endfacet
  facet normal 0 -0.947362 -0.320163
    outer loop
      vertex 256 123.973 9.64554
      vertex 0 124.153 9.11292
      vertex 256 124.153 9.11292
    endloop
  endfacet
  facet normal -0 0.555303 0.831648
    outer loop
      vertex 0 117.85 4.27609
      vertex 256 117.382 4.58858
      vertex 256 117.85 4.27609
    endloop
  endfacet
  facet normal 0 0.555303 0.831648
    outer loop
      vertex 256 117.382 4.58858
      vertex 0 117.85 4.27609
      vertex 0 117.382 4.58858
    endloop
  endfacet
  facet normal 0 -0.659244 0.751929
    outer loop
      vertex 0 123.041 4.95944
      vertex 256 122.618 4.58858
      vertex 256 123.041 4.95944
    endloop
  endfacet
  facet normal 0 -0.659244 0.751929
    outer loop
      vertex 256 122.618 4.58858
      vertex 0 123.041 4.95944
      vertex 0 122.618 4.58858
    endloop
  endfacet
  facet normal 0 -0.659184 -0.751982
    outer loop
      vertex 0 122.618 11.4114
      vertex 256 123.041 11.0406
      vertex 256 122.618 11.4114
    endloop
  endfacet
  facet normal -0 -0.659184 -0.751982
    outer loop
      vertex 256 123.041 11.0406
      vertex 0 122.618 11.4114
      vertex 0 123.041 11.0406
    endloop
  endfacet
  facet normal 0 -0.831065 -0.556176
    outer loop
      vertex 0 123.724 10.15
      vertex 256 123.411 10.6177
      vertex 0 123.411 10.6177
    endloop
  endfacet
  facet normal 0 -0.831065 -0.556176
    outer loop
      vertex 256 123.411 10.6177
      vertex 0 123.724 10.15
      vertex 256 123.724 10.15
    endloop
  endfacet
  facet normal 0 -0.997834 -0.0657803
    outer loop
      vertex 0 124.3 8
      vertex 256 124.263 8.56126
      vertex 0 124.263 8.56126
    endloop
  endfacet
  facet normal 0 -0.997834 -0.0657803
    outer loop
      vertex 256 124.263 8.56126
      vertex 0 124.3 8
      vertex 256 124.3 8
    endloop
  endfacet
  facet normal 0 0.19492 -0.980819
    outer loop
      vertex 0 118.887 12.1535
      vertex 256 119.439 12.2632
      vertex 256 118.887 12.1535
    endloop
  endfacet
  facet normal 0 0.19492 -0.980819
    outer loop
      vertex 256 119.439 12.2632
      vertex 0 118.887 12.1535
      vertex 0 119.439 12.2632
    endloop
  endfacet
  facet normal 0 -0.555315 -0.83164
    outer loop
      vertex 0 122.15 11.7239
      vertex 256 122.618 11.4114
      vertex 256 122.15 11.7239
    endloop
  endfacet
  facet normal -0 -0.555315 -0.83164
    outer loop
      vertex 256 122.618 11.4114
      vertex 0 122.15 11.7239
      vertex 0 122.618 11.4114
    endloop
  endfacet
  facet normal 0 0.980694 -0.195549
    outer loop
      vertex 256 115.737 8.56126
      vertex 0 115.847 9.11292
      vertex 256 115.847 9.11292
    endloop
  endfacet
  facet normal 0 0.980694 -0.195549
    outer loop
      vertex 0 115.847 9.11292
      vertex 256 115.737 8.56126
      vertex 0 115.737 8.56126
    endloop
  endfacet
  facet normal 0 0.997834 0.0657803
    outer loop
      vertex 256 115.737 7.43874
      vertex 0 115.7 8
      vertex 256 115.7 8
    endloop
  endfacet
  facet normal 0 0.997834 0.0657803
    outer loop
      vertex 0 115.7 8
      vertex 256 115.737 7.43874
      vertex 0 115.737 7.43874
    endloop
  endfacet
  facet normal 0 -0.194971 0.980809
    outer loop
      vertex 0 121.113 3.84652
      vertex 256 120.561 3.73679
      vertex 256 121.113 3.84652
    endloop
  endfacet
  facet normal 0 -0.194971 0.980809
    outer loop
      vertex 256 120.561 3.73679
      vertex 0 121.113 3.84652
      vertex 0 120.561 3.73679
    endloop
  endfacet
  facet normal 0 0.321234 -0.947
    outer loop
      vertex 0 118.354 11.9727
      vertex 256 118.887 12.1535
      vertex 256 118.354 11.9727
    endloop
  endfacet
  facet normal 0 0.321234 -0.947
    outer loop
      vertex 256 118.887 12.1535
      vertex 0 118.354 11.9727
      vertex 0 118.887 12.1535
    endloop
  endfacet
  facet normal 0 -0.19492 -0.980819
    outer loop
      vertex 0 120.561 12.2632
      vertex 256 121.113 12.1535
      vertex 256 120.561 12.2632
    endloop
  endfacet
  facet normal -0 -0.19492 -0.980819
    outer loop
      vertex 256 121.113 12.1535
      vertex 0 120.561 12.2632
      vertex 0 121.113 12.1535
    endloop
  endfacet
  facet normal 0 -0.44261 0.896714
    outer loop
      vertex 0 122.15 4.27609
      vertex 256 121.646 4.02732
      vertex 256 122.15 4.27609
    endloop
  endfacet
  facet normal 0 -0.44261 0.896714
    outer loop
      vertex 256 121.646 4.02732
      vertex 0 122.15 4.27609
      vertex 0 121.646 4.02732
    endloop
  endfacet
  facet normal 0 -0.555303 0.831648
    outer loop
      vertex 0 122.618 4.58858
      vertex 256 122.15 4.27609
      vertex 256 122.618 4.58858
    endloop
  endfacet
  facet normal 0 -0.555303 0.831648
    outer loop
      vertex 256 122.15 4.27609
      vertex 0 122.618 4.58858
      vertex 0 122.15 4.27609
    endloop
  endfacet
  facet normal 0 0.980694 0.195549
    outer loop
      vertex 256 115.847 6.88708
      vertex 0 115.737 7.43874
      vertex 256 115.737 7.43874
    endloop
  endfacet
  facet normal 0 0.980694 0.195549
    outer loop
      vertex 0 115.737 7.43874
      vertex 256 115.847 6.88708
      vertex 0 115.847 6.88708
    endloop
  endfacet
  facet normal -0 0.321234 0.947
    outer loop
      vertex 0 118.887 3.84652
      vertex 256 118.354 4.02732
      vertex 256 118.887 3.84652
    endloop
  endfacet
  facet normal 0 0.321234 0.947
    outer loop
      vertex 256 118.354 4.02732
      vertex 0 118.887 3.84652
      vertex 0 118.354 4.02732
    endloop
  endfacet
  facet normal 0 -0.0654565 -0.997855
    outer loop
      vertex 0 120 12.3
      vertex 256 120.561 12.2632
      vertex 256 120 12.3
    endloop
  endfacet
  facet normal -0 -0.0654565 -0.997855
    outer loop
      vertex 256 120.561 12.2632
      vertex 0 120 12.3
      vertex 0 120.561 12.2632
    endloop
  endfacet
  facet normal 0 -0.321234 -0.947
    outer loop
      vertex 0 121.113 12.1535
      vertex 256 121.646 11.9727
      vertex 256 121.113 12.1535
    endloop
  endfacet
  facet normal -0 -0.321234 -0.947
    outer loop
      vertex 256 121.646 11.9727
      vertex 0 121.113 12.1535
      vertex 0 121.646 11.9727
    endloop
  endfacet
  facet normal 0 -0.752602 0.658476
    outer loop
      vertex 0 123.041 4.95944
      vertex 256 123.411 5.38233
      vertex 0 123.411 5.38233
    endloop
  endfacet
  facet normal 0 -0.752602 0.658476
    outer loop
      vertex 256 123.411 5.38233
      vertex 0 123.041 4.95944
      vertex 256 123.041 4.95944
    endloop
  endfacet
  facet normal 0 -0.831048 0.5562
    outer loop
      vertex 0 123.411 5.38233
      vertex 256 123.724 5.85
      vertex 0 123.724 5.85
    endloop
  endfacet
  facet normal 0 -0.831048 0.5562
    outer loop
      vertex 256 123.724 5.85
      vertex 0 123.411 5.38233
      vertex 256 123.411 5.38233
    endloop
  endfacet
  facet normal 0 0.997834 -0.0657803
    outer loop
      vertex 256 115.7 8
      vertex 0 115.737 8.56126
      vertex 256 115.737 8.56126
    endloop
  endfacet
  facet normal 0 0.997834 -0.0657803
    outer loop
      vertex 0 115.737 8.56126
      vertex 256 115.7 8
      vertex 0 115.7 8
    endloop
  endfacet
  facet normal 0 -0.980694 -0.195549
    outer loop
      vertex 0 124.263 8.56126
      vertex 256 124.153 9.11292
      vertex 0 124.153 9.11292
    endloop
  endfacet
  facet normal 0 -0.980694 -0.195549
    outer loop
      vertex 256 124.153 9.11292
      vertex 0 124.263 8.56126
      vertex 256 124.263 8.56126
    endloop
  endfacet
  facet normal 0 0.555315 -0.83164
    outer loop
      vertex 0 117.382 11.4114
      vertex 256 117.85 11.7239
      vertex 256 117.382 11.4114
    endloop
  endfacet
  facet normal 0 0.555315 -0.83164
    outer loop
      vertex 256 117.85 11.7239
      vertex 0 117.382 11.4114
      vertex 0 117.85 11.7239
    endloop
  endfacet
  facet normal 0 0.896712 -0.442614
    outer loop
      vertex 256 116.027 9.64554
      vertex 0 116.276 10.15
      vertex 256 116.276 10.15
    endloop
  endfacet
  facet normal 0 0.896712 -0.442614
    outer loop
      vertex 0 116.276 10.15
      vertex 256 116.027 9.64554
      vertex 0 116.027 9.64554
    endloop
  endfacet
  facet normal -0 0.194971 0.980809
    outer loop
      vertex 0 119.439 3.73679
      vertex 256 118.887 3.84652
      vertex 256 119.439 3.73679
    endloop
  endfacet
  facet normal 0 0.194971 0.980809
    outer loop
      vertex 256 118.887 3.84652
      vertex 0 119.439 3.73679
      vertex 0 118.887 3.84652
    endloop
  endfacet
  facet normal 0 0.442653 -0.896693
    outer loop
      vertex 0 117.85 11.7239
      vertex 256 118.354 11.9727
      vertex 256 117.85 11.7239
    endloop
  endfacet
  facet normal 0 0.442653 -0.896693
    outer loop
      vertex 256 118.354 11.9727
      vertex 0 117.85 11.7239
      vertex 0 118.354 11.9727
    endloop
  endfacet
  facet normal 0 0.831048 0.5562
    outer loop
      vertex 256 116.589 5.38233
      vertex 0 116.276 5.85
      vertex 256 116.276 5.85
    endloop
  endfacet
  facet normal 0 0.831048 0.5562
    outer loop
      vertex 0 116.276 5.85
      vertex 256 116.589 5.38233
      vertex 0 116.589 5.38233
    endloop
  endfacet
  facet normal 0 -0.980694 0.195549
    outer loop
      vertex 0 124.153 6.88708
      vertex 256 124.263 7.43874
      vertex 0 124.263 7.43874
    endloop
  endfacet
  facet normal 0 -0.980694 0.195549
    outer loop
      vertex 256 124.263 7.43874
      vertex 0 124.153 6.88708
      vertex 256 124.153 6.88708
    endloop
  endfacet
  facet normal -0 0.659244 0.751929
    outer loop
      vertex 0 117.382 4.58858
      vertex 256 116.959 4.95944
      vertex 256 117.382 4.58858
    endloop
  endfacet
  facet normal 0 0.659244 0.751929
    outer loop
      vertex 256 116.959 4.95944
      vertex 0 117.382 4.58858
      vertex 0 116.959 4.95944
    endloop
  endfacet
  facet normal 0 -0.75261 -0.658467
    outer loop
      vertex 0 123.411 10.6177
      vertex 256 123.041 11.0406
      vertex 0 123.041 11.0406
    endloop
  endfacet
  facet normal 0 -0.75261 -0.658467
    outer loop
      vertex 256 123.041 11.0406
      vertex 0 123.411 10.6177
      vertex 256 123.411 10.6177
    endloop
  endfacet
  facet normal 0 -0.321234 0.947
    outer loop
      vertex 0 121.646 4.02732
      vertex 256 121.113 3.84652
      vertex 256 121.646 4.02732
    endloop
  endfacet
  facet normal 0 -0.321234 0.947
    outer loop
      vertex 256 121.113 3.84652
      vertex 0 121.646 4.02732
      vertex 0 121.113 3.84652
    endloop
  endfacet
  facet normal 0 -0.896712 -0.442614
    outer loop
      vertex 0 123.973 9.64554
      vertex 256 123.724 10.15
      vertex 0 123.724 10.15
    endloop
  endfacet
  facet normal 0 -0.896712 -0.442614
    outer loop
      vertex 256 123.724 10.15
      vertex 0 123.973 9.64554
      vertex 256 123.973 9.64554
    endloop
  endfacet
  facet normal 0 0.947362 0.320163
    outer loop
      vertex 256 116.027 6.35446
      vertex 0 115.847 6.88708
      vertex 256 115.847 6.88708
    endloop
  endfacet
  facet normal 0 0.947362 0.320163
    outer loop
      vertex 0 115.847 6.88708
      vertex 256 116.027 6.35446
      vertex 0 116.027 6.35446
    endloop
  endfacet
  facet normal 0 0.0654565 -0.997855
    outer loop
      vertex 0 119.439 12.2632
      vertex 256 120 12.3
      vertex 256 119.439 12.2632
    endloop
  endfacet
  facet normal 0 0.0654565 -0.997855
    outer loop
      vertex 256 120 12.3
      vertex 0 119.439 12.2632
      vertex 0 120 12.3
    endloop
  endfacet
  facet normal 0 0.896712 0.442614
    outer loop
      vertex 256 116.276 5.85
      vertex 0 116.027 6.35446
      vertex 256 116.027 6.35446
    endloop
  endfacet
  facet normal 0 0.896712 0.442614
    outer loop
      vertex 0 116.027 6.35446
      vertex 256 116.276 5.85
      vertex 0 116.276 5.85
    endloop
  endfacet
  facet normal -0 0.44261 0.896714
    outer loop
      vertex 0 118.354 4.02732
      vertex 256 117.85 4.27609
      vertex 256 118.354 4.02732
    endloop
  endfacet
  facet normal 0 0.44261 0.896714
    outer loop
      vertex 256 117.85 4.27609
      vertex 0 118.354 4.02732
      vertex 0 117.85 4.27609
    endloop
  endfacet
  facet normal 0 0.831065 -0.556176
    outer loop
      vertex 256 116.276 10.15
      vertex 0 116.589 10.6177
      vertex 256 116.589 10.6177
    endloop
  endfacet
  facet normal 0 0.831065 -0.556176
    outer loop
      vertex 0 116.589 10.6177
      vertex 256 116.276 10.15
      vertex 0 116.276 10.15
    endloop
  endfacet
  facet normal 0 0.659184 -0.751982
    outer loop
      vertex 0 116.959 11.0406
      vertex 256 117.382 11.4114
      vertex 256 116.959 11.0406
    endloop
  endfacet
  facet normal 0 0.659184 -0.751982
    outer loop
      vertex 256 117.382 11.4114
      vertex 0 116.959 11.0406
      vertex 0 117.382 11.4114
    endloop
  endfacet
  facet normal 0 -0.997834 0.0657803
    outer loop
      vertex 0 124.263 7.43874
      vertex 256 124.3 8
      vertex 0 124.3 8
    endloop
  endfacet
  facet normal 0 -0.997834 0.0657803
    outer loop
      vertex 256 124.3 8
      vertex 0 124.263 7.43874
      vertex 256 124.263 7.43874
    endloop
  endfacet
  facet normal 0 0.947362 -0.320163
    outer loop
      vertex 256 115.847 9.11292
      vertex 0 116.027 9.64554
      vertex 256 116.027 9.64554
    endloop
  endfacet
  facet normal 0 0.947362 -0.320163
    outer loop
      vertex 0 116.027 9.64554
      vertex 256 115.847 9.11292
      vertex 0 115.847 9.11292
    endloop
  endfacet
  facet normal 0 0.752602 0.658476
    outer loop
      vertex 256 116.959 4.95944
      vertex 0 116.589 5.38233
      vertex 256 116.589 5.38233
    endloop
  endfacet
  facet normal 0 0.752602 0.658476
    outer loop
      vertex 0 116.589 5.38233
      vertex 256 116.959 4.95944
      vertex 0 116.959 4.95944
    endloop
  endfacet
  facet normal -0.195093 0.980785 0
    outer loop
      vertex 24.5953 13.0784 0
      vertex 24.3002 13.0197 16
      vertex 24.5953 13.0784 16
    endloop
  endfacet
  facet normal -0.195093 0.980785 0
    outer loop
      vertex 24.3002 13.0197 16
      vertex 24.5953 13.0784 0
      vertex 24.3002 13.0197 0
    endloop
  endfacet
  facet normal -0.321408 0.946941 0
    outer loop
      vertex 24.8802 13.1751 0
      vertex 24.5953 13.0784 16
      vertex 24.8802 13.1751 16
    endloop
  endfacet
  facet normal -0.321408 0.946941 0
    outer loop
      vertex 24.5953 13.0784 16
      vertex 24.8802 13.1751 0
      vertex 24.5953 13.0784 0
    endloop
  endfacet
  facet normal -0.442421 0.896808 0
    outer loop
      vertex 25.15 13.3082 0
      vertex 24.8802 13.1751 16
      vertex 25.15 13.3082 16
    endloop
  endfacet
  facet normal -0.442421 0.896808 0
    outer loop
      vertex 24.8802 13.1751 16
      vertex 25.15 13.3082 0
      vertex 24.8802 13.1751 0
    endloop
  endfacet
  facet normal -0.555544 0.831487 0
    outer loop
      vertex 25.4001 13.4753 0
      vertex 25.15 13.3082 16
      vertex 25.4001 13.4753 16
    endloop
  endfacet
  facet normal -0.555544 0.831487 0
    outer loop
      vertex 25.15 13.3082 16
      vertex 25.4001 13.4753 0
      vertex 25.15 13.3082 0
    endloop
  endfacet
  facet normal -0.659398 0.751794 0
    outer loop
      vertex 25.6263 13.6737 0
      vertex 25.4001 13.4753 16
      vertex 25.6263 13.6737 16
    endloop
  endfacet
  facet normal -0.659398 0.751794 0
    outer loop
      vertex 25.4001 13.4753 16
      vertex 25.6263 13.6737 0
      vertex 25.4001 13.4753 0
    endloop
  endfacet
  facet normal -0.751794 0.659398 0
    outer loop
      vertex 25.6263 13.6737 0
      vertex 25.8247 13.8999 16
      vertex 25.8247 13.8999 0
    endloop
  endfacet
  facet normal -0.751794 0.659398 0
    outer loop
      vertex 25.8247 13.8999 16
      vertex 25.6263 13.6737 0
      vertex 25.6263 13.6737 16
    endloop
  endfacet
  facet normal -0.831334 0.555774 0
    outer loop
      vertex 25.8247 13.8999 0
      vertex 25.9919 14.15 16
      vertex 25.9919 14.15 0
    endloop
  endfacet
  facet normal -0.831334 0.555774 0
    outer loop
      vertex 25.9919 14.15 16
      vertex 25.8247 13.8999 0
      vertex 25.8247 13.8999 16
    endloop
  endfacet
  facet normal -0.89694 0.442153 0
    outer loop
      vertex 25.9919 14.15 0
      vertex 26.1249 14.4198 16
      vertex 26.1249 14.4198 0
    endloop
  endfacet
  facet normal -0.89694 0.442153 0
    outer loop
      vertex 26.1249 14.4198 16
      vertex 25.9919 14.15 0
      vertex 25.9919 14.15 16
    endloop
  endfacet
  facet normal -0.946941 0.321408 0
    outer loop
      vertex 26.1249 14.4198 0
      vertex 26.2216 14.7047 16
      vertex 26.2216 14.7047 0
    endloop
  endfacet
  facet normal -0.946941 0.321408 0
    outer loop
      vertex 26.2216 14.7047 16
      vertex 26.1249 14.4198 0
      vertex 26.1249 14.4198 16
    endloop
  endfacet
  facet normal -0.980785 0.195093 0
    outer loop
      vertex 26.2216 14.7047 0
      vertex 26.2803 14.9998 16
      vertex 26.2803 14.9998 0
    endloop
  endfacet
  facet normal -0.980785 0.195093 0
    outer loop
      vertex 26.2803 14.9998 16
      vertex 26.2216 14.7047 0
      vertex 26.2216 14.7047 16
    endloop
  endfacet
  facet normal -0.997854 0.0654821 0
    outer loop
      vertex 26.2803 14.9998 0
      vertex 26.3 15.3 16
      vertex 26.3 15.3 0
    endloop
  endfacet
  facet normal -0.997854 0.0654821 0
    outer loop
      vertex 26.3 15.3 16
      vertex 26.2803 14.9998 0
      vertex 26.2803 14.9998 16
    endloop
  endfacet
  facet normal -1 0 0
    outer loop
      vertex 26.3 15.3 0
      vertex 26.3 21.7 16
      vertex 26.3 21.7 0
    endloop
  endfacet
  facet normal -1 -0 0
    outer loop
      vertex 26.3 21.7 16
      vertex 26.3 15.3 0
      vertex 26.3 15.3 16
    endloop
  endfacet
  facet normal 0 1 -0
    outer loop
      vertex 32.7 21.7 0
      vertex 26.3 21.7 16
      vertex 32.7 21.7 16
    endloop
  endfacet
  facet normal 0 1 0
    outer loop
      vertex 26.3 21.7 16
      vertex 32.7 21.7 0
      vertex 26.3 21.7 0
    endloop
  endfacet
  facet normal -0.0654821 0.997854 0
    outer loop
      vertex 33.0002 21.7197 0
      vertex 32.7 21.7 16
      vertex 33.0002 21.7197 16
    endloop
  endfacet
  facet normal -0.0654821 0.997854 0
    outer loop
      vertex 32.7 21.7 16
      vertex 33.0002 21.7197 0
      vertex 32.7 21.7 0
    endloop
  endfacet
  facet normal -0.195093 0.980785 0
    outer loop
      vertex 33.2953 21.7784 0
      vertex 33.0002 21.7197 16
      vertex 33.2953 21.7784 16
    endloop
  endfacet
  facet normal -0.195093 0.980785 0
    outer loop
      vertex 33.0002 21.7197 16
      vertex 33.2953 21.7784 0
      vertex 33.0002 21.7197 0
    endloop
  endfacet
  facet normal -0.321408 0.946941 0
    outer loop
      vertex 33.5802 21.8751 0
      vertex 33.2953 21.7784 16
      vertex 33.5802 21.8751 16
    endloop
  endfacet
  facet normal -0.321408 0.946941 0
    outer loop
      vertex 33.2953 21.7784 16
      vertex 33.5802 21.8751 0
      vertex 33.2953 21.7784 0
    endloop
  endfacet
  facet normal -0.442153 0.89694 0
    outer loop
      vertex 33.85 22.0081 0
      vertex 33.5802 21.8751 16
      vertex 33.85 22.0081 16
    endloop
  endfacet
  facet normal -0.442153 0.89694 0
    outer loop
      vertex 33.5802 21.8751 16
      vertex 33.85 22.0081 0
      vertex 33.5802 21.8751 0
    endloop
  endfacet
  facet normal -0.555774 0.831334 0
    outer loop
      vertex 34.1001 22.1753 0
      vertex 33.85 22.0081 16
      vertex 34.1001 22.1753 16
    endloop
  endfacet
  facet normal -0.555774 0.831334 0
    outer loop
      vertex 33.85 22.0081 16
      vertex 34.1001 22.1753 0
      vertex 33.85 22.0081 0
    endloop
  endfacet
  facet normal -0.659398 0.751794 0
    outer loop
      vertex 34.3263 22.3737 0
      vertex 34.1001 22.1753 16
      vertex 34.3263 22.3737 16
    endloop
  endfacet
  facet normal -0.659398 0.751794 0
    outer loop
      vertex 34.1001 22.1753 16
      vertex 34.3263 22.3737 0
      vertex 34.1001 22.1753 0
    endloop
  endfacet
  facet normal -0.751794 0.659398 0
    outer loop
      vertex 34.3263 22.3737 0
      vertex 34.5247 22.5999 16
      vertex 34.5247 22.5999 0
    endloop
  endfacet
  facet normal -0.751794 0.659398 0
    outer loop
      vertex 34.5247 22.5999 16
      vertex 34.3263 22.3737 0
      vertex 34.3263 22.3737 16
    endloop
  endfacet
  facet normal -0.831487 0.555544 0
    outer loop
      vertex 34.5247 22.5999 0
      vertex 34.6918 22.85 16
      vertex 34.6918 22.85 0
    endloop
  endfacet
  facet normal -0.831487 0.555544 0
    outer loop
      vertex 34.6918 22.85 16
      vertex 34.5247 22.5999 0
      vertex 34.5247 22.5999 16
    endloop
  endfacet
  facet normal -0.896808 0.442421 0
    outer loop
      vertex 34.6918 22.85 0
      vertex 34.8249 23.1198 16
      vertex 34.8249 23.1198 0
    endloop
  endfacet
  facet normal -0.896808 0.442421 0
    outer loop
      vertex 34.8249 23.1198 16
      vertex 34.6918 22.85 0
      vertex 34.6918 22.85 16
    endloop
  endfacet
  facet normal -0.946941 0.321408 0
    outer loop
      vertex 34.8249 23.1198 0
      vertex 34.9216 23.4047 16
      vertex 34.9216 23.4047 0
    endloop
  endfacet
  facet normal -0.946941 0.321408 0
    outer loop
      vertex 34.9216 23.4047 16
      vertex 34.8249 23.1198 0
      vertex 34.8249 23.1198 16
    endloop
  endfacet
  facet normal -0.980785 0.195093 0
    outer loop
      vertex 34.9216 23.4047 0
      vertex 34.9803 23.6998 16
      vertex 34.9803 23.6998 0
    endloop
  endfacet
  facet normal -0.980785 0.195093 0
    outer loop
      vertex 34.9803 23.6998 16
      vertex 34.9216 23.4047 0
      vertex 34.9216 23.4047 16
    endloop
  endfacet
  facet normal -0.997854 0.0654821 0
    outer loop
      vertex 34.9803 23.6998 0
      vertex 35 24 16
      vertex 35 24 0
    endloop
  endfacet
  facet normal -0.997854 0.0654821 0
    outer loop
      vertex 35 24 16
      vertex 34.9803 23.6998 0
      vertex 34.9803 23.6998 16
    endloop
  endfacet
  facet normal -0.997854 -0.0654821 0
    outer loop
      vertex 35 24 0
      vertex 34.9803 24.3002 16
      vertex 34.9803 24.3002 0
    endloop
  endfacet
  facet normal -0.997854 -0.0654821 0
    outer loop
      vertex 34.9803 24.3002 16
      vertex 35 24 0
      vertex 35 24 16
    endloop
  endfacet
  facet normal -0.980785 -0.195093 0
    outer loop
      vertex 34.9803 24.3002 0
      vertex 34.9216 24.5953 16
      vertex 34.9216 24.5953 0
    endloop
  endfacet
  facet normal -0.980785 -0.195093 0
    outer loop
      vertex 34.9216 24.5953 16
      vertex 34.9803 24.3002 0
      vertex 34.9803 24.3002 16
    endloop
  endfacet
  facet normal -0.946941 -0.321408 0
    outer loop
      vertex 34.9216 24.5953 0
      vertex 34.8249 24.8802 16
      vertex 34.8249 24.8802 0
    endloop
  endfacet
  facet normal -0.946941 -0.321408 0
    outer loop
      vertex 34.8249 24.8802 16
      vertex 34.9216 24.5953 0
      vertex 34.9216 24.5953 16
    endloop
  endfacet
  facet normal -0.896808 -0.442421 0
    outer loop
      vertex 34.8249 24.8802 0
      vertex 34.6918 25.15 16
      vertex 34.6918 25.15 0
    endloop
  endfacet
  facet normal -0.896808 -0.442421 0
    outer loop
      vertex 34.6918 25.15 16
      vertex 34.8249 24.8802 0
      vertex 34.8249 24.8802 16
    endloop
  endfacet
  facet normal -0.831487 -0.555544 0
    outer loop
      vertex 34.6918 25.15 0
      vertex 34.5247 25.4001 16
      vertex 34.5247 25.4001 0
    endloop
  endfacet
  facet normal -0.831487 -0.555544 0
    outer loop
      vertex 34.5247 25.4001 16
      vertex 34.6918 25.15 0
      vertex 34.6918 25.15 16
    endloop
  endfacet
  facet normal -0.751794 -0.659398 0
    outer loop
      vertex 34.5247 25.4001 0
      vertex 34.3263 25.6263 16
      vertex 34.3263 25.6263 0
    endloop
  endfacet
  facet normal -0.751794 -0.659398 0
    outer loop
      vertex 34.3263 25.6263 16
      vertex 34.5247 25.4001 0
      vertex 34.5247 25.4001 16
    endloop
  endfacet
  facet normal -0.659398 -0.751794 0
    outer loop
      vertex 34.1001 25.8247 0
      vertex 34.3263 25.6263 16
      vertex 34.1001 25.8247 16
    endloop
  endfacet
  facet normal -0.659398 -0.751794 -0
    outer loop
      vertex 34.3263 25.6263 16
      vertex 34.1001 25.8247 0
      vertex 34.3263 25.6263 0
    endloop
  endfacet
  facet normal -0.555774 -0.831334 0
    outer loop
      vertex 33.85 25.9919 0
      vertex 34.1001 25.8247 16
      vertex 33.85 25.9919 16
    endloop
  endfacet
  facet normal -0.555774 -0.831334 -0
    outer loop
      vertex 34.1001 25.8247 16
      vertex 33.85 25.9919 0
      vertex 34.1001 25.8247 0
    endloop
  endfacet
  facet normal -0.442153 -0.89694 0
    outer loop
      vertex 33.5802 26.1249 0
      vertex 33.85 25.9919 16
      vertex 33.5802 26.1249 16
    endloop
  endfacet
  facet normal -0.442153 -0.89694 -0
    outer loop
      vertex 33.85 25.9919 16
      vertex 33.5802 26.1249 0
      vertex 33.85 25.9919 0
    endloop
  endfacet
  facet normal -0.321408 -0.946941 0
    outer loop
      vertex 33.2953 26.2216 0
      vertex 33.5802 26.1249 16
      vertex 33.2953 26.2216 16
    endloop
  endfacet
  facet normal -0.321408 -0.946941 -0
    outer loop
      vertex 33.5802 26.1249 16
      vertex 33.2953 26.2216 0
      vertex 33.5802 26.1249 0
    endloop
  endfacet
  facet normal -0.195093 -0.980785 0
    outer loop
      vertex 33.0002 26.2803 0
      vertex 33.2953 26.2216 16
      vertex 33.0002 26.2803 16
    endloop
  endfacet
  facet normal -0.195093 -0.980785 -0
    outer loop
      vertex 33.2953 26.2216 16
      vertex 33.0002 26.2803 0
      vertex 33.2953 26.2216 0
    endloop
  endfacet
  facet normal -0.0654821 -0.997854 0
    outer loop
      vertex 32.7 26.3 0
      vertex 33.0002 26.2803 16
      vertex 32.7 26.3 16
    endloop
  endfacet
  facet normal -0.0654821 -0.997854 -0
    outer loop
      vertex 33.0002 26.2803 16
      vertex 32.7 26.3 0
      vertex 33.0002 26.2803 0
    endloop
  endfacet
  facet normal 0 -1 0
    outer loop
      vertex 26.3 26.3 0
      vertex 32.7 26.3 16
      vertex 26.3 26.3 16
    endloop
  endfacet
  facet normal 0 -1 -0
    outer loop
      vertex 32.7 26.3 16
      vertex 26.3 26.3 0
      vertex 32.7 26.3 0
    endloop
  endfacet
  facet normal -1 0 0
    outer loop
      vertex 26.3 26.3 0
      vertex 26.3 32.7 16
      vertex 26.3 32.7 0
    endloop
  endfacet
  facet normal -1 -0 0
    outer loop
      vertex 26.3 32.7 16
      vertex 26.3 26.3 0
      vertex 26.3 26.3 16
    endloop
  endfacet
  facet normal -0.997854 -0.0654821 0
    outer loop
      vertex 26.3 32.7 0
      vertex 26.2803 33.0002 16
      vertex 26.2803 33.0002 0
    endloop
  endfacet
  facet normal -0.997854 -0.0654821 0
    outer loop
      vertex 26.2803 33.0002 16
      vertex 26.3 32.7 0
      vertex 26.3 32.7 16
    endloop
  endfacet
  facet normal -0.980785 -0.195093 0
    outer loop
      vertex 26.2803 33.0002 0
      vertex 26.2216 33.2953 16
      vertex 26.2216 33.2953 0
    endloop
  endfacet
  facet normal -0.980785 -0.195093 0
    outer loop
      vertex 26.2216 33.2953 16
      vertex 26.2803 33.0002 0
      vertex 26.2803 33.0002 16
    endloop
  endfacet
  facet normal -0.946941 -0.321408 0
    outer loop
      vertex 26.2216 33.2953 0
      vertex 26.1249 33.5802 16
      vertex 26.1249 33.5802 0
    endloop
  endfacet
  facet normal -0.946941 -0.321408 0
    outer loop
      vertex 26.1249 33.5802 16
      vertex 26.2216 33.2953 0
      vertex 26.2216 33.2953 16
    endloop
  endfacet
  facet normal -0.89694 -0.442153 0
    outer loop
      vertex 26.1249 33.5802 0
      vertex 25.9919 33.85 16
      vertex 25.9919 33.85 0
    endloop
  endfacet
  facet normal -0.89694 -0.442153 0
    outer loop
      vertex 25.9919 33.85 16
      vertex 26.1249 33.5802 0
      vertex 26.1249 33.5802 16
    endloop
  endfacet
  facet normal -0.831334 -0.555774 0
    outer loop
      vertex 25.9919 33.85 0
      vertex 25.8247 34.1001 16
      vertex 25.8247 34.1001 0
    endloop
  endfacet
  facet normal -0.831334 -0.555774 0
    outer loop
      vertex 25.8247 34.1001 16
      vertex 25.9919 33.85 0
      vertex 25.9919 33.85 16
    endloop
  endfacet
  facet normal -0.751794 -0.659398 0
    outer loop
      vertex 25.8247 34.1001 0
      vertex 25.6263 34.3263 16
      vertex 25.6263 34.3263 0
    endloop
  endfacet
  facet normal -0.751794 -0.659398 0
    outer loop
      vertex 25.6263 34.3263 16
      vertex 25.8247 34.1001 0
      vertex 25.8247 34.1001 16
    endloop
  endfacet
  facet normal -0.659398 -0.751794 0
    outer loop
      vertex 25.4001 34.5247 0
      vertex 25.6263 34.3263 16
      vertex 25.4001 34.5247 16
    endloop
  endfacet
  facet normal -0.659398 -0.751794 -0
    outer loop
      vertex 25.6263 34.3263 16
      vertex 25.4001 34.5247 0
      vertex 25.6263 34.3263 0
    endloop
  endfacet
  facet normal -0.555544 -0.831487 0
    outer loop
      vertex 25.15 34.6918 0
      vertex 25.4001 34.5247 16
      vertex 25.15 34.6918 16
    endloop
  endfacet
  facet normal -0.555544 -0.831487 -0
    outer loop
      vertex 25.4001 34.5247 16
      vertex 25.15 34.6918 0
      vertex 25.4001 34.5247 0
    endloop
  endfacet
  facet normal -0.442421 -0.896808 0
    outer loop
      vertex 24.8802 34.8249 0
      vertex 25.15 34.6918 16
      vertex 24.8802 34.8249 16
    endloop
  endfacet
  facet normal -0.442421 -0.896808 -0
    outer loop
      vertex 25.15 34.6918 16
      vertex 24.8802 34.8249 0
      vertex 25.15 34.6918 0
    endloop
  endfacet
  facet normal -0.321408 -0.946941 0
    outer loop
      vertex 24.5953 34.9216 0
      vertex 24.8802 34.8249 16
      vertex 24.5953 34.9216 16
    endloop
  endfacet
  facet normal -0.321408 -0.946941 -0
    outer loop
      vertex 24.8802 34.8249 16
      vertex 24.5953 34.9216 0
      vertex 24.8802 34.8249 0
    endloop
  endfacet
  facet normal -0.195093 -0.980785 0
    outer loop
      vertex 24.3002 34.9803 0
      vertex 24.5953 34.9216 16
      vertex 24.3002 34.9803 16
    endloop
  endfacet
  facet normal -0.195093 -0.980785 -0
    outer loop
      vertex 24.5953 34.9216 16
      vertex 24.3002 34.9803 0
      vertex 24.5953 34.9216 0
    endloop
  endfacet
  facet normal -0.0654821 -0.997854 0
    outer loop
      vertex 24 35 0
      vertex 24.3002 34.9803 16
      vertex 24 35 16
    endloop
  endfacet
  facet normal -0.0654821 -0.997854 -0
    outer loop
      vertex 24.3002 34.9803 16
      vertex 24 35 0
      vertex 24.3002 34.9803 0
    endloop
  endfacet
  facet normal 0.0654821 -0.997854 0
    outer loop
      vertex 23.6998 34.9803 0
      vertex 24 35 16
      vertex 23.6998 34.9803 16
    endloop
  endfacet
  facet normal 0.0654821 -0.997854 0
    outer loop
      vertex 24 35 16
      vertex 23.6998 34.9803 0
      vertex 24 35 0
    endloop
  endfacet
  facet normal 0.195093 -0.980785 0
    outer loop
      vertex 23.4047 34.9216 0
      vertex 23.6998 34.9803 16
      vertex 23.4047 34.9216 16
    endloop
  endfacet
  facet normal 0.195093 -0.980785 0
    outer loop
      vertex 23.6998 34.9803 16
      vertex 23.4047 34.9216 0
      vertex 23.6998 34.9803 0
    endloop
  endfacet
  facet normal 0.321408 -0.946941 0
    outer loop
      vertex 23.1198 34.8249 0
      vertex 23.4047 34.9216 16
      vertex 23.1198 34.8249 16
    endloop
  endfacet
  facet normal 0.321408 -0.946941 0
    outer loop
      vertex 23.4047 34.9216 16
      vertex 23.1198 34.8249 0
      vertex 23.4047 34.9216 0
    endloop
  endfacet
  facet normal 0.442421 -0.896808 0
    outer loop
      vertex 22.85 34.6918 0
      vertex 23.1198 34.8249 16
      vertex 22.85 34.6918 16
    endloop
  endfacet
  facet normal 0.442421 -0.896808 0
    outer loop
      vertex 23.1198 34.8249 16
      vertex 22.85 34.6918 0
      vertex 23.1198 34.8249 0
    endloop
  endfacet
  facet normal 0.555544 -0.831487 0
    outer loop
      vertex 22.5999 34.5247 0
      vertex 22.85 34.6918 16
      vertex 22.5999 34.5247 16
    endloop
  endfacet
  facet normal 0.555544 -0.831487 0
    outer loop
      vertex 22.85 34.6918 16
      vertex 22.5999 34.5247 0
      vertex 22.85 34.6918 0
    endloop
  endfacet
  facet normal 0.659398 -0.751794 0
    outer loop
      vertex 22.3737 34.3263 0
      vertex 22.5999 34.5247 16
      vertex 22.3737 34.3263 16
    endloop
  endfacet
  facet normal 0.659398 -0.751794 0
    outer loop
      vertex 22.5999 34.5247 16
      vertex 22.3737 34.3263 0
      vertex 22.5999 34.5247 0
    endloop
  endfacet
  facet normal 0.751794 -0.659398 0
    outer loop
      vertex 22.1753 34.1001 16
      vertex 22.3737 34.3263 0
      vertex 22.3737 34.3263 16
    endloop
  endfacet
  facet normal 0.751794 -0.659398 0
    outer loop
      vertex 22.3737 34.3263 0
      vertex 22.1753 34.1001 16
      vertex 22.1753 34.1001 0
    endloop
  endfacet
  facet normal 0.831334 -0.555774 0
    outer loop
      vertex 22.0081 33.85 16
      vertex 22.1753 34.1001 0
      vertex 22.1753 34.1001 16
    endloop
  endfacet
  facet normal 0.831334 -0.555774 0
    outer loop
      vertex 22.1753 34.1001 0
      vertex 22.0081 33.85 16
      vertex 22.0081 33.85 0
    endloop
  endfacet
  facet normal 0.89694 -0.442153 0
    outer loop
      vertex 21.8751 33.5802 16
      vertex 22.0081 33.85 0
      vertex 22.0081 33.85 16
    endloop
  endfacet
  facet normal 0.89694 -0.442153 0
    outer loop
      vertex 22.0081 33.85 0
      vertex 21.8751 33.5802 16
      vertex 21.8751 33.5802 0
    endloop
  endfacet
  facet normal 0.946941 -0.321408 0
    outer loop
      vertex 21.7784 33.2953 16
      vertex 21.8751 33.5802 0
      vertex 21.8751 33.5802 16
    endloop
  endfacet
  facet normal 0.946941 -0.321408 0
    outer loop
      vertex 21.8751 33.5802 0
      vertex 21.7784 33.2953 16
      vertex 21.7784 33.2953 0
    endloop
  endfacet
  facet normal 0.980785 -0.195093 0
    outer loop
      vertex 21.7197 33.0002 16
      vertex 21.7784 33.2953 0
      vertex 21.7784 33.2953 16
    endloop
  endfacet
  facet normal 0.980785 -0.195093 0
    outer loop
      vertex 21.7784 33.2953 0
      vertex 21.7197 33.0002 16
      vertex 21.7197 33.0002 0
    endloop
  endfacet
  facet normal 0.997854 -0.0654821 0
    outer loop
      vertex 21.7 32.7 16
      vertex 21.7197 33.0002 0
      vertex 21.7197 33.0002 16
    endloop
  endfacet
  facet normal 0.997854 -0.0654821 0
    outer loop
      vertex 21.7197 33.0002 0
      vertex 21.7 32.7 16
      vertex 21.7 32.7 0
    endloop
  endfacet
  facet normal 1 -0 0
    outer loop
      vertex 21.7 26.3 16
      vertex 21.7 32.7 0
      vertex 21.7 32.7 16
    endloop
  endfacet
  facet normal 1 0 0
    outer loop
      vertex 21.7 32.7 0
      vertex 21.7 26.3 16
      vertex 21.7 26.3 0
    endloop
  endfacet
  facet normal 0 -1 0
    outer loop
      vertex 15.3 26.3 0
      vertex 21.7 26.3 16
      vertex 15.3 26.3 16
    endloop
  endfacet
  facet normal 0 -1 -0
    outer loop
      vertex 21.7 26.3 16
      vertex 15.3 26.3 0
      vertex 21.7 26.3 0
    endloop
  endfacet
  facet normal 0.0654821 -0.997854 0
    outer loop
      vertex 14.9998 26.2803 0
      vertex 15.3 26.3 16
      vertex 14.9998 26.2803 16
    endloop
  endfacet
  facet normal 0.0654821 -0.997854 0
    outer loop
      vertex 15.3 26.3 16
      vertex 14.9998 26.2803 0
      vertex 15.3 26.3 0
    endloop
  endfacet
  facet normal 0.195093 -0.980785 0
    outer loop
      vertex 14.7047 26.2216 0
      vertex 14.9998 26.2803 16
      vertex 14.7047 26.2216 16
    endloop
  endfacet
  facet normal 0.195093 -0.980785 0
    outer loop
      vertex 14.9998 26.2803 16
      vertex 14.7047 26.2216 0
      vertex 14.9998 26.2803 0
    endloop
  endfacet
  facet normal 0.321408 -0.946941 0
    outer loop
      vertex 14.4198 26.1249 0
      vertex 14.7047 26.2216 16
      vertex 14.4198 26.1249 16
    endloop
  endfacet
  facet normal 0.321408 -0.946941 0
    outer loop
      vertex 14.7047 26.2216 16
      vertex 14.4198 26.1249 0
      vertex 14.7047 26.2216 0
    endloop
  endfacet
  facet normal 0.442153 -0.89694 0
    outer loop
      vertex 14.15 25.9919 0
      vertex 14.4198 26.1249 16
      vertex 14.15 25.9919 16
    endloop
  endfacet
  facet normal 0.442153 -0.89694 0
    outer loop
      vertex 14.4198 26.1249 16
      vertex 14.15 25.9919 0
      vertex 14.4198 26.1249 0
    endloop
  endfacet
  facet normal 0.555774 -0.831334 0
    outer loop
      vertex 13.8999 25.8247 0
      vertex 14.15 25.9919 16
      vertex 13.8999 25.8247 16
    endloop
  endfacet
  facet normal 0.555774 -0.831334 0
    outer loop
      vertex 14.15 25.9919 16
      vertex 13.8999 25.8247 0
      vertex 14.15 25.9919 0
    endloop
  endfacet
  facet normal 0.659398 -0.751794 0
    outer loop
      vertex 13.6737 25.6263 0
      vertex 13.8999 25.8247 16
      vertex 13.6737 25.6263 16
    endloop
  endfacet
  facet normal 0.659398 -0.751794 0
    outer loop
      vertex 13.8999 25.8247 16
      vertex 13.6737 25.6263 0
      vertex 13.8999 25.8247 0
    endloop
  endfacet
  facet normal 0.751794 -0.659398 0
    outer loop
      vertex 13.4753 25.4001 16
      vertex 13.6737 25.6263 0
      vertex 13.6737 25.6263 16
    endloop
  endfacet
  facet normal 0.751794 -0.659398 0
    outer loop
      vertex 13.6737 25.6263 0
      vertex 13.4753 25.4001 16
      vertex 13.4753 25.4001 0
    endloop
  endfacet
  facet normal 0.831487 -0.555544 0
    outer loop
      vertex 13.3082 25.15 16
      vertex 13.4753 25.4001 0
      vertex 13.4753 25.4001 16
    endloop
  endfacet
  facet normal 0.831487 -0.555544 0
    outer loop
      vertex 13.4753 25.4001 0
      vertex 13.3082 25.15 16
      vertex 13.3082 25.15 0
    endloop
  endfacet
  facet normal 0.896808 -0.442421 0
    outer loop
      vertex 13.1751 24.8802 16
      vertex 13.3082 25.15 0
      vertex 13.3082 25.15 16
    endloop
  endfacet
  facet normal 0.896808 -0.442421 0
    outer loop
      vertex 13.3082 25.15 0
      vertex 13.1751 24.8802 16
      vertex 13.1751 24.8802 0
    endloop
  endfacet
  facet normal 0.946941 -0.321408 0
    outer loop
      vertex 13.0784 24.5953 16
      vertex 13.1751 24.8802 0
      vertex 13.1751 24.8802 16
    endloop
  endfacet
  facet normal 0.946941 -0.321408 0
    outer loop
      vertex 13.1751 24.8802 0
      vertex 13.0784 24.5953 16
      vertex 13.0784 24.5953 0
    endloop
  endfacet
  facet normal 0.980785 -0.195093 0
    outer loop
      vertex 13.0197 24.3002 16
      vertex 13.0784 24.5953 0
      vertex 13.0784 24.5953 16
    endloop
  endfacet
  facet normal 0.980785 -0.195093 0
    outer loop
      vertex 13.0784 24.5953 0
      vertex 13.0197 24.3002 16
      vertex 13.0197 24.3002 0
    endloop
  endfacet
  facet normal 0.997854 -0.0654821 0
    outer loop
      vertex 13 24 16
      vertex 13.0197 24.3002 0
      vertex 13.0197 24.3002 16
    endloop
  endfacet
  facet normal 0.997854 -0.0654821 0
    outer loop
      vertex 13.0197 24.3002 0
      vertex 13 24 16
      vertex 13 24 0
    endloop
  endfacet
  facet normal 0.997854 0.0654821 0
    outer loop
      vertex 13.0197 23.6998 16
      vertex 13 24 0
      vertex 13 24 16
    endloop
  endfacet
  facet normal 0.997854 0.0654821 0
    outer loop
      vertex 13 24 0
      vertex 13.0197 23.6998 16
      vertex 13.0197 23.6998 0
    endloop
  endfacet
  facet normal 0.980785 0.195093 0
    outer loop
      vertex 13.0784 23.4047 16
      vertex 13.0197 23.6998 0
      vertex 13.0197 23.6998 16
    endloop
  endfacet
  facet normal 0.980785 0.195093 0
    outer loop
      vertex 13.0197 23.6998 0
      vertex 13.0784 23.4047 16
      vertex 13.0784 23.4047 0
    endloop
  endfacet
  facet normal 0.946941 0.321408 0
    outer loop
      vertex 13.1751 23.1198 16
      vertex 13.0784 23.4047 0
      vertex 13.0784 23.4047 16
    endloop
  endfacet
  facet normal 0.946941 0.321408 0
    outer loop
      vertex 13.0784 23.4047 0
      vertex 13.1751 23.1198 16
      vertex 13.1751 23.1198 0
    endloop
  endfacet
  facet normal 0.896808 0.442421 0
    outer loop
      vertex 13.3082 22.85 16
      vertex 13.1751 23.1198 0
      vertex 13.1751 23.1198 16
    endloop
  endfacet
  facet normal 0.896808 0.442421 0
    outer loop
      vertex 13.1751 23.1198 0
      vertex 13.3082 22.85 16
      vertex 13.3082 22.85 0
    endloop
  endfacet
  facet normal 0.831487 0.555544 0
    outer loop
      vertex 13.4753 22.5999 16
      vertex 13.3082 22.85 0
      vertex 13.3082 22.85 16
    endloop
  endfacet
  facet normal 0.831487 0.555544 0
    outer loop
      vertex 13.3082 22.85 0
      vertex 13.4753 22.5999 16
      vertex 13.4753 22.5999 0
    endloop
  endfacet
  facet normal 0.751794 0.659398 0
    outer loop
      vertex 13.6737 22.3737 16
      vertex 13.4753 22.5999 0
      vertex 13.4753 22.5999 16
    endloop
  endfacet
  facet normal 0.751794 0.659398 0
    outer loop
      vertex 13.4753 22.5999 0
      vertex 13.6737 22.3737 16
      vertex 13.6737 22.3737 0
    endloop
  endfacet
  facet normal 0.659398 0.751794 -0
    outer loop
      vertex 13.8999 22.1753 0
      vertex 13.6737 22.3737 16
      vertex 13.8999 22.1753 16
    endloop
  endfacet
  facet normal 0.659398 0.751794 0
    outer loop
      vertex 13.6737 22.3737 16
      vertex 13.8999 22.1753 0
      vertex 13.6737 22.3737 0
    endloop
  endfacet
  facet normal 0.555774 0.831334 -0
    outer loop
      vertex 14.15 22.0081 0
      vertex 13.8999 22.1753 16
      vertex 14.15 22.0081 16
    endloop
  endfacet
  facet normal 0.555774 0.831334 0
    outer loop
      vertex 13.8999 22.1753 16
      vertex 14.15 22.0081 0
      vertex 13.8999 22.1753 0
    endloop
  endfacet
  facet normal 0.442153 0.89694 -0
    outer loop
      vertex 14.4198 21.8751 0
      vertex 14.15 22.0081 16
      vertex 14.4198 21.8751 16
    endloop
  endfacet
  facet normal 0.442153 0.89694 0
    outer loop
      vertex 14.15 22.0081 16
      vertex 14.4198 21.8751 0
      vertex 14.15 22.0081 0
    endloop
  endfacet
  facet normal 0.321408 0.946941 -0
    outer loop
      vertex 14.7047 21.7784 0
      vertex 14.4198 21.8751 16
      vertex 14.7047 21.7784 16
    endloop
  endfacet
  facet normal 0.321408 0.946941 0
    outer loop
      vertex 14.4198 21.8751 16
      vertex 14.7047 21.7784 0
      vertex 14.4198 21.8751 0
    endloop
  endfacet
  facet normal 0.195093 0.980785 -0
    outer loop
      vertex 14.9998 21.7197 0
      vertex 14.7047 21.7784 16
      vertex 14.9998 21.7197 16
    endloop
  endfacet
  facet normal 0.195093 0.980785 0
    outer loop
      vertex 14.7047 21.7784 16
      vertex 14.9998 21.7197 0
      vertex 14.7047 21.7784 0
    endloop
  endfacet
  facet normal 0.0654821 0.997854 -0
    outer loop
      vertex 15.3 21.7 0
      vertex 14.9998 21.7197 16
      vertex 15.3 21.7 16
    endloop
  endfacet
  facet normal 0.0654821 0.997854 0
    outer loop
      vertex 14.9998 21.7197 16
      vertex 15.3 21.7 0
      vertex 14.9998 21.7197 0
    endloop
  endfacet
  facet normal 0 1 -0
    outer loop
      vertex 21.7 21.7 0
      vertex 15.3 21.7 16
      vertex 21.7 21.7 16
    endloop
  endfacet
  facet normal 0 1 0
    outer loop
      vertex 15.3 21.7 16
      vertex 21.7 21.7 0
      vertex 15.3 21.7 0
    endloop
  endfacet
  facet normal 1 -0 0
    outer loop
      vertex 21.7 15.3 16
      vertex 21.7 21.7 0
      vertex 21.7 21.7 16
    endloop
  endfacet
  facet normal 1 0 0
    outer loop
      vertex 21.7 21.7 0
      vertex 21.7 15.3 16
      vertex 21.7 15.3 0
    endloop
  endfacet
  facet normal 0.997854 0.0654821 0
    outer loop
      vertex 21.7197 14.9998 16
      vertex 21.7 15.3 0
      vertex 21.7 15.3 16
    endloop
  endfacet
  facet normal 0.997854 0.0654821 0
    outer loop
      vertex 21.7 15.3 0
      vertex 21.7197 14.9998 16
      vertex 21.7197 14.9998 0
    endloop
  endfacet
  facet normal 0.980785 0.195093 0
    outer loop
      vertex 21.7784 14.7047 16
      vertex 21.7197 14.9998 0
      vertex 21.7197 14.9998 16
    endloop
  endfacet
  facet normal 0.980785 0.195093 0
    outer loop
      vertex 21.7197 14.9998 0
      vertex 21.7784 14.7047 16
      vertex 21.7784 14.7047 0
    endloop
  endfacet
  facet normal 0.946941 0.321408 0
    outer loop
      vertex 21.8751 14.4198 16
      vertex 21.7784 14.7047 0
      vertex 21.7784 14.7047 16
    endloop
  endfacet
  facet normal 0.946941 0.321408 0
    outer loop
      vertex 21.7784 14.7047 0
      vertex 21.8751 14.4198 16
      vertex 21.8751 14.4198 0
    endloop
  endfacet
  facet normal 0.89694 0.442153 0
    outer loop
      vertex 22.0081 14.15 16
      vertex 21.8751 14.4198 0
      vertex 21.8751 14.4198 16
    endloop
  endfacet
  facet normal 0.89694 0.442153 0
    outer loop
      vertex 21.8751 14.4198 0
      vertex 22.0081 14.15 16
      vertex 22.0081 14.15 0
    endloop
  endfacet
  facet normal 0.831334 0.555774 0
    outer loop
      vertex 22.1753 13.8999 16
      vertex 22.0081 14.15 0
      vertex 22.0081 14.15 16
    endloop
  endfacet
  facet normal 0.831334 0.555774 0
    outer loop
      vertex 22.0081 14.15 0
      vertex 22.1753 13.8999 16
      vertex 22.1753 13.8999 0
    endloop
  endfacet
  facet normal 0.751794 0.659398 0
    outer loop
      vertex 22.3737 13.6737 16
      vertex 22.1753 13.8999 0
      vertex 22.1753 13.8999 16
    endloop
  endfacet
  facet normal 0.751794 0.659398 0
    outer loop
      vertex 22.1753 13.8999 0
      vertex 22.3737 13.6737 16
      vertex 22.3737 13.6737 0
    endloop
  endfacet
  facet normal 0.659398 0.751794 -0
    outer loop
      vertex 22.5999 13.4753 0
      vertex 22.3737 13.6737 16
      vertex 22.5999 13.4753 16
    endloop
  endfacet
  facet normal 0.659398 0.751794 0
    outer loop
      vertex 22.3737 13.6737 16
      vertex 22.5999 13.4753 0
      vertex 22.3737 13.6737 0
    endloop
  endfacet
  facet normal 0.555544 0.831487 -0
    outer loop
      vertex 22.85 13.3082 0
      vertex 22.5999 13.4753 16
      vertex 22.85 13.3082 16
    endloop
  endfacet
  facet normal 0.555544 0.831487 0
    outer loop
      vertex 22.5999 13.4753 16
      vertex 22.85 13.3082 0
      vertex 22.5999 13.4753 0
    endloop
  endfacet
  facet normal 0.442421 0.896808 -0
    outer loop
      vertex 23.1198 13.1751 0
      vertex 22.85 13.3082 16
      vertex 23.1198 13.1751 16
    endloop
  endfacet
  facet normal 0.442421 0.896808 0
    outer loop
      vertex 22.85 13.3082 16
      vertex 23.1198 13.1751 0
      vertex 22.85 13.3082 0
    endloop
  endfacet
  facet normal 0.321408 0.946941 -0
    outer loop
      vertex 23.4047 13.0784 0
      vertex 23.1198 13.1751 16
      vertex 23.4047 13.0784 16
    endloop
  endfacet
  facet normal 0.321408 0.946941 0
    outer loop
      vertex 23.1198 13.1751 16
      vertex 23.4047 13.0784 0
      vertex 23.1198 13.1751 0
    endloop
  endfacet
  facet normal 0.195093 0.980785 -0
    outer loop
      vertex 23.6998 13.0197 0
      vertex 23.4047 13.0784 16
      vertex 23.6998 13.0197 16
    endloop
  endfacet
  facet normal 0.195093 0.980785 0
    outer loop
      vertex 23.4047 13.0784 16
      vertex 23.6998 13.0197 0
      vertex 23.4047 13.0784 0
    endloop
  endfacet
  facet normal 0.0654821 0.997854 -0
    outer loop
      vertex 24 13 0
      vertex 23.6998 13.0197 16
      vertex 24 13 16
    endloop
  endfacet
  facet normal 0.0654821 0.997854 0
    outer loop
      vertex 23.6998 13.0197 16
      vertex 24 13 0
      vertex 23.6998 13.0197 0
    endloop
  endfacet
  facet normal -0.0654821 0.997854 0
    outer loop
      vertex 24.3002 13.0197 0
      vertex 24 13 16
      vertex 24.3002 13.0197 16
    endloop
  endfacet
  facet normal -0.0654821 0.997854 0
    outer loop
      vertex 24 13 16
      vertex 24.3002 13.0197 0
      vertex 24 13 0
    endloop
  endfacet
  facet normal -0.195093 0.980785 0
    outer loop
      vertex 24.5953 93.0784 0
      vertex 24.3002 93.0197 16
      vertex 24.5953 93.0784 16
    endloop
  endfacet
  facet normal -0.195093 0.980785 0
    outer loop
      vertex 24.3002 93.0197 16
      vertex 24.5953 93.0784 0
      vertex 24.3002 93.0197 0
    endloop
  endfacet
  facet normal -0.321408 0.946941 0
    outer loop
      vertex 24.8802 93.1751 0
      vertex 24.5953 93.0784 16
      vertex 24.8802 93.1751 16
    endloop
  endfacet
  facet normal -0.321408 0.946941 0
    outer loop
      vertex 24.5953 93.0784 16
      vertex 24.8802 93.1751 0
      vertex 24.5953 93.0784 0
    endloop
  endfacet
  facet normal -0.442421 0.896808 0
    outer loop
      vertex 25.15 93.3082 0
      vertex 24.8802 93.1751 16
      vertex 25.15 93.3082 16
    endloop
  endfacet
  facet normal -0.442421 0.896808 0
    outer loop
      vertex 24.8802 93.1751 16
      vertex 25.15 93.3082 0
      vertex 24.8802 93.1751 0
    endloop
  endfacet
  facet normal -0.555544 0.831487 0
    outer loop
      vertex 25.4001 93.4753 0
      vertex 25.15 93.3082 16
      vertex 25.4001 93.4753 16
    endloop
  endfacet
  facet normal -0.555544 0.831487 0
    outer loop
      vertex 25.15 93.3082 16
      vertex 25.4001 93.4753 0
      vertex 25.15 93.3082 0
    endloop
  endfacet
  facet normal -0.659398 0.751794 0
    outer loop
      vertex 25.6263 93.6737 0
      vertex 25.4001 93.4753 16
      vertex 25.6263 93.6737 16
    endloop
  endfacet
  facet normal -0.659398 0.751794 0
    outer loop
      vertex 25.4001 93.4753 16
      vertex 25.6263 93.6737 0
      vertex 25.4001 93.4753 0
    endloop
  endfacet
  facet normal -0.751794 0.659398 0
    outer loop
      vertex 25.6263 93.6737 0
      vertex 25.8247 93.8999 16
      vertex 25.8247 93.8999 0
    endloop
  endfacet
  facet normal -0.751794 0.659398 0
    outer loop
      vertex 25.8247 93.8999 16
      vertex 25.6263 93.6737 0
      vertex 25.6263 93.6737 16
    endloop
  endfacet
  facet normal -0.831334 0.555774 0
    outer loop
      vertex 25.8247 93.8999 0
      vertex 25.9919 94.15 16
      vertex 25.9919 94.15 0
    endloop
  endfacet
  facet normal -0.831334 0.555774 0
    outer loop
      vertex 25.9919 94.15 16
      vertex 25.8247 93.8999 0
      vertex 25.8247 93.8999 16
    endloop
  endfacet
  facet normal -0.89694 0.442153 0
    outer loop
      vertex 25.9919 94.15 0
      vertex 26.1249 94.4198 16
      vertex 26.1249 94.4198 0
    endloop
  endfacet
  facet normal -0.89694 0.442153 0
    outer loop
      vertex 26.1249 94.4198 16
      vertex 25.9919 94.15 0
      vertex 25.9919 94.15 16
    endloop
  endfacet
  facet normal -0.946941 0.321408 0
    outer loop
      vertex 26.1249 94.4198 0
      vertex 26.2216 94.7047 16
      vertex 26.2216 94.7047 0
    endloop
  endfacet
  facet normal -0.946941 0.321408 0
    outer loop
      vertex 26.2216 94.7047 16
      vertex 26.1249 94.4198 0
      vertex 26.1249 94.4198 16
    endloop
  endfacet
  facet normal -0.980785 0.195093 0
    outer loop
      vertex 26.2216 94.7047 0
      vertex 26.2803 94.9998 16
      vertex 26.2803 94.9998 0
    endloop
  endfacet
  facet normal -0.980785 0.195093 0
    outer loop
      vertex 26.2803 94.9998 16
      vertex 26.2216 94.7047 0
      vertex 26.2216 94.7047 16
    endloop
  endfacet
  facet normal -0.997854 0.0654821 0
    outer loop
      vertex 26.2803 94.9998 0
      vertex 26.3 95.3 16
      vertex 26.3 95.3 0
    endloop
  endfacet
  facet normal -0.997854 0.0654821 0
    outer loop
      vertex 26.3 95.3 16
      vertex 26.2803 94.9998 0
      vertex 26.2803 94.9998 16
    endloop
  endfacet
  facet normal -1 0 0
    outer loop
      vertex 26.3 95.3 0
      vertex 26.3 101.7 16
      vertex 26.3 101.7 0
    endloop
  endfacet
  facet normal -1 -0 0
    outer loop
      vertex 26.3 101.7 16
      vertex 26.3 95.3 0
      vertex 26.3 95.3 16
    endloop
  endfacet
  facet normal 0 1 -0
    outer loop
      vertex 32.7 101.7 0
      vertex 26.3 101.7 16
      vertex 32.7 101.7 16
    endloop
  endfacet
  facet normal 0 1 0
    outer loop
      vertex 26.3 101.7 16
      vertex 32.7 101.7 0
      vertex 26.3 101.7 0
    endloop
  endfacet
  facet normal -0.0664749 0.997788 0
    outer loop
      vertex 33.0002 101.72 0
      vertex 32.7 101.7 16
      vertex 33.0002 101.72 16
    endloop
  endfacet
  facet normal -0.0664749 0.997788 0
    outer loop
      vertex 32.7 101.7 16
      vertex 33.0002 101.72 0
      vertex 32.7 101.7 0
    endloop
  endfacet
  facet normal -0.192854 0.981227 0
    outer loop
      vertex 33.2953 101.778 0
      vertex 33.0002 101.72 16
      vertex 33.2953 101.778 16
    endloop
  endfacet
  facet normal -0.192854 0.981227 0
    outer loop
      vertex 33.0002 101.72 16
      vertex 33.2953 101.778 0
      vertex 33.0002 101.72 0
    endloop
  endfacet
  facet normal -0.322302 0.946637 0
    outer loop
      vertex 33.5802 101.875 0
      vertex 33.2953 101.778 16
      vertex 33.5802 101.875 16
    endloop
  endfacet
  facet normal -0.322302 0.946637 0
    outer loop
      vertex 33.2953 101.778 16
      vertex 33.5802 101.875 0
      vertex 33.2953 101.778 0
    endloop
  endfacet
  facet normal -0.442153 0.89694 0
    outer loop
      vertex 33.85 102.008 0
      vertex 33.5802 101.875 16
      vertex 33.85 102.008 16
    endloop
  endfacet
  facet normal -0.442153 0.89694 0
    outer loop
      vertex 33.5802 101.875 16
      vertex 33.85 102.008 0
      vertex 33.5802 101.875 0
    endloop
  endfacet
  facet normal -0.555314 0.831641 0
    outer loop
      vertex 34.1001 102.175 0
      vertex 33.85 102.008 16
      vertex 34.1001 102.175 16
    endloop
  endfacet
  facet normal -0.555314 0.831641 0
    outer loop
      vertex 33.85 102.008 16
      vertex 34.1001 102.175 0
      vertex 33.85 102.008 0
    endloop
  endfacet
  facet normal -0.660523 0.750806 0
    outer loop
      vertex 34.3263 102.374 0
      vertex 34.1001 102.175 16
      vertex 34.3263 102.374 16
    endloop
  endfacet
  facet normal -0.660523 0.750806 0
    outer loop
      vertex 34.1001 102.175 16
      vertex 34.3263 102.374 0
      vertex 34.1001 102.175 0
    endloop
  endfacet
  facet normal -0.751505 0.659728 0
    outer loop
      vertex 34.3263 102.374 0
      vertex 34.5247 102.6 16
      vertex 34.5247 102.6 0
    endloop
  endfacet
  facet normal -0.751505 0.659728 0
    outer loop
      vertex 34.5247 102.6 16
      vertex 34.3263 102.374 0
      vertex 34.3263 102.374 16
    endloop
  endfacet
  facet normal -0.831385 0.555697 0
    outer loop
      vertex 34.5247 102.6 0
      vertex 34.6918 102.85 16
      vertex 34.6918 102.85 0
    endloop
  endfacet
  facet normal -0.831385 0.555697 0
    outer loop
      vertex 34.6918 102.85 16
      vertex 34.5247 102.6 0
      vertex 34.5247 102.6 16
    endloop
  endfacet
  facet normal -0.896938 0.442157 0
    outer loop
      vertex 34.6918 102.85 0
      vertex 34.8249 103.12 16
      vertex 34.8249 103.12 0
    endloop
  endfacet
  facet normal -0.896938 0.442157 0
    outer loop
      vertex 34.8249 103.12 16
      vertex 34.6918 102.85 0
      vertex 34.6918 102.85 16
    endloop
  endfacet
  facet normal -0.946975 0.321307 0
    outer loop
      vertex 34.8249 103.12 0
      vertex 34.9216 103.405 16
      vertex 34.9216 103.405 0
    endloop
  endfacet
  facet normal -0.946975 0.321307 0
    outer loop
      vertex 34.9216 103.405 16
      vertex 34.8249 103.12 0
      vertex 34.8249 103.12 16
    endloop
  endfacet
  facet normal -0.980772 0.195157 0
    outer loop
      vertex 34.9216 103.405 0
      vertex 34.9803 103.7 16
      vertex 34.9803 103.7 0
    endloop
  endfacet
  facet normal -0.980772 0.195157 0
    outer loop
      vertex 34.9803 103.7 16
      vertex 34.9216 103.405 0
      vertex 34.9216 103.405 16
    endloop
  endfacet
  facet normal -0.997851 0.0655255 0
    outer loop
      vertex 34.9803 103.7 0
      vertex 35 104 16
      vertex 35 104 0
    endloop
  endfacet
  facet normal -0.997851 0.0655255 0
    outer loop
      vertex 35 104 16
      vertex 34.9803 103.7 0
      vertex 34.9803 103.7 16
    endloop
  endfacet
  facet normal -0.997851 -0.0655255 0
    outer loop
      vertex 35 104 0
      vertex 34.9803 104.3 16
      vertex 34.9803 104.3 0
    endloop
  endfacet
  facet normal -0.997851 -0.0655255 0
    outer loop
      vertex 34.9803 104.3 16
      vertex 35 104 0
      vertex 35 104 16
    endloop
  endfacet
  facet normal -0.980772 -0.195157 0
    outer loop
      vertex 34.9803 104.3 0
      vertex 34.9216 104.595 16
      vertex 34.9216 104.595 0
    endloop
  endfacet
  facet normal -0.980772 -0.195157 0
    outer loop
      vertex 34.9216 104.595 16
      vertex 34.9803 104.3 0
      vertex 34.9803 104.3 16
    endloop
  endfacet
  facet normal -0.946975 -0.321307 0
    outer loop
      vertex 34.9216 104.595 0
      vertex 34.8249 104.88 16
      vertex 34.8249 104.88 0
    endloop
  endfacet
  facet normal -0.946975 -0.321307 0
    outer loop
      vertex 34.8249 104.88 16
      vertex 34.9216 104.595 0
      vertex 34.9216 104.595 16
    endloop
  endfacet
  facet normal -0.896938 -0.442157 0
    outer loop
      vertex 34.8249 104.88 0
      vertex 34.6918 105.15 16
      vertex 34.6918 105.15 0
    endloop
  endfacet
  facet normal -0.896938 -0.442157 0
    outer loop
      vertex 34.6918 105.15 16
      vertex 34.8249 104.88 0
      vertex 34.8249 104.88 16
    endloop
  endfacet
  facet normal -0.831385 -0.555697 0
    outer loop
      vertex 34.6918 105.15 0
      vertex 34.5247 105.4 16
      vertex 34.5247 105.4 0
    endloop
  endfacet
  facet normal -0.831385 -0.555697 0
    outer loop
      vertex 34.5247 105.4 16
      vertex 34.6918 105.15 0
      vertex 34.6918 105.15 16
    endloop
  endfacet
  facet normal -0.751505 -0.659728 0
    outer loop
      vertex 34.5247 105.4 0
      vertex 34.3263 105.626 16
      vertex 34.3263 105.626 0
    endloop
  endfacet
  facet normal -0.751505 -0.659728 0
    outer loop
      vertex 34.3263 105.626 16
      vertex 34.5247 105.4 0
      vertex 34.5247 105.4 16
    endloop
  endfacet
  facet normal -0.660523 -0.750806 0
    outer loop
      vertex 34.1001 105.825 0
      vertex 34.3263 105.626 16
      vertex 34.1001 105.825 16
    endloop
  endfacet
  facet normal -0.660523 -0.750806 -0
    outer loop
      vertex 34.3263 105.626 16
      vertex 34.1001 105.825 0
      vertex 34.3263 105.626 0
    endloop
  endfacet
  facet normal -0.555314 -0.831641 0
    outer loop
      vertex 33.85 105.992 0
      vertex 34.1001 105.825 16
      vertex 33.85 105.992 16
    endloop
  endfacet
  facet normal -0.555314 -0.831641 -0
    outer loop
      vertex 34.1001 105.825 16
      vertex 33.85 105.992 0
      vertex 34.1001 105.825 0
    endloop
  endfacet
  facet normal -0.442153 -0.89694 0
    outer loop
      vertex 33.5802 106.125 0
      vertex 33.85 105.992 16
      vertex 33.5802 106.125 16
    endloop
  endfacet
  facet normal -0.442153 -0.89694 -0
    outer loop
      vertex 33.85 105.992 16
      vertex 33.5802 106.125 0
      vertex 33.85 105.992 0
    endloop
  endfacet
  facet normal -0.322302 -0.946637 0
    outer loop
      vertex 33.2953 106.222 0
      vertex 33.5802 106.125 16
      vertex 33.2953 106.222 16
    endloop
  endfacet
  facet normal -0.322302 -0.946637 -0
    outer loop
      vertex 33.5802 106.125 16
      vertex 33.2953 106.222 0
      vertex 33.5802 106.125 0
    endloop
  endfacet
  facet normal -0.192854 -0.981227 0
    outer loop
      vertex 33.0002 106.28 0
      vertex 33.2953 106.222 16
      vertex 33.0002 106.28 16
    endloop
  endfacet
  facet normal -0.192854 -0.981227 -0
    outer loop
      vertex 33.2953 106.222 16
      vertex 33.0002 106.28 0
      vertex 33.2953 106.222 0
    endloop
  endfacet
  facet normal -0.0664749 -0.997788 0
    outer loop
      vertex 32.7 106.3 0
      vertex 33.0002 106.28 16
      vertex 32.7 106.3 16
    endloop
  endfacet
  facet normal -0.0664749 -0.997788 -0
    outer loop
      vertex 33.0002 106.28 16
      vertex 32.7 106.3 0
      vertex 33.0002 106.28 0
    endloop
  endfacet
  facet normal 0 -1 0
    outer loop
      vertex 26.3 106.3 0
      vertex 32.7 106.3 16
      vertex 26.3 106.3 16
    endloop
  endfacet
  facet normal 0 -1 -0
    outer loop
      vertex 32.7 106.3 16
      vertex 26.3 106.3 0
      vertex 32.7 106.3 0
    endloop
  endfacet
  facet normal -1 0 0
    outer loop
      vertex 26.3 106.3 0
      vertex 26.3 112.7 16
      vertex 26.3 112.7 0
    endloop
  endfacet
  facet normal -1 -0 0
    outer loop
      vertex 26.3 112.7 16
      vertex 26.3 106.3 0
      vertex 26.3 106.3 16
    endloop
  endfacet
  facet normal -0.997851 -0.0655255 0
    outer loop
      vertex 26.3 112.7 0
      vertex 26.2803 113 16
      vertex 26.2803 113 0
    endloop
  endfacet
  facet normal -0.997851 -0.0655255 0
    outer loop
      vertex 26.2803 113 16
      vertex 26.3 112.7 0
      vertex 26.3 112.7 16
    endloop
  endfacet
  facet normal -0.980772 -0.195157 0
    outer loop
      vertex 26.2803 113 0
      vertex 26.2216 113.295 16
      vertex 26.2216 113.295 0
    endloop
  endfacet
  facet normal -0.980772 -0.195157 0
    outer loop
      vertex 26.2216 113.295 16
      vertex 26.2803 113 0
      vertex 26.2803 113 16
    endloop
  endfacet
  facet normal -0.946975 -0.321307 0
    outer loop
      vertex 26.2216 113.295 0
      vertex 26.1249 113.58 16
      vertex 26.1249 113.58 0
    endloop
  endfacet
  facet normal -0.946975 -0.321307 0
    outer loop
      vertex 26.1249 113.58 16
      vertex 26.2216 113.295 0
      vertex 26.2216 113.295 16
    endloop
  endfacet
  facet normal -0.897069 -0.44189 0
    outer loop
      vertex 26.1249 113.58 0
      vertex 25.9919 113.85 16
      vertex 25.9919 113.85 0
    endloop
  endfacet
  facet normal -0.897069 -0.44189 0
    outer loop
      vertex 25.9919 113.85 16
      vertex 26.1249 113.58 0
      vertex 26.1249 113.58 16
    endloop
  endfacet
  facet normal -0.831231 -0.555927 0
    outer loop
      vertex 25.9919 113.85 0
      vertex 25.8247 114.1 16
      vertex 25.8247 114.1 0
    endloop
  endfacet
  facet normal -0.831231 -0.555927 0
    outer loop
      vertex 25.8247 114.1 16
      vertex 25.9919 113.85 0
      vertex 25.9919 113.85 16
    endloop
  endfacet
  facet normal -0.751505 -0.659728 0
    outer loop
      vertex 25.8247 114.1 0
      vertex 25.6263 114.326 16
      vertex 25.6263 114.326 0
    endloop
  endfacet
  facet normal -0.751505 -0.659728 0
    outer loop
      vertex 25.6263 114.326 16
      vertex 25.8247 114.1 0
      vertex 25.8247 114.1 16
    endloop
  endfacet
  facet normal -0.660523 -0.750806 0
    outer loop
      vertex 25.4001 114.525 0
      vertex 25.6263 114.326 16
      vertex 25.4001 114.525 16
    endloop
  endfacet
  facet normal -0.660523 -0.750806 -0
    outer loop
      vertex 25.6263 114.326 16
      vertex 25.4001 114.525 0
      vertex 25.6263 114.326 0
    endloop
  endfacet
  facet normal -0.555314 -0.831641 0
    outer loop
      vertex 25.15 114.692 0
      vertex 25.4001 114.525 16
      vertex 25.15 114.692 16
    endloop
  endfacet
  facet normal -0.555314 -0.831641 -0
    outer loop
      vertex 25.4001 114.525 16
      vertex 25.15 114.692 0
      vertex 25.4001 114.525 0
    endloop
  endfacet
  facet normal -0.442153 -0.89694 0
    outer loop
      vertex 24.8802 114.825 0
      vertex 25.15 114.692 16
      vertex 24.8802 114.825 16
    endloop
  endfacet
  facet normal -0.442153 -0.89694 -0
    outer loop
      vertex 25.15 114.692 16
      vertex 24.8802 114.825 0
      vertex 25.15 114.692 0
    endloop
  endfacet
  facet normal -0.322302 -0.946637 0
    outer loop
      vertex 24.5953 114.922 0
      vertex 24.8802 114.825 16
      vertex 24.5953 114.922 16
    endloop
  endfacet
  facet normal -0.322302 -0.946637 -0
    outer loop
      vertex 24.8802 114.825 16
      vertex 24.5953 114.922 0
      vertex 24.8802 114.825 0
    endloop
  endfacet
  facet normal -0.192854 -0.981227 0
    outer loop
      vertex 24.3002 114.98 0
      vertex 24.5953 114.922 16
      vertex 24.3002 114.98 16
    endloop
  endfacet
  facet normal -0.192854 -0.981227 -0
    outer loop
      vertex 24.5953 114.922 16
      vertex 24.3002 114.98 0
      vertex 24.5953 114.922 0
    endloop
  endfacet
  facet normal -0.0664749 -0.997788 0
    outer loop
      vertex 24 115 0
      vertex 24.3002 114.98 16
      vertex 24 115 16
    endloop
  endfacet
  facet normal -0.0664749 -0.997788 -0
    outer loop
      vertex 24.3002 114.98 16
      vertex 24 115 0
      vertex 24.3002 114.98 0
    endloop
  endfacet
  facet normal 0.0664749 -0.997788 0
    outer loop
      vertex 23.6998 114.98 0
      vertex 24 115 16
      vertex 23.6998 114.98 16
    endloop
  endfacet
  facet normal 0.0664749 -0.997788 0
    outer loop
      vertex 24 115 16
      vertex 23.6998 114.98 0
      vertex 24 115 0
    endloop
  endfacet
  facet normal 0.192854 -0.981227 0
    outer loop
      vertex 23.4047 114.922 0
      vertex 23.6998 114.98 16
      vertex 23.4047 114.922 16
    endloop
  endfacet
  facet normal 0.192854 -0.981227 0
    outer loop
      vertex 23.6998 114.98 16
      vertex 23.4047 114.922 0
      vertex 23.6998 114.98 0
    endloop
  endfacet
  facet normal 0.322302 -0.946637 0
    outer loop
      vertex 23.1198 114.825 0
      vertex 23.4047 114.922 16
      vertex 23.1198 114.825 16
    endloop
  endfacet
  facet normal 0.322302 -0.946637 0
    outer loop
      vertex 23.4047 114.922 16
      vertex 23.1198 114.825 0
      vertex 23.4047 114.922 0
    endloop
  endfacet
  facet normal 0.442153 -0.89694 0
    outer loop
      vertex 22.85 114.692 0
      vertex 23.1198 114.825 16
      vertex 22.85 114.692 16
    endloop
  endfacet
  facet normal 0.442153 -0.89694 0
    outer loop
      vertex 23.1198 114.825 16
      vertex 22.85 114.692 0
      vertex 23.1198 114.825 0
    endloop
  endfacet
  facet normal 0.555314 -0.831641 0
    outer loop
      vertex 22.5999 114.525 0
      vertex 22.85 114.692 16
      vertex 22.5999 114.525 16
    endloop
  endfacet
  facet normal 0.555314 -0.831641 0
    outer loop
      vertex 22.85 114.692 16
      vertex 22.5999 114.525 0
      vertex 22.85 114.692 0
    endloop
  endfacet
  facet normal 0.660523 -0.750806 0
    outer loop
      vertex 22.3737 114.326 0
      vertex 22.5999 114.525 16
      vertex 22.3737 114.326 16
    endloop
  endfacet
  facet normal 0.660523 -0.750806 0
    outer loop
      vertex 22.5999 114.525 16
      vertex 22.3737 114.326 0
      vertex 22.5999 114.525 0
    endloop
  endfacet
  facet normal 0.751505 -0.659728 0
    outer loop
      vertex 22.1753 114.1 16
      vertex 22.3737 114.326 0
      vertex 22.3737 114.326 16
    endloop
  endfacet
  facet normal 0.751505 -0.659728 0
    outer loop
      vertex 22.3737 114.326 0
      vertex 22.1753 114.1 16
      vertex 22.1753 114.1 0
    endloop
  endfacet
  facet normal 0.831231 -0.555927 0
    outer loop
      vertex 22.0081 113.85 16
      vertex 22.1753 114.1 0
      vertex 22.1753 114.1 16
    endloop
  endfacet
  facet normal 0.831231 -0.555927 0
    outer loop
      vertex 22.1753 114.1 0
      vertex 22.0081 113.85 16
      vertex 22.0081 113.85 0
    endloop
  endfacet
  facet normal 0.897069 -0.44189 0
    outer loop
      vertex 21.8751 113.58 16
      vertex 22.0081 113.85 0
      vertex 22.0081 113.85 16
    endloop
  endfacet
  facet normal 0.897069 -0.44189 0
    outer loop
      vertex 22.0081 113.85 0
      vertex 21.8751 113.58 16
      vertex 21.8751 113.58 0
    endloop
  endfacet
  facet normal 0.946975 -0.321307 0
    outer loop
      vertex 21.7784 113.295 16
      vertex 21.8751 113.58 0
      vertex 21.8751 113.58 16
    endloop
  endfacet
  facet normal 0.946975 -0.321307 0
    outer loop
      vertex 21.8751 113.58 0
      vertex 21.7784 113.295 16
      vertex 21.7784 113.295 0
    endloop
  endfacet
  facet normal 0.980772 -0.195157 0
    outer loop
      vertex 21.7197 113 16
      vertex 21.7784 113.295 0
      vertex 21.7784 113.295 16
    endloop
  endfacet
  facet normal 0.980772 -0.195157 0
    outer loop
      vertex 21.7784 113.295 0
      vertex 21.7197 113 16
      vertex 21.7197 113 0
    endloop
  endfacet
  facet normal 0.997851 -0.0655255 0
    outer loop
      vertex 21.7 112.7 16
      vertex 21.7197 113 0
      vertex 21.7197 113 16
    endloop
  endfacet
  facet normal 0.997851 -0.0655255 0
    outer loop
      vertex 21.7197 113 0
      vertex 21.7 112.7 16
      vertex 21.7 112.7 0
    endloop
  endfacet
  facet normal 1 -0 0
    outer loop
      vertex 21.7 106.3 16
      vertex 21.7 112.7 0
      vertex 21.7 112.7 16
    endloop
  endfacet
  facet normal 1 0 0
    outer loop
      vertex 21.7 112.7 0
      vertex 21.7 106.3 16
      vertex 21.7 106.3 0
    endloop
  endfacet
  facet normal 0 -1 0
    outer loop
      vertex 15.3 106.3 0
      vertex 21.7 106.3 16
      vertex 15.3 106.3 16
    endloop
  endfacet
  facet normal 0 -1 -0
    outer loop
      vertex 21.7 106.3 16
      vertex 15.3 106.3 0
      vertex 21.7 106.3 0
    endloop
  endfacet
  facet normal 0.0664749 -0.997788 0
    outer loop
      vertex 14.9998 106.28 0
      vertex 15.3 106.3 16
      vertex 14.9998 106.28 16
    endloop
  endfacet
  facet normal 0.0664749 -0.997788 0
    outer loop
      vertex 15.3 106.3 16
      vertex 14.9998 106.28 0
      vertex 15.3 106.3 0
    endloop
  endfacet
  facet normal 0.192854 -0.981227 0
    outer loop
      vertex 14.7047 106.222 0
      vertex 14.9998 106.28 16
      vertex 14.7047 106.222 16
    endloop
  endfacet
  facet normal 0.192854 -0.981227 0
    outer loop
      vertex 14.9998 106.28 16
      vertex 14.7047 106.222 0
      vertex 14.9998 106.28 0
    endloop
  endfacet
  facet normal 0.322302 -0.946637 0
    outer loop
      vertex 14.4198 106.125 0
      vertex 14.7047 106.222 16
      vertex 14.4198 106.125 16
    endloop
  endfacet
  facet normal 0.322302 -0.946637 0
    outer loop
      vertex 14.7047 106.222 16
      vertex 14.4198 106.125 0
      vertex 14.7047 106.222 0
    endloop
  endfacet
  facet normal 0.442153 -0.89694 0
    outer loop
      vertex 14.15 105.992 0
      vertex 14.4198 106.125 16
      vertex 14.15 105.992 16
    endloop
  endfacet
  facet normal 0.442153 -0.89694 0
    outer loop
      vertex 14.4198 106.125 16
      vertex 14.15 105.992 0
      vertex 14.4198 106.125 0
    endloop
  endfacet
  facet normal 0.555314 -0.831641 0
    outer loop
      vertex 13.8999 105.825 0
      vertex 14.15 105.992 16
      vertex 13.8999 105.825 16
    endloop
  endfacet
  facet normal 0.555314 -0.831641 0
    outer loop
      vertex 14.15 105.992 16
      vertex 13.8999 105.825 0
      vertex 14.15 105.992 0
    endloop
  endfacet
  facet normal 0.660523 -0.750806 0
    outer loop
      vertex 13.6737 105.626 0
      vertex 13.8999 105.825 16
      vertex 13.6737 105.626 16
    endloop
  endfacet
  facet normal 0.660523 -0.750806 0
    outer loop
      vertex 13.8999 105.825 16
      vertex 13.6737 105.626 0
      vertex 13.8999 105.825 0
    endloop
  endfacet
  facet normal 0.751505 -0.659728 0
    outer loop
      vertex 13.4753 105.4 16
      vertex 13.6737 105.626 0
      vertex 13.6737 105.626 16
    endloop
  endfacet
  facet normal 0.751505 -0.659728 0
    outer loop
      vertex 13.6737 105.626 0
      vertex 13.4753 105.4 16
      vertex 13.4753 105.4 0
    endloop
  endfacet
  facet normal 0.831385 -0.555697 0
    outer loop
      vertex 13.3082 105.15 16
      vertex 13.4753 105.4 0
      vertex 13.4753 105.4 16
    endloop
  endfacet
  facet normal 0.831385 -0.555697 0
    outer loop
      vertex 13.4753 105.4 0
      vertex 13.3082 105.15 16
      vertex 13.3082 105.15 0
    endloop
  endfacet
  facet normal 0.896938 -0.442157 0
    outer loop
      vertex 13.1751 104.88 16
      vertex 13.3082 105.15 0
      vertex 13.3082 105.15 16
    endloop
  endfacet
  facet normal 0.896938 -0.442157 0
    outer loop
      vertex 13.3082 105.15 0
      vertex 13.1751 104.88 16
      vertex 13.1751 104.88 0
    endloop
  endfacet
  facet normal 0.946975 -0.321307 0
    outer loop
      vertex 13.0784 104.595 16
      vertex 13.1751 104.88 0
      vertex 13.1751 104.88 16
    endloop
  endfacet
  facet normal 0.946975 -0.321307 0
    outer loop
      vertex 13.1751 104.88 0
      vertex 13.0784 104.595 16
      vertex 13.0784 104.595 0
    endloop
  endfacet
  facet normal 0.980772 -0.195157 0
    outer loop
      vertex 13.0197 104.3 16
      vertex 13.0784 104.595 0
      vertex 13.0784 104.595 16
    endloop
  endfacet
  facet normal 0.980772 -0.195157 0
    outer loop
      vertex 13.0784 104.595 0
      vertex 13.0197 104.3 16
      vertex 13.0197 104.3 0
    endloop
  endfacet
  facet normal 0.997851 -0.0655255 0
    outer loop
      vertex 13 104 16
      vertex 13.0197 104.3 0
      vertex 13.0197 104.3 16
    endloop
  endfacet
  facet normal 0.997851 -0.0655255 0
    outer loop
      vertex 13.0197 104.3 0
      vertex 13 104 16
      vertex 13 104 0
    endloop
  endfacet
  facet normal 0.997851 0.0655255 0
    outer loop
      vertex 13.0197 103.7 16
      vertex 13 104 0
      vertex 13 104 16
    endloop
  endfacet
  facet normal 0.997851 0.0655255 0
    outer loop
      vertex 13 104 0
      vertex 13.0197 103.7 16
      vertex 13.0197 103.7 0
    endloop
  endfacet
  facet normal 0.980772 0.195157 0
    outer loop
      vertex 13.0784 103.405 16
      vertex 13.0197 103.7 0
      vertex 13.0197 103.7 16
    endloop
  endfacet
  facet normal 0.980772 0.195157 0
    outer loop
      vertex 13.0197 103.7 0
      vertex 13.0784 103.405 16
      vertex 13.0784 103.405 0
    endloop
  endfacet
  facet normal 0.946975 0.321307 0
    outer loop
      vertex 13.1751 103.12 16
      vertex 13.0784 103.405 0
      vertex 13.0784 103.405 16
    endloop
  endfacet
  facet normal 0.946975 0.321307 0
    outer loop
      vertex 13.0784 103.405 0
      vertex 13.1751 103.12 16
      vertex 13.1751 103.12 0
    endloop
  endfacet
  facet normal 0.896938 0.442157 0
    outer loop
      vertex 13.3082 102.85 16
      vertex 13.1751 103.12 0
      vertex 13.1751 103.12 16
    endloop
  endfacet
  facet normal 0.896938 0.442157 0
    outer loop
      vertex 13.1751 103.12 0
      vertex 13.3082 102.85 16
      vertex 13.3082 102.85 0
    endloop
  endfacet
  facet normal 0.831385 0.555697 0
    outer loop
      vertex 13.4753 102.6 16
      vertex 13.3082 102.85 0
      vertex 13.3082 102.85 16
    endloop
  endfacet
  facet normal 0.831385 0.555697 0
    outer loop
      vertex 13.3082 102.85 0
      vertex 13.4753 102.6 16
      vertex 13.4753 102.6 0
    endloop
  endfacet
  facet normal 0.751505 0.659728 0
    outer loop
      vertex 13.6737 102.374 16
      vertex 13.4753 102.6 0
      vertex 13.4753 102.6 16
    endloop
  endfacet
  facet normal 0.751505 0.659728 0
    outer loop
      vertex 13.4753 102.6 0
      vertex 13.6737 102.374 16
      vertex 13.6737 102.374 0
    endloop
  endfacet
  facet normal 0.660523 0.750806 -0
    outer loop
      vertex 13.8999 102.175 0
      vertex 13.6737 102.374 16
      vertex 13.8999 102.175 16
    endloop
  endfacet
  facet normal 0.660523 0.750806 0
    outer loop
      vertex 13.6737 102.374 16
      vertex 13.8999 102.175 0
      vertex 13.6737 102.374 0
    endloop
  endfacet
  facet normal 0.555314 0.831641 -0
    outer loop
      vertex 14.15 102.008 0
      vertex 13.8999 102.175 16
      vertex 14.15 102.008 16
    endloop
  endfacet
  facet normal 0.555314 0.831641 0
    outer loop
      vertex 13.8999 102.175 16
      vertex 14.15 102.008 0
      vertex 13.8999 102.175 0
    endloop
  endfacet
  facet normal 0.442153 0.89694 -0
    outer loop
      vertex 14.4198 101.875 0
      vertex 14.15 102.008 16
      vertex 14.4198 101.875 16
    endloop
  endfacet
  facet normal 0.442153 0.89694 0
    outer loop
      vertex 14.15 102.008 16
      vertex 14.4198 101.875 0
      vertex 14.15 102.008 0
    endloop
  endfacet
  facet normal 0.322302 0.946637 -0
    outer loop
      vertex 14.7047 101.778 0
      vertex 14.4198 101.875 16
      vertex 14.7047 101.778 16
    endloop
  endfacet
  facet normal 0.322302 0.946637 0
    outer loop
      vertex 14.4198 101.875 16
      vertex 14.7047 101.778 0
      vertex 14.4198 101.875 0
    endloop
  endfacet
  facet normal 0.192854 0.981227 -0
    outer loop
      vertex 14.9998 101.72 0
      vertex 14.7047 101.778 16
      vertex 14.9998 101.72 16
    endloop
  endfacet
  facet normal 0.192854 0.981227 0
    outer loop
      vertex 14.7047 101.778 16
      vertex 14.9998 101.72 0
      vertex 14.7047 101.778 0
    endloop
  endfacet
  facet normal 0.0664749 0.997788 -0
    outer loop
      vertex 15.3 101.7 0
      vertex 14.9998 101.72 16
      vertex 15.3 101.7 16
    endloop
  endfacet
  facet normal 0.0664749 0.997788 0
    outer loop
      vertex 14.9998 101.72 16
      vertex 15.3 101.7 0
      vertex 14.9998 101.72 0
    endloop
  endfacet
  facet normal 0 1 -0
    outer loop
      vertex 21.7 101.7 0
      vertex 15.3 101.7 16
      vertex 21.7 101.7 16
    endloop
  endfacet
  facet normal 0 1 0
    outer loop
      vertex 15.3 101.7 16
      vertex 21.7 101.7 0
      vertex 15.3 101.7 0
    endloop
  endfacet
  facet normal 1 -0 0
    outer loop
      vertex 21.7 95.3 16
      vertex 21.7 101.7 0
      vertex 21.7 101.7 16
    endloop
  endfacet
  facet normal 1 0 0
    outer loop
      vertex 21.7 101.7 0
      vertex 21.7 95.3 16
      vertex 21.7 95.3 0
    endloop
  endfacet
  facet normal 0.997854 0.0654821 0
    outer loop
      vertex 21.7197 94.9998 16
      vertex 21.7 95.3 0
      vertex 21.7 95.3 16
    endloop
  endfacet
  facet normal 0.997854 0.0654821 0
    outer loop
      vertex 21.7 95.3 0
      vertex 21.7197 94.9998 16
      vertex 21.7197 94.9998 0
    endloop
  endfacet
  facet normal 0.980785 0.195093 0
    outer loop
      vertex 21.7784 94.7047 16
      vertex 21.7197 94.9998 0
      vertex 21.7197 94.9998 16
    endloop
  endfacet
  facet normal 0.980785 0.195093 0
    outer loop
      vertex 21.7197 94.9998 0
      vertex 21.7784 94.7047 16
      vertex 21.7784 94.7047 0
    endloop
  endfacet
  facet normal 0.946941 0.321408 0
    outer loop
      vertex 21.8751 94.4198 16
      vertex 21.7784 94.7047 0
      vertex 21.7784 94.7047 16
    endloop
  endfacet
  facet normal 0.946941 0.321408 0
    outer loop
      vertex 21.7784 94.7047 0
      vertex 21.8751 94.4198 16
      vertex 21.8751 94.4198 0
    endloop
  endfacet
  facet normal 0.89694 0.442153 0
    outer loop
      vertex 22.0081 94.15 16
      vertex 21.8751 94.4198 0
      vertex 21.8751 94.4198 16
    endloop
  endfacet
  facet normal 0.89694 0.442153 0
    outer loop
      vertex 21.8751 94.4198 0
      vertex 22.0081 94.15 16
      vertex 22.0081 94.15 0
    endloop
  endfacet
  facet normal 0.831334 0.555774 0
    outer loop
      vertex 22.1753 93.8999 16
      vertex 22.0081 94.15 0
      vertex 22.0081 94.15 16
    endloop
  endfacet
  facet normal 0.831334 0.555774 0
    outer loop
      vertex 22.0081 94.15 0
      vertex 22.1753 93.8999 16
      vertex 22.1753 93.8999 0
    endloop
  endfacet
  facet normal 0.751794 0.659398 0
    outer loop
      vertex 22.3737 93.6737 16
      vertex 22.1753 93.8999 0
      vertex 22.1753 93.8999 16
    endloop
  endfacet
  facet normal 0.751794 0.659398 0
    outer loop
      vertex 22.1753 93.8999 0
      vertex 22.3737 93.6737 16
      vertex 22.3737 93.6737 0
    endloop
  endfacet
  facet normal 0.659398 0.751794 -0
    outer loop
      vertex 22.5999 93.4753 0
      vertex 22.3737 93.6737 16
      vertex 22.5999 93.4753 16
    endloop
  endfacet
  facet normal 0.659398 0.751794 0
    outer loop
      vertex 22.3737 93.6737 16
      vertex 22.5999 93.4753 0
      vertex 22.3737 93.6737 0
    endloop
  endfacet
  facet normal 0.555544 0.831487 -0
    outer loop
      vertex 22.85 93.3082 0
      vertex 22.5999 93.4753 16
      vertex 22.85 93.3082 16
    endloop
  endfacet
  facet normal 0.555544 0.831487 0
    outer loop
      vertex 22.5999 93.4753 16
      vertex 22.85 93.3082 0
      vertex 22.5999 93.4753 0
    endloop
  endfacet
  facet normal 0.442421 0.896808 -0
    outer loop
      vertex 23.1198 93.1751 0
      vertex 22.85 93.3082 16
      vertex 23.1198 93.1751 16
    endloop
  endfacet
  facet normal 0.442421 0.896808 0
    outer loop
      vertex 22.85 93.3082 16
      vertex 23.1198 93.1751 0
      vertex 22.85 93.3082 0
    endloop
  endfacet
  facet normal 0.321408 0.946941 -0
    outer loop
      vertex 23.4047 93.0784 0
      vertex 23.1198 93.1751 16
      vertex 23.4047 93.0784 16
    endloop
  endfacet
  facet normal 0.321408 0.946941 0
    outer loop
      vertex 23.1198 93.1751 16
      vertex 23.4047 93.0784 0
      vertex 23.1198 93.1751 0
    endloop
  endfacet
  facet normal 0.195093 0.980785 -0
    outer loop
      vertex 23.6998 93.0197 0
      vertex 23.4047 93.0784 16
      vertex 23.6998 93.0197 16
    endloop
  endfacet
  facet normal 0.195093 0.980785 0
    outer loop
      vertex 23.4047 93.0784 16
      vertex 23.6998 93.0197 0
      vertex 23.4047 93.0784 0
    endloop
  endfacet
  facet normal 0.0654821 0.997854 -0
    outer loop
      vertex 24 93 0
      vertex 23.6998 93.0197 16
      vertex 24 93 16
    endloop
  endfacet
  facet normal 0.0654821 0.997854 0
    outer loop
      vertex 23.6998 93.0197 16
      vertex 24 93 0
      vertex 23.6998 93.0197 0
    endloop
  endfacet
  facet normal -0.0654821 0.997854 0
    outer loop
      vertex 24.3002 93.0197 0
      vertex 24 93 16
      vertex 24.3002 93.0197 16
    endloop
  endfacet
  facet normal -0.0654821 0.997854 0
    outer loop
      vertex 24 93 16
      vertex 24.3002 93.0197 0
      vertex 24 93 0
    endloop
  endfacet
  facet normal -0.195157 0.980772 0
    outer loop
      vertex 232.595 13.0784 0
      vertex 232.3 13.0197 16
      vertex 232.595 13.0784 16
    endloop
  endfacet
  facet normal -0.195157 0.980772 0
    outer loop
      vertex 232.3 13.0197 16
      vertex 232.595 13.0784 0
      vertex 232.3 13.0197 0
    endloop
  endfacet
  facet normal -0.321307 0.946975 0
    outer loop
      vertex 232.88 13.1751 0
      vertex 232.595 13.0784 16
      vertex 232.88 13.1751 16
    endloop
  endfacet
  facet normal -0.321307 0.946975 0
    outer loop
      vertex 232.595 13.0784 16
      vertex 232.88 13.1751 0
      vertex 232.595 13.0784 0
    endloop
  endfacet
  facet normal -0.442157 0.896938 0
    outer loop
      vertex 233.15 13.3082 0
      vertex 232.88 13.1751 16
      vertex 233.15 13.3082 16
    endloop
  endfacet
  facet normal -0.442157 0.896938 0
    outer loop
      vertex 232.88 13.1751 16
      vertex 233.15 13.3082 0
      vertex 232.88 13.1751 0
    endloop
  endfacet
  facet normal -0.555697 0.831385 0
    outer loop
      vertex 233.4 13.4753 0
      vertex 233.15 13.3082 16
      vertex 233.4 13.4753 16
    endloop
  endfacet
  facet normal -0.555697 0.831385 0
    outer loop
      vertex 233.15 13.3082 16
      vertex 233.4 13.4753 0
      vertex 233.15 13.3082 0
    endloop
  endfacet
  facet normal -0.659728 0.751505 0
    outer loop
      vertex 233.626 13.6737 0
      vertex 233.4 13.4753 16
      vertex 233.626 13.6737 16
    endloop
  endfacet
  facet normal -0.659728 0.751505 0
    outer loop
      vertex 233.4 13.4753 16
      vertex 233.626 13.6737 0
      vertex 233.4 13.4753 0
    endloop
  endfacet
  facet normal -0.750806 0.660523 0
    outer loop
      vertex 233.626 13.6737 0
      vertex 233.825 13.8999 16
      vertex 233.825 13.8999 0
    endloop
  endfacet
  facet normal -0.750806 0.660523 0
    outer loop
      vertex 233.825 13.8999 16
      vertex 233.626 13.6737 0
      vertex 233.626 13.6737 16
    endloop
  endfacet
  facet normal -0.831641 0.555314 0
    outer loop
      vertex 233.825 13.8999 0
      vertex 233.992 14.15 16
      vertex 233.992 14.15 0
    endloop
  endfacet
  facet normal -0.831641 0.555314 0
    outer loop
      vertex 233.992 14.15 16
      vertex 233.825 13.8999 0
      vertex 233.825 13.8999 16
    endloop
  endfacet
  facet normal -0.89694 0.442153 0
    outer loop
      vertex 233.992 14.15 0
      vertex 234.125 14.4198 16
      vertex 234.125 14.4198 0
    endloop
  endfacet
  facet normal -0.89694 0.442153 0
    outer loop
      vertex 234.125 14.4198 16
      vertex 233.992 14.15 0
      vertex 233.992 14.15 16
    endloop
  endfacet
  facet normal -0.946637 0.322302 0
    outer loop
      vertex 234.125 14.4198 0
      vertex 234.222 14.7047 16
      vertex 234.222 14.7047 0
    endloop
  endfacet
  facet normal -0.946637 0.322302 0
    outer loop
      vertex 234.222 14.7047 16
      vertex 234.125 14.4198 0
      vertex 234.125 14.4198 16
    endloop
  endfacet
  facet normal -0.981227 0.192854 0
    outer loop
      vertex 234.222 14.7047 0
      vertex 234.28 14.9998 16
      vertex 234.28 14.9998 0
    endloop
  endfacet
  facet normal -0.981227 0.192854 0
    outer loop
      vertex 234.28 14.9998 16
      vertex 234.222 14.7047 0
      vertex 234.222 14.7047 16
    endloop
  endfacet
  facet normal -0.997788 0.0664749 0
    outer loop
      vertex 234.28 14.9998 0
      vertex 234.3 15.3 16
      vertex 234.3 15.3 0
    endloop
  endfacet
  facet normal -0.997788 0.0664749 0
    outer loop
      vertex 234.3 15.3 16
      vertex 234.28 14.9998 0
      vertex 234.28 14.9998 16
    endloop
  endfacet
  facet normal -1 0 0
    outer loop
      vertex 234.3 15.3 0
      vertex 234.3 21.7 16
      vertex 234.3 21.7 0
    endloop
  endfacet
  facet normal -1 -0 0
    outer loop
      vertex 234.3 21.7 16
      vertex 234.3 15.3 0
      vertex 234.3 15.3 16
    endloop
  endfacet
  facet normal 0 1 -0
    outer loop
      vertex 240.7 21.7 0
      vertex 234.3 21.7 16
      vertex 240.7 21.7 16
    endloop
  endfacet
  facet normal 0 1 0
    outer loop
      vertex 234.3 21.7 16
      vertex 240.7 21.7 0
      vertex 234.3 21.7 0
    endloop
  endfacet
  facet normal -0.0655255 0.997851 0
    outer loop
      vertex 241 21.7197 0
      vertex 240.7 21.7 16
      vertex 241 21.7197 16
    endloop
  endfacet
  facet normal -0.0655255 0.997851 0
    outer loop
      vertex 240.7 21.7 16
      vertex 241 21.7197 0
      vertex 240.7 21.7 0
    endloop
  endfacet
  facet normal -0.195157 0.980772 0
    outer loop
      vertex 241.295 21.7784 0
      vertex 241 21.7197 16
      vertex 241.295 21.7784 16
    endloop
  endfacet
  facet normal -0.195157 0.980772 0
    outer loop
      vertex 241 21.7197 16
      vertex 241.295 21.7784 0
      vertex 241 21.7197 0
    endloop
  endfacet
  facet normal -0.321307 0.946975 0
    outer loop
      vertex 241.58 21.8751 0
      vertex 241.295 21.7784 16
      vertex 241.58 21.8751 16
    endloop
  endfacet
  facet normal -0.321307 0.946975 0
    outer loop
      vertex 241.295 21.7784 16
      vertex 241.58 21.8751 0
      vertex 241.295 21.7784 0
    endloop
  endfacet
  facet normal -0.44189 0.897069 0
    outer loop
      vertex 241.85 22.0081 0
      vertex 241.58 21.8751 16
      vertex 241.85 22.0081 16
    endloop
  endfacet
  facet normal -0.44189 0.897069 0
    outer loop
      vertex 241.58 21.8751 16
      vertex 241.85 22.0081 0
      vertex 241.58 21.8751 0
    endloop
  endfacet
  facet normal -0.555927 0.831231 0
    outer loop
      vertex 242.1 22.1753 0
      vertex 241.85 22.0081 16
      vertex 242.1 22.1753 16
    endloop
  endfacet
  facet normal -0.555927 0.831231 0
    outer loop
      vertex 241.85 22.0081 16
      vertex 242.1 22.1753 0
      vertex 241.85 22.0081 0
    endloop
  endfacet
  facet normal -0.659728 0.751505 0
    outer loop
      vertex 242.326 22.3737 0
      vertex 242.1 22.1753 16
      vertex 242.326 22.3737 16
    endloop
  endfacet
  facet normal -0.659728 0.751505 0
    outer loop
      vertex 242.1 22.1753 16
      vertex 242.326 22.3737 0
      vertex 242.1 22.1753 0
    endloop
  endfacet
  facet normal -0.750806 0.660523 0
    outer loop
      vertex 242.326 22.3737 0
      vertex 242.525 22.5999 16
      vertex 242.525 22.5999 0
    endloop
  endfacet
  facet normal -0.750806 0.660523 0
    outer loop
      vertex 242.525 22.5999 16
      vertex 242.326 22.3737 0
      vertex 242.326 22.3737 16
    endloop
  endfacet
  facet normal -0.831641 0.555314 0
    outer loop
      vertex 242.525 22.5999 0
      vertex 242.692 22.85 16
      vertex 242.692 22.85 0
    endloop
  endfacet
  facet normal -0.831641 0.555314 0
    outer loop
      vertex 242.692 22.85 16
      vertex 242.525 22.5999 0
      vertex 242.525 22.5999 16
    endloop
  endfacet
  facet normal -0.89694 0.442153 0
    outer loop
      vertex 242.692 22.85 0
      vertex 242.825 23.1198 16
      vertex 242.825 23.1198 0
    endloop
  endfacet
  facet normal -0.89694 0.442153 0
    outer loop
      vertex 242.825 23.1198 16
      vertex 242.692 22.85 0
      vertex 242.692 22.85 16
    endloop
  endfacet
  facet normal -0.946637 0.322302 0
    outer loop
      vertex 242.825 23.1198 0
      vertex 242.922 23.4047 16
      vertex 242.922 23.4047 0
    endloop
  endfacet
  facet normal -0.946637 0.322302 0
    outer loop
      vertex 242.922 23.4047 16
      vertex 242.825 23.1198 0
      vertex 242.825 23.1198 16
    endloop
  endfacet
  facet normal -0.981227 0.192854 0
    outer loop
      vertex 242.922 23.4047 0
      vertex 242.98 23.6998 16
      vertex 242.98 23.6998 0
    endloop
  endfacet
  facet normal -0.981227 0.192854 0
    outer loop
      vertex 242.98 23.6998 16
      vertex 242.922 23.4047 0
      vertex 242.922 23.4047 16
    endloop
  endfacet
  facet normal -0.997788 0.0664749 0
    outer loop
      vertex 242.98 23.6998 0
      vertex 243 24 16
      vertex 243 24 0
    endloop
  endfacet
  facet normal -0.997788 0.0664749 0
    outer loop
      vertex 243 24 16
      vertex 242.98 23.6998 0
      vertex 242.98 23.6998 16
    endloop
  endfacet
  facet normal -0.997788 -0.0664749 0
    outer loop
      vertex 243 24 0
      vertex 242.98 24.3002 16
      vertex 242.98 24.3002 0
    endloop
  endfacet
  facet normal -0.997788 -0.0664749 0
    outer loop
      vertex 242.98 24.3002 16
      vertex 243 24 0
      vertex 243 24 16
    endloop
  endfacet
  facet normal -0.981227 -0.192854 0
    outer loop
      vertex 242.98 24.3002 0
      vertex 242.922 24.5953 16
      vertex 242.922 24.5953 0
    endloop
  endfacet
  facet normal -0.981227 -0.192854 0
    outer loop
      vertex 242.922 24.5953 16
      vertex 242.98 24.3002 0
      vertex 242.98 24.3002 16
    endloop
  endfacet
  facet normal -0.946637 -0.322302 0
    outer loop
      vertex 242.922 24.5953 0
      vertex 242.825 24.8802 16
      vertex 242.825 24.8802 0
    endloop
  endfacet
  facet normal -0.946637 -0.322302 0
    outer loop
      vertex 242.825 24.8802 16
      vertex 242.922 24.5953 0
      vertex 242.922 24.5953 16
    endloop
  endfacet
  facet normal -0.89694 -0.442153 0
    outer loop
      vertex 242.825 24.8802 0
      vertex 242.692 25.15 16
      vertex 242.692 25.15 0
    endloop
  endfacet
  facet normal -0.89694 -0.442153 0
    outer loop
      vertex 242.692 25.15 16
      vertex 242.825 24.8802 0
      vertex 242.825 24.8802 16
    endloop
  endfacet
  facet normal -0.831641 -0.555314 0
    outer loop
      vertex 242.692 25.15 0
      vertex 242.525 25.4001 16
      vertex 242.525 25.4001 0
    endloop
  endfacet
  facet normal -0.831641 -0.555314 0
    outer loop
      vertex 242.525 25.4001 16
      vertex 242.692 25.15 0
      vertex 242.692 25.15 16
    endloop
  endfacet
  facet normal -0.750806 -0.660523 0
    outer loop
      vertex 242.525 25.4001 0
      vertex 242.326 25.6263 16
      vertex 242.326 25.6263 0
    endloop
  endfacet
  facet normal -0.750806 -0.660523 0
    outer loop
      vertex 242.326 25.6263 16
      vertex 242.525 25.4001 0
      vertex 242.525 25.4001 16
    endloop
  endfacet
  facet normal -0.659728 -0.751505 0
    outer loop
      vertex 242.1 25.8247 0
      vertex 242.326 25.6263 16
      vertex 242.1 25.8247 16
    endloop
  endfacet
  facet normal -0.659728 -0.751505 -0
    outer loop
      vertex 242.326 25.6263 16
      vertex 242.1 25.8247 0
      vertex 242.326 25.6263 0
    endloop
  endfacet
  facet normal -0.555927 -0.831231 0
    outer loop
      vertex 241.85 25.9919 0
      vertex 242.1 25.8247 16
      vertex 241.85 25.9919 16
    endloop
  endfacet
  facet normal -0.555927 -0.831231 -0
    outer loop
      vertex 242.1 25.8247 16
      vertex 241.85 25.9919 0
      vertex 242.1 25.8247 0
    endloop
  endfacet
  facet normal -0.44189 -0.897069 0
    outer loop
      vertex 241.58 26.1249 0
      vertex 241.85 25.9919 16
      vertex 241.58 26.1249 16
    endloop
  endfacet
  facet normal -0.44189 -0.897069 -0
    outer loop
      vertex 241.85 25.9919 16
      vertex 241.58 26.1249 0
      vertex 241.85 25.9919 0
    endloop
  endfacet
  facet normal -0.321307 -0.946975 0
    outer loop
      vertex 241.295 26.2216 0
      vertex 241.58 26.1249 16
      vertex 241.295 26.2216 16
    endloop
  endfacet
  facet normal -0.321307 -0.946975 -0
    outer loop
      vertex 241.58 26.1249 16
      vertex 241.295 26.2216 0
      vertex 241.58 26.1249 0
    endloop
  endfacet
  facet normal -0.195157 -0.980772 0
    outer loop
      vertex 241 26.2803 0
      vertex 241.295 26.2216 16
      vertex 241 26.2803 16
    endloop
  endfacet
  facet normal -0.195157 -0.980772 -0
    outer loop
      vertex 241.295 26.2216 16
      vertex 241 26.2803 0
      vertex 241.295 26.2216 0
    endloop
  endfacet
  facet normal -0.0655255 -0.997851 0
    outer loop
      vertex 240.7 26.3 0
      vertex 241 26.2803 16
      vertex 240.7 26.3 16
    endloop
  endfacet
  facet normal -0.0655255 -0.997851 -0
    outer loop
      vertex 241 26.2803 16
      vertex 240.7 26.3 0
      vertex 241 26.2803 0
    endloop
  endfacet
  facet normal 0 -1 0
    outer loop
      vertex 234.3 26.3 0
      vertex 240.7 26.3 16
      vertex 234.3 26.3 16
    endloop
  endfacet
  facet normal 0 -1 -0
    outer loop
      vertex 240.7 26.3 16
      vertex 234.3 26.3 0
      vertex 240.7 26.3 0
    endloop
  endfacet
  facet normal -1 0 0
    outer loop
      vertex 234.3 26.3 0
      vertex 234.3 32.7 16
      vertex 234.3 32.7 0
    endloop
  endfacet
  facet normal -1 -0 0
    outer loop
      vertex 234.3 32.7 16
      vertex 234.3 26.3 0
      vertex 234.3 26.3 16
    endloop
  endfacet
  facet normal -0.997788 -0.0664749 0
    outer loop
      vertex 234.3 32.7 0
      vertex 234.28 33.0002 16
      vertex 234.28 33.0002 0
    endloop
  endfacet
  facet normal -0.997788 -0.0664749 0
    outer loop
      vertex 234.28 33.0002 16
      vertex 234.3 32.7 0
      vertex 234.3 32.7 16
    endloop
  endfacet
  facet normal -0.981227 -0.192854 0
    outer loop
      vertex 234.28 33.0002 0
      vertex 234.222 33.2953 16
      vertex 234.222 33.2953 0
    endloop
  endfacet
  facet normal -0.981227 -0.192854 0
    outer loop
      vertex 234.222 33.2953 16
      vertex 234.28 33.0002 0
      vertex 234.28 33.0002 16
    endloop
  endfacet
  facet normal -0.946637 -0.322302 0
    outer loop
      vertex 234.222 33.2953 0
      vertex 234.125 33.5802 16
      vertex 234.125 33.5802 0
    endloop
  endfacet
  facet normal -0.946637 -0.322302 0
    outer loop
      vertex 234.125 33.5802 16
      vertex 234.222 33.2953 0
      vertex 234.222 33.2953 16
    endloop
  endfacet
  facet normal -0.89694 -0.442153 0
    outer loop
      vertex 234.125 33.5802 0
      vertex 233.992 33.85 16
      vertex 233.992 33.85 0
    endloop
  endfacet
  facet normal -0.89694 -0.442153 0
    outer loop
      vertex 233.992 33.85 16
      vertex 234.125 33.5802 0
      vertex 234.125 33.5802 16
    endloop
  endfacet
  facet normal -0.831641 -0.555314 0
    outer loop
      vertex 233.992 33.85 0
      vertex 233.825 34.1001 16
      vertex 233.825 34.1001 0
    endloop
  endfacet
  facet normal -0.831641 -0.555314 0
    outer loop
      vertex 233.825 34.1001 16
      vertex 233.992 33.85 0
      vertex 233.992 33.85 16
    endloop
  endfacet
  facet normal -0.750806 -0.660523 0
    outer loop
      vertex 233.825 34.1001 0
      vertex 233.626 34.3263 16
      vertex 233.626 34.3263 0
    endloop
  endfacet
  facet normal -0.750806 -0.660523 0
    outer loop
      vertex 233.626 34.3263 16
      vertex 233.825 34.1001 0
      vertex 233.825 34.1001 16
    endloop
  endfacet
  facet normal -0.659728 -0.751505 0
    outer loop
      vertex 233.4 34.5247 0
      vertex 233.626 34.3263 16
      vertex 233.4 34.5247 16
    endloop
  endfacet
  facet normal -0.659728 -0.751505 -0
    outer loop
      vertex 233.626 34.3263 16
      vertex 233.4 34.5247 0
      vertex 233.626 34.3263 0
    endloop
  endfacet
  facet normal -0.555697 -0.831385 0
    outer loop
      vertex 233.15 34.6918 0
      vertex 233.4 34.5247 16
      vertex 233.15 34.6918 16
    endloop
  endfacet
  facet normal -0.555697 -0.831385 -0
    outer loop
      vertex 233.4 34.5247 16
      vertex 233.15 34.6918 0
      vertex 233.4 34.5247 0
    endloop
  endfacet
  facet normal -0.442157 -0.896938 0
    outer loop
      vertex 232.88 34.8249 0
      vertex 233.15 34.6918 16
      vertex 232.88 34.8249 16
    endloop
  endfacet
  facet normal -0.442157 -0.896938 -0
    outer loop
      vertex 233.15 34.6918 16
      vertex 232.88 34.8249 0
      vertex 233.15 34.6918 0
    endloop
  endfacet
  facet normal -0.321307 -0.946975 0
    outer loop
      vertex 232.595 34.9216 0
      vertex 232.88 34.8249 16
      vertex 232.595 34.9216 16
    endloop
  endfacet
  facet normal -0.321307 -0.946975 -0
    outer loop
      vertex 232.88 34.8249 16
      vertex 232.595 34.9216 0
      vertex 232.88 34.8249 0
    endloop
  endfacet
  facet normal -0.195157 -0.980772 0
    outer loop
      vertex 232.3 34.9803 0
      vertex 232.595 34.9216 16
      vertex 232.3 34.9803 16
    endloop
  endfacet
  facet normal -0.195157 -0.980772 -0
    outer loop
      vertex 232.595 34.9216 16
      vertex 232.3 34.9803 0
      vertex 232.595 34.9216 0
    endloop
  endfacet
  facet normal -0.0655255 -0.997851 0
    outer loop
      vertex 232 35 0
      vertex 232.3 34.9803 16
      vertex 232 35 16
    endloop
  endfacet
  facet normal -0.0655255 -0.997851 -0
    outer loop
      vertex 232.3 34.9803 16
      vertex 232 35 0
      vertex 232.3 34.9803 0
    endloop
  endfacet
  facet normal 0.0655255 -0.997851 0
    outer loop
      vertex 231.7 34.9803 0
      vertex 232 35 16
      vertex 231.7 34.9803 16
    endloop
  endfacet
  facet normal 0.0655255 -0.997851 0
    outer loop
      vertex 232 35 16
      vertex 231.7 34.9803 0
      vertex 232 35 0
    endloop
  endfacet
  facet normal 0.195157 -0.980772 0
    outer loop
      vertex 231.405 34.9216 0
      vertex 231.7 34.9803 16
      vertex 231.405 34.9216 16
    endloop
  endfacet
  facet normal 0.195157 -0.980772 0
    outer loop
      vertex 231.7 34.9803 16
      vertex 231.405 34.9216 0
      vertex 231.7 34.9803 0
    endloop
  endfacet
  facet normal 0.321307 -0.946975 0
    outer loop
      vertex 231.12 34.8249 0
      vertex 231.405 34.9216 16
      vertex 231.12 34.8249 16
    endloop
  endfacet
  facet normal 0.321307 -0.946975 0
    outer loop
      vertex 231.405 34.9216 16
      vertex 231.12 34.8249 0
      vertex 231.405 34.9216 0
    endloop
  endfacet
  facet normal 0.442157 -0.896938 0
    outer loop
      vertex 230.85 34.6918 0
      vertex 231.12 34.8249 16
      vertex 230.85 34.6918 16
    endloop
  endfacet
  facet normal 0.442157 -0.896938 0
    outer loop
      vertex 231.12 34.8249 16
      vertex 230.85 34.6918 0
      vertex 231.12 34.8249 0
    endloop
  endfacet
  facet normal 0.555697 -0.831385 0
    outer loop
      vertex 230.6 34.5247 0
      vertex 230.85 34.6918 16
      vertex 230.6 34.5247 16
    endloop
  endfacet
  facet normal 0.555697 -0.831385 0
    outer loop
      vertex 230.85 34.6918 16
      vertex 230.6 34.5247 0
      vertex 230.85 34.6918 0
    endloop
  endfacet
  facet normal 0.659728 -0.751505 0
    outer loop
      vertex 230.374 34.3263 0
      vertex 230.6 34.5247 16
      vertex 230.374 34.3263 16
    endloop
  endfacet
  facet normal 0.659728 -0.751505 0
    outer loop
      vertex 230.6 34.5247 16
      vertex 230.374 34.3263 0
      vertex 230.6 34.5247 0
    endloop
  endfacet
  facet normal 0.750806 -0.660523 0
    outer loop
      vertex 230.175 34.1001 16
      vertex 230.374 34.3263 0
      vertex 230.374 34.3263 16
    endloop
  endfacet
  facet normal 0.750806 -0.660523 0
    outer loop
      vertex 230.374 34.3263 0
      vertex 230.175 34.1001 16
      vertex 230.175 34.1001 0
    endloop
  endfacet
  facet normal 0.831641 -0.555314 0
    outer loop
      vertex 230.008 33.85 16
      vertex 230.175 34.1001 0
      vertex 230.175 34.1001 16
    endloop
  endfacet
  facet normal 0.831641 -0.555314 0
    outer loop
      vertex 230.175 34.1001 0
      vertex 230.008 33.85 16
      vertex 230.008 33.85 0
    endloop
  endfacet
  facet normal 0.89694 -0.442153 0
    outer loop
      vertex 229.875 33.5802 16
      vertex 230.008 33.85 0
      vertex 230.008 33.85 16
    endloop
  endfacet
  facet normal 0.89694 -0.442153 0
    outer loop
      vertex 230.008 33.85 0
      vertex 229.875 33.5802 16
      vertex 229.875 33.5802 0
    endloop
  endfacet
  facet normal 0.946637 -0.322302 0
    outer loop
      vertex 229.778 33.2953 16
      vertex 229.875 33.5802 0
      vertex 229.875 33.5802 16
    endloop
  endfacet
  facet normal 0.946637 -0.322302 0
    outer loop
      vertex 229.875 33.5802 0
      vertex 229.778 33.2953 16
      vertex 229.778 33.2953 0
    endloop
  endfacet
  facet normal 0.981227 -0.192854 0
    outer loop
      vertex 229.72 33.0002 16
      vertex 229.778 33.2953 0
      vertex 229.778 33.2953 16
    endloop
  endfacet
  facet normal 0.981227 -0.192854 0
    outer loop
      vertex 229.778 33.2953 0
      vertex 229.72 33.0002 16
      vertex 229.72 33.0002 0
    endloop
  endfacet
  facet normal 0.997788 -0.0664749 0
    outer loop
      vertex 229.7 32.7 16
      vertex 229.72 33.0002 0
      vertex 229.72 33.0002 16
    endloop
  endfacet
  facet normal 0.997788 -0.0664749 0
    outer loop
      vertex 229.72 33.0002 0
      vertex 229.7 32.7 16
      vertex 229.7 32.7 0
    endloop
  endfacet
  facet normal 1 -0 0
    outer loop
      vertex 229.7 26.3 16
      vertex 229.7 32.7 0
      vertex 229.7 32.7 16
    endloop
  endfacet
  facet normal 1 0 0
    outer loop
      vertex 229.7 32.7 0
      vertex 229.7 26.3 16
      vertex 229.7 26.3 0
    endloop
  endfacet
  facet normal 0 -1 0
    outer loop
      vertex 223.3 26.3 0
      vertex 229.7 26.3 16
      vertex 223.3 26.3 16
    endloop
  endfacet
  facet normal 0 -1 -0
    outer loop
      vertex 229.7 26.3 16
      vertex 223.3 26.3 0
      vertex 229.7 26.3 0
    endloop
  endfacet
  facet normal 0.0655255 -0.997851 0
    outer loop
      vertex 223 26.2803 0
      vertex 223.3 26.3 16
      vertex 223 26.2803 16
    endloop
  endfacet
  facet normal 0.0655255 -0.997851 0
    outer loop
      vertex 223.3 26.3 16
      vertex 223 26.2803 0
      vertex 223.3 26.3 0
    endloop
  endfacet
  facet normal 0.195157 -0.980772 0
    outer loop
      vertex 222.705 26.2216 0
      vertex 223 26.2803 16
      vertex 222.705 26.2216 16
    endloop
  endfacet
  facet normal 0.195157 -0.980772 0
    outer loop
      vertex 223 26.2803 16
      vertex 222.705 26.2216 0
      vertex 223 26.2803 0
    endloop
  endfacet
  facet normal 0.321307 -0.946975 0
    outer loop
      vertex 222.42 26.1249 0
      vertex 222.705 26.2216 16
      vertex 222.42 26.1249 16
    endloop
  endfacet
  facet normal 0.321307 -0.946975 0
    outer loop
      vertex 222.705 26.2216 16
      vertex 222.42 26.1249 0
      vertex 222.705 26.2216 0
    endloop
  endfacet
  facet normal 0.44189 -0.897069 0
    outer loop
      vertex 222.15 25.9919 0
      vertex 222.42 26.1249 16
      vertex 222.15 25.9919 16
    endloop
  endfacet
  facet normal 0.44189 -0.897069 0
    outer loop
      vertex 222.42 26.1249 16
      vertex 222.15 25.9919 0
      vertex 222.42 26.1249 0
    endloop
  endfacet
  facet normal 0.555927 -0.831231 0
    outer loop
      vertex 221.9 25.8247 0
      vertex 222.15 25.9919 16
      vertex 221.9 25.8247 16
    endloop
  endfacet
  facet normal 0.555927 -0.831231 0
    outer loop
      vertex 222.15 25.9919 16
      vertex 221.9 25.8247 0
      vertex 222.15 25.9919 0
    endloop
  endfacet
  facet normal 0.659728 -0.751505 0
    outer loop
      vertex 221.674 25.6263 0
      vertex 221.9 25.8247 16
      vertex 221.674 25.6263 16
    endloop
  endfacet
  facet normal 0.659728 -0.751505 0
    outer loop
      vertex 221.9 25.8247 16
      vertex 221.674 25.6263 0
      vertex 221.9 25.8247 0
    endloop
  endfacet
  facet normal 0.750806 -0.660523 0
    outer loop
      vertex 221.475 25.4001 16
      vertex 221.674 25.6263 0
      vertex 221.674 25.6263 16
    endloop
  endfacet
  facet normal 0.750806 -0.660523 0
    outer loop
      vertex 221.674 25.6263 0
      vertex 221.475 25.4001 16
      vertex 221.475 25.4001 0
    endloop
  endfacet
  facet normal 0.831641 -0.555314 0
    outer loop
      vertex 221.308 25.15 16
      vertex 221.475 25.4001 0
      vertex 221.475 25.4001 16
    endloop
  endfacet
  facet normal 0.831641 -0.555314 0
    outer loop
      vertex 221.475 25.4001 0
      vertex 221.308 25.15 16
      vertex 221.308 25.15 0
    endloop
  endfacet
  facet normal 0.89694 -0.442153 0
    outer loop
      vertex 221.175 24.8802 16
      vertex 221.308 25.15 0
      vertex 221.308 25.15 16
    endloop
  endfacet
  facet normal 0.89694 -0.442153 0
    outer loop
      vertex 221.308 25.15 0
      vertex 221.175 24.8802 16
      vertex 221.175 24.8802 0
    endloop
  endfacet
  facet normal 0.946637 -0.322302 0
    outer loop
      vertex 221.078 24.5953 16
      vertex 221.175 24.8802 0
      vertex 221.175 24.8802 16
    endloop
  endfacet
  facet normal 0.946637 -0.322302 0
    outer loop
      vertex 221.175 24.8802 0
      vertex 221.078 24.5953 16
      vertex 221.078 24.5953 0
    endloop
  endfacet
  facet normal 0.981227 -0.192854 0
    outer loop
      vertex 221.02 24.3002 16
      vertex 221.078 24.5953 0
      vertex 221.078 24.5953 16
    endloop
  endfacet
  facet normal 0.981227 -0.192854 0
    outer loop
      vertex 221.078 24.5953 0
      vertex 221.02 24.3002 16
      vertex 221.02 24.3002 0
    endloop
  endfacet
  facet normal 0.997788 -0.0664749 0
    outer loop
      vertex 221 24 16
      vertex 221.02 24.3002 0
      vertex 221.02 24.3002 16
    endloop
  endfacet
  facet normal 0.997788 -0.0664749 0
    outer loop
      vertex 221.02 24.3002 0
      vertex 221 24 16
      vertex 221 24 0
    endloop
  endfacet
  facet normal 0.997788 0.0664749 0
    outer loop
      vertex 221.02 23.6998 16
      vertex 221 24 0
      vertex 221 24 16
    endloop
  endfacet
  facet normal 0.997788 0.0664749 0
    outer loop
      vertex 221 24 0
      vertex 221.02 23.6998 16
      vertex 221.02 23.6998 0
    endloop
  endfacet
  facet normal 0.981227 0.192854 0
    outer loop
      vertex 221.078 23.4047 16
      vertex 221.02 23.6998 0
      vertex 221.02 23.6998 16
    endloop
  endfacet
  facet normal 0.981227 0.192854 0
    outer loop
      vertex 221.02 23.6998 0
      vertex 221.078 23.4047 16
      vertex 221.078 23.4047 0
    endloop
  endfacet
  facet normal 0.946637 0.322302 0
    outer loop
      vertex 221.175 23.1198 16
      vertex 221.078 23.4047 0
      vertex 221.078 23.4047 16
    endloop
  endfacet
  facet normal 0.946637 0.322302 0
    outer loop
      vertex 221.078 23.4047 0
      vertex 221.175 23.1198 16
      vertex 221.175 23.1198 0
    endloop
  endfacet
  facet normal 0.89694 0.442153 0
    outer loop
      vertex 221.308 22.85 16
      vertex 221.175 23.1198 0
      vertex 221.175 23.1198 16
    endloop
  endfacet
  facet normal 0.89694 0.442153 0
    outer loop
      vertex 221.175 23.1198 0
      vertex 221.308 22.85 16
      vertex 221.308 22.85 0
    endloop
  endfacet
  facet normal 0.831641 0.555314 0
    outer loop
      vertex 221.475 22.5999 16
      vertex 221.308 22.85 0
      vertex 221.308 22.85 16
    endloop
  endfacet
  facet normal 0.831641 0.555314 0
    outer loop
      vertex 221.308 22.85 0
      vertex 221.475 22.5999 16
      vertex 221.475 22.5999 0
    endloop
  endfacet
  facet normal 0.750806 0.660523 0
    outer loop
      vertex 221.674 22.3737 16
      vertex 221.475 22.5999 0
      vertex 221.475 22.5999 16
    endloop
  endfacet
  facet normal 0.750806 0.660523 0
    outer loop
      vertex 221.475 22.5999 0
      vertex 221.674 22.3737 16
      vertex 221.674 22.3737 0
    endloop
  endfacet
  facet normal 0.659728 0.751505 -0
    outer loop
      vertex 221.9 22.1753 0
      vertex 221.674 22.3737 16
      vertex 221.9 22.1753 16
    endloop
  endfacet
  facet normal 0.659728 0.751505 0
    outer loop
      vertex 221.674 22.3737 16
      vertex 221.9 22.1753 0
      vertex 221.674 22.3737 0
    endloop
  endfacet
  facet normal 0.555927 0.831231 -0
    outer loop
      vertex 222.15 22.0081 0
      vertex 221.9 22.1753 16
      vertex 222.15 22.0081 16
    endloop
  endfacet
  facet normal 0.555927 0.831231 0
    outer loop
      vertex 221.9 22.1753 16
      vertex 222.15 22.0081 0
      vertex 221.9 22.1753 0
    endloop
  endfacet
  facet normal 0.44189 0.897069 -0
    outer loop
      vertex 222.42 21.8751 0
      vertex 222.15 22.0081 16
      vertex 222.42 21.8751 16
    endloop
  endfacet
  facet normal 0.44189 0.897069 0
    outer loop
      vertex 222.15 22.0081 16
      vertex 222.42 21.8751 0
      vertex 222.15 22.0081 0
    endloop
  endfacet
  facet normal 0.321307 0.946975 -0
    outer loop
      vertex 222.705 21.7784 0
      vertex 222.42 21.8751 16
      vertex 222.705 21.7784 16
    endloop
  endfacet
  facet normal 0.321307 0.946975 0
    outer loop
      vertex 222.42 21.8751 16
      vertex 222.705 21.7784 0
      vertex 222.42 21.8751 0
    endloop
  endfacet
  facet normal 0.195157 0.980772 -0
    outer loop
      vertex 223 21.7197 0
      vertex 222.705 21.7784 16
      vertex 223 21.7197 16
    endloop
  endfacet
  facet normal 0.195157 0.980772 0
    outer loop
      vertex 222.705 21.7784 16
      vertex 223 21.7197 0
      vertex 222.705 21.7784 0
    endloop
  endfacet
  facet normal 0.0655255 0.997851 -0
    outer loop
      vertex 223.3 21.7 0
      vertex 223 21.7197 16
      vertex 223.3 21.7 16
    endloop
  endfacet
  facet normal 0.0655255 0.997851 0
    outer loop
      vertex 223 21.7197 16
      vertex 223.3 21.7 0
      vertex 223 21.7197 0
    endloop
  endfacet
  facet normal 0 1 -0
    outer loop
      vertex 229.7 21.7 0
      vertex 223.3 21.7 16
      vertex 229.7 21.7 16
    endloop
  endfacet
  facet normal 0 1 0
    outer loop
      vertex 223.3 21.7 16
      vertex 229.7 21.7 0
      vertex 223.3 21.7 0
    endloop
  endfacet
  facet normal 1 -0 0
    outer loop
      vertex 229.7 15.3 16
      vertex 229.7 21.7 0
      vertex 229.7 21.7 16
    endloop
  endfacet
  facet normal 1 0 0
    outer loop
      vertex 229.7 21.7 0
      vertex 229.7 15.3 16
      vertex 229.7 15.3 0
    endloop
  endfacet
  facet normal 0.997788 0.0664749 0
    outer loop
      vertex 229.72 14.9998 16
      vertex 229.7 15.3 0
      vertex 229.7 15.3 16
    endloop
  endfacet
  facet normal 0.997788 0.0664749 0
    outer loop
      vertex 229.7 15.3 0
      vertex 229.72 14.9998 16
      vertex 229.72 14.9998 0
    endloop
  endfacet
  facet normal 0.981227 0.192854 0
    outer loop
      vertex 229.778 14.7047 16
      vertex 229.72 14.9998 0
      vertex 229.72 14.9998 16
    endloop
  endfacet
  facet normal 0.981227 0.192854 0
    outer loop
      vertex 229.72 14.9998 0
      vertex 229.778 14.7047 16
      vertex 229.778 14.7047 0
    endloop
  endfacet
  facet normal 0.946637 0.322302 0
    outer loop
      vertex 229.875 14.4198 16
      vertex 229.778 14.7047 0
      vertex 229.778 14.7047 16
    endloop
  endfacet
  facet normal 0.946637 0.322302 0
    outer loop
      vertex 229.778 14.7047 0
      vertex 229.875 14.4198 16
      vertex 229.875 14.4198 0
    endloop
  endfacet
  facet normal 0.89694 0.442153 0
    outer loop
      vertex 230.008 14.15 16
      vertex 229.875 14.4198 0
      vertex 229.875 14.4198 16
    endloop
  endfacet
  facet normal 0.89694 0.442153 0
    outer loop
      vertex 229.875 14.4198 0
      vertex 230.008 14.15 16
      vertex 230.008 14.15 0
    endloop
  endfacet
  facet normal 0.831641 0.555314 0
    outer loop
      vertex 230.175 13.8999 16
      vertex 230.008 14.15 0
      vertex 230.008 14.15 16
    endloop
  endfacet
  facet normal 0.831641 0.555314 0
    outer loop
      vertex 230.008 14.15 0
      vertex 230.175 13.8999 16
      vertex 230.175 13.8999 0
    endloop
  endfacet
  facet normal 0.750806 0.660523 0
    outer loop
      vertex 230.374 13.6737 16
      vertex 230.175 13.8999 0
      vertex 230.175 13.8999 16
    endloop
  endfacet
  facet normal 0.750806 0.660523 0
    outer loop
      vertex 230.175 13.8999 0
      vertex 230.374 13.6737 16
      vertex 230.374 13.6737 0
    endloop
  endfacet
  facet normal 0.659728 0.751505 -0
    outer loop
      vertex 230.6 13.4753 0
      vertex 230.374 13.6737 16
      vertex 230.6 13.4753 16
    endloop
  endfacet
  facet normal 0.659728 0.751505 0
    outer loop
      vertex 230.374 13.6737 16
      vertex 230.6 13.4753 0
      vertex 230.374 13.6737 0
    endloop
  endfacet
  facet normal 0.555697 0.831385 -0
    outer loop
      vertex 230.85 13.3082 0
      vertex 230.6 13.4753 16
      vertex 230.85 13.3082 16
    endloop
  endfacet
  facet normal 0.555697 0.831385 0
    outer loop
      vertex 230.6 13.4753 16
      vertex 230.85 13.3082 0
      vertex 230.6 13.4753 0
    endloop
  endfacet
  facet normal 0.442157 0.896938 -0
    outer loop
      vertex 231.12 13.1751 0
      vertex 230.85 13.3082 16
      vertex 231.12 13.1751 16
    endloop
  endfacet
  facet normal 0.442157 0.896938 0
    outer loop
      vertex 230.85 13.3082 16
      vertex 231.12 13.1751 0
      vertex 230.85 13.3082 0
    endloop
  endfacet
  facet normal 0.321307 0.946975 -0
    outer loop
      vertex 231.405 13.0784 0
      vertex 231.12 13.1751 16
      vertex 231.405 13.0784 16
    endloop
  endfacet
  facet normal 0.321307 0.946975 0
    outer loop
      vertex 231.12 13.1751 16
      vertex 231.405 13.0784 0
      vertex 231.12 13.1751 0
    endloop
  endfacet
  facet normal 0.195157 0.980772 -0
    outer loop
      vertex 231.7 13.0197 0
      vertex 231.405 13.0784 16
      vertex 231.7 13.0197 16
    endloop
  endfacet
  facet normal 0.195157 0.980772 0
    outer loop
      vertex 231.405 13.0784 16
      vertex 231.7 13.0197 0
      vertex 231.405 13.0784 0
    endloop
  endfacet
  facet normal 0.0655255 0.997851 -0
    outer loop
      vertex 232 13 0
      vertex 231.7 13.0197 16
      vertex 232 13 16
    endloop
  endfacet
  facet normal 0.0655255 0.997851 0
    outer loop
      vertex 231.7 13.0197 16
      vertex 232 13 0
      vertex 231.7 13.0197 0
    endloop
  endfacet
  facet normal -0.0655255 0.997851 0
    outer loop
      vertex 232.3 13.0197 0
      vertex 232 13 16
      vertex 232.3 13.0197 16
    endloop
  endfacet
  facet normal -0.0655255 0.997851 0
    outer loop
      vertex 232 13 16
      vertex 232.3 13.0197 0
      vertex 232 13 0
    endloop
  endfacet
  facet normal -0.195157 0.980772 0
    outer loop
      vertex 232.595 93.0784 0
      vertex 232.3 93.0197 16
      vertex 232.595 93.0784 16
    endloop
  endfacet
  facet normal -0.195157 0.980772 0
    outer loop
      vertex 232.3 93.0197 16
      vertex 232.595 93.0784 0
      vertex 232.3 93.0197 0
    endloop
  endfacet
  facet normal -0.321307 0.946975 0
    outer loop
      vertex 232.88 93.1751 0
      vertex 232.595 93.0784 16
      vertex 232.88 93.1751 16
    endloop
  endfacet
  facet normal -0.321307 0.946975 0
    outer loop
      vertex 232.595 93.0784 16
      vertex 232.88 93.1751 0
      vertex 232.595 93.0784 0
    endloop
  endfacet
  facet normal -0.442157 0.896938 0
    outer loop
      vertex 233.15 93.3082 0
      vertex 232.88 93.1751 16
      vertex 233.15 93.3082 16
    endloop
  endfacet
  facet normal -0.442157 0.896938 0
    outer loop
      vertex 232.88 93.1751 16
      vertex 233.15 93.3082 0
      vertex 232.88 93.1751 0
    endloop
  endfacet
  facet normal -0.555697 0.831385 0
    outer loop
      vertex 233.4 93.4753 0
      vertex 233.15 93.3082 16
      vertex 233.4 93.4753 16
    endloop
  endfacet
  facet normal -0.555697 0.831385 0
    outer loop
      vertex 233.15 93.3082 16
      vertex 233.4 93.4753 0
      vertex 233.15 93.3082 0
    endloop
  endfacet
  facet normal -0.659728 0.751505 0
    outer loop
      vertex 233.626 93.6737 0
      vertex 233.4 93.4753 16
      vertex 233.626 93.6737 16
    endloop
  endfacet
  facet normal -0.659728 0.751505 0
    outer loop
      vertex 233.4 93.4753 16
      vertex 233.626 93.6737 0
      vertex 233.4 93.4753 0
    endloop
  endfacet
  facet normal -0.750806 0.660523 0
    outer loop
      vertex 233.626 93.6737 0
      vertex 233.825 93.8999 16
      vertex 233.825 93.8999 0
    endloop
  endfacet
  facet normal -0.750806 0.660523 0
    outer loop
      vertex 233.825 93.8999 16
      vertex 233.626 93.6737 0
      vertex 233.626 93.6737 16
    endloop
  endfacet
  facet normal -0.831641 0.555314 0
    outer loop
      vertex 233.825 93.8999 0
      vertex 233.992 94.15 16
      vertex 233.992 94.15 0
    endloop
  endfacet
  facet normal -0.831641 0.555314 0
    outer loop
      vertex 233.992 94.15 16
      vertex 233.825 93.8999 0
      vertex 233.825 93.8999 16
    endloop
  endfacet
  facet normal -0.89694 0.442153 0
    outer loop
      vertex 233.992 94.15 0
      vertex 234.125 94.4198 16
      vertex 234.125 94.4198 0
    endloop
  endfacet
  facet normal -0.89694 0.442153 0
    outer loop
      vertex 234.125 94.4198 16
      vertex 233.992 94.15 0
      vertex 233.992 94.15 16
    endloop
  endfacet
  facet normal -0.946637 0.322302 0
    outer loop
      vertex 234.125 94.4198 0
      vertex 234.222 94.7047 16
      vertex 234.222 94.7047 0
    endloop
  endfacet
  facet normal -0.946637 0.322302 0
    outer loop
      vertex 234.222 94.7047 16
      vertex 234.125 94.4198 0
      vertex 234.125 94.4198 16
    endloop
  endfacet
  facet normal -0.981227 0.192854 0
    outer loop
      vertex 234.222 94.7047 0
      vertex 234.28 94.9998 16
      vertex 234.28 94.9998 0
    endloop
  endfacet
  facet normal -0.981227 0.192854 0
    outer loop
      vertex 234.28 94.9998 16
      vertex 234.222 94.7047 0
      vertex 234.222 94.7047 16
    endloop
  endfacet
  facet normal -0.997788 0.0664749 0
    outer loop
      vertex 234.28 94.9998 0
      vertex 234.3 95.3 16
      vertex 234.3 95.3 0
    endloop
  endfacet
  facet normal -0.997788 0.0664749 0
    outer loop
      vertex 234.3 95.3 16
      vertex 234.28 94.9998 0
      vertex 234.28 94.9998 16
    endloop
  endfacet
  facet normal -1 0 0
    outer loop
      vertex 234.3 95.3 0
      vertex 234.3 101.7 16
      vertex 234.3 101.7 0
    endloop
  endfacet
  facet normal -1 -0 0
    outer loop
      vertex 234.3 101.7 16
      vertex 234.3 95.3 0
      vertex 234.3 95.3 16
    endloop
  endfacet
  facet normal 0 1 -0
    outer loop
      vertex 240.7 101.7 0
      vertex 234.3 101.7 16
      vertex 240.7 101.7 16
    endloop
  endfacet
  facet normal 0 1 0
    outer loop
      vertex 234.3 101.7 16
      vertex 240.7 101.7 0
      vertex 234.3 101.7 0
    endloop
  endfacet
  facet normal -0.066519 0.997785 0
    outer loop
      vertex 241 101.72 0
      vertex 240.7 101.7 16
      vertex 241 101.72 16
    endloop
  endfacet
  facet normal -0.066519 0.997785 0
    outer loop
      vertex 240.7 101.7 16
      vertex 241 101.72 0
      vertex 240.7 101.7 0
    endloop
  endfacet
  facet normal -0.192917 0.981215 0
    outer loop
      vertex 241.295 101.778 0
      vertex 241 101.72 16
      vertex 241.295 101.778 16
    endloop
  endfacet
  facet normal -0.192917 0.981215 0
    outer loop
      vertex 241 101.72 16
      vertex 241.295 101.778 0
      vertex 241 101.72 0
    endloop
  endfacet
  facet normal -0.3222 0.946671 0
    outer loop
      vertex 241.58 101.875 0
      vertex 241.295 101.778 16
      vertex 241.58 101.875 16
    endloop
  endfacet
  facet normal -0.3222 0.946671 0
    outer loop
      vertex 241.295 101.778 16
      vertex 241.58 101.875 0
      vertex 241.295 101.778 0
    endloop
  endfacet
  facet normal -0.44189 0.897069 0
    outer loop
      vertex 241.85 102.008 0
      vertex 241.58 101.875 16
      vertex 241.85 102.008 16
    endloop
  endfacet
  facet normal -0.44189 0.897069 0
    outer loop
      vertex 241.58 101.875 16
      vertex 241.85 102.008 0
      vertex 241.58 101.875 0
    endloop
  endfacet
  facet normal -0.555468 0.831538 0
    outer loop
      vertex 242.1 102.175 0
      vertex 241.85 102.008 16
      vertex 242.1 102.175 16
    endloop
  endfacet
  facet normal -0.555468 0.831538 0
    outer loop
      vertex 241.85 102.008 16
      vertex 242.1 102.175 0
      vertex 241.85 102.008 0
    endloop
  endfacet
  facet normal -0.660852 0.750516 0
    outer loop
      vertex 242.326 102.374 0
      vertex 242.1 102.175 16
      vertex 242.326 102.374 16
    endloop
  endfacet
  facet normal -0.660852 0.750516 0
    outer loop
      vertex 242.1 102.175 16
      vertex 242.326 102.374 0
      vertex 242.1 102.175 0
    endloop
  endfacet
  facet normal -0.750516 0.660852 0
    outer loop
      vertex 242.326 102.374 0
      vertex 242.525 102.6 16
      vertex 242.525 102.6 0
    endloop
  endfacet
  facet normal -0.750516 0.660852 0
    outer loop
      vertex 242.525 102.6 16
      vertex 242.326 102.374 0
      vertex 242.326 102.374 16
    endloop
  endfacet
  facet normal -0.831538 0.555468 0
    outer loop
      vertex 242.525 102.6 0
      vertex 242.692 102.85 16
      vertex 242.692 102.85 0
    endloop
  endfacet
  facet normal -0.831538 0.555468 0
    outer loop
      vertex 242.692 102.85 16
      vertex 242.525 102.6 0
      vertex 242.525 102.6 16
    endloop
  endfacet
  facet normal -0.897069 0.44189 0
    outer loop
      vertex 242.692 102.85 0
      vertex 242.825 103.12 16
      vertex 242.825 103.12 0
    endloop
  endfacet
  facet normal -0.897069 0.44189 0
    outer loop
      vertex 242.825 103.12 16
      vertex 242.692 102.85 0
      vertex 242.692 102.85 16
    endloop
  endfacet
  facet normal -0.946671 0.3222 0
    outer loop
      vertex 242.825 103.12 0
      vertex 242.922 103.405 16
      vertex 242.922 103.405 0
    endloop
  endfacet
  facet normal -0.946671 0.3222 0
    outer loop
      vertex 242.922 103.405 16
      vertex 242.825 103.12 0
      vertex 242.825 103.12 16
    endloop
  endfacet
  facet normal -0.981215 0.192917 0
    outer loop
      vertex 242.922 103.405 0
      vertex 242.98 103.7 16
      vertex 242.98 103.7 0
    endloop
  endfacet
  facet normal -0.981215 0.192917 0
    outer loop
      vertex 242.98 103.7 16
      vertex 242.922 103.405 0
      vertex 242.922 103.405 16
    endloop
  endfacet
  facet normal -0.997785 0.066519 0
    outer loop
      vertex 242.98 103.7 0
      vertex 243 104 16
      vertex 243 104 0
    endloop
  endfacet
  facet normal -0.997785 0.066519 0
    outer loop
      vertex 243 104 16
      vertex 242.98 103.7 0
      vertex 242.98 103.7 16
    endloop
  endfacet
  facet normal -0.997785 -0.066519 0
    outer loop
      vertex 243 104 0
      vertex 242.98 104.3 16
      vertex 242.98 104.3 0
    endloop
  endfacet
  facet normal -0.997785 -0.066519 0
    outer loop
      vertex 242.98 104.3 16
      vertex 243 104 0
      vertex 243 104 16
    endloop
  endfacet
  facet normal -0.981215 -0.192917 0
    outer loop
      vertex 242.98 104.3 0
      vertex 242.922 104.595 16
      vertex 242.922 104.595 0
    endloop
  endfacet
  facet normal -0.981215 -0.192917 0
    outer loop
      vertex 242.922 104.595 16
      vertex 242.98 104.3 0
      vertex 242.98 104.3 16
    endloop
  endfacet
  facet normal -0.946671 -0.3222 0
    outer loop
      vertex 242.922 104.595 0
      vertex 242.825 104.88 16
      vertex 242.825 104.88 0
    endloop
  endfacet
  facet normal -0.946671 -0.3222 0
    outer loop
      vertex 242.825 104.88 16
      vertex 242.922 104.595 0
      vertex 242.922 104.595 16
    endloop
  endfacet
  facet normal -0.897069 -0.44189 0
    outer loop
      vertex 242.825 104.88 0
      vertex 242.692 105.15 16
      vertex 242.692 105.15 0
    endloop
  endfacet
  facet normal -0.897069 -0.44189 0
    outer loop
      vertex 242.692 105.15 16
      vertex 242.825 104.88 0
      vertex 242.825 104.88 16
    endloop
  endfacet
  facet normal -0.831538 -0.555468 0
    outer loop
      vertex 242.692 105.15 0
      vertex 242.525 105.4 16
      vertex 242.525 105.4 0
    endloop
  endfacet
  facet normal -0.831538 -0.555468 0
    outer loop
      vertex 242.525 105.4 16
      vertex 242.692 105.15 0
      vertex 242.692 105.15 16
    endloop
  endfacet
  facet normal -0.750516 -0.660852 0
    outer loop
      vertex 242.525 105.4 0
      vertex 242.326 105.626 16
      vertex 242.326 105.626 0
    endloop
  endfacet
  facet normal -0.750516 -0.660852 0
    outer loop
      vertex 242.326 105.626 16
      vertex 242.525 105.4 0
      vertex 242.525 105.4 16
    endloop
  endfacet
  facet normal -0.660852 -0.750516 0
    outer loop
      vertex 242.1 105.825 0
      vertex 242.326 105.626 16
      vertex 242.1 105.825 16
    endloop
  endfacet
  facet normal -0.660852 -0.750516 -0
    outer loop
      vertex 242.326 105.626 16
      vertex 242.1 105.825 0
      vertex 242.326 105.626 0
    endloop
  endfacet
  facet normal -0.555468 -0.831538 0
    outer loop
      vertex 241.85 105.992 0
      vertex 242.1 105.825 16
      vertex 241.85 105.992 16
    endloop
  endfacet
  facet normal -0.555468 -0.831538 -0
    outer loop
      vertex 242.1 105.825 16
      vertex 241.85 105.992 0
      vertex 242.1 105.825 0
    endloop
  endfacet
  facet normal -0.44189 -0.897069 0
    outer loop
      vertex 241.58 106.125 0
      vertex 241.85 105.992 16
      vertex 241.58 106.125 16
    endloop
  endfacet
  facet normal -0.44189 -0.897069 -0
    outer loop
      vertex 241.85 105.992 16
      vertex 241.58 106.125 0
      vertex 241.85 105.992 0
    endloop
  endfacet
  facet normal -0.3222 -0.946671 0
    outer loop
      vertex 241.295 106.222 0
      vertex 241.58 106.125 16
      vertex 241.295 106.222 16
    endloop
  endfacet
  facet normal -0.3222 -0.946671 -0
    outer loop
      vertex 241.58 106.125 16
      vertex 241.295 106.222 0
      vertex 241.58 106.125 0
    endloop
  endfacet
  facet normal -0.192917 -0.981215 0
    outer loop
      vertex 241 106.28 0
      vertex 241.295 106.222 16
      vertex 241 106.28 16
    endloop
  endfacet
  facet normal -0.192917 -0.981215 -0
    outer loop
      vertex 241.295 106.222 16
      vertex 241 106.28 0
      vertex 241.295 106.222 0
    endloop
  endfacet
  facet normal -0.066519 -0.997785 0
    outer loop
      vertex 240.7 106.3 0
      vertex 241 106.28 16
      vertex 240.7 106.3 16
    endloop
  endfacet
  facet normal -0.066519 -0.997785 -0
    outer loop
      vertex 241 106.28 16
      vertex 240.7 106.3 0
      vertex 241 106.28 0
    endloop
  endfacet
  facet normal 0 -1 0
    outer loop
      vertex 234.3 106.3 0
      vertex 240.7 106.3 16
      vertex 234.3 106.3 16
    endloop
  endfacet
  facet normal 0 -1 -0
    outer loop
      vertex 240.7 106.3 16
      vertex 234.3 106.3 0
      vertex 240.7 106.3 0
    endloop
  endfacet
  facet normal -1 0 0
    outer loop
      vertex 234.3 106.3 0
      vertex 234.3 112.7 16
      vertex 234.3 112.7 0
    endloop
  endfacet
  facet normal -1 -0 0
    outer loop
      vertex 234.3 112.7 16
      vertex 234.3 106.3 0
      vertex 234.3 106.3 16
    endloop
  endfacet
  facet normal -0.997785 -0.066519 0
    outer loop
      vertex 234.3 112.7 0
      vertex 234.28 113 16
      vertex 234.28 113 0
    endloop
  endfacet
  facet normal -0.997785 -0.066519 0
    outer loop
      vertex 234.28 113 16
      vertex 234.3 112.7 0
      vertex 234.3 112.7 16
    endloop
  endfacet
  facet normal -0.981215 -0.192917 0
    outer loop
      vertex 234.28 113 0
      vertex 234.222 113.295 16
      vertex 234.222 113.295 0
    endloop
  endfacet
  facet normal -0.981215 -0.192917 0
    outer loop
      vertex 234.222 113.295 16
      vertex 234.28 113 0
      vertex 234.28 113 16
    endloop
  endfacet
  facet normal -0.946671 -0.3222 0
    outer loop
      vertex 234.222 113.295 0
      vertex 234.125 113.58 16
      vertex 234.125 113.58 0
    endloop
  endfacet
  facet normal -0.946671 -0.3222 0
    outer loop
      vertex 234.125 113.58 16
      vertex 234.222 113.295 0
      vertex 234.222 113.295 16
    endloop
  endfacet
  facet normal -0.897069 -0.44189 0
    outer loop
      vertex 234.125 113.58 0
      vertex 233.992 113.85 16
      vertex 233.992 113.85 0
    endloop
  endfacet
  facet normal -0.897069 -0.44189 0
    outer loop
      vertex 233.992 113.85 16
      vertex 234.125 113.58 0
      vertex 234.125 113.58 16
    endloop
  endfacet
  facet normal -0.831538 -0.555468 0
    outer loop
      vertex 233.992 113.85 0
      vertex 233.825 114.1 16
      vertex 233.825 114.1 0
    endloop
  endfacet
  facet normal -0.831538 -0.555468 0
    outer loop
      vertex 233.825 114.1 16
      vertex 233.992 113.85 0
      vertex 233.992 113.85 16
    endloop
  endfacet
  facet normal -0.750516 -0.660852 0
    outer loop
      vertex 233.825 114.1 0
      vertex 233.626 114.326 16
      vertex 233.626 114.326 0
    endloop
  endfacet
  facet normal -0.750516 -0.660852 0
    outer loop
      vertex 233.626 114.326 16
      vertex 233.825 114.1 0
      vertex 233.825 114.1 16
    endloop
  endfacet
  facet normal -0.660852 -0.750516 0
    outer loop
      vertex 233.4 114.525 0
      vertex 233.626 114.326 16
      vertex 233.4 114.525 16
    endloop
  endfacet
  facet normal -0.660852 -0.750516 -0
    outer loop
      vertex 233.626 114.326 16
      vertex 233.4 114.525 0
      vertex 233.626 114.326 0
    endloop
  endfacet
  facet normal -0.555468 -0.831538 0
    outer loop
      vertex 233.15 114.692 0
      vertex 233.4 114.525 16
      vertex 233.15 114.692 16
    endloop
  endfacet
  facet normal -0.555468 -0.831538 -0
    outer loop
      vertex 233.4 114.525 16
      vertex 233.15 114.692 0
      vertex 233.4 114.525 0
    endloop
  endfacet
  facet normal -0.44189 -0.897069 0
    outer loop
      vertex 232.88 114.825 0
      vertex 233.15 114.692 16
      vertex 232.88 114.825 16
    endloop
  endfacet
  facet normal -0.44189 -0.897069 -0
    outer loop
      vertex 233.15 114.692 16
      vertex 232.88 114.825 0
      vertex 233.15 114.692 0
    endloop
  endfacet
  facet normal -0.3222 -0.946671 0
    outer loop
      vertex 232.595 114.922 0
      vertex 232.88 114.825 16
      vertex 232.595 114.922 16
    endloop
  endfacet
  facet normal -0.3222 -0.946671 -0
    outer loop
      vertex 232.88 114.825 16
      vertex 232.595 114.922 0
      vertex 232.88 114.825 0
    endloop
  endfacet
  facet normal -0.192917 -0.981215 0
    outer loop
      vertex 232.3 114.98 0
      vertex 232.595 114.922 16
      vertex 232.3 114.98 16
    endloop
  endfacet
  facet normal -0.192917 -0.981215 -0
    outer loop
      vertex 232.595 114.922 16
      vertex 232.3 114.98 0
      vertex 232.595 114.922 0
    endloop
  endfacet
  facet normal -0.066519 -0.997785 0
    outer loop
      vertex 232 115 0
      vertex 232.3 114.98 16
      vertex 232 115 16
    endloop
  endfacet
  facet normal -0.066519 -0.997785 -0
    outer loop
      vertex 232.3 114.98 16
      vertex 232 115 0
      vertex 232.3 114.98 0
    endloop
  endfacet
  facet normal 0.066519 -0.997785 0
    outer loop
      vertex 231.7 114.98 0
      vertex 232 115 16
      vertex 231.7 114.98 16
    endloop
  endfacet
  facet normal 0.066519 -0.997785 0
    outer loop
      vertex 232 115 16
      vertex 231.7 114.98 0
      vertex 232 115 0
    endloop
  endfacet
  facet normal 0.192917 -0.981215 0
    outer loop
      vertex 231.405 114.922 0
      vertex 231.7 114.98 16
      vertex 231.405 114.922 16
    endloop
  endfacet
  facet normal 0.192917 -0.981215 0
    outer loop
      vertex 231.7 114.98 16
      vertex 231.405 114.922 0
      vertex 231.7 114.98 0
    endloop
  endfacet
  facet normal 0.3222 -0.946671 0
    outer loop
      vertex 231.12 114.825 0
      vertex 231.405 114.922 16
      vertex 231.12 114.825 16
    endloop
  endfacet
  facet normal 0.3222 -0.946671 0
    outer loop
      vertex 231.405 114.922 16
      vertex 231.12 114.825 0
      vertex 231.405 114.922 0
    endloop
  endfacet
  facet normal 0.44189 -0.897069 0
    outer loop
      vertex 230.85 114.692 0
      vertex 231.12 114.825 16
      vertex 230.85 114.692 16
    endloop
  endfacet
  facet normal 0.44189 -0.897069 0
    outer loop
      vertex 231.12 114.825 16
      vertex 230.85 114.692 0
      vertex 231.12 114.825 0
    endloop
  endfacet
  facet normal 0.555468 -0.831538 0
    outer loop
      vertex 230.6 114.525 0
      vertex 230.85 114.692 16
      vertex 230.6 114.525 16
    endloop
  endfacet
  facet normal 0.555468 -0.831538 0
    outer loop
      vertex 230.85 114.692 16
      vertex 230.6 114.525 0
      vertex 230.85 114.692 0
    endloop
  endfacet
  facet normal 0.660852 -0.750516 0
    outer loop
      vertex 230.374 114.326 0
      vertex 230.6 114.525 16
      vertex 230.374 114.326 16
    endloop
  endfacet
  facet normal 0.660852 -0.750516 0
    outer loop
      vertex 230.6 114.525 16
      vertex 230.374 114.326 0
      vertex 230.6 114.525 0
    endloop
  endfacet
  facet normal 0.750516 -0.660852 0
    outer loop
      vertex 230.175 114.1 16
      vertex 230.374 114.326 0
      vertex 230.374 114.326 16
    endloop
  endfacet
  facet normal 0.750516 -0.660852 0
    outer loop
      vertex 230.374 114.326 0
      vertex 230.175 114.1 16
      vertex 230.175 114.1 0
    endloop
  endfacet
  facet normal 0.831538 -0.555468 0
    outer loop
      vertex 230.008 113.85 16
      vertex 230.175 114.1 0
      vertex 230.175 114.1 16
    endloop
  endfacet
  facet normal 0.831538 -0.555468 0
    outer loop
      vertex 230.175 114.1 0
      vertex 230.008 113.85 16
      vertex 230.008 113.85 0
    endloop
  endfacet
  facet normal 0.897069 -0.44189 0
    outer loop
      vertex 229.875 113.58 16
      vertex 230.008 113.85 0
      vertex 230.008 113.85 16
    endloop
  endfacet
  facet normal 0.897069 -0.44189 0
    outer loop
      vertex 230.008 113.85 0
      vertex 229.875 113.58 16
      vertex 229.875 113.58 0
    endloop
  endfacet
  facet normal 0.946671 -0.3222 0
    outer loop
      vertex 229.778 113.295 16
      vertex 229.875 113.58 0
      vertex 229.875 113.58 16
    endloop
  endfacet
  facet normal 0.946671 -0.3222 0
    outer loop
      vertex 229.875 113.58 0
      vertex 229.778 113.295 16
      vertex 229.778 113.295 0
    endloop
  endfacet
  facet normal 0.981215 -0.192917 0
    outer loop
      vertex 229.72 113 16
      vertex 229.778 113.295 0
      vertex 229.778 113.295 16
    endloop
  endfacet
  facet normal 0.981215 -0.192917 0
    outer loop
      vertex 229.778 113.295 0
      vertex 229.72 113 16
      vertex 229.72 113 0
    endloop
  endfacet
  facet normal 0.997785 -0.066519 0
    outer loop
      vertex 229.7 112.7 16
      vertex 229.72 113 0
      vertex 229.72 113 16
    endloop
  endfacet
  facet normal 0.997785 -0.066519 0
    outer loop
      vertex 229.72 113 0
      vertex 229.7 112.7 16
      vertex 229.7 112.7 0
    endloop
  endfacet
  facet normal 1 -0 0
    outer loop
      vertex 229.7 106.3 16
      vertex 229.7 112.7 0
      vertex 229.7 112.7 16
    endloop
  endfacet
  facet normal 1 0 0
    outer loop
      vertex 229.7 112.7 0
      vertex 229.7 106.3 16
      vertex 229.7 106.3 0
    endloop
  endfacet
  facet normal 0 -1 0
    outer loop
      vertex 223.3 106.3 0
      vertex 229.7 106.3 16
      vertex 223.3 106.3 16
    endloop
  endfacet
  facet normal 0 -1 -0
    outer loop
      vertex 229.7 106.3 16
      vertex 223.3 106.3 0
      vertex 229.7 106.3 0
    endloop
  endfacet
  facet normal 0.066519 -0.997785 0
    outer loop
      vertex 223 106.28 0
      vertex 223.3 106.3 16
      vertex 223 106.28 16
    endloop
  endfacet
  facet normal 0.066519 -0.997785 0
    outer loop
      vertex 223.3 106.3 16
      vertex 223 106.28 0
      vertex 223.3 106.3 0
    endloop
  endfacet
  facet normal 0.192917 -0.981215 0
    outer loop
      vertex 222.705 106.222 0
      vertex 223 106.28 16
      vertex 222.705 106.222 16
    endloop
  endfacet
  facet normal 0.192917 -0.981215 0
    outer loop
      vertex 223 106.28 16
      vertex 222.705 106.222 0
      vertex 223 106.28 0
    endloop
  endfacet
  facet normal 0.3222 -0.946671 0
    outer loop
      vertex 222.42 106.125 0
      vertex 222.705 106.222 16
      vertex 222.42 106.125 16
    endloop
  endfacet
  facet normal 0.3222 -0.946671 0
    outer loop
      vertex 222.705 106.222 16
      vertex 222.42 106.125 0
      vertex 222.705 106.222 0
    endloop
  endfacet
  facet normal 0.44189 -0.897069 0
    outer loop
      vertex 222.15 105.992 0
      vertex 222.42 106.125 16
      vertex 222.15 105.992 16
    endloop
  endfacet
  facet normal 0.44189 -0.897069 0
    outer loop
      vertex 222.42 106.125 16
      vertex 222.15 105.992 0
      vertex 222.42 106.125 0
    endloop
  endfacet
  facet normal 0.555468 -0.831538 0
    outer loop
      vertex 221.9 105.825 0
      vertex 222.15 105.992 16
      vertex 221.9 105.825 16
    endloop
  endfacet
  facet normal 0.555468 -0.831538 0
    outer loop
      vertex 222.15 105.992 16
      vertex 221.9 105.825 0
      vertex 222.15 105.992 0
    endloop
  endfacet
  facet normal 0.660852 -0.750516 0
    outer loop
      vertex 221.674 105.626 0
      vertex 221.9 105.825 16
      vertex 221.674 105.626 16
    endloop
  endfacet
  facet normal 0.660852 -0.750516 0
    outer loop
      vertex 221.9 105.825 16
      vertex 221.674 105.626 0
      vertex 221.9 105.825 0
    endloop
  endfacet
  facet normal 0.750516 -0.660852 0
    outer loop
      vertex 221.475 105.4 16
      vertex 221.674 105.626 0
      vertex 221.674 105.626 16
    endloop
  endfacet
  facet normal 0.750516 -0.660852 0
    outer loop
      vertex 221.674 105.626 0
      vertex 221.475 105.4 16
      vertex 221.475 105.4 0
    endloop
  endfacet
  facet normal 0.831538 -0.555468 0
    outer loop
      vertex 221.308 105.15 16
      vertex 221.475 105.4 0
      vertex 221.475 105.4 16
    endloop
  endfacet
  facet normal 0.831538 -0.555468 0
    outer loop
      vertex 221.475 105.4 0
      vertex 221.308 105.15 16
      vertex 221.308 105.15 0
    endloop
  endfacet
  facet normal 0.897069 -0.44189 0
    outer loop
      vertex 221.175 104.88 16
      vertex 221.308 105.15 0
      vertex 221.308 105.15 16
    endloop
  endfacet
  facet normal 0.897069 -0.44189 0
    outer loop
      vertex 221.308 105.15 0
      vertex 221.175 104.88 16
      vertex 221.175 104.88 0
    endloop
  endfacet
  facet normal 0.946671 -0.3222 0
    outer loop
      vertex 221.078 104.595 16
      vertex 221.175 104.88 0
      vertex 221.175 104.88 16
    endloop
  endfacet
  facet normal 0.946671 -0.3222 0
    outer loop
      vertex 221.175 104.88 0
      vertex 221.078 104.595 16
      vertex 221.078 104.595 0
    endloop
  endfacet
  facet normal 0.981215 -0.192917 0
    outer loop
      vertex 221.02 104.3 16
      vertex 221.078 104.595 0
      vertex 221.078 104.595 16
    endloop
  endfacet
  facet normal 0.981215 -0.192917 0
    outer loop
      vertex 221.078 104.595 0
      vertex 221.02 104.3 16
      vertex 221.02 104.3 0
    endloop
  endfacet
  facet normal 0.997785 -0.066519 0
    outer loop
      vertex 221 104 16
      vertex 221.02 104.3 0
      vertex 221.02 104.3 16
    endloop
  endfacet
  facet normal 0.997785 -0.066519 0
    outer loop
      vertex 221.02 104.3 0
      vertex 221 104 16
      vertex 221 104 0
    endloop
  endfacet
  facet normal 0.997785 0.066519 0
    outer loop
      vertex 221.02 103.7 16
      vertex 221 104 0
      vertex 221 104 16
    endloop
  endfacet
  facet normal 0.997785 0.066519 0
    outer loop
      vertex 221 104 0
      vertex 221.02 103.7 16
      vertex 221.02 103.7 0
    endloop
  endfacet
  facet normal 0.981215 0.192917 0
    outer loop
      vertex 221.078 103.405 16
      vertex 221.02 103.7 0
      vertex 221.02 103.7 16
    endloop
  endfacet
  facet normal 0.981215 0.192917 0
    outer loop
      vertex 221.02 103.7 0
      vertex 221.078 103.405 16
      vertex 221.078 103.405 0
    endloop
  endfacet
  facet normal 0.946671 0.3222 0
    outer loop
      vertex 221.175 103.12 16
      vertex 221.078 103.405 0
      vertex 221.078 103.405 16
    endloop
  endfacet
  facet normal 0.946671 0.3222 0
    outer loop
      vertex 221.078 103.405 0
      vertex 221.175 103.12 16
      vertex 221.175 103.12 0
    endloop
  endfacet
  facet normal 0.897069 0.44189 0
    outer loop
      vertex 221.308 102.85 16
      vertex 221.175 103.12 0
      vertex 221.175 103.12 16
    endloop
  endfacet
  facet normal 0.897069 0.44189 0
    outer loop
      vertex 221.175 103.12 0
      vertex 221.308 102.85 16
      vertex 221.308 102.85 0
    endloop
  endfacet
  facet normal 0.831538 0.555468 0
    outer loop
      vertex 221.475 102.6 16
      vertex 221.308 102.85 0
      vertex 221.308 102.85 16
    endloop
  endfacet
  facet normal 0.831538 0.555468 0
    outer loop
      vertex 221.308 102.85 0
      vertex 221.475 102.6 16
      vertex 221.475 102.6 0
    endloop
  endfacet
  facet normal 0.750516 0.660852 0
    outer loop
      vertex 221.674 102.374 16
      vertex 221.475 102.6 0
      vertex 221.475 102.6 16
    endloop
  endfacet
  facet normal 0.750516 0.660852 0
    outer loop
      vertex 221.475 102.6 0
      vertex 221.674 102.374 16
      vertex 221.674 102.374 0
    endloop
  endfacet
  facet normal 0.660852 0.750516 -0
    outer loop
      vertex 221.9 102.175 0
      vertex 221.674 102.374 16
      vertex 221.9 102.175 16
    endloop
  endfacet
  facet normal 0.660852 0.750516 0
    outer loop
      vertex 221.674 102.374 16
      vertex 221.9 102.175 0
      vertex 221.674 102.374 0
    endloop
  endfacet
  facet normal 0.555468 0.831538 -0
    outer loop
      vertex 222.15 102.008 0
      vertex 221.9 102.175 16
      vertex 222.15 102.008 16
    endloop
  endfacet
  facet normal 0.555468 0.831538 0
    outer loop
      vertex 221.9 102.175 16
      vertex 222.15 102.008 0
      vertex 221.9 102.175 0
    endloop
  endfacet
  facet normal 0.44189 0.897069 -0
    outer loop
      vertex 222.42 101.875 0
      vertex 222.15 102.008 16
      vertex 222.42 101.875 16
    endloop
  endfacet
  facet normal 0.44189 0.897069 0
    outer loop
      vertex 222.15 102.008 16
      vertex 222.42 101.875 0
      vertex 222.15 102.008 0
    endloop
  endfacet
  facet normal 0.3222 0.946671 -0
    outer loop
      vertex 222.705 101.778 0
      vertex 222.42 101.875 16
      vertex 222.705 101.778 16
    endloop
  endfacet
  facet normal 0.3222 0.946671 0
    outer loop
      vertex 222.42 101.875 16
      vertex 222.705 101.778 0
      vertex 222.42 101.875 0
    endloop
  endfacet
  facet normal 0.192917 0.981215 -0
    outer loop
      vertex 223 101.72 0
      vertex 222.705 101.778 16
      vertex 223 101.72 16
    endloop
  endfacet
  facet normal 0.192917 0.981215 0
    outer loop
      vertex 222.705 101.778 16
      vertex 223 101.72 0
      vertex 222.705 101.778 0
    endloop
  endfacet
  facet normal 0.066519 0.997785 -0
    outer loop
      vertex 223.3 101.7 0
      vertex 223 101.72 16
      vertex 223.3 101.7 16
    endloop
  endfacet
  facet normal 0.066519 0.997785 0
    outer loop
      vertex 223 101.72 16
      vertex 223.3 101.7 0
      vertex 223 101.72 0
    endloop
  endfacet
  facet normal 0 1 -0
    outer loop
      vertex 229.7 101.7 0
      vertex 223.3 101.7 16
      vertex 229.7 101.7 16
    endloop
  endfacet
  facet normal 0 1 0
    outer loop
      vertex 223.3 101.7 16
      vertex 229.7 101.7 0
      vertex 223.3 101.7 0
    endloop
  endfacet
  facet normal 1 -0 0
    outer loop
      vertex 229.7 95.3 16
      vertex 229.7 101.7 0
      vertex 229.7 101.7 16
    endloop
  endfacet
  facet normal 1 0 0
    outer loop
      vertex 229.7 101.7 0
      vertex 229.7 95.3 16
      vertex 229.7 95.3 0
    endloop
  endfacet
  facet normal 0.997788 0.0664749 0
    outer loop
      vertex 229.72 94.9998 16
      vertex 229.7 95.3 0
      vertex 229.7 95.3 16
    endloop
  endfacet
  facet normal 0.997788 0.0664749 0
    outer loop
      vertex 229.7 95.3 0
      vertex 229.72 94.9998 16
      vertex 229.72 94.9998 0
    endloop
  endfacet
  facet normal 0.981227 0.192854 0
    outer loop
      vertex 229.778 94.7047 16
      vertex 229.72 94.9998 0
      vertex 229.72 94.9998 16
    endloop
  endfacet
  facet normal 0.981227 0.192854 0
    outer loop
      vertex 229.72 94.9998 0
      vertex 229.778 94.7047 16
      vertex 229.778 94.7047 0
    endloop
  endfacet
  facet normal 0.946637 0.322302 0
    outer loop
      vertex 229.875 94.4198 16
      vertex 229.778 94.7047 0
      vertex 229.778 94.7047 16
    endloop
  endfacet
  facet normal 0.946637 0.322302 0
    outer loop
      vertex 229.778 94.7047 0
      vertex 229.875 94.4198 16
      vertex 229.875 94.4198 0
    endloop
  endfacet
  facet normal 0.89694 0.442153 0
    outer loop
      vertex 230.008 94.15 16
      vertex 229.875 94.4198 0
      vertex 229.875 94.4198 16
    endloop
  endfacet
  facet normal 0.89694 0.442153 0
    outer loop
      vertex 229.875 94.4198 0
      vertex 230.008 94.15 16
      vertex 230.008 94.15 0
    endloop
  endfacet
  facet normal 0.831641 0.555314 0
    outer loop
      vertex 230.175 93.8999 16
      vertex 230.008 94.15 0
      vertex 230.008 94.15 16
    endloop
  endfacet
  facet normal 0.831641 0.555314 0
    outer loop
      vertex 230.008 94.15 0
      vertex 230.175 93.8999 16
      vertex 230.175 93.8999 0
    endloop
  endfacet
  facet normal 0.750806 0.660523 0
    outer loop
      vertex 230.374 93.6737 16
      vertex 230.175 93.8999 0
      vertex 230.175 93.8999 16
    endloop
  endfacet
  facet normal 0.750806 0.660523 0
    outer loop
      vertex 230.175 93.8999 0
      vertex 230.374 93.6737 16
      vertex 230.374 93.6737 0
    endloop
  endfacet
  facet normal 0.659728 0.751505 -0
    outer loop
      vertex 230.6 93.4753 0
      vertex 230.374 93.6737 16
      vertex 230.6 93.4753 16
    endloop
  endfacet
  facet normal 0.659728 0.751505 0
    outer loop
      vertex 230.374 93.6737 16
      vertex 230.6 93.4753 0
      vertex 230.374 93.6737 0
    endloop
  endfacet
  facet normal 0.555697 0.831385 -0
    outer loop
      vertex 230.85 93.3082 0
      vertex 230.6 93.4753 16
      vertex 230.85 93.3082 16
    endloop
  endfacet
  facet normal 0.555697 0.831385 0
    outer loop
      vertex 230.6 93.4753 16
      vertex 230.85 93.3082 0
      vertex 230.6 93.4753 0
    endloop
  endfacet
  facet normal 0.442157 0.896938 -0
    outer loop
      vertex 231.12 93.1751 0
      vertex 230.85 93.3082 16
      vertex 231.12 93.1751 16
    endloop
  endfacet
  facet normal 0.442157 0.896938 0
    outer loop
      vertex 230.85 93.3082 16
      vertex 231.12 93.1751 0
      vertex 230.85 93.3082 0
    endloop
  endfacet
  facet normal 0.321307 0.946975 -0
    outer loop
      vertex 231.405 93.0784 0
      vertex 231.12 93.1751 16
      vertex 231.405 93.0784 16
    endloop
  endfacet
  facet normal 0.321307 0.946975 0
    outer loop
      vertex 231.12 93.1751 16
      vertex 231.405 93.0784 0
      vertex 231.12 93.1751 0
    endloop
  endfacet
  facet normal 0.195157 0.980772 -0
    outer loop
      vertex 231.7 93.0197 0
      vertex 231.405 93.0784 16
      vertex 231.7 93.0197 16
    endloop
  endfacet
  facet normal 0.195157 0.980772 0
    outer loop
      vertex 231.405 93.0784 16
      vertex 231.7 93.0197 0
      vertex 231.405 93.0784 0
    endloop
  endfacet
  facet normal 0.0655255 0.997851 -0
    outer loop
      vertex 232 93 0
      vertex 231.7 93.0197 16
      vertex 232 93 16
    endloop
  endfacet
  facet normal 0.0655255 0.997851 0
    outer loop
      vertex 231.7 93.0197 16
      vertex 232 93 0
      vertex 231.7 93.0197 0
    endloop
  endfacet
  facet normal -0.0655255 0.997851 0
    outer loop
      vertex 232.3 93.0197 0
      vertex 232 93 16
      vertex 232.3 93.0197 16
    endloop
  endfacet
  facet normal -0.0655255 0.997851 0
    outer loop
      vertex 232 93 16
      vertex 232.3 93.0197 0
      vertex 232 93 0
    endloop
  endfacet
  facet normal -1 0 0
    outer loop
      vertex 6.1 48.675 3.825
      vertex 6.1 48.6227 9.8
      vertex 6.1 48.675 9.8
    endloop
  endfacet
  facet normal -1 0 0
    outer loop
      vertex 6.1 36.825 3.825
      vertex 6.1 48.6227 9.8
      vertex 6.1 48.675 3.825
    endloop
  endfacet
  facet normal -1 0 0
    outer loop
      vertex 6.1 36.825 12.175
      vertex 6.1 48.6227 9.8
      vertex 6.1 36.825 3.825
    endloop
  endfacet
  facet normal -1 0 0
    outer loop
      vertex 6.1 48.6227 9.8
      vertex 6.1 36.825 12.175
      vertex 6.1 48.6227 12.175
    endloop
  endfacet
  facet normal 0 0 -1
    outer loop
      vertex 0 36.825 12.175
      vertex 6.1 48.6227 12.175
      vertex 6.1 36.825 12.175
    endloop
  endfacet
  facet normal 0 0 -1
    outer loop
      vertex 0 48.675 12.175
      vertex 6.1 48.6227 12.175
      vertex 0 36.825 12.175
    endloop
  endfacet
  facet normal 0 0 -1
    outer loop
      vertex 6.1 48.6227 12.175
      vertex 0 48.675 12.175
      vertex 6.06507 48.675 12.175
    endloop
  endfacet
  facet normal -0 0 1
    outer loop
      vertex 0 48.675 3.825
      vertex 6.1 36.825 3.825
      vertex 6.1 48.675 3.825
    endloop
  endfacet
  facet normal 0 0 1
    outer loop
      vertex 6.1 36.825 3.825
      vertex 0 48.675 3.825
      vertex 0 36.825 3.825
    endloop
  endfacet
  facet normal 0 -1 0
    outer loop
      vertex 0 48.675 12.175
      vertex 6.06507 48.675 9.8
      vertex 6.06507 48.675 12.175
    endloop
  endfacet
  facet normal 0 -1 0
    outer loop
      vertex 0 48.675 3.825
      vertex 6.06507 48.675 9.8
      vertex 0 48.675 12.175
    endloop
  endfacet
  facet normal 0 -1 0
    outer loop
      vertex 6.1 48.675 3.825
      vertex 6.06507 48.675 9.8
      vertex 0 48.675 3.825
    endloop
  endfacet
  facet normal 0 -1 0
    outer loop
      vertex 6.06507 48.675 9.8
      vertex 6.1 48.675 3.825
      vertex 6.1 48.675 9.8
    endloop
  endfacet
  facet normal 0 1 -0
    outer loop
      vertex 6.1 36.825 3.825
      vertex 0 36.825 12.175
      vertex 6.1 36.825 12.175
    endloop
  endfacet
  facet normal 0 1 0
    outer loop
      vertex 0 36.825 12.175
      vertex 6.1 36.825 3.825
      vertex 0 36.825 3.825
    endloop
  endfacet
  facet normal -1 0 0
    outer loop
      vertex 6.1 90.675 3.825
      vertex 6.1 79.3773 9.8
      vertex 6.1 90.675 12.175
    endloop
  endfacet
  facet normal -1 0 0
    outer loop
      vertex 6.1 78.825 3.825
      vertex 6.1 79.3773 9.8
      vertex 6.1 90.675 3.825
    endloop
  endfacet
  facet normal -1 -0 0
    outer loop
      vertex 6.1 79.3773 9.8
      vertex 6.1 78.825 3.825
      vertex 6.1 78.825 9.8
    endloop
  endfacet
  facet normal -1 -0 0
    outer loop
      vertex 6.1 90.675 12.175
      vertex 6.1 79.3773 9.8
      vertex 6.1 79.3773 12.175
    endloop
  endfacet
  facet normal 0 0 -1
    outer loop
      vertex 0 78.825 12.175
      vertex 6.1 79.3773 12.175
      vertex 5.96484 79.175 12.175
    endloop
  endfacet
  facet normal 0 0 -1
    outer loop
      vertex 0 78.825 12.175
      vertex 5.96484 79.175 12.175
      vertex 5.82888 78.8993 12.175
    endloop
  endfacet
  facet normal 0 0 -1
    outer loop
      vertex 0 78.825 12.175
      vertex 5.82888 78.8993 12.175
      vertex 5.80366 78.825 12.175
    endloop
  endfacet
  facet normal -0 0 -1
    outer loop
      vertex 6.1 79.3773 12.175
      vertex 0 78.825 12.175
      vertex 0 90.675 12.175
    endloop
  endfacet
  facet normal 0 0 -1
    outer loop
      vertex 6.1 79.3773 12.175
      vertex 0 90.675 12.175
      vertex 6.1 90.675 12.175
    endloop
  endfacet
  facet normal -0 0 1
    outer loop
      vertex 0 90.675 3.825
      vertex 6.1 78.825 3.825
      vertex 6.1 90.675 3.825
    endloop
  endfacet
  facet normal 0 0 1
    outer loop
      vertex 6.1 78.825 3.825
      vertex 0 90.675 3.825
      vertex 0 78.825 3.825
    endloop
  endfacet
  facet normal 0 -1 0
    outer loop
      vertex 0 90.675 3.825
      vertex 6.1 90.675 12.175
      vertex 0 90.675 12.175
    endloop
  endfacet
  facet normal 0 -1 -0
    outer loop
      vertex 6.1 90.675 12.175
      vertex 0 90.675 3.825
      vertex 6.1 90.675 3.825
    endloop
  endfacet
  facet normal 0 1 0
    outer loop
      vertex 6.1 78.825 9.8
      vertex 6.1 78.825 3.825
      vertex 5.80366 78.825 9.8
    endloop
  endfacet
  facet normal 0 1 -0
    outer loop
      vertex 5.80366 78.825 9.8
      vertex 0 78.825 12.175
      vertex 5.80366 78.825 12.175
    endloop
  endfacet
  facet normal 0 1 0
    outer loop
      vertex 0 78.825 3.825
      vertex 5.80366 78.825 9.8
      vertex 6.1 78.825 3.825
    endloop
  endfacet
  facet normal 0 1 0
    outer loop
      vertex 5.80366 78.825 9.8
      vertex 0 78.825 3.825
      vertex 0 78.825 12.175
    endloop
  endfacet
  facet normal -0.980768 -0.195178 0
    outer loop
      vertex 10.3299 50.3067 9.8
      vertex 10.2699 50.6082 16
      vertex 10.2699 50.6082 9.8
    endloop
  endfacet
  facet normal -0.980768 -0.195178 0
    outer loop
      vertex 10.2699 50.6082 16
      vertex 10.3299 50.3067 9.8
      vertex 10.3299 50.3067 16
    endloop
  endfacet
  facet normal -0.997859 -0.0653961 0
    outer loop
      vertex 10.35 50 9.8
      vertex 10.3299 50.3067 16
      vertex 10.3299 50.3067 9.8
    endloop
  endfacet
  facet normal -0.997859 -0.0653961 0
    outer loop
      vertex 10.3299 50.3067 16
      vertex 10.35 50 9.8
      vertex 10.35 50 16
    endloop
  endfacet
  facet normal -0.946945 -0.321395 0
    outer loop
      vertex 10.2699 50.6082 9.8
      vertex 10.1711 50.8993 16
      vertex 10.1711 50.8993 9.8
    endloop
  endfacet
  facet normal -0.946945 -0.321395 0
    outer loop
      vertex 10.1711 50.8993 16
      vertex 10.2699 50.6082 9.8
      vertex 10.2699 50.6082 16
    endloop
  endfacet
  facet normal -0.831419 -0.555646 0
    outer loop
      vertex 10.0352 51.175 9.8
      vertex 9.86438 51.4306 16
      vertex 9.86438 51.4306 9.8
    endloop
  endfacet
  facet normal -0.831419 -0.555646 0
    outer loop
      vertex 9.86438 51.4306 16
      vertex 10.0352 51.175 9.8
      vertex 10.0352 51.175 16
    endloop
  endfacet
  facet normal 0.946935 0.321424 0
    outer loop
      vertex 5.82888 49.1007 16
      vertex 5.73007 49.3918 9.8
      vertex 5.73007 49.3918 16
    endloop
  endfacet
  facet normal 0.946935 0.321424 0
    outer loop
      vertex 5.73007 49.3918 9.8
      vertex 5.82888 49.1007 16
      vertex 5.82888 49.1007 9.8
    endloop
  endfacet
  facet normal -0.321405 0.946942 0
    outer loop
      vertex 8.89931 47.8289 9.8
      vertex 8.60822 47.7301 16
      vertex 8.89931 47.8289 16
    endloop
  endfacet
  facet normal -0.321405 0.946942 0
    outer loop
      vertex 8.60822 47.7301 16
      vertex 8.89931 47.8289 9.8
      vertex 8.60822 47.7301 9.8
    endloop
  endfacet
  facet normal -0.89695 -0.442131 0
    outer loop
      vertex 10.1711 50.8993 9.8
      vertex 10.0352 51.175 16
      vertex 10.0352 51.175 9.8
    endloop
  endfacet
  facet normal -0.89695 -0.442131 0
    outer loop
      vertex 10.0352 51.175 16
      vertex 10.1711 50.8993 9.8
      vertex 10.1711 50.8993 16
    endloop
  endfacet
  facet normal 0.555616 -0.831439 0
    outer loop
      vertex 6.56941 51.8644 9.8
      vertex 6.825 52.0352 16
      vertex 6.56941 51.8644 16
    endloop
  endfacet
  facet normal 0.555616 -0.831439 0
    outer loop
      vertex 6.825 52.0352 16
      vertex 6.56941 51.8644 9.8
      vertex 6.825 52.0352 9.8
    endloop
  endfacet
  facet normal -0.980768 0.195178 0
    outer loop
      vertex 10.2699 49.3918 9.8
      vertex 10.3299 49.6933 16
      vertex 10.3299 49.6933 9.8
    endloop
  endfacet
  facet normal -0.980768 0.195178 0
    outer loop
      vertex 10.3299 49.6933 16
      vertex 10.2699 49.3918 9.8
      vertex 10.2699 49.3918 16
    endloop
  endfacet
  facet normal 0 0 1
    outer loop
      vertex 10.3299 50.3067 9.8
      vertex 10.3299 49.6933 9.8
      vertex 10.35 50 9.8
    endloop
  endfacet
  facet normal 0 0 1
    outer loop
      vertex 10.2699 50.6082 9.8
      vertex 10.3299 49.6933 9.8
      vertex 10.3299 50.3067 9.8
    endloop
  endfacet
  facet normal 0 0 1
    outer loop
      vertex 10.2699 50.6082 9.8
      vertex 10.2699 49.3918 9.8
      vertex 10.3299 49.6933 9.8
    endloop
  endfacet
  facet normal 0 0 1
    outer loop
      vertex 10.1711 50.8993 9.8
      vertex 10.2699 49.3918 9.8
      vertex 10.2699 50.6082 9.8
    endloop
  endfacet
  facet normal 0 0 1
    outer loop
      vertex 10.1711 50.8993 9.8
      vertex 10.1711 49.1007 9.8
      vertex 10.2699 49.3918 9.8
    endloop
  endfacet
  facet normal 0 0 1
    outer loop
      vertex 10.0352 51.175 9.8
      vertex 10.1711 49.1007 9.8
      vertex 10.1711 50.8993 9.8
    endloop
  endfacet
  facet normal 0 0 1
    outer loop
      vertex 10.0352 51.175 9.8
      vertex 10.0352 48.825 9.8
      vertex 10.1711 49.1007 9.8
    endloop
  endfacet
  facet normal 0 0 1
    outer loop
      vertex 9.86438 51.4306 9.8
      vertex 10.0352 48.825 9.8
      vertex 10.0352 51.175 9.8
    endloop
  endfacet
  facet normal 0 0 1
    outer loop
      vertex 9.86438 51.4306 9.8
      vertex 9.86438 48.5694 9.8
      vertex 10.0352 48.825 9.8
    endloop
  endfacet
  facet normal 0 0 1
    outer loop
      vertex 9.6617 51.6617 9.8
      vertex 9.86438 48.5694 9.8
      vertex 9.86438 51.4306 9.8
    endloop
  endfacet
  facet normal 0 0 1
    outer loop
      vertex 9.6617 51.6617 9.8
      vertex 9.6617 48.3383 9.8
      vertex 9.86438 48.5694 9.8
    endloop
  endfacet
  facet normal 0 0 1
    outer loop
      vertex 9.43059 51.8644 9.8
      vertex 9.6617 48.3383 9.8
      vertex 9.6617 51.6617 9.8
    endloop
  endfacet
  facet normal 0 0 1
    outer loop
      vertex 9.43059 51.8644 9.8
      vertex 9.43059 48.1356 9.8
      vertex 9.6617 48.3383 9.8
    endloop
  endfacet
  facet normal 0 0 1
    outer loop
      vertex 9.175 52.0352 9.8
      vertex 9.43059 48.1356 9.8
      vertex 9.43059 51.8644 9.8
    endloop
  endfacet
  facet normal 0 0 1
    outer loop
      vertex 9.175 52.0352 9.8
      vertex 9.175 47.9648 9.8
      vertex 9.43059 48.1356 9.8
    endloop
  endfacet
  facet normal 0 0 1
    outer loop
      vertex 8.89931 52.1711 9.8
      vertex 9.175 47.9648 9.8
      vertex 9.175 52.0352 9.8
    endloop
  endfacet
  facet normal -0 0 1
    outer loop
      vertex 6.1 48.675 9.8
      vertex 9.175 47.9648 9.8
      vertex 8.89931 52.1711 9.8
    endloop
  endfacet
  facet normal 0 0 1
    outer loop
      vertex 6.1 48.675 9.8
      vertex 8.89931 52.1711 9.8
      vertex 8.60822 52.2699 9.8
    endloop
  endfacet
  facet normal 0 0 1
    outer loop
      vertex 9.175 47.9648 9.8
      vertex 6.1 48.675 9.8
      vertex 8.89931 47.8289 9.8
    endloop
  endfacet
  facet normal 0 0 1
    outer loop
      vertex 6.1 48.675 9.8
      vertex 8.60822 52.2699 9.8
      vertex 8.30674 52.3299 9.8
    endloop
  endfacet
  facet normal 0 0 1
    outer loop
      vertex 8.89931 47.8289 9.8
      vertex 6.1 48.675 9.8
      vertex 8.60822 47.7301 9.8
    endloop
  endfacet
  facet normal 0 0 1
    outer loop
      vertex 6.1 48.675 9.8
      vertex 8.30674 52.3299 9.8
      vertex 8 52.35 9.8
    endloop
  endfacet
  facet normal 0 0 1
    outer loop
      vertex 8.60822 47.7301 9.8
      vertex 6.1 48.675 9.8
      vertex 8.30674 47.6701 9.8
    endloop
  endfacet
  facet normal 0 0 1
    outer loop
      vertex 6.1 48.675 9.8
      vertex 8 52.35 9.8
      vertex 7.69326 52.3299 9.8
    endloop
  endfacet
  facet normal 0 0 1
    outer loop
      vertex 8.30674 47.6701 9.8
      vertex 6.1 48.675 9.8
      vertex 8 47.65 9.8
    endloop
  endfacet
  facet normal 0 0 1
    outer loop
      vertex 6.1 48.675 9.8
      vertex 7.69326 52.3299 9.8
      vertex 7.39178 52.2699 9.8
    endloop
  endfacet
  facet normal 0 0 1
    outer loop
      vertex 8 47.65 9.8
      vertex 6.1 48.675 9.8
      vertex 7.69326 47.6701 9.8
    endloop
  endfacet
  facet normal 0 0 1
    outer loop
      vertex 6.1 48.675 9.8
      vertex 7.39178 52.2699 9.8
      vertex 7.10069 52.1711 9.8
    endloop
  endfacet
  facet normal 0 0 1
    outer loop
      vertex 7.69326 47.6701 9.8
      vertex 6.1 48.675 9.8
      vertex 7.39178 47.7301 9.8
    endloop
  endfacet
  facet normal 0 0 1
    outer loop
      vertex 6.1 48.675 9.8
      vertex 7.10069 52.1711 9.8
      vertex 6.825 52.0352 9.8
    endloop
  endfacet
  facet normal 0 0 1
    outer loop
      vertex 7.39178 47.7301 9.8
      vertex 6.1 48.675 9.8
      vertex 7.10069 47.8289 9.8
    endloop
  endfacet
  facet normal 0 0 1
    outer loop
      vertex 6.1 48.675 9.8
      vertex 6.825 52.0352 9.8
      vertex 6.56941 51.8644 9.8
    endloop
  endfacet
  facet normal 0 0 1
    outer loop
      vertex 7.10069 47.8289 9.8
      vertex 6.1 48.675 9.8
      vertex 6.825 47.9648 9.8
    endloop
  endfacet
  facet normal 0 0 1
    outer loop
      vertex 6.1 48.675 9.8
      vertex 6.56941 51.8644 9.8
      vertex 6.3383 51.6617 9.8
    endloop
  endfacet
  facet normal 0 0 1
    outer loop
      vertex 6.825 47.9648 9.8
      vertex 6.1 48.675 9.8
      vertex 6.56941 48.1356 9.8
    endloop
  endfacet
  facet normal 0 0 1
    outer loop
      vertex 6.1 48.675 9.8
      vertex 6.3383 51.6617 9.8
      vertex 6.13562 51.4306 9.8
    endloop
  endfacet
  facet normal 0 0 1
    outer loop
      vertex 6.56941 48.1356 9.8
      vertex 6.1 48.675 9.8
      vertex 6.3383 48.3383 9.8
    endloop
  endfacet
  facet normal 0 0 1
    outer loop
      vertex 6.3383 48.3383 9.8
      vertex 6.1 48.675 9.8
      vertex 6.13562 48.5694 9.8
    endloop
  endfacet
  facet normal -0 0 1
    outer loop
      vertex 5.96484 51.175 9.8
      vertex 6.1 48.675 9.8
      vertex 6.13562 51.4306 9.8
    endloop
  endfacet
  facet normal -0 0 1
    outer loop
      vertex 5.82888 50.8993 9.8
      vertex 6.1 48.675 9.8
      vertex 5.96484 51.175 9.8
    endloop
  endfacet
  facet normal -0 0 1
    outer loop
      vertex 5.73007 50.6082 9.8
      vertex 6.1 48.675 9.8
      vertex 5.82888 50.8993 9.8
    endloop
  endfacet
  facet normal -0 -0 1
    outer loop
      vertex 5.96484 48.825 9.8
      vertex 6.1 48.675 9.8
      vertex 5.82888 49.1007 9.8
    endloop
  endfacet
  facet normal 0 0 1
    outer loop
      vertex 6.1 48.675 9.8
      vertex 5.96484 48.825 9.8
      vertex 6.06507 48.675 9.8
    endloop
  endfacet
  facet normal -0 0 1
    outer loop
      vertex 5.6701 50.3067 9.8
      vertex 6.1 48.675 9.8
      vertex 5.73007 50.6082 9.8
    endloop
  endfacet
  facet normal 0 0 1
    outer loop
      vertex 6.1 48.675 9.8
      vertex 5.73007 49.3918 9.8
      vertex 5.82888 49.1007 9.8
    endloop
  endfacet
  facet normal -0 0 1
    outer loop
      vertex 5.65 50 9.8
      vertex 6.1 48.675 9.8
      vertex 5.6701 50.3067 9.8
    endloop
  endfacet
  facet normal 0 0 1
    outer loop
      vertex 6.1 48.675 9.8
      vertex 5.6701 49.6933 9.8
      vertex 5.73007 49.3918 9.8
    endloop
  endfacet
  facet normal 0 0 1
    outer loop
      vertex 6.1 48.675 9.8
      vertex 5.65 50 9.8
      vertex 5.6701 49.6933 9.8
    endloop
  endfacet
  facet normal 0 0 1
    outer loop
      vertex 6.13562 48.5694 9.8
      vertex 6.1 48.675 9.8
      vertex 6.1 48.6227 9.8
    endloop
  endfacet
  facet normal -0.321405 -0.946942 0
    outer loop
      vertex 8.60822 52.2699 9.8
      vertex 8.89931 52.1711 16
      vertex 8.60822 52.2699 16
    endloop
  endfacet
  facet normal -0.321405 -0.946942 -0
    outer loop
      vertex 8.89931 52.1711 16
      vertex 8.60822 52.2699 9.8
      vertex 8.89931 52.1711 9.8
    endloop
  endfacet
  facet normal 0.659386 -0.751804 0
    outer loop
      vertex 6.3383 51.6617 9.8
      vertex 6.56941 51.8644 16
      vertex 6.3383 51.6617 16
    endloop
  endfacet
  facet normal 0.659386 -0.751804 0
    outer loop
      vertex 6.56941 51.8644 16
      vertex 6.3383 51.6617 9.8
      vertex 6.56941 51.8644 9.8
    endloop
  endfacet
  facet normal -0.555616 0.831439 0
    outer loop
      vertex 9.43059 48.1356 9.8
      vertex 9.175 47.9648 16
      vertex 9.43059 48.1356 16
    endloop
  endfacet
  facet normal -0.555616 0.831439 0
    outer loop
      vertex 9.175 47.9648 16
      vertex 9.43059 48.1356 9.8
      vertex 9.175 47.9648 9.8
    endloop
  endfacet
  facet normal 0.19519 -0.980765 0
    outer loop
      vertex 7.39178 52.2699 9.8
      vertex 7.69326 52.3299 16
      vertex 7.39178 52.2699 16
    endloop
  endfacet
  facet normal 0.19519 -0.980765 0
    outer loop
      vertex 7.69326 52.3299 16
      vertex 7.39178 52.2699 9.8
      vertex 7.69326 52.3299 9.8
    endloop
  endfacet
  facet normal 0.997859 0.0653961 0
    outer loop
      vertex 5.6701 49.6933 16
      vertex 5.65 50 9.8
      vertex 5.65 50 16
    endloop
  endfacet
  facet normal 0.997859 0.0653961 0
    outer loop
      vertex 5.65 50 9.8
      vertex 5.6701 49.6933 16
      vertex 5.6701 49.6933 9.8
    endloop
  endfacet
  facet normal 0.896873 0.442288 0
    outer loop
      vertex 5.96484 48.825 16
      vertex 5.82888 49.1007 9.8
      vertex 5.82888 49.1007 16
    endloop
  endfacet
  facet normal 0.896873 0.442288 0
    outer loop
      vertex 5.82888 49.1007 9.8
      vertex 5.96484 48.825 16
      vertex 5.96484 48.825 9.8
    endloop
  endfacet
  facet normal -0.0653876 -0.99786 0
    outer loop
      vertex 8 52.35 9.8
      vertex 8.30674 52.3299 16
      vertex 8 52.35 16
    endloop
  endfacet
  facet normal -0.0653876 -0.99786 -0
    outer loop
      vertex 8.30674 52.3299 16
      vertex 8 52.35 9.8
      vertex 8.30674 52.3299 9.8
    endloop
  endfacet
  facet normal 0.321405 0.946942 -0
    outer loop
      vertex 7.39178 47.7301 9.8
      vertex 7.10069 47.8289 16
      vertex 7.39178 47.7301 16
    endloop
  endfacet
  facet normal 0.321405 0.946942 0
    outer loop
      vertex 7.10069 47.8289 16
      vertex 7.39178 47.7301 9.8
      vertex 7.10069 47.8289 9.8
    endloop
  endfacet
  facet normal -0.19519 0.980765 0
    outer loop
      vertex 8.60822 47.7301 9.8
      vertex 8.30674 47.6701 16
      vertex 8.60822 47.7301 16
    endloop
  endfacet
  facet normal -0.19519 0.980765 0
    outer loop
      vertex 8.30674 47.6701 16
      vertex 8.60822 47.7301 9.8
      vertex 8.30674 47.6701 9.8
    endloop
  endfacet
  facet normal 0.442144 -0.896944 0
    outer loop
      vertex 6.825 52.0352 9.8
      vertex 7.10069 52.1711 16
      vertex 6.825 52.0352 16
    endloop
  endfacet
  facet normal 0.442144 -0.896944 0
    outer loop
      vertex 7.10069 52.1711 16
      vertex 6.825 52.0352 9.8
      vertex 7.10069 52.1711 9.8
    endloop
  endfacet
  facet normal -0.442144 -0.896944 0
    outer loop
      vertex 8.89931 52.1711 9.8
      vertex 9.175 52.0352 16
      vertex 8.89931 52.1711 16
    endloop
  endfacet
  facet normal -0.442144 -0.896944 -0
    outer loop
      vertex 9.175 52.0352 16
      vertex 8.89931 52.1711 9.8
      vertex 9.175 52.0352 9.8
    endloop
  endfacet
  facet normal -0.442144 0.896944 0
    outer loop
      vertex 9.175 47.9648 9.8
      vertex 8.89931 47.8289 16
      vertex 9.175 47.9648 16
    endloop
  endfacet
  facet normal -0.442144 0.896944 0
    outer loop
      vertex 8.89931 47.8289 16
      vertex 9.175 47.9648 9.8
      vertex 8.89931 47.8289 9.8
    endloop
  endfacet
  facet normal 0.980787 0.195084 0
    outer loop
      vertex 5.73007 49.3918 16
      vertex 5.6701 49.6933 9.8
      vertex 5.6701 49.6933 16
    endloop
  endfacet
  facet normal 0.980787 0.195084 0
    outer loop
      vertex 5.6701 49.6933 9.8
      vertex 5.73007 49.3918 16
      vertex 5.73007 49.3918 9.8
    endloop
  endfacet
  facet normal -0.997859 0.0653961 0
    outer loop
      vertex 10.3299 49.6933 9.8
      vertex 10.35 50 16
      vertex 10.35 50 9.8
    endloop
  endfacet
  facet normal -0.997859 0.0653961 0
    outer loop
      vertex 10.35 50 16
      vertex 10.3299 49.6933 9.8
      vertex 10.3299 49.6933 16
    endloop
  endfacet
  facet normal 0.555616 0.831439 -0
    outer loop
      vertex 6.825 47.9648 9.8
      vertex 6.56941 48.1356 16
      vertex 6.825 47.9648 16
    endloop
  endfacet
  facet normal 0.555616 0.831439 0
    outer loop
      vertex 6.56941 48.1356 16
      vertex 6.825 47.9648 9.8
      vertex 6.56941 48.1356 9.8
    endloop
  endfacet
  facet normal -0.751822 0.659366 0
    outer loop
      vertex 9.6617 48.3383 9.8
      vertex 9.86438 48.5694 16
      vertex 9.86438 48.5694 9.8
    endloop
  endfacet
  facet normal -0.751822 0.659366 0
    outer loop
      vertex 9.86438 48.5694 16
      vertex 9.6617 48.3383 9.8
      vertex 9.6617 48.3383 16
    endloop
  endfacet
  facet normal -0.831419 0.555646 0
    outer loop
      vertex 9.86438 48.5694 9.8
      vertex 10.0352 48.825 16
      vertex 10.0352 48.825 9.8
    endloop
  endfacet
  facet normal -0.831419 0.555646 0
    outer loop
      vertex 10.0352 48.825 16
      vertex 9.86438 48.5694 9.8
      vertex 9.86438 48.5694 16
    endloop
  endfacet
  facet normal 0.751822 0.659366 0
    outer loop
      vertex 6.3383 48.3383 16
      vertex 6.13562 48.5694 9.8
      vertex 6.13562 48.5694 16
    endloop
  endfacet
  facet normal 0.751822 0.659366 0
    outer loop
      vertex 6.13562 48.5694 9.8
      vertex 6.3383 48.3383 16
      vertex 6.3383 48.3383 9.8
    endloop
  endfacet
  facet normal 0.751822 -0.659366 0
    outer loop
      vertex 6.13562 51.4306 16
      vertex 6.3383 51.6617 9.8
      vertex 6.3383 51.6617 16
    endloop
  endfacet
  facet normal 0.751822 -0.659366 0
    outer loop
      vertex 6.3383 51.6617 9.8
      vertex 6.13562 51.4306 16
      vertex 6.13562 51.4306 9.8
    endloop
  endfacet
  facet normal 0.831479 -0.555556 0
    outer loop
      vertex 5.96484 51.175 16
      vertex 6.13562 51.4306 9.8
      vertex 6.13562 51.4306 16
    endloop
  endfacet
  facet normal 0.831479 -0.555556 0
    outer loop
      vertex 6.13562 51.4306 9.8
      vertex 5.96484 51.175 16
      vertex 5.96484 51.175 9.8
    endloop
  endfacet
  facet normal 0.659386 0.751804 -0
    outer loop
      vertex 6.56941 48.1356 9.8
      vertex 6.3383 48.3383 16
      vertex 6.56941 48.1356 16
    endloop
  endfacet
  facet normal 0.659386 0.751804 0
    outer loop
      vertex 6.3383 48.3383 16
      vertex 6.56941 48.1356 9.8
      vertex 6.3383 48.3383 9.8
    endloop
  endfacet
  facet normal -0.946945 0.321395 0
    outer loop
      vertex 10.1711 49.1007 9.8
      vertex 10.2699 49.3918 16
      vertex 10.2699 49.3918 9.8
    endloop
  endfacet
  facet normal -0.946945 0.321395 0
    outer loop
      vertex 10.2699 49.3918 16
      vertex 10.1711 49.1007 9.8
      vertex 10.1711 49.1007 16
    endloop
  endfacet
  facet normal 0.831461 0.555583 0
    outer loop
      vertex 5.96484 48.825 16
      vertex 6.06507 48.675 12.175
      vertex 5.96484 48.825 9.8
    endloop
  endfacet
  facet normal 0.831479 0.555556 1.52064e-06
    outer loop
      vertex 6.13562 48.5694 16
      vertex 6.06507 48.675 12.175
      vertex 5.96484 48.825 16
    endloop
  endfacet
  facet normal 0.831585 0.555397 -4.80958e-06
    outer loop
      vertex 6.06507 48.675 12.175
      vertex 6.13562 48.5694 16
      vertex 6.1 48.6227 12.175
    endloop
  endfacet
  facet normal 0.831426 0.555636 -0
    outer loop
      vertex 6.13562 48.5694 9.8
      vertex 6.1 48.6227 12.175
      vertex 6.13562 48.5694 16
    endloop
  endfacet
  facet normal 0.831426 0.555636 0
    outer loop
      vertex 6.1 48.6227 12.175
      vertex 6.13562 48.5694 9.8
      vertex 6.1 48.6227 9.8
    endloop
  endfacet
  facet normal 0.831461 0.555583 0
    outer loop
      vertex 5.96484 48.825 9.8
      vertex 6.06507 48.675 12.175
      vertex 6.06507 48.675 9.8
    endloop
  endfacet
  facet normal -0.89695 0.442131 0
    outer loop
      vertex 10.0352 48.825 9.8
      vertex 10.1711 49.1007 16
      vertex 10.1711 49.1007 9.8
    endloop
  endfacet
  facet normal -0.89695 0.442131 0
    outer loop
      vertex 10.1711 49.1007 16
      vertex 10.0352 48.825 9.8
      vertex 10.0352 48.825 16
    endloop
  endfacet
  facet normal 0.19519 0.980765 -0
    outer loop
      vertex 7.69326 47.6701 9.8
      vertex 7.39178 47.7301 16
      vertex 7.69326 47.6701 16
    endloop
  endfacet
  facet normal 0.19519 0.980765 0
    outer loop
      vertex 7.39178 47.7301 16
      vertex 7.69326 47.6701 9.8
      vertex 7.39178 47.7301 9.8
    endloop
  endfacet
  facet normal -0.0653876 0.99786 0
    outer loop
      vertex 8.30674 47.6701 9.8
      vertex 8 47.65 16
      vertex 8.30674 47.6701 16
    endloop
  endfacet
  facet normal -0.0653876 0.99786 0
    outer loop
      vertex 8 47.65 16
      vertex 8.30674 47.6701 9.8
      vertex 8 47.65 9.8
    endloop
  endfacet
  facet normal 0.442144 0.896944 -0
    outer loop
      vertex 7.10069 47.8289 9.8
      vertex 6.825 47.9648 16
      vertex 7.10069 47.8289 16
    endloop
  endfacet
  facet normal 0.442144 0.896944 0
    outer loop
      vertex 6.825 47.9648 16
      vertex 7.10069 47.8289 9.8
      vertex 6.825 47.9648 9.8
    endloop
  endfacet
  facet normal -0.19519 -0.980765 0
    outer loop
      vertex 8.30674 52.3299 9.8
      vertex 8.60822 52.2699 16
      vertex 8.30674 52.3299 16
    endloop
  endfacet
  facet normal -0.19519 -0.980765 -0
    outer loop
      vertex 8.60822 52.2699 16
      vertex 8.30674 52.3299 9.8
      vertex 8.60822 52.2699 9.8
    endloop
  endfacet
  facet normal -0.659386 0.751804 0
    outer loop
      vertex 9.6617 48.3383 9.8
      vertex 9.43059 48.1356 16
      vertex 9.6617 48.3383 16
    endloop
  endfacet
  facet normal -0.659386 0.751804 0
    outer loop
      vertex 9.43059 48.1356 16
      vertex 9.6617 48.3383 9.8
      vertex 9.43059 48.1356 9.8
    endloop
  endfacet
  facet normal -0.555616 -0.831439 0
    outer loop
      vertex 9.175 52.0352 9.8
      vertex 9.43059 51.8644 16
      vertex 9.175 52.0352 16
    endloop
  endfacet
  facet normal -0.555616 -0.831439 -0
    outer loop
      vertex 9.43059 51.8644 16
      vertex 9.175 52.0352 9.8
      vertex 9.43059 51.8644 9.8
    endloop
  endfacet
  facet normal 0.321405 -0.946942 0
    outer loop
      vertex 7.10069 52.1711 9.8
      vertex 7.39178 52.2699 16
      vertex 7.10069 52.1711 16
    endloop
  endfacet
  facet normal 0.321405 -0.946942 0
    outer loop
      vertex 7.39178 52.2699 16
      vertex 7.10069 52.1711 9.8
      vertex 7.39178 52.2699 9.8
    endloop
  endfacet
  facet normal 0.0653876 0.99786 -0
    outer loop
      vertex 8 47.65 9.8
      vertex 7.69326 47.6701 16
      vertex 8 47.65 16
    endloop
  endfacet
  facet normal 0.0653876 0.99786 0
    outer loop
      vertex 7.69326 47.6701 16
      vertex 8 47.65 9.8
      vertex 7.69326 47.6701 9.8
    endloop
  endfacet
  facet normal 0.896873 -0.442288 0
    outer loop
      vertex 5.82888 50.8993 16
      vertex 5.96484 51.175 9.8
      vertex 5.96484 51.175 16
    endloop
  endfacet
  facet normal 0.896873 -0.442288 0
    outer loop
      vertex 5.96484 51.175 9.8
      vertex 5.82888 50.8993 16
      vertex 5.82888 50.8993 9.8
    endloop
  endfacet
  facet normal 0.980787 -0.195084 0
    outer loop
      vertex 5.6701 50.3067 16
      vertex 5.73007 50.6082 9.8
      vertex 5.73007 50.6082 16
    endloop
  endfacet
  facet normal 0.980787 -0.195084 0
    outer loop
      vertex 5.73007 50.6082 9.8
      vertex 5.6701 50.3067 16
      vertex 5.6701 50.3067 9.8
    endloop
  endfacet
  facet normal -0.751822 -0.659366 0
    outer loop
      vertex 9.86438 51.4306 9.8
      vertex 9.6617 51.6617 16
      vertex 9.6617 51.6617 9.8
    endloop
  endfacet
  facet normal -0.751822 -0.659366 0
    outer loop
      vertex 9.6617 51.6617 16
      vertex 9.86438 51.4306 9.8
      vertex 9.86438 51.4306 16
    endloop
  endfacet
  facet normal -0.659386 -0.751804 0
    outer loop
      vertex 9.43059 51.8644 9.8
      vertex 9.6617 51.6617 16
      vertex 9.43059 51.8644 16
    endloop
  endfacet
  facet normal -0.659386 -0.751804 -0
    outer loop
      vertex 9.6617 51.6617 16
      vertex 9.43059 51.8644 9.8
      vertex 9.6617 51.6617 9.8
    endloop
  endfacet
  facet normal 0.0653876 -0.99786 0
    outer loop
      vertex 7.69326 52.3299 9.8
      vertex 8 52.35 16
      vertex 7.69326 52.3299 16
    endloop
  endfacet
  facet normal 0.0653876 -0.99786 0
    outer loop
      vertex 8 52.35 16
      vertex 7.69326 52.3299 9.8
      vertex 8 52.35 9.8
    endloop
  endfacet
  facet normal 0.946935 -0.321424 0
    outer loop
      vertex 5.73007 50.6082 16
      vertex 5.82888 50.8993 9.8
      vertex 5.82888 50.8993 16
    endloop
  endfacet
  facet normal 0.946935 -0.321424 0
    outer loop
      vertex 5.82888 50.8993 9.8
      vertex 5.73007 50.6082 16
      vertex 5.73007 50.6082 9.8
    endloop
  endfacet
  facet normal 0.997859 -0.0653961 0
    outer loop
      vertex 5.65 50 16
      vertex 5.6701 50.3067 9.8
      vertex 5.6701 50.3067 16
    endloop
  endfacet
  facet normal 0.997859 -0.0653961 0
    outer loop
      vertex 5.6701 50.3067 9.8
      vertex 5.65 50 16
      vertex 5.65 50 9.8
    endloop
  endfacet
  facet normal -0.980768 -0.195178 0
    outer loop
      vertex 10.3299 78.3067 9.8
      vertex 10.2699 78.6082 16
      vertex 10.2699 78.6082 9.8
    endloop
  endfacet
  facet normal -0.980768 -0.195178 0
    outer loop
      vertex 10.2699 78.6082 16
      vertex 10.3299 78.3067 9.8
      vertex 10.3299 78.3067 16
    endloop
  endfacet
  facet normal -0.997859 -0.0653961 0
    outer loop
      vertex 10.35 78 9.8
      vertex 10.3299 78.3067 16
      vertex 10.3299 78.3067 9.8
    endloop
  endfacet
  facet normal -0.997859 -0.0653961 0
    outer loop
      vertex 10.3299 78.3067 16
      vertex 10.35 78 9.8
      vertex 10.35 78 16
    endloop
  endfacet
  facet normal -0.946945 -0.321395 0
    outer loop
      vertex 10.2699 78.6082 9.8
      vertex 10.1711 78.8993 16
      vertex 10.1711 78.8993 9.8
    endloop
  endfacet
  facet normal -0.946945 -0.321395 0
    outer loop
      vertex 10.1711 78.8993 16
      vertex 10.2699 78.6082 9.8
      vertex 10.2699 78.6082 16
    endloop
  endfacet
  facet normal -0.831419 -0.555646 0
    outer loop
      vertex 10.0352 79.175 9.8
      vertex 9.86438 79.4306 16
      vertex 9.86438 79.4306 9.8
    endloop
  endfacet
  facet normal -0.831419 -0.555646 0
    outer loop
      vertex 9.86438 79.4306 16
      vertex 10.0352 79.175 9.8
      vertex 10.0352 79.175 16
    endloop
  endfacet
  facet normal 0.946935 0.321424 0
    outer loop
      vertex 5.82888 77.1007 16
      vertex 5.73007 77.3918 9.8
      vertex 5.73007 77.3918 16
    endloop
  endfacet
  facet normal 0.946935 0.321424 0
    outer loop
      vertex 5.73007 77.3918 9.8
      vertex 5.82888 77.1007 16
      vertex 5.82888 77.1007 9.8
    endloop
  endfacet
  facet normal -0.321405 0.946942 0
    outer loop
      vertex 8.89931 75.8289 9.8
      vertex 8.60822 75.7301 16
      vertex 8.89931 75.8289 16
    endloop
  endfacet
  facet normal -0.321405 0.946942 0
    outer loop
      vertex 8.60822 75.7301 16
      vertex 8.89931 75.8289 9.8
      vertex 8.60822 75.7301 9.8
    endloop
  endfacet
  facet normal -0.89695 -0.442131 0
    outer loop
      vertex 10.1711 78.8993 9.8
      vertex 10.0352 79.175 16
      vertex 10.0352 79.175 9.8
    endloop
  endfacet
  facet normal -0.89695 -0.442131 0
    outer loop
      vertex 10.0352 79.175 16
      vertex 10.1711 78.8993 9.8
      vertex 10.1711 78.8993 16
    endloop
  endfacet
  facet normal 0.555616 -0.831439 0
    outer loop
      vertex 6.56941 79.8644 9.8
      vertex 6.825 80.0352 16
      vertex 6.56941 79.8644 16
    endloop
  endfacet
  facet normal 0.555616 -0.831439 0
    outer loop
      vertex 6.825 80.0352 16
      vertex 6.56941 79.8644 9.8
      vertex 6.825 80.0352 9.8
    endloop
  endfacet
  facet normal -0.980768 0.195178 0
    outer loop
      vertex 10.2699 77.3918 9.8
      vertex 10.3299 77.6933 16
      vertex 10.3299 77.6933 9.8
    endloop
  endfacet
  facet normal -0.980768 0.195178 0
    outer loop
      vertex 10.3299 77.6933 16
      vertex 10.2699 77.3918 9.8
      vertex 10.2699 77.3918 16
    endloop
  endfacet
  facet normal 0 0 1
    outer loop
      vertex 10.3299 78.3067 9.8
      vertex 10.3299 77.6933 9.8
      vertex 10.35 78 9.8
    endloop
  endfacet
  facet normal 0 0 1
    outer loop
      vertex 6.1 78.825 9.8
      vertex 10.3299 78.3067 9.8
      vertex 10.2699 78.6082 9.8
    endloop
  endfacet
  facet normal 0 0 1
    outer loop
      vertex 10.3299 78.3067 9.8
      vertex 6.1 78.825 9.8
      vertex 10.3299 77.6933 9.8
    endloop
  endfacet
  facet normal -0 0 1
    outer loop
      vertex 6.1 78.825 9.8
      vertex 10.2699 78.6082 9.8
      vertex 10.1711 78.8993 9.8
    endloop
  endfacet
  facet normal 0 0 1
    outer loop
      vertex 10.3299 77.6933 9.8
      vertex 6.1 78.825 9.8
      vertex 10.2699 77.3918 9.8
    endloop
  endfacet
  facet normal 0 0 1
    outer loop
      vertex 6.1 78.825 9.8
      vertex 10.1711 78.8993 9.8
      vertex 10.0352 79.175 9.8
    endloop
  endfacet
  facet normal 0 0 1
    outer loop
      vertex 10.2699 77.3918 9.8
      vertex 6.1 78.825 9.8
      vertex 10.1711 77.1007 9.8
    endloop
  endfacet
  facet normal 0 0 1
    outer loop
      vertex 6.1 78.825 9.8
      vertex 10.0352 79.175 9.8
      vertex 9.86438 79.4306 9.8
    endloop
  endfacet
  facet normal 0 0 1
    outer loop
      vertex 10.1711 77.1007 9.8
      vertex 6.1 78.825 9.8
      vertex 10.0352 76.825 9.8
    endloop
  endfacet
  facet normal 0 0 1
    outer loop
      vertex 6.1 78.825 9.8
      vertex 9.86438 79.4306 9.8
      vertex 9.6617 79.6617 9.8
    endloop
  endfacet
  facet normal 0 0 1
    outer loop
      vertex 10.0352 76.825 9.8
      vertex 6.1 78.825 9.8
      vertex 9.86438 76.5694 9.8
    endloop
  endfacet
  facet normal 0 0 1
    outer loop
      vertex 6.1 78.825 9.8
      vertex 9.6617 79.6617 9.8
      vertex 9.43059 79.8644 9.8
    endloop
  endfacet
  facet normal 0 0 1
    outer loop
      vertex 9.86438 76.5694 9.8
      vertex 6.1 78.825 9.8
      vertex 9.6617 76.3383 9.8
    endloop
  endfacet
  facet normal 0 0 1
    outer loop
      vertex 6.1 78.825 9.8
      vertex 9.43059 79.8644 9.8
      vertex 9.175 80.0352 9.8
    endloop
  endfacet
  facet normal 0 0 1
    outer loop
      vertex 9.6617 76.3383 9.8
      vertex 6.1 78.825 9.8
      vertex 9.43059 76.1356 9.8
    endloop
  endfacet
  facet normal 0 0 1
    outer loop
      vertex 6.1 78.825 9.8
      vertex 9.175 80.0352 9.8
      vertex 8.89931 80.1711 9.8
    endloop
  endfacet
  facet normal 0 0 1
    outer loop
      vertex 9.43059 76.1356 9.8
      vertex 6.1 78.825 9.8
      vertex 9.175 75.9648 9.8
    endloop
  endfacet
  facet normal 0 0 1
    outer loop
      vertex 6.1 78.825 9.8
      vertex 8.89931 80.1711 9.8
      vertex 8.60822 80.2699 9.8
    endloop
  endfacet
  facet normal 0 0 1
    outer loop
      vertex 9.175 75.9648 9.8
      vertex 6.1 78.825 9.8
      vertex 8.89931 75.8289 9.8
    endloop
  endfacet
  facet normal 0 0 1
    outer loop
      vertex 6.1 78.825 9.8
      vertex 8.60822 80.2699 9.8
      vertex 8.30674 80.3299 9.8
    endloop
  endfacet
  facet normal 0 0 1
    outer loop
      vertex 8.89931 75.8289 9.8
      vertex 6.1 78.825 9.8
      vertex 8.60822 75.7301 9.8
    endloop
  endfacet
  facet normal 0 0 1
    outer loop
      vertex 6.1 78.825 9.8
      vertex 8.30674 80.3299 9.8
      vertex 8 80.35 9.8
    endloop
  endfacet
  facet normal 0 0 1
    outer loop
      vertex 8.60822 75.7301 9.8
      vertex 6.1 78.825 9.8
      vertex 8.30674 75.6701 9.8
    endloop
  endfacet
  facet normal 0 0 1
    outer loop
      vertex 6.1 78.825 9.8
      vertex 8 80.35 9.8
      vertex 7.69326 80.3299 9.8
    endloop
  endfacet
  facet normal 0 0 1
    outer loop
      vertex 8.30674 75.6701 9.8
      vertex 6.1 78.825 9.8
      vertex 8 75.65 9.8
    endloop
  endfacet
  facet normal 0 0 1
    outer loop
      vertex 6.1 78.825 9.8
      vertex 7.69326 80.3299 9.8
      vertex 7.39178 80.2699 9.8
    endloop
  endfacet
  facet normal 0 0 1
    outer loop
      vertex 8 75.65 9.8
      vertex 6.1 78.825 9.8
      vertex 7.69326 75.6701 9.8
    endloop
  endfacet
  facet normal 0 0 1
    outer loop
      vertex 6.1 78.825 9.8
      vertex 7.39178 80.2699 9.8
      vertex 7.10069 80.1711 9.8
    endloop
  endfacet
  facet normal 0 0 1
    outer loop
      vertex 7.69326 75.6701 9.8
      vertex 6.1 78.825 9.8
      vertex 7.39178 75.7301 9.8
    endloop
  endfacet
  facet normal 0 0 1
    outer loop
      vertex 6.1 78.825 9.8
      vertex 7.10069 80.1711 9.8
      vertex 6.825 80.0352 9.8
    endloop
  endfacet
  facet normal 0 0 1
    outer loop
      vertex 7.39178 75.7301 9.8
      vertex 6.1 78.825 9.8
      vertex 7.10069 75.8289 9.8
    endloop
  endfacet
  facet normal 0 0 1
    outer loop
      vertex 6.1 78.825 9.8
      vertex 6.825 80.0352 9.8
      vertex 6.56941 79.8644 9.8
    endloop
  endfacet
  facet normal 0 0 1
    outer loop
      vertex 7.10069 75.8289 9.8
      vertex 6.1 78.825 9.8
      vertex 6.825 75.9648 9.8
    endloop
  endfacet
  facet normal 0 0 1
    outer loop
      vertex 6.1 78.825 9.8
      vertex 6.56941 79.8644 9.8
      vertex 6.3383 79.6617 9.8
    endloop
  endfacet
  facet normal 0 0 1
    outer loop
      vertex 6.825 75.9648 9.8
      vertex 6.1 78.825 9.8
      vertex 6.56941 76.1356 9.8
    endloop
  endfacet
  facet normal 0 0 1
    outer loop
      vertex 6.1 78.825 9.8
      vertex 6.3383 79.6617 9.8
      vertex 6.13562 79.4306 9.8
    endloop
  endfacet
  facet normal 0 0 1
    outer loop
      vertex 6.56941 76.1356 9.8
      vertex 6.1 78.825 9.8
      vertex 6.3383 76.3383 9.8
    endloop
  endfacet
  facet normal 0 0 1
    outer loop
      vertex 6.1 78.825 9.8
      vertex 6.13562 79.4306 9.8
      vertex 6.1 79.3773 9.8
    endloop
  endfacet
  facet normal 0 0 1
    outer loop
      vertex 6.3383 76.3383 9.8
      vertex 6.1 78.825 9.8
      vertex 6.13562 76.5694 9.8
    endloop
  endfacet
  facet normal 0 0 1
    outer loop
      vertex 6.1 78.825 9.8
      vertex 5.96484 76.825 9.8
      vertex 6.13562 76.5694 9.8
    endloop
  endfacet
  facet normal 0 0 1
    outer loop
      vertex 6.1 78.825 9.8
      vertex 5.82888 77.1007 9.8
      vertex 5.96484 76.825 9.8
    endloop
  endfacet
  facet normal 0 0 1
    outer loop
      vertex 5.73007 78.6082 9.8
      vertex 6.1 78.825 9.8
      vertex 5.80366 78.825 9.8
    endloop
  endfacet
  facet normal 0 0 1
    outer loop
      vertex 6.1 78.825 9.8
      vertex 5.73007 78.6082 9.8
      vertex 5.6701 78.3067 9.8
    endloop
  endfacet
  facet normal 0 0 1
    outer loop
      vertex 6.1 78.825 9.8
      vertex 5.73007 77.3918 9.8
      vertex 5.82888 77.1007 9.8
    endloop
  endfacet
  facet normal 0 0 1
    outer loop
      vertex 5.65 78 9.8
      vertex 6.1 78.825 9.8
      vertex 5.6701 78.3067 9.8
    endloop
  endfacet
  facet normal 0 0 1
    outer loop
      vertex 6.1 78.825 9.8
      vertex 5.6701 77.6933 9.8
      vertex 5.73007 77.3918 9.8
    endloop
  endfacet
  facet normal 0 0 1
    outer loop
      vertex 6.1 78.825 9.8
      vertex 5.65 78 9.8
      vertex 5.6701 77.6933 9.8
    endloop
  endfacet
  facet normal -0.321405 -0.946942 0
    outer loop
      vertex 8.60822 80.2699 9.8
      vertex 8.89931 80.1711 16
      vertex 8.60822 80.2699 16
    endloop
  endfacet
  facet normal -0.321405 -0.946942 -0
    outer loop
      vertex 8.89931 80.1711 16
      vertex 8.60822 80.2699 9.8
      vertex 8.89931 80.1711 9.8
    endloop
  endfacet
  facet normal 0.659386 -0.751804 0
    outer loop
      vertex 6.3383 79.6617 9.8
      vertex 6.56941 79.8644 16
      vertex 6.3383 79.6617 16
    endloop
  endfacet
  facet normal 0.659386 -0.751804 0
    outer loop
      vertex 6.56941 79.8644 16
      vertex 6.3383 79.6617 9.8
      vertex 6.56941 79.8644 9.8
    endloop
  endfacet
  facet normal -0.555616 0.831439 0
    outer loop
      vertex 9.43059 76.1356 9.8
      vertex 9.175 75.9648 16
      vertex 9.43059 76.1356 16
    endloop
  endfacet
  facet normal -0.555616 0.831439 0
    outer loop
      vertex 9.175 75.9648 16
      vertex 9.43059 76.1356 9.8
      vertex 9.175 75.9648 9.8
    endloop
  endfacet
  facet normal 0.19519 -0.980765 0
    outer loop
      vertex 7.39178 80.2699 9.8
      vertex 7.69326 80.3299 16
      vertex 7.39178 80.2699 16
    endloop
  endfacet
  facet normal 0.19519 -0.980765 0
    outer loop
      vertex 7.69326 80.3299 16
      vertex 7.39178 80.2699 9.8
      vertex 7.69326 80.3299 9.8
    endloop
  endfacet
  facet normal 0.997859 0.0653961 0
    outer loop
      vertex 5.6701 77.6933 16
      vertex 5.65 78 9.8
      vertex 5.65 78 16
    endloop
  endfacet
  facet normal 0.997859 0.0653961 0
    outer loop
      vertex 5.65 78 9.8
      vertex 5.6701 77.6933 16
      vertex 5.6701 77.6933 9.8
    endloop
  endfacet
  facet normal 0.896873 0.442288 0
    outer loop
      vertex 5.96484 76.825 16
      vertex 5.82888 77.1007 9.8
      vertex 5.82888 77.1007 16
    endloop
  endfacet
  facet normal 0.896873 0.442288 0
    outer loop
      vertex 5.82888 77.1007 9.8
      vertex 5.96484 76.825 16
      vertex 5.96484 76.825 9.8
    endloop
  endfacet
  facet normal -0.0653876 -0.99786 0
    outer loop
      vertex 8 80.35 9.8
      vertex 8.30674 80.3299 16
      vertex 8 80.35 16
    endloop
  endfacet
  facet normal -0.0653876 -0.99786 -0
    outer loop
      vertex 8.30674 80.3299 16
      vertex 8 80.35 9.8
      vertex 8.30674 80.3299 9.8
    endloop
  endfacet
  facet normal 0.321405 0.946942 -0
    outer loop
      vertex 7.39178 75.7301 9.8
      vertex 7.10069 75.8289 16
      vertex 7.39178 75.7301 16
    endloop
  endfacet
  facet normal 0.321405 0.946942 0
    outer loop
      vertex 7.10069 75.8289 16
      vertex 7.39178 75.7301 9.8
      vertex 7.10069 75.8289 9.8
    endloop
  endfacet
  facet normal -0.19519 0.980765 0
    outer loop
      vertex 8.60822 75.7301 9.8
      vertex 8.30674 75.6701 16
      vertex 8.60822 75.7301 16
    endloop
  endfacet
  facet normal -0.19519 0.980765 0
    outer loop
      vertex 8.30674 75.6701 16
      vertex 8.60822 75.7301 9.8
      vertex 8.30674 75.6701 9.8
    endloop
  endfacet
  facet normal 0.442144 -0.896944 0
    outer loop
      vertex 6.825 80.0352 9.8
      vertex 7.10069 80.1711 16
      vertex 6.825 80.0352 16
    endloop
  endfacet
  facet normal 0.442144 -0.896944 0
    outer loop
      vertex 7.10069 80.1711 16
      vertex 6.825 80.0352 9.8
      vertex 7.10069 80.1711 9.8
    endloop
  endfacet
  facet normal 0.0653876 -0.99786 0
    outer loop
      vertex 7.69326 80.3299 9.8
      vertex 8 80.35 16
      vertex 7.69326 80.3299 16
    endloop
  endfacet
  facet normal 0.0653876 -0.99786 0
    outer loop
      vertex 8 80.35 16
      vertex 7.69326 80.3299 9.8
      vertex 8 80.35 9.8
    endloop
  endfacet
  facet normal -0.442144 -0.896944 0
    outer loop
      vertex 8.89931 80.1711 9.8
      vertex 9.175 80.0352 16
      vertex 8.89931 80.1711 16
    endloop
  endfacet
  facet normal -0.442144 -0.896944 -0
    outer loop
      vertex 9.175 80.0352 16
      vertex 8.89931 80.1711 9.8
      vertex 9.175 80.0352 9.8
    endloop
  endfacet
  facet normal -0.442144 0.896944 0
    outer loop
      vertex 9.175 75.9648 9.8
      vertex 8.89931 75.8289 16
      vertex 9.175 75.9648 16
    endloop
  endfacet
  facet normal -0.442144 0.896944 0
    outer loop
      vertex 8.89931 75.8289 16
      vertex 9.175 75.9648 9.8
      vertex 8.89931 75.8289 9.8
    endloop
  endfacet
  facet normal 0.980787 0.195084 0
    outer loop
      vertex 5.73007 77.3918 16
      vertex 5.6701 77.6933 9.8
      vertex 5.6701 77.6933 16
    endloop
  endfacet
  facet normal 0.980787 0.195084 0
    outer loop
      vertex 5.6701 77.6933 9.8
      vertex 5.73007 77.3918 16
      vertex 5.73007 77.3918 9.8
    endloop
  endfacet
  facet normal -0.997859 0.0653961 0
    outer loop
      vertex 10.3299 77.6933 9.8
      vertex 10.35 78 16
      vertex 10.35 78 9.8
    endloop
  endfacet
  facet normal -0.997859 0.0653961 0
    outer loop
      vertex 10.35 78 16
      vertex 10.3299 77.6933 9.8
      vertex 10.3299 77.6933 16
    endloop
  endfacet
  facet normal 0.555616 0.831439 -0
    outer loop
      vertex 6.825 75.9648 9.8
      vertex 6.56941 76.1356 16
      vertex 6.825 75.9648 16
    endloop
  endfacet
  facet normal 0.555616 0.831439 0
    outer loop
      vertex 6.56941 76.1356 16
      vertex 6.825 75.9648 9.8
      vertex 6.56941 76.1356 9.8
    endloop
  endfacet
  facet normal -0.751822 0.659366 0
    outer loop
      vertex 9.6617 76.3383 9.8
      vertex 9.86438 76.5694 16
      vertex 9.86438 76.5694 9.8
    endloop
  endfacet
  facet normal -0.751822 0.659366 0
    outer loop
      vertex 9.86438 76.5694 16
      vertex 9.6617 76.3383 9.8
      vertex 9.6617 76.3383 16
    endloop
  endfacet
  facet normal -0.831419 0.555646 0
    outer loop
      vertex 9.86438 76.5694 9.8
      vertex 10.0352 76.825 16
      vertex 10.0352 76.825 9.8
    endloop
  endfacet
  facet normal -0.831419 0.555646 0
    outer loop
      vertex 10.0352 76.825 16
      vertex 9.86438 76.5694 9.8
      vertex 9.86438 76.5694 16
    endloop
  endfacet
  facet normal 0.751822 0.659366 0
    outer loop
      vertex 6.3383 76.3383 16
      vertex 6.13562 76.5694 9.8
      vertex 6.13562 76.5694 16
    endloop
  endfacet
  facet normal 0.751822 0.659366 0
    outer loop
      vertex 6.13562 76.5694 9.8
      vertex 6.3383 76.3383 16
      vertex 6.3383 76.3383 9.8
    endloop
  endfacet
  facet normal 0.751822 -0.659366 0
    outer loop
      vertex 6.13562 79.4306 16
      vertex 6.3383 79.6617 9.8
      vertex 6.3383 79.6617 16
    endloop
  endfacet
  facet normal 0.751822 -0.659366 0
    outer loop
      vertex 6.3383 79.6617 9.8
      vertex 6.13562 79.4306 16
      vertex 6.13562 79.4306 9.8
    endloop
  endfacet
  facet normal -0.946945 0.321395 0
    outer loop
      vertex 10.1711 77.1007 9.8
      vertex 10.2699 77.3918 16
      vertex 10.2699 77.3918 9.8
    endloop
  endfacet
  facet normal -0.946945 0.321395 0
    outer loop
      vertex 10.2699 77.3918 16
      vertex 10.1711 77.1007 9.8
      vertex 10.1711 77.1007 16
    endloop
  endfacet
  facet normal 0.831479 0.555556 0
    outer loop
      vertex 6.13562 76.5694 16
      vertex 5.96484 76.825 9.8
      vertex 5.96484 76.825 16
    endloop
  endfacet
  facet normal 0.831479 0.555556 0
    outer loop
      vertex 5.96484 76.825 9.8
      vertex 6.13562 76.5694 16
      vertex 6.13562 76.5694 9.8
    endloop
  endfacet
  facet normal -0.89695 0.442131 0
    outer loop
      vertex 10.0352 76.825 9.8
      vertex 10.1711 77.1007 16
      vertex 10.1711 77.1007 9.8
    endloop
  endfacet
  facet normal -0.89695 0.442131 0
    outer loop
      vertex 10.1711 77.1007 16
      vertex 10.0352 76.825 9.8
      vertex 10.0352 76.825 16
    endloop
  endfacet
  facet normal 0.19519 0.980765 -0
    outer loop
      vertex 7.69326 75.6701 9.8
      vertex 7.39178 75.7301 16
      vertex 7.69326 75.6701 16
    endloop
  endfacet
  facet normal 0.19519 0.980765 0
    outer loop
      vertex 7.39178 75.7301 16
      vertex 7.69326 75.6701 9.8
      vertex 7.39178 75.7301 9.8
    endloop
  endfacet
  facet normal -0.0653876 0.99786 0
    outer loop
      vertex 8.30674 75.6701 9.8
      vertex 8 75.65 16
      vertex 8.30674 75.6701 16
    endloop
  endfacet
  facet normal -0.0653876 0.99786 0
    outer loop
      vertex 8 75.65 16
      vertex 8.30674 75.6701 9.8
      vertex 8 75.65 9.8
    endloop
  endfacet
  facet normal 0.442144 0.896944 -0
    outer loop
      vertex 7.10069 75.8289 9.8
      vertex 6.825 75.9648 16
      vertex 7.10069 75.8289 16
    endloop
  endfacet
  facet normal 0.442144 0.896944 0
    outer loop
      vertex 6.825 75.9648 16
      vertex 7.10069 75.8289 9.8
      vertex 6.825 75.9648 9.8
    endloop
  endfacet
  facet normal -0.19519 -0.980765 0
    outer loop
      vertex 8.30674 80.3299 9.8
      vertex 8.60822 80.2699 16
      vertex 8.30674 80.3299 16
    endloop
  endfacet
  facet normal -0.19519 -0.980765 -0
    outer loop
      vertex 8.60822 80.2699 16
      vertex 8.30674 80.3299 9.8
      vertex 8.60822 80.2699 9.8
    endloop
  endfacet
  facet normal -0.659386 0.751804 0
    outer loop
      vertex 9.6617 76.3383 9.8
      vertex 9.43059 76.1356 16
      vertex 9.6617 76.3383 16
    endloop
  endfacet
  facet normal -0.659386 0.751804 0
    outer loop
      vertex 9.43059 76.1356 16
      vertex 9.6617 76.3383 9.8
      vertex 9.43059 76.1356 9.8
    endloop
  endfacet
  facet normal -0.555616 -0.831439 0
    outer loop
      vertex 9.175 80.0352 9.8
      vertex 9.43059 79.8644 16
      vertex 9.175 80.0352 16
    endloop
  endfacet
  facet normal -0.555616 -0.831439 -0
    outer loop
      vertex 9.43059 79.8644 16
      vertex 9.175 80.0352 9.8
      vertex 9.43059 79.8644 9.8
    endloop
  endfacet
  facet normal 0.321405 -0.946942 0
    outer loop
      vertex 7.10069 80.1711 9.8
      vertex 7.39178 80.2699 16
      vertex 7.10069 80.1711 16
    endloop
  endfacet
  facet normal 0.321405 -0.946942 0
    outer loop
      vertex 7.39178 80.2699 16
      vertex 7.10069 80.1711 9.8
      vertex 7.39178 80.2699 9.8
    endloop
  endfacet
  facet normal 0.0653876 0.99786 -0
    outer loop
      vertex 8 75.65 9.8
      vertex 7.69326 75.6701 16
      vertex 8 75.65 16
    endloop
  endfacet
  facet normal 0.0653876 0.99786 0
    outer loop
      vertex 7.69326 75.6701 16
      vertex 8 75.65 9.8
      vertex 7.69326 75.6701 9.8
    endloop
  endfacet
  facet normal 0.896873 -0.442288 0
    outer loop
      vertex 5.82888 78.8993 16
      vertex 5.96484 79.175 12.175
      vertex 5.96484 79.175 16
    endloop
  endfacet
  facet normal 0.896873 -0.442288 0
    outer loop
      vertex 5.96484 79.175 12.175
      vertex 5.82888 78.8993 16
      vertex 5.82888 78.8993 12.175
    endloop
  endfacet
  facet normal 0.980787 -0.195084 0
    outer loop
      vertex 5.6701 78.3067 16
      vertex 5.73007 78.6082 9.8
      vertex 5.73007 78.6082 16
    endloop
  endfacet
  facet normal 0.980787 -0.195084 0
    outer loop
      vertex 5.73007 78.6082 9.8
      vertex 5.6701 78.3067 16
      vertex 5.6701 78.3067 9.8
    endloop
  endfacet
  facet normal -0.751822 -0.659366 0
    outer loop
      vertex 9.86438 79.4306 9.8
      vertex 9.6617 79.6617 16
      vertex 9.6617 79.6617 9.8
    endloop
  endfacet
  facet normal -0.751822 -0.659366 0
    outer loop
      vertex 9.6617 79.6617 16
      vertex 9.86438 79.4306 9.8
      vertex 9.86438 79.4306 16
    endloop
  endfacet
  facet normal 0.659386 0.751804 -0
    outer loop
      vertex 6.56941 76.1356 9.8
      vertex 6.3383 76.3383 16
      vertex 6.56941 76.1356 16
    endloop
  endfacet
  facet normal 0.659386 0.751804 0
    outer loop
      vertex 6.3383 76.3383 16
      vertex 6.56941 76.1356 9.8
      vertex 6.3383 76.3383 9.8
    endloop
  endfacet
  facet normal -0.659386 -0.751804 0
    outer loop
      vertex 9.43059 79.8644 9.8
      vertex 9.6617 79.6617 16
      vertex 9.43059 79.8644 16
    endloop
  endfacet
  facet normal -0.659386 -0.751804 -0
    outer loop
      vertex 9.6617 79.6617 16
      vertex 9.43059 79.8644 9.8
      vertex 9.6617 79.6617 9.8
    endloop
  endfacet
  facet normal 0.946936 -0.321423 0
    outer loop
      vertex 5.82888 78.8993 16
      vertex 5.80366 78.825 12.175
      vertex 5.82888 78.8993 12.175
    endloop
  endfacet
  facet normal 0.946935 -0.321424 3.48683e-08
    outer loop
      vertex 5.73007 78.6082 16
      vertex 5.80366 78.825 12.175
      vertex 5.82888 78.8993 16
    endloop
  endfacet
  facet normal 0.946935 -0.321425 0
    outer loop
      vertex 5.73007 78.6082 9.8
      vertex 5.80366 78.825 12.175
      vertex 5.73007 78.6082 16
    endloop
  endfacet
  facet normal 0.946935 -0.321425 0
    outer loop
      vertex 5.80366 78.825 12.175
      vertex 5.73007 78.6082 9.8
      vertex 5.80366 78.825 9.8
    endloop
  endfacet
  facet normal 0.997859 -0.0653961 0
    outer loop
      vertex 5.65 78 16
      vertex 5.6701 78.3067 9.8
      vertex 5.6701 78.3067 16
    endloop
  endfacet
  facet normal 0.997859 -0.0653961 0
    outer loop
      vertex 5.6701 78.3067 9.8
      vertex 5.65 78 16
      vertex 5.65 78 9.8
    endloop
  endfacet
  facet normal 0.831426 -0.555636 0
    outer loop
      vertex 6.13562 79.4306 16
      vertex 6.1 79.3773 12.175
      vertex 6.13562 79.4306 9.8
    endloop
  endfacet
  facet normal 0.831479 -0.555556 -1.61419e-06
    outer loop
      vertex 5.96484 79.175 16
      vertex 6.1 79.3773 12.175
      vertex 6.13562 79.4306 16
    endloop
  endfacet
  facet normal 0.831493 -0.555535 0
    outer loop
      vertex 6.1 79.3773 12.175
      vertex 5.96484 79.175 16
      vertex 5.96484 79.175 12.175
    endloop
  endfacet
  facet normal 0.831426 -0.555636 0
    outer loop
      vertex 6.13562 79.4306 9.8
      vertex 6.1 79.3773 12.175
      vertex 6.1 79.3773 9.8
    endloop
  endfacet
  facet normal -0.980768 -0.195178 0
    outer loop
      vertex 250.33 50.3067 9.8
      vertex 250.27 50.6082 16
      vertex 250.27 50.6082 9.8
    endloop
  endfacet
  facet normal -0.980768 -0.195178 0
    outer loop
      vertex 250.27 50.6082 16
      vertex 250.33 50.3067 9.8
      vertex 250.33 50.3067 16
    endloop
  endfacet
  facet normal -0.997881 -0.0650721 0
    outer loop
      vertex 250.35 50 9.8
      vertex 250.33 50.3067 16
      vertex 250.33 50.3067 9.8
    endloop
  endfacet
  facet normal -0.997881 -0.0650721 0
    outer loop
      vertex 250.33 50.3067 16
      vertex 250.35 50 9.8
      vertex 250.35 50 16
    endloop
  endfacet
  facet normal -0.946747 -0.321979 0
    outer loop
      vertex 250.27 50.6082 9.8
      vertex 250.171 50.8993 16
      vertex 250.171 50.8993 9.8
    endloop
  endfacet
  facet normal -0.946747 -0.321979 0
    outer loop
      vertex 250.171 50.8993 16
      vertex 250.27 50.6082 9.8
      vertex 250.27 50.6082 16
    endloop
  endfacet
  facet normal -0.831149 -0.55605 0
    outer loop
      vertex 250.035 51.175 9.8
      vertex 249.864 51.4306 16
      vertex 249.864 51.4306 9.8
    endloop
  endfacet
  facet normal -0.831149 -0.55605 0
    outer loop
      vertex 249.864 51.4306 16
      vertex 250.035 51.175 9.8
      vertex 250.035 51.175 16
    endloop
  endfacet
  facet normal 0.946747 0.321979 0
    outer loop
      vertex 245.829 49.1007 16
      vertex 245.73 49.3918 9.8
      vertex 245.73 49.3918 16
    endloop
  endfacet
  facet normal 0.946747 0.321979 0
    outer loop
      vertex 245.73 49.3918 9.8
      vertex 245.829 49.1007 16
      vertex 245.829 49.1007 9.8
    endloop
  endfacet
  facet normal -0.321494 0.946911 0
    outer loop
      vertex 248.899 47.8289 9.8
      vertex 248.608 47.7301 16
      vertex 248.899 47.8289 16
    endloop
  endfacet
  facet normal -0.321494 0.946911 0
    outer loop
      vertex 248.608 47.7301 16
      vertex 248.899 47.8289 9.8
      vertex 248.608 47.7301 9.8
    endloop
  endfacet
  facet normal -0.896821 -0.442393 0
    outer loop
      vertex 250.171 50.8993 9.8
      vertex 250.035 51.175 16
      vertex 250.035 51.175 9.8
    endloop
  endfacet
  facet normal -0.896821 -0.442393 0
    outer loop
      vertex 250.035 51.175 16
      vertex 250.171 50.8993 9.8
      vertex 250.171 50.8993 16
    endloop
  endfacet
  facet normal 0.555 -0.83185 0
    outer loop
      vertex 246.569 51.8644 9.8
      vertex 246.825 52.0352 16
      vertex 246.569 51.8644 16
    endloop
  endfacet
  facet normal 0.555 -0.83185 0
    outer loop
      vertex 246.825 52.0352 16
      vertex 246.569 51.8644 9.8
      vertex 246.825 52.0352 9.8
    endloop
  endfacet
  facet normal -0.980768 0.195178 0
    outer loop
      vertex 250.27 49.3918 9.8
      vertex 250.33 49.6933 16
      vertex 250.33 49.6933 9.8
    endloop
  endfacet
  facet normal -0.980768 0.195178 0
    outer loop
      vertex 250.33 49.6933 16
      vertex 250.27 49.3918 9.8
      vertex 250.27 49.3918 16
    endloop
  endfacet
  facet normal 0 0 1
    outer loop
      vertex 250.33 50.3067 9.8
      vertex 250.33 49.6933 9.8
      vertex 250.35 50 9.8
    endloop
  endfacet
  facet normal 0 0 1
    outer loop
      vertex 250.27 50.6082 9.8
      vertex 250.33 49.6933 9.8
      vertex 250.33 50.3067 9.8
    endloop
  endfacet
  facet normal 0 0 1
    outer loop
      vertex 250.27 50.6082 9.8
      vertex 250.27 49.3918 9.8
      vertex 250.33 49.6933 9.8
    endloop
  endfacet
  facet normal 0 0 1
    outer loop
      vertex 250.171 50.8993 9.8
      vertex 250.27 49.3918 9.8
      vertex 250.27 50.6082 9.8
    endloop
  endfacet
  facet normal 0 0 1
    outer loop
      vertex 250.171 50.8993 9.8
      vertex 250.171 49.1007 9.8
      vertex 250.27 49.3918 9.8
    endloop
  endfacet
  facet normal 0 0 1
    outer loop
      vertex 250.035 51.175 9.8
      vertex 250.171 49.1007 9.8
      vertex 250.171 50.8993 9.8
    endloop
  endfacet
  facet normal 0 0 1
    outer loop
      vertex 250.035 51.175 9.8
      vertex 250.035 48.825 9.8
      vertex 250.171 49.1007 9.8
    endloop
  endfacet
  facet normal 0 0 1
    outer loop
      vertex 249.864 51.4306 9.8
      vertex 250.035 48.825 9.8
      vertex 250.035 51.175 9.8
    endloop
  endfacet
  facet normal 0 0 1
    outer loop
      vertex 249.864 51.4306 9.8
      vertex 249.864 48.5694 9.8
      vertex 250.035 48.825 9.8
    endloop
  endfacet
  facet normal 0 0 1
    outer loop
      vertex 249.662 51.6617 9.8
      vertex 249.864 48.5694 9.8
      vertex 249.864 51.4306 9.8
    endloop
  endfacet
  facet normal 0 0 1
    outer loop
      vertex 249.662 51.6617 9.8
      vertex 249.662 48.3383 9.8
      vertex 249.864 48.5694 9.8
    endloop
  endfacet
  facet normal 0 0 1
    outer loop
      vertex 249.431 51.8644 9.8
      vertex 249.662 48.3383 9.8
      vertex 249.662 51.6617 9.8
    endloop
  endfacet
  facet normal 0 0 1
    outer loop
      vertex 249.431 51.8644 9.8
      vertex 249.431 48.1356 9.8
      vertex 249.662 48.3383 9.8
    endloop
  endfacet
  facet normal 0 0 1
    outer loop
      vertex 249.175 52.0352 9.8
      vertex 249.431 48.1356 9.8
      vertex 249.431 51.8644 9.8
    endloop
  endfacet
  facet normal 0 0 1
    outer loop
      vertex 249.175 52.0352 9.8
      vertex 249.175 47.9648 9.8
      vertex 249.431 48.1356 9.8
    endloop
  endfacet
  facet normal 0 0 1
    outer loop
      vertex 248.899 52.1711 9.8
      vertex 249.175 47.9648 9.8
      vertex 249.175 52.0352 9.8
    endloop
  endfacet
  facet normal 0 0 1
    outer loop
      vertex 248.899 52.1711 9.8
      vertex 248.899 47.8289 9.8
      vertex 249.175 47.9648 9.8
    endloop
  endfacet
  facet normal 0 0 1
    outer loop
      vertex 248.608 52.2699 9.8
      vertex 248.899 47.8289 9.8
      vertex 248.899 52.1711 9.8
    endloop
  endfacet
  facet normal 0 0 1
    outer loop
      vertex 248.608 52.2699 9.8
      vertex 248.608 47.7301 9.8
      vertex 248.899 47.8289 9.8
    endloop
  endfacet
  facet normal 0 0 1
    outer loop
      vertex 248.307 52.3299 9.8
      vertex 248.608 47.7301 9.8
      vertex 248.608 52.2699 9.8
    endloop
  endfacet
  facet normal 0 0 1
    outer loop
      vertex 248.307 52.3299 9.8
      vertex 248.307 47.6701 9.8
      vertex 248.608 47.7301 9.8
    endloop
  endfacet
  facet normal 0 0 1
    outer loop
      vertex 248 52.35 9.8
      vertex 248.307 47.6701 9.8
      vertex 248.307 52.3299 9.8
    endloop
  endfacet
  facet normal 0 0 1
    outer loop
      vertex 248 52.35 9.8
      vertex 248 47.65 9.8
      vertex 248.307 47.6701 9.8
    endloop
  endfacet
  facet normal -0 0 1
    outer loop
      vertex 247.693 52.3299 9.8
      vertex 248 47.65 9.8
      vertex 248 52.35 9.8
    endloop
  endfacet
  facet normal 0 0 1
    outer loop
      vertex 247.693 52.3299 9.8
      vertex 247.693 47.6701 9.8
      vertex 248 47.65 9.8
    endloop
  endfacet
  facet normal -0 0 1
    outer loop
      vertex 247.392 52.2699 9.8
      vertex 247.693 47.6701 9.8
      vertex 247.693 52.3299 9.8
    endloop
  endfacet
  facet normal 0 0 1
    outer loop
      vertex 247.392 52.2699 9.8
      vertex 247.392 47.7301 9.8
      vertex 247.693 47.6701 9.8
    endloop
  endfacet
  facet normal -0 0 1
    outer loop
      vertex 247.101 52.1711 9.8
      vertex 247.392 47.7301 9.8
      vertex 247.392 52.2699 9.8
    endloop
  endfacet
  facet normal 0 0 1
    outer loop
      vertex 247.101 52.1711 9.8
      vertex 247.101 47.8289 9.8
      vertex 247.392 47.7301 9.8
    endloop
  endfacet
  facet normal -0 0 1
    outer loop
      vertex 246.825 52.0352 9.8
      vertex 247.101 47.8289 9.8
      vertex 247.101 52.1711 9.8
    endloop
  endfacet
  facet normal 0 0 1
    outer loop
      vertex 246.825 52.0352 9.8
      vertex 246.825 47.9648 9.8
      vertex 247.101 47.8289 9.8
    endloop
  endfacet
  facet normal -0 0 1
    outer loop
      vertex 246.569 51.8644 9.8
      vertex 246.825 47.9648 9.8
      vertex 246.825 52.0352 9.8
    endloop
  endfacet
  facet normal 0 0 1
    outer loop
      vertex 246.569 51.8644 9.8
      vertex 246.569 48.1356 9.8
      vertex 246.825 47.9648 9.8
    endloop
  endfacet
  facet normal -0 0 1
    outer loop
      vertex 246.338 51.6617 9.8
      vertex 246.569 48.1356 9.8
      vertex 246.569 51.8644 9.8
    endloop
  endfacet
  facet normal 0 0 1
    outer loop
      vertex 246.338 51.6617 9.8
      vertex 246.338 48.3383 9.8
      vertex 246.569 48.1356 9.8
    endloop
  endfacet
  facet normal -0 0 1
    outer loop
      vertex 246.136 51.4306 9.8
      vertex 246.338 48.3383 9.8
      vertex 246.338 51.6617 9.8
    endloop
  endfacet
  facet normal 0 0 1
    outer loop
      vertex 246.136 51.4306 9.8
      vertex 246.136 48.5694 9.8
      vertex 246.338 48.3383 9.8
    endloop
  endfacet
  facet normal -0 0 1
    outer loop
      vertex 245.965 51.175 9.8
      vertex 246.136 48.5694 9.8
      vertex 246.136 51.4306 9.8
    endloop
  endfacet
  facet normal 0 0 1
    outer loop
      vertex 245.965 51.175 9.8
      vertex 245.965 48.825 9.8
      vertex 246.136 48.5694 9.8
    endloop
  endfacet
  facet normal -0 0 1
    outer loop
      vertex 245.829 50.8993 9.8
      vertex 245.965 48.825 9.8
      vertex 245.965 51.175 9.8
    endloop
  endfacet
  facet normal 0 0 1
    outer loop
      vertex 245.829 50.8993 9.8
      vertex 245.829 49.1007 9.8
      vertex 245.965 48.825 9.8
    endloop
  endfacet
  facet normal -0 0 1
    outer loop
      vertex 245.73 50.6082 9.8
      vertex 245.829 49.1007 9.8
      vertex 245.829 50.8993 9.8
    endloop
  endfacet
  facet normal 0 0 1
    outer loop
      vertex 245.73 50.6082 9.8
      vertex 245.73 49.3918 9.8
      vertex 245.829 49.1007 9.8
    endloop
  endfacet
  facet normal -0 0 1
    outer loop
      vertex 245.67 50.3067 9.8
      vertex 245.73 49.3918 9.8
      vertex 245.73 50.6082 9.8
    endloop
  endfacet
  facet normal 0 0 1
    outer loop
      vertex 245.67 50.3067 9.8
      vertex 245.67 49.6933 9.8
      vertex 245.73 49.3918 9.8
    endloop
  endfacet
  facet normal 0 -0 1
    outer loop
      vertex 245.67 49.6933 9.8
      vertex 245.67 50.3067 9.8
      vertex 245.65 50 9.8
    endloop
  endfacet
  facet normal -0.321494 -0.946911 0
    outer loop
      vertex 248.608 52.2699 9.8
      vertex 248.899 52.1711 16
      vertex 248.608 52.2699 16
    endloop
  endfacet
  facet normal -0.321494 -0.946911 -0
    outer loop
      vertex 248.899 52.1711 16
      vertex 248.608 52.2699 9.8
      vertex 248.899 52.1711 9.8
    endloop
  endfacet
  facet normal 0.659564 -0.751649 0
    outer loop
      vertex 246.338 51.6617 9.8
      vertex 246.569 51.8644 16
      vertex 246.338 51.6617 16
    endloop
  endfacet
  facet normal 0.659564 -0.751649 0
    outer loop
      vertex 246.569 51.8644 16
      vertex 246.338 51.6617 9.8
      vertex 246.569 51.8644 9.8
    endloop
  endfacet
  facet normal -0.555 0.83185 0
    outer loop
      vertex 249.431 48.1356 9.8
      vertex 249.175 47.9648 16
      vertex 249.431 48.1356 16
    endloop
  endfacet
  facet normal -0.555 0.83185 0
    outer loop
      vertex 249.175 47.9648 16
      vertex 249.431 48.1356 9.8
      vertex 249.175 47.9648 9.8
    endloop
  endfacet
  facet normal 0.19549 -0.980706 0
    outer loop
      vertex 247.392 52.2699 9.8
      vertex 247.693 52.3299 16
      vertex 247.392 52.2699 16
    endloop
  endfacet
  facet normal 0.19549 -0.980706 0
    outer loop
      vertex 247.693 52.3299 16
      vertex 247.392 52.2699 9.8
      vertex 247.693 52.3299 9.8
    endloop
  endfacet
  facet normal 0.997881 0.0650721 0
    outer loop
      vertex 245.67 49.6933 16
      vertex 245.65 50 9.8
      vertex 245.65 50 16
    endloop
  endfacet
  facet normal 0.997881 0.0650721 0
    outer loop
      vertex 245.65 50 9.8
      vertex 245.67 49.6933 16
      vertex 245.67 49.6933 9.8
    endloop
  endfacet
  facet normal 0.896821 0.442393 0
    outer loop
      vertex 245.965 48.825 16
      vertex 245.829 49.1007 9.8
      vertex 245.829 49.1007 16
    endloop
  endfacet
  facet normal 0.896821 0.442393 0
    outer loop
      vertex 245.829 49.1007 9.8
      vertex 245.965 48.825 16
      vertex 245.965 48.825 9.8
    endloop
  endfacet
  facet normal -0.0653324 -0.997864 0
    outer loop
      vertex 248 52.35 9.8
      vertex 248.307 52.3299 16
      vertex 248 52.35 16
    endloop
  endfacet
  facet normal -0.0653324 -0.997864 -0
    outer loop
      vertex 248.307 52.3299 16
      vertex 248 52.35 9.8
      vertex 248.307 52.3299 9.8
    endloop
  endfacet
  facet normal 0.321494 0.946911 -0
    outer loop
      vertex 247.392 47.7301 9.8
      vertex 247.101 47.8289 16
      vertex 247.392 47.7301 16
    endloop
  endfacet
  facet normal 0.321494 0.946911 0
    outer loop
      vertex 247.101 47.8289 16
      vertex 247.392 47.7301 9.8
      vertex 247.101 47.8289 9.8
    endloop
  endfacet
  facet normal -0.19549 0.980706 0
    outer loop
      vertex 248.608 47.7301 9.8
      vertex 248.307 47.6701 16
      vertex 248.608 47.7301 16
    endloop
  endfacet
  facet normal -0.19549 0.980706 0
    outer loop
      vertex 248.307 47.6701 16
      vertex 248.608 47.7301 9.8
      vertex 248.307 47.6701 9.8
    endloop
  endfacet
  facet normal 0.441744 -0.897141 0
    outer loop
      vertex 246.825 52.0352 9.8
      vertex 247.101 52.1711 16
      vertex 246.825 52.0352 16
    endloop
  endfacet
  facet normal 0.441744 -0.897141 0
    outer loop
      vertex 247.101 52.1711 16
      vertex 246.825 52.0352 9.8
      vertex 247.101 52.1711 9.8
    endloop
  endfacet
  facet normal -0.441744 -0.897141 0
    outer loop
      vertex 248.899 52.1711 9.8
      vertex 249.175 52.0352 16
      vertex 248.899 52.1711 16
    endloop
  endfacet
  facet normal -0.441744 -0.897141 -0
    outer loop
      vertex 249.175 52.0352 16
      vertex 248.899 52.1711 9.8
      vertex 249.175 52.0352 9.8
    endloop
  endfacet
  facet normal -0.441744 0.897141 0
    outer loop
      vertex 249.175 47.9648 9.8
      vertex 248.899 47.8289 16
      vertex 249.175 47.9648 16
    endloop
  endfacet
  facet normal -0.441744 0.897141 0
    outer loop
      vertex 248.899 47.8289 16
      vertex 249.175 47.9648 9.8
      vertex 248.899 47.8289 9.8
    endloop
  endfacet
  facet normal 0.980768 0.195178 0
    outer loop
      vertex 245.73 49.3918 16
      vertex 245.67 49.6933 9.8
      vertex 245.67 49.6933 16
    endloop
  endfacet
  facet normal 0.980768 0.195178 0
    outer loop
      vertex 245.67 49.6933 9.8
      vertex 245.73 49.3918 16
      vertex 245.73 49.3918 9.8
    endloop
  endfacet
  facet normal -0.997881 0.0650721 0
    outer loop
      vertex 250.33 49.6933 9.8
      vertex 250.35 50 16
      vertex 250.35 50 9.8
    endloop
  endfacet
  facet normal -0.997881 0.0650721 0
    outer loop
      vertex 250.35 50 16
      vertex 250.33 49.6933 9.8
      vertex 250.33 49.6933 16
    endloop
  endfacet
  facet normal 0.555 0.83185 -0
    outer loop
      vertex 246.825 47.9648 9.8
      vertex 246.569 48.1356 16
      vertex 246.825 47.9648 16
    endloop
  endfacet
  facet normal 0.555 0.83185 0
    outer loop
      vertex 246.569 48.1356 16
      vertex 246.825 47.9648 9.8
      vertex 246.569 48.1356 9.8
    endloop
  endfacet
  facet normal -0.75292 0.658112 0
    outer loop
      vertex 249.662 48.3383 9.8
      vertex 249.864 48.5694 16
      vertex 249.864 48.5694 9.8
    endloop
  endfacet
  facet normal -0.75292 0.658112 0
    outer loop
      vertex 249.864 48.5694 16
      vertex 249.662 48.3383 9.8
      vertex 249.662 48.3383 16
    endloop
  endfacet
  facet normal -0.831149 0.55605 0
    outer loop
      vertex 249.864 48.5694 9.8
      vertex 250.035 48.825 16
      vertex 250.035 48.825 9.8
    endloop
  endfacet
  facet normal -0.831149 0.55605 0
    outer loop
      vertex 250.035 48.825 16
      vertex 249.864 48.5694 9.8
      vertex 249.864 48.5694 16
    endloop
  endfacet
  facet normal 0.75292 0.658112 0
    outer loop
      vertex 246.338 48.3383 16
      vertex 246.136 48.5694 9.8
      vertex 246.136 48.5694 16
    endloop
  endfacet
  facet normal 0.75292 0.658112 0
    outer loop
      vertex 246.136 48.5694 9.8
      vertex 246.338 48.3383 16
      vertex 246.338 48.3383 9.8
    endloop
  endfacet
  facet normal 0.75292 -0.658112 0
    outer loop
      vertex 246.136 51.4306 16
      vertex 246.338 51.6617 9.8
      vertex 246.338 51.6617 16
    endloop
  endfacet
  facet normal 0.75292 -0.658112 0
    outer loop
      vertex 246.338 51.6617 9.8
      vertex 246.136 51.4306 16
      vertex 246.136 51.4306 9.8
    endloop
  endfacet
  facet normal 0.831149 -0.55605 0
    outer loop
      vertex 245.965 51.175 16
      vertex 246.136 51.4306 9.8
      vertex 246.136 51.4306 16
    endloop
  endfacet
  facet normal 0.831149 -0.55605 0
    outer loop
      vertex 246.136 51.4306 9.8
      vertex 245.965 51.175 16
      vertex 245.965 51.175 9.8
    endloop
  endfacet
  facet normal -0.946747 0.321979 0
    outer loop
      vertex 250.171 49.1007 9.8
      vertex 250.27 49.3918 16
      vertex 250.27 49.3918 9.8
    endloop
  endfacet
  facet normal -0.946747 0.321979 0
    outer loop
      vertex 250.27 49.3918 16
      vertex 250.171 49.1007 9.8
      vertex 250.171 49.1007 16
    endloop
  endfacet
  facet normal 0.831149 0.55605 0
    outer loop
      vertex 246.136 48.5694 16
      vertex 245.965 48.825 9.8
      vertex 245.965 48.825 16
    endloop
  endfacet
  facet normal 0.831149 0.55605 0
    outer loop
      vertex 245.965 48.825 9.8
      vertex 246.136 48.5694 16
      vertex 246.136 48.5694 9.8
    endloop
  endfacet
  facet normal -0.896821 0.442393 0
    outer loop
      vertex 250.035 48.825 9.8
      vertex 250.171 49.1007 16
      vertex 250.171 49.1007 9.8
    endloop
  endfacet
  facet normal -0.896821 0.442393 0
    outer loop
      vertex 250.171 49.1007 16
      vertex 250.035 48.825 9.8
      vertex 250.035 48.825 16
    endloop
  endfacet
  facet normal 0.19549 0.980706 -0
    outer loop
      vertex 247.693 47.6701 9.8
      vertex 247.392 47.7301 16
      vertex 247.693 47.6701 16
    endloop
  endfacet
  facet normal 0.19549 0.980706 0
    outer loop
      vertex 247.392 47.7301 16
      vertex 247.693 47.6701 9.8
      vertex 247.392 47.7301 9.8
    endloop
  endfacet
  facet normal -0.0653324 0.997864 0
    outer loop
      vertex 248.307 47.6701 9.8
      vertex 248 47.65 16
      vertex 248.307 47.6701 16
    endloop
  endfacet
  facet normal -0.0653324 0.997864 0
    outer loop
      vertex 248 47.65 16
      vertex 248.307 47.6701 9.8
      vertex 248 47.65 9.8
    endloop
  endfacet
  facet normal 0.441744 0.897141 -0
    outer loop
      vertex 247.101 47.8289 9.8
      vertex 246.825 47.9648 16
      vertex 247.101 47.8289 16
    endloop
  endfacet
  facet normal 0.441744 0.897141 0
    outer loop
      vertex 246.825 47.9648 16
      vertex 247.101 47.8289 9.8
      vertex 246.825 47.9648 9.8
    endloop
  endfacet
  facet normal -0.19549 -0.980706 0
    outer loop
      vertex 248.307 52.3299 9.8
      vertex 248.608 52.2699 16
      vertex 248.307 52.3299 16
    endloop
  endfacet
  facet normal -0.19549 -0.980706 -0
    outer loop
      vertex 248.608 52.2699 16
      vertex 248.307 52.3299 9.8
      vertex 248.608 52.2699 9.8
    endloop
  endfacet
  facet normal -0.659564 0.751649 0
    outer loop
      vertex 249.662 48.3383 9.8
      vertex 249.431 48.1356 16
      vertex 249.662 48.3383 16
    endloop
  endfacet
  facet normal -0.659564 0.751649 0
    outer loop
      vertex 249.431 48.1356 16
      vertex 249.662 48.3383 9.8
      vertex 249.431 48.1356 9.8
    endloop
  endfacet
  facet normal -0.555 -0.83185 0
    outer loop
      vertex 249.175 52.0352 9.8
      vertex 249.431 51.8644 16
      vertex 249.175 52.0352 16
    endloop
  endfacet
  facet normal -0.555 -0.83185 -0
    outer loop
      vertex 249.431 51.8644 16
      vertex 249.175 52.0352 9.8
      vertex 249.431 51.8644 9.8
    endloop
  endfacet
  facet normal 0.321494 -0.946911 0
    outer loop
      vertex 247.101 52.1711 9.8
      vertex 247.392 52.2699 16
      vertex 247.101 52.1711 16
    endloop
  endfacet
  facet normal 0.321494 -0.946911 0
    outer loop
      vertex 247.392 52.2699 16
      vertex 247.101 52.1711 9.8
      vertex 247.392 52.2699 9.8
    endloop
  endfacet
  facet normal 0.0653324 0.997864 -0
    outer loop
      vertex 248 47.65 9.8
      vertex 247.693 47.6701 16
      vertex 248 47.65 16
    endloop
  endfacet
  facet normal 0.0653324 0.997864 0
    outer loop
      vertex 247.693 47.6701 16
      vertex 248 47.65 9.8
      vertex 247.693 47.6701 9.8
    endloop
  endfacet
  facet normal 0.896821 -0.442393 0
    outer loop
      vertex 245.829 50.8993 16
      vertex 245.965 51.175 9.8
      vertex 245.965 51.175 16
    endloop
  endfacet
  facet normal 0.896821 -0.442393 0
    outer loop
      vertex 245.965 51.175 9.8
      vertex 245.829 50.8993 16
      vertex 245.829 50.8993 9.8
    endloop
  endfacet
  facet normal 0.980768 -0.195178 0
    outer loop
      vertex 245.67 50.3067 16
      vertex 245.73 50.6082 9.8
      vertex 245.73 50.6082 16
    endloop
  endfacet
  facet normal 0.980768 -0.195178 0
    outer loop
      vertex 245.73 50.6082 9.8
      vertex 245.67 50.3067 16
      vertex 245.67 50.3067 9.8
    endloop
  endfacet
  facet normal -0.75292 -0.658112 0
    outer loop
      vertex 249.864 51.4306 9.8
      vertex 249.662 51.6617 16
      vertex 249.662 51.6617 9.8
    endloop
  endfacet
  facet normal -0.75292 -0.658112 0
    outer loop
      vertex 249.662 51.6617 16
      vertex 249.864 51.4306 9.8
      vertex 249.864 51.4306 16
    endloop
  endfacet
  facet normal 0.659564 0.751649 -0
    outer loop
      vertex 246.569 48.1356 9.8
      vertex 246.338 48.3383 16
      vertex 246.569 48.1356 16
    endloop
  endfacet
  facet normal 0.659564 0.751649 0
    outer loop
      vertex 246.338 48.3383 16
      vertex 246.569 48.1356 9.8
      vertex 246.338 48.3383 9.8
    endloop
  endfacet
  facet normal -0.659564 -0.751649 0
    outer loop
      vertex 249.431 51.8644 9.8
      vertex 249.662 51.6617 16
      vertex 249.431 51.8644 16
    endloop
  endfacet
  facet normal -0.659564 -0.751649 -0
    outer loop
      vertex 249.662 51.6617 16
      vertex 249.431 51.8644 9.8
      vertex 249.662 51.6617 9.8
    endloop
  endfacet
  facet normal 0.0653324 -0.997864 0
    outer loop
      vertex 247.693 52.3299 9.8
      vertex 248 52.35 16
      vertex 247.693 52.3299 16
    endloop
  endfacet
  facet normal 0.0653324 -0.997864 0
    outer loop
      vertex 248 52.35 16
      vertex 247.693 52.3299 9.8
      vertex 248 52.35 9.8
    endloop
  endfacet
  facet normal 0.946747 -0.321979 0
    outer loop
      vertex 245.73 50.6082 16
      vertex 245.829 50.8993 9.8
      vertex 245.829 50.8993 16
    endloop
  endfacet
  facet normal 0.946747 -0.321979 0
    outer loop
      vertex 245.829 50.8993 9.8
      vertex 245.73 50.6082 16
      vertex 245.73 50.6082 9.8
    endloop
  endfacet
  facet normal 0.997881 -0.0650721 0
    outer loop
      vertex 245.65 50 16
      vertex 245.67 50.3067 9.8
      vertex 245.67 50.3067 16
    endloop
  endfacet
  facet normal 0.997881 -0.0650721 0
    outer loop
      vertex 245.67 50.3067 9.8
      vertex 245.65 50 16
      vertex 245.65 50 9.8
    endloop
  endfacet
  facet normal -0.980768 -0.195178 0
    outer loop
      vertex 250.33 78.3067 9.8
      vertex 250.27 78.6082 16
      vertex 250.27 78.6082 9.8
    endloop
  endfacet
  facet normal -0.980768 -0.195178 0
    outer loop
      vertex 250.27 78.6082 16
      vertex 250.33 78.3067 9.8
      vertex 250.33 78.3067 16
    endloop
  endfacet
  facet normal -0.997881 -0.0650721 0
    outer loop
      vertex 250.35 78 9.8
      vertex 250.33 78.3067 16
      vertex 250.33 78.3067 9.8
    endloop
  endfacet
  facet normal -0.997881 -0.0650721 0
    outer loop
      vertex 250.33 78.3067 16
      vertex 250.35 78 9.8
      vertex 250.35 78 16
    endloop
  endfacet
  facet normal -0.946747 -0.321979 0
    outer loop
      vertex 250.27 78.6082 9.8
      vertex 250.171 78.8993 16
      vertex 250.171 78.8993 9.8
    endloop
  endfacet
  facet normal -0.946747 -0.321979 0
    outer loop
      vertex 250.171 78.8993 16
      vertex 250.27 78.6082 9.8
      vertex 250.27 78.6082 16
    endloop
  endfacet
  facet normal -0.831149 -0.55605 0
    outer loop
      vertex 250.035 79.175 9.8
      vertex 249.864 79.4306 16
      vertex 249.864 79.4306 9.8
    endloop
  endfacet
  facet normal -0.831149 -0.55605 0
    outer loop
      vertex 249.864 79.4306 16
      vertex 250.035 79.175 9.8
      vertex 250.035 79.175 16
    endloop
  endfacet
  facet normal 0.946747 0.321979 0
    outer loop
      vertex 245.829 77.1007 16
      vertex 245.73 77.3918 9.8
      vertex 245.73 77.3918 16
    endloop
  endfacet
  facet normal 0.946747 0.321979 0
    outer loop
      vertex 245.73 77.3918 9.8
      vertex 245.829 77.1007 16
      vertex 245.829 77.1007 9.8
    endloop
  endfacet
  facet normal -0.321494 0.946911 0
    outer loop
      vertex 248.899 75.8289 9.8
      vertex 248.608 75.7301 16
      vertex 248.899 75.8289 16
    endloop
  endfacet
  facet normal -0.321494 0.946911 0
    outer loop
      vertex 248.608 75.7301 16
      vertex 248.899 75.8289 9.8
      vertex 248.608 75.7301 9.8
    endloop
  endfacet
  facet normal -0.896821 -0.442393 0
    outer loop
      vertex 250.171 78.8993 9.8
      vertex 250.035 79.175 16
      vertex 250.035 79.175 9.8
    endloop
  endfacet
  facet normal -0.896821 -0.442393 0
    outer loop
      vertex 250.035 79.175 16
      vertex 250.171 78.8993 9.8
      vertex 250.171 78.8993 16
    endloop
  endfacet
  facet normal 0.555 -0.83185 0
    outer loop
      vertex 246.569 79.8644 9.8
      vertex 246.825 80.0352 16
      vertex 246.569 79.8644 16
    endloop
  endfacet
  facet normal 0.555 -0.83185 0
    outer loop
      vertex 246.825 80.0352 16
      vertex 246.569 79.8644 9.8
      vertex 246.825 80.0352 9.8
    endloop
  endfacet
  facet normal -0.980768 0.195178 0
    outer loop
      vertex 250.27 77.3918 9.8
      vertex 250.33 77.6933 16
      vertex 250.33 77.6933 9.8
    endloop
  endfacet
  facet normal -0.980768 0.195178 0
    outer loop
      vertex 250.33 77.6933 16
      vertex 250.27 77.3918 9.8
      vertex 250.27 77.3918 16
    endloop
  endfacet
  facet normal 0 0 1
    outer loop
      vertex 250.33 78.3067 9.8
      vertex 250.33 77.6933 9.8
      vertex 250.35 78 9.8
    endloop
  endfacet
  facet normal 0 0 1
    outer loop
      vertex 250.27 78.6082 9.8
      vertex 250.33 77.6933 9.8
      vertex 250.33 78.3067 9.8
    endloop
  endfacet
  facet normal 0 0 1
    outer loop
      vertex 250.27 78.6082 9.8
      vertex 250.27 77.3918 9.8
      vertex 250.33 77.6933 9.8
    endloop
  endfacet
  facet normal 0 0 1
    outer loop
      vertex 250.171 78.8993 9.8
      vertex 250.27 77.3918 9.8
      vertex 250.27 78.6082 9.8
    endloop
  endfacet
  facet normal 0 0 1
    outer loop
      vertex 250.171 78.8993 9.8
      vertex 250.171 77.1007 9.8
      vertex 250.27 77.3918 9.8
    endloop
  endfacet
  facet normal 0 0 1
    outer loop
      vertex 250.035 79.175 9.8
      vertex 250.171 77.1007 9.8
      vertex 250.171 78.8993 9.8
    endloop
  endfacet
  facet normal 0 0 1
    outer loop
      vertex 250.035 79.175 9.8
      vertex 250.035 76.825 9.8
      vertex 250.171 77.1007 9.8
    endloop
  endfacet
  facet normal 0 0 1
    outer loop
      vertex 249.864 79.4306 9.8
      vertex 250.035 76.825 9.8
      vertex 250.035 79.175 9.8
    endloop
  endfacet
  facet normal 0 0 1
    outer loop
      vertex 249.864 79.4306 9.8
      vertex 249.864 76.5694 9.8
      vertex 250.035 76.825 9.8
    endloop
  endfacet
  facet normal 0 0 1
    outer loop
      vertex 249.662 79.6617 9.8
      vertex 249.864 76.5694 9.8
      vertex 249.864 79.4306 9.8
    endloop
  endfacet
  facet normal 0 0 1
    outer loop
      vertex 249.662 79.6617 9.8
      vertex 249.662 76.3383 9.8
      vertex 249.864 76.5694 9.8
    endloop
  endfacet
  facet normal 0 0 1
    outer loop
      vertex 249.431 79.8644 9.8
      vertex 249.662 76.3383 9.8
      vertex 249.662 79.6617 9.8
    endloop
  endfacet
  facet normal 0 0 1
    outer loop
      vertex 249.431 79.8644 9.8
      vertex 249.431 76.1356 9.8
      vertex 249.662 76.3383 9.8
    endloop
  endfacet
  facet normal 0 0 1
    outer loop
      vertex 249.175 80.0352 9.8
      vertex 249.431 76.1356 9.8
      vertex 249.431 79.8644 9.8
    endloop
  endfacet
  facet normal 0 0 1
    outer loop
      vertex 249.175 80.0352 9.8
      vertex 249.175 75.9648 9.8
      vertex 249.431 76.1356 9.8
    endloop
  endfacet
  facet normal 0 0 1
    outer loop
      vertex 248.899 80.1711 9.8
      vertex 249.175 75.9648 9.8
      vertex 249.175 80.0352 9.8
    endloop
  endfacet
  facet normal 0 0 1
    outer loop
      vertex 248.899 80.1711 9.8
      vertex 248.899 75.8289 9.8
      vertex 249.175 75.9648 9.8
    endloop
  endfacet
  facet normal 0 0 1
    outer loop
      vertex 248.608 80.2699 9.8
      vertex 248.899 75.8289 9.8
      vertex 248.899 80.1711 9.8
    endloop
  endfacet
  facet normal 0 0 1
    outer loop
      vertex 248.608 80.2699 9.8
      vertex 248.608 75.7301 9.8
      vertex 248.899 75.8289 9.8
    endloop
  endfacet
  facet normal 0 0 1
    outer loop
      vertex 248.307 80.3299 9.8
      vertex 248.608 75.7301 9.8
      vertex 248.608 80.2699 9.8
    endloop
  endfacet
  facet normal 0 0 1
    outer loop
      vertex 248.307 80.3299 9.8
      vertex 248.307 75.6701 9.8
      vertex 248.608 75.7301 9.8
    endloop
  endfacet
  facet normal 0 0 1
    outer loop
      vertex 248 80.35 9.8
      vertex 248.307 75.6701 9.8
      vertex 248.307 80.3299 9.8
    endloop
  endfacet
  facet normal 0 0 1
    outer loop
      vertex 248 80.35 9.8
      vertex 248 75.65 9.8
      vertex 248.307 75.6701 9.8
    endloop
  endfacet
  facet normal -0 0 1
    outer loop
      vertex 247.693 80.3299 9.8
      vertex 248 75.65 9.8
      vertex 248 80.35 9.8
    endloop
  endfacet
  facet normal 0 0 1
    outer loop
      vertex 247.693 80.3299 9.8
      vertex 247.693 75.6701 9.8
      vertex 248 75.65 9.8
    endloop
  endfacet
  facet normal -0 0 1
    outer loop
      vertex 247.392 80.2699 9.8
      vertex 247.693 75.6701 9.8
      vertex 247.693 80.3299 9.8
    endloop
  endfacet
  facet normal 0 0 1
    outer loop
      vertex 247.392 80.2699 9.8
      vertex 247.392 75.7301 9.8
      vertex 247.693 75.6701 9.8
    endloop
  endfacet
  facet normal -0 0 1
    outer loop
      vertex 247.101 80.1711 9.8
      vertex 247.392 75.7301 9.8
      vertex 247.392 80.2699 9.8
    endloop
  endfacet
  facet normal 0 0 1
    outer loop
      vertex 247.101 80.1711 9.8
      vertex 247.101 75.8289 9.8
      vertex 247.392 75.7301 9.8
    endloop
  endfacet
  facet normal -0 0 1
    outer loop
      vertex 246.825 80.0352 9.8
      vertex 247.101 75.8289 9.8
      vertex 247.101 80.1711 9.8
    endloop
  endfacet
  facet normal 0 0 1
    outer loop
      vertex 246.825 80.0352 9.8
      vertex 246.825 75.9648 9.8
      vertex 247.101 75.8289 9.8
    endloop
  endfacet
  facet normal -0 0 1
    outer loop
      vertex 246.569 79.8644 9.8
      vertex 246.825 75.9648 9.8
      vertex 246.825 80.0352 9.8
    endloop
  endfacet
  facet normal 0 0 1
    outer loop
      vertex 246.569 79.8644 9.8
      vertex 246.569 76.1356 9.8
      vertex 246.825 75.9648 9.8
    endloop
  endfacet
  facet normal -0 0 1
    outer loop
      vertex 246.338 79.6617 9.8
      vertex 246.569 76.1356 9.8
      vertex 246.569 79.8644 9.8
    endloop
  endfacet
  facet normal 0 0 1
    outer loop
      vertex 246.338 79.6617 9.8
      vertex 246.338 76.3383 9.8
      vertex 246.569 76.1356 9.8
    endloop
  endfacet
  facet normal -0 0 1
    outer loop
      vertex 246.136 79.4306 9.8
      vertex 246.338 76.3383 9.8
      vertex 246.338 79.6617 9.8
    endloop
  endfacet
  facet normal 0 0 1
    outer loop
      vertex 246.136 79.4306 9.8
      vertex 246.136 76.5694 9.8
      vertex 246.338 76.3383 9.8
    endloop
  endfacet
  facet normal -0 0 1
    outer loop
      vertex 245.965 79.175 9.8
      vertex 246.136 76.5694 9.8
      vertex 246.136 79.4306 9.8
    endloop
  endfacet
  facet normal 0 0 1
    outer loop
      vertex 245.965 79.175 9.8
      vertex 245.965 76.825 9.8
      vertex 246.136 76.5694 9.8
    endloop
  endfacet
  facet normal -0 0 1
    outer loop
      vertex 245.829 78.8993 9.8
      vertex 245.965 76.825 9.8
      vertex 245.965 79.175 9.8
    endloop
  endfacet
  facet normal 0 0 1
    outer loop
      vertex 245.829 78.8993 9.8
      vertex 245.829 77.1007 9.8
      vertex 245.965 76.825 9.8
    endloop
  endfacet
  facet normal -0 0 1
    outer loop
      vertex 245.73 78.6082 9.8
      vertex 245.829 77.1007 9.8
      vertex 245.829 78.8993 9.8
    endloop
  endfacet
  facet normal 0 0 1
    outer loop
      vertex 245.73 78.6082 9.8
      vertex 245.73 77.3918 9.8
      vertex 245.829 77.1007 9.8
    endloop
  endfacet
  facet normal -0 0 1
    outer loop
      vertex 245.67 78.3067 9.8
      vertex 245.73 77.3918 9.8
      vertex 245.73 78.6082 9.8
    endloop
  endfacet
  facet normal 0 0 1
    outer loop
      vertex 245.67 78.3067 9.8
      vertex 245.67 77.6933 9.8
      vertex 245.73 77.3918 9.8
    endloop
  endfacet
  facet normal 0 -0 1
    outer loop
      vertex 245.67 77.6933 9.8
      vertex 245.67 78.3067 9.8
      vertex 245.65 78 9.8
    endloop
  endfacet
  facet normal -0.321494 -0.946911 0
    outer loop
      vertex 248.608 80.2699 9.8
      vertex 248.899 80.1711 16
      vertex 248.608 80.2699 16
    endloop
  endfacet
  facet normal -0.321494 -0.946911 -0
    outer loop
      vertex 248.899 80.1711 16
      vertex 248.608 80.2699 9.8
      vertex 248.899 80.1711 9.8
    endloop
  endfacet
  facet normal 0.659564 -0.751649 0
    outer loop
      vertex 246.338 79.6617 9.8
      vertex 246.569 79.8644 16
      vertex 246.338 79.6617 16
    endloop
  endfacet
  facet normal 0.659564 -0.751649 0
    outer loop
      vertex 246.569 79.8644 16
      vertex 246.338 79.6617 9.8
      vertex 246.569 79.8644 9.8
    endloop
  endfacet
  facet normal -0.555 0.83185 0
    outer loop
      vertex 249.431 76.1356 9.8
      vertex 249.175 75.9648 16
      vertex 249.431 76.1356 16
    endloop
  endfacet
  facet normal -0.555 0.83185 0
    outer loop
      vertex 249.175 75.9648 16
      vertex 249.431 76.1356 9.8
      vertex 249.175 75.9648 9.8
    endloop
  endfacet
  facet normal 0.19549 -0.980706 0
    outer loop
      vertex 247.392 80.2699 9.8
      vertex 247.693 80.3299 16
      vertex 247.392 80.2699 16
    endloop
  endfacet
  facet normal 0.19549 -0.980706 0
    outer loop
      vertex 247.693 80.3299 16
      vertex 247.392 80.2699 9.8
      vertex 247.693 80.3299 9.8
    endloop
  endfacet
  facet normal 0.997881 0.0650721 0
    outer loop
      vertex 245.67 77.6933 16
      vertex 245.65 78 9.8
      vertex 245.65 78 16
    endloop
  endfacet
  facet normal 0.997881 0.0650721 0
    outer loop
      vertex 245.65 78 9.8
      vertex 245.67 77.6933 16
      vertex 245.67 77.6933 9.8
    endloop
  endfacet
  facet normal 0.896821 0.442393 0
    outer loop
      vertex 245.965 76.825 16
      vertex 245.829 77.1007 9.8
      vertex 245.829 77.1007 16
    endloop
  endfacet
  facet normal 0.896821 0.442393 0
    outer loop
      vertex 245.829 77.1007 9.8
      vertex 245.965 76.825 16
      vertex 245.965 76.825 9.8
    endloop
  endfacet
  facet normal -0.0653324 -0.997864 0
    outer loop
      vertex 248 80.35 9.8
      vertex 248.307 80.3299 16
      vertex 248 80.35 16
    endloop
  endfacet
  facet normal -0.0653324 -0.997864 -0
    outer loop
      vertex 248.307 80.3299 16
      vertex 248 80.35 9.8
      vertex 248.307 80.3299 9.8
    endloop
  endfacet
  facet normal 0.321494 0.946911 -0
    outer loop
      vertex 247.392 75.7301 9.8
      vertex 247.101 75.8289 16
      vertex 247.392 75.7301 16
    endloop
  endfacet
  facet normal 0.321494 0.946911 0
    outer loop
      vertex 247.101 75.8289 16
      vertex 247.392 75.7301 9.8
      vertex 247.101 75.8289 9.8
    endloop
  endfacet
  facet normal -0.19549 0.980706 0
    outer loop
      vertex 248.608 75.7301 9.8
      vertex 248.307 75.6701 16
      vertex 248.608 75.7301 16
    endloop
  endfacet
  facet normal -0.19549 0.980706 0
    outer loop
      vertex 248.307 75.6701 16
      vertex 248.608 75.7301 9.8
      vertex 248.307 75.6701 9.8
    endloop
  endfacet
  facet normal 0.441744 -0.897141 0
    outer loop
      vertex 246.825 80.0352 9.8
      vertex 247.101 80.1711 16
      vertex 246.825 80.0352 16
    endloop
  endfacet
  facet normal 0.441744 -0.897141 0
    outer loop
      vertex 247.101 80.1711 16
      vertex 246.825 80.0352 9.8
      vertex 247.101 80.1711 9.8
    endloop
  endfacet
  facet normal -0.441744 -0.897141 0
    outer loop
      vertex 248.899 80.1711 9.8
      vertex 249.175 80.0352 16
      vertex 248.899 80.1711 16
    endloop
  endfacet
  facet normal -0.441744 -0.897141 -0
    outer loop
      vertex 249.175 80.0352 16
      vertex 248.899 80.1711 9.8
      vertex 249.175 80.0352 9.8
    endloop
  endfacet
  facet normal -0.441744 0.897141 0
    outer loop
      vertex 249.175 75.9648 9.8
      vertex 248.899 75.8289 16
      vertex 249.175 75.9648 16
    endloop
  endfacet
  facet normal -0.441744 0.897141 0
    outer loop
      vertex 248.899 75.8289 16
      vertex 249.175 75.9648 9.8
      vertex 248.899 75.8289 9.8
    endloop
  endfacet
  facet normal 0.980768 0.195178 0
    outer loop
      vertex 245.73 77.3918 16
      vertex 245.67 77.6933 9.8
      vertex 245.67 77.6933 16
    endloop
  endfacet
  facet normal 0.980768 0.195178 0
    outer loop
      vertex 245.67 77.6933 9.8
      vertex 245.73 77.3918 16
      vertex 245.73 77.3918 9.8
    endloop
  endfacet
  facet normal -0.997881 0.0650721 0
    outer loop
      vertex 250.33 77.6933 9.8
      vertex 250.35 78 16
      vertex 250.35 78 9.8
    endloop
  endfacet
  facet normal -0.997881 0.0650721 0
    outer loop
      vertex 250.35 78 16
      vertex 250.33 77.6933 9.8
      vertex 250.33 77.6933 16
    endloop
  endfacet
  facet normal 0.555 0.83185 -0
    outer loop
      vertex 246.825 75.9648 9.8
      vertex 246.569 76.1356 16
      vertex 246.825 75.9648 16
    endloop
  endfacet
  facet normal 0.555 0.83185 0
    outer loop
      vertex 246.569 76.1356 16
      vertex 246.825 75.9648 9.8
      vertex 246.569 76.1356 9.8
    endloop
  endfacet
  facet normal -0.75292 0.658112 0
    outer loop
      vertex 249.662 76.3383 9.8
      vertex 249.864 76.5694 16
      vertex 249.864 76.5694 9.8
    endloop
  endfacet
  facet normal -0.75292 0.658112 0
    outer loop
      vertex 249.864 76.5694 16
      vertex 249.662 76.3383 9.8
      vertex 249.662 76.3383 16
    endloop
  endfacet
  facet normal -0.831149 0.55605 0
    outer loop
      vertex 249.864 76.5694 9.8
      vertex 250.035 76.825 16
      vertex 250.035 76.825 9.8
    endloop
  endfacet
  facet normal -0.831149 0.55605 0
    outer loop
      vertex 250.035 76.825 16
      vertex 249.864 76.5694 9.8
      vertex 249.864 76.5694 16
    endloop
  endfacet
  facet normal 0.75292 0.658112 0
    outer loop
      vertex 246.338 76.3383 16
      vertex 246.136 76.5694 9.8
      vertex 246.136 76.5694 16
    endloop
  endfacet
  facet normal 0.75292 0.658112 0
    outer loop
      vertex 246.136 76.5694 9.8
      vertex 246.338 76.3383 16
      vertex 246.338 76.3383 9.8
    endloop
  endfacet
  facet normal 0.75292 -0.658112 0
    outer loop
      vertex 246.136 79.4306 16
      vertex 246.338 79.6617 9.8
      vertex 246.338 79.6617 16
    endloop
  endfacet
  facet normal 0.75292 -0.658112 0
    outer loop
      vertex 246.338 79.6617 9.8
      vertex 246.136 79.4306 16
      vertex 246.136 79.4306 9.8
    endloop
  endfacet
  facet normal 0.659564 0.751649 -0
    outer loop
      vertex 246.569 76.1356 9.8
      vertex 246.338 76.3383 16
      vertex 246.569 76.1356 16
    endloop
  endfacet
  facet normal 0.659564 0.751649 0
    outer loop
      vertex 246.338 76.3383 16
      vertex 246.569 76.1356 9.8
      vertex 246.338 76.3383 9.8
    endloop
  endfacet
  facet normal -0.946747 0.321979 0
    outer loop
      vertex 250.171 77.1007 9.8
      vertex 250.27 77.3918 16
      vertex 250.27 77.3918 9.8
    endloop
  endfacet
  facet normal -0.946747 0.321979 0
    outer loop
      vertex 250.27 77.3918 16
      vertex 250.171 77.1007 9.8
      vertex 250.171 77.1007 16
    endloop
  endfacet
  facet normal 0.831149 0.55605 0
    outer loop
      vertex 246.136 76.5694 16
      vertex 245.965 76.825 9.8
      vertex 245.965 76.825 16
    endloop
  endfacet
  facet normal 0.831149 0.55605 0
    outer loop
      vertex 245.965 76.825 9.8
      vertex 246.136 76.5694 16
      vertex 246.136 76.5694 9.8
    endloop
  endfacet
  facet normal -0.896821 0.442393 0
    outer loop
      vertex 250.035 76.825 9.8
      vertex 250.171 77.1007 16
      vertex 250.171 77.1007 9.8
    endloop
  endfacet
  facet normal -0.896821 0.442393 0
    outer loop
      vertex 250.171 77.1007 16
      vertex 250.035 76.825 9.8
      vertex 250.035 76.825 16
    endloop
  endfacet
  facet normal 0.19549 0.980706 -0
    outer loop
      vertex 247.693 75.6701 9.8
      vertex 247.392 75.7301 16
      vertex 247.693 75.6701 16
    endloop
  endfacet
  facet normal 0.19549 0.980706 0
    outer loop
      vertex 247.392 75.7301 16
      vertex 247.693 75.6701 9.8
      vertex 247.392 75.7301 9.8
    endloop
  endfacet
  facet normal -0.0653324 0.997864 0
    outer loop
      vertex 248.307 75.6701 9.8
      vertex 248 75.65 16
      vertex 248.307 75.6701 16
    endloop
  endfacet
  facet normal -0.0653324 0.997864 0
    outer loop
      vertex 248 75.65 16
      vertex 248.307 75.6701 9.8
      vertex 248 75.65 9.8
    endloop
  endfacet
  facet normal 0.441744 0.897141 -0
    outer loop
      vertex 247.101 75.8289 9.8
      vertex 246.825 75.9648 16
      vertex 247.101 75.8289 16
    endloop
  endfacet
  facet normal 0.441744 0.897141 0
    outer loop
      vertex 246.825 75.9648 16
      vertex 247.101 75.8289 9.8
      vertex 246.825 75.9648 9.8
    endloop
  endfacet
  facet normal -0.19549 -0.980706 0
    outer loop
      vertex 248.307 80.3299 9.8
      vertex 248.608 80.2699 16
      vertex 248.307 80.3299 16
    endloop
  endfacet
  facet normal -0.19549 -0.980706 -0
    outer loop
      vertex 248.608 80.2699 16
      vertex 248.307 80.3299 9.8
      vertex 248.608 80.2699 9.8
    endloop
  endfacet
  facet normal -0.659564 0.751649 0
    outer loop
      vertex 249.662 76.3383 9.8
      vertex 249.431 76.1356 16
      vertex 249.662 76.3383 16
    endloop
  endfacet
  facet normal -0.659564 0.751649 0
    outer loop
      vertex 249.431 76.1356 16
      vertex 249.662 76.3383 9.8
      vertex 249.431 76.1356 9.8
    endloop
  endfacet
  facet normal -0.555 -0.83185 0
    outer loop
      vertex 249.175 80.0352 9.8
      vertex 249.431 79.8644 16
      vertex 249.175 80.0352 16
    endloop
  endfacet
  facet normal -0.555 -0.83185 -0
    outer loop
      vertex 249.431 79.8644 16
      vertex 249.175 80.0352 9.8
      vertex 249.431 79.8644 9.8
    endloop
  endfacet
  facet normal 0.321494 -0.946911 0
    outer loop
      vertex 247.101 80.1711 9.8
      vertex 247.392 80.2699 16
      vertex 247.101 80.1711 16
    endloop
  endfacet
  facet normal 0.321494 -0.946911 0
    outer loop
      vertex 247.392 80.2699 16
      vertex 247.101 80.1711 9.8
      vertex 247.392 80.2699 9.8
    endloop
  endfacet
  facet normal 0.0653324 0.997864 -0
    outer loop
      vertex 248 75.65 9.8
      vertex 247.693 75.6701 16
      vertex 248 75.65 16
    endloop
  endfacet
  facet normal 0.0653324 0.997864 0
    outer loop
      vertex 247.693 75.6701 16
      vertex 248 75.65 9.8
      vertex 247.693 75.6701 9.8
    endloop
  endfacet
  facet normal 0.896821 -0.442393 0
    outer loop
      vertex 245.829 78.8993 16
      vertex 245.965 79.175 9.8
      vertex 245.965 79.175 16
    endloop
  endfacet
  facet normal 0.896821 -0.442393 0
    outer loop
      vertex 245.965 79.175 9.8
      vertex 245.829 78.8993 16
      vertex 245.829 78.8993 9.8
    endloop
  endfacet
  facet normal 0.980768 -0.195178 0
    outer loop
      vertex 245.67 78.3067 16
      vertex 245.73 78.6082 9.8
      vertex 245.73 78.6082 16
    endloop
  endfacet
  facet normal 0.980768 -0.195178 0
    outer loop
      vertex 245.73 78.6082 9.8
      vertex 245.67 78.3067 16
      vertex 245.67 78.3067 9.8
    endloop
  endfacet
  facet normal -0.75292 -0.658112 0
    outer loop
      vertex 249.864 79.4306 9.8
      vertex 249.662 79.6617 16
      vertex 249.662 79.6617 9.8
    endloop
  endfacet
  facet normal -0.75292 -0.658112 0
    outer loop
      vertex 249.662 79.6617 16
      vertex 249.864 79.4306 9.8
      vertex 249.864 79.4306 16
    endloop
  endfacet
  facet normal -0.659564 -0.751649 0
    outer loop
      vertex 249.431 79.8644 9.8
      vertex 249.662 79.6617 16
      vertex 249.431 79.8644 16
    endloop
  endfacet
  facet normal -0.659564 -0.751649 -0
    outer loop
      vertex 249.662 79.6617 16
      vertex 249.431 79.8644 9.8
      vertex 249.662 79.6617 9.8
    endloop
  endfacet
  facet normal 0.0653324 -0.997864 0
    outer loop
      vertex 247.693 80.3299 9.8
      vertex 248 80.35 16
      vertex 247.693 80.3299 16
    endloop
  endfacet
  facet normal 0.0653324 -0.997864 0
    outer loop
      vertex 248 80.35 16
      vertex 247.693 80.3299 9.8
      vertex 248 80.35 9.8
    endloop
  endfacet
  facet normal 0.946747 -0.321979 0
    outer loop
      vertex 245.73 78.6082 16
      vertex 245.829 78.8993 9.8
      vertex 245.829 78.8993 16
    endloop
  endfacet
  facet normal 0.946747 -0.321979 0
    outer loop
      vertex 245.829 78.8993 9.8
      vertex 245.73 78.6082 16
      vertex 245.73 78.6082 9.8
    endloop
  endfacet
  facet normal 0.997881 -0.0650721 0
    outer loop
      vertex 245.65 78 16
      vertex 245.67 78.3067 9.8
      vertex 245.67 78.3067 16
    endloop
  endfacet
  facet normal 0.997881 -0.0650721 0
    outer loop
      vertex 245.67 78.3067 9.8
      vertex 245.65 78 16
      vertex 245.65 78 9.8
    endloop
  endfacet
  facet normal 0.831149 -0.55605 0
    outer loop
      vertex 245.965 79.175 16
      vertex 246.136 79.4306 9.8
      vertex 246.136 79.4306 16
    endloop
  endfacet
  facet normal 0.831149 -0.55605 0
    outer loop
      vertex 246.136 79.4306 9.8
      vertex 245.965 79.175 16
      vertex 245.965 79.175 9.8
    endloop
  endfacet
  facet normal -0.980768 -0.195178 0
    outer loop
      vertex 10.3299 30.3067 9.8
      vertex 10.2699 30.6082 16
      vertex 10.2699 30.6082 9.8
    endloop
  endfacet
  facet normal -0.980768 -0.195178 0
    outer loop
      vertex 10.2699 30.6082 16
      vertex 10.3299 30.3067 9.8
      vertex 10.3299 30.3067 16
    endloop
  endfacet
  facet normal -0.997859 -0.0653961 0
    outer loop
      vertex 10.35 30 9.8
      vertex 10.3299 30.3067 16
      vertex 10.3299 30.3067 9.8
    endloop
  endfacet
  facet normal -0.997859 -0.0653961 0
    outer loop
      vertex 10.3299 30.3067 16
      vertex 10.35 30 9.8
      vertex 10.35 30 16
    endloop
  endfacet
  facet normal -0.946945 -0.321395 0
    outer loop
      vertex 10.2699 30.6082 9.8
      vertex 10.1711 30.8993 16
      vertex 10.1711 30.8993 9.8
    endloop
  endfacet
  facet normal -0.946945 -0.321395 0
    outer loop
      vertex 10.1711 30.8993 16
      vertex 10.2699 30.6082 9.8
      vertex 10.2699 30.6082 16
    endloop
  endfacet
  facet normal -0.831419 -0.555646 0
    outer loop
      vertex 10.0352 31.175 9.8
      vertex 9.86438 31.4306 16
      vertex 9.86438 31.4306 9.8
    endloop
  endfacet
  facet normal -0.831419 -0.555646 0
    outer loop
      vertex 9.86438 31.4306 16
      vertex 10.0352 31.175 9.8
      vertex 10.0352 31.175 16
    endloop
  endfacet
  facet normal 0.946935 0.321424 0
    outer loop
      vertex 5.82888 29.1007 16
      vertex 5.73007 29.3918 9.8
      vertex 5.73007 29.3918 16
    endloop
  endfacet
  facet normal 0.946935 0.321424 0
    outer loop
      vertex 5.73007 29.3918 9.8
      vertex 5.82888 29.1007 16
      vertex 5.82888 29.1007 9.8
    endloop
  endfacet
  facet normal -0.321405 0.946942 0
    outer loop
      vertex 8.89931 27.8289 9.8
      vertex 8.60822 27.7301 16
      vertex 8.89931 27.8289 16
    endloop
  endfacet
  facet normal -0.321405 0.946942 0
    outer loop
      vertex 8.60822 27.7301 16
      vertex 8.89931 27.8289 9.8
      vertex 8.60822 27.7301 9.8
    endloop
  endfacet
  facet normal -0.89695 -0.442131 0
    outer loop
      vertex 10.1711 30.8993 9.8
      vertex 10.0352 31.175 16
      vertex 10.0352 31.175 9.8
    endloop
  endfacet
  facet normal -0.89695 -0.442131 0
    outer loop
      vertex 10.0352 31.175 16
      vertex 10.1711 30.8993 9.8
      vertex 10.1711 30.8993 16
    endloop
  endfacet
  facet normal 0.555616 -0.831439 0
    outer loop
      vertex 6.56941 31.8644 9.8
      vertex 6.825 32.0352 16
      vertex 6.56941 31.8644 16
    endloop
  endfacet
  facet normal 0.555616 -0.831439 0
    outer loop
      vertex 6.825 32.0352 16
      vertex 6.56941 31.8644 9.8
      vertex 6.825 32.0352 9.8
    endloop
  endfacet
  facet normal -0.980768 0.195178 0
    outer loop
      vertex 10.2699 29.3918 9.8
      vertex 10.3299 29.6933 16
      vertex 10.3299 29.6933 9.8
    endloop
  endfacet
  facet normal -0.980768 0.195178 0
    outer loop
      vertex 10.3299 29.6933 16
      vertex 10.2699 29.3918 9.8
      vertex 10.2699 29.3918 16
    endloop
  endfacet
  facet normal 0 0 1
    outer loop
      vertex 10.3299 30.3067 9.8
      vertex 10.3299 29.6933 9.8
      vertex 10.35 30 9.8
    endloop
  endfacet
  facet normal 0 0 1
    outer loop
      vertex 10.2699 30.6082 9.8
      vertex 10.3299 29.6933 9.8
      vertex 10.3299 30.3067 9.8
    endloop
  endfacet
  facet normal 0 0 1
    outer loop
      vertex 10.2699 30.6082 9.8
      vertex 10.2699 29.3918 9.8
      vertex 10.3299 29.6933 9.8
    endloop
  endfacet
  facet normal 0 0 1
    outer loop
      vertex 10.1711 30.8993 9.8
      vertex 10.2699 29.3918 9.8
      vertex 10.2699 30.6082 9.8
    endloop
  endfacet
  facet normal 0 0 1
    outer loop
      vertex 10.1711 30.8993 9.8
      vertex 10.1711 29.1007 9.8
      vertex 10.2699 29.3918 9.8
    endloop
  endfacet
  facet normal 0 0 1
    outer loop
      vertex 10.0352 31.175 9.8
      vertex 10.1711 29.1007 9.8
      vertex 10.1711 30.8993 9.8
    endloop
  endfacet
  facet normal 0 0 1
    outer loop
      vertex 10.0352 31.175 9.8
      vertex 10.0352 28.825 9.8
      vertex 10.1711 29.1007 9.8
    endloop
  endfacet
  facet normal 0 0 1
    outer loop
      vertex 9.86438 31.4306 9.8
      vertex 10.0352 28.825 9.8
      vertex 10.0352 31.175 9.8
    endloop
  endfacet
  facet normal 0 0 1
    outer loop
      vertex 9.86438 31.4306 9.8
      vertex 9.86438 28.5694 9.8
      vertex 10.0352 28.825 9.8
    endloop
  endfacet
  facet normal 0 0 1
    outer loop
      vertex 9.6617 31.6617 9.8
      vertex 9.86438 28.5694 9.8
      vertex 9.86438 31.4306 9.8
    endloop
  endfacet
  facet normal 0 0 1
    outer loop
      vertex 9.6617 31.6617 9.8
      vertex 9.6617 28.3383 9.8
      vertex 9.86438 28.5694 9.8
    endloop
  endfacet
  facet normal 0 0 1
    outer loop
      vertex 9.43059 31.8644 9.8
      vertex 9.6617 28.3383 9.8
      vertex 9.6617 31.6617 9.8
    endloop
  endfacet
  facet normal 0 0 1
    outer loop
      vertex 9.43059 31.8644 9.8
      vertex 9.43059 28.1356 9.8
      vertex 9.6617 28.3383 9.8
    endloop
  endfacet
  facet normal 0 0 1
    outer loop
      vertex 9.175 32.0352 9.8
      vertex 9.43059 28.1356 9.8
      vertex 9.43059 31.8644 9.8
    endloop
  endfacet
  facet normal 0 0 1
    outer loop
      vertex 9.175 32.0352 9.8
      vertex 9.175 27.9648 9.8
      vertex 9.43059 28.1356 9.8
    endloop
  endfacet
  facet normal 0 0 1
    outer loop
      vertex 8.89931 32.1711 9.8
      vertex 9.175 27.9648 9.8
      vertex 9.175 32.0352 9.8
    endloop
  endfacet
  facet normal 0 0 1
    outer loop
      vertex 8.89931 32.1711 9.8
      vertex 8.89931 27.8289 9.8
      vertex 9.175 27.9648 9.8
    endloop
  endfacet
  facet normal 0 0 1
    outer loop
      vertex 8.60822 32.2699 9.8
      vertex 8.89931 27.8289 9.8
      vertex 8.89931 32.1711 9.8
    endloop
  endfacet
  facet normal 0 0 1
    outer loop
      vertex 8.60822 32.2699 9.8
      vertex 8.60822 27.7301 9.8
      vertex 8.89931 27.8289 9.8
    endloop
  endfacet
  facet normal 0 0 1
    outer loop
      vertex 8.30674 32.3299 9.8
      vertex 8.60822 27.7301 9.8
      vertex 8.60822 32.2699 9.8
    endloop
  endfacet
  facet normal 0 0 1
    outer loop
      vertex 8.30674 32.3299 9.8
      vertex 8.30674 27.6701 9.8
      vertex 8.60822 27.7301 9.8
    endloop
  endfacet
  facet normal 0 0 1
    outer loop
      vertex 8 32.35 9.8
      vertex 8.30674 27.6701 9.8
      vertex 8.30674 32.3299 9.8
    endloop
  endfacet
  facet normal 0 0 1
    outer loop
      vertex 8 32.35 9.8
      vertex 8 27.65 9.8
      vertex 8.30674 27.6701 9.8
    endloop
  endfacet
  facet normal -0 0 1
    outer loop
      vertex 7.69326 32.3299 9.8
      vertex 8 27.65 9.8
      vertex 8 32.35 9.8
    endloop
  endfacet
  facet normal 0 0 1
    outer loop
      vertex 7.69326 32.3299 9.8
      vertex 7.69326 27.6701 9.8
      vertex 8 27.65 9.8
    endloop
  endfacet
  facet normal -0 0 1
    outer loop
      vertex 7.39178 32.2699 9.8
      vertex 7.69326 27.6701 9.8
      vertex 7.69326 32.3299 9.8
    endloop
  endfacet
  facet normal 0 0 1
    outer loop
      vertex 7.39178 32.2699 9.8
      vertex 7.39178 27.7301 9.8
      vertex 7.69326 27.6701 9.8
    endloop
  endfacet
  facet normal -0 0 1
    outer loop
      vertex 7.10069 32.1711 9.8
      vertex 7.39178 27.7301 9.8
      vertex 7.39178 32.2699 9.8
    endloop
  endfacet
  facet normal 0 0 1
    outer loop
      vertex 7.10069 32.1711 9.8
      vertex 7.10069 27.8289 9.8
      vertex 7.39178 27.7301 9.8
    endloop
  endfacet
  facet normal -0 0 1
    outer loop
      vertex 6.825 32.0352 9.8
      vertex 7.10069 27.8289 9.8
      vertex 7.10069 32.1711 9.8
    endloop
  endfacet
  facet normal 0 0 1
    outer loop
      vertex 6.825 32.0352 9.8
      vertex 6.825 27.9648 9.8
      vertex 7.10069 27.8289 9.8
    endloop
  endfacet
  facet normal -0 0 1
    outer loop
      vertex 6.56941 31.8644 9.8
      vertex 6.825 27.9648 9.8
      vertex 6.825 32.0352 9.8
    endloop
  endfacet
  facet normal 0 0 1
    outer loop
      vertex 6.56941 31.8644 9.8
      vertex 6.56941 28.1356 9.8
      vertex 6.825 27.9648 9.8
    endloop
  endfacet
  facet normal -0 0 1
    outer loop
      vertex 6.3383 31.6617 9.8
      vertex 6.56941 28.1356 9.8
      vertex 6.56941 31.8644 9.8
    endloop
  endfacet
  facet normal 0 0 1
    outer loop
      vertex 6.3383 31.6617 9.8
      vertex 6.3383 28.3383 9.8
      vertex 6.56941 28.1356 9.8
    endloop
  endfacet
  facet normal -0 0 1
    outer loop
      vertex 6.13562 31.4306 9.8
      vertex 6.3383 28.3383 9.8
      vertex 6.3383 31.6617 9.8
    endloop
  endfacet
  facet normal 0 0 1
    outer loop
      vertex 6.13562 31.4306 9.8
      vertex 6.13562 28.5694 9.8
      vertex 6.3383 28.3383 9.8
    endloop
  endfacet
  facet normal -0 0 1
    outer loop
      vertex 5.96484 31.175 9.8
      vertex 6.13562 28.5694 9.8
      vertex 6.13562 31.4306 9.8
    endloop
  endfacet
  facet normal 0 0 1
    outer loop
      vertex 5.96484 31.175 9.8
      vertex 5.96484 28.825 9.8
      vertex 6.13562 28.5694 9.8
    endloop
  endfacet
  facet normal -0 0 1
    outer loop
      vertex 5.82888 30.8993 9.8
      vertex 5.96484 28.825 9.8
      vertex 5.96484 31.175 9.8
    endloop
  endfacet
  facet normal 0 0 1
    outer loop
      vertex 5.82888 30.8993 9.8
      vertex 5.82888 29.1007 9.8
      vertex 5.96484 28.825 9.8
    endloop
  endfacet
  facet normal -0 0 1
    outer loop
      vertex 5.73007 30.6082 9.8
      vertex 5.82888 29.1007 9.8
      vertex 5.82888 30.8993 9.8
    endloop
  endfacet
  facet normal 0 0 1
    outer loop
      vertex 5.73007 30.6082 9.8
      vertex 5.73007 29.3918 9.8
      vertex 5.82888 29.1007 9.8
    endloop
  endfacet
  facet normal -0 0 1
    outer loop
      vertex 5.6701 30.3067 9.8
      vertex 5.73007 29.3918 9.8
      vertex 5.73007 30.6082 9.8
    endloop
  endfacet
  facet normal 0 0 1
    outer loop
      vertex 5.6701 30.3067 9.8
      vertex 5.6701 29.6933 9.8
      vertex 5.73007 29.3918 9.8
    endloop
  endfacet
  facet normal 0 -0 1
    outer loop
      vertex 5.6701 29.6933 9.8
      vertex 5.6701 30.3067 9.8
      vertex 5.65 30 9.8
    endloop
  endfacet
  facet normal -0.321405 -0.946942 0
    outer loop
      vertex 8.60822 32.2699 9.8
      vertex 8.89931 32.1711 16
      vertex 8.60822 32.2699 16
    endloop
  endfacet
  facet normal -0.321405 -0.946942 -0
    outer loop
      vertex 8.89931 32.1711 16
      vertex 8.60822 32.2699 9.8
      vertex 8.89931 32.1711 9.8
    endloop
  endfacet
  facet normal 0.659386 -0.751804 0
    outer loop
      vertex 6.3383 31.6617 9.8
      vertex 6.56941 31.8644 16
      vertex 6.3383 31.6617 16
    endloop
  endfacet
  facet normal 0.659386 -0.751804 0
    outer loop
      vertex 6.56941 31.8644 16
      vertex 6.3383 31.6617 9.8
      vertex 6.56941 31.8644 9.8
    endloop
  endfacet
  facet normal -0.555616 0.831439 0
    outer loop
      vertex 9.43059 28.1356 9.8
      vertex 9.175 27.9648 16
      vertex 9.43059 28.1356 16
    endloop
  endfacet
  facet normal -0.555616 0.831439 0
    outer loop
      vertex 9.175 27.9648 16
      vertex 9.43059 28.1356 9.8
      vertex 9.175 27.9648 9.8
    endloop
  endfacet
  facet normal 0.19519 -0.980765 0
    outer loop
      vertex 7.39178 32.2699 9.8
      vertex 7.69326 32.3299 16
      vertex 7.39178 32.2699 16
    endloop
  endfacet
  facet normal 0.19519 -0.980765 0
    outer loop
      vertex 7.69326 32.3299 16
      vertex 7.39178 32.2699 9.8
      vertex 7.69326 32.3299 9.8
    endloop
  endfacet
  facet normal 0.997859 0.0653961 0
    outer loop
      vertex 5.6701 29.6933 16
      vertex 5.65 30 9.8
      vertex 5.65 30 16
    endloop
  endfacet
  facet normal 0.997859 0.0653961 0
    outer loop
      vertex 5.65 30 9.8
      vertex 5.6701 29.6933 16
      vertex 5.6701 29.6933 9.8
    endloop
  endfacet
  facet normal 0.896873 0.442288 0
    outer loop
      vertex 5.96484 28.825 16
      vertex 5.82888 29.1007 9.8
      vertex 5.82888 29.1007 16
    endloop
  endfacet
  facet normal 0.896873 0.442288 0
    outer loop
      vertex 5.82888 29.1007 9.8
      vertex 5.96484 28.825 16
      vertex 5.96484 28.825 9.8
    endloop
  endfacet
  facet normal -0.0653876 -0.99786 0
    outer loop
      vertex 8 32.35 9.8
      vertex 8.30674 32.3299 16
      vertex 8 32.35 16
    endloop
  endfacet
  facet normal -0.0653876 -0.99786 -0
    outer loop
      vertex 8.30674 32.3299 16
      vertex 8 32.35 9.8
      vertex 8.30674 32.3299 9.8
    endloop
  endfacet
  facet normal 0.321405 0.946942 -0
    outer loop
      vertex 7.39178 27.7301 9.8
      vertex 7.10069 27.8289 16
      vertex 7.39178 27.7301 16
    endloop
  endfacet
  facet normal 0.321405 0.946942 0
    outer loop
      vertex 7.10069 27.8289 16
      vertex 7.39178 27.7301 9.8
      vertex 7.10069 27.8289 9.8
    endloop
  endfacet
  facet normal -0.19519 0.980765 0
    outer loop
      vertex 8.60822 27.7301 9.8
      vertex 8.30674 27.6701 16
      vertex 8.60822 27.7301 16
    endloop
  endfacet
  facet normal -0.19519 0.980765 0
    outer loop
      vertex 8.30674 27.6701 16
      vertex 8.60822 27.7301 9.8
      vertex 8.30674 27.6701 9.8
    endloop
  endfacet
  facet normal 0.442144 -0.896944 0
    outer loop
      vertex 6.825 32.0352 9.8
      vertex 7.10069 32.1711 16
      vertex 6.825 32.0352 16
    endloop
  endfacet
  facet normal 0.442144 -0.896944 0
    outer loop
      vertex 7.10069 32.1711 16
      vertex 6.825 32.0352 9.8
      vertex 7.10069 32.1711 9.8
    endloop
  endfacet
  facet normal -0.442144 -0.896944 0
    outer loop
      vertex 8.89931 32.1711 9.8
      vertex 9.175 32.0352 16
      vertex 8.89931 32.1711 16
    endloop
  endfacet
  facet normal -0.442144 -0.896944 -0
    outer loop
      vertex 9.175 32.0352 16
      vertex 8.89931 32.1711 9.8
      vertex 9.175 32.0352 9.8
    endloop
  endfacet
  facet normal -0.442144 0.896944 0
    outer loop
      vertex 9.175 27.9648 9.8
      vertex 8.89931 27.8289 16
      vertex 9.175 27.9648 16
    endloop
  endfacet
  facet normal -0.442144 0.896944 0
    outer loop
      vertex 8.89931 27.8289 16
      vertex 9.175 27.9648 9.8
      vertex 8.89931 27.8289 9.8
    endloop
  endfacet
  facet normal 0.980787 0.195084 0
    outer loop
      vertex 5.73007 29.3918 16
      vertex 5.6701 29.6933 9.8
      vertex 5.6701 29.6933 16
    endloop
  endfacet
  facet normal 0.980787 0.195084 0
    outer loop
      vertex 5.6701 29.6933 9.8
      vertex 5.73007 29.3918 16
      vertex 5.73007 29.3918 9.8
    endloop
  endfacet
  facet normal -0.997859 0.0653961 0
    outer loop
      vertex 10.3299 29.6933 9.8
      vertex 10.35 30 16
      vertex 10.35 30 9.8
    endloop
  endfacet
  facet normal -0.997859 0.0653961 0
    outer loop
      vertex 10.35 30 16
      vertex 10.3299 29.6933 9.8
      vertex 10.3299 29.6933 16
    endloop
  endfacet
  facet normal 0.555616 0.831439 -0
    outer loop
      vertex 6.825 27.9648 9.8
      vertex 6.56941 28.1356 16
      vertex 6.825 27.9648 16
    endloop
  endfacet
  facet normal 0.555616 0.831439 0
    outer loop
      vertex 6.56941 28.1356 16
      vertex 6.825 27.9648 9.8
      vertex 6.56941 28.1356 9.8
    endloop
  endfacet
  facet normal -0.751822 0.659366 0
    outer loop
      vertex 9.6617 28.3383 9.8
      vertex 9.86438 28.5694 16
      vertex 9.86438 28.5694 9.8
    endloop
  endfacet
  facet normal -0.751822 0.659366 0
    outer loop
      vertex 9.86438 28.5694 16
      vertex 9.6617 28.3383 9.8
      vertex 9.6617 28.3383 16
    endloop
  endfacet
  facet normal -0.831419 0.555646 0
    outer loop
      vertex 9.86438 28.5694 9.8
      vertex 10.0352 28.825 16
      vertex 10.0352 28.825 9.8
    endloop
  endfacet
  facet normal -0.831419 0.555646 0
    outer loop
      vertex 10.0352 28.825 16
      vertex 9.86438 28.5694 9.8
      vertex 9.86438 28.5694 16
    endloop
  endfacet
  facet normal 0.751822 0.659366 0
    outer loop
      vertex 6.3383 28.3383 16
      vertex 6.13562 28.5694 9.8
      vertex 6.13562 28.5694 16
    endloop
  endfacet
  facet normal 0.751822 0.659366 0
    outer loop
      vertex 6.13562 28.5694 9.8
      vertex 6.3383 28.3383 16
      vertex 6.3383 28.3383 9.8
    endloop
  endfacet
  facet normal 0.751822 -0.659366 0
    outer loop
      vertex 6.13562 31.4306 16
      vertex 6.3383 31.6617 9.8
      vertex 6.3383 31.6617 16
    endloop
  endfacet
  facet normal 0.751822 -0.659366 0
    outer loop
      vertex 6.3383 31.6617 9.8
      vertex 6.13562 31.4306 16
      vertex 6.13562 31.4306 9.8
    endloop
  endfacet
  facet normal 0.831479 -0.555556 0
    outer loop
      vertex 5.96484 31.175 16
      vertex 6.13562 31.4306 9.8
      vertex 6.13562 31.4306 16
    endloop
  endfacet
  facet normal 0.831479 -0.555556 0
    outer loop
      vertex 6.13562 31.4306 9.8
      vertex 5.96484 31.175 16
      vertex 5.96484 31.175 9.8
    endloop
  endfacet
  facet normal 0.659386 0.751804 -0
    outer loop
      vertex 6.56941 28.1356 9.8
      vertex 6.3383 28.3383 16
      vertex 6.56941 28.1356 16
    endloop
  endfacet
  facet normal 0.659386 0.751804 0
    outer loop
      vertex 6.3383 28.3383 16
      vertex 6.56941 28.1356 9.8
      vertex 6.3383 28.3383 9.8
    endloop
  endfacet
  facet normal -0.946945 0.321395 0
    outer loop
      vertex 10.1711 29.1007 9.8
      vertex 10.2699 29.3918 16
      vertex 10.2699 29.3918 9.8
    endloop
  endfacet
  facet normal -0.946945 0.321395 0
    outer loop
      vertex 10.2699 29.3918 16
      vertex 10.1711 29.1007 9.8
      vertex 10.1711 29.1007 16
    endloop
  endfacet
  facet normal 0.831479 0.555556 0
    outer loop
      vertex 6.13562 28.5694 16
      vertex 5.96484 28.825 9.8
      vertex 5.96484 28.825 16
    endloop
  endfacet
  facet normal 0.831479 0.555556 0
    outer loop
      vertex 5.96484 28.825 9.8
      vertex 6.13562 28.5694 16
      vertex 6.13562 28.5694 9.8
    endloop
  endfacet
  facet normal -0.89695 0.442131 0
    outer loop
      vertex 10.0352 28.825 9.8
      vertex 10.1711 29.1007 16
      vertex 10.1711 29.1007 9.8
    endloop
  endfacet
  facet normal -0.89695 0.442131 0
    outer loop
      vertex 10.1711 29.1007 16
      vertex 10.0352 28.825 9.8
      vertex 10.0352 28.825 16
    endloop
  endfacet
  facet normal 0.19519 0.980765 -0
    outer loop
      vertex 7.69326 27.6701 9.8
      vertex 7.39178 27.7301 16
      vertex 7.69326 27.6701 16
    endloop
  endfacet
  facet normal 0.19519 0.980765 0
    outer loop
      vertex 7.39178 27.7301 16
      vertex 7.69326 27.6701 9.8
      vertex 7.39178 27.7301 9.8
    endloop
  endfacet
  facet normal -0.0653876 0.99786 0
    outer loop
      vertex 8.30674 27.6701 9.8
      vertex 8 27.65 16
      vertex 8.30674 27.6701 16
    endloop
  endfacet
  facet normal -0.0653876 0.99786 0
    outer loop
      vertex 8 27.65 16
      vertex 8.30674 27.6701 9.8
      vertex 8 27.65 9.8
    endloop
  endfacet
  facet normal 0.442144 0.896944 -0
    outer loop
      vertex 7.10069 27.8289 9.8
      vertex 6.825 27.9648 16
      vertex 7.10069 27.8289 16
    endloop
  endfacet
  facet normal 0.442144 0.896944 0
    outer loop
      vertex 6.825 27.9648 16
      vertex 7.10069 27.8289 9.8
      vertex 6.825 27.9648 9.8
    endloop
  endfacet
  facet normal -0.19519 -0.980765 0
    outer loop
      vertex 8.30674 32.3299 9.8
      vertex 8.60822 32.2699 16
      vertex 8.30674 32.3299 16
    endloop
  endfacet
  facet normal -0.19519 -0.980765 -0
    outer loop
      vertex 8.60822 32.2699 16
      vertex 8.30674 32.3299 9.8
      vertex 8.60822 32.2699 9.8
    endloop
  endfacet
  facet normal -0.659386 0.751804 0
    outer loop
      vertex 9.6617 28.3383 9.8
      vertex 9.43059 28.1356 16
      vertex 9.6617 28.3383 16
    endloop
  endfacet
  facet normal -0.659386 0.751804 0
    outer loop
      vertex 9.43059 28.1356 16
      vertex 9.6617 28.3383 9.8
      vertex 9.43059 28.1356 9.8
    endloop
  endfacet
  facet normal -0.555616 -0.831439 0
    outer loop
      vertex 9.175 32.0352 9.8
      vertex 9.43059 31.8644 16
      vertex 9.175 32.0352 16
    endloop
  endfacet
  facet normal -0.555616 -0.831439 -0
    outer loop
      vertex 9.43059 31.8644 16
      vertex 9.175 32.0352 9.8
      vertex 9.43059 31.8644 9.8
    endloop
  endfacet
  facet normal 0.321405 -0.946942 0
    outer loop
      vertex 7.10069 32.1711 9.8
      vertex 7.39178 32.2699 16
      vertex 7.10069 32.1711 16
    endloop
  endfacet
  facet normal 0.321405 -0.946942 0
    outer loop
      vertex 7.39178 32.2699 16
      vertex 7.10069 32.1711 9.8
      vertex 7.39178 32.2699 9.8
    endloop
  endfacet
  facet normal 0.0653876 0.99786 -0
    outer loop
      vertex 8 27.65 9.8
      vertex 7.69326 27.6701 16
      vertex 8 27.65 16
    endloop
  endfacet
  facet normal 0.0653876 0.99786 0
    outer loop
      vertex 7.69326 27.6701 16
      vertex 8 27.65 9.8
      vertex 7.69326 27.6701 9.8
    endloop
  endfacet
  facet normal 0.896873 -0.442288 0
    outer loop
      vertex 5.82888 30.8993 16
      vertex 5.96484 31.175 9.8
      vertex 5.96484 31.175 16
    endloop
  endfacet
  facet normal 0.896873 -0.442288 0
    outer loop
      vertex 5.96484 31.175 9.8
      vertex 5.82888 30.8993 16
      vertex 5.82888 30.8993 9.8
    endloop
  endfacet
  facet normal 0.980787 -0.195084 0
    outer loop
      vertex 5.6701 30.3067 16
      vertex 5.73007 30.6082 9.8
      vertex 5.73007 30.6082 16
    endloop
  endfacet
  facet normal 0.980787 -0.195084 0
    outer loop
      vertex 5.73007 30.6082 9.8
      vertex 5.6701 30.3067 16
      vertex 5.6701 30.3067 9.8
    endloop
  endfacet
  facet normal -0.751822 -0.659366 0
    outer loop
      vertex 9.86438 31.4306 9.8
      vertex 9.6617 31.6617 16
      vertex 9.6617 31.6617 9.8
    endloop
  endfacet
  facet normal -0.751822 -0.659366 0
    outer loop
      vertex 9.6617 31.6617 16
      vertex 9.86438 31.4306 9.8
      vertex 9.86438 31.4306 16
    endloop
  endfacet
  facet normal -0.659386 -0.751804 0
    outer loop
      vertex 9.43059 31.8644 9.8
      vertex 9.6617 31.6617 16
      vertex 9.43059 31.8644 16
    endloop
  endfacet
  facet normal -0.659386 -0.751804 -0
    outer loop
      vertex 9.6617 31.6617 16
      vertex 9.43059 31.8644 9.8
      vertex 9.6617 31.6617 9.8
    endloop
  endfacet
  facet normal 0.0653876 -0.99786 0
    outer loop
      vertex 7.69326 32.3299 9.8
      vertex 8 32.35 16
      vertex 7.69326 32.3299 16
    endloop
  endfacet
  facet normal 0.0653876 -0.99786 0
    outer loop
      vertex 8 32.35 16
      vertex 7.69326 32.3299 9.8
      vertex 8 32.35 9.8
    endloop
  endfacet
  facet normal 0.946935 -0.321424 0
    outer loop
      vertex 5.73007 30.6082 16
      vertex 5.82888 30.8993 9.8
      vertex 5.82888 30.8993 16
    endloop
  endfacet
  facet normal 0.946935 -0.321424 0
    outer loop
      vertex 5.82888 30.8993 9.8
      vertex 5.73007 30.6082 16
      vertex 5.73007 30.6082 9.8
    endloop
  endfacet
  facet normal 0.997859 -0.0653961 0
    outer loop
      vertex 5.65 30 16
      vertex 5.6701 30.3067 9.8
      vertex 5.6701 30.3067 16
    endloop
  endfacet
  facet normal 0.997859 -0.0653961 0
    outer loop
      vertex 5.6701 30.3067 9.8
      vertex 5.65 30 16
      vertex 5.65 30 9.8
    endloop
  endfacet
  facet normal -0.980768 -0.195178 0
    outer loop
      vertex 10.3299 98.3067 9.8
      vertex 10.2699 98.6082 16
      vertex 10.2699 98.6082 9.8
    endloop
  endfacet
  facet normal -0.980768 -0.195178 0
    outer loop
      vertex 10.2699 98.6082 16
      vertex 10.3299 98.3067 9.8
      vertex 10.3299 98.3067 16
    endloop
  endfacet
  facet normal -0.997859 -0.0653961 0
    outer loop
      vertex 10.35 98 9.8
      vertex 10.3299 98.3067 16
      vertex 10.3299 98.3067 9.8
    endloop
  endfacet
  facet normal -0.997859 -0.0653961 0
    outer loop
      vertex 10.3299 98.3067 16
      vertex 10.35 98 9.8
      vertex 10.35 98 16
    endloop
  endfacet
  facet normal -0.946945 -0.321395 0
    outer loop
      vertex 10.2699 98.6082 9.8
      vertex 10.1711 98.8993 16
      vertex 10.1711 98.8993 9.8
    endloop
  endfacet
  facet normal -0.946945 -0.321395 0
    outer loop
      vertex 10.1711 98.8993 16
      vertex 10.2699 98.6082 9.8
      vertex 10.2699 98.6082 16
    endloop
  endfacet
  facet normal -0.831419 -0.555646 0
    outer loop
      vertex 10.0352 99.175 9.8
      vertex 9.86438 99.4306 16
      vertex 9.86438 99.4306 9.8
    endloop
  endfacet
  facet normal -0.831419 -0.555646 0
    outer loop
      vertex 9.86438 99.4306 16
      vertex 10.0352 99.175 9.8
      vertex 10.0352 99.175 16
    endloop
  endfacet
  facet normal 0.946935 0.321424 0
    outer loop
      vertex 5.82888 97.1007 16
      vertex 5.73007 97.3918 9.8
      vertex 5.73007 97.3918 16
    endloop
  endfacet
  facet normal 0.946935 0.321424 0
    outer loop
      vertex 5.73007 97.3918 9.8
      vertex 5.82888 97.1007 16
      vertex 5.82888 97.1007 9.8
    endloop
  endfacet
  facet normal -0.321405 0.946942 0
    outer loop
      vertex 8.89931 95.8289 9.8
      vertex 8.60822 95.7301 16
      vertex 8.89931 95.8289 16
    endloop
  endfacet
  facet normal -0.321405 0.946942 0
    outer loop
      vertex 8.60822 95.7301 16
      vertex 8.89931 95.8289 9.8
      vertex 8.60822 95.7301 9.8
    endloop
  endfacet
  facet normal -0.89695 -0.442131 0
    outer loop
      vertex 10.1711 98.8993 9.8
      vertex 10.0352 99.175 16
      vertex 10.0352 99.175 9.8
    endloop
  endfacet
  facet normal -0.89695 -0.442131 0
    outer loop
      vertex 10.0352 99.175 16
      vertex 10.1711 98.8993 9.8
      vertex 10.1711 98.8993 16
    endloop
  endfacet
  facet normal 0.555166 -0.83174 0
    outer loop
      vertex 6.56941 99.8644 9.8
      vertex 6.825 100.035 16
      vertex 6.56941 99.8644 16
    endloop
  endfacet
  facet normal 0.555166 -0.83174 0
    outer loop
      vertex 6.825 100.035 16
      vertex 6.56941 99.8644 9.8
      vertex 6.825 100.035 9.8
    endloop
  endfacet
  facet normal -0.980768 0.195178 0
    outer loop
      vertex 10.2699 97.3918 9.8
      vertex 10.3299 97.6933 16
      vertex 10.3299 97.6933 9.8
    endloop
  endfacet
  facet normal -0.980768 0.195178 0
    outer loop
      vertex 10.3299 97.6933 16
      vertex 10.2699 97.3918 9.8
      vertex 10.2699 97.3918 16
    endloop
  endfacet
  facet normal 0 0 1
    outer loop
      vertex 10.3299 98.3067 9.8
      vertex 10.3299 97.6933 9.8
      vertex 10.35 98 9.8
    endloop
  endfacet
  facet normal 0 0 1
    outer loop
      vertex 10.2699 98.6082 9.8
      vertex 10.3299 97.6933 9.8
      vertex 10.3299 98.3067 9.8
    endloop
  endfacet
  facet normal 0 0 1
    outer loop
      vertex 10.2699 98.6082 9.8
      vertex 10.2699 97.3918 9.8
      vertex 10.3299 97.6933 9.8
    endloop
  endfacet
  facet normal 0 0 1
    outer loop
      vertex 10.1711 98.8993 9.8
      vertex 10.2699 97.3918 9.8
      vertex 10.2699 98.6082 9.8
    endloop
  endfacet
  facet normal 0 0 1
    outer loop
      vertex 10.1711 98.8993 9.8
      vertex 10.1711 97.1007 9.8
      vertex 10.2699 97.3918 9.8
    endloop
  endfacet
  facet normal 0 0 1
    outer loop
      vertex 10.0352 99.175 9.8
      vertex 10.1711 97.1007 9.8
      vertex 10.1711 98.8993 9.8
    endloop
  endfacet
  facet normal 0 0 1
    outer loop
      vertex 10.0352 99.175 9.8
      vertex 10.0352 96.825 9.8
      vertex 10.1711 97.1007 9.8
    endloop
  endfacet
  facet normal 0 0 1
    outer loop
      vertex 9.86438 99.4306 9.8
      vertex 10.0352 96.825 9.8
      vertex 10.0352 99.175 9.8
    endloop
  endfacet
  facet normal 0 0 1
    outer loop
      vertex 9.86438 99.4306 9.8
      vertex 9.86438 96.5694 9.8
      vertex 10.0352 96.825 9.8
    endloop
  endfacet
  facet normal 0 0 1
    outer loop
      vertex 9.6617 99.6617 9.8
      vertex 9.86438 96.5694 9.8
      vertex 9.86438 99.4306 9.8
    endloop
  endfacet
  facet normal 0 0 1
    outer loop
      vertex 9.6617 99.6617 9.8
      vertex 9.6617 96.3383 9.8
      vertex 9.86438 96.5694 9.8
    endloop
  endfacet
  facet normal 0 0 1
    outer loop
      vertex 9.43059 99.8644 9.8
      vertex 9.6617 96.3383 9.8
      vertex 9.6617 99.6617 9.8
    endloop
  endfacet
  facet normal 0 0 1
    outer loop
      vertex 9.43059 99.8644 9.8
      vertex 9.43059 96.1356 9.8
      vertex 9.6617 96.3383 9.8
    endloop
  endfacet
  facet normal 0 0 1
    outer loop
      vertex 9.175 100.035 9.8
      vertex 9.43059 96.1356 9.8
      vertex 9.43059 99.8644 9.8
    endloop
  endfacet
  facet normal 0 0 1
    outer loop
      vertex 9.175 100.035 9.8
      vertex 9.175 95.9648 9.8
      vertex 9.43059 96.1356 9.8
    endloop
  endfacet
  facet normal 0 0 1
    outer loop
      vertex 8.89931 100.171 9.8
      vertex 9.175 95.9648 9.8
      vertex 9.175 100.035 9.8
    endloop
  endfacet
  facet normal 0 0 1
    outer loop
      vertex 8.89931 100.171 9.8
      vertex 8.89931 95.8289 9.8
      vertex 9.175 95.9648 9.8
    endloop
  endfacet
  facet normal 0 0 1
    outer loop
      vertex 8.60822 100.27 9.8
      vertex 8.89931 95.8289 9.8
      vertex 8.89931 100.171 9.8
    endloop
  endfacet
  facet normal 0 0 1
    outer loop
      vertex 8.60822 100.27 9.8
      vertex 8.60822 95.7301 9.8
      vertex 8.89931 95.8289 9.8
    endloop
  endfacet
  facet normal 0 0 1
    outer loop
      vertex 8.30674 100.33 9.8
      vertex 8.60822 95.7301 9.8
      vertex 8.60822 100.27 9.8
    endloop
  endfacet
  facet normal 0 0 1
    outer loop
      vertex 8.30674 100.33 9.8
      vertex 8.30674 95.6701 9.8
      vertex 8.60822 95.7301 9.8
    endloop
  endfacet
  facet normal 0 0 1
    outer loop
      vertex 8 100.35 9.8
      vertex 8.30674 95.6701 9.8
      vertex 8.30674 100.33 9.8
    endloop
  endfacet
  facet normal 0 0 1
    outer loop
      vertex 8 100.35 9.8
      vertex 8 95.65 9.8
      vertex 8.30674 95.6701 9.8
    endloop
  endfacet
  facet normal -0 0 1
    outer loop
      vertex 7.69326 100.33 9.8
      vertex 8 95.65 9.8
      vertex 8 100.35 9.8
    endloop
  endfacet
  facet normal 0 0 1
    outer loop
      vertex 7.69326 100.33 9.8
      vertex 7.69326 95.6701 9.8
      vertex 8 95.65 9.8
    endloop
  endfacet
  facet normal -0 0 1
    outer loop
      vertex 7.39178 100.27 9.8
      vertex 7.69326 95.6701 9.8
      vertex 7.69326 100.33 9.8
    endloop
  endfacet
  facet normal 0 0 1
    outer loop
      vertex 7.39178 100.27 9.8
      vertex 7.39178 95.7301 9.8
      vertex 7.69326 95.6701 9.8
    endloop
  endfacet
  facet normal -0 0 1
    outer loop
      vertex 7.10069 100.171 9.8
      vertex 7.39178 95.7301 9.8
      vertex 7.39178 100.27 9.8
    endloop
  endfacet
  facet normal 0 0 1
    outer loop
      vertex 7.10069 100.171 9.8
      vertex 7.10069 95.8289 9.8
      vertex 7.39178 95.7301 9.8
    endloop
  endfacet
  facet normal -0 0 1
    outer loop
      vertex 6.825 100.035 9.8
      vertex 7.10069 95.8289 9.8
      vertex 7.10069 100.171 9.8
    endloop
  endfacet
  facet normal 0 0 1
    outer loop
      vertex 6.825 100.035 9.8
      vertex 6.825 95.9648 9.8
      vertex 7.10069 95.8289 9.8
    endloop
  endfacet
  facet normal -0 0 1
    outer loop
      vertex 6.56941 99.8644 9.8
      vertex 6.825 95.9648 9.8
      vertex 6.825 100.035 9.8
    endloop
  endfacet
  facet normal 0 0 1
    outer loop
      vertex 6.56941 99.8644 9.8
      vertex 6.56941 96.1356 9.8
      vertex 6.825 95.9648 9.8
    endloop
  endfacet
  facet normal -0 0 1
    outer loop
      vertex 6.3383 99.6617 9.8
      vertex 6.56941 96.1356 9.8
      vertex 6.56941 99.8644 9.8
    endloop
  endfacet
  facet normal 0 0 1
    outer loop
      vertex 6.3383 99.6617 9.8
      vertex 6.3383 96.3383 9.8
      vertex 6.56941 96.1356 9.8
    endloop
  endfacet
  facet normal -0 0 1
    outer loop
      vertex 6.13562 99.4306 9.8
      vertex 6.3383 96.3383 9.8
      vertex 6.3383 99.6617 9.8
    endloop
  endfacet
  facet normal 0 0 1
    outer loop
      vertex 6.13562 99.4306 9.8
      vertex 6.13562 96.5694 9.8
      vertex 6.3383 96.3383 9.8
    endloop
  endfacet
  facet normal -0 0 1
    outer loop
      vertex 5.96484 99.175 9.8
      vertex 6.13562 96.5694 9.8
      vertex 6.13562 99.4306 9.8
    endloop
  endfacet
  facet normal 0 0 1
    outer loop
      vertex 5.96484 99.175 9.8
      vertex 5.96484 96.825 9.8
      vertex 6.13562 96.5694 9.8
    endloop
  endfacet
  facet normal -0 0 1
    outer loop
      vertex 5.82888 98.8993 9.8
      vertex 5.96484 96.825 9.8
      vertex 5.96484 99.175 9.8
    endloop
  endfacet
  facet normal 0 0 1
    outer loop
      vertex 5.82888 98.8993 9.8
      vertex 5.82888 97.1007 9.8
      vertex 5.96484 96.825 9.8
    endloop
  endfacet
  facet normal -0 0 1
    outer loop
      vertex 5.73007 98.6082 9.8
      vertex 5.82888 97.1007 9.8
      vertex 5.82888 98.8993 9.8
    endloop
  endfacet
  facet normal 0 0 1
    outer loop
      vertex 5.73007 98.6082 9.8
      vertex 5.73007 97.3918 9.8
      vertex 5.82888 97.1007 9.8
    endloop
  endfacet
  facet normal -0 0 1
    outer loop
      vertex 5.6701 98.3067 9.8
      vertex 5.73007 97.3918 9.8
      vertex 5.73007 98.6082 9.8
    endloop
  endfacet
  facet normal 0 0 1
    outer loop
      vertex 5.6701 98.3067 9.8
      vertex 5.6701 97.6933 9.8
      vertex 5.73007 97.3918 9.8
    endloop
  endfacet
  facet normal 0 -0 1
    outer loop
      vertex 5.6701 97.6933 9.8
      vertex 5.6701 98.3067 9.8
      vertex 5.65 98 9.8
    endloop
  endfacet
  facet normal -0.321988 -0.946744 0
    outer loop
      vertex 8.60822 100.27 9.8
      vertex 8.89931 100.171 16
      vertex 8.60822 100.27 16
    endloop
  endfacet
  facet normal -0.321988 -0.946744 -0
    outer loop
      vertex 8.89931 100.171 16
      vertex 8.60822 100.27 9.8
      vertex 8.89931 100.171 9.8
    endloop
  endfacet
  facet normal 0.659386 -0.751804 0
    outer loop
      vertex 6.3383 99.6617 9.8
      vertex 6.56941 99.8644 16
      vertex 6.3383 99.6617 16
    endloop
  endfacet
  facet normal 0.659386 -0.751804 0
    outer loop
      vertex 6.56941 99.8644 16
      vertex 6.3383 99.6617 9.8
      vertex 6.56941 99.8644 9.8
    endloop
  endfacet
  facet normal -0.555616 0.831439 0
    outer loop
      vertex 9.43059 96.1356 9.8
      vertex 9.175 95.9648 16
      vertex 9.43059 96.1356 16
    endloop
  endfacet
  facet normal -0.555616 0.831439 0
    outer loop
      vertex 9.175 95.9648 16
      vertex 9.43059 96.1356 9.8
      vertex 9.175 95.9648 9.8
    endloop
  endfacet
  facet normal 0.19519 -0.980765 0
    outer loop
      vertex 7.39178 100.27 9.8
      vertex 7.69326 100.33 16
      vertex 7.39178 100.27 16
    endloop
  endfacet
  facet normal 0.19519 -0.980765 0
    outer loop
      vertex 7.69326 100.33 16
      vertex 7.39178 100.27 9.8
      vertex 7.69326 100.33 9.8
    endloop
  endfacet
  facet normal 0.997859 0.0653961 0
    outer loop
      vertex 5.6701 97.6933 16
      vertex 5.65 98 9.8
      vertex 5.65 98 16
    endloop
  endfacet
  facet normal 0.997859 0.0653961 0
    outer loop
      vertex 5.65 98 9.8
      vertex 5.6701 97.6933 16
      vertex 5.6701 97.6933 9.8
    endloop
  endfacet
  facet normal 0.896873 0.442288 0
    outer loop
      vertex 5.96484 96.825 16
      vertex 5.82888 97.1007 9.8
      vertex 5.82888 97.1007 16
    endloop
  endfacet
  facet normal 0.896873 0.442288 0
    outer loop
      vertex 5.82888 97.1007 9.8
      vertex 5.96484 96.825 16
      vertex 5.96484 96.825 9.8
    endloop
  endfacet
  facet normal -0.0650636 -0.997881 0
    outer loop
      vertex 8 100.35 9.8
      vertex 8.30674 100.33 16
      vertex 8 100.35 16
    endloop
  endfacet
  facet normal -0.0650636 -0.997881 -0
    outer loop
      vertex 8.30674 100.33 16
      vertex 8 100.35 9.8
      vertex 8.30674 100.33 9.8
    endloop
  endfacet
  facet normal 0.321405 0.946942 -0
    outer loop
      vertex 7.39178 95.7301 9.8
      vertex 7.10069 95.8289 16
      vertex 7.39178 95.7301 16
    endloop
  endfacet
  facet normal 0.321405 0.946942 0
    outer loop
      vertex 7.10069 95.8289 16
      vertex 7.39178 95.7301 9.8
      vertex 7.10069 95.8289 9.8
    endloop
  endfacet
  facet normal -0.19519 0.980765 0
    outer loop
      vertex 8.60822 95.7301 9.8
      vertex 8.30674 95.6701 16
      vertex 8.60822 95.7301 16
    endloop
  endfacet
  facet normal -0.19519 0.980765 0
    outer loop
      vertex 8.30674 95.6701 16
      vertex 8.60822 95.7301 9.8
      vertex 8.30674 95.6701 9.8
    endloop
  endfacet
  facet normal 0.442406 -0.896815 0
    outer loop
      vertex 6.825 100.035 9.8
      vertex 7.10069 100.171 16
      vertex 6.825 100.035 16
    endloop
  endfacet
  facet normal 0.442406 -0.896815 0
    outer loop
      vertex 7.10069 100.171 16
      vertex 6.825 100.035 9.8
      vertex 7.10069 100.171 9.8
    endloop
  endfacet
  facet normal 0.0650636 -0.997881 0
    outer loop
      vertex 7.69326 100.33 9.8
      vertex 8 100.35 16
      vertex 7.69326 100.33 16
    endloop
  endfacet
  facet normal 0.0650636 -0.997881 0
    outer loop
      vertex 8 100.35 16
      vertex 7.69326 100.33 9.8
      vertex 8 100.35 9.8
    endloop
  endfacet
  facet normal -0.442406 -0.896815 0
    outer loop
      vertex 8.89931 100.171 9.8
      vertex 9.175 100.035 16
      vertex 8.89931 100.171 16
    endloop
  endfacet
  facet normal -0.442406 -0.896815 -0
    outer loop
      vertex 9.175 100.035 16
      vertex 8.89931 100.171 9.8
      vertex 9.175 100.035 9.8
    endloop
  endfacet
  facet normal -0.442144 0.896944 0
    outer loop
      vertex 9.175 95.9648 9.8
      vertex 8.89931 95.8289 16
      vertex 9.175 95.9648 16
    endloop
  endfacet
  facet normal -0.442144 0.896944 0
    outer loop
      vertex 8.89931 95.8289 16
      vertex 9.175 95.9648 9.8
      vertex 8.89931 95.8289 9.8
    endloop
  endfacet
  facet normal 0.980787 0.195084 0
    outer loop
      vertex 5.73007 97.3918 16
      vertex 5.6701 97.6933 9.8
      vertex 5.6701 97.6933 16
    endloop
  endfacet
  facet normal 0.980787 0.195084 0
    outer loop
      vertex 5.6701 97.6933 9.8
      vertex 5.73007 97.3918 16
      vertex 5.73007 97.3918 9.8
    endloop
  endfacet
  facet normal -0.997859 0.0653961 0
    outer loop
      vertex 10.3299 97.6933 9.8
      vertex 10.35 98 16
      vertex 10.35 98 9.8
    endloop
  endfacet
  facet normal -0.997859 0.0653961 0
    outer loop
      vertex 10.35 98 16
      vertex 10.3299 97.6933 9.8
      vertex 10.3299 97.6933 16
    endloop
  endfacet
  facet normal 0.555616 0.831439 -0
    outer loop
      vertex 6.825 95.9648 9.8
      vertex 6.56941 96.1356 16
      vertex 6.825 95.9648 16
    endloop
  endfacet
  facet normal 0.555616 0.831439 0
    outer loop
      vertex 6.56941 96.1356 16
      vertex 6.825 95.9648 9.8
      vertex 6.56941 96.1356 9.8
    endloop
  endfacet
  facet normal -0.751822 0.659366 0
    outer loop
      vertex 9.6617 96.3383 9.8
      vertex 9.86438 96.5694 16
      vertex 9.86438 96.5694 9.8
    endloop
  endfacet
  facet normal -0.751822 0.659366 0
    outer loop
      vertex 9.86438 96.5694 16
      vertex 9.6617 96.3383 9.8
      vertex 9.6617 96.3383 16
    endloop
  endfacet
  facet normal -0.831419 0.555646 0
    outer loop
      vertex 9.86438 96.5694 9.8
      vertex 10.0352 96.825 16
      vertex 10.0352 96.825 9.8
    endloop
  endfacet
  facet normal -0.831419 0.555646 0
    outer loop
      vertex 10.0352 96.825 16
      vertex 9.86438 96.5694 9.8
      vertex 9.86438 96.5694 16
    endloop
  endfacet
  facet normal 0.751822 0.659366 0
    outer loop
      vertex 6.3383 96.3383 16
      vertex 6.13562 96.5694 9.8
      vertex 6.13562 96.5694 16
    endloop
  endfacet
  facet normal 0.751822 0.659366 0
    outer loop
      vertex 6.13562 96.5694 9.8
      vertex 6.3383 96.3383 16
      vertex 6.3383 96.3383 9.8
    endloop
  endfacet
  facet normal 0.751822 -0.659366 0
    outer loop
      vertex 6.13562 99.4306 16
      vertex 6.3383 99.6617 9.8
      vertex 6.3383 99.6617 16
    endloop
  endfacet
  facet normal 0.751822 -0.659366 0
    outer loop
      vertex 6.3383 99.6617 9.8
      vertex 6.13562 99.4306 16
      vertex 6.13562 99.4306 9.8
    endloop
  endfacet
  facet normal -0.946945 0.321395 0
    outer loop
      vertex 10.1711 97.1007 9.8
      vertex 10.2699 97.3918 16
      vertex 10.2699 97.3918 9.8
    endloop
  endfacet
  facet normal -0.946945 0.321395 0
    outer loop
      vertex 10.2699 97.3918 16
      vertex 10.1711 97.1007 9.8
      vertex 10.1711 97.1007 16
    endloop
  endfacet
  facet normal 0.831479 0.555556 0
    outer loop
      vertex 6.13562 96.5694 16
      vertex 5.96484 96.825 9.8
      vertex 5.96484 96.825 16
    endloop
  endfacet
  facet normal 0.831479 0.555556 0
    outer loop
      vertex 5.96484 96.825 9.8
      vertex 6.13562 96.5694 16
      vertex 6.13562 96.5694 9.8
    endloop
  endfacet
  facet normal -0.89695 0.442131 0
    outer loop
      vertex 10.0352 96.825 9.8
      vertex 10.1711 97.1007 16
      vertex 10.1711 97.1007 9.8
    endloop
  endfacet
  facet normal -0.89695 0.442131 0
    outer loop
      vertex 10.1711 97.1007 16
      vertex 10.0352 96.825 9.8
      vertex 10.0352 96.825 16
    endloop
  endfacet
  facet normal 0.19519 0.980765 -0
    outer loop
      vertex 7.69326 95.6701 9.8
      vertex 7.39178 95.7301 16
      vertex 7.69326 95.6701 16
    endloop
  endfacet
  facet normal 0.19519 0.980765 0
    outer loop
      vertex 7.39178 95.7301 16
      vertex 7.69326 95.6701 9.8
      vertex 7.39178 95.7301 9.8
    endloop
  endfacet
  facet normal -0.0653876 0.99786 0
    outer loop
      vertex 8.30674 95.6701 9.8
      vertex 8 95.65 16
      vertex 8.30674 95.6701 16
    endloop
  endfacet
  facet normal -0.0653876 0.99786 0
    outer loop
      vertex 8 95.65 16
      vertex 8.30674 95.6701 9.8
      vertex 8 95.65 9.8
    endloop
  endfacet
  facet normal 0.442144 0.896944 -0
    outer loop
      vertex 7.10069 95.8289 9.8
      vertex 6.825 95.9648 16
      vertex 7.10069 95.8289 16
    endloop
  endfacet
  facet normal 0.442144 0.896944 0
    outer loop
      vertex 6.825 95.9648 16
      vertex 7.10069 95.8289 9.8
      vertex 6.825 95.9648 9.8
    endloop
  endfacet
  facet normal -0.19519 -0.980765 0
    outer loop
      vertex 8.30674 100.33 9.8
      vertex 8.60822 100.27 16
      vertex 8.30674 100.33 16
    endloop
  endfacet
  facet normal -0.19519 -0.980765 -0
    outer loop
      vertex 8.60822 100.27 16
      vertex 8.30674 100.33 9.8
      vertex 8.60822 100.27 9.8
    endloop
  endfacet
  facet normal -0.659386 0.751804 0
    outer loop
      vertex 9.6617 96.3383 9.8
      vertex 9.43059 96.1356 16
      vertex 9.6617 96.3383 16
    endloop
  endfacet
  facet normal -0.659386 0.751804 0
    outer loop
      vertex 9.43059 96.1356 16
      vertex 9.6617 96.3383 9.8
      vertex 9.43059 96.1356 9.8
    endloop
  endfacet
  facet normal -0.555166 -0.83174 0
    outer loop
      vertex 9.175 100.035 9.8
      vertex 9.43059 99.8644 16
      vertex 9.175 100.035 16
    endloop
  endfacet
  facet normal -0.555166 -0.83174 -0
    outer loop
      vertex 9.43059 99.8644 16
      vertex 9.175 100.035 9.8
      vertex 9.43059 99.8644 9.8
    endloop
  endfacet
  facet normal 0.321988 -0.946744 0
    outer loop
      vertex 7.10069 100.171 9.8
      vertex 7.39178 100.27 16
      vertex 7.10069 100.171 16
    endloop
  endfacet
  facet normal 0.321988 -0.946744 0
    outer loop
      vertex 7.39178 100.27 16
      vertex 7.10069 100.171 9.8
      vertex 7.39178 100.27 9.8
    endloop
  endfacet
  facet normal 0.0653876 0.99786 -0
    outer loop
      vertex 8 95.65 9.8
      vertex 7.69326 95.6701 16
      vertex 8 95.65 16
    endloop
  endfacet
  facet normal 0.0653876 0.99786 0
    outer loop
      vertex 7.69326 95.6701 16
      vertex 8 95.65 9.8
      vertex 7.69326 95.6701 9.8
    endloop
  endfacet
  facet normal 0.896873 -0.442288 0
    outer loop
      vertex 5.82888 98.8993 16
      vertex 5.96484 99.175 9.8
      vertex 5.96484 99.175 16
    endloop
  endfacet
  facet normal 0.896873 -0.442288 0
    outer loop
      vertex 5.96484 99.175 9.8
      vertex 5.82888 98.8993 16
      vertex 5.82888 98.8993 9.8
    endloop
  endfacet
  facet normal 0.980787 -0.195084 0
    outer loop
      vertex 5.6701 98.3067 16
      vertex 5.73007 98.6082 9.8
      vertex 5.73007 98.6082 16
    endloop
  endfacet
  facet normal 0.980787 -0.195084 0
    outer loop
      vertex 5.73007 98.6082 9.8
      vertex 5.6701 98.3067 16
      vertex 5.6701 98.3067 9.8
    endloop
  endfacet
  facet normal -0.751822 -0.659366 0
    outer loop
      vertex 9.86438 99.4306 9.8
      vertex 9.6617 99.6617 16
      vertex 9.6617 99.6617 9.8
    endloop
  endfacet
  facet normal -0.751822 -0.659366 0
    outer loop
      vertex 9.6617 99.6617 16
      vertex 9.86438 99.4306 9.8
      vertex 9.86438 99.4306 16
    endloop
  endfacet
  facet normal 0.659386 0.751804 -0
    outer loop
      vertex 6.56941 96.1356 9.8
      vertex 6.3383 96.3383 16
      vertex 6.56941 96.1356 16
    endloop
  endfacet
  facet normal 0.659386 0.751804 0
    outer loop
      vertex 6.3383 96.3383 16
      vertex 6.56941 96.1356 9.8
      vertex 6.3383 96.3383 9.8
    endloop
  endfacet
  facet normal -0.659386 -0.751804 0
    outer loop
      vertex 9.43059 99.8644 9.8
      vertex 9.6617 99.6617 16
      vertex 9.43059 99.8644 16
    endloop
  endfacet
  facet normal -0.659386 -0.751804 -0
    outer loop
      vertex 9.6617 99.6617 16
      vertex 9.43059 99.8644 9.8
      vertex 9.6617 99.6617 9.8
    endloop
  endfacet
  facet normal 0.946935 -0.321424 0
    outer loop
      vertex 5.73007 98.6082 16
      vertex 5.82888 98.8993 9.8
      vertex 5.82888 98.8993 16
    endloop
  endfacet
  facet normal 0.946935 -0.321424 0
    outer loop
      vertex 5.82888 98.8993 9.8
      vertex 5.73007 98.6082 16
      vertex 5.73007 98.6082 9.8
    endloop
  endfacet
  facet normal 0.997859 -0.0653961 0
    outer loop
      vertex 5.65 98 16
      vertex 5.6701 98.3067 9.8
      vertex 5.6701 98.3067 16
    endloop
  endfacet
  facet normal 0.997859 -0.0653961 0
    outer loop
      vertex 5.6701 98.3067 9.8
      vertex 5.65 98 16
      vertex 5.65 98 9.8
    endloop
  endfacet
  facet normal 0.831479 -0.555556 0
    outer loop
      vertex 5.96484 99.175 16
      vertex 6.13562 99.4306 9.8
      vertex 6.13562 99.4306 16
    endloop
  endfacet
  facet normal 0.831479 -0.555556 0
    outer loop
      vertex 6.13562 99.4306 9.8
      vertex 5.96484 99.175 16
      vertex 5.96484 99.175 9.8
    endloop
  endfacet
  facet normal -0.980768 -0.195178 0
    outer loop
      vertex 250.33 30.3067 9.8
      vertex 250.27 30.6082 16
      vertex 250.27 30.6082 9.8
    endloop
  endfacet
  facet normal -0.980768 -0.195178 0
    outer loop
      vertex 250.27 30.6082 16
      vertex 250.33 30.3067 9.8
      vertex 250.33 30.3067 16
    endloop
  endfacet
  facet normal -0.997881 -0.0650721 0
    outer loop
      vertex 250.35 30 9.8
      vertex 250.33 30.3067 16
      vertex 250.33 30.3067 9.8
    endloop
  endfacet
  facet normal -0.997881 -0.0650721 0
    outer loop
      vertex 250.33 30.3067 16
      vertex 250.35 30 9.8
      vertex 250.35 30 16
    endloop
  endfacet
  facet normal -0.946747 -0.321979 0
    outer loop
      vertex 250.27 30.6082 9.8
      vertex 250.171 30.8993 16
      vertex 250.171 30.8993 9.8
    endloop
  endfacet
  facet normal -0.946747 -0.321979 0
    outer loop
      vertex 250.171 30.8993 16
      vertex 250.27 30.6082 9.8
      vertex 250.27 30.6082 16
    endloop
  endfacet
  facet normal -0.831149 -0.55605 0
    outer loop
      vertex 250.035 31.175 9.8
      vertex 249.864 31.4306 16
      vertex 249.864 31.4306 9.8
    endloop
  endfacet
  facet normal -0.831149 -0.55605 0
    outer loop
      vertex 249.864 31.4306 16
      vertex 250.035 31.175 9.8
      vertex 250.035 31.175 16
    endloop
  endfacet
  facet normal 0.946747 0.321979 0
    outer loop
      vertex 245.829 29.1007 16
      vertex 245.73 29.3918 9.8
      vertex 245.73 29.3918 16
    endloop
  endfacet
  facet normal 0.946747 0.321979 0
    outer loop
      vertex 245.73 29.3918 9.8
      vertex 245.829 29.1007 16
      vertex 245.829 29.1007 9.8
    endloop
  endfacet
  facet normal -0.321494 0.946911 0
    outer loop
      vertex 248.899 27.8289 9.8
      vertex 248.608 27.7301 16
      vertex 248.899 27.8289 16
    endloop
  endfacet
  facet normal -0.321494 0.946911 0
    outer loop
      vertex 248.608 27.7301 16
      vertex 248.899 27.8289 9.8
      vertex 248.608 27.7301 9.8
    endloop
  endfacet
  facet normal -0.896821 -0.442393 0
    outer loop
      vertex 250.171 30.8993 9.8
      vertex 250.035 31.175 16
      vertex 250.035 31.175 9.8
    endloop
  endfacet
  facet normal -0.896821 -0.442393 0
    outer loop
      vertex 250.035 31.175 16
      vertex 250.171 30.8993 9.8
      vertex 250.171 30.8993 16
    endloop
  endfacet
  facet normal 0.555 -0.83185 0
    outer loop
      vertex 246.569 31.8644 9.8
      vertex 246.825 32.0352 16
      vertex 246.569 31.8644 16
    endloop
  endfacet
  facet normal 0.555 -0.83185 0
    outer loop
      vertex 246.825 32.0352 16
      vertex 246.569 31.8644 9.8
      vertex 246.825 32.0352 9.8
    endloop
  endfacet
  facet normal -0.980768 0.195178 0
    outer loop
      vertex 250.27 29.3918 9.8
      vertex 250.33 29.6933 16
      vertex 250.33 29.6933 9.8
    endloop
  endfacet
  facet normal -0.980768 0.195178 0
    outer loop
      vertex 250.33 29.6933 16
      vertex 250.27 29.3918 9.8
      vertex 250.27 29.3918 16
    endloop
  endfacet
  facet normal 0 0 1
    outer loop
      vertex 250.33 30.3067 9.8
      vertex 250.33 29.6933 9.8
      vertex 250.35 30 9.8
    endloop
  endfacet
  facet normal 0 0 1
    outer loop
      vertex 250.27 30.6082 9.8
      vertex 250.33 29.6933 9.8
      vertex 250.33 30.3067 9.8
    endloop
  endfacet
  facet normal 0 0 1
    outer loop
      vertex 250.27 30.6082 9.8
      vertex 250.27 29.3918 9.8
      vertex 250.33 29.6933 9.8
    endloop
  endfacet
  facet normal 0 0 1
    outer loop
      vertex 250.171 30.8993 9.8
      vertex 250.27 29.3918 9.8
      vertex 250.27 30.6082 9.8
    endloop
  endfacet
  facet normal 0 0 1
    outer loop
      vertex 250.171 30.8993 9.8
      vertex 250.171 29.1007 9.8
      vertex 250.27 29.3918 9.8
    endloop
  endfacet
  facet normal 0 0 1
    outer loop
      vertex 250.035 31.175 9.8
      vertex 250.171 29.1007 9.8
      vertex 250.171 30.8993 9.8
    endloop
  endfacet
  facet normal 0 0 1
    outer loop
      vertex 250.035 31.175 9.8
      vertex 250.035 28.825 9.8
      vertex 250.171 29.1007 9.8
    endloop
  endfacet
  facet normal 0 0 1
    outer loop
      vertex 249.864 31.4306 9.8
      vertex 250.035 28.825 9.8
      vertex 250.035 31.175 9.8
    endloop
  endfacet
  facet normal 0 0 1
    outer loop
      vertex 249.864 31.4306 9.8
      vertex 249.864 28.5694 9.8
      vertex 250.035 28.825 9.8
    endloop
  endfacet
  facet normal 0 0 1
    outer loop
      vertex 249.662 31.6617 9.8
      vertex 249.864 28.5694 9.8
      vertex 249.864 31.4306 9.8
    endloop
  endfacet
  facet normal 0 0 1
    outer loop
      vertex 249.662 31.6617 9.8
      vertex 249.662 28.3383 9.8
      vertex 249.864 28.5694 9.8
    endloop
  endfacet
  facet normal 0 0 1
    outer loop
      vertex 249.431 31.8644 9.8
      vertex 249.662 28.3383 9.8
      vertex 249.662 31.6617 9.8
    endloop
  endfacet
  facet normal 0 0 1
    outer loop
      vertex 249.431 31.8644 9.8
      vertex 249.431 28.1356 9.8
      vertex 249.662 28.3383 9.8
    endloop
  endfacet
  facet normal 0 0 1
    outer loop
      vertex 249.175 32.0352 9.8
      vertex 249.431 28.1356 9.8
      vertex 249.431 31.8644 9.8
    endloop
  endfacet
  facet normal 0 0 1
    outer loop
      vertex 249.175 32.0352 9.8
      vertex 249.175 27.9648 9.8
      vertex 249.431 28.1356 9.8
    endloop
  endfacet
  facet normal 0 0 1
    outer loop
      vertex 248.899 32.1711 9.8
      vertex 249.175 27.9648 9.8
      vertex 249.175 32.0352 9.8
    endloop
  endfacet
  facet normal 0 0 1
    outer loop
      vertex 248.899 32.1711 9.8
      vertex 248.899 27.8289 9.8
      vertex 249.175 27.9648 9.8
    endloop
  endfacet
  facet normal 0 0 1
    outer loop
      vertex 248.608 32.2699 9.8
      vertex 248.899 27.8289 9.8
      vertex 248.899 32.1711 9.8
    endloop
  endfacet
  facet normal 0 0 1
    outer loop
      vertex 248.608 32.2699 9.8
      vertex 248.608 27.7301 9.8
      vertex 248.899 27.8289 9.8
    endloop
  endfacet
  facet normal 0 0 1
    outer loop
      vertex 248.307 32.3299 9.8
      vertex 248.608 27.7301 9.8
      vertex 248.608 32.2699 9.8
    endloop
  endfacet
  facet normal 0 0 1
    outer loop
      vertex 248.307 32.3299 9.8
      vertex 248.307 27.6701 9.8
      vertex 248.608 27.7301 9.8
    endloop
  endfacet
  facet normal 0 0 1
    outer loop
      vertex 248 32.35 9.8
      vertex 248.307 27.6701 9.8
      vertex 248.307 32.3299 9.8
    endloop
  endfacet
  facet normal 0 0 1
    outer loop
      vertex 248 32.35 9.8
      vertex 248 27.65 9.8
      vertex 248.307 27.6701 9.8
    endloop
  endfacet
  facet normal -0 0 1
    outer loop
      vertex 247.693 32.3299 9.8
      vertex 248 27.65 9.8
      vertex 248 32.35 9.8
    endloop
  endfacet
  facet normal 0 0 1
    outer loop
      vertex 247.693 32.3299 9.8
      vertex 247.693 27.6701 9.8
      vertex 248 27.65 9.8
    endloop
  endfacet
  facet normal -0 0 1
    outer loop
      vertex 247.392 32.2699 9.8
      vertex 247.693 27.6701 9.8
      vertex 247.693 32.3299 9.8
    endloop
  endfacet
  facet normal 0 0 1
    outer loop
      vertex 247.392 32.2699 9.8
      vertex 247.392 27.7301 9.8
      vertex 247.693 27.6701 9.8
    endloop
  endfacet
  facet normal -0 0 1
    outer loop
      vertex 247.101 32.1711 9.8
      vertex 247.392 27.7301 9.8
      vertex 247.392 32.2699 9.8
    endloop
  endfacet
  facet normal 0 0 1
    outer loop
      vertex 247.101 32.1711 9.8
      vertex 247.101 27.8289 9.8
      vertex 247.392 27.7301 9.8
    endloop
  endfacet
  facet normal -0 0 1
    outer loop
      vertex 246.825 32.0352 9.8
      vertex 247.101 27.8289 9.8
      vertex 247.101 32.1711 9.8
    endloop
  endfacet
  facet normal 0 0 1
    outer loop
      vertex 246.825 32.0352 9.8
      vertex 246.825 27.9648 9.8
      vertex 247.101 27.8289 9.8
    endloop
  endfacet
  facet normal -0 0 1
    outer loop
      vertex 246.569 31.8644 9.8
      vertex 246.825 27.9648 9.8
      vertex 246.825 32.0352 9.8
    endloop
  endfacet
  facet normal 0 0 1
    outer loop
      vertex 246.569 31.8644 9.8
      vertex 246.569 28.1356 9.8
      vertex 246.825 27.9648 9.8
    endloop
  endfacet
  facet normal -0 0 1
    outer loop
      vertex 246.338 31.6617 9.8
      vertex 246.569 28.1356 9.8
      vertex 246.569 31.8644 9.8
    endloop
  endfacet
  facet normal 0 0 1
    outer loop
      vertex 246.338 31.6617 9.8
      vertex 246.338 28.3383 9.8
      vertex 246.569 28.1356 9.8
    endloop
  endfacet
  facet normal -0 0 1
    outer loop
      vertex 246.136 31.4306 9.8
      vertex 246.338 28.3383 9.8
      vertex 246.338 31.6617 9.8
    endloop
  endfacet
  facet normal 0 0 1
    outer loop
      vertex 246.136 31.4306 9.8
      vertex 246.136 28.5694 9.8
      vertex 246.338 28.3383 9.8
    endloop
  endfacet
  facet normal -0 0 1
    outer loop
      vertex 245.965 31.175 9.8
      vertex 246.136 28.5694 9.8
      vertex 246.136 31.4306 9.8
    endloop
  endfacet
  facet normal 0 0 1
    outer loop
      vertex 245.965 31.175 9.8
      vertex 245.965 28.825 9.8
      vertex 246.136 28.5694 9.8
    endloop
  endfacet
  facet normal -0 0 1
    outer loop
      vertex 245.829 30.8993 9.8
      vertex 245.965 28.825 9.8
      vertex 245.965 31.175 9.8
    endloop
  endfacet
  facet normal 0 0 1
    outer loop
      vertex 245.829 30.8993 9.8
      vertex 245.829 29.1007 9.8
      vertex 245.965 28.825 9.8
    endloop
  endfacet
  facet normal -0 0 1
    outer loop
      vertex 245.73 30.6082 9.8
      vertex 245.829 29.1007 9.8
      vertex 245.829 30.8993 9.8
    endloop
  endfacet
  facet normal 0 0 1
    outer loop
      vertex 245.73 30.6082 9.8
      vertex 245.73 29.3918 9.8
      vertex 245.829 29.1007 9.8
    endloop
  endfacet
  facet normal -0 0 1
    outer loop
      vertex 245.67 30.3067 9.8
      vertex 245.73 29.3918 9.8
      vertex 245.73 30.6082 9.8
    endloop
  endfacet
  facet normal 0 0 1
    outer loop
      vertex 245.67 30.3067 9.8
      vertex 245.67 29.6933 9.8
      vertex 245.73 29.3918 9.8
    endloop
  endfacet
  facet normal 0 -0 1
    outer loop
      vertex 245.67 29.6933 9.8
      vertex 245.67 30.3067 9.8
      vertex 245.65 30 9.8
    endloop
  endfacet
  facet normal -0.321494 -0.946911 0
    outer loop
      vertex 248.608 32.2699 9.8
      vertex 248.899 32.1711 16
      vertex 248.608 32.2699 16
    endloop
  endfacet
  facet normal -0.321494 -0.946911 -0
    outer loop
      vertex 248.899 32.1711 16
      vertex 248.608 32.2699 9.8
      vertex 248.899 32.1711 9.8
    endloop
  endfacet
  facet normal 0.659564 -0.751649 0
    outer loop
      vertex 246.338 31.6617 9.8
      vertex 246.569 31.8644 16
      vertex 246.338 31.6617 16
    endloop
  endfacet
  facet normal 0.659564 -0.751649 0
    outer loop
      vertex 246.569 31.8644 16
      vertex 246.338 31.6617 9.8
      vertex 246.569 31.8644 9.8
    endloop
  endfacet
  facet normal -0.555 0.83185 0
    outer loop
      vertex 249.431 28.1356 9.8
      vertex 249.175 27.9648 16
      vertex 249.431 28.1356 16
    endloop
  endfacet
  facet normal -0.555 0.83185 0
    outer loop
      vertex 249.175 27.9648 16
      vertex 249.431 28.1356 9.8
      vertex 249.175 27.9648 9.8
    endloop
  endfacet
  facet normal 0.19549 -0.980706 0
    outer loop
      vertex 247.392 32.2699 9.8
      vertex 247.693 32.3299 16
      vertex 247.392 32.2699 16
    endloop
  endfacet
  facet normal 0.19549 -0.980706 0
    outer loop
      vertex 247.693 32.3299 16
      vertex 247.392 32.2699 9.8
      vertex 247.693 32.3299 9.8
    endloop
  endfacet
  facet normal 0.997881 0.0650721 0
    outer loop
      vertex 245.67 29.6933 16
      vertex 245.65 30 9.8
      vertex 245.65 30 16
    endloop
  endfacet
  facet normal 0.997881 0.0650721 0
    outer loop
      vertex 245.65 30 9.8
      vertex 245.67 29.6933 16
      vertex 245.67 29.6933 9.8
    endloop
  endfacet
  facet normal 0.896821 0.442393 0
    outer loop
      vertex 245.965 28.825 16
      vertex 245.829 29.1007 9.8
      vertex 245.829 29.1007 16
    endloop
  endfacet
  facet normal 0.896821 0.442393 0
    outer loop
      vertex 245.829 29.1007 9.8
      vertex 245.965 28.825 16
      vertex 245.965 28.825 9.8
    endloop
  endfacet
  facet normal -0.0653324 -0.997864 0
    outer loop
      vertex 248 32.35 9.8
      vertex 248.307 32.3299 16
      vertex 248 32.35 16
    endloop
  endfacet
  facet normal -0.0653324 -0.997864 -0
    outer loop
      vertex 248.307 32.3299 16
      vertex 248 32.35 9.8
      vertex 248.307 32.3299 9.8
    endloop
  endfacet
  facet normal 0.321494 0.946911 -0
    outer loop
      vertex 247.392 27.7301 9.8
      vertex 247.101 27.8289 16
      vertex 247.392 27.7301 16
    endloop
  endfacet
  facet normal 0.321494 0.946911 0
    outer loop
      vertex 247.101 27.8289 16
      vertex 247.392 27.7301 9.8
      vertex 247.101 27.8289 9.8
    endloop
  endfacet
  facet normal -0.19549 0.980706 0
    outer loop
      vertex 248.608 27.7301 9.8
      vertex 248.307 27.6701 16
      vertex 248.608 27.7301 16
    endloop
  endfacet
  facet normal -0.19549 0.980706 0
    outer loop
      vertex 248.307 27.6701 16
      vertex 248.608 27.7301 9.8
      vertex 248.307 27.6701 9.8
    endloop
  endfacet
  facet normal 0.441744 -0.897141 0
    outer loop
      vertex 246.825 32.0352 9.8
      vertex 247.101 32.1711 16
      vertex 246.825 32.0352 16
    endloop
  endfacet
  facet normal 0.441744 -0.897141 0
    outer loop
      vertex 247.101 32.1711 16
      vertex 246.825 32.0352 9.8
      vertex 247.101 32.1711 9.8
    endloop
  endfacet
  facet normal -0.441744 -0.897141 0
    outer loop
      vertex 248.899 32.1711 9.8
      vertex 249.175 32.0352 16
      vertex 248.899 32.1711 16
    endloop
  endfacet
  facet normal -0.441744 -0.897141 -0
    outer loop
      vertex 249.175 32.0352 16
      vertex 248.899 32.1711 9.8
      vertex 249.175 32.0352 9.8
    endloop
  endfacet
  facet normal -0.441744 0.897141 0
    outer loop
      vertex 249.175 27.9648 9.8
      vertex 248.899 27.8289 16
      vertex 249.175 27.9648 16
    endloop
  endfacet
  facet normal -0.441744 0.897141 0
    outer loop
      vertex 248.899 27.8289 16
      vertex 249.175 27.9648 9.8
      vertex 248.899 27.8289 9.8
    endloop
  endfacet
  facet normal 0.980768 0.195178 0
    outer loop
      vertex 245.73 29.3918 16
      vertex 245.67 29.6933 9.8
      vertex 245.67 29.6933 16
    endloop
  endfacet
  facet normal 0.980768 0.195178 0
    outer loop
      vertex 245.67 29.6933 9.8
      vertex 245.73 29.3918 16
      vertex 245.73 29.3918 9.8
    endloop
  endfacet
  facet normal -0.997881 0.0650721 0
    outer loop
      vertex 250.33 29.6933 9.8
      vertex 250.35 30 16
      vertex 250.35 30 9.8
    endloop
  endfacet
  facet normal -0.997881 0.0650721 0
    outer loop
      vertex 250.35 30 16
      vertex 250.33 29.6933 9.8
      vertex 250.33 29.6933 16
    endloop
  endfacet
  facet normal 0.555 0.83185 -0
    outer loop
      vertex 246.825 27.9648 9.8
      vertex 246.569 28.1356 16
      vertex 246.825 27.9648 16
    endloop
  endfacet
  facet normal 0.555 0.83185 0
    outer loop
      vertex 246.569 28.1356 16
      vertex 246.825 27.9648 9.8
      vertex 246.569 28.1356 9.8
    endloop
  endfacet
  facet normal -0.75292 0.658112 0
    outer loop
      vertex 249.662 28.3383 9.8
      vertex 249.864 28.5694 16
      vertex 249.864 28.5694 9.8
    endloop
  endfacet
  facet normal -0.75292 0.658112 0
    outer loop
      vertex 249.864 28.5694 16
      vertex 249.662 28.3383 9.8
      vertex 249.662 28.3383 16
    endloop
  endfacet
  facet normal -0.831149 0.55605 0
    outer loop
      vertex 249.864 28.5694 9.8
      vertex 250.035 28.825 16
      vertex 250.035 28.825 9.8
    endloop
  endfacet
  facet normal -0.831149 0.55605 0
    outer loop
      vertex 250.035 28.825 16
      vertex 249.864 28.5694 9.8
      vertex 249.864 28.5694 16
    endloop
  endfacet
  facet normal 0.75292 0.658112 0
    outer loop
      vertex 246.338 28.3383 16
      vertex 246.136 28.5694 9.8
      vertex 246.136 28.5694 16
    endloop
  endfacet
  facet normal 0.75292 0.658112 0
    outer loop
      vertex 246.136 28.5694 9.8
      vertex 246.338 28.3383 16
      vertex 246.338 28.3383 9.8
    endloop
  endfacet
  facet normal 0.75292 -0.658112 0
    outer loop
      vertex 246.136 31.4306 16
      vertex 246.338 31.6617 9.8
      vertex 246.338 31.6617 16
    endloop
  endfacet
  facet normal 0.75292 -0.658112 0
    outer loop
      vertex 246.338 31.6617 9.8
      vertex 246.136 31.4306 16
      vertex 246.136 31.4306 9.8
    endloop
  endfacet
  facet normal 0.831149 -0.55605 0
    outer loop
      vertex 245.965 31.175 16
      vertex 246.136 31.4306 9.8
      vertex 246.136 31.4306 16
    endloop
  endfacet
  facet normal 0.831149 -0.55605 0
    outer loop
      vertex 246.136 31.4306 9.8
      vertex 245.965 31.175 16
      vertex 245.965 31.175 9.8
    endloop
  endfacet
  facet normal -0.946747 0.321979 0
    outer loop
      vertex 250.171 29.1007 9.8
      vertex 250.27 29.3918 16
      vertex 250.27 29.3918 9.8
    endloop
  endfacet
  facet normal -0.946747 0.321979 0
    outer loop
      vertex 250.27 29.3918 16
      vertex 250.171 29.1007 9.8
      vertex 250.171 29.1007 16
    endloop
  endfacet
  facet normal 0.831149 0.55605 0
    outer loop
      vertex 246.136 28.5694 16
      vertex 245.965 28.825 9.8
      vertex 245.965 28.825 16
    endloop
  endfacet
  facet normal 0.831149 0.55605 0
    outer loop
      vertex 245.965 28.825 9.8
      vertex 246.136 28.5694 16
      vertex 246.136 28.5694 9.8
    endloop
  endfacet
  facet normal -0.896821 0.442393 0
    outer loop
      vertex 250.035 28.825 9.8
      vertex 250.171 29.1007 16
      vertex 250.171 29.1007 9.8
    endloop
  endfacet
  facet normal -0.896821 0.442393 0
    outer loop
      vertex 250.171 29.1007 16
      vertex 250.035 28.825 9.8
      vertex 250.035 28.825 16
    endloop
  endfacet
  facet normal 0.19549 0.980706 -0
    outer loop
      vertex 247.693 27.6701 9.8
      vertex 247.392 27.7301 16
      vertex 247.693 27.6701 16
    endloop
  endfacet
  facet normal 0.19549 0.980706 0
    outer loop
      vertex 247.392 27.7301 16
      vertex 247.693 27.6701 9.8
      vertex 247.392 27.7301 9.8
    endloop
  endfacet
  facet normal -0.0653324 0.997864 0
    outer loop
      vertex 248.307 27.6701 9.8
      vertex 248 27.65 16
      vertex 248.307 27.6701 16
    endloop
  endfacet
  facet normal -0.0653324 0.997864 0
    outer loop
      vertex 248 27.65 16
      vertex 248.307 27.6701 9.8
      vertex 248 27.65 9.8
    endloop
  endfacet
  facet normal 0.441744 0.897141 -0
    outer loop
      vertex 247.101 27.8289 9.8
      vertex 246.825 27.9648 16
      vertex 247.101 27.8289 16
    endloop
  endfacet
  facet normal 0.441744 0.897141 0
    outer loop
      vertex 246.825 27.9648 16
      vertex 247.101 27.8289 9.8
      vertex 246.825 27.9648 9.8
    endloop
  endfacet
  facet normal -0.19549 -0.980706 0
    outer loop
      vertex 248.307 32.3299 9.8
      vertex 248.608 32.2699 16
      vertex 248.307 32.3299 16
    endloop
  endfacet
  facet normal -0.19549 -0.980706 -0
    outer loop
      vertex 248.608 32.2699 16
      vertex 248.307 32.3299 9.8
      vertex 248.608 32.2699 9.8
    endloop
  endfacet
  facet normal -0.659564 0.751649 0
    outer loop
      vertex 249.662 28.3383 9.8
      vertex 249.431 28.1356 16
      vertex 249.662 28.3383 16
    endloop
  endfacet
  facet normal -0.659564 0.751649 0
    outer loop
      vertex 249.431 28.1356 16
      vertex 249.662 28.3383 9.8
      vertex 249.431 28.1356 9.8
    endloop
  endfacet
  facet normal -0.555 -0.83185 0
    outer loop
      vertex 249.175 32.0352 9.8
      vertex 249.431 31.8644 16
      vertex 249.175 32.0352 16
    endloop
  endfacet
  facet normal -0.555 -0.83185 -0
    outer loop
      vertex 249.431 31.8644 16
      vertex 249.175 32.0352 9.8
      vertex 249.431 31.8644 9.8
    endloop
  endfacet
  facet normal 0.321494 -0.946911 0
    outer loop
      vertex 247.101 32.1711 9.8
      vertex 247.392 32.2699 16
      vertex 247.101 32.1711 16
    endloop
  endfacet
  facet normal 0.321494 -0.946911 0
    outer loop
      vertex 247.392 32.2699 16
      vertex 247.101 32.1711 9.8
      vertex 247.392 32.2699 9.8
    endloop
  endfacet
  facet normal 0.0653324 0.997864 -0
    outer loop
      vertex 248 27.65 9.8
      vertex 247.693 27.6701 16
      vertex 248 27.65 16
    endloop
  endfacet
  facet normal 0.0653324 0.997864 0
    outer loop
      vertex 247.693 27.6701 16
      vertex 248 27.65 9.8
      vertex 247.693 27.6701 9.8
    endloop
  endfacet
  facet normal 0.896821 -0.442393 0
    outer loop
      vertex 245.829 30.8993 16
      vertex 245.965 31.175 9.8
      vertex 245.965 31.175 16
    endloop
  endfacet
  facet normal 0.896821 -0.442393 0
    outer loop
      vertex 245.965 31.175 9.8
      vertex 245.829 30.8993 16
      vertex 245.829 30.8993 9.8
    endloop
  endfacet
  facet normal 0.980768 -0.195178 0
    outer loop
      vertex 245.67 30.3067 16
      vertex 245.73 30.6082 9.8
      vertex 245.73 30.6082 16
    endloop
  endfacet
  facet normal 0.980768 -0.195178 0
    outer loop
      vertex 245.73 30.6082 9.8
      vertex 245.67 30.3067 16
      vertex 245.67 30.3067 9.8
    endloop
  endfacet
  facet normal -0.75292 -0.658112 0
    outer loop
      vertex 249.864 31.4306 9.8
      vertex 249.662 31.6617 16
      vertex 249.662 31.6617 9.8
    endloop
  endfacet
  facet normal -0.75292 -0.658112 0
    outer loop
      vertex 249.662 31.6617 16
      vertex 249.864 31.4306 9.8
      vertex 249.864 31.4306 16
    endloop
  endfacet
  facet normal 0.659564 0.751649 -0
    outer loop
      vertex 246.569 28.1356 9.8
      vertex 246.338 28.3383 16
      vertex 246.569 28.1356 16
    endloop
  endfacet
  facet normal 0.659564 0.751649 0
    outer loop
      vertex 246.338 28.3383 16
      vertex 246.569 28.1356 9.8
      vertex 246.338 28.3383 9.8
    endloop
  endfacet
  facet normal -0.659564 -0.751649 0
    outer loop
      vertex 249.431 31.8644 9.8
      vertex 249.662 31.6617 16
      vertex 249.431 31.8644 16
    endloop
  endfacet
  facet normal -0.659564 -0.751649 -0
    outer loop
      vertex 249.662 31.6617 16
      vertex 249.431 31.8644 9.8
      vertex 249.662 31.6617 9.8
    endloop
  endfacet
  facet normal 0.0653324 -0.997864 0
    outer loop
      vertex 247.693 32.3299 9.8
      vertex 248 32.35 16
      vertex 247.693 32.3299 16
    endloop
  endfacet
  facet normal 0.0653324 -0.997864 0
    outer loop
      vertex 248 32.35 16
      vertex 247.693 32.3299 9.8
      vertex 248 32.35 9.8
    endloop
  endfacet
  facet normal 0.946747 -0.321979 0
    outer loop
      vertex 245.73 30.6082 16
      vertex 245.829 30.8993 9.8
      vertex 245.829 30.8993 16
    endloop
  endfacet
  facet normal 0.946747 -0.321979 0
    outer loop
      vertex 245.829 30.8993 9.8
      vertex 245.73 30.6082 16
      vertex 245.73 30.6082 9.8
    endloop
  endfacet
  facet normal 0.997881 -0.0650721 0
    outer loop
      vertex 245.65 30 16
      vertex 245.67 30.3067 9.8
      vertex 245.67 30.3067 16
    endloop
  endfacet
  facet normal 0.997881 -0.0650721 0
    outer loop
      vertex 245.67 30.3067 9.8
      vertex 245.65 30 16
      vertex 245.65 30 9.8
    endloop
  endfacet
  facet normal -0.980768 -0.195178 0
    outer loop
      vertex 250.33 98.3067 9.8
      vertex 250.27 98.6082 16
      vertex 250.27 98.6082 9.8
    endloop
  endfacet
  facet normal -0.980768 -0.195178 0
    outer loop
      vertex 250.27 98.6082 16
      vertex 250.33 98.3067 9.8
      vertex 250.33 98.3067 16
    endloop
  endfacet
  facet normal -0.997881 -0.0650721 0
    outer loop
      vertex 250.35 98 9.8
      vertex 250.33 98.3067 16
      vertex 250.33 98.3067 9.8
    endloop
  endfacet
  facet normal -0.997881 -0.0650721 0
    outer loop
      vertex 250.33 98.3067 16
      vertex 250.35 98 9.8
      vertex 250.35 98 16
    endloop
  endfacet
  facet normal -0.946747 -0.321979 0
    outer loop
      vertex 250.27 98.6082 9.8
      vertex 250.171 98.8993 16
      vertex 250.171 98.8993 9.8
    endloop
  endfacet
  facet normal -0.946747 -0.321979 0
    outer loop
      vertex 250.171 98.8993 16
      vertex 250.27 98.6082 9.8
      vertex 250.27 98.6082 16
    endloop
  endfacet
  facet normal -0.831149 -0.55605 0
    outer loop
      vertex 250.035 99.175 9.8
      vertex 249.864 99.4306 16
      vertex 249.864 99.4306 9.8
    endloop
  endfacet
  facet normal -0.831149 -0.55605 0
    outer loop
      vertex 249.864 99.4306 16
      vertex 250.035 99.175 9.8
      vertex 250.035 99.175 16
    endloop
  endfacet
  facet normal 0.946747 0.321979 0
    outer loop
      vertex 245.829 97.1007 16
      vertex 245.73 97.3918 9.8
      vertex 245.73 97.3918 16
    endloop
  endfacet
  facet normal 0.946747 0.321979 0
    outer loop
      vertex 245.73 97.3918 9.8
      vertex 245.829 97.1007 16
      vertex 245.829 97.1007 9.8
    endloop
  endfacet
  facet normal -0.321494 0.946911 0
    outer loop
      vertex 248.899 95.8289 9.8
      vertex 248.608 95.7301 16
      vertex 248.899 95.8289 16
    endloop
  endfacet
  facet normal -0.321494 0.946911 0
    outer loop
      vertex 248.608 95.7301 16
      vertex 248.899 95.8289 9.8
      vertex 248.608 95.7301 9.8
    endloop
  endfacet
  facet normal -0.896821 -0.442393 0
    outer loop
      vertex 250.171 98.8993 9.8
      vertex 250.035 99.175 16
      vertex 250.035 99.175 9.8
    endloop
  endfacet
  facet normal -0.896821 -0.442393 0
    outer loop
      vertex 250.035 99.175 16
      vertex 250.171 98.8993 9.8
      vertex 250.171 98.8993 16
    endloop
  endfacet
  facet normal 0.55455 -0.83215 0
    outer loop
      vertex 246.569 99.8644 9.8
      vertex 246.825 100.035 16
      vertex 246.569 99.8644 16
    endloop
  endfacet
  facet normal 0.55455 -0.83215 0
    outer loop
      vertex 246.825 100.035 16
      vertex 246.569 99.8644 9.8
      vertex 246.825 100.035 9.8
    endloop
  endfacet
  facet normal -0.980768 0.195178 0
    outer loop
      vertex 250.27 97.3918 9.8
      vertex 250.33 97.6933 16
      vertex 250.33 97.6933 9.8
    endloop
  endfacet
  facet normal -0.980768 0.195178 0
    outer loop
      vertex 250.33 97.6933 16
      vertex 250.27 97.3918 9.8
      vertex 250.27 97.3918 16
    endloop
  endfacet
  facet normal 0 0 1
    outer loop
      vertex 250.33 98.3067 9.8
      vertex 250.33 97.6933 9.8
      vertex 250.35 98 9.8
    endloop
  endfacet
  facet normal 0 0 1
    outer loop
      vertex 250.27 98.6082 9.8
      vertex 250.33 97.6933 9.8
      vertex 250.33 98.3067 9.8
    endloop
  endfacet
  facet normal 0 0 1
    outer loop
      vertex 250.27 98.6082 9.8
      vertex 250.27 97.3918 9.8
      vertex 250.33 97.6933 9.8
    endloop
  endfacet
  facet normal 0 0 1
    outer loop
      vertex 250.171 98.8993 9.8
      vertex 250.27 97.3918 9.8
      vertex 250.27 98.6082 9.8
    endloop
  endfacet
  facet normal 0 0 1
    outer loop
      vertex 250.171 98.8993 9.8
      vertex 250.171 97.1007 9.8
      vertex 250.27 97.3918 9.8
    endloop
  endfacet
  facet normal 0 0 1
    outer loop
      vertex 250.035 99.175 9.8
      vertex 250.171 97.1007 9.8
      vertex 250.171 98.8993 9.8
    endloop
  endfacet
  facet normal 0 0 1
    outer loop
      vertex 250.035 99.175 9.8
      vertex 250.035 96.825 9.8
      vertex 250.171 97.1007 9.8
    endloop
  endfacet
  facet normal 0 0 1
    outer loop
      vertex 249.864 99.4306 9.8
      vertex 250.035 96.825 9.8
      vertex 250.035 99.175 9.8
    endloop
  endfacet
  facet normal 0 0 1
    outer loop
      vertex 249.864 99.4306 9.8
      vertex 249.864 96.5694 9.8
      vertex 250.035 96.825 9.8
    endloop
  endfacet
  facet normal 0 0 1
    outer loop
      vertex 249.662 99.6617 9.8
      vertex 249.864 96.5694 9.8
      vertex 249.864 99.4306 9.8
    endloop
  endfacet
  facet normal 0 0 1
    outer loop
      vertex 249.662 99.6617 9.8
      vertex 249.662 96.3383 9.8
      vertex 249.864 96.5694 9.8
    endloop
  endfacet
  facet normal 0 0 1
    outer loop
      vertex 249.431 99.8644 9.8
      vertex 249.662 96.3383 9.8
      vertex 249.662 99.6617 9.8
    endloop
  endfacet
  facet normal 0 0 1
    outer loop
      vertex 249.431 99.8644 9.8
      vertex 249.431 96.1356 9.8
      vertex 249.662 96.3383 9.8
    endloop
  endfacet
  facet normal 0 0 1
    outer loop
      vertex 249.175 100.035 9.8
      vertex 249.431 96.1356 9.8
      vertex 249.431 99.8644 9.8
    endloop
  endfacet
  facet normal 0 0 1
    outer loop
      vertex 249.175 100.035 9.8
      vertex 249.175 95.9648 9.8
      vertex 249.431 96.1356 9.8
    endloop
  endfacet
  facet normal 0 0 1
    outer loop
      vertex 248.899 100.171 9.8
      vertex 249.175 95.9648 9.8
      vertex 249.175 100.035 9.8
    endloop
  endfacet
  facet normal 0 0 1
    outer loop
      vertex 248.899 100.171 9.8
      vertex 248.899 95.8289 9.8
      vertex 249.175 95.9648 9.8
    endloop
  endfacet
  facet normal 0 0 1
    outer loop
      vertex 248.608 100.27 9.8
      vertex 248.899 95.8289 9.8
      vertex 248.899 100.171 9.8
    endloop
  endfacet
  facet normal 0 0 1
    outer loop
      vertex 248.608 100.27 9.8
      vertex 248.608 95.7301 9.8
      vertex 248.899 95.8289 9.8
    endloop
  endfacet
  facet normal 0 0 1
    outer loop
      vertex 248.307 100.33 9.8
      vertex 248.608 95.7301 9.8
      vertex 248.608 100.27 9.8
    endloop
  endfacet
  facet normal 0 0 1
    outer loop
      vertex 248.307 100.33 9.8
      vertex 248.307 95.6701 9.8
      vertex 248.608 95.7301 9.8
    endloop
  endfacet
  facet normal 0 0 1
    outer loop
      vertex 248 100.35 9.8
      vertex 248.307 95.6701 9.8
      vertex 248.307 100.33 9.8
    endloop
  endfacet
  facet normal 0 0 1
    outer loop
      vertex 248 100.35 9.8
      vertex 248 95.65 9.8
      vertex 248.307 95.6701 9.8
    endloop
  endfacet
  facet normal -0 0 1
    outer loop
      vertex 247.693 100.33 9.8
      vertex 248 95.65 9.8
      vertex 248 100.35 9.8
    endloop
  endfacet
  facet normal 0 0 1
    outer loop
      vertex 247.693 100.33 9.8
      vertex 247.693 95.6701 9.8
      vertex 248 95.65 9.8
    endloop
  endfacet
  facet normal -0 0 1
    outer loop
      vertex 247.392 100.27 9.8
      vertex 247.693 95.6701 9.8
      vertex 247.693 100.33 9.8
    endloop
  endfacet
  facet normal 0 0 1
    outer loop
      vertex 247.392 100.27 9.8
      vertex 247.392 95.7301 9.8
      vertex 247.693 95.6701 9.8
    endloop
  endfacet
  facet normal -0 0 1
    outer loop
      vertex 247.101 100.171 9.8
      vertex 247.392 95.7301 9.8
      vertex 247.392 100.27 9.8
    endloop
  endfacet
  facet normal 0 0 1
    outer loop
      vertex 247.101 100.171 9.8
      vertex 247.101 95.8289 9.8
      vertex 247.392 95.7301 9.8
    endloop
  endfacet
  facet normal -0 0 1
    outer loop
      vertex 246.825 100.035 9.8
      vertex 247.101 95.8289 9.8
      vertex 247.101 100.171 9.8
    endloop
  endfacet
  facet normal 0 0 1
    outer loop
      vertex 246.825 100.035 9.8
      vertex 246.825 95.9648 9.8
      vertex 247.101 95.8289 9.8
    endloop
  endfacet
  facet normal -0 0 1
    outer loop
      vertex 246.569 99.8644 9.8
      vertex 246.825 95.9648 9.8
      vertex 246.825 100.035 9.8
    endloop
  endfacet
  facet normal 0 0 1
    outer loop
      vertex 246.569 99.8644 9.8
      vertex 246.569 96.1356 9.8
      vertex 246.825 95.9648 9.8
    endloop
  endfacet
  facet normal -0 0 1
    outer loop
      vertex 246.338 99.6617 9.8
      vertex 246.569 96.1356 9.8
      vertex 246.569 99.8644 9.8
    endloop
  endfacet
  facet normal 0 0 1
    outer loop
      vertex 246.338 99.6617 9.8
      vertex 246.338 96.3383 9.8
      vertex 246.569 96.1356 9.8
    endloop
  endfacet
  facet normal -0 0 1
    outer loop
      vertex 246.136 99.4306 9.8
      vertex 246.338 96.3383 9.8
      vertex 246.338 99.6617 9.8
    endloop
  endfacet
  facet normal 0 0 1
    outer loop
      vertex 246.136 99.4306 9.8
      vertex 246.136 96.5694 9.8
      vertex 246.338 96.3383 9.8
    endloop
  endfacet
  facet normal -0 0 1
    outer loop
      vertex 245.965 99.175 9.8
      vertex 246.136 96.5694 9.8
      vertex 246.136 99.4306 9.8
    endloop
  endfacet
  facet normal 0 0 1
    outer loop
      vertex 245.965 99.175 9.8
      vertex 245.965 96.825 9.8
      vertex 246.136 96.5694 9.8
    endloop
  endfacet
  facet normal -0 0 1
    outer loop
      vertex 245.829 98.8993 9.8
      vertex 245.965 96.825 9.8
      vertex 245.965 99.175 9.8
    endloop
  endfacet
  facet normal 0 0 1
    outer loop
      vertex 245.829 98.8993 9.8
      vertex 245.829 97.1007 9.8
      vertex 245.965 96.825 9.8
    endloop
  endfacet
  facet normal -0 0 1
    outer loop
      vertex 245.73 98.6082 9.8
      vertex 245.829 97.1007 9.8
      vertex 245.829 98.8993 9.8
    endloop
  endfacet
  facet normal 0 0 1
    outer loop
      vertex 245.73 98.6082 9.8
      vertex 245.73 97.3918 9.8
      vertex 245.829 97.1007 9.8
    endloop
  endfacet
  facet normal -0 0 1
    outer loop
      vertex 245.67 98.3067 9.8
      vertex 245.73 97.3918 9.8
      vertex 245.73 98.6082 9.8
    endloop
  endfacet
  facet normal 0 0 1
    outer loop
      vertex 245.67 98.3067 9.8
      vertex 245.67 97.6933 9.8
      vertex 245.73 97.3918 9.8
    endloop
  endfacet
  facet normal 0 -0 1
    outer loop
      vertex 245.67 97.6933 9.8
      vertex 245.67 98.3067 9.8
      vertex 245.65 98 9.8
    endloop
  endfacet
  facet normal -0.322078 -0.946713 0
    outer loop
      vertex 248.608 100.27 9.8
      vertex 248.899 100.171 16
      vertex 248.608 100.27 16
    endloop
  endfacet
  facet normal -0.322078 -0.946713 -0
    outer loop
      vertex 248.899 100.171 16
      vertex 248.608 100.27 9.8
      vertex 248.899 100.171 9.8
    endloop
  endfacet
  facet normal 0.659564 -0.751649 0
    outer loop
      vertex 246.338 99.6617 9.8
      vertex 246.569 99.8644 16
      vertex 246.338 99.6617 16
    endloop
  endfacet
  facet normal 0.659564 -0.751649 0
    outer loop
      vertex 246.569 99.8644 16
      vertex 246.338 99.6617 9.8
      vertex 246.569 99.8644 9.8
    endloop
  endfacet
  facet normal -0.555 0.83185 0
    outer loop
      vertex 249.431 96.1356 9.8
      vertex 249.175 95.9648 16
      vertex 249.431 96.1356 16
    endloop
  endfacet
  facet normal -0.555 0.83185 0
    outer loop
      vertex 249.175 95.9648 16
      vertex 249.431 96.1356 9.8
      vertex 249.175 95.9648 9.8
    endloop
  endfacet
  facet normal 0.19549 -0.980706 0
    outer loop
      vertex 247.392 100.27 9.8
      vertex 247.693 100.33 16
      vertex 247.392 100.27 16
    endloop
  endfacet
  facet normal 0.19549 -0.980706 0
    outer loop
      vertex 247.693 100.33 16
      vertex 247.392 100.27 9.8
      vertex 247.693 100.33 9.8
    endloop
  endfacet
  facet normal 0.997881 0.0650721 0
    outer loop
      vertex 245.67 97.6933 16
      vertex 245.65 98 9.8
      vertex 245.65 98 16
    endloop
  endfacet
  facet normal 0.997881 0.0650721 0
    outer loop
      vertex 245.65 98 9.8
      vertex 245.67 97.6933 16
      vertex 245.67 97.6933 9.8
    endloop
  endfacet
  facet normal 0.896821 0.442393 0
    outer loop
      vertex 245.965 96.825 16
      vertex 245.829 97.1007 9.8
      vertex 245.829 97.1007 16
    endloop
  endfacet
  facet normal 0.896821 0.442393 0
    outer loop
      vertex 245.829 97.1007 9.8
      vertex 245.965 96.825 16
      vertex 245.965 96.825 9.8
    endloop
  endfacet
  facet normal -0.0650088 -0.997885 0
    outer loop
      vertex 248 100.35 9.8
      vertex 248.307 100.33 16
      vertex 248 100.35 16
    endloop
  endfacet
  facet normal -0.0650088 -0.997885 -0
    outer loop
      vertex 248.307 100.33 16
      vertex 248 100.35 9.8
      vertex 248.307 100.33 9.8
    endloop
  endfacet
  facet normal 0.321494 0.946911 -0
    outer loop
      vertex 247.392 95.7301 9.8
      vertex 247.101 95.8289 16
      vertex 247.392 95.7301 16
    endloop
  endfacet
  facet normal 0.321494 0.946911 0
    outer loop
      vertex 247.101 95.8289 16
      vertex 247.392 95.7301 9.8
      vertex 247.101 95.8289 9.8
    endloop
  endfacet
  facet normal -0.19549 0.980706 0
    outer loop
      vertex 248.608 95.7301 9.8
      vertex 248.307 95.6701 16
      vertex 248.608 95.7301 16
    endloop
  endfacet
  facet normal -0.19549 0.980706 0
    outer loop
      vertex 248.307 95.6701 16
      vertex 248.608 95.7301 9.8
      vertex 248.307 95.6701 9.8
    endloop
  endfacet
  facet normal 0.442006 -0.897012 0
    outer loop
      vertex 246.825 100.035 9.8
      vertex 247.101 100.171 16
      vertex 246.825 100.035 16
    endloop
  endfacet
  facet normal 0.442006 -0.897012 0
    outer loop
      vertex 247.101 100.171 16
      vertex 246.825 100.035 9.8
      vertex 247.101 100.171 9.8
    endloop
  endfacet
  facet normal -0.442006 -0.897012 0
    outer loop
      vertex 248.899 100.171 9.8
      vertex 249.175 100.035 16
      vertex 248.899 100.171 16
    endloop
  endfacet
  facet normal -0.442006 -0.897012 -0
    outer loop
      vertex 249.175 100.035 16
      vertex 248.899 100.171 9.8
      vertex 249.175 100.035 9.8
    endloop
  endfacet
  facet normal -0.441744 0.897141 0
    outer loop
      vertex 249.175 95.9648 9.8
      vertex 248.899 95.8289 16
      vertex 249.175 95.9648 16
    endloop
  endfacet
  facet normal -0.441744 0.897141 0
    outer loop
      vertex 248.899 95.8289 16
      vertex 249.175 95.9648 9.8
      vertex 248.899 95.8289 9.8
    endloop
  endfacet
  facet normal 0.980768 0.195178 0
    outer loop
      vertex 245.73 97.3918 16
      vertex 245.67 97.6933 9.8
      vertex 245.67 97.6933 16
    endloop
  endfacet
  facet normal 0.980768 0.195178 0
    outer loop
      vertex 245.67 97.6933 9.8
      vertex 245.73 97.3918 16
      vertex 245.73 97.3918 9.8
    endloop
  endfacet
  facet normal -0.997881 0.0650721 0
    outer loop
      vertex 250.33 97.6933 9.8
      vertex 250.35 98 16
      vertex 250.35 98 9.8
    endloop
  endfacet
  facet normal -0.997881 0.0650721 0
    outer loop
      vertex 250.35 98 16
      vertex 250.33 97.6933 9.8
      vertex 250.33 97.6933 16
    endloop
  endfacet
  facet normal 0.555 0.83185 -0
    outer loop
      vertex 246.825 95.9648 9.8
      vertex 246.569 96.1356 16
      vertex 246.825 95.9648 16
    endloop
  endfacet
  facet normal 0.555 0.83185 0
    outer loop
      vertex 246.569 96.1356 16
      vertex 246.825 95.9648 9.8
      vertex 246.569 96.1356 9.8
    endloop
  endfacet
  facet normal -0.75292 0.658112 0
    outer loop
      vertex 249.662 96.3383 9.8
      vertex 249.864 96.5694 16
      vertex 249.864 96.5694 9.8
    endloop
  endfacet
  facet normal -0.75292 0.658112 0
    outer loop
      vertex 249.864 96.5694 16
      vertex 249.662 96.3383 9.8
      vertex 249.662 96.3383 16
    endloop
  endfacet
  facet normal -0.831149 0.55605 0
    outer loop
      vertex 249.864 96.5694 9.8
      vertex 250.035 96.825 16
      vertex 250.035 96.825 9.8
    endloop
  endfacet
  facet normal -0.831149 0.55605 0
    outer loop
      vertex 250.035 96.825 16
      vertex 249.864 96.5694 9.8
      vertex 249.864 96.5694 16
    endloop
  endfacet
  facet normal 0.75292 0.658112 0
    outer loop
      vertex 246.338 96.3383 16
      vertex 246.136 96.5694 9.8
      vertex 246.136 96.5694 16
    endloop
  endfacet
  facet normal 0.75292 0.658112 0
    outer loop
      vertex 246.136 96.5694 9.8
      vertex 246.338 96.3383 16
      vertex 246.338 96.3383 9.8
    endloop
  endfacet
  facet normal 0.75292 -0.658112 0
    outer loop
      vertex 246.136 99.4306 16
      vertex 246.338 99.6617 9.8
      vertex 246.338 99.6617 16
    endloop
  endfacet
  facet normal 0.75292 -0.658112 0
    outer loop
      vertex 246.338 99.6617 9.8
      vertex 246.136 99.4306 16
      vertex 246.136 99.4306 9.8
    endloop
  endfacet
  facet normal -0.946747 0.321979 0
    outer loop
      vertex 250.171 97.1007 9.8
      vertex 250.27 97.3918 16
      vertex 250.27 97.3918 9.8
    endloop
  endfacet
  facet normal -0.946747 0.321979 0
    outer loop
      vertex 250.27 97.3918 16
      vertex 250.171 97.1007 9.8
      vertex 250.171 97.1007 16
    endloop
  endfacet
  facet normal 0.831149 0.55605 0
    outer loop
      vertex 246.136 96.5694 16
      vertex 245.965 96.825 9.8
      vertex 245.965 96.825 16
    endloop
  endfacet
  facet normal 0.831149 0.55605 0
    outer loop
      vertex 245.965 96.825 9.8
      vertex 246.136 96.5694 16
      vertex 246.136 96.5694 9.8
    endloop
  endfacet
  facet normal -0.896821 0.442393 0
    outer loop
      vertex 250.035 96.825 9.8
      vertex 250.171 97.1007 16
      vertex 250.171 97.1007 9.8
    endloop
  endfacet
  facet normal -0.896821 0.442393 0
    outer loop
      vertex 250.171 97.1007 16
      vertex 250.035 96.825 9.8
      vertex 250.035 96.825 16
    endloop
  endfacet
  facet normal 0.19549 0.980706 -0
    outer loop
      vertex 247.693 95.6701 9.8
      vertex 247.392 95.7301 16
      vertex 247.693 95.6701 16
    endloop
  endfacet
  facet normal 0.19549 0.980706 0
    outer loop
      vertex 247.392 95.7301 16
      vertex 247.693 95.6701 9.8
      vertex 247.392 95.7301 9.8
    endloop
  endfacet
  facet normal -0.0653324 0.997864 0
    outer loop
      vertex 248.307 95.6701 9.8
      vertex 248 95.65 16
      vertex 248.307 95.6701 16
    endloop
  endfacet
  facet normal -0.0653324 0.997864 0
    outer loop
      vertex 248 95.65 16
      vertex 248.307 95.6701 9.8
      vertex 248 95.65 9.8
    endloop
  endfacet
  facet normal 0.441744 0.897141 -0
    outer loop
      vertex 247.101 95.8289 9.8
      vertex 246.825 95.9648 16
      vertex 247.101 95.8289 16
    endloop
  endfacet
  facet normal 0.441744 0.897141 0
    outer loop
      vertex 246.825 95.9648 16
      vertex 247.101 95.8289 9.8
      vertex 246.825 95.9648 9.8
    endloop
  endfacet
  facet normal -0.19549 -0.980706 0
    outer loop
      vertex 248.307 100.33 9.8
      vertex 248.608 100.27 16
      vertex 248.307 100.33 16
    endloop
  endfacet
  facet normal -0.19549 -0.980706 -0
    outer loop
      vertex 248.608 100.27 16
      vertex 248.307 100.33 9.8
      vertex 248.608 100.27 9.8
    endloop
  endfacet
  facet normal -0.659564 0.751649 0
    outer loop
      vertex 249.662 96.3383 9.8
      vertex 249.431 96.1356 16
      vertex 249.662 96.3383 16
    endloop
  endfacet
  facet normal -0.659564 0.751649 0
    outer loop
      vertex 249.431 96.1356 16
      vertex 249.662 96.3383 9.8
      vertex 249.431 96.1356 9.8
    endloop
  endfacet
  facet normal -0.55455 -0.83215 0
    outer loop
      vertex 249.175 100.035 9.8
      vertex 249.431 99.8644 16
      vertex 249.175 100.035 16
    endloop
  endfacet
  facet normal -0.55455 -0.83215 -0
    outer loop
      vertex 249.431 99.8644 16
      vertex 249.175 100.035 9.8
      vertex 249.431 99.8644 9.8
    endloop
  endfacet
  facet normal 0.322078 -0.946713 0
    outer loop
      vertex 247.101 100.171 9.8
      vertex 247.392 100.27 16
      vertex 247.101 100.171 16
    endloop
  endfacet
  facet normal 0.322078 -0.946713 0
    outer loop
      vertex 247.392 100.27 16
      vertex 247.101 100.171 9.8
      vertex 247.392 100.27 9.8
    endloop
  endfacet
  facet normal 0.0653324 0.997864 -0
    outer loop
      vertex 248 95.65 9.8
      vertex 247.693 95.6701 16
      vertex 248 95.65 16
    endloop
  endfacet
  facet normal 0.0653324 0.997864 0
    outer loop
      vertex 247.693 95.6701 16
      vertex 248 95.65 9.8
      vertex 247.693 95.6701 9.8
    endloop
  endfacet
  facet normal 0.896821 -0.442393 0
    outer loop
      vertex 245.829 98.8993 16
      vertex 245.965 99.175 9.8
      vertex 245.965 99.175 16
    endloop
  endfacet
  facet normal 0.896821 -0.442393 0
    outer loop
      vertex 245.965 99.175 9.8
      vertex 245.829 98.8993 16
      vertex 245.829 98.8993 9.8
    endloop
  endfacet
  facet normal 0.980768 -0.195178 0
    outer loop
      vertex 245.67 98.3067 16
      vertex 245.73 98.6082 9.8
      vertex 245.73 98.6082 16
    endloop
  endfacet
  facet normal 0.980768 -0.195178 0
    outer loop
      vertex 245.73 98.6082 9.8
      vertex 245.67 98.3067 16
      vertex 245.67 98.3067 9.8
    endloop
  endfacet
  facet normal -0.75292 -0.658112 0
    outer loop
      vertex 249.864 99.4306 9.8
      vertex 249.662 99.6617 16
      vertex 249.662 99.6617 9.8
    endloop
  endfacet
  facet normal -0.75292 -0.658112 0
    outer loop
      vertex 249.662 99.6617 16
      vertex 249.864 99.4306 9.8
      vertex 249.864 99.4306 16
    endloop
  endfacet
  facet normal 0.659564 0.751649 -0
    outer loop
      vertex 246.569 96.1356 9.8
      vertex 246.338 96.3383 16
      vertex 246.569 96.1356 16
    endloop
  endfacet
  facet normal 0.659564 0.751649 0
    outer loop
      vertex 246.338 96.3383 16
      vertex 246.569 96.1356 9.8
      vertex 246.338 96.3383 9.8
    endloop
  endfacet
  facet normal -0.659564 -0.751649 0
    outer loop
      vertex 249.431 99.8644 9.8
      vertex 249.662 99.6617 16
      vertex 249.431 99.8644 16
    endloop
  endfacet
  facet normal -0.659564 -0.751649 -0
    outer loop
      vertex 249.662 99.6617 16
      vertex 249.431 99.8644 9.8
      vertex 249.662 99.6617 9.8
    endloop
  endfacet
  facet normal 0.0650088 -0.997885 0
    outer loop
      vertex 247.693 100.33 9.8
      vertex 248 100.35 16
      vertex 247.693 100.33 16
    endloop
  endfacet
  facet normal 0.0650088 -0.997885 0
    outer loop
      vertex 248 100.35 16
      vertex 247.693 100.33 9.8
      vertex 248 100.35 9.8
    endloop
  endfacet
  facet normal 0.946747 -0.321979 0
    outer loop
      vertex 245.73 98.6082 16
      vertex 245.829 98.8993 9.8
      vertex 245.829 98.8993 16
    endloop
  endfacet
  facet normal 0.946747 -0.321979 0
    outer loop
      vertex 245.829 98.8993 9.8
      vertex 245.73 98.6082 16
      vertex 245.73 98.6082 9.8
    endloop
  endfacet
  facet normal 0.997881 -0.0650721 0
    outer loop
      vertex 245.65 98 16
      vertex 245.67 98.3067 9.8
      vertex 245.67 98.3067 16
    endloop
  endfacet
  facet normal 0.997881 -0.0650721 0
    outer loop
      vertex 245.67 98.3067 9.8
      vertex 245.65 98 16
      vertex 245.65 98 9.8
    endloop
  endfacet
  facet normal 0.831149 -0.55605 0
    outer loop
      vertex 245.965 99.175 16
      vertex 246.136 99.4306 9.8
      vertex 246.136 99.4306 16
    endloop
  endfacet
  facet normal 0.831149 -0.55605 0
    outer loop
      vertex 246.136 99.4306 9.8
      vertex 245.965 99.175 16
      vertex 245.965 99.175 9.8
    endloop
  endfacet
endsolid OpenSCAD_Model
