solid OpenSCAD_Model
  facet normal 0.751839807478975 0.6593458151000715 0
    outer loop
      vertex 6.611631654490338 8.934667499234738 4
      vertex 6.762563132923542 8.762563132923542 0
      vertex 6.611631654490338 8.934667499234738 0
    endloop
  endfacet
  facet normal 0.5555702330196043 0.8314696123025439 0
    outer loop
      vertex 6.934667499234739 8.611631654490338 4
      vertex 7.125 8.484455543377232 0
      vertex 6.934667499234739 8.611631654490338 0
    endloop
  endfacet
  facet normal 0.6593458151000698 0.7518398074789765 0
    outer loop
      vertex 6.934667499234739 8.611631654490338 0
      vertex 6.762563132923542 8.762563132923542 0
      vertex 6.762563132923542 8.762563132923542 4
    endloop
  endfacet
  facet normal 0.44228869021900136 0.8968727415326883 0
    outer loop
      vertex 7.125 8.484455543377232 4
      vertex 7.330303993361093 8.383210818105248 0
      vertex 7.125 8.484455543377232 0
    endloop
  endfacet
  facet normal 0.3214394653031574 0.9469301294951071 0
    outer loop
      vertex 7.330303993361093 8.383210818105248 4
      vertex 7.5470666710705885 8.309629803994131 0
      vertex 7.330303993361093 8.383210818105248 0
    endloop
  endfacet
  facet normal 0.19509032201612997 0.9807852804032301 0
    outer loop
      vertex 7.5470666710705885 8.309629803994131 4
      vertex 7.77157916361491 8.264971492595832 0
      vertex 7.5470666710705885 8.309629803994131 0
    endloop
  endfacet
  facet normal 0.06540312923014302 0.9978589232386035 0
    outer loop
      vertex 7.77157916361491 8.264971492595832 4
      vertex 8 8.25 0
      vertex 7.77157916361491 8.264971492595832 0
    endloop
  endfacet
  facet normal 0.8968727415326889 0.4422886902189998 0
    outer loop
      vertex 6.3832108181052485 9.330303993361094 4
      vertex 6.484455543377233 9.125 0
      vertex 6.3832108181052485 9.330303993361094 0
    endloop
  endfacet
  facet normal 0.9469301294951055 0.3214394653031621 0
    outer loop
      vertex 6.3832108181052485 9.330303993361094 0
      vertex 6.309629803994131 9.547066671070588 0
      vertex 6.309629803994131 9.547066671070588 4
    endloop
  endfacet
  facet normal 0.98078528040323 0.19509032201613072 0
    outer loop
      vertex 6.264971492595832 9.77157916361491 4
      vertex 6.309629803994131 9.547066671070588 0
      vertex 6.264971492595832 9.77157916361491 0
    endloop
  endfacet
  facet normal 0.9978589232386035 0.06540312923014277 0
    outer loop
      vertex 6.25 10 4
      vertex 6.264971492595832 9.77157916361491 0
      vertex 6.25 10 0
    endloop
  endfacet
  facet normal 0.9978589232386035 -0.06540312923014277 0
    outer loop
      vertex 6.264971492595832 10.22842083638509 4
      vertex 6.25 10 0
      vertex 6.264971492595832 10.22842083638509 0
    endloop
  endfacet
  facet normal 0.98078528040323 -0.19509032201613072 0
    outer loop
      vertex 6.309629803994131 10.452933328929412 4
      vertex 6.264971492595832 10.22842083638509 0
      vertex 6.309629803994131 10.452933328929412 0
    endloop
  endfacet
  facet normal 0.8314696123025469 0.5555702330195997 0
    outer loop
      vertex 6.484455543377233 9.125 4
      vertex 6.611631654490338 8.934667499234738 0
      vertex 6.484455543377233 9.125 0
    endloop
  endfacet
  facet normal 0.9469301294951055 -0.3214394653031621 0
    outer loop
      vertex 6.3832108181052485 10.669696006638906 4
      vertex 6.309629803994131 10.452933328929412 0
      vertex 6.3832108181052485 10.669696006638906 0
    endloop
  endfacet
  facet normal 0.8968727415326889 -0.4422886902189998 0
    outer loop
      vertex 6.484455543377233 10.875 4
      vertex 6.3832108181052485 10.669696006638906 0
      vertex 6.484455543377233 10.875 0
    endloop
  endfacet
  facet normal 0.8314696123025469 -0.5555702330195997 0
    outer loop
      vertex 6.611631654490338 11.065332500765262 4
      vertex 6.484455543377233 10.875 0
      vertex 6.611631654490338 11.065332500765262 0
    endloop
  endfacet
  facet normal 0.751839807478975 -0.6593458151000715 0
    outer loop
      vertex 6.762563132923542 11.237436867076458 4
      vertex 6.611631654490338 11.065332500765262 0
      vertex 6.762563132923542 11.237436867076458 0
    endloop
  endfacet
  facet normal 0.6593458151000698 -0.7518398074789765 0
    outer loop
      vertex 6.934667499234739 11.388368345509662 4
      vertex 6.762563132923542 11.237436867076458 0
      vertex 6.934667499234739 11.388368345509662 0
    endloop
  endfacet
  facet normal 0.5555702330196043 -0.8314696123025439 0
    outer loop
      vertex 7.125 11.515544456622768 4
      vertex 6.934667499234739 11.388368345509662 0
      vertex 7.125 11.515544456622768 0
    endloop
  endfacet
  facet normal 0.44228869021900136 -0.8968727415326883 0
    outer loop
      vertex 7.330303993361093 11.616789181894752 4
      vertex 7.125 11.515544456622768 0
      vertex 7.330303993361093 11.616789181894752 0
    endloop
  endfacet
  facet normal 0.3214394653031574 -0.9469301294951071 0
    outer loop
      vertex 7.5470666710705885 11.690370196005869 4
      vertex 7.330303993361093 11.616789181894752 0
      vertex 7.5470666710705885 11.690370196005869 0
    endloop
  endfacet
  facet normal 0.19509032201612997 -0.9807852804032301 0
    outer loop
      vertex 7.77157916361491 11.735028507404168 4
      vertex 7.5470666710705885 11.690370196005869 0
      vertex 7.77157916361491 11.735028507404168 0
    endloop
  endfacet
  facet normal 0.06540312923014302 -0.9978589232386035 0
    outer loop
      vertex 8 11.75 4
      vertex 7.77157916361491 11.735028507404168 0
      vertex 8 11.75 0
    endloop
  endfacet
  facet normal -0.06540312923014277 0.9978589232386035 0
    outer loop
      vertex 8 8.25 4
      vertex 8.22842083638509 8.264971492595832 0
      vertex 8 8.25 0
    endloop
  endfacet
  facet normal -0.19509032201613072 0.98078528040323 0
    outer loop
      vertex 8.22842083638509 8.264971492595832 4
      vertex 8.452933328929412 8.309629803994131 0
      vertex 8.22842083638509 8.264971492595832 0
    endloop
  endfacet
  facet normal -0.3214394653031586 0.9469301294951067 0
    outer loop
      vertex 8.452933328929412 8.309629803994131 4
      vertex 8.669696006638906 8.383210818105248 0
      vertex 8.452933328929412 8.309629803994131 0
    endloop
  endfacet
  facet normal -0.4422886902189998 0.8968727415326889 0
    outer loop
      vertex 8.669696006638906 8.383210818105248 4
      vertex 8.875 8.484455543377232 0
      vertex 8.669696006638906 8.383210818105248 0
    endloop
  endfacet
  facet normal -0.5555702330196024 0.8314696123025451 0
    outer loop
      vertex 8.875 8.484455543377232 4
      vertex 9.065332500765262 8.611631654490338 0
      vertex 8.875 8.484455543377232 0
    endloop
  endfacet
  facet normal -0.6593458151000737 0.7518398074789732 0
    outer loop
      vertex 9.065332500765262 8.611631654490338 4
      vertex 9.237436867076458 8.762563132923542 0
      vertex 9.065332500765262 8.611631654490338 0
    endloop
  endfacet
  facet normal -0.7518398074789732 0.6593458151000737 0
    outer loop
      vertex 9.237436867076458 8.762563132923542 0
      vertex 9.237436867076458 8.762563132923542 4
      vertex 9.388368345509662 8.934667499234738 0
    endloop
  endfacet
  facet normal -0.8314696123025451 0.5555702330196024 0
    outer loop
      vertex 9.388368345509662 8.934667499234738 4
      vertex 9.515544456622768 9.125 0
      vertex 9.388368345509662 8.934667499234738 0
    endloop
  endfacet
  facet normal -0.06540312923014277 -0.9978589232386035 0
    outer loop
      vertex 8.22842083638509 11.735028507404168 4
      vertex 8 11.75 0
      vertex 8.22842083638509 11.735028507404168 0
    endloop
  endfacet
  facet normal -0.19509032201613072 -0.98078528040323 0
    outer loop
      vertex 8.452933328929412 11.690370196005869 4
      vertex 8.22842083638509 11.735028507404168 0
      vertex 8.452933328929412 11.690370196005869 0
    endloop
  endfacet
  facet normal -0.3214394653031586 -0.9469301294951067 0
    outer loop
      vertex 8.669696006638906 11.616789181894752 4
      vertex 8.452933328929412 11.690370196005869 0
      vertex 8.669696006638906 11.616789181894752 0
    endloop
  endfacet
  facet normal -0.4422886902189998 -0.8968727415326889 0
    outer loop
      vertex 8.875 11.515544456622768 4
      vertex 8.669696006638906 11.616789181894752 0
      vertex 8.875 11.515544456622768 0
    endloop
  endfacet
  facet normal -0.8968727415326889 0.4422886902189998 0
    outer loop
      vertex 9.515544456622768 9.125 4
      vertex 9.616789181894752 9.330303993361094 0
      vertex 9.515544456622768 9.125 0
    endloop
  endfacet
  facet normal -0.9469301294951067 0.3214394653031586 0
    outer loop
      vertex 9.616789181894752 9.330303993361094 4
      vertex 9.690370196005869 9.547066671070588 0
      vertex 9.616789181894752 9.330303993361094 0
    endloop
  endfacet
  facet normal -0.98078528040323 0.19509032201613072 0
    outer loop
      vertex 9.690370196005869 9.547066671070588 4
      vertex 9.735028507404168 9.77157916361491 0
      vertex 9.690370196005869 9.547066671070588 0
    endloop
  endfacet
  facet normal -0.9978589232386035 0.06540312923014277 0
    outer loop
      vertex 9.735028507404168 9.77157916361491 4
      vertex 9.75 10 0
      vertex 9.735028507404168 9.77157916361491 0
    endloop
  endfacet
  facet normal -0.9978589232386035 -0.06540312923014277 0
    outer loop
      vertex 9.75 10 4
      vertex 9.735028507404168 10.22842083638509 0
      vertex 9.75 10 0
    endloop
  endfacet
  facet normal -0.98078528040323 -0.19509032201613072 0
    outer loop
      vertex 9.735028507404168 10.22842083638509 4
      vertex 9.690370196005869 10.452933328929412 0
      vertex 9.735028507404168 10.22842083638509 0
    endloop
  endfacet
  facet normal -0.7518398074789732 -0.6593458151000737 0
    outer loop
      vertex 9.388368345509662 11.065332500765262 4
      vertex 9.237436867076458 11.237436867076458 0
      vertex 9.388368345509662 11.065332500765262 0
    endloop
  endfacet
  facet normal -0.8314696123025451 -0.5555702330196024 0
    outer loop
      vertex 9.515544456622768 10.875 4
      vertex 9.388368345509662 11.065332500765262 0
      vertex 9.515544456622768 10.875 0
    endloop
  endfacet
  facet normal -0.5555702330196024 -0.8314696123025451 0
    outer loop
      vertex 9.065332500765262 11.388368345509662 4
      vertex 8.875 11.515544456622768 0
      vertex 9.065332500765262 11.388368345509662 0
    endloop
  endfacet
  facet normal -0.6593458151000737 -0.7518398074789732 0
    outer loop
      vertex 9.237436867076458 11.237436867076458 4
      vertex 9.065332500765262 11.388368345509662 0
      vertex 9.237436867076458 11.237436867076458 0
    endloop
  endfacet
  facet normal -0.8968727415326889 -0.4422886902189998 0
    outer loop
      vertex 9.616789181894752 10.669696006638906 4
      vertex 9.515544456622768 10.875 0
      vertex 9.616789181894752 10.669696006638906 0
    endloop
  endfacet
  facet normal -0.9469301294951067 -0.3214394653031586 0
    outer loop
      vertex 9.690370196005869 10.452933328929412 4
      vertex 9.616789181894752 10.669696006638906 0
      vertex 9.690370196005869 10.452933328929412 0
    endloop
  endfacet
  facet normal 0.8314696123025469 0.5555702330195997 0
    outer loop
      vertex 6.484455543377233 9.125 4
      vertex 6.611631654490338 8.934667499234738 4
      vertex 6.611631654490338 8.934667499234738 0
    endloop
  endfacet
  facet normal 0.751839807478975 0.6593458151000715 0
    outer loop
      vertex 6.611631654490338 8.934667499234738 4
      vertex 6.762563132923542 8.762563132923542 4
      vertex 6.762563132923542 8.762563132923542 0
    endloop
  endfacet
  facet normal 0.6593458151000698 0.7518398074789765 0
    outer loop
      vertex 6.934667499234739 8.611631654490338 4
      vertex 6.934667499234739 8.611631654490338 0
      vertex 6.762563132923542 8.762563132923542 4
    endloop
  endfacet
  facet normal 0.5555702330196043 0.8314696123025439 0
    outer loop
      vertex 7.125 8.484455543377232 4
      vertex 7.125 8.484455543377232 0
      vertex 6.934667499234739 8.611631654490338 4
    endloop
  endfacet
  facet normal 0.44228869021900136 0.8968727415326883 0
    outer loop
      vertex 7.330303993361093 8.383210818105248 4
      vertex 7.330303993361093 8.383210818105248 0
      vertex 7.125 8.484455543377232 4
    endloop
  endfacet
  facet normal 0.3214394653031574 0.9469301294951071 0
    outer loop
      vertex 7.5470666710705885 8.309629803994131 4
      vertex 7.5470666710705885 8.309629803994131 0
      vertex 7.330303993361093 8.383210818105248 4
    endloop
  endfacet
  facet normal 0.19509032201612997 0.9807852804032301 0
    outer loop
      vertex 7.77157916361491 8.264971492595832 4
      vertex 7.77157916361491 8.264971492595832 0
      vertex 7.5470666710705885 8.309629803994131 4
    endloop
  endfacet
  facet normal 0.06540312923014302 0.9978589232386035 0
    outer loop
      vertex 8 8.25 4
      vertex 8 8.25 0
      vertex 7.77157916361491 8.264971492595832 4
    endloop
  endfacet
  facet normal 0.8968727415326889 0.4422886902189998 0
    outer loop
      vertex 6.3832108181052485 9.330303993361094 4
      vertex 6.484455543377233 9.125 4
      vertex 6.484455543377233 9.125 0
    endloop
  endfacet
  facet normal 0.9469301294951055 0.3214394653031621 0
    outer loop
      vertex 6.309629803994131 9.547066671070588 4
      vertex 6.3832108181052485 9.330303993361094 4
      vertex 6.3832108181052485 9.330303993361094 0
    endloop
  endfacet
  facet normal 0.98078528040323 0.19509032201613072 0
    outer loop
      vertex 6.264971492595832 9.77157916361491 4
      vertex 6.309629803994131 9.547066671070588 4
      vertex 6.309629803994131 9.547066671070588 0
    endloop
  endfacet
  facet normal 0.9978589232386035 0.06540312923014277 0
    outer loop
      vertex 6.25 10 4
      vertex 6.264971492595832 9.77157916361491 4
      vertex 6.264971492595832 9.77157916361491 0
    endloop
  endfacet
  facet normal 0.9978589232386035 -0.06540312923014277 0
    outer loop
      vertex 6.264971492595832 10.22842083638509 4
      vertex 6.25 10 4
      vertex 6.25 10 0
    endloop
  endfacet
  facet normal 0.98078528040323 -0.19509032201613072 0
    outer loop
      vertex 6.309629803994131 10.452933328929412 4
      vertex 6.264971492595832 10.22842083638509 4
      vertex 6.264971492595832 10.22842083638509 0
    endloop
  endfacet
  facet normal 0.9469301294951055 -0.3214394653031621 0
    outer loop
      vertex 6.3832108181052485 10.669696006638906 4
      vertex 6.309629803994131 10.452933328929412 4
      vertex 6.309629803994131 10.452933328929412 0
    endloop
  endfacet
  facet normal 0.8968727415326889 -0.4422886902189998 0
    outer loop
      vertex 6.484455543377233 10.875 4
      vertex 6.3832108181052485 10.669696006638906 4
      vertex 6.3832108181052485 10.669696006638906 0
    endloop
  endfacet
  facet normal 0.8314696123025469 -0.5555702330195997 0
    outer loop
      vertex 6.611631654490338 11.065332500765262 4
      vertex 6.484455543377233 10.875 4
      vertex 6.484455543377233 10.875 0
    endloop
  endfacet
  facet normal 0.751839807478975 -0.6593458151000715 0
    outer loop
      vertex 6.762563132923542 11.237436867076458 4
      vertex 6.611631654490338 11.065332500765262 4
      vertex 6.611631654490338 11.065332500765262 0
    endloop
  endfacet
  facet normal 0.6593458151000698 -0.7518398074789765 0
    outer loop
      vertex 6.762563132923542 11.237436867076458 4
      vertex 6.762563132923542 11.237436867076458 0
      vertex 6.934667499234739 11.388368345509662 4
    endloop
  endfacet
  facet normal 0.5555702330196043 -0.8314696123025439 0
    outer loop
      vertex 6.934667499234739 11.388368345509662 4
      vertex 6.934667499234739 11.388368345509662 0
      vertex 7.125 11.515544456622768 4
    endloop
  endfacet
  facet normal 0.44228869021900136 -0.8968727415326883 0
    outer loop
      vertex 7.125 11.515544456622768 4
      vertex 7.125 11.515544456622768 0
      vertex 7.330303993361093 11.616789181894752 4
    endloop
  endfacet
  facet normal 0.3214394653031574 -0.9469301294951071 0
    outer loop
      vertex 7.330303993361093 11.616789181894752 4
      vertex 7.330303993361093 11.616789181894752 0
      vertex 7.5470666710705885 11.690370196005869 4
    endloop
  endfacet
  facet normal 0.19509032201612997 -0.9807852804032301 0
    outer loop
      vertex 7.5470666710705885 11.690370196005869 4
      vertex 7.5470666710705885 11.690370196005869 0
      vertex 7.77157916361491 11.735028507404168 4
    endloop
  endfacet
  facet normal 0.06540312923014302 -0.9978589232386035 0
    outer loop
      vertex 7.77157916361491 11.735028507404168 4
      vertex 7.77157916361491 11.735028507404168 0
      vertex 8 11.75 4
    endloop
  endfacet
  facet normal -0.06540312923014277 0.9978589232386035 0
    outer loop
      vertex 8.22842083638509 8.264971492595832 4
      vertex 8.22842083638509 8.264971492595832 0
      vertex 8 8.25 4
    endloop
  endfacet
  facet normal -0.19509032201613072 0.98078528040323 0
    outer loop
      vertex 8.452933328929412 8.309629803994131 4
      vertex 8.452933328929412 8.309629803994131 0
      vertex 8.22842083638509 8.264971492595832 4
    endloop
  endfacet
  facet normal -0.3214394653031586 0.9469301294951067 0
    outer loop
      vertex 8.669696006638906 8.383210818105248 4
      vertex 8.669696006638906 8.383210818105248 0
      vertex 8.452933328929412 8.309629803994131 4
    endloop
  endfacet
  facet normal -0.4422886902189998 0.8968727415326889 0
    outer loop
      vertex 8.875 8.484455543377232 4
      vertex 8.875 8.484455543377232 0
      vertex 8.669696006638906 8.383210818105248 4
    endloop
  endfacet
  facet normal -0.5555702330196024 0.8314696123025451 0
    outer loop
      vertex 9.065332500765262 8.611631654490338 4
      vertex 9.065332500765262 8.611631654490338 0
      vertex 8.875 8.484455543377232 4
    endloop
  endfacet
  facet normal -0.6593458151000737 0.7518398074789732 0
    outer loop
      vertex 9.237436867076458 8.762563132923542 4
      vertex 9.237436867076458 8.762563132923542 0
      vertex 9.065332500765262 8.611631654490338 4
    endloop
  endfacet
  facet normal -0.7518398074789732 0.6593458151000737 0
    outer loop
      vertex 9.237436867076458 8.762563132923542 4
      vertex 9.388368345509662 8.934667499234738 4
      vertex 9.388368345509662 8.934667499234738 0
    endloop
  endfacet
  facet normal -0.06540312923014277 -0.9978589232386035 0
    outer loop
      vertex 8 11.75 4
      vertex 8 11.75 0
      vertex 8.22842083638509 11.735028507404168 4
    endloop
  endfacet
  facet normal -0.19509032201613072 -0.98078528040323 0
    outer loop
      vertex 8.22842083638509 11.735028507404168 4
      vertex 8.22842083638509 11.735028507404168 0
      vertex 8.452933328929412 11.690370196005869 4
    endloop
  endfacet
  facet normal -0.4422886902189998 -0.8968727415326889 0
    outer loop
      vertex 8.669696006638906 11.616789181894752 4
      vertex 8.669696006638906 11.616789181894752 0
      vertex 8.875 11.515544456622768 4
    endloop
  endfacet
  facet normal -0.3214394653031586 -0.9469301294951067 0
    outer loop
      vertex 8.452933328929412 11.690370196005869 4
      vertex 8.452933328929412 11.690370196005869 0
      vertex 8.669696006638906 11.616789181894752 4
    endloop
  endfacet
  facet normal -0.5555702330196024 -0.8314696123025451 0
    outer loop
      vertex 8.875 11.515544456622768 4
      vertex 8.875 11.515544456622768 0
      vertex 9.065332500765262 11.388368345509662 4
    endloop
  endfacet
  facet normal -0.8314696123025451 0.5555702330196024 0
    outer loop
      vertex 9.388368345509662 8.934667499234738 4
      vertex 9.515544456622768 9.125 4
      vertex 9.515544456622768 9.125 0
    endloop
  endfacet
  facet normal -0.8968727415326889 0.4422886902189998 0
    outer loop
      vertex 9.515544456622768 9.125 4
      vertex 9.616789181894752 9.330303993361094 4
      vertex 9.616789181894752 9.330303993361094 0
    endloop
  endfacet
  facet normal -0.9469301294951067 0.3214394653031586 0
    outer loop
      vertex 9.616789181894752 9.330303993361094 4
      vertex 9.690370196005869 9.547066671070588 4
      vertex 9.690370196005869 9.547066671070588 0
    endloop
  endfacet
  facet normal -0.98078528040323 0.19509032201613072 0
    outer loop
      vertex 9.690370196005869 9.547066671070588 4
      vertex 9.735028507404168 9.77157916361491 4
      vertex 9.735028507404168 9.77157916361491 0
    endloop
  endfacet
  facet normal -0.9978589232386035 0.06540312923014277 0
    outer loop
      vertex 9.735028507404168 9.77157916361491 4
      vertex 9.75 10 4
      vertex 9.75 10 0
    endloop
  endfacet
  facet normal -0.9978589232386035 -0.06540312923014277 0
    outer loop
      vertex 9.75 10 4
      vertex 9.735028507404168 10.22842083638509 4
      vertex 9.735028507404168 10.22842083638509 0
    endloop
  endfacet
  facet normal -0.98078528040323 -0.19509032201613072 0
    outer loop
      vertex 9.735028507404168 10.22842083638509 4
      vertex 9.690370196005869 10.452933328929412 4
      vertex 9.690370196005869 10.452933328929412 0
    endloop
  endfacet
  facet normal -0.7518398074789732 -0.6593458151000737 0
    outer loop
      vertex 9.388368345509662 11.065332500765262 4
      vertex 9.237436867076458 11.237436867076458 4
      vertex 9.237436867076458 11.237436867076458 0
    endloop
  endfacet
  facet normal -0.8314696123025451 -0.5555702330196024 0
    outer loop
      vertex 9.515544456622768 10.875 4
      vertex 9.388368345509662 11.065332500765262 4
      vertex 9.388368345509662 11.065332500765262 0
    endloop
  endfacet
  facet normal -0.6593458151000737 -0.7518398074789732 0
    outer loop
      vertex 9.065332500765262 11.388368345509662 4
      vertex 9.065332500765262 11.388368345509662 0
      vertex 9.237436867076458 11.237436867076458 4
    endloop
  endfacet
  facet normal -0.8968727415326889 -0.4422886902189998 0
    outer loop
      vertex 9.616789181894752 10.669696006638906 4
      vertex 9.515544456622768 10.875 4
      vertex 9.515544456622768 10.875 0
    endloop
  endfacet
  facet normal -0.9469301294951067 -0.3214394653031586 0
    outer loop
      vertex 9.690370196005869 10.452933328929412 4
      vertex 9.616789181894752 10.669696006638906 4
      vertex 9.616789181894752 10.669696006638906 0
    endloop
  endfacet
  facet normal 0.9469301294951062 0.3214394653031597 0
    outer loop
      vertex 6.309629803994131 37.54706667107059 4
      vertex 6.3832108181052485 37.33030399336109 0
      vertex 6.309629803994131 37.54706667107059 0
    endloop
  endfacet
  facet normal 0.8968727415326875 0.4422886902190029 0
    outer loop
      vertex 6.3832108181052485 37.33030399336109 4
      vertex 6.484455543377233 37.125 0
      vertex 6.3832108181052485 37.33030399336109 0
    endloop
  endfacet
  facet normal 0.6593458151000611 0.7518398074789843 0
    outer loop
      vertex 6.934667499234739 36.61163165449034 0
      vertex 6.762563132923542 36.76256313292354 0
      vertex 6.762563132923542 36.76256313292354 4
    endloop
  endfacet
  facet normal 0.5555702330196096 0.8314696123025402 0
    outer loop
      vertex 6.934667499234739 36.61163165449034 4
      vertex 7.125 36.48445554337723 0
      vertex 6.934667499234739 36.61163165449034 0
    endloop
  endfacet
  facet normal 0.831469612302542 0.555570233019607 0
    outer loop
      vertex 6.484455543377233 37.125 4
      vertex 6.611631654490338 36.93466749923474 0
      vertex 6.484455543377233 37.125 0
    endloop
  endfacet
  facet normal 0.7518398074789886 0.6593458151000562 0
    outer loop
      vertex 6.611631654490338 36.93466749923474 4
      vertex 6.762563132923542 36.76256313292354 0
      vertex 6.611631654490338 36.93466749923474 0
    endloop
  endfacet
  facet normal 0.98078528040323 0.19509032201613072 0
    outer loop
      vertex 6.264971492595832 37.77157916361491 4
      vertex 6.309629803994131 37.54706667107059 0
      vertex 6.264971492595832 37.77157916361491 0
    endloop
  endfacet
  facet normal 0.9978589232386035 0.06540312923014277 0
    outer loop
      vertex 6.25 38 4
      vertex 6.264971492595832 37.77157916361491 0
      vertex 6.25 38 0
    endloop
  endfacet
  facet normal 0.9978589232386035 -0.06540312923014277 0
    outer loop
      vertex 6.264971492595832 38.22842083638509 4
      vertex 6.25 38 0
      vertex 6.264971492595832 38.22842083638509 0
    endloop
  endfacet
  facet normal 0.98078528040323 -0.19509032201613072 0
    outer loop
      vertex 6.309629803994131 38.45293332892941 4
      vertex 6.264971492595832 38.22842083638509 0
      vertex 6.309629803994131 38.45293332892941 0
    endloop
  endfacet
  facet normal 0.9469301294951062 -0.3214394653031597 0
    outer loop
      vertex 6.309629803994131 38.45293332892941 0
      vertex 6.3832108181052485 38.66969600663891 0
      vertex 6.3832108181052485 38.66969600663891 4
    endloop
  endfacet
  facet normal 0.8968727415326875 -0.4422886902190029 0
    outer loop
      vertex 6.3832108181052485 38.66969600663891 0
      vertex 6.484455543377233 38.875 0
      vertex 6.484455543377233 38.875 4
    endloop
  endfacet
  facet normal 0.44228869021899514 0.8968727415326914 0
    outer loop
      vertex 7.125 36.48445554337723 4
      vertex 7.330303993361093 36.38321081810525 0
      vertex 7.125 36.48445554337723 0
    endloop
  endfacet
  facet normal 0.32143946530317136 0.9469301294951024 0
    outer loop
      vertex 7.330303993361093 36.38321081810525 4
      vertex 7.5470666710705885 36.30962980399413 0
      vertex 7.330303993361093 36.38321081810525 0
    endloop
  endfacet
  facet normal 0.1950903220161076 0.9807852804032346 0
    outer loop
      vertex 7.5470666710705885 36.30962980399413 4
      vertex 7.77157916361491 36.26497149259583 0
      vertex 7.5470666710705885 36.30962980399413 0
    endloop
  endfacet
  facet normal 0.06540312923015075 0.997858923238603 0
    outer loop
      vertex 7.77157916361491 36.26497149259583 4
      vertex 8 36.25 0
      vertex 7.77157916361491 36.26497149259583 0
    endloop
  endfacet
  facet normal 0.831469612302542 -0.555570233019607 0
    outer loop
      vertex 6.484455543377233 38.875 0
      vertex 6.611631654490338 39.06533250076526 0
      vertex 6.611631654490338 39.06533250076526 4
    endloop
  endfacet
  facet normal 0.7518398074789886 -0.6593458151000562 0
    outer loop
      vertex 6.611631654490338 39.06533250076526 0
      vertex 6.762563132923542 39.23743686707646 0
      vertex 6.762563132923542 39.23743686707646 4
    endloop
  endfacet
  facet normal 0.6593458151000611 -0.7518398074789843 0
    outer loop
      vertex 6.934667499234739 39.38836834550966 0
      vertex 6.934667499234739 39.38836834550966 4
      vertex 6.762563132923542 39.23743686707646 0
    endloop
  endfacet
  facet normal 0.5555702330196096 -0.8314696123025402 0
    outer loop
      vertex 7.125 39.51554445662277 0
      vertex 7.125 39.51554445662277 4
      vertex 6.934667499234739 39.38836834550966 0
    endloop
  endfacet
  facet normal 0.44228869021899514 -0.8968727415326914 0
    outer loop
      vertex 7.330303993361093 39.61678918189475 0
      vertex 7.330303993361093 39.61678918189475 4
      vertex 7.125 39.51554445662277 0
    endloop
  endfacet
  facet normal 0.32143946530317136 -0.9469301294951024 0
    outer loop
      vertex 7.5470666710705885 39.69037019600587 0
      vertex 7.5470666710705885 39.69037019600587 4
      vertex 7.330303993361093 39.61678918189475 0
    endloop
  endfacet
  facet normal 0.1950903220161076 -0.9807852804032346 0
    outer loop
      vertex 7.77157916361491 39.73502850740417 0
      vertex 7.77157916361491 39.73502850740417 4
      vertex 7.5470666710705885 39.69037019600587 0
    endloop
  endfacet
  facet normal 0.06540312923015075 -0.997858923238603 0
    outer loop
      vertex 8 39.75 0
      vertex 8 39.75 4
      vertex 7.77157916361491 39.73502850740417 0
    endloop
  endfacet
  facet normal -0.0654031292301505 0.997858923238603 0
    outer loop
      vertex 8 36.25 0
      vertex 8 36.25 4
      vertex 8.22842083638509 36.26497149259583 0
    endloop
  endfacet
  facet normal -0.19509032201610832 0.9807852804032344 0
    outer loop
      vertex 8.22842083638509 36.26497149259583 0
      vertex 8.22842083638509 36.26497149259583 4
      vertex 8.452933328929412 36.30962980399413 0
    endloop
  endfacet
  facet normal -0.3214394653031725 0.9469301294951019 0
    outer loop
      vertex 8.452933328929412 36.30962980399413 0
      vertex 8.452933328929412 36.30962980399413 4
      vertex 8.669696006638906 36.38321081810525 0
    endloop
  endfacet
  facet normal -0.4422886902189936 0.896872741532692 0
    outer loop
      vertex 8.669696006638906 36.38321081810525 0
      vertex 8.669696006638906 36.38321081810525 4
      vertex 8.875 36.48445554337723 0
    endloop
  endfacet
  facet normal -0.5555702330196078 0.8314696123025415 0
    outer loop
      vertex 8.875 36.48445554337723 0
      vertex 8.875 36.48445554337723 4
      vertex 9.065332500765262 36.61163165449034 0
    endloop
  endfacet
  facet normal -0.659345815100065 0.7518398074789808 0
    outer loop
      vertex 9.065332500765262 36.61163165449034 0
      vertex 9.065332500765262 36.61163165449034 4
      vertex 9.237436867076458 36.76256313292354 0
    endloop
  endfacet
  facet normal -0.7518398074789867 0.6593458151000583 0
    outer loop
      vertex 9.237436867076458 36.76256313292354 0
      vertex 9.237436867076458 36.76256313292354 4
      vertex 9.388368345509662 36.93466749923474 0
    endloop
  endfacet
  facet normal -0.8314696123025402 0.5555702330196096 0
    outer loop
      vertex 9.515544456622768 37.125 0
      vertex 9.388368345509662 36.93466749923474 0
      vertex 9.388368345509662 36.93466749923474 4
    endloop
  endfacet
  facet normal -0.8968727415326875 0.4422886902190029 0
    outer loop
      vertex 9.616789181894752 37.33030399336109 0
      vertex 9.515544456622768 37.125 0
      vertex 9.515544456622768 37.125 4
    endloop
  endfacet
  facet normal -0.9469301294951075 0.32143946530315626 0
    outer loop
      vertex 9.690370196005869 37.54706667107059 0
      vertex 9.616789181894752 37.33030399336109 0
      vertex 9.616789181894752 37.33030399336109 4
    endloop
  endfacet
  facet normal -0.8314696123025402 -0.5555702330196096 0
    outer loop
      vertex 9.388368345509662 39.06533250076526 0
      vertex 9.515544456622768 38.875 0
      vertex 9.515544456622768 38.875 4
    endloop
  endfacet
  facet normal -0.98078528040323 0.19509032201613072 0
    outer loop
      vertex 9.735028507404168 37.77157916361491 0
      vertex 9.690370196005869 37.54706667107059 0
      vertex 9.690370196005869 37.54706667107059 4
    endloop
  endfacet
  facet normal -0.9978589232386035 0.06540312923014277 0
    outer loop
      vertex 9.75 38 0
      vertex 9.735028507404168 37.77157916361491 0
      vertex 9.735028507404168 37.77157916361491 4
    endloop
  endfacet
  facet normal -0.9978589232386035 -0.06540312923014277 0
    outer loop
      vertex 9.735028507404168 38.22842083638509 0
      vertex 9.75 38 0
      vertex 9.75 38 4
    endloop
  endfacet
  facet normal -0.98078528040323 -0.19509032201613072 0
    outer loop
      vertex 9.690370196005869 38.45293332892941 0
      vertex 9.735028507404168 38.22842083638509 0
      vertex 9.735028507404168 38.22842083638509 4
    endloop
  endfacet
  facet normal -0.9469301294951075 -0.32143946530315626 0
    outer loop
      vertex 9.616789181894752 38.66969600663891 0
      vertex 9.690370196005869 38.45293332892941 0
      vertex 9.690370196005869 38.45293332892941 4
    endloop
  endfacet
  facet normal -0.8968727415326875 -0.4422886902190029 0
    outer loop
      vertex 9.515544456622768 38.875 0
      vertex 9.616789181894752 38.66969600663891 0
      vertex 9.616789181894752 38.66969600663891 4
    endloop
  endfacet
  facet normal -0.0654031292301505 -0.997858923238603 0
    outer loop
      vertex 8.22842083638509 39.73502850740417 0
      vertex 8.22842083638509 39.73502850740417 4
      vertex 8 39.75 0
    endloop
  endfacet
  facet normal -0.19509032201610832 -0.9807852804032344 0
    outer loop
      vertex 8.452933328929412 39.69037019600587 0
      vertex 8.452933328929412 39.69037019600587 4
      vertex 8.22842083638509 39.73502850740417 0
    endloop
  endfacet
  facet normal -0.3214394653031725 -0.9469301294951019 0
    outer loop
      vertex 8.669696006638906 39.61678918189475 0
      vertex 8.669696006638906 39.61678918189475 4
      vertex 8.452933328929412 39.69037019600587 0
    endloop
  endfacet
  facet normal -0.4422886902189936 -0.896872741532692 0
    outer loop
      vertex 8.875 39.51554445662277 0
      vertex 8.875 39.51554445662277 4
      vertex 8.669696006638906 39.61678918189475 0
    endloop
  endfacet
  facet normal -0.659345815100065 -0.7518398074789808 0
    outer loop
      vertex 9.237436867076458 39.23743686707646 0
      vertex 9.237436867076458 39.23743686707646 4
      vertex 9.065332500765262 39.38836834550966 0
    endloop
  endfacet
  facet normal -0.5555702330196078 -0.8314696123025415 0
    outer loop
      vertex 9.065332500765262 39.38836834550966 0
      vertex 9.065332500765262 39.38836834550966 4
      vertex 8.875 39.51554445662277 0
    endloop
  endfacet
  facet normal -0.7518398074789867 -0.6593458151000583 0
    outer loop
      vertex 9.237436867076458 39.23743686707646 0
      vertex 9.388368345509662 39.06533250076526 0
      vertex 9.388368345509662 39.06533250076526 4
    endloop
  endfacet
  facet normal 0.9469301294951062 0.3214394653031597 0
    outer loop
      vertex 6.309629803994131 37.54706667107059 4
      vertex 6.3832108181052485 37.33030399336109 4
      vertex 6.3832108181052485 37.33030399336109 0
    endloop
  endfacet
  facet normal 0.8968727415326875 0.4422886902190029 0
    outer loop
      vertex 6.3832108181052485 37.33030399336109 4
      vertex 6.484455543377233 37.125 4
      vertex 6.484455543377233 37.125 0
    endloop
  endfacet
  facet normal 0.6593458151000611 0.7518398074789843 0
    outer loop
      vertex 6.934667499234739 36.61163165449034 4
      vertex 6.934667499234739 36.61163165449034 0
      vertex 6.762563132923542 36.76256313292354 4
    endloop
  endfacet
  facet normal 0.831469612302542 0.555570233019607 0
    outer loop
      vertex 6.484455543377233 37.125 4
      vertex 6.611631654490338 36.93466749923474 4
      vertex 6.611631654490338 36.93466749923474 0
    endloop
  endfacet
  facet normal 0.7518398074789886 0.6593458151000562 0
    outer loop
      vertex 6.611631654490338 36.93466749923474 4
      vertex 6.762563132923542 36.76256313292354 4
      vertex 6.762563132923542 36.76256313292354 0
    endloop
  endfacet
  facet normal 0.98078528040323 0.19509032201613072 0
    outer loop
      vertex 6.264971492595832 37.77157916361491 4
      vertex 6.309629803994131 37.54706667107059 4
      vertex 6.309629803994131 37.54706667107059 0
    endloop
  endfacet
  facet normal 0.9978589232386035 0.06540312923014277 0
    outer loop
      vertex 6.25 38 4
      vertex 6.264971492595832 37.77157916361491 4
      vertex 6.264971492595832 37.77157916361491 0
    endloop
  endfacet
  facet normal 0.9978589232386035 -0.06540312923014277 0
    outer loop
      vertex 6.264971492595832 38.22842083638509 4
      vertex 6.25 38 4
      vertex 6.25 38 0
    endloop
  endfacet
  facet normal 0.98078528040323 -0.19509032201613072 0
    outer loop
      vertex 6.309629803994131 38.45293332892941 4
      vertex 6.264971492595832 38.22842083638509 4
      vertex 6.264971492595832 38.22842083638509 0
    endloop
  endfacet
  facet normal 0.9469301294951062 -0.3214394653031597 0
    outer loop
      vertex 6.3832108181052485 38.66969600663891 4
      vertex 6.309629803994131 38.45293332892941 4
      vertex 6.309629803994131 38.45293332892941 0
    endloop
  endfacet
  facet normal 0.8968727415326875 -0.4422886902190029 0
    outer loop
      vertex 6.3832108181052485 38.66969600663891 0
      vertex 6.484455543377233 38.875 4
      vertex 6.3832108181052485 38.66969600663891 4
    endloop
  endfacet
  facet normal 0.831469612302542 -0.555570233019607 0
    outer loop
      vertex 6.484455543377233 38.875 0
      vertex 6.611631654490338 39.06533250076526 4
      vertex 6.484455543377233 38.875 4
    endloop
  endfacet
  facet normal 0.5555702330196096 0.8314696123025402 0
    outer loop
      vertex 7.125 36.48445554337723 4
      vertex 7.125 36.48445554337723 0
      vertex 6.934667499234739 36.61163165449034 4
    endloop
  endfacet
  facet normal 0.32143946530317136 0.9469301294951024 0
    outer loop
      vertex 7.5470666710705885 36.30962980399413 4
      vertex 7.5470666710705885 36.30962980399413 0
      vertex 7.330303993361093 36.38321081810525 4
    endloop
  endfacet
  facet normal 0.44228869021899514 0.8968727415326914 0
    outer loop
      vertex 7.330303993361093 36.38321081810525 4
      vertex 7.330303993361093 36.38321081810525 0
      vertex 7.125 36.48445554337723 4
    endloop
  endfacet
  facet normal 0.1950903220161076 0.9807852804032346 0
    outer loop
      vertex 7.77157916361491 36.26497149259583 4
      vertex 7.77157916361491 36.26497149259583 0
      vertex 7.5470666710705885 36.30962980399413 4
    endloop
  endfacet
  facet normal 0.06540312923015075 0.997858923238603 0
    outer loop
      vertex 8 36.25 0
      vertex 7.77157916361491 36.26497149259583 4
      vertex 8 36.25 4
    endloop
  endfacet
  facet normal 0.7518398074789886 -0.6593458151000562 0
    outer loop
      vertex 6.611631654490338 39.06533250076526 0
      vertex 6.762563132923542 39.23743686707646 4
      vertex 6.611631654490338 39.06533250076526 4
    endloop
  endfacet
  facet normal 0.6593458151000611 -0.7518398074789843 0
    outer loop
      vertex 6.762563132923542 39.23743686707646 0
      vertex 6.934667499234739 39.38836834550966 4
      vertex 6.762563132923542 39.23743686707646 4
    endloop
  endfacet
  facet normal 0.5555702330196096 -0.8314696123025402 0
    outer loop
      vertex 6.934667499234739 39.38836834550966 0
      vertex 7.125 39.51554445662277 4
      vertex 6.934667499234739 39.38836834550966 4
    endloop
  endfacet
  facet normal 0.44228869021899514 -0.8968727415326914 0
    outer loop
      vertex 7.125 39.51554445662277 0
      vertex 7.330303993361093 39.61678918189475 4
      vertex 7.125 39.51554445662277 4
    endloop
  endfacet
  facet normal 0.32143946530317136 -0.9469301294951024 0
    outer loop
      vertex 7.330303993361093 39.61678918189475 0
      vertex 7.5470666710705885 39.69037019600587 4
      vertex 7.330303993361093 39.61678918189475 4
    endloop
  endfacet
  facet normal 0.1950903220161076 -0.9807852804032346 0
    outer loop
      vertex 7.5470666710705885 39.69037019600587 0
      vertex 7.77157916361491 39.73502850740417 4
      vertex 7.5470666710705885 39.69037019600587 4
    endloop
  endfacet
  facet normal 0.06540312923015075 -0.997858923238603 0
    outer loop
      vertex 7.77157916361491 39.73502850740417 0
      vertex 8 39.75 4
      vertex 7.77157916361491 39.73502850740417 4
    endloop
  endfacet
  facet normal -0.0654031292301505 0.997858923238603 0
    outer loop
      vertex 8.22842083638509 36.26497149259583 0
      vertex 8 36.25 4
      vertex 8.22842083638509 36.26497149259583 4
    endloop
  endfacet
  facet normal -0.19509032201610832 0.9807852804032344 0
    outer loop
      vertex 8.452933328929412 36.30962980399413 0
      vertex 8.22842083638509 36.26497149259583 4
      vertex 8.452933328929412 36.30962980399413 4
    endloop
  endfacet
  facet normal -0.3214394653031725 0.9469301294951019 0
    outer loop
      vertex 8.669696006638906 36.38321081810525 0
      vertex 8.452933328929412 36.30962980399413 4
      vertex 8.669696006638906 36.38321081810525 4
    endloop
  endfacet
  facet normal -0.4422886902189936 0.896872741532692 0
    outer loop
      vertex 8.875 36.48445554337723 0
      vertex 8.669696006638906 36.38321081810525 4
      vertex 8.875 36.48445554337723 4
    endloop
  endfacet
  facet normal -0.5555702330196078 0.8314696123025415 0
    outer loop
      vertex 9.065332500765262 36.61163165449034 0
      vertex 8.875 36.48445554337723 4
      vertex 9.065332500765262 36.61163165449034 4
    endloop
  endfacet
  facet normal -0.659345815100065 0.7518398074789808 0
    outer loop
      vertex 9.237436867076458 36.76256313292354 0
      vertex 9.065332500765262 36.61163165449034 4
      vertex 9.237436867076458 36.76256313292354 4
    endloop
  endfacet
  facet normal -0.7518398074789867 0.6593458151000583 0
    outer loop
      vertex 9.388368345509662 36.93466749923474 0
      vertex 9.237436867076458 36.76256313292354 4
      vertex 9.388368345509662 36.93466749923474 4
    endloop
  endfacet
  facet normal -0.8314696123025402 0.5555702330196096 0
    outer loop
      vertex 9.515544456622768 37.125 0
      vertex 9.388368345509662 36.93466749923474 4
      vertex 9.515544456622768 37.125 4
    endloop
  endfacet
  facet normal -0.8968727415326875 0.4422886902190029 0
    outer loop
      vertex 9.616789181894752 37.33030399336109 0
      vertex 9.515544456622768 37.125 4
      vertex 9.616789181894752 37.33030399336109 4
    endloop
  endfacet
  facet normal -0.9469301294951075 0.32143946530315626 0
    outer loop
      vertex 9.690370196005869 37.54706667107059 0
      vertex 9.616789181894752 37.33030399336109 4
      vertex 9.690370196005869 37.54706667107059 4
    endloop
  endfacet
  facet normal -0.98078528040323 0.19509032201613072 0
    outer loop
      vertex 9.735028507404168 37.77157916361491 0
      vertex 9.690370196005869 37.54706667107059 4
      vertex 9.735028507404168 37.77157916361491 4
    endloop
  endfacet
  facet normal -0.9978589232386035 0.06540312923014277 0
    outer loop
      vertex 9.75 38 0
      vertex 9.735028507404168 37.77157916361491 4
      vertex 9.75 38 4
    endloop
  endfacet
  facet normal -0.9978589232386035 -0.06540312923014277 0
    outer loop
      vertex 9.735028507404168 38.22842083638509 0
      vertex 9.75 38 4
      vertex 9.735028507404168 38.22842083638509 4
    endloop
  endfacet
  facet normal -0.98078528040323 -0.19509032201613072 0
    outer loop
      vertex 9.690370196005869 38.45293332892941 0
      vertex 9.735028507404168 38.22842083638509 4
      vertex 9.690370196005869 38.45293332892941 4
    endloop
  endfacet
  facet normal -0.9469301294951075 -0.32143946530315626 0
    outer loop
      vertex 9.616789181894752 38.66969600663891 0
      vertex 9.690370196005869 38.45293332892941 4
      vertex 9.616789181894752 38.66969600663891 4
    endloop
  endfacet
  facet normal -0.8968727415326875 -0.4422886902190029 0
    outer loop
      vertex 9.515544456622768 38.875 0
      vertex 9.616789181894752 38.66969600663891 4
      vertex 9.515544456622768 38.875 4
    endloop
  endfacet
  facet normal -0.0654031292301505 -0.997858923238603 0
    outer loop
      vertex 8 39.75 0
      vertex 8.22842083638509 39.73502850740417 4
      vertex 8 39.75 4
    endloop
  endfacet
  facet normal -0.19509032201610832 -0.9807852804032344 0
    outer loop
      vertex 8.22842083638509 39.73502850740417 0
      vertex 8.452933328929412 39.69037019600587 4
      vertex 8.22842083638509 39.73502850740417 4
    endloop
  endfacet
  facet normal -0.3214394653031725 -0.9469301294951019 0
    outer loop
      vertex 8.452933328929412 39.69037019600587 0
      vertex 8.669696006638906 39.61678918189475 4
      vertex 8.452933328929412 39.69037019600587 4
    endloop
  endfacet
  facet normal -0.4422886902189936 -0.896872741532692 0
    outer loop
      vertex 8.669696006638906 39.61678918189475 0
      vertex 8.875 39.51554445662277 4
      vertex 8.669696006638906 39.61678918189475 4
    endloop
  endfacet
  facet normal -0.5555702330196078 -0.8314696123025415 0
    outer loop
      vertex 8.875 39.51554445662277 0
      vertex 9.065332500765262 39.38836834550966 4
      vertex 8.875 39.51554445662277 4
    endloop
  endfacet
  facet normal -0.659345815100065 -0.7518398074789808 0
    outer loop
      vertex 9.065332500765262 39.38836834550966 0
      vertex 9.237436867076458 39.23743686707646 4
      vertex 9.065332500765262 39.38836834550966 4
    endloop
  endfacet
  facet normal -0.7518398074789867 -0.6593458151000583 0
    outer loop
      vertex 9.237436867076458 39.23743686707646 0
      vertex 9.388368345509662 39.06533250076526 4
      vertex 9.237436867076458 39.23743686707646 4
    endloop
  endfacet
  facet normal -0.8314696123025402 -0.5555702330196096 0
    outer loop
      vertex 9.388368345509662 39.06533250076526 0
      vertex 9.515544456622768 38.875 4
      vertex 9.388368345509662 39.06533250076526 4
    endloop
  endfacet
  facet normal 0.7518398074789732 0.6593458151000737 0
    outer loop
      vertex 22.61163165449034 8.934667499234738 4
      vertex 22.762563132923542 8.762563132923542 0
      vertex 22.61163165449034 8.934667499234738 0
    endloop
  endfacet
  facet normal 0.5555702330196024 0.8314696123025451 0
    outer loop
      vertex 22.934667499234738 8.611631654490338 4
      vertex 23.125 8.484455543377232 0
      vertex 22.934667499234738 8.611631654490338 0
    endloop
  endfacet
  facet normal 0.6593458151000737 0.7518398074789732 0
    outer loop
      vertex 22.934667499234738 8.611631654490338 0
      vertex 22.762563132923542 8.762563132923542 0
      vertex 22.762563132923542 8.762563132923542 4
    endloop
  endfacet
  facet normal 0.4422886902190029 0.8968727415326875 0
    outer loop
      vertex 23.125 8.484455543377232 4
      vertex 23.330303993361092 8.383210818105248 0
      vertex 23.125 8.484455543377232 0
    endloop
  endfacet
  facet normal 0.32143946530315626 0.9469301294951075 0
    outer loop
      vertex 23.330303993361092 8.383210818105248 4
      vertex 23.54706667107059 8.309629803994131 0
      vertex 23.330303993361092 8.383210818105248 0
    endloop
  endfacet
  facet normal 0.19509032201613072 0.98078528040323 0
    outer loop
      vertex 23.54706667107059 8.309629803994131 4
      vertex 23.77157916361491 8.264971492595832 0
      vertex 23.54706667107059 8.309629803994131 0
    endloop
  endfacet
  facet normal 0.06540312923014277 0.9978589232386035 0
    outer loop
      vertex 23.77157916361491 8.264971492595832 4
      vertex 24 8.25 0
      vertex 23.77157916361491 8.264971492595832 0
    endloop
  endfacet
  facet normal 0.8968727415326859 0.4422886902190061 0
    outer loop
      vertex 22.383210818105248 9.330303993361094 4
      vertex 22.484455543377234 9.125 0
      vertex 22.383210818105248 9.330303993361094 0
    endloop
  endfacet
  facet normal 0.9469301294951067 0.3214394653031586 0
    outer loop
      vertex 22.30962980399413 9.547066671070588 4
      vertex 22.383210818105248 9.330303993361094 0
      vertex 22.30962980399413 9.547066671070588 0
    endloop
  endfacet
  facet normal 0.9807852804032314 0.19509032201612325 0
    outer loop
      vertex 22.264971492595834 9.77157916361491 4
      vertex 22.30962980399413 9.547066671070588 0
      vertex 22.264971492595834 9.77157916361491 0
    endloop
  endfacet
  facet normal 0.997858923238603 0.0654031292301505 0
    outer loop
      vertex 22.25 10 4
      vertex 22.264971492595834 9.77157916361491 0
      vertex 22.25 10 0
    endloop
  endfacet
  facet normal 0.997858923238603 -0.0654031292301505 0
    outer loop
      vertex 22.264971492595834 10.22842083638509 4
      vertex 22.25 10 0
      vertex 22.264971492595834 10.22842083638509 0
    endloop
  endfacet
  facet normal 0.9807852804032314 -0.19509032201612325 0
    outer loop
      vertex 22.30962980399413 10.452933328929412 4
      vertex 22.264971492595834 10.22842083638509 0
      vertex 22.30962980399413 10.452933328929412 0
    endloop
  endfacet
  facet normal 0.8314696123025487 0.5555702330195971 0
    outer loop
      vertex 22.484455543377234 9.125 4
      vertex 22.61163165449034 8.934667499234738 0
      vertex 22.484455543377234 9.125 0
    endloop
  endfacet
  facet normal 0.9469301294951067 -0.3214394653031586 0
    outer loop
      vertex 22.383210818105248 10.669696006638906 4
      vertex 22.30962980399413 10.452933328929412 0
      vertex 22.383210818105248 10.669696006638906 0
    endloop
  endfacet
  facet normal 0.8968727415326859 -0.4422886902190061 0
    outer loop
      vertex 22.484455543377234 10.875 4
      vertex 22.383210818105248 10.669696006638906 0
      vertex 22.484455543377234 10.875 0
    endloop
  endfacet
  facet normal 0.8314696123025487 -0.5555702330195971 0
    outer loop
      vertex 22.61163165449034 11.065332500765262 4
      vertex 22.484455543377234 10.875 0
      vertex 22.61163165449034 11.065332500765262 0
    endloop
  endfacet
  facet normal 0.7518398074789732 -0.6593458151000737 0
    outer loop
      vertex 22.762563132923542 11.237436867076458 4
      vertex 22.61163165449034 11.065332500765262 0
      vertex 22.762563132923542 11.237436867076458 0
    endloop
  endfacet
  facet normal 0.6593458151000737 -0.7518398074789732 0
    outer loop
      vertex 22.934667499234738 11.388368345509662 4
      vertex 22.762563132923542 11.237436867076458 0
      vertex 22.934667499234738 11.388368345509662 0
    endloop
  endfacet
  facet normal 0.5555702330196024 -0.8314696123025451 0
    outer loop
      vertex 23.125 11.515544456622768 4
      vertex 22.934667499234738 11.388368345509662 0
      vertex 23.125 11.515544456622768 0
    endloop
  endfacet
  facet normal 0.4422886902190029 -0.8968727415326875 0
    outer loop
      vertex 23.330303993361092 11.616789181894752 4
      vertex 23.125 11.515544456622768 0
      vertex 23.330303993361092 11.616789181894752 0
    endloop
  endfacet
  facet normal 0.32143946530315626 -0.9469301294951075 0
    outer loop
      vertex 23.54706667107059 11.690370196005869 4
      vertex 23.330303993361092 11.616789181894752 0
      vertex 23.54706667107059 11.690370196005869 0
    endloop
  endfacet
  facet normal 0.19509032201613072 -0.98078528040323 0
    outer loop
      vertex 23.77157916361491 11.735028507404168 4
      vertex 23.54706667107059 11.690370196005869 0
      vertex 23.77157916361491 11.735028507404168 0
    endloop
  endfacet
  facet normal 0.06540312923014277 -0.9978589232386035 0
    outer loop
      vertex 24 11.75 4
      vertex 23.77157916361491 11.735028507404168 0
      vertex 24 11.75 0
    endloop
  endfacet
  facet normal -0.06540312923014277 0.9978589232386035 0
    outer loop
      vertex 24 8.25 4
      vertex 24.22842083638509 8.264971492595832 0
      vertex 24 8.25 0
    endloop
  endfacet
  facet normal -0.19509032201613072 0.98078528040323 0
    outer loop
      vertex 24.22842083638509 8.264971492595832 4
      vertex 24.45293332892941 8.309629803994131 0
      vertex 24.22842083638509 8.264971492595832 0
    endloop
  endfacet
  facet normal -0.32143946530315626 0.9469301294951075 0
    outer loop
      vertex 24.45293332892941 8.309629803994131 4
      vertex 24.669696006638908 8.383210818105248 0
      vertex 24.45293332892941 8.309629803994131 0
    endloop
  endfacet
  facet normal -0.4422886902190029 0.8968727415326875 0
    outer loop
      vertex 24.669696006638908 8.383210818105248 4
      vertex 24.875 8.484455543377232 0
      vertex 24.669696006638908 8.383210818105248 0
    endloop
  endfacet
  facet normal -0.5555702330196024 0.8314696123025451 0
    outer loop
      vertex 24.875 8.484455543377232 4
      vertex 25.065332500765262 8.611631654490338 0
      vertex 24.875 8.484455543377232 0
    endloop
  endfacet
  facet normal -0.6593458151000737 0.7518398074789732 0
    outer loop
      vertex 25.065332500765262 8.611631654490338 4
      vertex 25.237436867076458 8.762563132923542 0
      vertex 25.065332500765262 8.611631654490338 0
    endloop
  endfacet
  facet normal -0.7518398074789732 0.6593458151000737 0
    outer loop
      vertex 25.237436867076458 8.762563132923542 0
      vertex 25.237436867076458 8.762563132923542 4
      vertex 25.38836834550966 8.934667499234738 0
    endloop
  endfacet
  facet normal -0.8314696123025487 0.5555702330195971 0
    outer loop
      vertex 25.38836834550966 8.934667499234738 4
      vertex 25.515544456622766 9.125 0
      vertex 25.38836834550966 8.934667499234738 0
    endloop
  endfacet
  facet normal -0.06540312923014277 -0.9978589232386035 0
    outer loop
      vertex 24.22842083638509 11.735028507404168 0
      vertex 24.22842083638509 11.735028507404168 4
      vertex 24 11.75 0
    endloop
  endfacet
  facet normal -0.19509032201613072 -0.98078528040323 0
    outer loop
      vertex 24.45293332892941 11.690370196005869 0
      vertex 24.45293332892941 11.690370196005869 4
      vertex 24.22842083638509 11.735028507404168 0
    endloop
  endfacet
  facet normal -0.32143946530315626 -0.9469301294951075 0
    outer loop
      vertex 24.669696006638908 11.616789181894752 0
      vertex 24.669696006638908 11.616789181894752 4
      vertex 24.45293332892941 11.690370196005869 0
    endloop
  endfacet
  facet normal -0.4422886902190029 -0.8968727415326875 0
    outer loop
      vertex 24.875 11.515544456622768 0
      vertex 24.875 11.515544456622768 4
      vertex 24.669696006638908 11.616789181894752 0
    endloop
  endfacet
  facet normal -0.8968727415326859 0.4422886902190061 0
    outer loop
      vertex 25.515544456622766 9.125 4
      vertex 25.616789181894752 9.330303993361094 0
      vertex 25.515544456622766 9.125 0
    endloop
  endfacet
  facet normal -0.9469301294951067 0.3214394653031586 0
    outer loop
      vertex 25.616789181894752 9.330303993361094 4
      vertex 25.69037019600587 9.547066671070588 0
      vertex 25.616789181894752 9.330303993361094 0
    endloop
  endfacet
  facet normal -0.9807852804032314 0.19509032201612325 0
    outer loop
      vertex 25.735028507404166 9.77157916361491 0
      vertex 25.69037019600587 9.547066671070588 0
      vertex 25.69037019600587 9.547066671070588 4
    endloop
  endfacet
  facet normal -0.997858923238603 0.0654031292301505 0
    outer loop
      vertex 25.75 10 0
      vertex 25.735028507404166 9.77157916361491 0
      vertex 25.735028507404166 9.77157916361491 4
    endloop
  endfacet
  facet normal -0.997858923238603 -0.0654031292301505 0
    outer loop
      vertex 25.735028507404166 10.22842083638509 0
      vertex 25.75 10 0
      vertex 25.75 10 4
    endloop
  endfacet
  facet normal -0.9807852804032314 -0.19509032201612325 0
    outer loop
      vertex 25.69037019600587 10.452933328929412 0
      vertex 25.735028507404166 10.22842083638509 0
      vertex 25.735028507404166 10.22842083638509 4
    endloop
  endfacet
  facet normal -0.7518398074789732 -0.6593458151000737 0
    outer loop
      vertex 25.237436867076458 11.237436867076458 0
      vertex 25.38836834550966 11.065332500765262 0
      vertex 25.38836834550966 11.065332500765262 4
    endloop
  endfacet
  facet normal -0.8314696123025487 -0.5555702330195971 0
    outer loop
      vertex 25.38836834550966 11.065332500765262 0
      vertex 25.515544456622766 10.875 0
      vertex 25.515544456622766 10.875 4
    endloop
  endfacet
  facet normal -0.5555702330196024 -0.8314696123025451 0
    outer loop
      vertex 25.065332500765262 11.388368345509662 0
      vertex 25.065332500765262 11.388368345509662 4
      vertex 24.875 11.515544456622768 0
    endloop
  endfacet
  facet normal -0.6593458151000737 -0.7518398074789732 0
    outer loop
      vertex 25.237436867076458 11.237436867076458 0
      vertex 25.237436867076458 11.237436867076458 4
      vertex 25.065332500765262 11.388368345509662 0
    endloop
  endfacet
  facet normal -0.8968727415326859 -0.4422886902190061 0
    outer loop
      vertex 25.515544456622766 10.875 0
      vertex 25.616789181894752 10.669696006638906 0
      vertex 25.616789181894752 10.669696006638906 4
    endloop
  endfacet
  facet normal -0.9469301294951067 -0.3214394653031586 0
    outer loop
      vertex 25.616789181894752 10.669696006638906 0
      vertex 25.69037019600587 10.452933328929412 0
      vertex 25.69037019600587 10.452933328929412 4
    endloop
  endfacet
  facet normal 0.8314696123025487 0.5555702330195971 0
    outer loop
      vertex 22.484455543377234 9.125 4
      vertex 22.61163165449034 8.934667499234738 4
      vertex 22.61163165449034 8.934667499234738 0
    endloop
  endfacet
  facet normal 0.7518398074789732 0.6593458151000737 0
    outer loop
      vertex 22.61163165449034 8.934667499234738 4
      vertex 22.762563132923542 8.762563132923542 4
      vertex 22.762563132923542 8.762563132923542 0
    endloop
  endfacet
  facet normal 0.6593458151000737 0.7518398074789732 0
    outer loop
      vertex 22.934667499234738 8.611631654490338 4
      vertex 22.934667499234738 8.611631654490338 0
      vertex 22.762563132923542 8.762563132923542 4
    endloop
  endfacet
  facet normal 0.5555702330196024 0.8314696123025451 0
    outer loop
      vertex 23.125 8.484455543377232 4
      vertex 23.125 8.484455543377232 0
      vertex 22.934667499234738 8.611631654490338 4
    endloop
  endfacet
  facet normal 0.4422886902190029 0.8968727415326875 0
    outer loop
      vertex 23.330303993361092 8.383210818105248 4
      vertex 23.330303993361092 8.383210818105248 0
      vertex 23.125 8.484455543377232 4
    endloop
  endfacet
  facet normal 0.32143946530315626 0.9469301294951075 0
    outer loop
      vertex 23.54706667107059 8.309629803994131 4
      vertex 23.54706667107059 8.309629803994131 0
      vertex 23.330303993361092 8.383210818105248 4
    endloop
  endfacet
  facet normal 0.19509032201613072 0.98078528040323 0
    outer loop
      vertex 23.77157916361491 8.264971492595832 4
      vertex 23.77157916361491 8.264971492595832 0
      vertex 23.54706667107059 8.309629803994131 4
    endloop
  endfacet
  facet normal 0.06540312923014277 0.9978589232386035 0
    outer loop
      vertex 24 8.25 4
      vertex 24 8.25 0
      vertex 23.77157916361491 8.264971492595832 4
    endloop
  endfacet
  facet normal 0.8968727415326859 0.4422886902190061 0
    outer loop
      vertex 22.383210818105248 9.330303993361094 4
      vertex 22.484455543377234 9.125 4
      vertex 22.484455543377234 9.125 0
    endloop
  endfacet
  facet normal 0.9469301294951067 0.3214394653031586 0
    outer loop
      vertex 22.30962980399413 9.547066671070588 4
      vertex 22.383210818105248 9.330303993361094 4
      vertex 22.383210818105248 9.330303993361094 0
    endloop
  endfacet
  facet normal 0.9807852804032314 0.19509032201612325 0
    outer loop
      vertex 22.264971492595834 9.77157916361491 4
      vertex 22.30962980399413 9.547066671070588 4
      vertex 22.30962980399413 9.547066671070588 0
    endloop
  endfacet
  facet normal 0.997858923238603 0.0654031292301505 0
    outer loop
      vertex 22.25 10 4
      vertex 22.264971492595834 9.77157916361491 4
      vertex 22.264971492595834 9.77157916361491 0
    endloop
  endfacet
  facet normal 0.997858923238603 -0.0654031292301505 0
    outer loop
      vertex 22.264971492595834 10.22842083638509 4
      vertex 22.25 10 4
      vertex 22.25 10 0
    endloop
  endfacet
  facet normal 0.9807852804032314 -0.19509032201612325 0
    outer loop
      vertex 22.30962980399413 10.452933328929412 4
      vertex 22.264971492595834 10.22842083638509 4
      vertex 22.264971492595834 10.22842083638509 0
    endloop
  endfacet
  facet normal 0.9469301294951067 -0.3214394653031586 0
    outer loop
      vertex 22.383210818105248 10.669696006638906 4
      vertex 22.30962980399413 10.452933328929412 4
      vertex 22.30962980399413 10.452933328929412 0
    endloop
  endfacet
  facet normal 0.8968727415326859 -0.4422886902190061 0
    outer loop
      vertex 22.484455543377234 10.875 4
      vertex 22.383210818105248 10.669696006638906 4
      vertex 22.383210818105248 10.669696006638906 0
    endloop
  endfacet
  facet normal 0.8314696123025487 -0.5555702330195971 0
    outer loop
      vertex 22.61163165449034 11.065332500765262 4
      vertex 22.484455543377234 10.875 4
      vertex 22.484455543377234 10.875 0
    endloop
  endfacet
  facet normal 0.7518398074789732 -0.6593458151000737 0
    outer loop
      vertex 22.762563132923542 11.237436867076458 4
      vertex 22.61163165449034 11.065332500765262 4
      vertex 22.61163165449034 11.065332500765262 0
    endloop
  endfacet
  facet normal 0.6593458151000737 -0.7518398074789732 0
    outer loop
      vertex 22.762563132923542 11.237436867076458 4
      vertex 22.762563132923542 11.237436867076458 0
      vertex 22.934667499234738 11.388368345509662 4
    endloop
  endfacet
  facet normal 0.5555702330196024 -0.8314696123025451 0
    outer loop
      vertex 22.934667499234738 11.388368345509662 4
      vertex 22.934667499234738 11.388368345509662 0
      vertex 23.125 11.515544456622768 4
    endloop
  endfacet
  facet normal 0.4422886902190029 -0.8968727415326875 0
    outer loop
      vertex 23.125 11.515544456622768 4
      vertex 23.125 11.515544456622768 0
      vertex 23.330303993361092 11.616789181894752 4
    endloop
  endfacet
  facet normal 0.32143946530315626 -0.9469301294951075 0
    outer loop
      vertex 23.330303993361092 11.616789181894752 4
      vertex 23.330303993361092 11.616789181894752 0
      vertex 23.54706667107059 11.690370196005869 4
    endloop
  endfacet
  facet normal 0.19509032201613072 -0.98078528040323 0
    outer loop
      vertex 23.54706667107059 11.690370196005869 4
      vertex 23.54706667107059 11.690370196005869 0
      vertex 23.77157916361491 11.735028507404168 4
    endloop
  endfacet
  facet normal 0.06540312923014277 -0.9978589232386035 0
    outer loop
      vertex 23.77157916361491 11.735028507404168 4
      vertex 23.77157916361491 11.735028507404168 0
      vertex 24 11.75 4
    endloop
  endfacet
  facet normal -0.06540312923014277 0.9978589232386035 0
    outer loop
      vertex 24.22842083638509 8.264971492595832 4
      vertex 24.22842083638509 8.264971492595832 0
      vertex 24 8.25 4
    endloop
  endfacet
  facet normal -0.19509032201613072 0.98078528040323 0
    outer loop
      vertex 24.45293332892941 8.309629803994131 4
      vertex 24.45293332892941 8.309629803994131 0
      vertex 24.22842083638509 8.264971492595832 4
    endloop
  endfacet
  facet normal -0.32143946530315626 0.9469301294951075 0
    outer loop
      vertex 24.669696006638908 8.383210818105248 4
      vertex 24.669696006638908 8.383210818105248 0
      vertex 24.45293332892941 8.309629803994131 4
    endloop
  endfacet
  facet normal -0.4422886902190029 0.8968727415326875 0
    outer loop
      vertex 24.875 8.484455543377232 4
      vertex 24.875 8.484455543377232 0
      vertex 24.669696006638908 8.383210818105248 4
    endloop
  endfacet
  facet normal -0.5555702330196024 0.8314696123025451 0
    outer loop
      vertex 25.065332500765262 8.611631654490338 4
      vertex 25.065332500765262 8.611631654490338 0
      vertex 24.875 8.484455543377232 4
    endloop
  endfacet
  facet normal -0.6593458151000737 0.7518398074789732 0
    outer loop
      vertex 25.237436867076458 8.762563132923542 4
      vertex 25.237436867076458 8.762563132923542 0
      vertex 25.065332500765262 8.611631654490338 4
    endloop
  endfacet
  facet normal -0.7518398074789732 0.6593458151000737 0
    outer loop
      vertex 25.237436867076458 8.762563132923542 4
      vertex 25.38836834550966 8.934667499234738 4
      vertex 25.38836834550966 8.934667499234738 0
    endloop
  endfacet
  facet normal -0.06540312923014277 -0.9978589232386035 0
    outer loop
      vertex 24 11.75 4
      vertex 24 11.75 0
      vertex 24.22842083638509 11.735028507404168 4
    endloop
  endfacet
  facet normal -0.19509032201613072 -0.98078528040323 0
    outer loop
      vertex 24.22842083638509 11.735028507404168 0
      vertex 24.45293332892941 11.690370196005869 4
      vertex 24.22842083638509 11.735028507404168 4
    endloop
  endfacet
  facet normal -0.4422886902190029 -0.8968727415326875 0
    outer loop
      vertex 24.669696006638908 11.616789181894752 0
      vertex 24.875 11.515544456622768 4
      vertex 24.669696006638908 11.616789181894752 4
    endloop
  endfacet
  facet normal -0.32143946530315626 -0.9469301294951075 0
    outer loop
      vertex 24.45293332892941 11.690370196005869 0
      vertex 24.669696006638908 11.616789181894752 4
      vertex 24.45293332892941 11.690370196005869 4
    endloop
  endfacet
  facet normal -0.5555702330196024 -0.8314696123025451 0
    outer loop
      vertex 24.875 11.515544456622768 0
      vertex 25.065332500765262 11.388368345509662 4
      vertex 24.875 11.515544456622768 4
    endloop
  endfacet
  facet normal -0.8314696123025487 0.5555702330195971 0
    outer loop
      vertex 25.38836834550966 8.934667499234738 4
      vertex 25.515544456622766 9.125 4
      vertex 25.515544456622766 9.125 0
    endloop
  endfacet
  facet normal -0.8968727415326859 0.4422886902190061 0
    outer loop
      vertex 25.515544456622766 9.125 4
      vertex 25.616789181894752 9.330303993361094 4
      vertex 25.616789181894752 9.330303993361094 0
    endloop
  endfacet
  facet normal -0.9469301294951067 0.3214394653031586 0
    outer loop
      vertex 25.616789181894752 9.330303993361094 4
      vertex 25.69037019600587 9.547066671070588 4
      vertex 25.69037019600587 9.547066671070588 0
    endloop
  endfacet
  facet normal -0.9807852804032314 0.19509032201612325 0
    outer loop
      vertex 25.735028507404166 9.77157916361491 0
      vertex 25.69037019600587 9.547066671070588 4
      vertex 25.735028507404166 9.77157916361491 4
    endloop
  endfacet
  facet normal -0.997858923238603 0.0654031292301505 0
    outer loop
      vertex 25.75 10 0
      vertex 25.735028507404166 9.77157916361491 4
      vertex 25.75 10 4
    endloop
  endfacet
  facet normal -0.997858923238603 -0.0654031292301505 0
    outer loop
      vertex 25.735028507404166 10.22842083638509 0
      vertex 25.75 10 4
      vertex 25.735028507404166 10.22842083638509 4
    endloop
  endfacet
  facet normal -0.9807852804032314 -0.19509032201612325 0
    outer loop
      vertex 25.69037019600587 10.452933328929412 0
      vertex 25.735028507404166 10.22842083638509 4
      vertex 25.69037019600587 10.452933328929412 4
    endloop
  endfacet
  facet normal -0.7518398074789732 -0.6593458151000737 0
    outer loop
      vertex 25.237436867076458 11.237436867076458 0
      vertex 25.38836834550966 11.065332500765262 4
      vertex 25.237436867076458 11.237436867076458 4
    endloop
  endfacet
  facet normal -0.8314696123025487 -0.5555702330195971 0
    outer loop
      vertex 25.38836834550966 11.065332500765262 0
      vertex 25.515544456622766 10.875 4
      vertex 25.38836834550966 11.065332500765262 4
    endloop
  endfacet
  facet normal -0.6593458151000737 -0.7518398074789732 0
    outer loop
      vertex 25.065332500765262 11.388368345509662 0
      vertex 25.237436867076458 11.237436867076458 4
      vertex 25.065332500765262 11.388368345509662 4
    endloop
  endfacet
  facet normal -0.8968727415326859 -0.4422886902190061 0
    outer loop
      vertex 25.515544456622766 10.875 0
      vertex 25.616789181894752 10.669696006638906 4
      vertex 25.515544456622766 10.875 4
    endloop
  endfacet
  facet normal -0.9469301294951067 -0.3214394653031586 0
    outer loop
      vertex 25.616789181894752 10.669696006638906 0
      vertex 25.69037019600587 10.452933328929412 4
      vertex 25.616789181894752 10.669696006638906 4
    endloop
  endfacet
  facet normal 0.9469301294951075 0.32143946530315626 0
    outer loop
      vertex 22.383210818105248 37.33030399336109 0
      vertex 22.30962980399413 37.54706667107059 0
      vertex 22.30962980399413 37.54706667107059 4
    endloop
  endfacet
  facet normal 0.8968727415326845 0.4422886902190092 0
    outer loop
      vertex 22.484455543377234 37.125 0
      vertex 22.383210818105248 37.33030399336109 0
      vertex 22.383210818105248 37.33030399336109 4
    endloop
  endfacet
  facet normal 0.659345815100065 0.7518398074789808 0
    outer loop
      vertex 22.934667499234738 36.61163165449034 0
      vertex 22.762563132923542 36.76256313292354 0
      vertex 22.762563132923542 36.76256313292354 4
    endloop
  endfacet
  facet normal 0.5555702330196078 0.8314696123025415 0
    outer loop
      vertex 22.934667499234738 36.61163165449034 0
      vertex 22.934667499234738 36.61163165449034 4
      vertex 23.125 36.48445554337723 0
    endloop
  endfacet
  facet normal 0.8314696123025439 0.5555702330196043 0
    outer loop
      vertex 22.61163165449034 36.93466749923474 0
      vertex 22.484455543377234 37.125 0
      vertex 22.484455543377234 37.125 4
    endloop
  endfacet
  facet normal 0.7518398074789867 0.6593458151000583 0
    outer loop
      vertex 22.762563132923542 36.76256313292354 0
      vertex 22.61163165449034 36.93466749923474 0
      vertex 22.61163165449034 36.93466749923474 4
    endloop
  endfacet
  facet normal 0.9807852804032314 0.19509032201612325 0
    outer loop
      vertex 22.30962980399413 37.54706667107059 0
      vertex 22.264971492595834 37.77157916361491 0
      vertex 22.264971492595834 37.77157916361491 4
    endloop
  endfacet
  facet normal 0.997858923238603 0.0654031292301505 0
    outer loop
      vertex 22.264971492595834 37.77157916361491 0
      vertex 22.25 38 0
      vertex 22.25 38 4
    endloop
  endfacet
  facet normal 0.997858923238603 -0.0654031292301505 0
    outer loop
      vertex 22.25 38 0
      vertex 22.264971492595834 38.22842083638509 0
      vertex 22.264971492595834 38.22842083638509 4
    endloop
  endfacet
  facet normal 0.9807852804032314 -0.19509032201612325 0
    outer loop
      vertex 22.264971492595834 38.22842083638509 0
      vertex 22.30962980399413 38.45293332892941 0
      vertex 22.30962980399413 38.45293332892941 4
    endloop
  endfacet
  facet normal 0.9469301294951075 -0.32143946530315626 0
    outer loop
      vertex 22.30962980399413 38.45293332892941 0
      vertex 22.383210818105248 38.66969600663891 0
      vertex 22.383210818105248 38.66969600663891 4
    endloop
  endfacet
  facet normal 0.8968727415326845 -0.4422886902190092 0
    outer loop
      vertex 22.383210818105248 38.66969600663891 0
      vertex 22.484455543377234 38.875 0
      vertex 22.484455543377234 38.875 4
    endloop
  endfacet
  facet normal 0.4422886902189967 0.8968727415326906 0
    outer loop
      vertex 23.125 36.48445554337723 0
      vertex 23.125 36.48445554337723 4
      vertex 23.330303993361092 36.38321081810525 0
    endloop
  endfacet
  facet normal 0.32143946530317014 0.9469301294951027 0
    outer loop
      vertex 23.330303993361092 36.38321081810525 0
      vertex 23.330303993361092 36.38321081810525 4
      vertex 23.54706667107059 36.30962980399413 0
    endloop
  endfacet
  facet normal 0.19509032201610832 0.9807852804032344 0
    outer loop
      vertex 23.54706667107059 36.30962980399413 0
      vertex 23.54706667107059 36.30962980399413 4
      vertex 23.77157916361491 36.26497149259583 0
    endloop
  endfacet
  facet normal 0.0654031292301505 0.997858923238603 0
    outer loop
      vertex 23.77157916361491 36.26497149259583 0
      vertex 23.77157916361491 36.26497149259583 4
      vertex 24 36.25 0
    endloop
  endfacet
  facet normal 0.8314696123025439 -0.5555702330196043 0
    outer loop
      vertex 22.484455543377234 38.875 0
      vertex 22.61163165449034 39.06533250076526 0
      vertex 22.61163165449034 39.06533250076526 4
    endloop
  endfacet
  facet normal 0.7518398074789867 -0.6593458151000583 0
    outer loop
      vertex 22.61163165449034 39.06533250076526 0
      vertex 22.762563132923542 39.23743686707646 0
      vertex 22.762563132923542 39.23743686707646 4
    endloop
  endfacet
  facet normal 0.659345815100065 -0.7518398074789808 0
    outer loop
      vertex 22.934667499234738 39.38836834550966 0
      vertex 22.934667499234738 39.38836834550966 4
      vertex 22.762563132923542 39.23743686707646 0
    endloop
  endfacet
  facet normal 0.5555702330196078 -0.8314696123025415 0
    outer loop
      vertex 23.125 39.51554445662277 0
      vertex 23.125 39.51554445662277 4
      vertex 22.934667499234738 39.38836834550966 0
    endloop
  endfacet
  facet normal 0.4422886902189967 -0.8968727415326906 0
    outer loop
      vertex 23.330303993361092 39.61678918189475 0
      vertex 23.330303993361092 39.61678918189475 4
      vertex 23.125 39.51554445662277 0
    endloop
  endfacet
  facet normal 0.32143946530317014 -0.9469301294951027 0
    outer loop
      vertex 23.54706667107059 39.69037019600587 0
      vertex 23.54706667107059 39.69037019600587 4
      vertex 23.330303993361092 39.61678918189475 0
    endloop
  endfacet
  facet normal 0.19509032201610832 -0.9807852804032344 0
    outer loop
      vertex 23.77157916361491 39.73502850740417 0
      vertex 23.77157916361491 39.73502850740417 4
      vertex 23.54706667107059 39.69037019600587 0
    endloop
  endfacet
  facet normal 0.0654031292301505 -0.997858923238603 0
    outer loop
      vertex 24 39.75 0
      vertex 24 39.75 4
      vertex 23.77157916361491 39.73502850740417 0
    endloop
  endfacet
  facet normal -0.0654031292301505 0.997858923238603 0
    outer loop
      vertex 24 36.25 0
      vertex 24 36.25 4
      vertex 24.22842083638509 36.26497149259583 0
    endloop
  endfacet
  facet normal -0.19509032201610832 0.9807852804032344 0
    outer loop
      vertex 24.22842083638509 36.26497149259583 0
      vertex 24.22842083638509 36.26497149259583 4
      vertex 24.45293332892941 36.30962980399413 0
    endloop
  endfacet
  facet normal -0.32143946530317014 0.9469301294951027 0
    outer loop
      vertex 24.45293332892941 36.30962980399413 0
      vertex 24.45293332892941 36.30962980399413 4
      vertex 24.669696006638908 36.38321081810525 0
    endloop
  endfacet
  facet normal -0.4422886902189967 0.8968727415326906 0
    outer loop
      vertex 24.669696006638908 36.38321081810525 0
      vertex 24.669696006638908 36.38321081810525 4
      vertex 24.875 36.48445554337723 0
    endloop
  endfacet
  facet normal -0.5555702330196078 0.8314696123025415 0
    outer loop
      vertex 24.875 36.48445554337723 0
      vertex 24.875 36.48445554337723 4
      vertex 25.065332500765262 36.61163165449034 0
    endloop
  endfacet
  facet normal -0.659345815100065 0.7518398074789808 0
    outer loop
      vertex 25.065332500765262 36.61163165449034 0
      vertex 25.065332500765262 36.61163165449034 4
      vertex 25.237436867076458 36.76256313292354 0
    endloop
  endfacet
  facet normal -0.7518398074789867 0.6593458151000583 0
    outer loop
      vertex 25.237436867076458 36.76256313292354 0
      vertex 25.237436867076458 36.76256313292354 4
      vertex 25.38836834550966 36.93466749923474 0
    endloop
  endfacet
  facet normal -0.8314696123025439 0.5555702330196043 0
    outer loop
      vertex 25.515544456622766 37.125 0
      vertex 25.38836834550966 36.93466749923474 0
      vertex 25.38836834550966 36.93466749923474 4
    endloop
  endfacet
  facet normal -0.8968727415326845 0.4422886902190092 0
    outer loop
      vertex 25.616789181894752 37.33030399336109 0
      vertex 25.515544456622766 37.125 0
      vertex 25.515544456622766 37.125 4
    endloop
  endfacet
  facet normal -0.9469301294951075 0.32143946530315626 0
    outer loop
      vertex 25.69037019600587 37.54706667107059 0
      vertex 25.616789181894752 37.33030399336109 0
      vertex 25.616789181894752 37.33030399336109 4
    endloop
  endfacet
  facet normal -0.8314696123025439 -0.5555702330196043 0
    outer loop
      vertex 25.38836834550966 39.06533250076526 0
      vertex 25.515544456622766 38.875 0
      vertex 25.515544456622766 38.875 4
    endloop
  endfacet
  facet normal -0.9807852804032314 0.19509032201612325 0
    outer loop
      vertex 25.735028507404166 37.77157916361491 0
      vertex 25.69037019600587 37.54706667107059 0
      vertex 25.69037019600587 37.54706667107059 4
    endloop
  endfacet
  facet normal -0.997858923238603 0.0654031292301505 0
    outer loop
      vertex 25.75 38 0
      vertex 25.735028507404166 37.77157916361491 0
      vertex 25.735028507404166 37.77157916361491 4
    endloop
  endfacet
  facet normal -0.997858923238603 -0.0654031292301505 0
    outer loop
      vertex 25.735028507404166 38.22842083638509 0
      vertex 25.75 38 0
      vertex 25.75 38 4
    endloop
  endfacet
  facet normal -0.9807852804032314 -0.19509032201612325 0
    outer loop
      vertex 25.69037019600587 38.45293332892941 0
      vertex 25.735028507404166 38.22842083638509 0
      vertex 25.735028507404166 38.22842083638509 4
    endloop
  endfacet
  facet normal -0.9469301294951075 -0.32143946530315626 0
    outer loop
      vertex 25.616789181894752 38.66969600663891 0
      vertex 25.69037019600587 38.45293332892941 0
      vertex 25.69037019600587 38.45293332892941 4
    endloop
  endfacet
  facet normal -0.8968727415326845 -0.4422886902190092 0
    outer loop
      vertex 25.515544456622766 38.875 0
      vertex 25.616789181894752 38.66969600663891 0
      vertex 25.616789181894752 38.66969600663891 4
    endloop
  endfacet
  facet normal -0.0654031292301505 -0.997858923238603 0
    outer loop
      vertex 24.22842083638509 39.73502850740417 0
      vertex 24.22842083638509 39.73502850740417 4
      vertex 24 39.75 0
    endloop
  endfacet
  facet normal -0.19509032201610832 -0.9807852804032344 0
    outer loop
      vertex 24.45293332892941 39.69037019600587 0
      vertex 24.45293332892941 39.69037019600587 4
      vertex 24.22842083638509 39.73502850740417 0
    endloop
  endfacet
  facet normal -0.32143946530317014 -0.9469301294951027 0
    outer loop
      vertex 24.669696006638908 39.61678918189475 0
      vertex 24.669696006638908 39.61678918189475 4
      vertex 24.45293332892941 39.69037019600587 0
    endloop
  endfacet
  facet normal -0.4422886902189967 -0.8968727415326906 0
    outer loop
      vertex 24.875 39.51554445662277 0
      vertex 24.875 39.51554445662277 4
      vertex 24.669696006638908 39.61678918189475 0
    endloop
  endfacet
  facet normal -0.659345815100065 -0.7518398074789808 0
    outer loop
      vertex 25.237436867076458 39.23743686707646 0
      vertex 25.237436867076458 39.23743686707646 4
      vertex 25.065332500765262 39.38836834550966 0
    endloop
  endfacet
  facet normal -0.5555702330196078 -0.8314696123025415 0
    outer loop
      vertex 25.065332500765262 39.38836834550966 0
      vertex 25.065332500765262 39.38836834550966 4
      vertex 24.875 39.51554445662277 0
    endloop
  endfacet
  facet normal -0.7518398074789867 -0.6593458151000583 0
    outer loop
      vertex 25.237436867076458 39.23743686707646 0
      vertex 25.38836834550966 39.06533250076526 0
      vertex 25.38836834550966 39.06533250076526 4
    endloop
  endfacet
  facet normal 0.9469301294951075 0.32143946530315626 0
    outer loop
      vertex 22.383210818105248 37.33030399336109 0
      vertex 22.30962980399413 37.54706667107059 4
      vertex 22.383210818105248 37.33030399336109 4
    endloop
  endfacet
  facet normal 0.8968727415326845 0.4422886902190092 0
    outer loop
      vertex 22.484455543377234 37.125 0
      vertex 22.383210818105248 37.33030399336109 4
      vertex 22.484455543377234 37.125 4
    endloop
  endfacet
  facet normal 0.659345815100065 0.7518398074789808 0
    outer loop
      vertex 22.934667499234738 36.61163165449034 0
      vertex 22.762563132923542 36.76256313292354 4
      vertex 22.934667499234738 36.61163165449034 4
    endloop
  endfacet
  facet normal 0.8314696123025439 0.5555702330196043 0
    outer loop
      vertex 22.61163165449034 36.93466749923474 0
      vertex 22.484455543377234 37.125 4
      vertex 22.61163165449034 36.93466749923474 4
    endloop
  endfacet
  facet normal 0.7518398074789867 0.6593458151000583 0
    outer loop
      vertex 22.762563132923542 36.76256313292354 0
      vertex 22.61163165449034 36.93466749923474 4
      vertex 22.762563132923542 36.76256313292354 4
    endloop
  endfacet
  facet normal 0.9807852804032314 0.19509032201612325 0
    outer loop
      vertex 22.30962980399413 37.54706667107059 0
      vertex 22.264971492595834 37.77157916361491 4
      vertex 22.30962980399413 37.54706667107059 4
    endloop
  endfacet
  facet normal 0.997858923238603 0.0654031292301505 0
    outer loop
      vertex 22.264971492595834 37.77157916361491 0
      vertex 22.25 38 4
      vertex 22.264971492595834 37.77157916361491 4
    endloop
  endfacet
  facet normal 0.997858923238603 -0.0654031292301505 0
    outer loop
      vertex 22.25 38 0
      vertex 22.264971492595834 38.22842083638509 4
      vertex 22.25 38 4
    endloop
  endfacet
  facet normal 0.9807852804032314 -0.19509032201612325 0
    outer loop
      vertex 22.264971492595834 38.22842083638509 0
      vertex 22.30962980399413 38.45293332892941 4
      vertex 22.264971492595834 38.22842083638509 4
    endloop
  endfacet
  facet normal 0.9469301294951075 -0.32143946530315626 0
    outer loop
      vertex 22.30962980399413 38.45293332892941 0
      vertex 22.383210818105248 38.66969600663891 4
      vertex 22.30962980399413 38.45293332892941 4
    endloop
  endfacet
  facet normal 0.8968727415326845 -0.4422886902190092 0
    outer loop
      vertex 22.383210818105248 38.66969600663891 0
      vertex 22.484455543377234 38.875 4
      vertex 22.383210818105248 38.66969600663891 4
    endloop
  endfacet
  facet normal 0.8314696123025439 -0.5555702330196043 0
    outer loop
      vertex 22.484455543377234 38.875 0
      vertex 22.61163165449034 39.06533250076526 4
      vertex 22.484455543377234 38.875 4
    endloop
  endfacet
  facet normal 0.5555702330196078 0.8314696123025415 0
    outer loop
      vertex 23.125 36.48445554337723 0
      vertex 22.934667499234738 36.61163165449034 4
      vertex 23.125 36.48445554337723 4
    endloop
  endfacet
  facet normal 0.32143946530317014 0.9469301294951027 0
    outer loop
      vertex 23.54706667107059 36.30962980399413 0
      vertex 23.330303993361092 36.38321081810525 4
      vertex 23.54706667107059 36.30962980399413 4
    endloop
  endfacet
  facet normal 0.4422886902189967 0.8968727415326906 0
    outer loop
      vertex 23.330303993361092 36.38321081810525 0
      vertex 23.125 36.48445554337723 4
      vertex 23.330303993361092 36.38321081810525 4
    endloop
  endfacet
  facet normal 0.19509032201610832 0.9807852804032344 0
    outer loop
      vertex 23.77157916361491 36.26497149259583 0
      vertex 23.54706667107059 36.30962980399413 4
      vertex 23.77157916361491 36.26497149259583 4
    endloop
  endfacet
  facet normal 0.0654031292301505 0.997858923238603 0
    outer loop
      vertex 24 36.25 0
      vertex 23.77157916361491 36.26497149259583 4
      vertex 24 36.25 4
    endloop
  endfacet
  facet normal 0.7518398074789867 -0.6593458151000583 0
    outer loop
      vertex 22.61163165449034 39.06533250076526 0
      vertex 22.762563132923542 39.23743686707646 4
      vertex 22.61163165449034 39.06533250076526 4
    endloop
  endfacet
  facet normal 0.659345815100065 -0.7518398074789808 0
    outer loop
      vertex 22.762563132923542 39.23743686707646 0
      vertex 22.934667499234738 39.38836834550966 4
      vertex 22.762563132923542 39.23743686707646 4
    endloop
  endfacet
  facet normal 0.5555702330196078 -0.8314696123025415 0
    outer loop
      vertex 22.934667499234738 39.38836834550966 0
      vertex 23.125 39.51554445662277 4
      vertex 22.934667499234738 39.38836834550966 4
    endloop
  endfacet
  facet normal 0.4422886902189967 -0.8968727415326906 0
    outer loop
      vertex 23.125 39.51554445662277 0
      vertex 23.330303993361092 39.61678918189475 4
      vertex 23.125 39.51554445662277 4
    endloop
  endfacet
  facet normal 0.32143946530317014 -0.9469301294951027 0
    outer loop
      vertex 23.330303993361092 39.61678918189475 0
      vertex 23.54706667107059 39.69037019600587 4
      vertex 23.330303993361092 39.61678918189475 4
    endloop
  endfacet
  facet normal 0.19509032201610832 -0.9807852804032344 0
    outer loop
      vertex 23.54706667107059 39.69037019600587 0
      vertex 23.77157916361491 39.73502850740417 4
      vertex 23.54706667107059 39.69037019600587 4
    endloop
  endfacet
  facet normal 0.0654031292301505 -0.997858923238603 0
    outer loop
      vertex 23.77157916361491 39.73502850740417 0
      vertex 24 39.75 4
      vertex 23.77157916361491 39.73502850740417 4
    endloop
  endfacet
  facet normal -0.0654031292301505 0.997858923238603 0
    outer loop
      vertex 24.22842083638509 36.26497149259583 0
      vertex 24 36.25 4
      vertex 24.22842083638509 36.26497149259583 4
    endloop
  endfacet
  facet normal -0.19509032201610832 0.9807852804032344 0
    outer loop
      vertex 24.45293332892941 36.30962980399413 0
      vertex 24.22842083638509 36.26497149259583 4
      vertex 24.45293332892941 36.30962980399413 4
    endloop
  endfacet
  facet normal -0.32143946530317014 0.9469301294951027 0
    outer loop
      vertex 24.669696006638908 36.38321081810525 0
      vertex 24.45293332892941 36.30962980399413 4
      vertex 24.669696006638908 36.38321081810525 4
    endloop
  endfacet
  facet normal -0.4422886902189967 0.8968727415326906 0
    outer loop
      vertex 24.875 36.48445554337723 0
      vertex 24.669696006638908 36.38321081810525 4
      vertex 24.875 36.48445554337723 4
    endloop
  endfacet
  facet normal -0.5555702330196078 0.8314696123025415 0
    outer loop
      vertex 25.065332500765262 36.61163165449034 0
      vertex 24.875 36.48445554337723 4
      vertex 25.065332500765262 36.61163165449034 4
    endloop
  endfacet
  facet normal -0.659345815100065 0.7518398074789808 0
    outer loop
      vertex 25.237436867076458 36.76256313292354 0
      vertex 25.065332500765262 36.61163165449034 4
      vertex 25.237436867076458 36.76256313292354 4
    endloop
  endfacet
  facet normal -0.7518398074789867 0.6593458151000583 0
    outer loop
      vertex 25.38836834550966 36.93466749923474 0
      vertex 25.237436867076458 36.76256313292354 4
      vertex 25.38836834550966 36.93466749923474 4
    endloop
  endfacet
  facet normal -0.8314696123025439 0.5555702330196043 0
    outer loop
      vertex 25.515544456622766 37.125 0
      vertex 25.38836834550966 36.93466749923474 4
      vertex 25.515544456622766 37.125 4
    endloop
  endfacet
  facet normal -0.8968727415326845 0.4422886902190092 0
    outer loop
      vertex 25.616789181894752 37.33030399336109 0
      vertex 25.515544456622766 37.125 4
      vertex 25.616789181894752 37.33030399336109 4
    endloop
  endfacet
  facet normal -0.9469301294951075 0.32143946530315626 0
    outer loop
      vertex 25.69037019600587 37.54706667107059 0
      vertex 25.616789181894752 37.33030399336109 4
      vertex 25.69037019600587 37.54706667107059 4
    endloop
  endfacet
  facet normal -0.9807852804032314 0.19509032201612325 0
    outer loop
      vertex 25.735028507404166 37.77157916361491 0
      vertex 25.69037019600587 37.54706667107059 4
      vertex 25.735028507404166 37.77157916361491 4
    endloop
  endfacet
  facet normal -0.997858923238603 0.0654031292301505 0
    outer loop
      vertex 25.75 38 0
      vertex 25.735028507404166 37.77157916361491 4
      vertex 25.75 38 4
    endloop
  endfacet
  facet normal -0.997858923238603 -0.0654031292301505 0
    outer loop
      vertex 25.735028507404166 38.22842083638509 0
      vertex 25.75 38 4
      vertex 25.735028507404166 38.22842083638509 4
    endloop
  endfacet
  facet normal -0.9807852804032314 -0.19509032201612325 0
    outer loop
      vertex 25.69037019600587 38.45293332892941 0
      vertex 25.735028507404166 38.22842083638509 4
      vertex 25.69037019600587 38.45293332892941 4
    endloop
  endfacet
  facet normal -0.9469301294951075 -0.32143946530315626 0
    outer loop
      vertex 25.616789181894752 38.66969600663891 0
      vertex 25.69037019600587 38.45293332892941 4
      vertex 25.616789181894752 38.66969600663891 4
    endloop
  endfacet
  facet normal -0.8968727415326845 -0.4422886902190092 0
    outer loop
      vertex 25.515544456622766 38.875 0
      vertex 25.616789181894752 38.66969600663891 4
      vertex 25.515544456622766 38.875 4
    endloop
  endfacet
  facet normal -0.0654031292301505 -0.997858923238603 0
    outer loop
      vertex 24 39.75 0
      vertex 24.22842083638509 39.73502850740417 4
      vertex 24 39.75 4
    endloop
  endfacet
  facet normal -0.19509032201610832 -0.9807852804032344 0
    outer loop
      vertex 24.22842083638509 39.73502850740417 0
      vertex 24.45293332892941 39.69037019600587 4
      vertex 24.22842083638509 39.73502850740417 4
    endloop
  endfacet
  facet normal -0.32143946530317014 -0.9469301294951027 0
    outer loop
      vertex 24.45293332892941 39.69037019600587 0
      vertex 24.669696006638908 39.61678918189475 4
      vertex 24.45293332892941 39.69037019600587 4
    endloop
  endfacet
  facet normal -0.4422886902189967 -0.8968727415326906 0
    outer loop
      vertex 24.669696006638908 39.61678918189475 0
      vertex 24.875 39.51554445662277 4
      vertex 24.669696006638908 39.61678918189475 4
    endloop
  endfacet
  facet normal -0.5555702330196078 -0.8314696123025415 0
    outer loop
      vertex 24.875 39.51554445662277 0
      vertex 25.065332500765262 39.38836834550966 4
      vertex 24.875 39.51554445662277 4
    endloop
  endfacet
  facet normal -0.659345815100065 -0.7518398074789808 0
    outer loop
      vertex 25.065332500765262 39.38836834550966 0
      vertex 25.237436867076458 39.23743686707646 4
      vertex 25.065332500765262 39.38836834550966 4
    endloop
  endfacet
  facet normal -0.7518398074789867 -0.6593458151000583 0
    outer loop
      vertex 25.237436867076458 39.23743686707646 0
      vertex 25.38836834550966 39.06533250076526 4
      vertex 25.237436867076458 39.23743686707646 4
    endloop
  endfacet
  facet normal -0.8314696123025439 -0.5555702330196043 0
    outer loop
      vertex 25.38836834550966 39.06533250076526 0
      vertex 25.515544456622766 38.875 4
      vertex 25.38836834550966 39.06533250076526 4
    endloop
  endfacet
  facet normal 0 0 -1
    outer loop
      vertex 0 0 0
      vertex 6.611631654490338 8.934667499234738 0
      vertex 6.762563132923542 8.762563132923542 0
    endloop
  endfacet
  facet normal 0 0 -1
    outer loop
      vertex 0 0 0
      vertex 6.762563132923542 8.762563132923542 0
      vertex 6.934667499234739 8.611631654490338 0
    endloop
  endfacet
  facet normal 0 0 -1
    outer loop
      vertex 0 0 0
      vertex 6.934667499234739 8.611631654490338 0
      vertex 7.125 8.484455543377232 0
    endloop
  endfacet
  facet normal 0 0 -1
    outer loop
      vertex 0 0 0
      vertex 7.125 8.484455543377232 0
      vertex 7.330303993361093 8.383210818105248 0
    endloop
  endfacet
  facet normal 0 0 -1
    outer loop
      vertex 0 0 0
      vertex 7.330303993361093 8.383210818105248 0
      vertex 7.5470666710705885 8.309629803994131 0
    endloop
  endfacet
  facet normal 0 0 -1
    outer loop
      vertex 0 0 0
      vertex 7.5470666710705885 8.309629803994131 0
      vertex 7.77157916361491 8.264971492595832 0
    endloop
  endfacet
  facet normal 0 0 -1
    outer loop
      vertex 0 0 0
      vertex 7.77157916361491 8.264971492595832 0
      vertex 8 8.25 0
    endloop
  endfacet
  facet normal 0 0 -1
    outer loop
      vertex 0 0 0
      vertex 8 8.25 0
      vertex 8.22842083638509 8.264971492595832 0
    endloop
  endfacet
  facet normal 0 0 -1
    outer loop
      vertex 0 0 0
      vertex 6.309629803994131 9.547066671070588 0
      vertex 6.3832108181052485 9.330303993361094 0
    endloop
  endfacet
  facet normal 0 0 -1
    outer loop
      vertex 0 0 0
      vertex 6.264971492595832 9.77157916361491 0
      vertex 6.309629803994131 9.547066671070588 0
    endloop
  endfacet
  facet normal 0 0 -1
    outer loop
      vertex 0 0 0
      vertex 6.3832108181052485 9.330303993361094 0
      vertex 6.484455543377233 9.125 0
    endloop
  endfacet
  facet normal 0 0 -1
    outer loop
      vertex 0 0 0
      vertex 6.484455543377233 9.125 0
      vertex 6.611631654490338 8.934667499234738 0
    endloop
  endfacet
  facet normal 0 0 -1
    outer loop
      vertex 0 0 0
      vertex 0 48 0
      vertex 6.264971492595832 9.77157916361491 0
    endloop
  endfacet
  facet normal 0 0 -1
    outer loop
      vertex 0 48 0
      vertex 6.25 10 0
      vertex 6.264971492595832 9.77157916361491 0
    endloop
  endfacet
  facet normal 0 0 -1
    outer loop
      vertex 6.25 10 0
      vertex 6.264971492595832 37.77157916361491 0
      vertex 6.264971492595832 10.22842083638509 0
    endloop
  endfacet
  facet normal 0 0 -1
    outer loop
      vertex 6.264971492595832 10.22842083638509 0
      vertex 6.309629803994131 37.54706667107059 0
      vertex 6.309629803994131 10.452933328929412 0
    endloop
  endfacet
  facet normal 0 0 -1
    outer loop
      vertex 6.309629803994131 10.452933328929412 0
      vertex 6.3832108181052485 37.33030399336109 0
      vertex 6.3832108181052485 10.669696006638906 0
    endloop
  endfacet
  facet normal 0 0 -1
    outer loop
      vertex 6.3832108181052485 10.669696006638906 0
      vertex 6.484455543377233 37.125 0
      vertex 6.484455543377233 10.875 0
    endloop
  endfacet
  facet normal 0 0 -1
    outer loop
      vertex 6.484455543377233 10.875 0
      vertex 6.611631654490338 36.93466749923474 0
      vertex 6.611631654490338 11.065332500765262 0
    endloop
  endfacet
  facet normal 0 0 -1
    outer loop
      vertex 6.611631654490338 11.065332500765262 0
      vertex 6.762563132923542 36.76256313292354 0
      vertex 6.762563132923542 11.237436867076458 0
    endloop
  endfacet
  facet normal 0 0 -1
    outer loop
      vertex 6.934667499234739 11.388368345509662 0
      vertex 6.762563132923542 11.237436867076458 0
      vertex 7.125 36.48445554337723 0
    endloop
  endfacet
  facet normal 0 0 -1
    outer loop
      vertex 7.125 11.515544456622768 0
      vertex 6.934667499234739 11.388368345509662 0
      vertex 7.330303993361093 36.38321081810525 0
    endloop
  endfacet
  facet normal 0 0 -1
    outer loop
      vertex 7.330303993361093 11.616789181894752 0
      vertex 7.125 11.515544456622768 0
      vertex 7.77157916361491 36.26497149259583 0
    endloop
  endfacet
  facet normal 0 0 -1
    outer loop
      vertex 0 0 0
      vertex 8.22842083638509 8.264971492595832 0
      vertex 32 0 0
    endloop
  endfacet
  facet normal 0 0 -1
    outer loop
      vertex 8.875 8.484455543377232 0
      vertex 9.065332500765262 8.611631654490338 0
      vertex 23.125 8.484455543377232 0
    endloop
  endfacet
  facet normal 0 0 -1
    outer loop
      vertex 9.065332500765262 8.611631654490338 0
      vertex 9.237436867076458 8.762563132923542 0
      vertex 22.934667499234738 8.611631654490338 0
    endloop
  endfacet
  facet normal 0 0 -1
    outer loop
      vertex 9.237436867076458 8.762563132923542 0
      vertex 9.388368345509662 8.934667499234738 0
      vertex 22.762563132923542 8.762563132923542 0
    endloop
  endfacet
  facet normal 0 0 -1
    outer loop
      vertex 9.515544456622768 9.125 0
      vertex 22.61163165449034 8.934667499234738 0
      vertex 9.388368345509662 8.934667499234738 0
    endloop
  endfacet
  facet normal 0 0 -1
    outer loop
      vertex 9.616789181894752 9.330303993361094 0
      vertex 22.484455543377234 9.125 0
      vertex 9.515544456622768 9.125 0
    endloop
  endfacet
  facet normal 0 0 -1
    outer loop
      vertex 9.690370196005869 9.547066671070588 0
      vertex 22.383210818105248 9.330303993361094 0
      vertex 9.616789181894752 9.330303993361094 0
    endloop
  endfacet
  facet normal 0 0 -1
    outer loop
      vertex 9.735028507404168 9.77157916361491 0
      vertex 22.30962980399413 9.547066671070588 0
      vertex 9.690370196005869 9.547066671070588 0
    endloop
  endfacet
  facet normal 0 0 -1
    outer loop
      vertex 9.75 10 0
      vertex 22.264971492595834 9.77157916361491 0
      vertex 9.735028507404168 9.77157916361491 0
    endloop
  endfacet
  facet normal 0 0 -1
    outer loop
      vertex 9.735028507404168 10.22842083638509 0
      vertex 22.25 10 0
      vertex 9.75 10 0
    endloop
  endfacet
  facet normal 0 0 -1
    outer loop
      vertex 9.690370196005869 10.452933328929412 0
      vertex 22.264971492595834 10.22842083638509 0
      vertex 9.735028507404168 10.22842083638509 0
    endloop
  endfacet
  facet normal 0 0 -1
    outer loop
      vertex 9.616789181894752 10.669696006638906 0
      vertex 22.30962980399413 10.452933328929412 0
      vertex 9.690370196005869 10.452933328929412 0
    endloop
  endfacet
  facet normal 0 0 -1
    outer loop
      vertex 9.515544456622768 10.875 0
      vertex 22.383210818105248 10.669696006638906 0
      vertex 9.616789181894752 10.669696006638906 0
    endloop
  endfacet
  facet normal 0 0 -1
    outer loop
      vertex 7.5470666710705885 11.690370196005869 0
      vertex 7.330303993361093 11.616789181894752 0
      vertex 22.30962980399413 37.54706667107059 0
    endloop
  endfacet
  facet normal 0 0 -1
    outer loop
      vertex 7.77157916361491 11.735028507404168 0
      vertex 7.5470666710705885 11.690370196005869 0
      vertex 22.383210818105248 37.33030399336109 0
    endloop
  endfacet
  facet normal 0 0 -1
    outer loop
      vertex 24.22842083638509 36.26497149259583 0
      vertex 8 11.75 0
      vertex 7.77157916361491 11.735028507404168 0
    endloop
  endfacet
  facet normal 0 0 -1
    outer loop
      vertex 24.22842083638509 36.26497149259583 0
      vertex 8.22842083638509 11.735028507404168 0
      vertex 8 11.75 0
    endloop
  endfacet
  facet normal 0 0 -1
    outer loop
      vertex 24.22842083638509 36.26497149259583 0
      vertex 8.452933328929412 11.690370196005869 0
      vertex 8.22842083638509 11.735028507404168 0
    endloop
  endfacet
  facet normal 0 0 -1
    outer loop
      vertex 24.22842083638509 36.26497149259583 0
      vertex 8.669696006638906 11.616789181894752 0
      vertex 8.452933328929412 11.690370196005869 0
    endloop
  endfacet
  facet normal 0 0 -1
    outer loop
      vertex 24.22842083638509 36.26497149259583 0
      vertex 8.875 11.515544456622768 0
      vertex 8.669696006638906 11.616789181894752 0
    endloop
  endfacet
  facet normal 0 0 -1
    outer loop
      vertex 24.22842083638509 36.26497149259583 0
      vertex 9.515544456622768 10.875 0
      vertex 9.388368345509662 11.065332500765262 0
    endloop
  endfacet
  facet normal 0 0 -1
    outer loop
      vertex 24.22842083638509 36.26497149259583 0
      vertex 9.065332500765262 11.388368345509662 0
      vertex 8.875 11.515544456622768 0
    endloop
  endfacet
  facet normal 0 0 -1
    outer loop
      vertex 24.22842083638509 36.26497149259583 0
      vertex 9.237436867076458 11.237436867076458 0
      vertex 9.065332500765262 11.388368345509662 0
    endloop
  endfacet
  facet normal 0 0 -1
    outer loop
      vertex 24.22842083638509 36.26497149259583 0
      vertex 9.388368345509662 11.065332500765262 0
      vertex 9.237436867076458 11.237436867076458 0
    endloop
  endfacet
  facet normal 0 0 1
    outer loop
      vertex 0 0 4
      vertex 6.762563132923542 8.762563132923542 4
      vertex 6.611631654490338 8.934667499234738 4
    endloop
  endfacet
  facet normal 0 0 1
    outer loop
      vertex 0 0 4
      vertex 6.934667499234739 8.611631654490338 4
      vertex 6.762563132923542 8.762563132923542 4
    endloop
  endfacet
  facet normal 0 0 1
    outer loop
      vertex 0 0 4
      vertex 7.125 8.484455543377232 4
      vertex 6.934667499234739 8.611631654490338 4
    endloop
  endfacet
  facet normal 0 0 1
    outer loop
      vertex 0 0 4
      vertex 7.330303993361093 8.383210818105248 4
      vertex 7.125 8.484455543377232 4
    endloop
  endfacet
  facet normal 0 0 1
    outer loop
      vertex 0 0 4
      vertex 7.5470666710705885 8.309629803994131 4
      vertex 7.330303993361093 8.383210818105248 4
    endloop
  endfacet
  facet normal 0 0 1
    outer loop
      vertex 0 0 4
      vertex 7.77157916361491 8.264971492595832 4
      vertex 7.5470666710705885 8.309629803994131 4
    endloop
  endfacet
  facet normal 0 0 1
    outer loop
      vertex 0 0 4
      vertex 8 8.25 4
      vertex 7.77157916361491 8.264971492595832 4
    endloop
  endfacet
  facet normal 0 0 1
    outer loop
      vertex 0 0 4
      vertex 6.3832108181052485 9.330303993361094 4
      vertex 6.309629803994131 9.547066671070588 4
    endloop
  endfacet
  facet normal 0 0 1
    outer loop
      vertex 0 0 4
      vertex 6.309629803994131 9.547066671070588 4
      vertex 6.264971492595832 9.77157916361491 4
    endloop
  endfacet
  facet normal 0 0 1
    outer loop
      vertex 0 0 4
      vertex 6.264971492595832 9.77157916361491 4
      vertex 6.25 10 4
    endloop
  endfacet
  facet normal 0 0 1
    outer loop
      vertex 0 0 4
      vertex 6.25 10 4
      vertex 6.264971492595832 10.22842083638509 4
    endloop
  endfacet
  facet normal 0 0 1
    outer loop
      vertex 0 0 4
      vertex 6.484455543377233 9.125 4
      vertex 6.3832108181052485 9.330303993361094 4
    endloop
  endfacet
  facet normal 0 0 1
    outer loop
      vertex 0 0 4
      vertex 6.611631654490338 8.934667499234738 4
      vertex 6.484455543377233 9.125 4
    endloop
  endfacet
  facet normal 0 0 1
    outer loop
      vertex 0 0 4
      vertex 6.264971492595832 10.22842083638509 4
      vertex 6.309629803994131 10.452933328929412 4
    endloop
  endfacet
  facet normal 0 0 1
    outer loop
      vertex 0 0 4
      vertex 6.309629803994131 10.452933328929412 4
      vertex 6.3832108181052485 10.669696006638906 4
    endloop
  endfacet
  facet normal 0 0 1
    outer loop
      vertex 0 0 4
      vertex 6.3832108181052485 10.669696006638906 4
      vertex 6.484455543377233 10.875 4
    endloop
  endfacet
  facet normal -1 0 0
    outer loop
      vertex 0 0 0
      vertex 0 0 4
      vertex 0 48 4
    endloop
  endfacet
  facet normal 0 0 1
    outer loop
      vertex 0 0 4
      vertex 6.484455543377233 10.875 4
      vertex 6.611631654490338 36.93466749923474 4
    endloop
  endfacet
  facet normal 0 0 1
    outer loop
      vertex 6.611631654490338 11.065332500765262 4
      vertex 6.611631654490338 36.93466749923474 4
      vertex 6.484455543377233 10.875 4
    endloop
  endfacet
  facet normal 0 0 1
    outer loop
      vertex 6.762563132923542 11.237436867076458 4
      vertex 6.611631654490338 36.93466749923474 4
      vertex 6.611631654490338 11.065332500765262 4
    endloop
  endfacet
  facet normal 0 0 1
    outer loop
      vertex 6.762563132923542 11.237436867076458 4
      vertex 6.934667499234739 11.388368345509662 4
      vertex 6.762563132923542 36.76256313292354 4
    endloop
  endfacet
  facet normal 0 0 1
    outer loop
      vertex 6.934667499234739 11.388368345509662 4
      vertex 7.125 11.515544456622768 4
      vertex 6.934667499234739 36.61163165449034 4
    endloop
  endfacet
  facet normal 0 0 1
    outer loop
      vertex 7.125 11.515544456622768 4
      vertex 7.330303993361093 11.616789181894752 4
      vertex 7.125 36.48445554337723 4
    endloop
  endfacet
  facet normal 0 0 1
    outer loop
      vertex 7.330303993361093 11.616789181894752 4
      vertex 7.5470666710705885 11.690370196005869 4
      vertex 7.330303993361093 36.38321081810525 4
    endloop
  endfacet
  facet normal 0 0 1
    outer loop
      vertex 7.5470666710705885 11.690370196005869 4
      vertex 7.77157916361491 11.735028507404168 4
      vertex 7.5470666710705885 36.30962980399413 4
    endloop
  endfacet
  facet normal 0 0 1
    outer loop
      vertex 7.77157916361491 11.735028507404168 4
      vertex 8 11.75 4
      vertex 7.77157916361491 36.26497149259583 4
    endloop
  endfacet
  facet normal 0 -1 0
    outer loop
      vertex 0 0 0
      vertex 32 0 4
      vertex 0 0 4
    endloop
  endfacet
  facet normal 0 0 1
    outer loop
      vertex 0 0 4
      vertex 23.125 8.484455543377232 4
      vertex 8 8.25 4
    endloop
  endfacet
  facet normal 0 0 1
    outer loop
      vertex 0 0 4
      vertex 23.330303993361092 8.383210818105248 4
      vertex 23.125 8.484455543377232 4
    endloop
  endfacet
  facet normal 0 0 1
    outer loop
      vertex 0 0 4
      vertex 23.54706667107059 8.309629803994131 4
      vertex 23.330303993361092 8.383210818105248 4
    endloop
  endfacet
  facet normal 0 0 1
    outer loop
      vertex 0 0 4
      vertex 23.77157916361491 8.264971492595832 4
      vertex 23.54706667107059 8.309629803994131 4
    endloop
  endfacet
  facet normal 0 0 1
    outer loop
      vertex 8.22842083638509 8.264971492595832 4
      vertex 8 8.25 4
      vertex 23.125 8.484455543377232 4
    endloop
  endfacet
  facet normal 0 0 1
    outer loop
      vertex 8.452933328929412 8.309629803994131 4
      vertex 8.22842083638509 8.264971492595832 4
      vertex 23.125 8.484455543377232 4
    endloop
  endfacet
  facet normal 0 0 1
    outer loop
      vertex 8.669696006638906 8.383210818105248 4
      vertex 8.452933328929412 8.309629803994131 4
      vertex 23.125 8.484455543377232 4
    endloop
  endfacet
  facet normal 0 0 1
    outer loop
      vertex 8.875 8.484455543377232 4
      vertex 8.669696006638906 8.383210818105248 4
      vertex 23.125 8.484455543377232 4
    endloop
  endfacet
  facet normal 0 0 1
    outer loop
      vertex 9.065332500765262 8.611631654490338 4
      vertex 8.875 8.484455543377232 4
      vertex 22.934667499234738 8.611631654490338 4
    endloop
  endfacet
  facet normal 0 0 1
    outer loop
      vertex 9.237436867076458 8.762563132923542 4
      vertex 9.065332500765262 8.611631654490338 4
      vertex 22.762563132923542 8.762563132923542 4
    endloop
  endfacet
  facet normal 0 0 1
    outer loop
      vertex 9.237436867076458 8.762563132923542 4
      vertex 22.61163165449034 8.934667499234738 4
      vertex 9.388368345509662 8.934667499234738 4
    endloop
  endfacet
  facet normal 0 0 1
    outer loop
      vertex 9.388368345509662 8.934667499234738 4
      vertex 22.484455543377234 9.125 4
      vertex 9.515544456622768 9.125 4
    endloop
  endfacet
  facet normal 0 0 1
    outer loop
      vertex 9.515544456622768 9.125 4
      vertex 22.383210818105248 9.330303993361094 4
      vertex 9.616789181894752 9.330303993361094 4
    endloop
  endfacet
  facet normal 0 0 1
    outer loop
      vertex 9.616789181894752 9.330303993361094 4
      vertex 22.30962980399413 9.547066671070588 4
      vertex 9.690370196005869 9.547066671070588 4
    endloop
  endfacet
  facet normal 0 0 1
    outer loop
      vertex 9.690370196005869 9.547066671070588 4
      vertex 22.264971492595834 9.77157916361491 4
      vertex 9.735028507404168 9.77157916361491 4
    endloop
  endfacet
  facet normal 0 0 1
    outer loop
      vertex 9.735028507404168 9.77157916361491 4
      vertex 22.25 10 4
      vertex 9.75 10 4
    endloop
  endfacet
  facet normal 0 0 1
    outer loop
      vertex 9.75 10 4
      vertex 22.264971492595834 10.22842083638509 4
      vertex 9.735028507404168 10.22842083638509 4
    endloop
  endfacet
  facet normal 0 0 1
    outer loop
      vertex 9.735028507404168 10.22842083638509 4
      vertex 22.30962980399413 10.452933328929412 4
      vertex 9.690370196005869 10.452933328929412 4
    endloop
  endfacet
  facet normal 0 0 1
    outer loop
      vertex 9.616789181894752 10.669696006638906 4
      vertex 22.484455543377234 10.875 4
      vertex 9.515544456622768 10.875 4
    endloop
  endfacet
  facet normal 0 0 1
    outer loop
      vertex 9.690370196005869 10.452933328929412 4
      vertex 22.383210818105248 10.669696006638906 4
      vertex 9.616789181894752 10.669696006638906 4
    endloop
  endfacet
  facet normal 0 0 1
    outer loop
      vertex 7.77157916361491 36.26497149259583 4
      vertex 9.388368345509662 11.065332500765262 4
      vertex 9.515544456622768 10.875 4
    endloop
  endfacet
  facet normal 0 0 1
    outer loop
      vertex 7.77157916361491 36.26497149259583 4
      vertex 8 11.75 4
      vertex 8.22842083638509 11.735028507404168 4
    endloop
  endfacet
  facet normal 0 0 1
    outer loop
      vertex 7.77157916361491 36.26497149259583 4
      vertex 8.22842083638509 11.735028507404168 4
      vertex 8.452933328929412 11.690370196005869 4
    endloop
  endfacet
  facet normal 0 0 1
    outer loop
      vertex 7.77157916361491 36.26497149259583 4
      vertex 8.452933328929412 11.690370196005869 4
      vertex 8.669696006638906 11.616789181894752 4
    endloop
  endfacet
  facet normal 0 0 1
    outer loop
      vertex 7.77157916361491 36.26497149259583 4
      vertex 8.669696006638906 11.616789181894752 4
      vertex 8.875 11.515544456622768 4
    endloop
  endfacet
  facet normal 0 0 1
    outer loop
      vertex 7.77157916361491 36.26497149259583 4
      vertex 8.875 11.515544456622768 4
      vertex 9.065332500765262 11.388368345509662 4
    endloop
  endfacet
  facet normal 0 0 1
    outer loop
      vertex 7.77157916361491 36.26497149259583 4
      vertex 9.065332500765262 11.388368345509662 4
      vertex 9.237436867076458 11.237436867076458 4
    endloop
  endfacet
  facet normal 0 0 1
    outer loop
      vertex 7.77157916361491 36.26497149259583 4
      vertex 9.237436867076458 11.237436867076458 4
      vertex 9.388368345509662 11.065332500765262 4
    endloop
  endfacet
  facet normal 0 0 1
    outer loop
      vertex 7.77157916361491 36.26497149259583 4
      vertex 9.515544456622768 10.875 4
      vertex 22.484455543377234 10.875 4
    endloop
  endfacet
  facet normal 0 0 -1
    outer loop
      vertex 6.309629803994131 10.452933328929412 0
      vertex 6.309629803994131 37.54706667107059 0
      vertex 6.3832108181052485 37.33030399336109 0
    endloop
  endfacet
  facet normal 0 0 -1
    outer loop
      vertex 6.3832108181052485 10.669696006638906 0
      vertex 6.3832108181052485 37.33030399336109 0
      vertex 6.484455543377233 37.125 0
    endloop
  endfacet
  facet normal 0 0 -1
    outer loop
      vertex 6.484455543377233 10.875 0
      vertex 6.484455543377233 37.125 0
      vertex 6.611631654490338 36.93466749923474 0
    endloop
  endfacet
  facet normal 0 0 -1
    outer loop
      vertex 6.611631654490338 11.065332500765262 0
      vertex 6.611631654490338 36.93466749923474 0
      vertex 6.762563132923542 36.76256313292354 0
    endloop
  endfacet
  facet normal 0 0 -1
    outer loop
      vertex 6.762563132923542 11.237436867076458 0
      vertex 6.934667499234739 36.61163165449034 0
      vertex 7.125 36.48445554337723 0
    endloop
  endfacet
  facet normal 0 0 -1
    outer loop
      vertex 6.762563132923542 11.237436867076458 0
      vertex 6.762563132923542 36.76256313292354 0
      vertex 6.934667499234739 36.61163165449034 0
    endloop
  endfacet
  facet normal 0 0 -1
    outer loop
      vertex 6.264971492595832 10.22842083638509 0
      vertex 6.264971492595832 37.77157916361491 0
      vertex 6.309629803994131 37.54706667107059 0
    endloop
  endfacet
  facet normal 0 0 -1
    outer loop
      vertex 6.25 10 0
      vertex 6.25 38 0
      vertex 6.264971492595832 37.77157916361491 0
    endloop
  endfacet
  facet normal 0 0 -1
    outer loop
      vertex 6.934667499234739 11.388368345509662 0
      vertex 7.125 36.48445554337723 0
      vertex 7.330303993361093 36.38321081810525 0
    endloop
  endfacet
  facet normal 0 0 -1
    outer loop
      vertex 7.125 11.515544456622768 0
      vertex 7.330303993361093 36.38321081810525 0
      vertex 7.5470666710705885 36.30962980399413 0
    endloop
  endfacet
  facet normal 0 0 -1
    outer loop
      vertex 7.125 11.515544456622768 0
      vertex 7.5470666710705885 36.30962980399413 0
      vertex 7.77157916361491 36.26497149259583 0
    endloop
  endfacet
  facet normal 0 0 -1
    outer loop
      vertex 7.330303993361093 11.616789181894752 0
      vertex 7.77157916361491 36.26497149259583 0
      vertex 8 36.25 0
    endloop
  endfacet
  facet normal 0 0 -1
    outer loop
      vertex 7.330303993361093 11.616789181894752 0
      vertex 8 36.25 0
      vertex 8.22842083638509 36.26497149259583 0
    endloop
  endfacet
  facet normal 0 0 -1
    outer loop
      vertex 0 48 0
      vertex 6.25 38 0
      vertex 6.25 10 0
    endloop
  endfacet
  facet normal -1 0 0
    outer loop
      vertex 0 0 0
      vertex 0 48 4
      vertex 0 48 0
    endloop
  endfacet
  facet normal 0 0 -1
    outer loop
      vertex 0 48 0
      vertex 6.264971492595832 38.22842083638509 0
      vertex 6.25 38 0
    endloop
  endfacet
  facet normal 0 0 -1
    outer loop
      vertex 0 48 0
      vertex 6.309629803994131 38.45293332892941 0
      vertex 6.264971492595832 38.22842083638509 0
    endloop
  endfacet
  facet normal 0 0 -1
    outer loop
      vertex 0 48 0
      vertex 6.3832108181052485 38.66969600663891 0
      vertex 6.309629803994131 38.45293332892941 0
    endloop
  endfacet
  facet normal 0 0 -1
    outer loop
      vertex 0 48 0
      vertex 6.484455543377233 38.875 0
      vertex 6.3832108181052485 38.66969600663891 0
    endloop
  endfacet
  facet normal 0 0 -1
    outer loop
      vertex 0 48 0
      vertex 6.611631654490338 39.06533250076526 0
      vertex 6.484455543377233 38.875 0
    endloop
  endfacet
  facet normal 0 0 -1
    outer loop
      vertex 0 48 0
      vertex 6.762563132923542 39.23743686707646 0
      vertex 6.611631654490338 39.06533250076526 0
    endloop
  endfacet
  facet normal 0 0 -1
    outer loop
      vertex 0 48 0
      vertex 6.934667499234739 39.38836834550966 0
      vertex 6.762563132923542 39.23743686707646 0
    endloop
  endfacet
  facet normal 0 0 -1
    outer loop
      vertex 0 48 0
      vertex 7.125 39.51554445662277 0
      vertex 6.934667499234739 39.38836834550966 0
    endloop
  endfacet
  facet normal 0 0 -1
    outer loop
      vertex 0 48 0
      vertex 7.330303993361093 39.61678918189475 0
      vertex 7.125 39.51554445662277 0
    endloop
  endfacet
  facet normal 0 0 -1
    outer loop
      vertex 0 48 0
      vertex 7.5470666710705885 39.69037019600587 0
      vertex 7.330303993361093 39.61678918189475 0
    endloop
  endfacet
  facet normal 0 0 -1
    outer loop
      vertex 0 48 0
      vertex 7.77157916361491 39.73502850740417 0
      vertex 7.5470666710705885 39.69037019600587 0
    endloop
  endfacet
  facet normal 0 0 -1
    outer loop
      vertex 0 48 0
      vertex 8 39.75 0
      vertex 7.77157916361491 39.73502850740417 0
    endloop
  endfacet
  facet normal 0 0 -1
    outer loop
      vertex 0 48 0
      vertex 8.22842083638509 39.73502850740417 0
      vertex 8 39.75 0
    endloop
  endfacet
  facet normal 0 0 -1
    outer loop
      vertex 7.330303993361093 11.616789181894752 0
      vertex 8.22842083638509 36.26497149259583 0
      vertex 8.452933328929412 36.30962980399413 0
    endloop
  endfacet
  facet normal 0 0 -1
    outer loop
      vertex 7.330303993361093 11.616789181894752 0
      vertex 8.452933328929412 36.30962980399413 0
      vertex 22.264971492595834 37.77157916361491 0
    endloop
  endfacet
  facet normal 0 0 -1
    outer loop
      vertex 0 48 0
      vertex 23.77157916361491 39.73502850740417 0
      vertex 8.22842083638509 39.73502850740417 0
    endloop
  endfacet
  facet normal 0 0 -1
    outer loop
      vertex 8.452933328929412 36.30962980399413 0
      vertex 8.669696006638906 36.38321081810525 0
      vertex 22.264971492595834 37.77157916361491 0
    endloop
  endfacet
  facet normal 0 0 -1
    outer loop
      vertex 8.669696006638906 36.38321081810525 0
      vertex 8.875 36.48445554337723 0
      vertex 22.264971492595834 37.77157916361491 0
    endloop
  endfacet
  facet normal 0 0 -1
    outer loop
      vertex 8.875 36.48445554337723 0
      vertex 9.065332500765262 36.61163165449034 0
      vertex 22.264971492595834 37.77157916361491 0
    endloop
  endfacet
  facet normal 0 0 -1
    outer loop
      vertex 9.065332500765262 36.61163165449034 0
      vertex 9.237436867076458 36.76256313292354 0
      vertex 22.264971492595834 37.77157916361491 0
    endloop
  endfacet
  facet normal 0 0 -1
    outer loop
      vertex 9.237436867076458 36.76256313292354 0
      vertex 9.388368345509662 36.93466749923474 0
      vertex 22.264971492595834 37.77157916361491 0
    endloop
  endfacet
  facet normal 0 0 -1
    outer loop
      vertex 9.515544456622768 37.125 0
      vertex 22.264971492595834 37.77157916361491 0
      vertex 9.388368345509662 36.93466749923474 0
    endloop
  endfacet
  facet normal 0 0 -1
    outer loop
      vertex 9.616789181894752 37.33030399336109 0
      vertex 22.264971492595834 37.77157916361491 0
      vertex 9.515544456622768 37.125 0
    endloop
  endfacet
  facet normal 0 0 -1
    outer loop
      vertex 9.690370196005869 37.54706667107059 0
      vertex 22.264971492595834 37.77157916361491 0
      vertex 9.616789181894752 37.33030399336109 0
    endloop
  endfacet
  facet normal 0 0 -1
    outer loop
      vertex 9.735028507404168 37.77157916361491 0
      vertex 22.264971492595834 37.77157916361491 0
      vertex 9.690370196005869 37.54706667107059 0
    endloop
  endfacet
  facet normal 0 0 -1
    outer loop
      vertex 9.75 38 0
      vertex 22.264971492595834 37.77157916361491 0
      vertex 9.735028507404168 37.77157916361491 0
    endloop
  endfacet
  facet normal 0 0 -1
    outer loop
      vertex 9.735028507404168 38.22842083638509 0
      vertex 22.25 38 0
      vertex 9.75 38 0
    endloop
  endfacet
  facet normal 0 0 -1
    outer loop
      vertex 9.616789181894752 38.66969600663891 0
      vertex 22.30962980399413 38.45293332892941 0
      vertex 9.690370196005869 38.45293332892941 0
    endloop
  endfacet
  facet normal 0 0 -1
    outer loop
      vertex 9.690370196005869 38.45293332892941 0
      vertex 22.264971492595834 38.22842083638509 0
      vertex 9.735028507404168 38.22842083638509 0
    endloop
  endfacet
  facet normal 0 0 -1
    outer loop
      vertex 9.515544456622768 38.875 0
      vertex 22.383210818105248 38.66969600663891 0
      vertex 9.616789181894752 38.66969600663891 0
    endloop
  endfacet
  facet normal 0 0 -1
    outer loop
      vertex 9.388368345509662 39.06533250076526 0
      vertex 22.484455543377234 38.875 0
      vertex 9.515544456622768 38.875 0
    endloop
  endfacet
  facet normal 0 0 -1
    outer loop
      vertex 8.452933328929412 39.69037019600587 0
      vertex 8.22842083638509 39.73502850740417 0
      vertex 23.54706667107059 39.69037019600587 0
    endloop
  endfacet
  facet normal 0 0 -1
    outer loop
      vertex 8.669696006638906 39.61678918189475 0
      vertex 8.452933328929412 39.69037019600587 0
      vertex 23.330303993361092 39.61678918189475 0
    endloop
  endfacet
  facet normal 0 0 -1
    outer loop
      vertex 9.237436867076458 39.23743686707646 0
      vertex 22.61163165449034 39.06533250076526 0
      vertex 9.388368345509662 39.06533250076526 0
    endloop
  endfacet
  facet normal 0 0 -1
    outer loop
      vertex 9.237436867076458 39.23743686707646 0
      vertex 9.065332500765262 39.38836834550966 0
      vertex 22.762563132923542 39.23743686707646 0
    endloop
  endfacet
  facet normal 0 0 -1
    outer loop
      vertex 8.875 39.51554445662277 0
      vertex 8.669696006638906 39.61678918189475 0
      vertex 23.125 39.51554445662277 0
    endloop
  endfacet
  facet normal 0 0 -1
    outer loop
      vertex 9.065332500765262 39.38836834550966 0
      vertex 8.875 39.51554445662277 0
      vertex 22.934667499234738 39.38836834550966 0
    endloop
  endfacet
  facet normal 0 1 0
    outer loop
      vertex 0 48 0
      vertex 0 48 4
      vertex 32 48 0
    endloop
  endfacet
  facet normal 0 0 1
    outer loop
      vertex 0 0 4
      vertex 6.264971492595832 38.22842083638509 4
      vertex 0 48 4
    endloop
  endfacet
  facet normal 0 0 1
    outer loop
      vertex 0 0 4
      vertex 6.611631654490338 36.93466749923474 4
      vertex 6.484455543377233 37.125 4
    endloop
  endfacet
  facet normal 0 0 1
    outer loop
      vertex 0 0 4
      vertex 6.3832108181052485 37.33030399336109 4
      vertex 6.309629803994131 37.54706667107059 4
    endloop
  endfacet
  facet normal 0 0 1
    outer loop
      vertex 0 0 4
      vertex 6.309629803994131 37.54706667107059 4
      vertex 6.264971492595832 37.77157916361491 4
    endloop
  endfacet
  facet normal 0 0 1
    outer loop
      vertex 0 0 4
      vertex 6.264971492595832 37.77157916361491 4
      vertex 6.25 38 4
    endloop
  endfacet
  facet normal 0 0 1
    outer loop
      vertex 0 0 4
      vertex 6.25 38 4
      vertex 6.264971492595832 38.22842083638509 4
    endloop
  endfacet
  facet normal 0 0 1
    outer loop
      vertex 0 0 4
      vertex 6.484455543377233 37.125 4
      vertex 6.3832108181052485 37.33030399336109 4
    endloop
  endfacet
  facet normal 0 0 1
    outer loop
      vertex 6.762563132923542 11.237436867076458 4
      vertex 6.762563132923542 36.76256313292354 4
      vertex 6.611631654490338 36.93466749923474 4
    endloop
  endfacet
  facet normal 0 0 1
    outer loop
      vertex 6.934667499234739 11.388368345509662 4
      vertex 6.934667499234739 36.61163165449034 4
      vertex 6.762563132923542 36.76256313292354 4
    endloop
  endfacet
  facet normal 0 0 1
    outer loop
      vertex 7.125 11.515544456622768 4
      vertex 7.125 36.48445554337723 4
      vertex 6.934667499234739 36.61163165449034 4
    endloop
  endfacet
  facet normal 0 0 1
    outer loop
      vertex 7.330303993361093 11.616789181894752 4
      vertex 7.330303993361093 36.38321081810525 4
      vertex 7.125 36.48445554337723 4
    endloop
  endfacet
  facet normal 0 0 1
    outer loop
      vertex 7.5470666710705885 11.690370196005869 4
      vertex 7.5470666710705885 36.30962980399413 4
      vertex 7.330303993361093 36.38321081810525 4
    endloop
  endfacet
  facet normal 0 0 1
    outer loop
      vertex 7.77157916361491 11.735028507404168 4
      vertex 7.77157916361491 36.26497149259583 4
      vertex 7.5470666710705885 36.30962980399413 4
    endloop
  endfacet
  facet normal 0 0 1
    outer loop
      vertex 0 48 4
      vertex 6.264971492595832 38.22842083638509 4
      vertex 6.309629803994131 38.45293332892941 4
    endloop
  endfacet
  facet normal 0 0 1
    outer loop
      vertex 0 48 4
      vertex 6.309629803994131 38.45293332892941 4
      vertex 6.3832108181052485 38.66969600663891 4
    endloop
  endfacet
  facet normal 0 0 1
    outer loop
      vertex 0 48 4
      vertex 6.3832108181052485 38.66969600663891 4
      vertex 6.484455543377233 38.875 4
    endloop
  endfacet
  facet normal 0 0 1
    outer loop
      vertex 0 48 4
      vertex 6.484455543377233 38.875 4
      vertex 6.611631654490338 39.06533250076526 4
    endloop
  endfacet
  facet normal 0 0 1
    outer loop
      vertex 0 48 4
      vertex 6.611631654490338 39.06533250076526 4
      vertex 6.762563132923542 39.23743686707646 4
    endloop
  endfacet
  facet normal 0 0 1
    outer loop
      vertex 0 48 4
      vertex 6.762563132923542 39.23743686707646 4
      vertex 6.934667499234739 39.38836834550966 4
    endloop
  endfacet
  facet normal 0 0 1
    outer loop
      vertex 0 48 4
      vertex 6.934667499234739 39.38836834550966 4
      vertex 7.125 39.51554445662277 4
    endloop
  endfacet
  facet normal 0 0 1
    outer loop
      vertex 0 48 4
      vertex 7.125 39.51554445662277 4
      vertex 7.330303993361093 39.61678918189475 4
    endloop
  endfacet
  facet normal 0 0 1
    outer loop
      vertex 0 48 4
      vertex 7.330303993361093 39.61678918189475 4
      vertex 7.5470666710705885 39.69037019600587 4
    endloop
  endfacet
  facet normal 0 0 1
    outer loop
      vertex 0 48 4
      vertex 7.5470666710705885 39.69037019600587 4
      vertex 7.77157916361491 39.73502850740417 4
    endloop
  endfacet
  facet normal 0 0 1
    outer loop
      vertex 0 48 4
      vertex 7.77157916361491 39.73502850740417 4
      vertex 8 39.75 4
    endloop
  endfacet
  facet normal 0 0 1
    outer loop
      vertex 0 48 4
      vertex 8 39.75 4
      vertex 8.22842083638509 39.73502850740417 4
    endloop
  endfacet
  facet normal 0 0 1
    outer loop
      vertex 24.22842083638509 11.735028507404168 4
      vertex 8 36.25 4
      vertex 7.77157916361491 36.26497149259583 4
    endloop
  endfacet
  facet normal 0 0 1
    outer loop
      vertex 24.22842083638509 11.735028507404168 4
      vertex 8.22842083638509 36.26497149259583 4
      vertex 8 36.25 4
    endloop
  endfacet
  facet normal 0 0 1
    outer loop
      vertex 24.22842083638509 11.735028507404168 4
      vertex 8.452933328929412 36.30962980399413 4
      vertex 8.22842083638509 36.26497149259583 4
    endloop
  endfacet
  facet normal 0 0 1
    outer loop
      vertex 24.22842083638509 11.735028507404168 4
      vertex 8.669696006638906 36.38321081810525 4
      vertex 8.452933328929412 36.30962980399413 4
    endloop
  endfacet
  facet normal 0 0 1
    outer loop
      vertex 24.22842083638509 11.735028507404168 4
      vertex 8.875 36.48445554337723 4
      vertex 8.669696006638906 36.38321081810525 4
    endloop
  endfacet
  facet normal 0 0 1
    outer loop
      vertex 24.22842083638509 11.735028507404168 4
      vertex 9.065332500765262 36.61163165449034 4
      vertex 8.875 36.48445554337723 4
    endloop
  endfacet
  facet normal 0 0 1
    outer loop
      vertex 24.22842083638509 11.735028507404168 4
      vertex 9.237436867076458 36.76256313292354 4
      vertex 9.065332500765262 36.61163165449034 4
    endloop
  endfacet
  facet normal 0 0 1
    outer loop
      vertex 24.22842083638509 11.735028507404168 4
      vertex 9.388368345509662 36.93466749923474 4
      vertex 9.237436867076458 36.76256313292354 4
    endloop
  endfacet
  facet normal 0 0 1
    outer loop
      vertex 24.22842083638509 11.735028507404168 4
      vertex 9.515544456622768 37.125 4
      vertex 9.388368345509662 36.93466749923474 4
    endloop
  endfacet
  facet normal 0 0 1
    outer loop
      vertex 9.515544456622768 37.125 4
      vertex 24.22842083638509 11.735028507404168 4
      vertex 9.616789181894752 37.33030399336109 4
    endloop
  endfacet
  facet normal 0 0 1
    outer loop
      vertex 9.616789181894752 37.33030399336109 4
      vertex 24.45293332892941 11.690370196005869 4
      vertex 9.690370196005869 37.54706667107059 4
    endloop
  endfacet
  facet normal 0 0 1
    outer loop
      vertex 9.690370196005869 37.54706667107059 4
      vertex 24.669696006638908 11.616789181894752 4
      vertex 9.735028507404168 37.77157916361491 4
    endloop
  endfacet
  facet normal 0 0 1
    outer loop
      vertex 9.735028507404168 37.77157916361491 4
      vertex 22.25 38 4
      vertex 9.75 38 4
    endloop
  endfacet
  facet normal 0 0 1
    outer loop
      vertex 9.75 38 4
      vertex 22.264971492595834 38.22842083638509 4
      vertex 9.735028507404168 38.22842083638509 4
    endloop
  endfacet
  facet normal 0 0 1
    outer loop
      vertex 9.735028507404168 38.22842083638509 4
      vertex 22.30962980399413 38.45293332892941 4
      vertex 9.690370196005869 38.45293332892941 4
    endloop
  endfacet
  facet normal 0 0 1
    outer loop
      vertex 9.690370196005869 38.45293332892941 4
      vertex 22.383210818105248 38.66969600663891 4
      vertex 9.616789181894752 38.66969600663891 4
    endloop
  endfacet
  facet normal 0 0 1
    outer loop
      vertex 9.616789181894752 38.66969600663891 4
      vertex 22.484455543377234 38.875 4
      vertex 9.515544456622768 38.875 4
    endloop
  endfacet
  facet normal 0 0 1
    outer loop
      vertex 8.22842083638509 39.73502850740417 4
      vertex 8.452933328929412 39.69037019600587 4
      vertex 23.77157916361491 39.73502850740417 4
    endloop
  endfacet
  facet normal 0 0 1
    outer loop
      vertex 9.065332500765262 39.38836834550966 4
      vertex 9.237436867076458 39.23743686707646 4
      vertex 22.934667499234738 39.38836834550966 4
    endloop
  endfacet
  facet normal 0 0 1
    outer loop
      vertex 8.452933328929412 39.69037019600587 4
      vertex 8.669696006638906 39.61678918189475 4
      vertex 23.54706667107059 39.69037019600587 4
    endloop
  endfacet
  facet normal 0 0 1
    outer loop
      vertex 8.875 39.51554445662277 4
      vertex 9.065332500765262 39.38836834550966 4
      vertex 23.125 39.51554445662277 4
    endloop
  endfacet
  facet normal 0 0 1
    outer loop
      vertex 8.669696006638906 39.61678918189475 4
      vertex 8.875 39.51554445662277 4
      vertex 23.330303993361092 39.61678918189475 4
    endloop
  endfacet
  facet normal 0 0 1
    outer loop
      vertex 9.388368345509662 39.06533250076526 4
      vertex 22.762563132923542 39.23743686707646 4
      vertex 9.237436867076458 39.23743686707646 4
    endloop
  endfacet
  facet normal 0 0 1
    outer loop
      vertex 9.515544456622768 38.875 4
      vertex 22.61163165449034 39.06533250076526 4
      vertex 9.388368345509662 39.06533250076526 4
    endloop
  endfacet
  facet normal 0 0 1
    outer loop
      vertex 0 48 4
      vertex 8.22842083638509 39.73502850740417 4
      vertex 32 48 4
    endloop
  endfacet
  facet normal 0 0 -1
    outer loop
      vertex 32 0 0
      vertex 8.22842083638509 8.264971492595832 0
      vertex 8.452933328929412 8.309629803994131 0
    endloop
  endfacet
  facet normal 0 0 -1
    outer loop
      vertex 32 0 0
      vertex 8.452933328929412 8.309629803994131 0
      vertex 8.669696006638906 8.383210818105248 0
    endloop
  endfacet
  facet normal 0 0 -1
    outer loop
      vertex 32 0 0
      vertex 8.669696006638906 8.383210818105248 0
      vertex 8.875 8.484455543377232 0
    endloop
  endfacet
  facet normal 0 0 -1
    outer loop
      vertex 9.065332500765262 8.611631654490338 0
      vertex 22.934667499234738 8.611631654490338 0
      vertex 23.125 8.484455543377232 0
    endloop
  endfacet
  facet normal 0 0 -1
    outer loop
      vertex 8.875 8.484455543377232 0
      vertex 23.125 8.484455543377232 0
      vertex 23.330303993361092 8.383210818105248 0
    endloop
  endfacet
  facet normal 0 0 -1
    outer loop
      vertex 9.237436867076458 8.762563132923542 0
      vertex 22.762563132923542 8.762563132923542 0
      vertex 22.934667499234738 8.611631654490338 0
    endloop
  endfacet
  facet normal 0 0 -1
    outer loop
      vertex 9.388368345509662 8.934667499234738 0
      vertex 22.61163165449034 8.934667499234738 0
      vertex 22.762563132923542 8.762563132923542 0
    endloop
  endfacet
  facet normal 0 0 -1
    outer loop
      vertex 8.875 8.484455543377232 0
      vertex 23.330303993361092 8.383210818105248 0
      vertex 23.54706667107059 8.309629803994131 0
    endloop
  endfacet
  facet normal 0 0 -1
    outer loop
      vertex 8.875 8.484455543377232 0
      vertex 23.54706667107059 8.309629803994131 0
      vertex 23.77157916361491 8.264971492595832 0
    endloop
  endfacet
  facet normal 0 0 -1
    outer loop
      vertex 8.875 8.484455543377232 0
      vertex 23.77157916361491 8.264971492595832 0
      vertex 24 8.25 0
    endloop
  endfacet
  facet normal 0 0 -1
    outer loop
      vertex 9.515544456622768 9.125 0
      vertex 22.484455543377234 9.125 0
      vertex 22.61163165449034 8.934667499234738 0
    endloop
  endfacet
  facet normal 0 0 -1
    outer loop
      vertex 9.616789181894752 9.330303993361094 0
      vertex 22.383210818105248 9.330303993361094 0
      vertex 22.484455543377234 9.125 0
    endloop
  endfacet
  facet normal 0 0 -1
    outer loop
      vertex 9.735028507404168 9.77157916361491 0
      vertex 22.264971492595834 9.77157916361491 0
      vertex 22.30962980399413 9.547066671070588 0
    endloop
  endfacet
  facet normal 0 0 -1
    outer loop
      vertex 9.690370196005869 9.547066671070588 0
      vertex 22.30962980399413 9.547066671070588 0
      vertex 22.383210818105248 9.330303993361094 0
    endloop
  endfacet
  facet normal 0 0 -1
    outer loop
      vertex 9.75 10 0
      vertex 22.25 10 0
      vertex 22.264971492595834 9.77157916361491 0
    endloop
  endfacet
  facet normal 0 0 -1
    outer loop
      vertex 9.735028507404168 10.22842083638509 0
      vertex 22.264971492595834 10.22842083638509 0
      vertex 22.25 10 0
    endloop
  endfacet
  facet normal 0 0 -1
    outer loop
      vertex 9.690370196005869 10.452933328929412 0
      vertex 22.30962980399413 10.452933328929412 0
      vertex 22.264971492595834 10.22842083638509 0
    endloop
  endfacet
  facet normal 0 0 -1
    outer loop
      vertex 9.616789181894752 10.669696006638906 0
      vertex 22.383210818105248 10.669696006638906 0
      vertex 22.30962980399413 10.452933328929412 0
    endloop
  endfacet
  facet normal 0 0 -1
    outer loop
      vertex 9.515544456622768 10.875 0
      vertex 22.484455543377234 10.875 0
      vertex 22.383210818105248 10.669696006638906 0
    endloop
  endfacet
  facet normal 0 0 -1
    outer loop
      vertex 32 0 0
      vertex 8.875 8.484455543377232 0
      vertex 24 8.25 0
    endloop
  endfacet
  facet normal 0 -1 0
    outer loop
      vertex 0 0 0
      vertex 32 0 0
      vertex 32 0 4
    endloop
  endfacet
  facet normal 0 0 -1
    outer loop
      vertex 24.22842083638509 36.26497149259583 0
      vertex 22.484455543377234 10.875 0
      vertex 9.515544456622768 10.875 0
    endloop
  endfacet
  facet normal 0 0 -1
    outer loop
      vertex 24.22842083638509 36.26497149259583 0
      vertex 22.61163165449034 11.065332500765262 0
      vertex 22.484455543377234 10.875 0
    endloop
  endfacet
  facet normal 0 0 -1
    outer loop
      vertex 24.22842083638509 36.26497149259583 0
      vertex 22.762563132923542 11.237436867076458 0
      vertex 22.61163165449034 11.065332500765262 0
    endloop
  endfacet
  facet normal 0 0 -1
    outer loop
      vertex 24.22842083638509 36.26497149259583 0
      vertex 22.934667499234738 11.388368345509662 0
      vertex 22.762563132923542 11.237436867076458 0
    endloop
  endfacet
  facet normal 0 0 -1
    outer loop
      vertex 24.22842083638509 36.26497149259583 0
      vertex 23.125 11.515544456622768 0
      vertex 22.934667499234738 11.388368345509662 0
    endloop
  endfacet
  facet normal 0 0 -1
    outer loop
      vertex 24.22842083638509 36.26497149259583 0
      vertex 23.330303993361092 11.616789181894752 0
      vertex 23.125 11.515544456622768 0
    endloop
  endfacet
  facet normal 0 0 -1
    outer loop
      vertex 24.22842083638509 36.26497149259583 0
      vertex 23.54706667107059 11.690370196005869 0
      vertex 23.330303993361092 11.616789181894752 0
    endloop
  endfacet
  facet normal 0 0 -1
    outer loop
      vertex 24.22842083638509 36.26497149259583 0
      vertex 23.77157916361491 11.735028507404168 0
      vertex 23.54706667107059 11.690370196005869 0
    endloop
  endfacet
  facet normal 0 0 -1
    outer loop
      vertex 32 0 0
      vertex 24 8.25 0
      vertex 24.22842083638509 8.264971492595832 0
    endloop
  endfacet
  facet normal 0 0 -1
    outer loop
      vertex 32 0 0
      vertex 24.22842083638509 8.264971492595832 0
      vertex 24.45293332892941 8.309629803994131 0
    endloop
  endfacet
  facet normal 0 0 -1
    outer loop
      vertex 32 0 0
      vertex 24.45293332892941 8.309629803994131 0
      vertex 24.669696006638908 8.383210818105248 0
    endloop
  endfacet
  facet normal 0 0 -1
    outer loop
      vertex 32 0 0
      vertex 24.669696006638908 8.383210818105248 0
      vertex 24.875 8.484455543377232 0
    endloop
  endfacet
  facet normal 0 0 -1
    outer loop
      vertex 32 0 0
      vertex 24.875 8.484455543377232 0
      vertex 25.065332500765262 8.611631654490338 0
    endloop
  endfacet
  facet normal 0 0 -1
    outer loop
      vertex 32 0 0
      vertex 25.065332500765262 8.611631654490338 0
      vertex 25.237436867076458 8.762563132923542 0
    endloop
  endfacet
  facet normal 0 0 -1
    outer loop
      vertex 32 0 0
      vertex 25.237436867076458 8.762563132923542 0
      vertex 25.38836834550966 8.934667499234738 0
    endloop
  endfacet
  facet normal 0 0 -1
    outer loop
      vertex 32 0 0
      vertex 25.38836834550966 8.934667499234738 0
      vertex 25.515544456622766 9.125 0
    endloop
  endfacet
  facet normal 0 0 -1
    outer loop
      vertex 32 0 0
      vertex 25.515544456622766 9.125 0
      vertex 25.616789181894752 9.330303993361094 0
    endloop
  endfacet
  facet normal 0 0 -1
    outer loop
      vertex 32 0 0
      vertex 25.616789181894752 9.330303993361094 0
      vertex 25.69037019600587 9.547066671070588 0
    endloop
  endfacet
  facet normal 0 0 -1
    outer loop
      vertex 32 0 0
      vertex 25.69037019600587 9.547066671070588 0
      vertex 25.735028507404166 9.77157916361491 0
    endloop
  endfacet
  facet normal 0 0 -1
    outer loop
      vertex 32 0 0
      vertex 25.735028507404166 9.77157916361491 0
      vertex 25.75 10 0
    endloop
  endfacet
  facet normal 0 0 -1
    outer loop
      vertex 32 0 0
      vertex 25.75 10 0
      vertex 25.735028507404166 10.22842083638509 0
    endloop
  endfacet
  facet normal 0 0 -1
    outer loop
      vertex 32 0 0
      vertex 25.616789181894752 10.669696006638906 0
      vertex 25.515544456622766 10.875 0
    endloop
  endfacet
  facet normal 0 0 -1
    outer loop
      vertex 32 0 0
      vertex 25.735028507404166 10.22842083638509 0
      vertex 25.69037019600587 10.452933328929412 0
    endloop
  endfacet
  facet normal 0 0 -1
    outer loop
      vertex 32 0 0
      vertex 25.69037019600587 10.452933328929412 0
      vertex 25.616789181894752 10.669696006638906 0
    endloop
  endfacet
  facet normal 0 0 -1
    outer loop
      vertex 32 0 0
      vertex 25.515544456622766 10.875 0
      vertex 25.38836834550966 36.93466749923474 0
    endloop
  endfacet
  facet normal 0 0 -1
    outer loop
      vertex 24.22842083638509 36.26497149259583 0
      vertex 24 11.75 0
      vertex 23.77157916361491 11.735028507404168 0
    endloop
  endfacet
  facet normal 0 0 -1
    outer loop
      vertex 24.22842083638509 11.735028507404168 0
      vertex 24 11.75 0
      vertex 24.22842083638509 36.26497149259583 0
    endloop
  endfacet
  facet normal 0 0 -1
    outer loop
      vertex 24.45293332892941 11.690370196005869 0
      vertex 24.22842083638509 11.735028507404168 0
      vertex 24.45293332892941 36.30962980399413 0
    endloop
  endfacet
  facet normal 0 0 -1
    outer loop
      vertex 24.669696006638908 11.616789181894752 0
      vertex 24.45293332892941 11.690370196005869 0
      vertex 24.669696006638908 36.38321081810525 0
    endloop
  endfacet
  facet normal 0 0 -1
    outer loop
      vertex 24.875 11.515544456622768 0
      vertex 24.669696006638908 11.616789181894752 0
      vertex 24.875 36.48445554337723 0
    endloop
  endfacet
  facet normal 0 0 -1
    outer loop
      vertex 25.065332500765262 11.388368345509662 0
      vertex 24.875 11.515544456622768 0
      vertex 25.065332500765262 36.61163165449034 0
    endloop
  endfacet
  facet normal 0 0 -1
    outer loop
      vertex 25.237436867076458 11.237436867076458 0
      vertex 25.065332500765262 11.388368345509662 0
      vertex 25.237436867076458 36.76256313292354 0
    endloop
  endfacet
  facet normal 0 0 -1
    outer loop
      vertex 25.237436867076458 11.237436867076458 0
      vertex 25.38836834550966 36.93466749923474 0
      vertex 25.38836834550966 11.065332500765262 0
    endloop
  endfacet
  facet normal 0 0 -1
    outer loop
      vertex 25.38836834550966 11.065332500765262 0
      vertex 25.38836834550966 36.93466749923474 0
      vertex 25.515544456622766 10.875 0
    endloop
  endfacet
  facet normal 1 0 0
    outer loop
      vertex 32 0 0
      vertex 32 48 0
      vertex 32 0 4
    endloop
  endfacet
  facet normal 0 0 1
    outer loop
      vertex 0 0 4
      vertex 32 0 4
      vertex 23.77157916361491 8.264971492595832 4
    endloop
  endfacet
  facet normal 0 0 1
    outer loop
      vertex 9.388368345509662 8.934667499234738 4
      vertex 22.61163165449034 8.934667499234738 4
      vertex 22.484455543377234 9.125 4
    endloop
  endfacet
  facet normal 0 0 1
    outer loop
      vertex 9.237436867076458 8.762563132923542 4
      vertex 22.762563132923542 8.762563132923542 4
      vertex 22.61163165449034 8.934667499234738 4
    endloop
  endfacet
  facet normal 0 0 1
    outer loop
      vertex 8.875 8.484455543377232 4
      vertex 23.125 8.484455543377232 4
      vertex 22.934667499234738 8.611631654490338 4
    endloop
  endfacet
  facet normal 0 0 1
    outer loop
      vertex 9.065332500765262 8.611631654490338 4
      vertex 22.934667499234738 8.611631654490338 4
      vertex 22.762563132923542 8.762563132923542 4
    endloop
  endfacet
  facet normal 0 0 1
    outer loop
      vertex 9.515544456622768 9.125 4
      vertex 22.484455543377234 9.125 4
      vertex 22.383210818105248 9.330303993361094 4
    endloop
  endfacet
  facet normal 0 0 1
    outer loop
      vertex 9.616789181894752 9.330303993361094 4
      vertex 22.383210818105248 9.330303993361094 4
      vertex 22.30962980399413 9.547066671070588 4
    endloop
  endfacet
  facet normal 0 0 1
    outer loop
      vertex 9.690370196005869 9.547066671070588 4
      vertex 22.30962980399413 9.547066671070588 4
      vertex 22.264971492595834 9.77157916361491 4
    endloop
  endfacet
  facet normal 0 0 1
    outer loop
      vertex 9.735028507404168 9.77157916361491 4
      vertex 22.264971492595834 9.77157916361491 4
      vertex 22.25 10 4
    endloop
  endfacet
  facet normal 0 0 1
    outer loop
      vertex 9.75 10 4
      vertex 22.25 10 4
      vertex 22.264971492595834 10.22842083638509 4
    endloop
  endfacet
  facet normal 0 0 1
    outer loop
      vertex 9.735028507404168 10.22842083638509 4
      vertex 22.264971492595834 10.22842083638509 4
      vertex 22.30962980399413 10.452933328929412 4
    endloop
  endfacet
  facet normal 0 0 1
    outer loop
      vertex 9.690370196005869 10.452933328929412 4
      vertex 22.30962980399413 10.452933328929412 4
      vertex 22.383210818105248 10.669696006638906 4
    endloop
  endfacet
  facet normal 0 0 1
    outer loop
      vertex 9.616789181894752 10.669696006638906 4
      vertex 22.383210818105248 10.669696006638906 4
      vertex 22.484455543377234 10.875 4
    endloop
  endfacet
  facet normal 0 0 1
    outer loop
      vertex 7.77157916361491 36.26497149259583 4
      vertex 22.484455543377234 10.875 4
      vertex 22.61163165449034 11.065332500765262 4
    endloop
  endfacet
  facet normal 0 0 1
    outer loop
      vertex 7.77157916361491 36.26497149259583 4
      vertex 22.61163165449034 11.065332500765262 4
      vertex 22.762563132923542 11.237436867076458 4
    endloop
  endfacet
  facet normal 0 0 1
    outer loop
      vertex 7.77157916361491 36.26497149259583 4
      vertex 22.762563132923542 11.237436867076458 4
      vertex 22.934667499234738 11.388368345509662 4
    endloop
  endfacet
  facet normal 0 0 1
    outer loop
      vertex 7.77157916361491 36.26497149259583 4
      vertex 22.934667499234738 11.388368345509662 4
      vertex 23.125 11.515544456622768 4
    endloop
  endfacet
  facet normal 0 0 1
    outer loop
      vertex 7.77157916361491 36.26497149259583 4
      vertex 23.125 11.515544456622768 4
      vertex 23.330303993361092 11.616789181894752 4
    endloop
  endfacet
  facet normal 0 0 1
    outer loop
      vertex 7.77157916361491 36.26497149259583 4
      vertex 23.330303993361092 11.616789181894752 4
      vertex 23.54706667107059 11.690370196005869 4
    endloop
  endfacet
  facet normal 0 0 1
    outer loop
      vertex 7.77157916361491 36.26497149259583 4
      vertex 23.54706667107059 11.690370196005869 4
      vertex 23.77157916361491 11.735028507404168 4
    endloop
  endfacet
  facet normal 0 0 1
    outer loop
      vertex 7.77157916361491 36.26497149259583 4
      vertex 23.77157916361491 11.735028507404168 4
      vertex 24 11.75 4
    endloop
  endfacet
  facet normal 0 0 1
    outer loop
      vertex 7.77157916361491 36.26497149259583 4
      vertex 24 11.75 4
      vertex 24.22842083638509 11.735028507404168 4
    endloop
  endfacet
  facet normal 0 0 1
    outer loop
      vertex 9.616789181894752 37.33030399336109 4
      vertex 24.22842083638509 11.735028507404168 4
      vertex 24.45293332892941 11.690370196005869 4
    endloop
  endfacet
  facet normal 0 0 1
    outer loop
      vertex 9.690370196005869 37.54706667107059 4
      vertex 24.45293332892941 11.690370196005869 4
      vertex 24.669696006638908 11.616789181894752 4
    endloop
  endfacet
  facet normal 0 0 1
    outer loop
      vertex 32 0 4
      vertex 24 8.25 4
      vertex 23.77157916361491 8.264971492595832 4
    endloop
  endfacet
  facet normal 0 0 1
    outer loop
      vertex 32 0 4
      vertex 24.22842083638509 8.264971492595832 4
      vertex 24 8.25 4
    endloop
  endfacet
  facet normal 0 0 1
    outer loop
      vertex 32 0 4
      vertex 24.45293332892941 8.309629803994131 4
      vertex 24.22842083638509 8.264971492595832 4
    endloop
  endfacet
  facet normal 0 0 1
    outer loop
      vertex 32 0 4
      vertex 24.669696006638908 8.383210818105248 4
      vertex 24.45293332892941 8.309629803994131 4
    endloop
  endfacet
  facet normal 0 0 1
    outer loop
      vertex 32 0 4
      vertex 24.875 8.484455543377232 4
      vertex 24.669696006638908 8.383210818105248 4
    endloop
  endfacet
  facet normal 0 0 1
    outer loop
      vertex 32 0 4
      vertex 25.065332500765262 8.611631654490338 4
      vertex 24.875 8.484455543377232 4
    endloop
  endfacet
  facet normal 0 0 1
    outer loop
      vertex 32 0 4
      vertex 25.237436867076458 8.762563132923542 4
      vertex 25.065332500765262 8.611631654490338 4
    endloop
  endfacet
  facet normal 0 0 1
    outer loop
      vertex 32 0 4
      vertex 25.38836834550966 8.934667499234738 4
      vertex 25.237436867076458 8.762563132923542 4
    endloop
  endfacet
  facet normal 0 0 1
    outer loop
      vertex 32 0 4
      vertex 25.515544456622766 9.125 4
      vertex 25.38836834550966 8.934667499234738 4
    endloop
  endfacet
  facet normal 0 0 1
    outer loop
      vertex 32 0 4
      vertex 25.616789181894752 9.330303993361094 4
      vertex 25.515544456622766 9.125 4
    endloop
  endfacet
  facet normal 0 0 1
    outer loop
      vertex 32 0 4
      vertex 25.69037019600587 9.547066671070588 4
      vertex 25.616789181894752 9.330303993361094 4
    endloop
  endfacet
  facet normal 0 0 1
    outer loop
      vertex 32 0 4
      vertex 25.735028507404166 9.77157916361491 4
      vertex 25.69037019600587 9.547066671070588 4
    endloop
  endfacet
  facet normal 0 0 1
    outer loop
      vertex 24.669696006638908 11.616789181894752 4
      vertex 24.875 11.515544456622768 4
      vertex 24.22842083638509 36.26497149259583 4
    endloop
  endfacet
  facet normal 0 0 1
    outer loop
      vertex 24.875 11.515544456622768 4
      vertex 25.065332500765262 11.388368345509662 4
      vertex 24.669696006638908 36.38321081810525 4
    endloop
  endfacet
  facet normal 0 0 1
    outer loop
      vertex 25.69037019600587 10.452933328929412 4
      vertex 25.616789181894752 37.33030399336109 4
      vertex 25.616789181894752 10.669696006638906 4
    endloop
  endfacet
  facet normal 0 0 1
    outer loop
      vertex 25.75 10 4
      vertex 25.735028507404166 37.77157916361491 4
      vertex 25.735028507404166 10.22842083638509 4
    endloop
  endfacet
  facet normal 0 0 1
    outer loop
      vertex 25.735028507404166 10.22842083638509 4
      vertex 25.69037019600587 37.54706667107059 4
      vertex 25.69037019600587 10.452933328929412 4
    endloop
  endfacet
  facet normal 0 0 1
    outer loop
      vertex 25.065332500765262 11.388368345509662 4
      vertex 25.237436867076458 11.237436867076458 4
      vertex 24.875 36.48445554337723 4
    endloop
  endfacet
  facet normal 0 0 1
    outer loop
      vertex 25.38836834550966 11.065332500765262 4
      vertex 25.237436867076458 36.76256313292354 4
      vertex 25.237436867076458 11.237436867076458 4
    endloop
  endfacet
  facet normal 0 0 1
    outer loop
      vertex 25.515544456622766 10.875 4
      vertex 25.38836834550966 36.93466749923474 4
      vertex 25.38836834550966 11.065332500765262 4
    endloop
  endfacet
  facet normal 0 0 1
    outer loop
      vertex 25.616789181894752 10.669696006638906 4
      vertex 25.515544456622766 37.125 4
      vertex 25.515544456622766 10.875 4
    endloop
  endfacet
  facet normal 0 0 1
    outer loop
      vertex 32 48 4
      vertex 25.75 10 4
      vertex 25.735028507404166 9.77157916361491 4
    endloop
  endfacet
  facet normal 0 0 1
    outer loop
      vertex 32 0 4
      vertex 32 48 4
      vertex 25.735028507404166 9.77157916361491 4
    endloop
  endfacet
  facet normal 0 0 -1
    outer loop
      vertex 7.77157916361491 11.735028507404168 0
      vertex 22.61163165449034 36.93466749923474 0
      vertex 22.762563132923542 36.76256313292354 0
    endloop
  endfacet
  facet normal 0 0 -1
    outer loop
      vertex 7.77157916361491 11.735028507404168 0
      vertex 22.762563132923542 36.76256313292354 0
      vertex 22.934667499234738 36.61163165449034 0
    endloop
  endfacet
  facet normal 0 0 -1
    outer loop
      vertex 7.77157916361491 11.735028507404168 0
      vertex 22.934667499234738 36.61163165449034 0
      vertex 23.125 36.48445554337723 0
    endloop
  endfacet
  facet normal 0 0 -1
    outer loop
      vertex 7.5470666710705885 11.690370196005869 0
      vertex 22.30962980399413 37.54706667107059 0
      vertex 22.383210818105248 37.33030399336109 0
    endloop
  endfacet
  facet normal 0 0 -1
    outer loop
      vertex 7.330303993361093 11.616789181894752 0
      vertex 22.264971492595834 37.77157916361491 0
      vertex 22.30962980399413 37.54706667107059 0
    endloop
  endfacet
  facet normal 0 0 -1
    outer loop
      vertex 7.77157916361491 11.735028507404168 0
      vertex 22.484455543377234 37.125 0
      vertex 22.61163165449034 36.93466749923474 0
    endloop
  endfacet
  facet normal 0 0 -1
    outer loop
      vertex 7.77157916361491 11.735028507404168 0
      vertex 22.383210818105248 37.33030399336109 0
      vertex 22.484455543377234 37.125 0
    endloop
  endfacet
  facet normal 0 0 -1
    outer loop
      vertex 7.77157916361491 11.735028507404168 0
      vertex 23.125 36.48445554337723 0
      vertex 23.330303993361092 36.38321081810525 0
    endloop
  endfacet
  facet normal 0 0 -1
    outer loop
      vertex 7.77157916361491 11.735028507404168 0
      vertex 23.330303993361092 36.38321081810525 0
      vertex 23.54706667107059 36.30962980399413 0
    endloop
  endfacet
  facet normal 0 0 -1
    outer loop
      vertex 7.77157916361491 11.735028507404168 0
      vertex 23.54706667107059 36.30962980399413 0
      vertex 23.77157916361491 36.26497149259583 0
    endloop
  endfacet
  facet normal 0 0 -1
    outer loop
      vertex 7.77157916361491 11.735028507404168 0
      vertex 23.77157916361491 36.26497149259583 0
      vertex 24 36.25 0
    endloop
  endfacet
  facet normal 0 0 -1
    outer loop
      vertex 7.77157916361491 11.735028507404168 0
      vertex 24 36.25 0
      vertex 24.22842083638509 36.26497149259583 0
    endloop
  endfacet
  facet normal 0 0 -1
    outer loop
      vertex 9.75 38 0
      vertex 22.25 38 0
      vertex 22.264971492595834 37.77157916361491 0
    endloop
  endfacet
  facet normal 0 0 -1
    outer loop
      vertex 9.735028507404168 38.22842083638509 0
      vertex 22.264971492595834 38.22842083638509 0
      vertex 22.25 38 0
    endloop
  endfacet
  facet normal 0 0 -1
    outer loop
      vertex 9.690370196005869 38.45293332892941 0
      vertex 22.30962980399413 38.45293332892941 0
      vertex 22.264971492595834 38.22842083638509 0
    endloop
  endfacet
  facet normal 0 0 -1
    outer loop
      vertex 9.616789181894752 38.66969600663891 0
      vertex 22.383210818105248 38.66969600663891 0
      vertex 22.30962980399413 38.45293332892941 0
    endloop
  endfacet
  facet normal 0 0 -1
    outer loop
      vertex 9.515544456622768 38.875 0
      vertex 22.484455543377234 38.875 0
      vertex 22.383210818105248 38.66969600663891 0
    endloop
  endfacet
  facet normal 0 0 -1
    outer loop
      vertex 9.388368345509662 39.06533250076526 0
      vertex 22.61163165449034 39.06533250076526 0
      vertex 22.484455543377234 38.875 0
    endloop
  endfacet
  facet normal 0 0 -1
    outer loop
      vertex 9.237436867076458 39.23743686707646 0
      vertex 22.762563132923542 39.23743686707646 0
      vertex 22.61163165449034 39.06533250076526 0
    endloop
  endfacet
  facet normal 0 0 -1
    outer loop
      vertex 9.065332500765262 39.38836834550966 0
      vertex 22.934667499234738 39.38836834550966 0
      vertex 22.762563132923542 39.23743686707646 0
    endloop
  endfacet
  facet normal 0 0 -1
    outer loop
      vertex 8.875 39.51554445662277 0
      vertex 23.125 39.51554445662277 0
      vertex 22.934667499234738 39.38836834550966 0
    endloop
  endfacet
  facet normal 0 0 -1
    outer loop
      vertex 8.669696006638906 39.61678918189475 0
      vertex 23.330303993361092 39.61678918189475 0
      vertex 23.125 39.51554445662277 0
    endloop
  endfacet
  facet normal 0 0 -1
    outer loop
      vertex 8.452933328929412 39.69037019600587 0
      vertex 23.54706667107059 39.69037019600587 0
      vertex 23.330303993361092 39.61678918189475 0
    endloop
  endfacet
  facet normal 0 0 -1
    outer loop
      vertex 8.22842083638509 39.73502850740417 0
      vertex 23.77157916361491 39.73502850740417 0
      vertex 23.54706667107059 39.69037019600587 0
    endloop
  endfacet
  facet normal 0 0 -1
    outer loop
      vertex 0 48 0
      vertex 32 48 0
      vertex 23.77157916361491 39.73502850740417 0
    endloop
  endfacet
  facet normal 0 0 -1
    outer loop
      vertex 24.22842083638509 11.735028507404168 0
      vertex 24.22842083638509 36.26497149259583 0
      vertex 24.45293332892941 36.30962980399413 0
    endloop
  endfacet
  facet normal 0 0 -1
    outer loop
      vertex 24.45293332892941 11.690370196005869 0
      vertex 24.45293332892941 36.30962980399413 0
      vertex 24.669696006638908 36.38321081810525 0
    endloop
  endfacet
  facet normal 0 0 -1
    outer loop
      vertex 24.669696006638908 11.616789181894752 0
      vertex 24.669696006638908 36.38321081810525 0
      vertex 24.875 36.48445554337723 0
    endloop
  endfacet
  facet normal 0 0 -1
    outer loop
      vertex 24.875 11.515544456622768 0
      vertex 24.875 36.48445554337723 0
      vertex 25.065332500765262 36.61163165449034 0
    endloop
  endfacet
  facet normal 0 0 -1
    outer loop
      vertex 25.065332500765262 11.388368345509662 0
      vertex 25.065332500765262 36.61163165449034 0
      vertex 25.237436867076458 36.76256313292354 0
    endloop
  endfacet
  facet normal 0 0 -1
    outer loop
      vertex 25.237436867076458 11.237436867076458 0
      vertex 25.237436867076458 36.76256313292354 0
      vertex 25.38836834550966 36.93466749923474 0
    endloop
  endfacet
  facet normal 0 0 -1
    outer loop
      vertex 32 0 0
      vertex 25.38836834550966 36.93466749923474 0
      vertex 25.515544456622766 37.125 0
    endloop
  endfacet
  facet normal 0 0 -1
    outer loop
      vertex 32 0 0
      vertex 25.515544456622766 37.125 0
      vertex 25.616789181894752 37.33030399336109 0
    endloop
  endfacet
  facet normal 0 0 -1
    outer loop
      vertex 32 0 0
      vertex 25.616789181894752 37.33030399336109 0
      vertex 25.69037019600587 37.54706667107059 0
    endloop
  endfacet
  facet normal 0 0 -1
    outer loop
      vertex 32 0 0
      vertex 25.69037019600587 37.54706667107059 0
      vertex 25.735028507404166 37.77157916361491 0
    endloop
  endfacet
  facet normal 0 0 -1
    outer loop
      vertex 32 0 0
      vertex 25.735028507404166 37.77157916361491 0
      vertex 25.75 38 0
    endloop
  endfacet
  facet normal 0 0 -1
    outer loop
      vertex 32 0 0
      vertex 25.75 38 0
      vertex 25.735028507404166 38.22842083638509 0
    endloop
  endfacet
  facet normal 0 0 -1
    outer loop
      vertex 32 0 0
      vertex 25.735028507404166 38.22842083638509 0
      vertex 32 48 0
    endloop
  endfacet
  facet normal 0 0 -1
    outer loop
      vertex 32 48 0
      vertex 25.515544456622766 38.875 0
      vertex 25.38836834550966 39.06533250076526 0
    endloop
  endfacet
  facet normal 0 0 -1
    outer loop
      vertex 32 48 0
      vertex 25.616789181894752 38.66969600663891 0
      vertex 25.515544456622766 38.875 0
    endloop
  endfacet
  facet normal 0 0 -1
    outer loop
      vertex 32 48 0
      vertex 25.735028507404166 38.22842083638509 0
      vertex 25.69037019600587 38.45293332892941 0
    endloop
  endfacet
  facet normal 0 0 -1
    outer loop
      vertex 32 48 0
      vertex 25.69037019600587 38.45293332892941 0
      vertex 25.616789181894752 38.66969600663891 0
    endloop
  endfacet
  facet normal 0 0 -1
    outer loop
      vertex 32 48 0
      vertex 24 39.75 0
      vertex 23.77157916361491 39.73502850740417 0
    endloop
  endfacet
  facet normal 0 0 -1
    outer loop
      vertex 32 48 0
      vertex 24.22842083638509 39.73502850740417 0
      vertex 24 39.75 0
    endloop
  endfacet
  facet normal 0 0 -1
    outer loop
      vertex 32 48 0
      vertex 24.45293332892941 39.69037019600587 0
      vertex 24.22842083638509 39.73502850740417 0
    endloop
  endfacet
  facet normal 0 0 -1
    outer loop
      vertex 32 48 0
      vertex 24.669696006638908 39.61678918189475 0
      vertex 24.45293332892941 39.69037019600587 0
    endloop
  endfacet
  facet normal 0 0 -1
    outer loop
      vertex 32 48 0
      vertex 24.875 39.51554445662277 0
      vertex 24.669696006638908 39.61678918189475 0
    endloop
  endfacet
  facet normal 0 0 -1
    outer loop
      vertex 32 48 0
      vertex 25.065332500765262 39.38836834550966 0
      vertex 24.875 39.51554445662277 0
    endloop
  endfacet
  facet normal 0 0 -1
    outer loop
      vertex 32 48 0
      vertex 25.237436867076458 39.23743686707646 0
      vertex 25.065332500765262 39.38836834550966 0
    endloop
  endfacet
  facet normal 0 0 -1
    outer loop
      vertex 32 48 0
      vertex 25.38836834550966 39.06533250076526 0
      vertex 25.237436867076458 39.23743686707646 0
    endloop
  endfacet
  facet normal 0 0 1
    outer loop
      vertex 9.735028507404168 37.77157916361491 4
      vertex 24.669696006638908 11.616789181894752 4
      vertex 23.54706667107059 36.30962980399413 4
    endloop
  endfacet
  facet normal 0 0 1
    outer loop
      vertex 24.669696006638908 11.616789181894752 4
      vertex 23.77157916361491 36.26497149259583 4
      vertex 23.54706667107059 36.30962980399413 4
    endloop
  endfacet
  facet normal 0 1 0
    outer loop
      vertex 0 48 4
      vertex 32 48 4
      vertex 32 48 0
    endloop
  endfacet
  facet normal 0 0 1
    outer loop
      vertex 9.735028507404168 37.77157916361491 4
      vertex 22.484455543377234 37.125 4
      vertex 22.383210818105248 37.33030399336109 4
    endloop
  endfacet
  facet normal 0 0 1
    outer loop
      vertex 9.735028507404168 37.77157916361491 4
      vertex 22.934667499234738 36.61163165449034 4
      vertex 22.762563132923542 36.76256313292354 4
    endloop
  endfacet
  facet normal 0 0 1
    outer loop
      vertex 9.735028507404168 37.77157916361491 4
      vertex 22.61163165449034 36.93466749923474 4
      vertex 22.484455543377234 37.125 4
    endloop
  endfacet
  facet normal 0 0 1
    outer loop
      vertex 9.735028507404168 37.77157916361491 4
      vertex 22.762563132923542 36.76256313292354 4
      vertex 22.61163165449034 36.93466749923474 4
    endloop
  endfacet
  facet normal 0 0 1
    outer loop
      vertex 9.735028507404168 37.77157916361491 4
      vertex 23.125 36.48445554337723 4
      vertex 22.934667499234738 36.61163165449034 4
    endloop
  endfacet
  facet normal 0 0 1
    outer loop
      vertex 9.735028507404168 37.77157916361491 4
      vertex 23.330303993361092 36.38321081810525 4
      vertex 23.125 36.48445554337723 4
    endloop
  endfacet
  facet normal 0 0 1
    outer loop
      vertex 9.735028507404168 37.77157916361491 4
      vertex 23.54706667107059 36.30962980399413 4
      vertex 23.330303993361092 36.38321081810525 4
    endloop
  endfacet
  facet normal 0 0 1
    outer loop
      vertex 9.735028507404168 37.77157916361491 4
      vertex 22.30962980399413 37.54706667107059 4
      vertex 22.264971492595834 37.77157916361491 4
    endloop
  endfacet
  facet normal 0 0 1
    outer loop
      vertex 9.735028507404168 37.77157916361491 4
      vertex 22.264971492595834 37.77157916361491 4
      vertex 22.25 38 4
    endloop
  endfacet
  facet normal 0 0 1
    outer loop
      vertex 9.735028507404168 37.77157916361491 4
      vertex 22.383210818105248 37.33030399336109 4
      vertex 22.30962980399413 37.54706667107059 4
    endloop
  endfacet
  facet normal 0 0 1
    outer loop
      vertex 9.75 38 4
      vertex 22.25 38 4
      vertex 22.264971492595834 38.22842083638509 4
    endloop
  endfacet
  facet normal 0 0 1
    outer loop
      vertex 9.735028507404168 38.22842083638509 4
      vertex 22.264971492595834 38.22842083638509 4
      vertex 22.30962980399413 38.45293332892941 4
    endloop
  endfacet
  facet normal 0 0 1
    outer loop
      vertex 9.690370196005869 38.45293332892941 4
      vertex 22.30962980399413 38.45293332892941 4
      vertex 22.383210818105248 38.66969600663891 4
    endloop
  endfacet
  facet normal 0 0 1
    outer loop
      vertex 9.616789181894752 38.66969600663891 4
      vertex 22.383210818105248 38.66969600663891 4
      vertex 22.484455543377234 38.875 4
    endloop
  endfacet
  facet normal 0 0 1
    outer loop
      vertex 9.515544456622768 38.875 4
      vertex 22.484455543377234 38.875 4
      vertex 22.61163165449034 39.06533250076526 4
    endloop
  endfacet
  facet normal 0 0 1
    outer loop
      vertex 9.388368345509662 39.06533250076526 4
      vertex 22.61163165449034 39.06533250076526 4
      vertex 22.762563132923542 39.23743686707646 4
    endloop
  endfacet
  facet normal 0 0 1
    outer loop
      vertex 9.237436867076458 39.23743686707646 4
      vertex 22.762563132923542 39.23743686707646 4
      vertex 22.934667499234738 39.38836834550966 4
    endloop
  endfacet
  facet normal 0 0 1
    outer loop
      vertex 9.065332500765262 39.38836834550966 4
      vertex 22.934667499234738 39.38836834550966 4
      vertex 23.125 39.51554445662277 4
    endloop
  endfacet
  facet normal 0 0 1
    outer loop
      vertex 8.875 39.51554445662277 4
      vertex 23.125 39.51554445662277 4
      vertex 23.330303993361092 39.61678918189475 4
    endloop
  endfacet
  facet normal 0 0 1
    outer loop
      vertex 8.669696006638906 39.61678918189475 4
      vertex 23.330303993361092 39.61678918189475 4
      vertex 23.54706667107059 39.69037019600587 4
    endloop
  endfacet
  facet normal 0 0 1
    outer loop
      vertex 8.452933328929412 39.69037019600587 4
      vertex 23.54706667107059 39.69037019600587 4
      vertex 23.77157916361491 39.73502850740417 4
    endloop
  endfacet
  facet normal 0 0 1
    outer loop
      vertex 32 48 4
      vertex 8.22842083638509 39.73502850740417 4
      vertex 23.77157916361491 39.73502850740417 4
    endloop
  endfacet
  facet normal 1 0 0
    outer loop
      vertex 32 0 4
      vertex 32 48 0
      vertex 32 48 4
    endloop
  endfacet
  facet normal 0 0 1
    outer loop
      vertex 24.669696006638908 11.616789181894752 4
      vertex 24 36.25 4
      vertex 23.77157916361491 36.26497149259583 4
    endloop
  endfacet
  facet normal 0 0 1
    outer loop
      vertex 24.669696006638908 11.616789181894752 4
      vertex 24.22842083638509 36.26497149259583 4
      vertex 24 36.25 4
    endloop
  endfacet
  facet normal 0 0 1
    outer loop
      vertex 24.875 11.515544456622768 4
      vertex 24.45293332892941 36.30962980399413 4
      vertex 24.22842083638509 36.26497149259583 4
    endloop
  endfacet
  facet normal 0 0 1
    outer loop
      vertex 24.875 11.515544456622768 4
      vertex 24.669696006638908 36.38321081810525 4
      vertex 24.45293332892941 36.30962980399413 4
    endloop
  endfacet
  facet normal 0 0 1
    outer loop
      vertex 25.065332500765262 11.388368345509662 4
      vertex 24.875 36.48445554337723 4
      vertex 24.669696006638908 36.38321081810525 4
    endloop
  endfacet
  facet normal 0 0 1
    outer loop
      vertex 25.237436867076458 11.237436867076458 4
      vertex 25.065332500765262 36.61163165449034 4
      vertex 24.875 36.48445554337723 4
    endloop
  endfacet
  facet normal 0 0 1
    outer loop
      vertex 25.237436867076458 11.237436867076458 4
      vertex 25.237436867076458 36.76256313292354 4
      vertex 25.065332500765262 36.61163165449034 4
    endloop
  endfacet
  facet normal 0 0 1
    outer loop
      vertex 25.38836834550966 11.065332500765262 4
      vertex 25.38836834550966 36.93466749923474 4
      vertex 25.237436867076458 36.76256313292354 4
    endloop
  endfacet
  facet normal 0 0 1
    outer loop
      vertex 25.515544456622766 10.875 4
      vertex 25.515544456622766 37.125 4
      vertex 25.38836834550966 36.93466749923474 4
    endloop
  endfacet
  facet normal 0 0 1
    outer loop
      vertex 25.616789181894752 10.669696006638906 4
      vertex 25.616789181894752 37.33030399336109 4
      vertex 25.515544456622766 37.125 4
    endloop
  endfacet
  facet normal 0 0 1
    outer loop
      vertex 25.69037019600587 10.452933328929412 4
      vertex 25.69037019600587 37.54706667107059 4
      vertex 25.616789181894752 37.33030399336109 4
    endloop
  endfacet
  facet normal 0 0 1
    outer loop
      vertex 25.735028507404166 10.22842083638509 4
      vertex 25.735028507404166 37.77157916361491 4
      vertex 25.69037019600587 37.54706667107059 4
    endloop
  endfacet
  facet normal 0 0 1
    outer loop
      vertex 25.75 10 4
      vertex 25.75 38 4
      vertex 25.735028507404166 37.77157916361491 4
    endloop
  endfacet
  facet normal 0 0 1
    outer loop
      vertex 32 48 4
      vertex 25.75 38 4
      vertex 25.75 10 4
    endloop
  endfacet
  facet normal 0 0 1
    outer loop
      vertex 32 48 4
      vertex 25.38836834550966 39.06533250076526 4
      vertex 25.515544456622766 38.875 4
    endloop
  endfacet
  facet normal 0 0 1
    outer loop
      vertex 32 48 4
      vertex 25.515544456622766 38.875 4
      vertex 25.616789181894752 38.66969600663891 4
    endloop
  endfacet
  facet normal 0 0 1
    outer loop
      vertex 32 48 4
      vertex 25.735028507404166 38.22842083638509 4
      vertex 25.75 38 4
    endloop
  endfacet
  facet normal 0 0 1
    outer loop
      vertex 32 48 4
      vertex 25.69037019600587 38.45293332892941 4
      vertex 25.735028507404166 38.22842083638509 4
    endloop
  endfacet
  facet normal 0 0 1
    outer loop
      vertex 32 48 4
      vertex 25.616789181894752 38.66969600663891 4
      vertex 25.69037019600587 38.45293332892941 4
    endloop
  endfacet
  facet normal 0 0 1
    outer loop
      vertex 32 48 4
      vertex 23.77157916361491 39.73502850740417 4
      vertex 24 39.75 4
    endloop
  endfacet
  facet normal 0 0 1
    outer loop
      vertex 32 48 4
      vertex 24 39.75 4
      vertex 24.22842083638509 39.73502850740417 4
    endloop
  endfacet
  facet normal 0 0 1
    outer loop
      vertex 32 48 4
      vertex 24.22842083638509 39.73502850740417 4
      vertex 24.45293332892941 39.69037019600587 4
    endloop
  endfacet
  facet normal 0 0 1
    outer loop
      vertex 32 48 4
      vertex 24.45293332892941 39.69037019600587 4
      vertex 24.669696006638908 39.61678918189475 4
    endloop
  endfacet
  facet normal 0 0 1
    outer loop
      vertex 32 48 4
      vertex 24.669696006638908 39.61678918189475 4
      vertex 24.875 39.51554445662277 4
    endloop
  endfacet
  facet normal 0 0 1
    outer loop
      vertex 32 48 4
      vertex 24.875 39.51554445662277 4
      vertex 25.065332500765262 39.38836834550966 4
    endloop
  endfacet
  facet normal 0 0 1
    outer loop
      vertex 32 48 4
      vertex 25.065332500765262 39.38836834550966 4
      vertex 25.237436867076458 39.23743686707646 4
    endloop
  endfacet
  facet normal 0 0 1
    outer loop
      vertex 32 48 4
      vertex 25.237436867076458 39.23743686707646 4
      vertex 25.38836834550966 39.06533250076526 4
    endloop
  endfacet
endsolid OpenSCAD_Model
