solid OpenSCAD_Model
  facet normal 0 0 -1
    outer loop
      vertex 0 0 0
      vertex 0.9346674992347388 4.611631654490338 0
      vertex 1.125 4.484455543377233 0
    endloop
  endfacet
  facet normal 0 0 -1
    outer loop
      vertex 0 0 0
      vertex 1.125 4.484455543377233 0
      vertex 1.3303039933610927 4.3832108181052485 0
    endloop
  endfacet
  facet normal 0 0 -1
    outer loop
      vertex 0 0 0
      vertex 0.6116316544903384 4.934667499234739 0
      vertex 0.7625631329235418 4.762563132923542 0
    endloop
  endfacet
  facet normal 0 0 -1
    outer loop
      vertex 0 0 0
      vertex 0.4844555433772324 5.125 0
      vertex 0.6116316544903384 4.934667499234739 0
    endloop
  endfacet
  facet normal 0 0 -1
    outer loop
      vertex 0 0 0
      vertex 0.7625631329235418 4.762563132923542 0
      vertex 0.9346674992347388 4.611631654490338 0
    endloop
  endfacet
  facet normal 0 0 -1
    outer loop
      vertex 0 0 0
      vertex 1.5470666710705887 4.309629803994131 0
      vertex 1.7715791636149096 4.264971492595832 0
    endloop
  endfacet
  facet normal 0 0 -1
    outer loop
      vertex 0 0 0
      vertex 1.3303039933610927 4.3832108181052485 0
      vertex 1.5470666710705887 4.309629803994131 0
    endloop
  endfacet
  facet normal 0 0 -1
    outer loop
      vertex 0 0 0
      vertex 1.7715791636149096 4.264971492595832 0
      vertex 2 4.25 0
    endloop
  endfacet
  facet normal 0 0 -1
    outer loop
      vertex 0 0 0
      vertex 2 4.25 0
      vertex 2.2284208363850904 4.264971492595832 0
    endloop
  endfacet
  facet normal 0 0 -1
    outer loop
      vertex 0 0 0
      vertex 2.2284208363850904 4.264971492595832 0
      vertex 2.4529333289294115 4.309629803994131 0
    endloop
  endfacet
  facet normal 0 0 -1
    outer loop
      vertex 0 0 0
      vertex 2.4529333289294115 4.309629803994131 0
      vertex 2.6696960066389073 4.3832108181052485 0
    endloop
  endfacet
  facet normal 0 0 -1
    outer loop
      vertex 0 0 0
      vertex 2.6696960066389073 4.3832108181052485 0
      vertex 2.875 4.484455543377233 0
    endloop
  endfacet
  facet normal 0 0 -1
    outer loop
      vertex 0 0 0
      vertex 2.875 4.484455543377233 0
      vertex 3.065332500765261 4.611631654490338 0
    endloop
  endfacet
  facet normal 0 0 -1
    outer loop
      vertex 0 0 0
      vertex 0.38321081810524826 5.330303993361093 0
      vertex 0.4844555433772324 5.125 0
    endloop
  endfacet
  facet normal 0 0 -1
    outer loop
      vertex 0 0 0
      vertex 0.30962980399413054 5.5470666710705885 0
      vertex 0.38321081810524826 5.330303993361093 0
    endloop
  endfacet
  facet normal 0 0 -1
    outer loop
      vertex 0 0 0
      vertex 0.26497149259583175 5.77157916361491 0
      vertex 0.30962980399413054 5.5470666710705885 0
    endloop
  endfacet
  facet normal 0 0 -1
    outer loop
      vertex 0 0 0
      vertex 0.25 6 0
      vertex 0.26497149259583175 5.77157916361491 0
    endloop
  endfacet
  facet normal 0 0 -1
    outer loop
      vertex 0 0 0
      vertex 0 12 0
      vertex 0.25 6 0
    endloop
  endfacet
  facet normal 0 0 -1
    outer loop
      vertex 0 0 0
      vertex 3.065332500765261 4.611631654490338 0
      vertex 12 12 0
    endloop
  endfacet
  facet normal 0 0 -1
    outer loop
      vertex 0.25 6 0
      vertex 0 12 0
      vertex 0.26497149259583175 6.22842083638509 0
    endloop
  endfacet
  facet normal 0 0 -1
    outer loop
      vertex 0.26497149259583175 6.22842083638509 0
      vertex 0 12 0
      vertex 0.30962980399413054 6.4529333289294115 0
    endloop
  endfacet
  facet normal 0 0 -1
    outer loop
      vertex 0.30962980399413054 6.4529333289294115 0
      vertex 0 12 0
      vertex 0.38321081810524826 6.669696006638907 0
    endloop
  endfacet
  facet normal 0 0 -1
    outer loop
      vertex 0.38321081810524826 6.669696006638907 0
      vertex 0 12 0
      vertex 0.4844555433772324 6.875 0
    endloop
  endfacet
  facet normal 0 0 -1
    outer loop
      vertex 0.4844555433772324 6.875 0
      vertex 0 12 0
      vertex 0.6116316544903384 7.065332500765261 0
    endloop
  endfacet
  facet normal 0 0 -1
    outer loop
      vertex 0.6116316544903384 7.065332500765261 0
      vertex 0 12 0
      vertex 0.7625631329235418 7.237436867076458 0
    endloop
  endfacet
  facet normal 0 0 -1
    outer loop
      vertex 0.7625631329235418 7.237436867076458 0
      vertex 0 12 0
      vertex 0.9346674992347388 7.388368345509662 0
    endloop
  endfacet
  facet normal 0 0 -1
    outer loop
      vertex 0.9346674992347388 7.388368345509662 0
      vertex 0 12 0
      vertex 1.125 7.515544456622767 0
    endloop
  endfacet
  facet normal 0 0 -1
    outer loop
      vertex 3.065332500765261 4.611631654490338 0
      vertex 3.2374368670764584 4.762563132923542 0
      vertex 12 12 0
    endloop
  endfacet
  facet normal 0 0 -1
    outer loop
      vertex 3.2374368670764584 4.762563132923542 0
      vertex 3.3883683455096616 4.934667499234739 0
      vertex 12 12 0
    endloop
  endfacet
  facet normal 0 0 -1
    outer loop
      vertex 3.3883683455096616 4.934667499234739 0
      vertex 3.5155444566227674 5.125 0
      vertex 12 12 0
    endloop
  endfacet
  facet normal 0 0 -1
    outer loop
      vertex 3.5155444566227674 5.125 0
      vertex 3.6167891818947515 5.330303993361093 0
      vertex 12 12 0
    endloop
  endfacet
  facet normal 0 0 -1
    outer loop
      vertex 3.6167891818947515 5.330303993361093 0
      vertex 3.6903701960058695 5.5470666710705885 0
      vertex 12 12 0
    endloop
  endfacet
  facet normal 0 0 -1
    outer loop
      vertex 3.6903701960058695 5.5470666710705885 0
      vertex 3.7350285074041683 5.77157916361491 0
      vertex 12 12 0
    endloop
  endfacet
  facet normal 0 0 -1
    outer loop
      vertex 3.7350285074041683 5.77157916361491 0
      vertex 3.75 6 0
      vertex 12 12 0
    endloop
  endfacet
  facet normal 0 0 -1
    outer loop
      vertex 3.75 6 0
      vertex 3.7350285074041683 6.22842083638509 0
      vertex 12 12 0
    endloop
  endfacet
  facet normal 0 0 -1
    outer loop
      vertex 3.7350285074041683 6.22842083638509 0
      vertex 3.6903701960058695 6.4529333289294115 0
      vertex 12 12 0
    endloop
  endfacet
  facet normal 0 0 -1
    outer loop
      vertex 3.6903701960058695 6.4529333289294115 0
      vertex 3.6167891818947515 6.669696006638907 0
      vertex 12 12 0
    endloop
  endfacet
  facet normal 0 0 -1
    outer loop
      vertex 3.6167891818947515 6.669696006638907 0
      vertex 3.5155444566227674 6.875 0
      vertex 12 12 0
    endloop
  endfacet
  facet normal 0 0 -1
    outer loop
      vertex 3.5155444566227674 6.875 0
      vertex 3.3883683455096616 7.065332500765261 0
      vertex 12 12 0
    endloop
  endfacet
  facet normal 0 0 -1
    outer loop
      vertex 3.2374368670764584 7.237436867076458 0
      vertex 3.065332500765261 7.388368345509662 0
      vertex 12 12 0
    endloop
  endfacet
  facet normal 0 0 -1
    outer loop
      vertex 3.065332500765261 7.388368345509662 0
      vertex 2.875 7.515544456622767 0
      vertex 12 12 0
    endloop
  endfacet
  facet normal 0 0 -1
    outer loop
      vertex 3.2374368670764584 7.237436867076458 0
      vertex 12 12 0
      vertex 3.3883683455096616 7.065332500765261 0
    endloop
  endfacet
  facet normal 0 0 -1
    outer loop
      vertex 0 0 0
      vertex 12 12 0
      vertex 72 12 0
    endloop
  endfacet
  facet normal -1 0 0
    outer loop
      vertex 0 0 0
      vertex 0 12 4
      vertex 0 12 0
    endloop
  endfacet
  facet normal 0 0 -1
    outer loop
      vertex 1.125 7.515544456622767 0
      vertex 0 12 0
      vertex 1.3303039933610927 7.6167891818947515 0
    endloop
  endfacet
  facet normal 0 0 -1
    outer loop
      vertex 1.3303039933610927 7.6167891818947515 0
      vertex 0 12 0
      vertex 1.5470666710705887 7.690370196005869 0
    endloop
  endfacet
  facet normal 0 0 -1
    outer loop
      vertex 1.5470666710705887 7.690370196005869 0
      vertex 0 12 0
      vertex 1.7715791636149096 7.735028507404168 0
    endloop
  endfacet
  facet normal 0 0 -1
    outer loop
      vertex 2.4529333289294115 7.690370196005869 0
      vertex 12 12 0
      vertex 2.6696960066389073 7.6167891818947515 0
    endloop
  endfacet
  facet normal 0 0 -1
    outer loop
      vertex 1.7715791636149096 7.735028507404168 0
      vertex 12 12 0
      vertex 2 7.75 0
    endloop
  endfacet
  facet normal 0 0 -1
    outer loop
      vertex 2 7.75 0
      vertex 12 12 0
      vertex 2.2284208363850904 7.735028507404168 0
    endloop
  endfacet
  facet normal 0 0 -1
    outer loop
      vertex 2.2284208363850904 7.735028507404168 0
      vertex 12 12 0
      vertex 2.4529333289294115 7.690370196005869 0
    endloop
  endfacet
  facet normal 0 0 -1
    outer loop
      vertex 2.6696960066389073 7.6167891818947515 0
      vertex 12 12 0
      vertex 2.875 7.515544456622767 0
    endloop
  endfacet
  facet normal 0 0 -1
    outer loop
      vertex 1.7715791636149096 7.735028507404168 0
      vertex 0 12 0
      vertex 12 12 0
    endloop
  endfacet
  facet normal 0 0 -1
    outer loop
      vertex 0 0 0
      vertex 72 12 0
      vertex 82 12 0
    endloop
  endfacet
  facet normal 0 1 0
    outer loop
      vertex 12 12 0
      vertex 12 12 4
      vertex 72 12 0
    endloop
  endfacet
  facet normal -1 0 0
    outer loop
      vertex 0 0 0
      vertex 0 0 4
      vertex 0 12 4
    endloop
  endfacet
  facet normal 0 0 1
    outer loop
      vertex 0 0 4
      vertex 1.125 4.484455543377233 4
      vertex 0.9346674992347388 4.611631654490338 4
    endloop
  endfacet
  facet normal 0 0 1
    outer loop
      vertex 0 0 4
      vertex 1.3303039933610927 4.3832108181052485 4
      vertex 1.125 4.484455543377233 4
    endloop
  endfacet
  facet normal 0 0 1
    outer loop
      vertex 0 0 4
      vertex 0.7625631329235418 4.762563132923542 4
      vertex 0.6116316544903384 4.934667499234739 4
    endloop
  endfacet
  facet normal 0 0 1
    outer loop
      vertex 0 0 4
      vertex 0.6116316544903384 4.934667499234739 4
      vertex 0.4844555433772324 5.125 4
    endloop
  endfacet
  facet normal 0 0 1
    outer loop
      vertex 0 0 4
      vertex 0.9346674992347388 4.611631654490338 4
      vertex 0.7625631329235418 4.762563132923542 4
    endloop
  endfacet
  facet normal 0 0 1
    outer loop
      vertex 0 0 4
      vertex 1.7715791636149096 4.264971492595832 4
      vertex 1.5470666710705887 4.309629803994131 4
    endloop
  endfacet
  facet normal 0 0 1
    outer loop
      vertex 0 0 4
      vertex 1.5470666710705887 4.309629803994131 4
      vertex 1.3303039933610927 4.3832108181052485 4
    endloop
  endfacet
  facet normal 0 0 1
    outer loop
      vertex 0 0 4
      vertex 2.2284208363850904 4.264971492595832 4
      vertex 2 4.25 4
    endloop
  endfacet
  facet normal 0 0 1
    outer loop
      vertex 0 0 4
      vertex 2 4.25 4
      vertex 1.7715791636149096 4.264971492595832 4
    endloop
  endfacet
  facet normal 0 0 1
    outer loop
      vertex 0 0 4
      vertex 2.4529333289294115 4.309629803994131 4
      vertex 2.2284208363850904 4.264971492595832 4
    endloop
  endfacet
  facet normal 0 0 1
    outer loop
      vertex 0 0 4
      vertex 2.6696960066389073 4.3832108181052485 4
      vertex 2.4529333289294115 4.309629803994131 4
    endloop
  endfacet
  facet normal 0 0 1
    outer loop
      vertex 0 0 4
      vertex 2.875 4.484455543377233 4
      vertex 2.6696960066389073 4.3832108181052485 4
    endloop
  endfacet
  facet normal 0 0 1
    outer loop
      vertex 0 0 4
      vertex 3.065332500765261 4.611631654490338 4
      vertex 2.875 4.484455543377233 4
    endloop
  endfacet
  facet normal 0 0 1
    outer loop
      vertex 0 0 4
      vertex 3.2374368670764584 4.762563132923542 4
      vertex 3.065332500765261 4.611631654490338 4
    endloop
  endfacet
  facet normal 0 0 1
    outer loop
      vertex 0 0 4
      vertex 3.3883683455096616 4.934667499234739 4
      vertex 3.2374368670764584 4.762563132923542 4
    endloop
  endfacet
  facet normal 0 0 1
    outer loop
      vertex 0 0 4
      vertex 0.4844555433772324 5.125 4
      vertex 0.38321081810524826 5.330303993361093 4
    endloop
  endfacet
  facet normal 0 0 1
    outer loop
      vertex 0 0 4
      vertex 0.38321081810524826 5.330303993361093 4
      vertex 0.30962980399413054 5.5470666710705885 4
    endloop
  endfacet
  facet normal 0 0 1
    outer loop
      vertex 0 0 4
      vertex 0.30962980399413054 5.5470666710705885 4
      vertex 0.26497149259583175 5.77157916361491 4
    endloop
  endfacet
  facet normal 0 0 1
    outer loop
      vertex 0 0 4
      vertex 0.26497149259583175 5.77157916361491 4
      vertex 0.25 6 4
    endloop
  endfacet
  facet normal 0 0 1
    outer loop
      vertex 0 0 4
      vertex 0.25 6 4
      vertex 0 12 4
    endloop
  endfacet
  facet normal 0 0 1
    outer loop
      vertex 0 0 4
      vertex 12 11.40983606557377 4
      vertex 3.3883683455096616 4.934667499234739 4
    endloop
  endfacet
  facet normal 0 0 1
    outer loop
      vertex 0.25 6 4
      vertex 0.26497149259583175 6.22842083638509 4
      vertex 0 12 4
    endloop
  endfacet
  facet normal 0 0 1
    outer loop
      vertex 0.26497149259583175 6.22842083638509 4
      vertex 0.30962980399413054 6.4529333289294115 4
      vertex 0 12 4
    endloop
  endfacet
  facet normal 0 0 1
    outer loop
      vertex 0.30962980399413054 6.4529333289294115 4
      vertex 0.38321081810524826 6.669696006638907 4
      vertex 0 12 4
    endloop
  endfacet
  facet normal 0 0 1
    outer loop
      vertex 0.38321081810524826 6.669696006638907 4
      vertex 0.4844555433772324 6.875 4
      vertex 0 12 4
    endloop
  endfacet
  facet normal 0 0 1
    outer loop
      vertex 0.4844555433772324 6.875 4
      vertex 0.6116316544903384 7.065332500765261 4
      vertex 0 12 4
    endloop
  endfacet
  facet normal 0 0 1
    outer loop
      vertex 0.6116316544903384 7.065332500765261 4
      vertex 0.7625631329235418 7.237436867076458 4
      vertex 0 12 4
    endloop
  endfacet
  facet normal 0 0 1
    outer loop
      vertex 0.7625631329235418 7.237436867076458 4
      vertex 0.9346674992347388 7.388368345509662 4
      vertex 0 12 4
    endloop
  endfacet
  facet normal 0 0 1
    outer loop
      vertex 0.9346674992347388 7.388368345509662 4
      vertex 1.125 7.515544456622767 4
      vertex 0 12 4
    endloop
  endfacet
  facet normal 0 0 1
    outer loop
      vertex 3.065332500765261 7.388368345509662 4
      vertex 0 12 4
      vertex 2.875 7.515544456622767 4
    endloop
  endfacet
  facet normal 0 0 1
    outer loop
      vertex 3.3883683455096616 4.934667499234739 4
      vertex 12 11.40983606557377 4
      vertex 3.5155444566227674 5.125 4
    endloop
  endfacet
  facet normal 0 0 1
    outer loop
      vertex 3.5155444566227674 5.125 4
      vertex 12 11.40983606557377 4
      vertex 3.6167891818947515 5.330303993361093 4
    endloop
  endfacet
  facet normal 0 0 1
    outer loop
      vertex 3.6167891818947515 5.330303993361093 4
      vertex 12 11.40983606557377 4
      vertex 3.6903701960058695 5.5470666710705885 4
    endloop
  endfacet
  facet normal 0 0 1
    outer loop
      vertex 3.6903701960058695 5.5470666710705885 4
      vertex 12 11.40983606557377 4
      vertex 3.7350285074041683 5.77157916361491 4
    endloop
  endfacet
  facet normal 0 0 1
    outer loop
      vertex 3.7350285074041683 5.77157916361491 4
      vertex 12 11.40983606557377 4
      vertex 3.75 6 4
    endloop
  endfacet
  facet normal 0 0 1
    outer loop
      vertex 3.75 6 4
      vertex 12 11.40983606557377 4
      vertex 3.7350285074041683 6.22842083638509 4
    endloop
  endfacet
  facet normal 0 0 1
    outer loop
      vertex 3.7350285074041683 6.22842083638509 4
      vertex 12 11.40983606557377 4
      vertex 3.6903701960058695 6.4529333289294115 4
    endloop
  endfacet
  facet normal 0 0 1
    outer loop
      vertex 3.6903701960058695 6.4529333289294115 4
      vertex 12 11.40983606557377 4
      vertex 3.6167891818947515 6.669696006638907 4
    endloop
  endfacet
  facet normal 0 0 1
    outer loop
      vertex 3.6167891818947515 6.669696006638907 4
      vertex 12 11.40983606557377 4
      vertex 3.5155444566227674 6.875 4
    endloop
  endfacet
  facet normal 0 0 1
    outer loop
      vertex 3.2374368670764584 7.237436867076458 4
      vertex 12 11.40983606557377 4
      vertex 3.065332500765261 7.388368345509662 4
    endloop
  endfacet
  facet normal 0 0 1
    outer loop
      vertex 3.5155444566227674 6.875 4
      vertex 12 11.40983606557377 4
      vertex 3.3883683455096616 7.065332500765261 4
    endloop
  endfacet
  facet normal 0 0 1
    outer loop
      vertex 3.2374368670764584 7.237436867076458 4
      vertex 3.3883683455096616 7.065332500765261 4
      vertex 12 11.40983606557377 4
    endloop
  endfacet
  facet normal 0 0 1
    outer loop
      vertex 1.125 7.515544456622767 4
      vertex 1.3303039933610927 7.6167891818947515 4
      vertex 0 12 4
    endloop
  endfacet
  facet normal 0 0 1
    outer loop
      vertex 1.3303039933610927 7.6167891818947515 4
      vertex 1.5470666710705887 7.690370196005869 4
      vertex 0 12 4
    endloop
  endfacet
  facet normal 0 0 1
    outer loop
      vertex 1.5470666710705887 7.690370196005869 4
      vertex 1.7715791636149096 7.735028507404168 4
      vertex 0 12 4
    endloop
  endfacet
  facet normal 0 0 1
    outer loop
      vertex 2 7.75 4
      vertex 2.2284208363850904 7.735028507404168 4
      vertex 0 12 4
    endloop
  endfacet
  facet normal 0 0 1
    outer loop
      vertex 1.7715791636149096 7.735028507404168 4
      vertex 2 7.75 4
      vertex 0 12 4
    endloop
  endfacet
  facet normal 0 0 1
    outer loop
      vertex 2.6696960066389073 7.6167891818947515 4
      vertex 2.875 7.515544456622767 4
      vertex 0 12 4
    endloop
  endfacet
  facet normal 0 0 1
    outer loop
      vertex 2.4529333289294115 7.690370196005869 4
      vertex 2.6696960066389073 7.6167891818947515 4
      vertex 0 12 4
    endloop
  endfacet
  facet normal 0 0 1
    outer loop
      vertex 2.2284208363850904 7.735028507404168 4
      vertex 2.4529333289294115 7.690370196005869 4
      vertex 0 12 4
    endloop
  endfacet
  facet normal 0 0 1
    outer loop
      vertex 3.065332500765261 7.388368345509662 4
      vertex 12 11.40983606557377 4
      vertex 0 12 4
    endloop
  endfacet
  facet normal 0 1 0
    outer loop
      vertex 12 12 4
      vertex 72 12 4
      vertex 72 12 0
    endloop
  endfacet
  facet normal 0 0 1
    outer loop
      vertex 12 11.40983606557377 4
      vertex 72 12 4
      vertex 12 12 4
    endloop
  endfacet
  facet normal 0 0 -1
    outer loop
      vertex 0 0 0
      vertex 82 12 0
      vertex 172 8.89655172413793 0
    endloop
  endfacet
  facet normal 0 -1 0
    outer loop
      vertex 0 0 0
      vertex 244 0 4
      vertex 0 0 4
    endloop
  endfacet
  facet normal 0 0 1
    outer loop
      vertex 0 0 4
      vertex 244 0 4
      vertex 12 11.40983606557377 4
    endloop
  endfacet
  facet normal 0 0 1
    outer loop
      vertex 12 11.40983606557377 4
      vertex 172 12 4
      vertex 72 12 4
    endloop
  endfacet
  facet normal 0 0 -1
    outer loop
      vertex 0 0 0
      vertex 172 8.89655172413793 0
      vertex 244 12 0
    endloop
  endfacet
  facet normal 0 0 -1
    outer loop
      vertex 0 0 0
      vertex 240.61163165449034 4.934667499234739 0
      vertex 244 0 0
    endloop
  endfacet
  facet normal 0 0 -1
    outer loop
      vertex 0 0 0
      vertex 240.48445554337724 5.125 0
      vertex 240.61163165449034 4.934667499234739 0
    endloop
  endfacet
  facet normal 0 0 -1
    outer loop
      vertex 0 0 0
      vertex 240.38321081810525 5.330303993361093 0
      vertex 240.48445554337724 5.125 0
    endloop
  endfacet
  facet normal 0 0 -1
    outer loop
      vertex 0 0 0
      vertex 240.30962980399414 5.5470666710705885 0
      vertex 240.38321081810525 5.330303993361093 0
    endloop
  endfacet
  facet normal 0 0 -1
    outer loop
      vertex 0 0 0
      vertex 240.26497149259583 5.77157916361491 0
      vertex 240.30962980399414 5.5470666710705885 0
    endloop
  endfacet
  facet normal 0 0 -1
    outer loop
      vertex 0 0 0
      vertex 240.25 6 0
      vertex 240.26497149259583 5.77157916361491 0
    endloop
  endfacet
  facet normal 0 0 -1
    outer loop
      vertex 0 0 0
      vertex 240.26497149259583 6.22842083638509 0
      vertex 240.25 6 0
    endloop
  endfacet
  facet normal 0 0 -1
    outer loop
      vertex 0 0 0
      vertex 240.30962980399414 6.4529333289294115 0
      vertex 240.26497149259583 6.22842083638509 0
    endloop
  endfacet
  facet normal 0 0 -1
    outer loop
      vertex 0 0 0
      vertex 240.38321081810525 6.669696006638907 0
      vertex 240.30962980399414 6.4529333289294115 0
    endloop
  endfacet
  facet normal 0 0 -1
    outer loop
      vertex 0 0 0
      vertex 240.48445554337724 6.875 0
      vertex 240.38321081810525 6.669696006638907 0
    endloop
  endfacet
  facet normal 0 0 -1
    outer loop
      vertex 0 0 0
      vertex 240.61163165449034 7.065332500765261 0
      vertex 240.48445554337724 6.875 0
    endloop
  endfacet
  facet normal 0 0 -1
    outer loop
      vertex 0 0 0
      vertex 244 12 0
      vertex 240.61163165449034 7.065332500765261 0
    endloop
  endfacet
  facet normal 0 -1 0
    outer loop
      vertex 0 0 0
      vertex 244 0 0
      vertex 244 0 4
    endloop
  endfacet
  facet normal 0 0 1
    outer loop
      vertex 12 11.40983606557377 4
      vertex 232 12 4
      vertex 172 12 4
    endloop
  endfacet
  facet normal 0 0 1
    outer loop
      vertex 12 11.40983606557377 4
      vertex 244 0 4
      vertex 242 4.25 4
    endloop
  endfacet
  facet normal 0 0 1
    outer loop
      vertex 12 11.40983606557377 4
      vertex 241.77157916361492 4.264971492595832 4
      vertex 241.54706667107058 4.309629803994131 4
    endloop
  endfacet
  facet normal 0 0 1
    outer loop
      vertex 12 11.40983606557377 4
      vertex 241.54706667107058 4.309629803994131 4
      vertex 241.3303039933611 4.3832108181052485 4
    endloop
  endfacet
  facet normal 0 0 1
    outer loop
      vertex 12 11.40983606557377 4
      vertex 242 4.25 4
      vertex 241.77157916361492 4.264971492595832 4
    endloop
  endfacet
  facet normal 0 0 1
    outer loop
      vertex 12 11.40983606557377 4
      vertex 241.3303039933611 4.3832108181052485 4
      vertex 241.125 4.484455543377233 4
    endloop
  endfacet
  facet normal 0 0 1
    outer loop
      vertex 12 11.40983606557377 4
      vertex 241.125 4.484455543377233 4
      vertex 240.93466749923473 4.611631654490338 4
    endloop
  endfacet
  facet normal 0 0 1
    outer loop
      vertex 12 11.40983606557377 4
      vertex 240.93466749923473 4.611631654490338 4
      vertex 240.76256313292353 4.762563132923542 4
    endloop
  endfacet
  facet normal 0 0 1
    outer loop
      vertex 12 11.40983606557377 4
      vertex 240.61163165449034 4.934667499234739 4
      vertex 240.48445554337724 5.125 4
    endloop
  endfacet
  facet normal 0 0 1
    outer loop
      vertex 12 11.40983606557377 4
      vertex 240.48445554337724 5.125 4
      vertex 240.38321081810525 5.330303993361093 4
    endloop
  endfacet
  facet normal 0 0 1
    outer loop
      vertex 12 11.40983606557377 4
      vertex 240.76256313292353 4.762563132923542 4
      vertex 240.61163165449034 4.934667499234739 4
    endloop
  endfacet
  facet normal 0 0 1
    outer loop
      vertex 12 11.40983606557377 4
      vertex 240.38321081810525 5.330303993361093 4
      vertex 240.30962980399414 5.5470666710705885 4
    endloop
  endfacet
  facet normal 0 0 1
    outer loop
      vertex 12 11.40983606557377 4
      vertex 240.30962980399414 5.5470666710705885 4
      vertex 240.26497149259583 5.77157916361491 4
    endloop
  endfacet
  facet normal 0 0 1
    outer loop
      vertex 12 11.40983606557377 4
      vertex 240.26497149259583 5.77157916361491 4
      vertex 240.25 6 4
    endloop
  endfacet
  facet normal 0 0 1
    outer loop
      vertex 12 11.40983606557377 4
      vertex 240.25 6 4
      vertex 240.26497149259583 6.22842083638509 4
    endloop
  endfacet
  facet normal 0 0 1
    outer loop
      vertex 12 11.40983606557377 4
      vertex 240.26497149259583 6.22842083638509 4
      vertex 240.30962980399414 6.4529333289294115 4
    endloop
  endfacet
  facet normal 0 0 1
    outer loop
      vertex 12 11.40983606557377 4
      vertex 240.30962980399414 6.4529333289294115 4
      vertex 240.38321081810525 6.669696006638907 4
    endloop
  endfacet
  facet normal 0 0 1
    outer loop
      vertex 12 11.40983606557377 4
      vertex 240.38321081810525 6.669696006638907 4
      vertex 240.48445554337724 6.875 4
    endloop
  endfacet
  facet normal 0 0 1
    outer loop
      vertex 12 11.40983606557377 4
      vertex 240.48445554337724 6.875 4
      vertex 240.61163165449034 7.065332500765261 4
    endloop
  endfacet
  facet normal 0 0 1
    outer loop
      vertex 12 11.40983606557377 4
      vertex 240.61163165449034 7.065332500765261 4
      vertex 240.76256313292353 7.237436867076458 4
    endloop
  endfacet
  facet normal 0 0 1
    outer loop
      vertex 12 11.40983606557377 4
      vertex 240.76256313292353 7.237436867076458 4
      vertex 240.93466749923473 7.388368345509662 4
    endloop
  endfacet
  facet normal 0 0 1
    outer loop
      vertex 12 11.40983606557377 4
      vertex 240.93466749923473 7.388368345509662 4
      vertex 241.125 7.515544456622767 4
    endloop
  endfacet
  facet normal 0 0 1
    outer loop
      vertex 12 11.40983606557377 4
      vertex 241.125 7.515544456622767 4
      vertex 241.3303039933611 7.6167891818947515 4
    endloop
  endfacet
  facet normal 0 0 1
    outer loop
      vertex 12 11.40983606557377 4
      vertex 241.3303039933611 7.6167891818947515 4
      vertex 241.54706667107058 7.690370196005869 4
    endloop
  endfacet
  facet normal 0 0 1
    outer loop
      vertex 12 11.40983606557377 4
      vertex 241.54706667107058 7.690370196005869 4
      vertex 241.77157916361492 7.735028507404168 4
    endloop
  endfacet
  facet normal 0 0 1
    outer loop
      vertex 12 11.40983606557377 4
      vertex 241.77157916361492 7.735028507404168 4
      vertex 242 7.75 4
    endloop
  endfacet
  facet normal 0 0 1
    outer loop
      vertex 12 11.40983606557377 4
      vertex 242 7.75 4
      vertex 244 10.285714285714286 4
    endloop
  endfacet
  facet normal 0 0 1
    outer loop
      vertex 12 11.40983606557377 4
      vertex 244 10.285714285714286 4
      vertex 242 12 4
    endloop
  endfacet
  facet normal 0 0 1
    outer loop
      vertex 12 11.40983606557377 4
      vertex 242 12 4
      vertex 232 12 4
    endloop
  endfacet
  facet normal 0 0 -1
    outer loop
      vertex 172 8.89655172413793 0
      vertex 172 12 0
      vertex 232 12 0
    endloop
  endfacet
  facet normal 0 1 0
    outer loop
      vertex 172 12 0
      vertex 172 12 4
      vertex 232 12 0
    endloop
  endfacet
  facet normal 0 0 -1
    outer loop
      vertex 244 0 0
      vertex 240.93466749923473 4.611631654490338 0
      vertex 241.125 4.484455543377233 0
    endloop
  endfacet
  facet normal 0 0 -1
    outer loop
      vertex 244 0 0
      vertex 240.61163165449034 4.934667499234739 0
      vertex 240.76256313292353 4.762563132923542 0
    endloop
  endfacet
  facet normal 0 0 -1
    outer loop
      vertex 244 0 0
      vertex 240.76256313292353 4.762563132923542 0
      vertex 240.93466749923473 4.611631654490338 0
    endloop
  endfacet
  facet normal 0 0 -1
    outer loop
      vertex 244 0 0
      vertex 241.3303039933611 4.3832108181052485 0
      vertex 241.54706667107058 4.309629803994131 0
    endloop
  endfacet
  facet normal 0 0 -1
    outer loop
      vertex 244 0 0
      vertex 241.54706667107058 4.309629803994131 0
      vertex 241.77157916361492 4.264971492595832 0
    endloop
  endfacet
  facet normal 0 0 -1
    outer loop
      vertex 244 0 0
      vertex 241.125 4.484455543377233 0
      vertex 241.3303039933611 4.3832108181052485 0
    endloop
  endfacet
  facet normal 0 0 -1
    outer loop
      vertex 244 0 0
      vertex 241.77157916361492 4.264971492595832 0
      vertex 242 4.25 0
    endloop
  endfacet
  facet normal 0 0 -1
    outer loop
      vertex 244 0 0
      vertex 242 4.25 0
      vertex 242.22842083638508 4.264971492595832 0
    endloop
  endfacet
  facet normal 0 0 -1
    outer loop
      vertex 244 0 0
      vertex 242.22842083638508 4.264971492595832 0
      vertex 242.45293332892942 4.309629803994131 0
    endloop
  endfacet
  facet normal 0 0 -1
    outer loop
      vertex 244 0 0
      vertex 242.45293332892942 4.309629803994131 0
      vertex 242.6696960066389 4.3832108181052485 0
    endloop
  endfacet
  facet normal 0 0 -1
    outer loop
      vertex 244 0 0
      vertex 242.6696960066389 4.3832108181052485 0
      vertex 242.875 4.484455543377233 0
    endloop
  endfacet
  facet normal 0 0 -1
    outer loop
      vertex 244 0 0
      vertex 242.875 4.484455543377233 0
      vertex 243.06533250076527 4.611631654490338 0
    endloop
  endfacet
  facet normal 0 0 -1
    outer loop
      vertex 244 0 0
      vertex 243.06533250076527 4.611631654490338 0
      vertex 243.23743686707647 4.762563132923542 0
    endloop
  endfacet
  facet normal 0 0 -1
    outer loop
      vertex 244 0 0
      vertex 243.23743686707647 4.762563132923542 0
      vertex 243.38836834550966 4.934667499234739 0
    endloop
  endfacet
  facet normal 0 0 -1
    outer loop
      vertex 244 0 0
      vertex 243.38836834550966 4.934667499234739 0
      vertex 243.51554445662276 5.125 0
    endloop
  endfacet
  facet normal 0 0 -1
    outer loop
      vertex 244 0 0
      vertex 243.51554445662276 5.125 0
      vertex 243.61678918189475 5.330303993361093 0
    endloop
  endfacet
  facet normal 0 0 -1
    outer loop
      vertex 244 0 0
      vertex 243.61678918189475 5.330303993361093 0
      vertex 243.69037019600586 5.5470666710705885 0
    endloop
  endfacet
  facet normal 0 0 -1
    outer loop
      vertex 244 0 0
      vertex 243.69037019600586 5.5470666710705885 0
      vertex 243.73502850740417 5.77157916361491 0
    endloop
  endfacet
  facet normal 0 0 -1
    outer loop
      vertex 244 0 0
      vertex 243.73502850740417 5.77157916361491 0
      vertex 243.75 6 0
    endloop
  endfacet
  facet normal 0 0 -1
    outer loop
      vertex 244 0 0
      vertex 243.75 6 0
      vertex 244 12 0
    endloop
  endfacet
  facet normal 0 0 -1
    outer loop
      vertex 240.61163165449034 7.065332500765261 0
      vertex 244 12 0
      vertex 240.76256313292353 7.237436867076458 0
    endloop
  endfacet
  facet normal 0 0 -1
    outer loop
      vertex 240.76256313292353 7.237436867076458 0
      vertex 244 12 0
      vertex 240.93466749923473 7.388368345509662 0
    endloop
  endfacet
  facet normal 0 0 -1
    outer loop
      vertex 240.93466749923473 7.388368345509662 0
      vertex 244 12 0
      vertex 241.125 7.515544456622767 0
    endloop
  endfacet
  facet normal 0 0 -1
    outer loop
      vertex 243.75 6 0
      vertex 243.73502850740417 6.22842083638509 0
      vertex 244 12 0
    endloop
  endfacet
  facet normal 0 0 -1
    outer loop
      vertex 243.73502850740417 6.22842083638509 0
      vertex 243.69037019600586 6.4529333289294115 0
      vertex 244 12 0
    endloop
  endfacet
  facet normal 0 0 -1
    outer loop
      vertex 243.69037019600586 6.4529333289294115 0
      vertex 243.61678918189475 6.669696006638907 0
      vertex 244 12 0
    endloop
  endfacet
  facet normal 0 0 -1
    outer loop
      vertex 243.61678918189475 6.669696006638907 0
      vertex 243.51554445662276 6.875 0
      vertex 244 12 0
    endloop
  endfacet
  facet normal 0 0 -1
    outer loop
      vertex 243.51554445662276 6.875 0
      vertex 243.38836834550966 7.065332500765261 0
      vertex 244 12 0
    endloop
  endfacet
  facet normal 0 0 -1
    outer loop
      vertex 243.23743686707647 7.237436867076458 0
      vertex 243.06533250076527 7.388368345509662 0
      vertex 244 12 0
    endloop
  endfacet
  facet normal 0 0 -1
    outer loop
      vertex 242.875 7.515544456622767 0
      vertex 244 12 0
      vertex 243.06533250076527 7.388368345509662 0
    endloop
  endfacet
  facet normal 0 0 -1
    outer loop
      vertex 243.38836834550966 7.065332500765261 0
      vertex 243.23743686707647 7.237436867076458 0
      vertex 244 12 0
    endloop
  endfacet
  facet normal 1 0 0
    outer loop
      vertex 244 0 0
      vertex 244 12 0
      vertex 244 0 4
    endloop
  endfacet
  facet normal 0 0 -1
    outer loop
      vertex 172 8.89655172413793 0
      vertex 232 12 0
      vertex 244 12 0
    endloop
  endfacet
  facet normal 0 0 -1
    outer loop
      vertex 241.125 7.515544456622767 0
      vertex 244 12 0
      vertex 241.3303039933611 7.6167891818947515 0
    endloop
  endfacet
  facet normal 0 0 -1
    outer loop
      vertex 241.3303039933611 7.6167891818947515 0
      vertex 244 12 0
      vertex 241.54706667107058 7.690370196005869 0
    endloop
  endfacet
  facet normal 0 0 -1
    outer loop
      vertex 241.54706667107058 7.690370196005869 0
      vertex 244 12 0
      vertex 241.77157916361492 7.735028507404168 0
    endloop
  endfacet
  facet normal 0 0 -1
    outer loop
      vertex 242.45293332892942 7.690370196005869 0
      vertex 244 12 0
      vertex 242.6696960066389 7.6167891818947515 0
    endloop
  endfacet
  facet normal 0 0 -1
    outer loop
      vertex 241.77157916361492 7.735028507404168 0
      vertex 244 12 0
      vertex 242 7.75 0
    endloop
  endfacet
  facet normal 0 0 -1
    outer loop
      vertex 242 7.75 0
      vertex 244 12 0
      vertex 242.22842083638508 7.735028507404168 0
    endloop
  endfacet
  facet normal 0 0 -1
    outer loop
      vertex 242.45293332892942 7.690370196005869 0
      vertex 242.22842083638508 7.735028507404168 0
      vertex 244 12 0
    endloop
  endfacet
  facet normal 0 0 -1
    outer loop
      vertex 242.875 7.515544456622767 0
      vertex 242.6696960066389 7.6167891818947515 0
      vertex 244 12 0
    endloop
  endfacet
  facet normal 0 1 0
    outer loop
      vertex 172 12 4
      vertex 232 12 4
      vertex 232 12 0
    endloop
  endfacet
  facet normal 1 0 0
    outer loop
      vertex 244 12 0
      vertex 244 10.285714285714286 4
      vertex 244 0 4
    endloop
  endfacet
  facet normal 0 0 1
    outer loop
      vertex 244 0 4
      vertex 242.22842083638508 4.264971492595832 4
      vertex 242 4.25 4
    endloop
  endfacet
  facet normal 0 0 1
    outer loop
      vertex 244 0 4
      vertex 242.45293332892942 4.309629803994131 4
      vertex 242.22842083638508 4.264971492595832 4
    endloop
  endfacet
  facet normal 0 0 1
    outer loop
      vertex 244 0 4
      vertex 242.6696960066389 4.3832108181052485 4
      vertex 242.45293332892942 4.309629803994131 4
    endloop
  endfacet
  facet normal 0 0 1
    outer loop
      vertex 244 0 4
      vertex 242.875 4.484455543377233 4
      vertex 242.6696960066389 4.3832108181052485 4
    endloop
  endfacet
  facet normal 0 0 1
    outer loop
      vertex 244 0 4
      vertex 243.06533250076527 4.611631654490338 4
      vertex 242.875 4.484455543377233 4
    endloop
  endfacet
  facet normal 0 0 1
    outer loop
      vertex 244 0 4
      vertex 243.23743686707647 4.762563132923542 4
      vertex 243.06533250076527 4.611631654490338 4
    endloop
  endfacet
  facet normal 0 0 1
    outer loop
      vertex 244 0 4
      vertex 243.38836834550966 4.934667499234739 4
      vertex 243.23743686707647 4.762563132923542 4
    endloop
  endfacet
  facet normal 0 0 1
    outer loop
      vertex 244 0 4
      vertex 243.51554445662276 5.125 4
      vertex 243.38836834550966 4.934667499234739 4
    endloop
  endfacet
  facet normal 0 0 1
    outer loop
      vertex 244 0 4
      vertex 243.61678918189475 5.330303993361093 4
      vertex 243.51554445662276 5.125 4
    endloop
  endfacet
  facet normal 0 0 1
    outer loop
      vertex 244 0 4
      vertex 243.69037019600586 5.5470666710705885 4
      vertex 243.61678918189475 5.330303993361093 4
    endloop
  endfacet
  facet normal 0 0 1
    outer loop
      vertex 244 0 4
      vertex 243.73502850740417 5.77157916361491 4
      vertex 243.69037019600586 5.5470666710705885 4
    endloop
  endfacet
  facet normal 0 0 1
    outer loop
      vertex 244 0 4
      vertex 243.75 6 4
      vertex 243.73502850740417 5.77157916361491 4
    endloop
  endfacet
  facet normal 0 0 1
    outer loop
      vertex 244 0 4
      vertex 244 10.285714285714286 4
      vertex 243.75 6 4
    endloop
  endfacet
  facet normal 0 0 1
    outer loop
      vertex 243.75 6 4
      vertex 244 10.285714285714286 4
      vertex 243.73502850740417 6.22842083638509 4
    endloop
  endfacet
  facet normal 0 0 1
    outer loop
      vertex 243.73502850740417 6.22842083638509 4
      vertex 244 10.285714285714286 4
      vertex 243.69037019600586 6.4529333289294115 4
    endloop
  endfacet
  facet normal 0 0 1
    outer loop
      vertex 243.69037019600586 6.4529333289294115 4
      vertex 244 10.285714285714286 4
      vertex 243.61678918189475 6.669696006638907 4
    endloop
  endfacet
  facet normal 0 0 1
    outer loop
      vertex 243.61678918189475 6.669696006638907 4
      vertex 244 10.285714285714286 4
      vertex 243.51554445662276 6.875 4
    endloop
  endfacet
  facet normal 0 0 1
    outer loop
      vertex 243.51554445662276 6.875 4
      vertex 244 10.285714285714286 4
      vertex 243.38836834550966 7.065332500765261 4
    endloop
  endfacet
  facet normal 0 0 1
    outer loop
      vertex 243.23743686707647 7.237436867076458 4
      vertex 244 10.285714285714286 4
      vertex 243.06533250076527 7.388368345509662 4
    endloop
  endfacet
  facet normal 0 0 1
    outer loop
      vertex 242.875 7.515544456622767 4
      vertex 243.06533250076527 7.388368345509662 4
      vertex 244 10.285714285714286 4
    endloop
  endfacet
  facet normal 0 0 1
    outer loop
      vertex 243.38836834550966 7.065332500765261 4
      vertex 244 10.285714285714286 4
      vertex 243.23743686707647 7.237436867076458 4
    endloop
  endfacet
  facet normal 0 0 1
    outer loop
      vertex 242.45293332892942 7.690370196005869 4
      vertex 242.6696960066389 7.6167891818947515 4
      vertex 244 10.285714285714286 4
    endloop
  endfacet
  facet normal 0 0 1
    outer loop
      vertex 242.45293332892942 7.690370196005869 4
      vertex 244 10.285714285714286 4
      vertex 242.22842083638508 7.735028507404168 4
    endloop
  endfacet
  facet normal 0 0 1
    outer loop
      vertex 242 7.75 4
      vertex 242.22842083638508 7.735028507404168 4
      vertex 244 10.285714285714286 4
    endloop
  endfacet
  facet normal 0 0 1
    outer loop
      vertex 242.875 7.515544456622767 4
      vertex 244 10.285714285714286 4
      vertex 242.6696960066389 7.6167891818947515 4
    endloop
  endfacet
  facet normal 1 0 0
    outer loop
      vertex 244 12 0
      vertex 244 12 3.666666666666667
      vertex 244 10.285714285714286 4
    endloop
  endfacet
  facet normal 0 0 -1
    outer loop
      vertex 0 60 0
      vertex 1.125 64.48445554337724 0
      vertex 1.3303039933610927 64.38321081810525 0
    endloop
  endfacet
  facet normal 0 0 -1
    outer loop
      vertex 0 60 0
      vertex 1.5470666710705887 64.30962980399413 0
      vertex 1.7715791636149096 64.26497149259583 0
    endloop
  endfacet
  facet normal 0 0 -1
    outer loop
      vertex 0 60 0
      vertex 2 64.25 0
      vertex 2.2284208363850904 64.26497149259583 0
    endloop
  endfacet
  facet normal 0 0 -1
    outer loop
      vertex 0 60 0
      vertex 1.7715791636149096 64.26497149259583 0
      vertex 2 64.25 0
    endloop
  endfacet
  facet normal 0 0 -1
    outer loop
      vertex 0 60 0
      vertex 1.3303039933610927 64.38321081810525 0
      vertex 1.5470666710705887 64.30962980399413 0
    endloop
  endfacet
  facet normal 0 0 -1
    outer loop
      vertex 0 60 0
      vertex 2.2284208363850904 64.26497149259583 0
      vertex 2.4529333289294115 64.30962980399413 0
    endloop
  endfacet
  facet normal 0 0 -1
    outer loop
      vertex 0 60 0
      vertex 2.4529333289294115 64.30962980399413 0
      vertex 2.6696960066389073 64.38321081810525 0
    endloop
  endfacet
  facet normal 0 0 -1
    outer loop
      vertex 0 60 0
      vertex 2.6696960066389073 64.38321081810525 0
      vertex 2.875 64.48445554337724 0
    endloop
  endfacet
  facet normal 0 0 -1
    outer loop
      vertex 0 60 0
      vertex 0.6116316544903384 64.93466749923473 0
      vertex 0.7625631329235418 64.76256313292355 0
    endloop
  endfacet
  facet normal 0 0 -1
    outer loop
      vertex 0 60 0
      vertex 0.9346674992347388 64.61163165449034 0
      vertex 1.125 64.48445554337724 0
    endloop
  endfacet
  facet normal 0 0 -1
    outer loop
      vertex 0 60 0
      vertex 0.7625631329235418 64.76256313292355 0
      vertex 0.9346674992347388 64.61163165449034 0
    endloop
  endfacet
  facet normal 0 0 -1
    outer loop
      vertex 0 60 0
      vertex 0.4844555433772324 65.125 0
      vertex 0.6116316544903384 64.93466749923473 0
    endloop
  endfacet
  facet normal 0 0 -1
    outer loop
      vertex 0 60 0
      vertex 0.38321081810524826 65.3303039933611 0
      vertex 0.4844555433772324 65.125 0
    endloop
  endfacet
  facet normal 0 0 -1
    outer loop
      vertex 0 60 0
      vertex 0.30962980399413054 65.5470666710706 0
      vertex 0.38321081810524826 65.3303039933611 0
    endloop
  endfacet
  facet normal 0 0 -1
    outer loop
      vertex 0 60 0
      vertex 0.26497149259583175 65.77157916361492 0
      vertex 0.30962980399413054 65.5470666710706 0
    endloop
  endfacet
  facet normal 0 0 -1
    outer loop
      vertex 0 60 0
      vertex 0.25 66 0
      vertex 0.26497149259583175 65.77157916361492 0
    endloop
  endfacet
  facet normal 0 0 -1
    outer loop
      vertex 0 60 0
      vertex 2.875 64.48445554337724 0
      vertex 3.065332500765261 64.61163165449034 0
    endloop
  endfacet
  facet normal 0 0 -1
    outer loop
      vertex 0 60 0
      vertex 3.065332500765261 64.61163165449034 0
      vertex 3.2374368670764584 64.76256313292355 0
    endloop
  endfacet
  facet normal 0 0 -1
    outer loop
      vertex 0 60 0
      vertex 3.2374368670764584 64.76256313292355 0
      vertex 3.3883683455096616 64.93466749923473 0
    endloop
  endfacet
  facet normal 0 0 -1
    outer loop
      vertex 0 60 0
      vertex 0 72 0
      vertex 0.25 66 0
    endloop
  endfacet
  facet normal 0 0 -1
    outer loop
      vertex 0.25 66 0
      vertex 0 72 0
      vertex 0.26497149259583175 66.22842083638508 0
    endloop
  endfacet
  facet normal 0 0 -1
    outer loop
      vertex 0.26497149259583175 66.22842083638508 0
      vertex 0 72 0
      vertex 0.30962980399413054 66.4529333289294 0
    endloop
  endfacet
  facet normal 0 0 -1
    outer loop
      vertex 0.30962980399413054 66.4529333289294 0
      vertex 0 72 0
      vertex 0.38321081810524826 66.6696960066389 0
    endloop
  endfacet
  facet normal 0 0 -1
    outer loop
      vertex 0.38321081810524826 66.6696960066389 0
      vertex 0 72 0
      vertex 0.4844555433772324 66.875 0
    endloop
  endfacet
  facet normal 0 0 -1
    outer loop
      vertex 0.4844555433772324 66.875 0
      vertex 0 72 0
      vertex 0.6116316544903384 67.06533250076527 0
    endloop
  endfacet
  facet normal 0 0 -1
    outer loop
      vertex 0.6116316544903384 67.06533250076527 0
      vertex 0 72 0
      vertex 0.7625631329235418 67.23743686707645 0
    endloop
  endfacet
  facet normal 0 0 -1
    outer loop
      vertex 0.7625631329235418 67.23743686707645 0
      vertex 0 72 0
      vertex 0.9346674992347388 67.38836834550966 0
    endloop
  endfacet
  facet normal 0 0 -1
    outer loop
      vertex 0.9346674992347388 67.38836834550966 0
      vertex 0 72 0
      vertex 1.125 67.51554445662276 0
    endloop
  endfacet
  facet normal 0 0 -1
    outer loop
      vertex 1.125 67.51554445662276 0
      vertex 0 72 0
      vertex 1.3303039933610927 67.61678918189475 0
    endloop
  endfacet
  facet normal 0 0 -1
    outer loop
      vertex 1.3303039933610927 67.61678918189475 0
      vertex 0 72 0
      vertex 1.5470666710705887 67.69037019600587 0
    endloop
  endfacet
  facet normal 0 0 -1
    outer loop
      vertex 1.5470666710705887 67.69037019600587 0
      vertex 0 72 0
      vertex 1.7715791636149096 67.73502850740417 0
    endloop
  endfacet
  facet normal 0 0 -1
    outer loop
      vertex 1.7715791636149096 67.73502850740417 0
      vertex 0 72 0
      vertex 2 67.75 0
    endloop
  endfacet
  facet normal -1 0 0
    outer loop
      vertex 0 60 0
      vertex 0 72 4
      vertex 0 72 0
    endloop
  endfacet
  facet normal 0 -1 0
    outer loop
      vertex 12 60 0
      vertex 72 60 0
      vertex 72 60 4
    endloop
  endfacet
  facet normal -1 0 0
    outer loop
      vertex 0 60 0
      vertex 0 60 4
      vertex 0 72 4
    endloop
  endfacet
  facet normal 0 -1 0
    outer loop
      vertex 12 60 0
      vertex 72 60 4
      vertex 12 60 4
    endloop
  endfacet
  facet normal 0 0 1
    outer loop
      vertex 12 60 4
      vertex 72 60 4
      vertex 81.68842729970326 60.18694362017804 4
    endloop
  endfacet
  facet normal 0 0 1
    outer loop
      vertex 12 60 4
      vertex 81.68842729970326 60.18694362017804 4
      vertex 12 71.40983606557377 4
    endloop
  endfacet
  facet normal 0 0 -1
    outer loop
      vertex 0 60 0
      vertex 3.3883683455096616 64.93466749923473 0
      vertex 244 72 0
    endloop
  endfacet
  facet normal 0 0 -1
    outer loop
      vertex 3.3883683455096616 64.93466749923473 0
      vertex 3.5155444566227674 65.125 0
      vertex 244 72 0
    endloop
  endfacet
  facet normal 0 0 -1
    outer loop
      vertex 3.5155444566227674 65.125 0
      vertex 3.6167891818947515 65.3303039933611 0
      vertex 244 72 0
    endloop
  endfacet
  facet normal 0 0 -1
    outer loop
      vertex 0 60 0
      vertex 244 72 0
      vertex 12 60 0
    endloop
  endfacet
  facet normal 0 0 -1
    outer loop
      vertex 3.6167891818947515 65.3303039933611 0
      vertex 3.6903701960058695 65.5470666710706 0
      vertex 244 72 0
    endloop
  endfacet
  facet normal 0 0 -1
    outer loop
      vertex 3.6903701960058695 65.5470666710706 0
      vertex 3.7350285074041683 65.77157916361492 0
      vertex 244 72 0
    endloop
  endfacet
  facet normal 0 0 -1
    outer loop
      vertex 3.7350285074041683 65.77157916361492 0
      vertex 3.75 66 0
      vertex 244 72 0
    endloop
  endfacet
  facet normal 0 0 -1
    outer loop
      vertex 3.75 66 0
      vertex 3.7350285074041683 66.22842083638508 0
      vertex 244 72 0
    endloop
  endfacet
  facet normal 0 0 -1
    outer loop
      vertex 3.7350285074041683 66.22842083638508 0
      vertex 3.6903701960058695 66.4529333289294 0
      vertex 244 72 0
    endloop
  endfacet
  facet normal 0 0 -1
    outer loop
      vertex 3.6903701960058695 66.4529333289294 0
      vertex 3.6167891818947515 66.6696960066389 0
      vertex 244 72 0
    endloop
  endfacet
  facet normal 0 0 -1
    outer loop
      vertex 3.6167891818947515 66.6696960066389 0
      vertex 3.5155444566227674 66.875 0
      vertex 244 72 0
    endloop
  endfacet
  facet normal 0 0 -1
    outer loop
      vertex 2 67.75 0
      vertex 244 72 0
      vertex 2.2284208363850904 67.73502850740417 0
    endloop
  endfacet
  facet normal 0 0 -1
    outer loop
      vertex 2.2284208363850904 67.73502850740417 0
      vertex 244 72 0
      vertex 2.4529333289294115 67.69037019600587 0
    endloop
  endfacet
  facet normal 0 0 -1
    outer loop
      vertex 3.5155444566227674 66.875 0
      vertex 3.3883683455096616 67.06533250076527 0
      vertex 244 72 0
    endloop
  endfacet
  facet normal 0 0 -1
    outer loop
      vertex 3.3883683455096616 67.06533250076527 0
      vertex 3.2374368670764584 67.23743686707645 0
      vertex 244 72 0
    endloop
  endfacet
  facet normal 0 0 -1
    outer loop
      vertex 3.2374368670764584 67.23743686707645 0
      vertex 3.065332500765261 67.38836834550966 0
      vertex 244 72 0
    endloop
  endfacet
  facet normal 0 0 -1
    outer loop
      vertex 3.065332500765261 67.38836834550966 0
      vertex 2.875 67.51554445662276 0
      vertex 244 72 0
    endloop
  endfacet
  facet normal 0 0 -1
    outer loop
      vertex 2.6696960066389073 67.61678918189475 0
      vertex 244 72 0
      vertex 2.875 67.51554445662276 0
    endloop
  endfacet
  facet normal 0 0 -1
    outer loop
      vertex 2.6696960066389073 67.61678918189475 0
      vertex 2.4529333289294115 67.69037019600587 0
      vertex 244 72 0
    endloop
  endfacet
  facet normal 0 0 -1
    outer loop
      vertex 2 67.75 0
      vertex 0 72 0
      vertex 244 72 0
    endloop
  endfacet
  facet normal 0 1 0
    outer loop
      vertex 0 72 0
      vertex 0 72 4
      vertex 244 72 0
    endloop
  endfacet
  facet normal 0 0 -1
    outer loop
      vertex 12 60 0
      vertex 244 72 0
      vertex 72 60 0
    endloop
  endfacet
  facet normal 0 0 1
    outer loop
      vertex 0 72 4
      vertex 12 71.40983606557377 4
      vertex 244 72 4
    endloop
  endfacet
  facet normal 0 0 1
    outer loop
      vertex 12 71.40983606557377 4
      vertex 81.68842729970326 60.18694362017804 4
      vertex 232 60.59016393442623 4
    endloop
  endfacet
  facet normal 0 0 -1
    outer loop
      vertex 72 60 0
      vertex 244 72 0
      vertex 172 60 0
    endloop
  endfacet
  facet normal 0 1 0
    outer loop
      vertex 0 72 4
      vertex 244 72 2
      vertex 244 72 0
    endloop
  endfacet
  facet normal 0 0 1
    outer loop
      vertex 81.68842729970326 60.18694362017804 4
      vertex 172 60 4
      vertex 232 60.59016393442623 4
    endloop
  endfacet
  facet normal 0 1 0
    outer loop
      vertex 0 72 4
      vertex 244 72 4
      vertex 244 72 2
    endloop
  endfacet
  facet normal 0 0 1
    outer loop
      vertex 12 71.40983606557377 4
      vertex 232 60.59016393442623 4
      vertex 244 72 4
    endloop
  endfacet
  facet normal 0 -1 0
    outer loop
      vertex 172 60 0
      vertex 232 60 0
      vertex 232 60 4
    endloop
  endfacet
  facet normal 0 0 -1
    outer loop
      vertex 232 60 0
      vertex 241.125 64.48445554337724 0
      vertex 244 60 0
    endloop
  endfacet
  facet normal 0 0 -1
    outer loop
      vertex 244 60 0
      vertex 241.54706667107058 64.30962980399413 0
      vertex 241.77157916361492 64.26497149259583 0
    endloop
  endfacet
  facet normal 0 0 -1
    outer loop
      vertex 244 60 0
      vertex 241.3303039933611 64.38321081810525 0
      vertex 241.54706667107058 64.30962980399413 0
    endloop
  endfacet
  facet normal 0 0 -1
    outer loop
      vertex 244 60 0
      vertex 241.125 64.48445554337724 0
      vertex 241.3303039933611 64.38321081810525 0
    endloop
  endfacet
  facet normal 0 0 -1
    outer loop
      vertex 244 60 0
      vertex 241.77157916361492 64.26497149259583 0
      vertex 242 64.25 0
    endloop
  endfacet
  facet normal 0 0 -1
    outer loop
      vertex 244 60 0
      vertex 242 64.25 0
      vertex 242.22842083638508 64.26497149259583 0
    endloop
  endfacet
  facet normal 0 0 -1
    outer loop
      vertex 244 60 0
      vertex 242.22842083638508 64.26497149259583 0
      vertex 242.45293332892942 64.30962980399413 0
    endloop
  endfacet
  facet normal 0 0 -1
    outer loop
      vertex 244 60 0
      vertex 242.45293332892942 64.30962980399413 0
      vertex 242.6696960066389 64.38321081810525 0
    endloop
  endfacet
  facet normal 0 0 -1
    outer loop
      vertex 244 60 0
      vertex 242.6696960066389 64.38321081810525 0
      vertex 242.875 64.48445554337724 0
    endloop
  endfacet
  facet normal 0 0 -1
    outer loop
      vertex 172 60 0
      vertex 244 72 0
      vertex 232 60 0
    endloop
  endfacet
  facet normal 0 0 -1
    outer loop
      vertex 232 60 0
      vertex 240.61163165449034 64.93466749923473 0
      vertex 240.76256313292353 64.76256313292355 0
    endloop
  endfacet
  facet normal 0 0 -1
    outer loop
      vertex 232 60 0
      vertex 240.93466749923473 64.61163165449034 0
      vertex 241.125 64.48445554337724 0
    endloop
  endfacet
  facet normal 0 0 -1
    outer loop
      vertex 232 60 0
      vertex 240.76256313292353 64.76256313292355 0
      vertex 240.93466749923473 64.61163165449034 0
    endloop
  endfacet
  facet normal 0 0 -1
    outer loop
      vertex 232 60 0
      vertex 240.48445554337724 65.125 0
      vertex 240.61163165449034 64.93466749923473 0
    endloop
  endfacet
  facet normal 0 0 -1
    outer loop
      vertex 232 60 0
      vertex 240.38321081810525 65.3303039933611 0
      vertex 240.48445554337724 65.125 0
    endloop
  endfacet
  facet normal 0 0 -1
    outer loop
      vertex 232 60 0
      vertex 240.30962980399414 65.5470666710706 0
      vertex 240.38321081810525 65.3303039933611 0
    endloop
  endfacet
  facet normal 0 0 -1
    outer loop
      vertex 232 60 0
      vertex 240.26497149259583 65.77157916361492 0
      vertex 240.30962980399414 65.5470666710706 0
    endloop
  endfacet
  facet normal 0 0 -1
    outer loop
      vertex 232 60 0
      vertex 240.25 66 0
      vertex 240.26497149259583 65.77157916361492 0
    endloop
  endfacet
  facet normal 0 0 -1
    outer loop
      vertex 232 60 0
      vertex 240.26497149259583 66.22842083638508 0
      vertex 240.25 66 0
    endloop
  endfacet
  facet normal 0 0 -1
    outer loop
      vertex 232 60 0
      vertex 240.30962980399414 66.4529333289294 0
      vertex 240.26497149259583 66.22842083638508 0
    endloop
  endfacet
  facet normal 0 0 -1
    outer loop
      vertex 232 60 0
      vertex 240.38321081810525 66.6696960066389 0
      vertex 240.30962980399414 66.4529333289294 0
    endloop
  endfacet
  facet normal 0 0 -1
    outer loop
      vertex 232 60 0
      vertex 240.48445554337724 66.875 0
      vertex 240.38321081810525 66.6696960066389 0
    endloop
  endfacet
  facet normal 0 0 -1
    outer loop
      vertex 232 60 0
      vertex 240.61163165449034 67.06533250076527 0
      vertex 240.48445554337724 66.875 0
    endloop
  endfacet
  facet normal 0 0 -1
    outer loop
      vertex 244 60 0
      vertex 242.875 64.48445554337724 0
      vertex 243.06533250076527 64.61163165449034 0
    endloop
  endfacet
  facet normal 0 0 -1
    outer loop
      vertex 244 60 0
      vertex 243.06533250076527 64.61163165449034 0
      vertex 243.23743686707647 64.76256313292355 0
    endloop
  endfacet
  facet normal 0 0 -1
    outer loop
      vertex 244 60 0
      vertex 243.23743686707647 64.76256313292355 0
      vertex 243.38836834550966 64.93466749923473 0
    endloop
  endfacet
  facet normal 0 0 -1
    outer loop
      vertex 244 60 0
      vertex 243.38836834550966 64.93466749923473 0
      vertex 243.51554445662276 65.125 0
    endloop
  endfacet
  facet normal 0 0 -1
    outer loop
      vertex 244 60 0
      vertex 243.51554445662276 65.125 0
      vertex 243.61678918189475 65.3303039933611 0
    endloop
  endfacet
  facet normal 0 0 -1
    outer loop
      vertex 244 60 0
      vertex 243.61678918189475 65.3303039933611 0
      vertex 243.69037019600586 65.5470666710706 0
    endloop
  endfacet
  facet normal 0 0 -1
    outer loop
      vertex 244 60 0
      vertex 243.69037019600586 65.5470666710706 0
      vertex 243.73502850740417 65.77157916361492 0
    endloop
  endfacet
  facet normal 0 0 -1
    outer loop
      vertex 244 60 0
      vertex 243.73502850740417 65.77157916361492 0
      vertex 243.75 66 0
    endloop
  endfacet
  facet normal 0 0 -1
    outer loop
      vertex 232 60 0
      vertex 244 72 0
      vertex 240.61163165449034 67.06533250076527 0
    endloop
  endfacet
  facet normal 0 0 -1
    outer loop
      vertex 244 60 0
      vertex 243.75 66 0
      vertex 244 72 0
    endloop
  endfacet
  facet normal 0 0 -1
    outer loop
      vertex 243.75 66 0
      vertex 243.73502850740417 66.22842083638508 0
      vertex 244 72 0
    endloop
  endfacet
  facet normal 0 0 -1
    outer loop
      vertex 243.73502850740417 66.22842083638508 0
      vertex 243.69037019600586 66.4529333289294 0
      vertex 244 72 0
    endloop
  endfacet
  facet normal 0 0 -1
    outer loop
      vertex 243.69037019600586 66.4529333289294 0
      vertex 243.61678918189475 66.6696960066389 0
      vertex 244 72 0
    endloop
  endfacet
  facet normal 0 0 -1
    outer loop
      vertex 243.51554445662276 66.875 0
      vertex 244 72 0
      vertex 243.61678918189475 66.6696960066389 0
    endloop
  endfacet
  facet normal 0 0 -1
    outer loop
      vertex 240.61163165449034 67.06533250076527 0
      vertex 244 72 0
      vertex 240.76256313292353 67.23743686707645 0
    endloop
  endfacet
  facet normal 0 0 -1
    outer loop
      vertex 240.76256313292353 67.23743686707645 0
      vertex 244 72 0
      vertex 240.93466749923473 67.38836834550966 0
    endloop
  endfacet
  facet normal 0 0 -1
    outer loop
      vertex 240.93466749923473 67.38836834550966 0
      vertex 244 72 0
      vertex 241.125 67.51554445662276 0
    endloop
  endfacet
  facet normal 0 0 -1
    outer loop
      vertex 241.125 67.51554445662276 0
      vertex 244 72 0
      vertex 241.3303039933611 67.61678918189475 0
    endloop
  endfacet
  facet normal 0 0 -1
    outer loop
      vertex 241.3303039933611 67.61678918189475 0
      vertex 244 72 0
      vertex 241.54706667107058 67.69037019600587 0
    endloop
  endfacet
  facet normal 0 0 -1
    outer loop
      vertex 241.54706667107058 67.69037019600587 0
      vertex 244 72 0
      vertex 241.77157916361492 67.73502850740417 0
    endloop
  endfacet
  facet normal 0 0 -1
    outer loop
      vertex 241.77157916361492 67.73502850740417 0
      vertex 244 72 0
      vertex 242 67.75 0
    endloop
  endfacet
  facet normal 0 0 -1
    outer loop
      vertex 242 67.75 0
      vertex 244 72 0
      vertex 242.22842083638508 67.73502850740417 0
    endloop
  endfacet
  facet normal 0 0 -1
    outer loop
      vertex 242.45293332892942 67.69037019600587 0
      vertex 244 72 0
      vertex 242.6696960066389 67.61678918189475 0
    endloop
  endfacet
  facet normal 0 0 -1
    outer loop
      vertex 242.22842083638508 67.73502850740417 0
      vertex 244 72 0
      vertex 242.45293332892942 67.69037019600587 0
    endloop
  endfacet
  facet normal 0 0 -1
    outer loop
      vertex 243.23743686707647 67.23743686707645 0
      vertex 243.06533250076527 67.38836834550966 0
      vertex 244 72 0
    endloop
  endfacet
  facet normal 0 0 -1
    outer loop
      vertex 243.51554445662276 66.875 0
      vertex 243.38836834550966 67.06533250076527 0
      vertex 244 72 0
    endloop
  endfacet
  facet normal 0 0 -1
    outer loop
      vertex 243.38836834550966 67.06533250076527 0
      vertex 243.23743686707647 67.23743686707645 0
      vertex 244 72 0
    endloop
  endfacet
  facet normal 0 0 -1
    outer loop
      vertex 242.6696960066389 67.61678918189475 0
      vertex 244 72 0
      vertex 242.875 67.51554445662276 0
    endloop
  endfacet
  facet normal 0 0 -1
    outer loop
      vertex 243.06533250076527 67.38836834550966 0
      vertex 242.875 67.51554445662276 0
      vertex 244 72 0
    endloop
  endfacet
  facet normal 1 0 0
    outer loop
      vertex 244 60 0
      vertex 244 72 0
      vertex 244 60 4
    endloop
  endfacet
  facet normal 1 0 0
    outer loop
      vertex 244 72 0
      vertex 244 72 2
      vertex 244 61.714285714285715 4
    endloop
  endfacet
  facet normal 0 -1 0
    outer loop
      vertex 172 60 0
      vertex 232 60 4
      vertex 172 60 4
    endloop
  endfacet
  facet normal 0 0 1
    outer loop
      vertex 172 60 4
      vertex 232 60 4
      vertex 232 60.59016393442623 4
    endloop
  endfacet
  facet normal 0 0 1
    outer loop
      vertex 232 60.59016393442623 4
      vertex 244 60 4
      vertex 244 61.714285714285715 4
    endloop
  endfacet
  facet normal 0 0 1
    outer loop
      vertex 232 60.59016393442623 4
      vertex 244 61.714285714285715 4
      vertex 242.22842083638508 64.26497149259583 4
    endloop
  endfacet
  facet normal 1 0 0
    outer loop
      vertex 244 72 0
      vertex 244 61.714285714285715 4
      vertex 244 60 4
    endloop
  endfacet
  facet normal 0 0 1
    outer loop
      vertex 232 60.59016393442623 4
      vertex 241.125 64.48445554337724 4
      vertex 240.93466749923473 64.61163165449034 4
    endloop
  endfacet
  facet normal 0 0 1
    outer loop
      vertex 232 60.59016393442623 4
      vertex 241.3303039933611 64.38321081810525 4
      vertex 241.125 64.48445554337724 4
    endloop
  endfacet
  facet normal 0 0 1
    outer loop
      vertex 232 60.59016393442623 4
      vertex 240.76256313292353 64.76256313292355 4
      vertex 240.61163165449034 64.93466749923473 4
    endloop
  endfacet
  facet normal 0 0 1
    outer loop
      vertex 232 60.59016393442623 4
      vertex 240.61163165449034 64.93466749923473 4
      vertex 240.48445554337724 65.125 4
    endloop
  endfacet
  facet normal 0 0 1
    outer loop
      vertex 232 60.59016393442623 4
      vertex 240.93466749923473 64.61163165449034 4
      vertex 240.76256313292353 64.76256313292355 4
    endloop
  endfacet
  facet normal 0 0 1
    outer loop
      vertex 232 60.59016393442623 4
      vertex 240.48445554337724 65.125 4
      vertex 240.38321081810525 65.3303039933611 4
    endloop
  endfacet
  facet normal 0 0 1
    outer loop
      vertex 232 60.59016393442623 4
      vertex 240.38321081810525 65.3303039933611 4
      vertex 240.30962980399414 65.5470666710706 4
    endloop
  endfacet
  facet normal 0 0 1
    outer loop
      vertex 232 60.59016393442623 4
      vertex 240.30962980399414 65.5470666710706 4
      vertex 240.26497149259583 65.77157916361492 4
    endloop
  endfacet
  facet normal 0 0 1
    outer loop
      vertex 232 60.59016393442623 4
      vertex 240.26497149259583 65.77157916361492 4
      vertex 240.25 66 4
    endloop
  endfacet
  facet normal 0 0 1
    outer loop
      vertex 232 60.59016393442623 4
      vertex 241.77157916361492 64.26497149259583 4
      vertex 241.54706667107058 64.30962980399413 4
    endloop
  endfacet
  facet normal 0 0 1
    outer loop
      vertex 232 60.59016393442623 4
      vertex 241.54706667107058 64.30962980399413 4
      vertex 241.3303039933611 64.38321081810525 4
    endloop
  endfacet
  facet normal 0 0 1
    outer loop
      vertex 232 60.59016393442623 4
      vertex 242.22842083638508 64.26497149259583 4
      vertex 242 64.25 4
    endloop
  endfacet
  facet normal 0 0 1
    outer loop
      vertex 232 60.59016393442623 4
      vertex 242 64.25 4
      vertex 241.77157916361492 64.26497149259583 4
    endloop
  endfacet
  facet normal 0 0 1
    outer loop
      vertex 232 60.59016393442623 4
      vertex 240.25 66 4
      vertex 240.26497149259583 66.22842083638508 4
    endloop
  endfacet
  facet normal 0 0 1
    outer loop
      vertex 232 60.59016393442623 4
      vertex 240.26497149259583 66.22842083638508 4
      vertex 240.30962980399414 66.4529333289294 4
    endloop
  endfacet
  facet normal 0 0 1
    outer loop
      vertex 232 60.59016393442623 4
      vertex 240.30962980399414 66.4529333289294 4
      vertex 240.38321081810525 66.6696960066389 4
    endloop
  endfacet
  facet normal 0 0 1
    outer loop
      vertex 232 60.59016393442623 4
      vertex 240.38321081810525 66.6696960066389 4
      vertex 240.48445554337724 66.875 4
    endloop
  endfacet
  facet normal 0 0 1
    outer loop
      vertex 232 60.59016393442623 4
      vertex 240.48445554337724 66.875 4
      vertex 240.61163165449034 67.06533250076527 4
    endloop
  endfacet
  facet normal 0 0 1
    outer loop
      vertex 232 60.59016393442623 4
      vertex 240.61163165449034 67.06533250076527 4
      vertex 240.76256313292353 67.23743686707645 4
    endloop
  endfacet
  facet normal 0 0 1
    outer loop
      vertex 232 60.59016393442623 4
      vertex 240.76256313292353 67.23743686707645 4
      vertex 240.93466749923473 67.38836834550966 4
    endloop
  endfacet
  facet normal 0 0 1
    outer loop
      vertex 244 61.714285714285715 4
      vertex 242.6696960066389 64.38321081810525 4
      vertex 242.45293332892942 64.30962980399413 4
    endloop
  endfacet
  facet normal 0 0 1
    outer loop
      vertex 244 61.714285714285715 4
      vertex 242.45293332892942 64.30962980399413 4
      vertex 242.22842083638508 64.26497149259583 4
    endloop
  endfacet
  facet normal 0 0 1
    outer loop
      vertex 244 61.714285714285715 4
      vertex 242.875 64.48445554337724 4
      vertex 242.6696960066389 64.38321081810525 4
    endloop
  endfacet
  facet normal 0 0 1
    outer loop
      vertex 244 61.714285714285715 4
      vertex 243.06533250076527 64.61163165449034 4
      vertex 242.875 64.48445554337724 4
    endloop
  endfacet
  facet normal 0 0 1
    outer loop
      vertex 244 61.714285714285715 4
      vertex 243.23743686707647 64.76256313292355 4
      vertex 243.06533250076527 64.61163165449034 4
    endloop
  endfacet
  facet normal 0 0 1
    outer loop
      vertex 244 61.714285714285715 4
      vertex 243.38836834550966 64.93466749923473 4
      vertex 243.23743686707647 64.76256313292355 4
    endloop
  endfacet
  facet normal 0 0 1
    outer loop
      vertex 244 61.714285714285715 4
      vertex 243.51554445662276 65.125 4
      vertex 243.38836834550966 64.93466749923473 4
    endloop
  endfacet
  facet normal 0 0 1
    outer loop
      vertex 244 61.714285714285715 4
      vertex 243.61678918189475 65.3303039933611 4
      vertex 243.51554445662276 65.125 4
    endloop
  endfacet
  facet normal 0 0 1
    outer loop
      vertex 244 61.714285714285715 4
      vertex 243.69037019600586 65.5470666710706 4
      vertex 243.61678918189475 65.3303039933611 4
    endloop
  endfacet
  facet normal 0 0 1
    outer loop
      vertex 244 61.714285714285715 4
      vertex 243.73502850740417 65.77157916361492 4
      vertex 243.69037019600586 65.5470666710706 4
    endloop
  endfacet
  facet normal 0 0 1
    outer loop
      vertex 244 61.714285714285715 4
      vertex 243.75 66 4
      vertex 243.73502850740417 65.77157916361492 4
    endloop
  endfacet
  facet normal 0 0 1
    outer loop
      vertex 232 60.59016393442623 4
      vertex 240.93466749923473 67.38836834550966 4
      vertex 244 72 4
    endloop
  endfacet
  facet normal 0 0 1
    outer loop
      vertex 244 61.714285714285715 4
      vertex 244 72 4
      vertex 243.75 66 4
    endloop
  endfacet
  facet normal 0 0 1
    outer loop
      vertex 243.75 66 4
      vertex 244 72 4
      vertex 243.73502850740417 66.22842083638508 4
    endloop
  endfacet
  facet normal 0 0 1
    outer loop
      vertex 243.73502850740417 66.22842083638508 4
      vertex 244 72 4
      vertex 243.69037019600586 66.4529333289294 4
    endloop
  endfacet
  facet normal 0 0 1
    outer loop
      vertex 243.69037019600586 66.4529333289294 4
      vertex 244 72 4
      vertex 243.61678918189475 66.6696960066389 4
    endloop
  endfacet
  facet normal 0 0 1
    outer loop
      vertex 243.51554445662276 66.875 4
      vertex 243.61678918189475 66.6696960066389 4
      vertex 244 72 4
    endloop
  endfacet
  facet normal 0 0 1
    outer loop
      vertex 240.93466749923473 67.38836834550966 4
      vertex 241.125 67.51554445662276 4
      vertex 244 72 4
    endloop
  endfacet
  facet normal 0 0 1
    outer loop
      vertex 241.125 67.51554445662276 4
      vertex 241.3303039933611 67.61678918189475 4
      vertex 244 72 4
    endloop
  endfacet
  facet normal 0 0 1
    outer loop
      vertex 241.3303039933611 67.61678918189475 4
      vertex 241.54706667107058 67.69037019600587 4
      vertex 244 72 4
    endloop
  endfacet
  facet normal 0 0 1
    outer loop
      vertex 241.54706667107058 67.69037019600587 4
      vertex 241.77157916361492 67.73502850740417 4
      vertex 244 72 4
    endloop
  endfacet
  facet normal 0 0 1
    outer loop
      vertex 242 67.75 4
      vertex 242.22842083638508 67.73502850740417 4
      vertex 244 72 4
    endloop
  endfacet
  facet normal 0 0 1
    outer loop
      vertex 241.77157916361492 67.73502850740417 4
      vertex 242 67.75 4
      vertex 244 72 4
    endloop
  endfacet
  facet normal 0 0 1
    outer loop
      vertex 242.45293332892942 67.69037019600587 4
      vertex 242.6696960066389 67.61678918189475 4
      vertex 244 72 4
    endloop
  endfacet
  facet normal 0 0 1
    outer loop
      vertex 242.22842083638508 67.73502850740417 4
      vertex 242.45293332892942 67.69037019600587 4
      vertex 244 72 4
    endloop
  endfacet
  facet normal 0 0 1
    outer loop
      vertex 243.23743686707647 67.23743686707645 4
      vertex 244 72 4
      vertex 243.06533250076527 67.38836834550966 4
    endloop
  endfacet
  facet normal 0 0 1
    outer loop
      vertex 243.51554445662276 66.875 4
      vertex 244 72 4
      vertex 243.38836834550966 67.06533250076527 4
    endloop
  endfacet
  facet normal 0 0 1
    outer loop
      vertex 243.38836834550966 67.06533250076527 4
      vertex 244 72 4
      vertex 243.23743686707647 67.23743686707645 4
    endloop
  endfacet
  facet normal 0 0 1
    outer loop
      vertex 242.6696960066389 67.61678918189475 4
      vertex 242.875 67.51554445662276 4
      vertex 244 72 4
    endloop
  endfacet
  facet normal 0 0 1
    outer loop
      vertex 243.06533250076527 67.38836834550966 4
      vertex 244 72 4
      vertex 242.875 67.51554445662276 4
    endloop
  endfacet
  facet normal 0 0 -1
    outer loop
      vertex 0 12 0
      vertex 12 60 0
      vertex 12 12 0
    endloop
  endfacet
  facet normal -1 0 0
    outer loop
      vertex 0 12 0
      vertex 0 12 4
      vertex 0 60 0
    endloop
  endfacet
  facet normal 1 0 0
    outer loop
      vertex 12 12 0
      vertex 12 60 4
      vertex 12 12 4
    endloop
  endfacet
  facet normal 0 0 1
    outer loop
      vertex 0 12 4
      vertex 12 11.40983606557377 4
      vertex 0 60 4
    endloop
  endfacet
  facet normal 0 0 1
    outer loop
      vertex 12 11.40983606557377 4
      vertex 12 12 4
      vertex 1.3303039933610927 64.38321081810525 4
    endloop
  endfacet
  facet normal 0 0 -1
    outer loop
      vertex 0 12 0
      vertex 0 60 0
      vertex 12 60 0
    endloop
  endfacet
  facet normal 1 0 0
    outer loop
      vertex 12 12 0
      vertex 12 60 0
      vertex 12 60 4
    endloop
  endfacet
  facet normal -1 0 0
    outer loop
      vertex 0 12 4
      vertex 0 60 4
      vertex 0 60 0
    endloop
  endfacet
  facet normal 0 0 1
    outer loop
      vertex 12 11.40983606557377 4
      vertex 1.3303039933610927 64.38321081810525 4
      vertex 0 60 4
    endloop
  endfacet
  facet normal 0 0 1
    outer loop
      vertex 12 12 4
      vertex 1.5470666710705887 64.30962980399413 4
      vertex 1.3303039933610927 64.38321081810525 4
    endloop
  endfacet
  facet normal 0 0 1
    outer loop
      vertex 12 12 4
      vertex 1.7715791636149096 64.26497149259583 4
      vertex 1.5470666710705887 64.30962980399413 4
    endloop
  endfacet
  facet normal 0 0 1
    outer loop
      vertex 12 12 4
      vertex 2 64.25 4
      vertex 1.7715791636149096 64.26497149259583 4
    endloop
  endfacet
  facet normal 0 0 1
    outer loop
      vertex 12 12 4
      vertex 12 60 4
      vertex 2 64.25 4
    endloop
  endfacet
  facet normal 0 0 1
    outer loop
      vertex 0 60 4
      vertex 1.3303039933610927 64.38321081810525 4
      vertex 1.125 64.48445554337724 4
    endloop
  endfacet
  facet normal 0 0 1
    outer loop
      vertex 12 60 4
      vertex 2.2284208363850904 64.26497149259583 4
      vertex 2 64.25 4
    endloop
  endfacet
  facet normal 0 0 1
    outer loop
      vertex 12 60 4
      vertex 2.4529333289294115 64.30962980399413 4
      vertex 2.2284208363850904 64.26497149259583 4
    endloop
  endfacet
  facet normal 0 0 1
    outer loop
      vertex 12 60 4
      vertex 2.6696960066389073 64.38321081810525 4
      vertex 2.4529333289294115 64.30962980399413 4
    endloop
  endfacet
  facet normal 0 0 1
    outer loop
      vertex 12 60 4
      vertex 2.875 64.48445554337724 4
      vertex 2.6696960066389073 64.38321081810525 4
    endloop
  endfacet
  facet normal 0 0 1
    outer loop
      vertex 0 60 4
      vertex 0.7625631329235418 64.76256313292355 4
      vertex 0.6116316544903384 64.93466749923473 4
    endloop
  endfacet
  facet normal 0 0 1
    outer loop
      vertex 0 60 4
      vertex 1.125 64.48445554337724 4
      vertex 0.9346674992347388 64.61163165449034 4
    endloop
  endfacet
  facet normal 0 0 1
    outer loop
      vertex 0 60 4
      vertex 0.9346674992347388 64.61163165449034 4
      vertex 0.7625631329235418 64.76256313292355 4
    endloop
  endfacet
  facet normal 0 0 1
    outer loop
      vertex 0 60 4
      vertex 0.6116316544903384 64.93466749923473 4
      vertex 0.4844555433772324 65.125 4
    endloop
  endfacet
  facet normal 0 0 1
    outer loop
      vertex 0 60 4
      vertex 0.4844555433772324 65.125 4
      vertex 0.38321081810524826 65.3303039933611 4
    endloop
  endfacet
  facet normal 0 0 1
    outer loop
      vertex 0 60 4
      vertex 0.38321081810524826 65.3303039933611 4
      vertex 0.30962980399413054 65.5470666710706 4
    endloop
  endfacet
  facet normal 0 0 1
    outer loop
      vertex 0 60 4
      vertex 0.30962980399413054 65.5470666710706 4
      vertex 0.26497149259583175 65.77157916361492 4
    endloop
  endfacet
  facet normal 0 0 1
    outer loop
      vertex 0 60 4
      vertex 0.26497149259583175 65.77157916361492 4
      vertex 0.25 66 4
    endloop
  endfacet
  facet normal 0 0 1
    outer loop
      vertex 12 60 4
      vertex 3.065332500765261 64.61163165449034 4
      vertex 2.875 64.48445554337724 4
    endloop
  endfacet
  facet normal 0 0 1
    outer loop
      vertex 12 60 4
      vertex 3.2374368670764584 64.76256313292355 4
      vertex 3.065332500765261 64.61163165449034 4
    endloop
  endfacet
  facet normal 0 0 1
    outer loop
      vertex 12 60 4
      vertex 3.3883683455096616 64.93466749923473 4
      vertex 3.2374368670764584 64.76256313292355 4
    endloop
  endfacet
  facet normal 0 0 1
    outer loop
      vertex 12 60 4
      vertex 3.5155444566227674 65.125 4
      vertex 3.3883683455096616 64.93466749923473 4
    endloop
  endfacet
  facet normal 0 0 1
    outer loop
      vertex 12 60 4
      vertex 3.6167891818947515 65.3303039933611 4
      vertex 3.5155444566227674 65.125 4
    endloop
  endfacet
  facet normal 0 0 1
    outer loop
      vertex 12 60 4
      vertex 3.6903701960058695 65.5470666710706 4
      vertex 3.6167891818947515 65.3303039933611 4
    endloop
  endfacet
  facet normal 0 0 1
    outer loop
      vertex 12 60 4
      vertex 3.7350285074041683 65.77157916361492 4
      vertex 3.6903701960058695 65.5470666710706 4
    endloop
  endfacet
  facet normal 0 0 1
    outer loop
      vertex 12 60 4
      vertex 3.75 66 4
      vertex 3.7350285074041683 65.77157916361492 4
    endloop
  endfacet
  facet normal 0 0 1
    outer loop
      vertex 12 60 4
      vertex 3.7350285074041683 66.22842083638508 4
      vertex 3.75 66 4
    endloop
  endfacet
  facet normal 0 0 1
    outer loop
      vertex 12 60 4
      vertex 3.6903701960058695 66.4529333289294 4
      vertex 3.7350285074041683 66.22842083638508 4
    endloop
  endfacet
  facet normal 0 0 1
    outer loop
      vertex 12 60 4
      vertex 3.6167891818947515 66.6696960066389 4
      vertex 3.6903701960058695 66.4529333289294 4
    endloop
  endfacet
  facet normal 0 0 1
    outer loop
      vertex 12 60 4
      vertex 3.5155444566227674 66.875 4
      vertex 3.6167891818947515 66.6696960066389 4
    endloop
  endfacet
  facet normal 0 0 1
    outer loop
      vertex 12 60 4
      vertex 3.3883683455096616 67.06533250076527 4
      vertex 3.5155444566227674 66.875 4
    endloop
  endfacet
  facet normal 0 0 1
    outer loop
      vertex 12 60 4
      vertex 3.065332500765261 67.38836834550966 4
      vertex 3.2374368670764584 67.23743686707645 4
    endloop
  endfacet
  facet normal 0 0 1
    outer loop
      vertex 12 60 4
      vertex 3.2374368670764584 67.23743686707645 4
      vertex 3.3883683455096616 67.06533250076527 4
    endloop
  endfacet
  facet normal 0 0 1
    outer loop
      vertex 0 60 4
      vertex 0.25 66 4
      vertex 0 72 4
    endloop
  endfacet
  facet normal 0 0 1
    outer loop
      vertex 12 60 4
      vertex 0 72 4
      vertex 3.065332500765261 67.38836834550966 4
    endloop
  endfacet
  facet normal 0 0 1
    outer loop
      vertex 0.25 66 4
      vertex 0.26497149259583175 66.22842083638508 4
      vertex 0 72 4
    endloop
  endfacet
  facet normal 0 0 1
    outer loop
      vertex 0.26497149259583175 66.22842083638508 4
      vertex 0.30962980399413054 66.4529333289294 4
      vertex 0 72 4
    endloop
  endfacet
  facet normal 0 0 1
    outer loop
      vertex 0.30962980399413054 66.4529333289294 4
      vertex 0.38321081810524826 66.6696960066389 4
      vertex 0 72 4
    endloop
  endfacet
  facet normal 0 0 1
    outer loop
      vertex 0.38321081810524826 66.6696960066389 4
      vertex 0.4844555433772324 66.875 4
      vertex 0 72 4
    endloop
  endfacet
  facet normal 0 0 1
    outer loop
      vertex 0.4844555433772324 66.875 4
      vertex 0.6116316544903384 67.06533250076527 4
      vertex 0 72 4
    endloop
  endfacet
  facet normal 0 0 1
    outer loop
      vertex 0.6116316544903384 67.06533250076527 4
      vertex 0.7625631329235418 67.23743686707645 4
      vertex 0 72 4
    endloop
  endfacet
  facet normal 0 0 1
    outer loop
      vertex 0.7625631329235418 67.23743686707645 4
      vertex 0.9346674992347388 67.38836834550966 4
      vertex 0 72 4
    endloop
  endfacet
  facet normal 0 0 1
    outer loop
      vertex 0.9346674992347388 67.38836834550966 4
      vertex 1.125 67.51554445662276 4
      vertex 0 72 4
    endloop
  endfacet
  facet normal 0 0 1
    outer loop
      vertex 1.125 67.51554445662276 4
      vertex 1.3303039933610927 67.61678918189475 4
      vertex 0 72 4
    endloop
  endfacet
  facet normal 0 0 1
    outer loop
      vertex 1.3303039933610927 67.61678918189475 4
      vertex 1.5470666710705887 67.69037019600587 4
      vertex 0 72 4
    endloop
  endfacet
  facet normal 0 0 1
    outer loop
      vertex 1.5470666710705887 67.69037019600587 4
      vertex 1.7715791636149096 67.73502850740417 4
      vertex 0 72 4
    endloop
  endfacet
  facet normal 0 0 1
    outer loop
      vertex 1.7715791636149096 67.73502850740417 4
      vertex 2 67.75 4
      vertex 0 72 4
    endloop
  endfacet
  facet normal 0 0 1
    outer loop
      vertex 2 67.75 4
      vertex 2.2284208363850904 67.73502850740417 4
      vertex 0 72 4
    endloop
  endfacet
  facet normal 0 0 1
    outer loop
      vertex 2.6696960066389073 67.61678918189475 4
      vertex 2.875 67.51554445662276 4
      vertex 0 72 4
    endloop
  endfacet
  facet normal 0 0 1
    outer loop
      vertex 2.2284208363850904 67.73502850740417 4
      vertex 2.4529333289294115 67.69037019600587 4
      vertex 0 72 4
    endloop
  endfacet
  facet normal 0 0 1
    outer loop
      vertex 2.6696960066389073 67.61678918189475 4
      vertex 0 72 4
      vertex 2.4529333289294115 67.69037019600587 4
    endloop
  endfacet
  facet normal 0 0 1
    outer loop
      vertex 3.065332500765261 67.38836834550966 4
      vertex 0 72 4
      vertex 2.875 67.51554445662276 4
    endloop
  endfacet
  facet normal 0 0 1
    outer loop
      vertex 12 60 4
      vertex 12 71.40983606557377 4
      vertex 0 72 4
    endloop
  endfacet
  facet normal 0 0 -1
    outer loop
      vertex 232 12 0
      vertex 244 60 0
      vertex 244 12 0
    endloop
  endfacet
  facet normal -1 0 0
    outer loop
      vertex 232 12 0
      vertex 232 12 4
      vertex 232 60 0
    endloop
  endfacet
  facet normal 1 0 0
    outer loop
      vertex 244 12 0
      vertex 244 60 4
      vertex 244 12 3.666666666666667
    endloop
  endfacet
  facet normal 0 0 1
    outer loop
      vertex 232 12 4
      vertex 242 12 4
      vertex 232 60 4
    endloop
  endfacet
  facet normal 1 0 0
    outer loop
      vertex 244 12 3.666666666666667
      vertex 244 60 4
      vertex 244 10.285714285714286 4
    endloop
  endfacet
  facet normal 0 0 1
    outer loop
      vertex 244 10.285714285714286 4
      vertex 244 60 4
      vertex 242 12 4
    endloop
  endfacet
  facet normal 0 0 -1
    outer loop
      vertex 232 12 0
      vertex 232 60 0
      vertex 244 60 0
    endloop
  endfacet
  facet normal 1 0 0
    outer loop
      vertex 244 12 0
      vertex 244 60 0
      vertex 244 60 4
    endloop
  endfacet
  facet normal -1 0 0
    outer loop
      vertex 232 12 4
      vertex 232 60 4
      vertex 232 60 0
    endloop
  endfacet
  facet normal 0 0 1
    outer loop
      vertex 242 12 4
      vertex 232 60.59016393442623 4
      vertex 232 60 4
    endloop
  endfacet
  facet normal 0 0 1
    outer loop
      vertex 242 12 4
      vertex 244 60 4
      vertex 232 60.59016393442623 4
    endloop
  endfacet
  facet normal 1 0 0
    outer loop
      vertex 244 72 2
      vertex 244 72 4
      vertex 244 61.714285714285715 4
    endloop
  endfacet
  facet normal 0.32143946530316064 0.946930129495106 0
    outer loop
      vertex 1.3303039933610927 4.3832108181052485 0
      vertex 1.3303039933610927 4.3832108181052485 4
      vertex 1.5470666710705887 4.309629803994131 0
    endloop
  endfacet
  facet normal 0.44228869021900136 0.8968727415326883 0
    outer loop
      vertex 1.125 4.484455543377233 0
      vertex 1.125 4.484455543377233 4
      vertex 1.3303039933610927 4.3832108181052485 0
    endloop
  endfacet
  facet normal 0.19509032201613055 0.98078528040323 0
    outer loop
      vertex 1.5470666710705887 4.309629803994131 0
      vertex 1.5470666710705887 4.309629803994131 4
      vertex 1.7715791636149096 4.264971492595832 0
    endloop
  endfacet
  facet normal 0.06540312923014291 0.9978589232386036 0
    outer loop
      vertex 1.7715791636149096 4.264971492595832 0
      vertex 1.7715791636149096 4.264971492595832 4
      vertex 2 4.25 0
    endloop
  endfacet
  facet normal -0.06540312923014291 0.9978589232386036 0
    outer loop
      vertex 2 4.25 0
      vertex 2 4.25 4
      vertex 2.2284208363850904 4.264971492595832 0
    endloop
  endfacet
  facet normal -0.19509032201613036 0.9807852804032301 0
    outer loop
      vertex 2.2284208363850904 4.264971492595832 0
      vertex 2.2284208363850904 4.264971492595832 4
      vertex 2.4529333289294115 4.309629803994131 0
    endloop
  endfacet
  facet normal -0.3214394653031609 0.9469301294951059 0
    outer loop
      vertex 2.4529333289294115 4.309629803994131 0
      vertex 2.4529333289294115 4.309629803994131 4
      vertex 2.6696960066389073 4.3832108181052485 0
    endloop
  endfacet
  facet normal -0.44228869021900136 0.8968727415326883 0
    outer loop
      vertex 2.6696960066389073 4.3832108181052485 0
      vertex 2.6696960066389073 4.3832108181052485 4
      vertex 2.875 4.484455543377233 0
    endloop
  endfacet
  facet normal 0.6593458151000686 0.7518398074789776 0
    outer loop
      vertex 0.9346674992347388 4.611631654490338 0
      vertex 0.7625631329235418 4.762563132923542 0
      vertex 0.7625631329235418 4.762563132923542 4
    endloop
  endfacet
  facet normal 0.7518398074789779 0.6593458151000682 0
    outer loop
      vertex 0.7625631329235418 4.762563132923542 0
      vertex 0.6116316544903384 4.934667499234739 0
      vertex 0.6116316544903384 4.934667499234739 4
    endloop
  endfacet
  facet normal 0.8314696123025452 0.5555702330196023 0
    outer loop
      vertex 0.6116316544903384 4.934667499234739 0
      vertex 0.4844555433772324 5.125 0
      vertex 0.4844555433772324 5.125 4
    endloop
  endfacet
  facet normal 0.5555702330196012 0.831469612302546 0
    outer loop
      vertex 1.125 4.484455543377233 0
      vertex 0.9346674992347388 4.611631654490338 0
      vertex 0.9346674992347388 4.611631654490338 4
    endloop
  endfacet
  facet normal 0.8968727415326883 0.44228869021900136 0
    outer loop
      vertex 0.38321081810524826 5.330303993361093 0
      vertex 0.38321081810524826 5.330303993361093 4
      vertex 0.4844555433772324 5.125 0
    endloop
  endfacet
  facet normal 0.9469301294951056 0.3214394653031618 0
    outer loop
      vertex 0.38321081810524826 5.330303993361093 0
      vertex 0.30962980399413054 5.5470666710705885 0
      vertex 0.30962980399413054 5.5470666710705885 4
    endloop
  endfacet
  facet normal -0.5555702330196015 0.8314696123025457 0
    outer loop
      vertex 2.875 4.484455543377233 0
      vertex 2.875 4.484455543377233 4
      vertex 3.065332500765261 4.611631654490338 0
    endloop
  endfacet
  facet normal -0.6593458151000676 0.7518398074789784 0
    outer loop
      vertex 3.065332500765261 4.611631654490338 0
      vertex 3.065332500765261 4.611631654490338 4
      vertex 3.2374368670764584 4.762563132923542 0
    endloop
  endfacet
  facet normal -0.7518398074789784 0.6593458151000676 0
    outer loop
      vertex 3.2374368670764584 4.762563132923542 0
      vertex 3.2374368670764584 4.762563132923542 4
      vertex 3.3883683455096616 4.934667499234739 0
    endloop
  endfacet
  facet normal -0.8314696123025457 0.5555702330196015 0
    outer loop
      vertex 3.3883683455096616 4.934667499234739 0
      vertex 3.3883683455096616 4.934667499234739 4
      vertex 3.5155444566227674 5.125 0
    endloop
  endfacet
  facet normal -0.8968727415326883 0.44228869021900136 0
    outer loop
      vertex 3.5155444566227674 5.125 0
      vertex 3.5155444566227674 5.125 4
      vertex 3.6167891818947515 5.330303993361093 0
    endloop
  endfacet
  facet normal -0.9469301294951054 0.3214394653031627 0
    outer loop
      vertex 3.6167891818947515 5.330303993361093 0
      vertex 3.6167891818947515 5.330303993361093 4
      vertex 3.6903701960058695 5.5470666710705885 0
    endloop
  endfacet
  facet normal -0.9807852804032305 0.19509032201612814 0
    outer loop
      vertex 3.6903701960058695 5.5470666710705885 0
      vertex 3.6903701960058695 5.5470666710705885 4
      vertex 3.7350285074041683 5.77157916361491 0
    endloop
  endfacet
  facet normal 0.9807852804032305 0.19509032201612814 0
    outer loop
      vertex 0.30962980399413054 5.5470666710705885 0
      vertex 0.26497149259583175 5.77157916361491 0
      vertex 0.26497149259583175 5.77157916361491 4
    endloop
  endfacet
  facet normal 0.9978589232386035 0.06540312923014302 0
    outer loop
      vertex 0.26497149259583175 5.77157916361491 0
      vertex 0.25 6 0
      vertex 0.25 6 4
    endloop
  endfacet
  facet normal 0.9978589232386035 -0.06540312923014302 0
    outer loop
      vertex 0.25 6 0
      vertex 0.26497149259583175 6.22842083638509 0
      vertex 0.26497149259583175 6.22842083638509 4
    endloop
  endfacet
  facet normal 0.9807852804032305 -0.19509032201612814 0
    outer loop
      vertex 0.26497149259583175 6.22842083638509 0
      vertex 0.30962980399413054 6.4529333289294115 0
      vertex 0.30962980399413054 6.4529333289294115 4
    endloop
  endfacet
  facet normal 0.9469301294951056 -0.3214394653031618 0
    outer loop
      vertex 0.30962980399413054 6.4529333289294115 0
      vertex 0.38321081810524826 6.669696006638907 0
      vertex 0.38321081810524826 6.669696006638907 4
    endloop
  endfacet
  facet normal -0.9978589232386035 0.06540312923014302 0
    outer loop
      vertex 3.7350285074041683 5.77157916361491 0
      vertex 3.7350285074041683 5.77157916361491 4
      vertex 3.75 6 0
    endloop
  endfacet
  facet normal -0.9978589232386035 -0.06540312923014302 0
    outer loop
      vertex 3.75 6 0
      vertex 3.75 6 4
      vertex 3.7350285074041683 6.22842083638509 0
    endloop
  endfacet
  facet normal -0.9807852804032305 -0.19509032201612814 0
    outer loop
      vertex 3.7350285074041683 6.22842083638509 0
      vertex 3.7350285074041683 6.22842083638509 4
      vertex 3.6903701960058695 6.4529333289294115 0
    endloop
  endfacet
  facet normal -0.9469301294951054 -0.3214394653031627 0
    outer loop
      vertex 3.6903701960058695 6.4529333289294115 0
      vertex 3.6903701960058695 6.4529333289294115 4
      vertex 3.6167891818947515 6.669696006638907 0
    endloop
  endfacet
  facet normal -0.8968727415326883 -0.44228869021900136 0
    outer loop
      vertex 3.6167891818947515 6.669696006638907 0
      vertex 3.6167891818947515 6.669696006638907 4
      vertex 3.5155444566227674 6.875 0
    endloop
  endfacet
  facet normal 0.8968727415326883 -0.44228869021900136 0
    outer loop
      vertex 0.38321081810524826 6.669696006638907 0
      vertex 0.4844555433772324 6.875 0
      vertex 0.4844555433772324 6.875 4
    endloop
  endfacet
  facet normal 0.8314696123025452 -0.5555702330196023 0
    outer loop
      vertex 0.4844555433772324 6.875 0
      vertex 0.6116316544903384 7.065332500765261 0
      vertex 0.6116316544903384 7.065332500765261 4
    endloop
  endfacet
  facet normal 0.7518398074789779 -0.6593458151000682 0
    outer loop
      vertex 0.6116316544903384 7.065332500765261 0
      vertex 0.7625631329235418 7.237436867076458 0
      vertex 0.7625631329235418 7.237436867076458 4
    endloop
  endfacet
  facet normal 0.6593458151000686 -0.7518398074789776 0
    outer loop
      vertex 0.7625631329235418 7.237436867076458 0
      vertex 0.9346674992347388 7.388368345509662 0
      vertex 0.9346674992347388 7.388368345509662 4
    endloop
  endfacet
  facet normal 0.5555702330196012 -0.831469612302546 0
    outer loop
      vertex 0.9346674992347388 7.388368345509662 0
      vertex 1.125 7.515544456622767 0
      vertex 1.125 7.515544456622767 4
    endloop
  endfacet
  facet normal 0.44228869021900136 -0.8968727415326883 0
    outer loop
      vertex 1.125 7.515544456622767 0
      vertex 1.3303039933610927 7.6167891818947515 0
      vertex 1.3303039933610927 7.6167891818947515 4
    endloop
  endfacet
  facet normal 0.32143946530316064 -0.946930129495106 0
    outer loop
      vertex 1.3303039933610927 7.6167891818947515 0
      vertex 1.5470666710705887 7.690370196005869 0
      vertex 1.5470666710705887 7.690370196005869 4
    endloop
  endfacet
  facet normal 0.19509032201613055 -0.98078528040323 0
    outer loop
      vertex 1.5470666710705887 7.690370196005869 0
      vertex 1.7715791636149096 7.735028507404168 0
      vertex 1.7715791636149096 7.735028507404168 4
    endloop
  endfacet
  facet normal -0.8314696123025457 -0.5555702330196015 0
    outer loop
      vertex 3.5155444566227674 6.875 0
      vertex 3.5155444566227674 6.875 4
      vertex 3.3883683455096616 7.065332500765261 0
    endloop
  endfacet
  facet normal -0.6593458151000676 -0.7518398074789784 0
    outer loop
      vertex 3.2374368670764584 7.237436867076458 0
      vertex 3.2374368670764584 7.237436867076458 4
      vertex 3.065332500765261 7.388368345509662 0
    endloop
  endfacet
  facet normal -0.7518398074789784 -0.6593458151000676 0
    outer loop
      vertex 3.2374368670764584 7.237436867076458 0
      vertex 3.3883683455096616 7.065332500765261 0
      vertex 3.3883683455096616 7.065332500765261 4
    endloop
  endfacet
  facet normal -0.44228869021900136 -0.8968727415326883 0
    outer loop
      vertex 2.6696960066389073 7.6167891818947515 0
      vertex 2.875 7.515544456622767 0
      vertex 2.875 7.515544456622767 4
    endloop
  endfacet
  facet normal -0.19509032201613036 -0.9807852804032301 0
    outer loop
      vertex 2.2284208363850904 7.735028507404168 0
      vertex 2.4529333289294115 7.690370196005869 0
      vertex 2.4529333289294115 7.690370196005869 4
    endloop
  endfacet
  facet normal 0.06540312923014291 -0.9978589232386036 0
    outer loop
      vertex 1.7715791636149096 7.735028507404168 0
      vertex 2 7.75 0
      vertex 2 7.75 4
    endloop
  endfacet
  facet normal -0.06540312923014291 -0.9978589232386036 0
    outer loop
      vertex 2 7.75 0
      vertex 2.2284208363850904 7.735028507404168 0
      vertex 2.2284208363850904 7.735028507404168 4
    endloop
  endfacet
  facet normal -0.3214394653031609 -0.9469301294951059 0
    outer loop
      vertex 2.4529333289294115 7.690370196005869 0
      vertex 2.6696960066389073 7.6167891818947515 0
      vertex 2.6696960066389073 7.6167891818947515 4
    endloop
  endfacet
  facet normal -0.5555702330196015 -0.8314696123025457 0
    outer loop
      vertex 3.065332500765261 7.388368345509662 0
      vertex 3.065332500765261 7.388368345509662 4
      vertex 2.875 7.515544456622767 0
    endloop
  endfacet
  facet normal 0.44228869021900136 0.8968727415326883 0
    outer loop
      vertex 1.3303039933610927 4.3832108181052485 0
      vertex 1.125 4.484455543377233 4
      vertex 1.3303039933610927 4.3832108181052485 4
    endloop
  endfacet
  facet normal 0.32143946530316064 0.946930129495106 0
    outer loop
      vertex 1.5470666710705887 4.309629803994131 0
      vertex 1.3303039933610927 4.3832108181052485 4
      vertex 1.5470666710705887 4.309629803994131 4
    endloop
  endfacet
  facet normal 0.19509032201613055 0.98078528040323 0
    outer loop
      vertex 1.7715791636149096 4.264971492595832 0
      vertex 1.5470666710705887 4.309629803994131 4
      vertex 1.7715791636149096 4.264971492595832 4
    endloop
  endfacet
  facet normal 0.06540312923014291 0.9978589232386036 0
    outer loop
      vertex 2 4.25 0
      vertex 1.7715791636149096 4.264971492595832 4
      vertex 2 4.25 4
    endloop
  endfacet
  facet normal -0.06540312923014291 0.9978589232386036 0
    outer loop
      vertex 2.2284208363850904 4.264971492595832 0
      vertex 2 4.25 4
      vertex 2.2284208363850904 4.264971492595832 4
    endloop
  endfacet
  facet normal -0.19509032201613036 0.9807852804032301 0
    outer loop
      vertex 2.4529333289294115 4.309629803994131 0
      vertex 2.2284208363850904 4.264971492595832 4
      vertex 2.4529333289294115 4.309629803994131 4
    endloop
  endfacet
  facet normal -0.3214394653031609 0.9469301294951059 0
    outer loop
      vertex 2.6696960066389073 4.3832108181052485 0
      vertex 2.4529333289294115 4.309629803994131 4
      vertex 2.6696960066389073 4.3832108181052485 4
    endloop
  endfacet
  facet normal -0.44228869021900136 0.8968727415326883 0
    outer loop
      vertex 2.875 4.484455543377233 0
      vertex 2.6696960066389073 4.3832108181052485 4
      vertex 2.875 4.484455543377233 4
    endloop
  endfacet
  facet normal 0.6593458151000686 0.7518398074789776 0
    outer loop
      vertex 0.9346674992347388 4.611631654490338 0
      vertex 0.7625631329235418 4.762563132923542 4
      vertex 0.9346674992347388 4.611631654490338 4
    endloop
  endfacet
  facet normal 0.7518398074789779 0.6593458151000682 0
    outer loop
      vertex 0.7625631329235418 4.762563132923542 0
      vertex 0.6116316544903384 4.934667499234739 4
      vertex 0.7625631329235418 4.762563132923542 4
    endloop
  endfacet
  facet normal 0.8314696123025452 0.5555702330196023 0
    outer loop
      vertex 0.6116316544903384 4.934667499234739 0
      vertex 0.4844555433772324 5.125 4
      vertex 0.6116316544903384 4.934667499234739 4
    endloop
  endfacet
  facet normal 0.5555702330196012 0.831469612302546 0
    outer loop
      vertex 1.125 4.484455543377233 0
      vertex 0.9346674992347388 4.611631654490338 4
      vertex 1.125 4.484455543377233 4
    endloop
  endfacet
  facet normal 0.8968727415326883 0.44228869021900136 0
    outer loop
      vertex 0.4844555433772324 5.125 0
      vertex 0.38321081810524826 5.330303993361093 4
      vertex 0.4844555433772324 5.125 4
    endloop
  endfacet
  facet normal 0.9469301294951056 0.3214394653031618 0
    outer loop
      vertex 0.38321081810524826 5.330303993361093 0
      vertex 0.30962980399413054 5.5470666710705885 4
      vertex 0.38321081810524826 5.330303993361093 4
    endloop
  endfacet
  facet normal 0.9807852804032305 0.19509032201612814 0
    outer loop
      vertex 0.30962980399413054 5.5470666710705885 0
      vertex 0.26497149259583175 5.77157916361491 4
      vertex 0.30962980399413054 5.5470666710705885 4
    endloop
  endfacet
  facet normal -0.5555702330196015 0.8314696123025457 0
    outer loop
      vertex 3.065332500765261 4.611631654490338 0
      vertex 2.875 4.484455543377233 4
      vertex 3.065332500765261 4.611631654490338 4
    endloop
  endfacet
  facet normal -0.6593458151000676 0.7518398074789784 0
    outer loop
      vertex 3.2374368670764584 4.762563132923542 0
      vertex 3.065332500765261 4.611631654490338 4
      vertex 3.2374368670764584 4.762563132923542 4
    endloop
  endfacet
  facet normal -0.7518398074789784 0.6593458151000676 0
    outer loop
      vertex 3.3883683455096616 4.934667499234739 0
      vertex 3.2374368670764584 4.762563132923542 4
      vertex 3.3883683455096616 4.934667499234739 4
    endloop
  endfacet
  facet normal -0.8314696123025457 0.5555702330196015 0
    outer loop
      vertex 3.5155444566227674 5.125 0
      vertex 3.3883683455096616 4.934667499234739 4
      vertex 3.5155444566227674 5.125 4
    endloop
  endfacet
  facet normal -0.8968727415326883 0.44228869021900136 0
    outer loop
      vertex 3.6167891818947515 5.330303993361093 0
      vertex 3.5155444566227674 5.125 4
      vertex 3.6167891818947515 5.330303993361093 4
    endloop
  endfacet
  facet normal -0.9469301294951054 0.3214394653031627 0
    outer loop
      vertex 3.6903701960058695 5.5470666710705885 0
      vertex 3.6167891818947515 5.330303993361093 4
      vertex 3.6903701960058695 5.5470666710705885 4
    endloop
  endfacet
  facet normal 0.9978589232386035 0.06540312923014302 0
    outer loop
      vertex 0.26497149259583175 5.77157916361491 0
      vertex 0.25 6 4
      vertex 0.26497149259583175 5.77157916361491 4
    endloop
  endfacet
  facet normal 0.9978589232386035 -0.06540312923014302 0
    outer loop
      vertex 0.25 6 0
      vertex 0.26497149259583175 6.22842083638509 4
      vertex 0.25 6 4
    endloop
  endfacet
  facet normal 0.9807852804032305 -0.19509032201612814 0
    outer loop
      vertex 0.26497149259583175 6.22842083638509 0
      vertex 0.30962980399413054 6.4529333289294115 4
      vertex 0.26497149259583175 6.22842083638509 4
    endloop
  endfacet
  facet normal 0.9469301294951056 -0.3214394653031618 0
    outer loop
      vertex 0.30962980399413054 6.4529333289294115 0
      vertex 0.38321081810524826 6.669696006638907 4
      vertex 0.30962980399413054 6.4529333289294115 4
    endloop
  endfacet
  facet normal 0.8968727415326883 -0.44228869021900136 0
    outer loop
      vertex 0.38321081810524826 6.669696006638907 0
      vertex 0.4844555433772324 6.875 4
      vertex 0.38321081810524826 6.669696006638907 4
    endloop
  endfacet
  facet normal -0.9807852804032305 0.19509032201612814 0
    outer loop
      vertex 3.7350285074041683 5.77157916361491 0
      vertex 3.6903701960058695 5.5470666710705885 4
      vertex 3.7350285074041683 5.77157916361491 4
    endloop
  endfacet
  facet normal -0.9978589232386035 0.06540312923014302 0
    outer loop
      vertex 3.75 6 0
      vertex 3.7350285074041683 5.77157916361491 4
      vertex 3.75 6 4
    endloop
  endfacet
  facet normal -0.9978589232386035 -0.06540312923014302 0
    outer loop
      vertex 3.7350285074041683 6.22842083638509 0
      vertex 3.75 6 4
      vertex 3.7350285074041683 6.22842083638509 4
    endloop
  endfacet
  facet normal -0.9807852804032305 -0.19509032201612814 0
    outer loop
      vertex 3.6903701960058695 6.4529333289294115 0
      vertex 3.7350285074041683 6.22842083638509 4
      vertex 3.6903701960058695 6.4529333289294115 4
    endloop
  endfacet
  facet normal -0.9469301294951054 -0.3214394653031627 0
    outer loop
      vertex 3.6167891818947515 6.669696006638907 0
      vertex 3.6903701960058695 6.4529333289294115 4
      vertex 3.6167891818947515 6.669696006638907 4
    endloop
  endfacet
  facet normal 0.8314696123025452 -0.5555702330196023 0
    outer loop
      vertex 0.4844555433772324 6.875 0
      vertex 0.6116316544903384 7.065332500765261 4
      vertex 0.4844555433772324 6.875 4
    endloop
  endfacet
  facet normal 0.7518398074789779 -0.6593458151000682 0
    outer loop
      vertex 0.6116316544903384 7.065332500765261 0
      vertex 0.7625631329235418 7.237436867076458 4
      vertex 0.6116316544903384 7.065332500765261 4
    endloop
  endfacet
  facet normal 0.6593458151000686 -0.7518398074789776 0
    outer loop
      vertex 0.7625631329235418 7.237436867076458 0
      vertex 0.9346674992347388 7.388368345509662 4
      vertex 0.7625631329235418 7.237436867076458 4
    endloop
  endfacet
  facet normal 0.5555702330196012 -0.831469612302546 0
    outer loop
      vertex 0.9346674992347388 7.388368345509662 0
      vertex 1.125 7.515544456622767 4
      vertex 0.9346674992347388 7.388368345509662 4
    endloop
  endfacet
  facet normal 0.44228869021900136 -0.8968727415326883 0
    outer loop
      vertex 1.125 7.515544456622767 0
      vertex 1.3303039933610927 7.6167891818947515 4
      vertex 1.125 7.515544456622767 4
    endloop
  endfacet
  facet normal 0.32143946530316064 -0.946930129495106 0
    outer loop
      vertex 1.3303039933610927 7.6167891818947515 0
      vertex 1.5470666710705887 7.690370196005869 4
      vertex 1.3303039933610927 7.6167891818947515 4
    endloop
  endfacet
  facet normal 0.19509032201613055 -0.98078528040323 0
    outer loop
      vertex 1.5470666710705887 7.690370196005869 0
      vertex 1.7715791636149096 7.735028507404168 4
      vertex 1.5470666710705887 7.690370196005869 4
    endloop
  endfacet
  facet normal 0.06540312923014291 -0.9978589232386036 0
    outer loop
      vertex 1.7715791636149096 7.735028507404168 0
      vertex 2 7.75 4
      vertex 1.7715791636149096 7.735028507404168 4
    endloop
  endfacet
  facet normal -0.8968727415326883 -0.44228869021900136 0
    outer loop
      vertex 3.5155444566227674 6.875 0
      vertex 3.6167891818947515 6.669696006638907 4
      vertex 3.5155444566227674 6.875 4
    endloop
  endfacet
  facet normal -0.8314696123025457 -0.5555702330196015 0
    outer loop
      vertex 3.3883683455096616 7.065332500765261 0
      vertex 3.5155444566227674 6.875 4
      vertex 3.3883683455096616 7.065332500765261 4
    endloop
  endfacet
  facet normal -0.7518398074789784 -0.6593458151000676 0
    outer loop
      vertex 3.2374368670764584 7.237436867076458 0
      vertex 3.3883683455096616 7.065332500765261 4
      vertex 3.2374368670764584 7.237436867076458 4
    endloop
  endfacet
  facet normal -0.44228869021900136 -0.8968727415326883 0
    outer loop
      vertex 2.6696960066389073 7.6167891818947515 0
      vertex 2.875 7.515544456622767 4
      vertex 2.6696960066389073 7.6167891818947515 4
    endloop
  endfacet
  facet normal -0.19509032201613036 -0.9807852804032301 0
    outer loop
      vertex 2.2284208363850904 7.735028507404168 0
      vertex 2.4529333289294115 7.690370196005869 4
      vertex 2.2284208363850904 7.735028507404168 4
    endloop
  endfacet
  facet normal -0.06540312923014291 -0.9978589232386036 0
    outer loop
      vertex 2 7.75 0
      vertex 2.2284208363850904 7.735028507404168 4
      vertex 2 7.75 4
    endloop
  endfacet
  facet normal -0.3214394653031609 -0.9469301294951059 0
    outer loop
      vertex 2.4529333289294115 7.690370196005869 0
      vertex 2.6696960066389073 7.6167891818947515 4
      vertex 2.4529333289294115 7.690370196005869 4
    endloop
  endfacet
  facet normal -0.6593458151000676 -0.7518398074789784 0
    outer loop
      vertex 3.065332500765261 7.388368345509662 0
      vertex 3.2374368670764584 7.237436867076458 4
      vertex 3.065332500765261 7.388368345509662 4
    endloop
  endfacet
  facet normal -0.5555702330196015 -0.8314696123025457 0
    outer loop
      vertex 2.875 7.515544456622767 0
      vertex 3.065332500765261 7.388368345509662 4
      vertex 2.875 7.515544456622767 4
    endloop
  endfacet
  facet normal 0.3214394653031989 0.946930129495093 0
    outer loop
      vertex 1.3303039933610927 64.38321081810525 0
      vertex 1.3303039933610927 64.38321081810525 4
      vertex 1.5470666710705887 64.30962980399413 0
    endloop
  endfacet
  facet normal 0.06540312923015063 0.997858923238603 0
    outer loop
      vertex 1.7715791636149096 64.26497149259583 0
      vertex 1.7715791636149096 64.26497149259583 4
      vertex 2 64.25 0
    endloop
  endfacet
  facet normal 0.19509032201610815 0.9807852804032345 0
    outer loop
      vertex 1.7715791636149096 64.26497149259583 0
      vertex 1.5470666710705887 64.30962980399413 0
      vertex 1.5470666710705887 64.30962980399413 4
    endloop
  endfacet
  facet normal 0.44228869021899514 0.8968727415326914 0
    outer loop
      vertex 1.3303039933610927 64.38321081810525 0
      vertex 1.125 64.48445554337724 0
      vertex 1.125 64.48445554337724 4
    endloop
  endfacet
  facet normal 0.5555702330195877 0.831469612302555 0
    outer loop
      vertex 0.9346674992347388 64.61163165449034 0
      vertex 0.9346674992347388 64.61163165449034 4
      vertex 1.125 64.48445554337724 0
    endloop
  endfacet
  facet normal 0.6593458151000796 0.751839807478968 0
    outer loop
      vertex 0.9346674992347388 64.61163165449034 0
      vertex 0.7625631329235418 64.76256313292355 0
      vertex 0.7625631329235418 64.76256313292355 4
    endloop
  endfacet
  facet normal 0.7518398074789612 0.6593458151000875 0
    outer loop
      vertex 0.7625631329235418 64.76256313292355 0
      vertex 0.6116316544903384 64.93466749923473 0
      vertex 0.6116316544903384 64.93466749923473 4
    endloop
  endfacet
  facet normal 0.8314696123025512 0.5555702330195933 0
    outer loop
      vertex 0.6116316544903384 64.93466749923473 0
      vertex 0.4844555433772324 65.125 0
      vertex 0.4844555433772324 65.125 4
    endloop
  endfacet
  facet normal -0.06540312923015063 0.997858923238603 0
    outer loop
      vertex 2 64.25 0
      vertex 2 64.25 4
      vertex 2.2284208363850904 64.26497149259583 0
    endloop
  endfacet
  facet normal -0.19509032201610796 0.9807852804032344 0
    outer loop
      vertex 2.2284208363850904 64.26497149259583 0
      vertex 2.2284208363850904 64.26497149259583 4
      vertex 2.4529333289294115 64.30962980399413 0
    endloop
  endfacet
  facet normal -0.32143946530319917 0.9469301294950928 0
    outer loop
      vertex 2.4529333289294115 64.30962980399413 0
      vertex 2.4529333289294115 64.30962980399413 4
      vertex 2.6696960066389073 64.38321081810525 0
    endloop
  endfacet
  facet normal -0.44228869021899514 0.8968727415326914 0
    outer loop
      vertex 2.6696960066389073 64.38321081810525 0
      vertex 2.6696960066389073 64.38321081810525 4
      vertex 2.875 64.48445554337724 0
    endloop
  endfacet
  facet normal -0.5555702330195881 0.8314696123025546 0
    outer loop
      vertex 2.875 64.48445554337724 0
      vertex 2.875 64.48445554337724 4
      vertex 3.065332500765261 64.61163165449034 0
    endloop
  endfacet
  facet normal -0.6593458151000786 0.7518398074789688 0
    outer loop
      vertex 3.065332500765261 64.61163165449034 0
      vertex 3.065332500765261 64.61163165449034 4
      vertex 3.2374368670764584 64.76256313292355 0
    endloop
  endfacet
  facet normal -0.7518398074789616 0.6593458151000869 0
    outer loop
      vertex 3.2374368670764584 64.76256313292355 0
      vertex 3.2374368670764584 64.76256313292355 4
      vertex 3.3883683455096616 64.93466749923473 0
    endloop
  endfacet
  facet normal -0.8314696123025517 0.5555702330195926 0
    outer loop
      vertex 3.3883683455096616 64.93466749923473 0
      vertex 3.3883683455096616 64.93466749923473 4
      vertex 3.5155444566227674 65.125 0
    endloop
  endfacet
  facet normal -0.8968727415326935 0.4422886902189906 0
    outer loop
      vertex 3.5155444566227674 65.125 0
      vertex 3.5155444566227674 65.125 4
      vertex 3.6167891818947515 65.3303039933611 0
    endloop
  endfacet
  facet normal 0.8968727415326935 0.4422886902189906 0
    outer loop
      vertex 0.4844555433772324 65.125 0
      vertex 0.38321081810524826 65.3303039933611 0
      vertex 0.38321081810524826 65.3303039933611 4
    endloop
  endfacet
  facet normal 0.946930129495106 0.32143946530316064 0
    outer loop
      vertex 0.38321081810524826 65.3303039933611 0
      vertex 0.30962980399413054 65.5470666710706 0
      vertex 0.30962980399413054 65.5470666710706 4
    endloop
  endfacet
  facet normal 0.9807852804032303 0.19509032201612886 0
    outer loop
      vertex 0.30962980399413054 65.5470666710706 0
      vertex 0.26497149259583175 65.77157916361492 0
      vertex 0.26497149259583175 65.77157916361492 4
    endloop
  endfacet
  facet normal 0.9978589232386034 0.0654031292301448 0
    outer loop
      vertex 0.26497149259583175 65.77157916361492 0
      vertex 0.25 66 0
      vertex 0.25 66 4
    endloop
  endfacet
  facet normal 0.9978589232386034 -0.0654031292301448 0
    outer loop
      vertex 0.25 66 0
      vertex 0.26497149259583175 66.22842083638508 0
      vertex 0.26497149259583175 66.22842083638508 4
    endloop
  endfacet
  facet normal -0.9469301294951057 0.3214394653031615 0
    outer loop
      vertex 3.6167891818947515 65.3303039933611 0
      vertex 3.6167891818947515 65.3303039933611 4
      vertex 3.6903701960058695 65.5470666710706 0
    endloop
  endfacet
  facet normal -0.9807852804032303 0.19509032201612886 0
    outer loop
      vertex 3.6903701960058695 65.5470666710706 0
      vertex 3.6903701960058695 65.5470666710706 4
      vertex 3.7350285074041683 65.77157916361492 0
    endloop
  endfacet
  facet normal -0.9978589232386034 0.0654031292301448 0
    outer loop
      vertex 3.7350285074041683 65.77157916361492 0
      vertex 3.7350285074041683 65.77157916361492 4
      vertex 3.75 66 0
    endloop
  endfacet
  facet normal -0.9978589232386034 -0.0654031292301448 0
    outer loop
      vertex 3.75 66 0
      vertex 3.75 66 4
      vertex 3.7350285074041683 66.22842083638508 0
    endloop
  endfacet
  facet normal -0.9807852804032303 -0.19509032201612886 0
    outer loop
      vertex 3.7350285074041683 66.22842083638508 0
      vertex 3.7350285074041683 66.22842083638508 4
      vertex 3.6903701960058695 66.4529333289294 0
    endloop
  endfacet
  facet normal 0.9807852804032303 -0.19509032201612886 0
    outer loop
      vertex 0.26497149259583175 66.22842083638508 0
      vertex 0.30962980399413054 66.4529333289294 0
      vertex 0.30962980399413054 66.4529333289294 4
    endloop
  endfacet
  facet normal 0.946930129495106 -0.32143946530316064 0
    outer loop
      vertex 0.30962980399413054 66.4529333289294 0
      vertex 0.38321081810524826 66.6696960066389 0
      vertex 0.38321081810524826 66.6696960066389 4
    endloop
  endfacet
  facet normal 0.8968727415326935 -0.4422886902189906 0
    outer loop
      vertex 0.38321081810524826 66.6696960066389 0
      vertex 0.4844555433772324 66.875 0
      vertex 0.4844555433772324 66.875 4
    endloop
  endfacet
  facet normal 0.8314696123025512 -0.5555702330195933 0
    outer loop
      vertex 0.4844555433772324 66.875 0
      vertex 0.6116316544903384 67.06533250076527 0
      vertex 0.6116316544903384 67.06533250076527 4
    endloop
  endfacet
  facet normal 0.7518398074789612 -0.6593458151000875 0
    outer loop
      vertex 0.6116316544903384 67.06533250076527 0
      vertex 0.7625631329235418 67.23743686707645 0
      vertex 0.7625631329235418 67.23743686707645 4
    endloop
  endfacet
  facet normal 0.6593458151000796 -0.751839807478968 0
    outer loop
      vertex 0.7625631329235418 67.23743686707645 0
      vertex 0.9346674992347388 67.38836834550966 0
      vertex 0.9346674992347388 67.38836834550966 4
    endloop
  endfacet
  facet normal 0.5555702330195877 -0.831469612302555 0
    outer loop
      vertex 0.9346674992347388 67.38836834550966 0
      vertex 1.125 67.51554445662276 0
      vertex 1.125 67.51554445662276 4
    endloop
  endfacet
  facet normal -0.9469301294951057 -0.3214394653031615 0
    outer loop
      vertex 3.6903701960058695 66.4529333289294 0
      vertex 3.6903701960058695 66.4529333289294 4
      vertex 3.6167891818947515 66.6696960066389 0
    endloop
  endfacet
  facet normal -0.8968727415326935 -0.4422886902189906 0
    outer loop
      vertex 3.6167891818947515 66.6696960066389 0
      vertex 3.6167891818947515 66.6696960066389 4
      vertex 3.5155444566227674 66.875 0
    endloop
  endfacet
  facet normal -0.8314696123025517 -0.5555702330195926 0
    outer loop
      vertex 3.5155444566227674 66.875 0
      vertex 3.5155444566227674 66.875 4
      vertex 3.3883683455096616 67.06533250076527 0
    endloop
  endfacet
  facet normal -0.7518398074789616 -0.6593458151000869 0
    outer loop
      vertex 3.3883683455096616 67.06533250076527 0
      vertex 3.3883683455096616 67.06533250076527 4
      vertex 3.2374368670764584 67.23743686707645 0
    endloop
  endfacet
  facet normal -0.6593458151000786 -0.7518398074789688 0
    outer loop
      vertex 3.2374368670764584 67.23743686707645 0
      vertex 3.2374368670764584 67.23743686707645 4
      vertex 3.065332500765261 67.38836834550966 0
    endloop
  endfacet
  facet normal -0.5555702330195881 -0.8314696123025546 0
    outer loop
      vertex 3.065332500765261 67.38836834550966 0
      vertex 3.065332500765261 67.38836834550966 4
      vertex 2.875 67.51554445662276 0
    endloop
  endfacet
  facet normal 0.44228869021899514 -0.8968727415326914 0
    outer loop
      vertex 1.125 67.51554445662276 0
      vertex 1.3303039933610927 67.61678918189475 0
      vertex 1.3303039933610927 67.61678918189475 4
    endloop
  endfacet
  facet normal 0.3214394653031989 -0.946930129495093 0
    outer loop
      vertex 1.3303039933610927 67.61678918189475 0
      vertex 1.5470666710705887 67.69037019600587 0
      vertex 1.5470666710705887 67.69037019600587 4
    endloop
  endfacet
  facet normal 0.19509032201610815 -0.9807852804032345 0
    outer loop
      vertex 1.5470666710705887 67.69037019600587 0
      vertex 1.7715791636149096 67.73502850740417 0
      vertex 1.7715791636149096 67.73502850740417 4
    endloop
  endfacet
  facet normal 0.06540312923015063 -0.997858923238603 0
    outer loop
      vertex 1.7715791636149096 67.73502850740417 0
      vertex 2 67.75 0
      vertex 2 67.75 4
    endloop
  endfacet
  facet normal -0.19509032201610796 -0.9807852804032344 0
    outer loop
      vertex 2.2284208363850904 67.73502850740417 0
      vertex 2.4529333289294115 67.69037019600587 0
      vertex 2.4529333289294115 67.69037019600587 4
    endloop
  endfacet
  facet normal -0.06540312923015063 -0.997858923238603 0
    outer loop
      vertex 2 67.75 0
      vertex 2.2284208363850904 67.73502850740417 0
      vertex 2.2284208363850904 67.73502850740417 4
    endloop
  endfacet
  facet normal -0.44228869021899514 -0.8968727415326914 0
    outer loop
      vertex 2.6696960066389073 67.61678918189475 0
      vertex 2.875 67.51554445662276 0
      vertex 2.875 67.51554445662276 4
    endloop
  endfacet
  facet normal -0.32143946530319917 -0.9469301294950928 0
    outer loop
      vertex 2.6696960066389073 67.61678918189475 0
      vertex 2.6696960066389073 67.61678918189475 4
      vertex 2.4529333289294115 67.69037019600587 0
    endloop
  endfacet
  facet normal 0.6593458151000796 0.751839807478968 0
    outer loop
      vertex 0.9346674992347388 64.61163165449034 0
      vertex 0.7625631329235418 64.76256313292355 4
      vertex 0.9346674992347388 64.61163165449034 4
    endloop
  endfacet
  facet normal 0.3214394653031989 0.946930129495093 0
    outer loop
      vertex 1.5470666710705887 64.30962980399413 0
      vertex 1.3303039933610927 64.38321081810525 4
      vertex 1.5470666710705887 64.30962980399413 4
    endloop
  endfacet
  facet normal 0.19509032201610815 0.9807852804032345 0
    outer loop
      vertex 1.7715791636149096 64.26497149259583 0
      vertex 1.5470666710705887 64.30962980399413 4
      vertex 1.7715791636149096 64.26497149259583 4
    endloop
  endfacet
  facet normal 0.5555702330195877 0.831469612302555 0
    outer loop
      vertex 1.125 64.48445554337724 0
      vertex 0.9346674992347388 64.61163165449034 4
      vertex 1.125 64.48445554337724 4
    endloop
  endfacet
  facet normal 0.44228869021899514 0.8968727415326914 0
    outer loop
      vertex 1.3303039933610927 64.38321081810525 0
      vertex 1.125 64.48445554337724 4
      vertex 1.3303039933610927 64.38321081810525 4
    endloop
  endfacet
  facet normal 0.7518398074789612 0.6593458151000875 0
    outer loop
      vertex 0.7625631329235418 64.76256313292355 0
      vertex 0.6116316544903384 64.93466749923473 4
      vertex 0.7625631329235418 64.76256313292355 4
    endloop
  endfacet
  facet normal 0.8968727415326935 0.4422886902189906 0
    outer loop
      vertex 0.4844555433772324 65.125 0
      vertex 0.38321081810524826 65.3303039933611 4
      vertex 0.4844555433772324 65.125 4
    endloop
  endfacet
  facet normal 0.8314696123025512 0.5555702330195933 0
    outer loop
      vertex 0.6116316544903384 64.93466749923473 0
      vertex 0.4844555433772324 65.125 4
      vertex 0.6116316544903384 64.93466749923473 4
    endloop
  endfacet
  facet normal 0.06540312923015063 0.997858923238603 0
    outer loop
      vertex 2 64.25 0
      vertex 1.7715791636149096 64.26497149259583 4
      vertex 2 64.25 4
    endloop
  endfacet
  facet normal -0.06540312923015063 0.997858923238603 0
    outer loop
      vertex 2.2284208363850904 64.26497149259583 0
      vertex 2 64.25 4
      vertex 2.2284208363850904 64.26497149259583 4
    endloop
  endfacet
  facet normal -0.19509032201610796 0.9807852804032344 0
    outer loop
      vertex 2.4529333289294115 64.30962980399413 0
      vertex 2.2284208363850904 64.26497149259583 4
      vertex 2.4529333289294115 64.30962980399413 4
    endloop
  endfacet
  facet normal -0.32143946530319917 0.9469301294950928 0
    outer loop
      vertex 2.6696960066389073 64.38321081810525 0
      vertex 2.4529333289294115 64.30962980399413 4
      vertex 2.6696960066389073 64.38321081810525 4
    endloop
  endfacet
  facet normal -0.44228869021899514 0.8968727415326914 0
    outer loop
      vertex 2.875 64.48445554337724 0
      vertex 2.6696960066389073 64.38321081810525 4
      vertex 2.875 64.48445554337724 4
    endloop
  endfacet
  facet normal -0.5555702330195881 0.8314696123025546 0
    outer loop
      vertex 3.065332500765261 64.61163165449034 0
      vertex 2.875 64.48445554337724 4
      vertex 3.065332500765261 64.61163165449034 4
    endloop
  endfacet
  facet normal -0.6593458151000786 0.7518398074789688 0
    outer loop
      vertex 3.2374368670764584 64.76256313292355 0
      vertex 3.065332500765261 64.61163165449034 4
      vertex 3.2374368670764584 64.76256313292355 4
    endloop
  endfacet
  facet normal -0.7518398074789616 0.6593458151000869 0
    outer loop
      vertex 3.3883683455096616 64.93466749923473 0
      vertex 3.2374368670764584 64.76256313292355 4
      vertex 3.3883683455096616 64.93466749923473 4
    endloop
  endfacet
  facet normal -0.8314696123025517 0.5555702330195926 0
    outer loop
      vertex 3.5155444566227674 65.125 0
      vertex 3.3883683455096616 64.93466749923473 4
      vertex 3.5155444566227674 65.125 4
    endloop
  endfacet
  facet normal 0.946930129495106 0.32143946530316064 0
    outer loop
      vertex 0.38321081810524826 65.3303039933611 0
      vertex 0.30962980399413054 65.5470666710706 4
      vertex 0.38321081810524826 65.3303039933611 4
    endloop
  endfacet
  facet normal 0.9807852804032303 0.19509032201612886 0
    outer loop
      vertex 0.30962980399413054 65.5470666710706 0
      vertex 0.26497149259583175 65.77157916361492 4
      vertex 0.30962980399413054 65.5470666710706 4
    endloop
  endfacet
  facet normal 0.9978589232386034 0.0654031292301448 0
    outer loop
      vertex 0.26497149259583175 65.77157916361492 0
      vertex 0.25 66 4
      vertex 0.26497149259583175 65.77157916361492 4
    endloop
  endfacet
  facet normal 0.9978589232386034 -0.0654031292301448 0
    outer loop
      vertex 0.25 66 0
      vertex 0.26497149259583175 66.22842083638508 4
      vertex 0.25 66 4
    endloop
  endfacet
  facet normal 0.9807852804032303 -0.19509032201612886 0
    outer loop
      vertex 0.26497149259583175 66.22842083638508 0
      vertex 0.30962980399413054 66.4529333289294 4
      vertex 0.26497149259583175 66.22842083638508 4
    endloop
  endfacet
  facet normal -0.8968727415326935 0.4422886902189906 0
    outer loop
      vertex 3.6167891818947515 65.3303039933611 0
      vertex 3.5155444566227674 65.125 4
      vertex 3.6167891818947515 65.3303039933611 4
    endloop
  endfacet
  facet normal -0.9469301294951057 0.3214394653031615 0
    outer loop
      vertex 3.6903701960058695 65.5470666710706 0
      vertex 3.6167891818947515 65.3303039933611 4
      vertex 3.6903701960058695 65.5470666710706 4
    endloop
  endfacet
  facet normal -0.9807852804032303 0.19509032201612886 0
    outer loop
      vertex 3.7350285074041683 65.77157916361492 0
      vertex 3.6903701960058695 65.5470666710706 4
      vertex 3.7350285074041683 65.77157916361492 4
    endloop
  endfacet
  facet normal -0.9978589232386034 0.0654031292301448 0
    outer loop
      vertex 3.75 66 0
      vertex 3.7350285074041683 65.77157916361492 4
      vertex 3.75 66 4
    endloop
  endfacet
  facet normal -0.9978589232386034 -0.0654031292301448 0
    outer loop
      vertex 3.7350285074041683 66.22842083638508 0
      vertex 3.75 66 4
      vertex 3.7350285074041683 66.22842083638508 4
    endloop
  endfacet
  facet normal 0.946930129495106 -0.32143946530316064 0
    outer loop
      vertex 0.30962980399413054 66.4529333289294 0
      vertex 0.38321081810524826 66.6696960066389 4
      vertex 0.30962980399413054 66.4529333289294 4
    endloop
  endfacet
  facet normal 0.8968727415326935 -0.4422886902189906 0
    outer loop
      vertex 0.38321081810524826 66.6696960066389 0
      vertex 0.4844555433772324 66.875 4
      vertex 0.38321081810524826 66.6696960066389 4
    endloop
  endfacet
  facet normal 0.8314696123025512 -0.5555702330195933 0
    outer loop
      vertex 0.4844555433772324 66.875 0
      vertex 0.6116316544903384 67.06533250076527 4
      vertex 0.4844555433772324 66.875 4
    endloop
  endfacet
  facet normal 0.7518398074789612 -0.6593458151000875 0
    outer loop
      vertex 0.6116316544903384 67.06533250076527 0
      vertex 0.7625631329235418 67.23743686707645 4
      vertex 0.6116316544903384 67.06533250076527 4
    endloop
  endfacet
  facet normal 0.6593458151000796 -0.751839807478968 0
    outer loop
      vertex 0.7625631329235418 67.23743686707645 0
      vertex 0.9346674992347388 67.38836834550966 4
      vertex 0.7625631329235418 67.23743686707645 4
    endloop
  endfacet
  facet normal 0.5555702330195877 -0.831469612302555 0
    outer loop
      vertex 0.9346674992347388 67.38836834550966 0
      vertex 1.125 67.51554445662276 4
      vertex 0.9346674992347388 67.38836834550966 4
    endloop
  endfacet
  facet normal -0.9807852804032303 -0.19509032201612886 0
    outer loop
      vertex 3.6903701960058695 66.4529333289294 0
      vertex 3.7350285074041683 66.22842083638508 4
      vertex 3.6903701960058695 66.4529333289294 4
    endloop
  endfacet
  facet normal -0.9469301294951057 -0.3214394653031615 0
    outer loop
      vertex 3.6167891818947515 66.6696960066389 0
      vertex 3.6903701960058695 66.4529333289294 4
      vertex 3.6167891818947515 66.6696960066389 4
    endloop
  endfacet
  facet normal -0.8968727415326935 -0.4422886902189906 0
    outer loop
      vertex 3.5155444566227674 66.875 0
      vertex 3.6167891818947515 66.6696960066389 4
      vertex 3.5155444566227674 66.875 4
    endloop
  endfacet
  facet normal -0.7518398074789616 -0.6593458151000869 0
    outer loop
      vertex 3.2374368670764584 67.23743686707645 0
      vertex 3.3883683455096616 67.06533250076527 4
      vertex 3.2374368670764584 67.23743686707645 4
    endloop
  endfacet
  facet normal -0.8314696123025517 -0.5555702330195926 0
    outer loop
      vertex 3.3883683455096616 67.06533250076527 0
      vertex 3.5155444566227674 66.875 4
      vertex 3.3883683455096616 67.06533250076527 4
    endloop
  endfacet
  facet normal -0.6593458151000786 -0.7518398074789688 0
    outer loop
      vertex 3.065332500765261 67.38836834550966 0
      vertex 3.2374368670764584 67.23743686707645 4
      vertex 3.065332500765261 67.38836834550966 4
    endloop
  endfacet
  facet normal -0.5555702330195881 -0.8314696123025546 0
    outer loop
      vertex 2.875 67.51554445662276 0
      vertex 3.065332500765261 67.38836834550966 4
      vertex 2.875 67.51554445662276 4
    endloop
  endfacet
  facet normal 0.44228869021899514 -0.8968727415326914 0
    outer loop
      vertex 1.125 67.51554445662276 0
      vertex 1.3303039933610927 67.61678918189475 4
      vertex 1.125 67.51554445662276 4
    endloop
  endfacet
  facet normal 0.3214394653031989 -0.946930129495093 0
    outer loop
      vertex 1.3303039933610927 67.61678918189475 0
      vertex 1.5470666710705887 67.69037019600587 4
      vertex 1.3303039933610927 67.61678918189475 4
    endloop
  endfacet
  facet normal 0.19509032201610815 -0.9807852804032345 0
    outer loop
      vertex 1.5470666710705887 67.69037019600587 0
      vertex 1.7715791636149096 67.73502850740417 4
      vertex 1.5470666710705887 67.69037019600587 4
    endloop
  endfacet
  facet normal 0.06540312923015063 -0.997858923238603 0
    outer loop
      vertex 1.7715791636149096 67.73502850740417 0
      vertex 2 67.75 4
      vertex 1.7715791636149096 67.73502850740417 4
    endloop
  endfacet
  facet normal -0.06540312923015063 -0.997858923238603 0
    outer loop
      vertex 2 67.75 0
      vertex 2.2284208363850904 67.73502850740417 4
      vertex 2 67.75 4
    endloop
  endfacet
  facet normal -0.19509032201610796 -0.9807852804032344 0
    outer loop
      vertex 2.2284208363850904 67.73502850740417 0
      vertex 2.4529333289294115 67.69037019600587 4
      vertex 2.2284208363850904 67.73502850740417 4
    endloop
  endfacet
  facet normal -0.44228869021899514 -0.8968727415326914 0
    outer loop
      vertex 2.6696960066389073 67.61678918189475 0
      vertex 2.875 67.51554445662276 4
      vertex 2.6696960066389073 67.61678918189475 4
    endloop
  endfacet
  facet normal -0.32143946530319917 -0.9469301294950928 0
    outer loop
      vertex 2.4529333289294115 67.69037019600587 0
      vertex 2.6696960066389073 67.61678918189475 4
      vertex 2.4529333289294115 67.69037019600587 4
    endloop
  endfacet
  facet normal 0.32143946530317863 0.9469301294950999 0
    outer loop
      vertex 241.54706667107058 4.309629803994131 0
      vertex 241.3303039933611 4.3832108181052485 0
      vertex 241.3303039933611 4.3832108181052485 4
    endloop
  endfacet
  facet normal 0.4422886902189906 0.8968727415326935 0
    outer loop
      vertex 241.125 4.484455543377233 0
      vertex 241.125 4.484455543377233 4
      vertex 241.3303039933611 4.3832108181052485 0
    endloop
  endfacet
  facet normal 0.0654031292301448 0.9978589232386034 0
    outer loop
      vertex 241.77157916361492 4.264971492595832 0
      vertex 241.77157916361492 4.264971492595832 4
      vertex 242 4.25 0
    endloop
  endfacet
  facet normal 0.19509032201611884 0.9807852804032323 0
    outer loop
      vertex 241.54706667107058 4.309629803994131 0
      vertex 241.54706667107058 4.309629803994131 4
      vertex 241.77157916361492 4.264971492595832 0
    endloop
  endfacet
  facet normal -0.0654031292301448 0.9978589232386034 0
    outer loop
      vertex 242 4.25 0
      vertex 242 4.25 4
      vertex 242.22842083638508 4.264971492595832 0
    endloop
  endfacet
  facet normal -0.19509032201611884 0.9807852804032323 0
    outer loop
      vertex 242.22842083638508 4.264971492595832 0
      vertex 242.22842083638508 4.264971492595832 4
      vertex 242.45293332892942 4.309629803994131 0
    endloop
  endfacet
  facet normal -0.32143946530317863 0.9469301294950999 0
    outer loop
      vertex 242.45293332892942 4.309629803994131 0
      vertex 242.45293332892942 4.309629803994131 4
      vertex 242.6696960066389 4.3832108181052485 0
    endloop
  endfacet
  facet normal -0.4422886902189906 0.8968727415326935 0
    outer loop
      vertex 242.6696960066389 4.3832108181052485 0
      vertex 242.6696960066389 4.3832108181052485 4
      vertex 242.875 4.484455543377233 0
    endloop
  endfacet
  facet normal 0.5555702330195926 0.8314696123025517 0
    outer loop
      vertex 241.125 4.484455543377233 0
      vertex 240.93466749923473 4.611631654490338 0
      vertex 240.93466749923473 4.611631654490338 4
    endloop
  endfacet
  facet normal 0.6593458151000562 0.7518398074789886 0
    outer loop
      vertex 240.93466749923473 4.611631654490338 0
      vertex 240.76256313292353 4.762563132923542 0
      vertex 240.76256313292353 4.762563132923542 4
    endloop
  endfacet
  facet normal 0.7518398074789996 0.6593458151000435 0
    outer loop
      vertex 240.76256313292353 4.762563132923542 0
      vertex 240.61163165449034 4.934667499234739 0
      vertex 240.61163165449034 4.934667499234739 4
    endloop
  endfacet
  facet normal 0.8314696123025546 0.5555702330195881 0
    outer loop
      vertex 240.61163165449034 4.934667499234739 0
      vertex 240.48445554337724 5.125 0
      vertex 240.48445554337724 5.125 4
    endloop
  endfacet
  facet normal 0.8968727415326914 0.44228869021899514 0
    outer loop
      vertex 240.48445554337724 5.125 0
      vertex 240.38321081810525 5.330303993361093 0
      vertex 240.38321081810525 5.330303993361093 4
    endloop
  endfacet
  facet normal 0.9469301294951118 0.32143946530314355 0
    outer loop
      vertex 240.38321081810525 5.330303993361093 0
      vertex 240.30962980399414 5.5470666710705885 0
      vertex 240.30962980399414 5.5470666710705885 4
    endloop
  endfacet
  facet normal -0.5555702330195926 0.8314696123025517 0
    outer loop
      vertex 242.875 4.484455543377233 0
      vertex 242.875 4.484455543377233 4
      vertex 243.06533250076527 4.611631654490338 0
    endloop
  endfacet
  facet normal -0.6593458151000562 0.7518398074789886 0
    outer loop
      vertex 243.06533250076527 4.611631654490338 0
      vertex 243.06533250076527 4.611631654490338 4
      vertex 243.23743686707647 4.762563132923542 0
    endloop
  endfacet
  facet normal -0.7518398074789996 0.6593458151000435 0
    outer loop
      vertex 243.23743686707647 4.762563132923542 0
      vertex 243.23743686707647 4.762563132923542 4
      vertex 243.38836834550966 4.934667499234739 0
    endloop
  endfacet
  facet normal -0.8314696123025546 0.5555702330195881 0
    outer loop
      vertex 243.38836834550966 4.934667499234739 0
      vertex 243.38836834550966 4.934667499234739 4
      vertex 243.51554445662276 5.125 0
    endloop
  endfacet
  facet normal -0.8968727415326914 0.44228869021899514 0
    outer loop
      vertex 243.51554445662276 5.125 0
      vertex 243.51554445662276 5.125 4
      vertex 243.61678918189475 5.330303993361093 0
    endloop
  endfacet
  facet normal -0.9469301294951118 0.32143946530314355 0
    outer loop
      vertex 243.61678918189475 5.330303993361093 0
      vertex 243.61678918189475 5.330303993361093 4
      vertex 243.69037019600586 5.5470666710705885 0
    endloop
  endfacet
  facet normal -0.9807852804032228 0.1950903220161673 0
    outer loop
      vertex 243.69037019600586 5.5470666710705885 0
      vertex 243.69037019600586 5.5470666710705885 4
      vertex 243.73502850740417 5.77157916361491 0
    endloop
  endfacet
  facet normal 0.9807852804032228 0.1950903220161673 0
    outer loop
      vertex 240.30962980399414 5.5470666710705885 0
      vertex 240.26497149259583 5.77157916361491 0
      vertex 240.26497149259583 5.77157916361491 4
    endloop
  endfacet
  facet normal 0.997858923238603 0.06540312923015075 0
    outer loop
      vertex 240.26497149259583 5.77157916361491 0
      vertex 240.25 6 0
      vertex 240.25 6 4
    endloop
  endfacet
  facet normal 0.997858923238603 -0.06540312923015075 0
    outer loop
      vertex 240.25 6 0
      vertex 240.26497149259583 6.22842083638509 0
      vertex 240.26497149259583 6.22842083638509 4
    endloop
  endfacet
  facet normal 0.9807852804032228 -0.1950903220161673 0
    outer loop
      vertex 240.26497149259583 6.22842083638509 0
      vertex 240.30962980399414 6.4529333289294115 0
      vertex 240.30962980399414 6.4529333289294115 4
    endloop
  endfacet
  facet normal 0.9469301294951118 -0.32143946530314355 0
    outer loop
      vertex 240.30962980399414 6.4529333289294115 0
      vertex 240.38321081810525 6.669696006638907 0
      vertex 240.38321081810525 6.669696006638907 4
    endloop
  endfacet
  facet normal -0.997858923238603 0.06540312923015075 0
    outer loop
      vertex 243.73502850740417 5.77157916361491 0
      vertex 243.73502850740417 5.77157916361491 4
      vertex 243.75 6 0
    endloop
  endfacet
  facet normal -0.997858923238603 -0.06540312923015075 0
    outer loop
      vertex 243.75 6 0
      vertex 243.75 6 4
      vertex 243.73502850740417 6.22842083638509 0
    endloop
  endfacet
  facet normal -0.9807852804032228 -0.1950903220161673 0
    outer loop
      vertex 243.73502850740417 6.22842083638509 0
      vertex 243.73502850740417 6.22842083638509 4
      vertex 243.69037019600586 6.4529333289294115 0
    endloop
  endfacet
  facet normal -0.9469301294951118 -0.32143946530314355 0
    outer loop
      vertex 243.69037019600586 6.4529333289294115 0
      vertex 243.69037019600586 6.4529333289294115 4
      vertex 243.61678918189475 6.669696006638907 0
    endloop
  endfacet
  facet normal -0.8968727415326914 -0.44228869021899514 0
    outer loop
      vertex 243.61678918189475 6.669696006638907 0
      vertex 243.61678918189475 6.669696006638907 4
      vertex 243.51554445662276 6.875 0
    endloop
  endfacet
  facet normal 0.8968727415326914 -0.44228869021899514 0
    outer loop
      vertex 240.38321081810525 6.669696006638907 0
      vertex 240.48445554337724 6.875 0
      vertex 240.48445554337724 6.875 4
    endloop
  endfacet
  facet normal 0.8314696123025546 -0.5555702330195881 0
    outer loop
      vertex 240.48445554337724 6.875 0
      vertex 240.61163165449034 7.065332500765261 0
      vertex 240.61163165449034 7.065332500765261 4
    endloop
  endfacet
  facet normal 0.7518398074789996 -0.6593458151000435 0
    outer loop
      vertex 240.61163165449034 7.065332500765261 0
      vertex 240.76256313292353 7.237436867076458 0
      vertex 240.76256313292353 7.237436867076458 4
    endloop
  endfacet
  facet normal 0.6593458151000562 -0.7518398074789886 0
    outer loop
      vertex 240.76256313292353 7.237436867076458 0
      vertex 240.93466749923473 7.388368345509662 0
      vertex 240.93466749923473 7.388368345509662 4
    endloop
  endfacet
  facet normal 0.5555702330195926 -0.8314696123025517 0
    outer loop
      vertex 240.93466749923473 7.388368345509662 0
      vertex 241.125 7.515544456622767 0
      vertex 241.125 7.515544456622767 4
    endloop
  endfacet
  facet normal 0.4422886902189906 -0.8968727415326935 0
    outer loop
      vertex 241.125 7.515544456622767 0
      vertex 241.3303039933611 7.6167891818947515 0
      vertex 241.3303039933611 7.6167891818947515 4
    endloop
  endfacet
  facet normal 0.32143946530317863 -0.9469301294950999 0
    outer loop
      vertex 241.3303039933611 7.6167891818947515 0
      vertex 241.54706667107058 7.690370196005869 0
      vertex 241.54706667107058 7.690370196005869 4
    endloop
  endfacet
  facet normal 0.19509032201611884 -0.9807852804032323 0
    outer loop
      vertex 241.54706667107058 7.690370196005869 0
      vertex 241.77157916361492 7.735028507404168 0
      vertex 241.77157916361492 7.735028507404168 4
    endloop
  endfacet
  facet normal 0.0654031292301448 -0.9978589232386034 0
    outer loop
      vertex 241.77157916361492 7.735028507404168 0
      vertex 242 7.75 0
      vertex 242 7.75 4
    endloop
  endfacet
  facet normal -0.8314696123025546 -0.5555702330195881 0
    outer loop
      vertex 243.51554445662276 6.875 0
      vertex 243.51554445662276 6.875 4
      vertex 243.38836834550966 7.065332500765261 0
    endloop
  endfacet
  facet normal -0.7518398074789996 -0.6593458151000435 0
    outer loop
      vertex 243.38836834550966 7.065332500765261 0
      vertex 243.38836834550966 7.065332500765261 4
      vertex 243.23743686707647 7.237436867076458 0
    endloop
  endfacet
  facet normal -0.6593458151000562 -0.7518398074789886 0
    outer loop
      vertex 243.23743686707647 7.237436867076458 0
      vertex 243.23743686707647 7.237436867076458 4
      vertex 243.06533250076527 7.388368345509662 0
    endloop
  endfacet
  facet normal -0.5555702330195926 -0.8314696123025517 0
    outer loop
      vertex 242.875 7.515544456622767 0
      vertex 243.06533250076527 7.388368345509662 0
      vertex 243.06533250076527 7.388368345509662 4
    endloop
  endfacet
  facet normal -0.4422886902189906 -0.8968727415326935 0
    outer loop
      vertex 242.875 7.515544456622767 0
      vertex 242.875 7.515544456622767 4
      vertex 242.6696960066389 7.6167891818947515 0
    endloop
  endfacet
  facet normal -0.19509032201611884 -0.9807852804032323 0
    outer loop
      vertex 242.45293332892942 7.690370196005869 0
      vertex 242.45293332892942 7.690370196005869 4
      vertex 242.22842083638508 7.735028507404168 0
    endloop
  endfacet
  facet normal -0.0654031292301448 -0.9978589232386034 0
    outer loop
      vertex 242 7.75 0
      vertex 242.22842083638508 7.735028507404168 0
      vertex 242.22842083638508 7.735028507404168 4
    endloop
  endfacet
  facet normal -0.32143946530317863 -0.9469301294950999 0
    outer loop
      vertex 242.45293332892942 7.690370196005869 0
      vertex 242.6696960066389 7.6167891818947515 0
      vertex 242.6696960066389 7.6167891818947515 4
    endloop
  endfacet
  facet normal 0.32143946530317863 0.9469301294950999 0
    outer loop
      vertex 241.54706667107058 4.309629803994131 0
      vertex 241.3303039933611 4.3832108181052485 4
      vertex 241.54706667107058 4.309629803994131 4
    endloop
  endfacet
  facet normal 0.4422886902189906 0.8968727415326935 0
    outer loop
      vertex 241.3303039933611 4.3832108181052485 0
      vertex 241.125 4.484455543377233 4
      vertex 241.3303039933611 4.3832108181052485 4
    endloop
  endfacet
  facet normal 0.19509032201611884 0.9807852804032323 0
    outer loop
      vertex 241.77157916361492 4.264971492595832 0
      vertex 241.54706667107058 4.309629803994131 4
      vertex 241.77157916361492 4.264971492595832 4
    endloop
  endfacet
  facet normal 0.0654031292301448 0.9978589232386034 0
    outer loop
      vertex 242 4.25 0
      vertex 241.77157916361492 4.264971492595832 4
      vertex 242 4.25 4
    endloop
  endfacet
  facet normal -0.0654031292301448 0.9978589232386034 0
    outer loop
      vertex 242.22842083638508 4.264971492595832 0
      vertex 242 4.25 4
      vertex 242.22842083638508 4.264971492595832 4
    endloop
  endfacet
  facet normal -0.19509032201611884 0.9807852804032323 0
    outer loop
      vertex 242.45293332892942 4.309629803994131 0
      vertex 242.22842083638508 4.264971492595832 4
      vertex 242.45293332892942 4.309629803994131 4
    endloop
  endfacet
  facet normal -0.32143946530317863 0.9469301294950999 0
    outer loop
      vertex 242.6696960066389 4.3832108181052485 0
      vertex 242.45293332892942 4.309629803994131 4
      vertex 242.6696960066389 4.3832108181052485 4
    endloop
  endfacet
  facet normal -0.4422886902189906 0.8968727415326935 0
    outer loop
      vertex 242.875 4.484455543377233 0
      vertex 242.6696960066389 4.3832108181052485 4
      vertex 242.875 4.484455543377233 4
    endloop
  endfacet
  facet normal 0.5555702330195926 0.8314696123025517 0
    outer loop
      vertex 241.125 4.484455543377233 0
      vertex 240.93466749923473 4.611631654490338 4
      vertex 241.125 4.484455543377233 4
    endloop
  endfacet
  facet normal 0.6593458151000562 0.7518398074789886 0
    outer loop
      vertex 240.93466749923473 4.611631654490338 0
      vertex 240.76256313292353 4.762563132923542 4
      vertex 240.93466749923473 4.611631654490338 4
    endloop
  endfacet
  facet normal 0.8314696123025546 0.5555702330195881 0
    outer loop
      vertex 240.61163165449034 4.934667499234739 0
      vertex 240.48445554337724 5.125 4
      vertex 240.61163165449034 4.934667499234739 4
    endloop
  endfacet
  facet normal 0.7518398074789996 0.6593458151000435 0
    outer loop
      vertex 240.76256313292353 4.762563132923542 0
      vertex 240.61163165449034 4.934667499234739 4
      vertex 240.76256313292353 4.762563132923542 4
    endloop
  endfacet
  facet normal 0.8968727415326914 0.44228869021899514 0
    outer loop
      vertex 240.48445554337724 5.125 0
      vertex 240.38321081810525 5.330303993361093 4
      vertex 240.48445554337724 5.125 4
    endloop
  endfacet
  facet normal 0.9469301294951118 0.32143946530314355 0
    outer loop
      vertex 240.38321081810525 5.330303993361093 0
      vertex 240.30962980399414 5.5470666710705885 4
      vertex 240.38321081810525 5.330303993361093 4
    endloop
  endfacet
  facet normal 0.9807852804032228 0.1950903220161673 0
    outer loop
      vertex 240.30962980399414 5.5470666710705885 0
      vertex 240.26497149259583 5.77157916361491 4
      vertex 240.30962980399414 5.5470666710705885 4
    endloop
  endfacet
  facet normal -0.5555702330195926 0.8314696123025517 0
    outer loop
      vertex 243.06533250076527 4.611631654490338 0
      vertex 242.875 4.484455543377233 4
      vertex 243.06533250076527 4.611631654490338 4
    endloop
  endfacet
  facet normal -0.6593458151000562 0.7518398074789886 0
    outer loop
      vertex 243.23743686707647 4.762563132923542 0
      vertex 243.06533250076527 4.611631654490338 4
      vertex 243.23743686707647 4.762563132923542 4
    endloop
  endfacet
  facet normal -0.7518398074789996 0.6593458151000435 0
    outer loop
      vertex 243.38836834550966 4.934667499234739 0
      vertex 243.23743686707647 4.762563132923542 4
      vertex 243.38836834550966 4.934667499234739 4
    endloop
  endfacet
  facet normal -0.8314696123025546 0.5555702330195881 0
    outer loop
      vertex 243.51554445662276 5.125 0
      vertex 243.38836834550966 4.934667499234739 4
      vertex 243.51554445662276 5.125 4
    endloop
  endfacet
  facet normal -0.8968727415326914 0.44228869021899514 0
    outer loop
      vertex 243.61678918189475 5.330303993361093 0
      vertex 243.51554445662276 5.125 4
      vertex 243.61678918189475 5.330303993361093 4
    endloop
  endfacet
  facet normal -0.9469301294951118 0.32143946530314355 0
    outer loop
      vertex 243.69037019600586 5.5470666710705885 0
      vertex 243.61678918189475 5.330303993361093 4
      vertex 243.69037019600586 5.5470666710705885 4
    endloop
  endfacet
  facet normal 0.997858923238603 0.06540312923015075 0
    outer loop
      vertex 240.26497149259583 5.77157916361491 0
      vertex 240.25 6 4
      vertex 240.26497149259583 5.77157916361491 4
    endloop
  endfacet
  facet normal 0.997858923238603 -0.06540312923015075 0
    outer loop
      vertex 240.25 6 0
      vertex 240.26497149259583 6.22842083638509 4
      vertex 240.25 6 4
    endloop
  endfacet
  facet normal 0.9807852804032228 -0.1950903220161673 0
    outer loop
      vertex 240.26497149259583 6.22842083638509 0
      vertex 240.30962980399414 6.4529333289294115 4
      vertex 240.26497149259583 6.22842083638509 4
    endloop
  endfacet
  facet normal 0.9469301294951118 -0.32143946530314355 0
    outer loop
      vertex 240.30962980399414 6.4529333289294115 0
      vertex 240.38321081810525 6.669696006638907 4
      vertex 240.30962980399414 6.4529333289294115 4
    endloop
  endfacet
  facet normal 0.8968727415326914 -0.44228869021899514 0
    outer loop
      vertex 240.38321081810525 6.669696006638907 0
      vertex 240.48445554337724 6.875 4
      vertex 240.38321081810525 6.669696006638907 4
    endloop
  endfacet
  facet normal -0.9807852804032228 0.1950903220161673 0
    outer loop
      vertex 243.73502850740417 5.77157916361491 0
      vertex 243.69037019600586 5.5470666710705885 4
      vertex 243.73502850740417 5.77157916361491 4
    endloop
  endfacet
  facet normal -0.997858923238603 0.06540312923015075 0
    outer loop
      vertex 243.75 6 0
      vertex 243.73502850740417 5.77157916361491 4
      vertex 243.75 6 4
    endloop
  endfacet
  facet normal -0.997858923238603 -0.06540312923015075 0
    outer loop
      vertex 243.73502850740417 6.22842083638509 0
      vertex 243.75 6 4
      vertex 243.73502850740417 6.22842083638509 4
    endloop
  endfacet
  facet normal -0.9807852804032228 -0.1950903220161673 0
    outer loop
      vertex 243.69037019600586 6.4529333289294115 0
      vertex 243.73502850740417 6.22842083638509 4
      vertex 243.69037019600586 6.4529333289294115 4
    endloop
  endfacet
  facet normal -0.9469301294951118 -0.32143946530314355 0
    outer loop
      vertex 243.61678918189475 6.669696006638907 0
      vertex 243.69037019600586 6.4529333289294115 4
      vertex 243.61678918189475 6.669696006638907 4
    endloop
  endfacet
  facet normal 0.8314696123025546 -0.5555702330195881 0
    outer loop
      vertex 240.48445554337724 6.875 0
      vertex 240.61163165449034 7.065332500765261 4
      vertex 240.48445554337724 6.875 4
    endloop
  endfacet
  facet normal 0.7518398074789996 -0.6593458151000435 0
    outer loop
      vertex 240.61163165449034 7.065332500765261 0
      vertex 240.76256313292353 7.237436867076458 4
      vertex 240.61163165449034 7.065332500765261 4
    endloop
  endfacet
  facet normal 0.6593458151000562 -0.7518398074789886 0
    outer loop
      vertex 240.76256313292353 7.237436867076458 0
      vertex 240.93466749923473 7.388368345509662 4
      vertex 240.76256313292353 7.237436867076458 4
    endloop
  endfacet
  facet normal 0.5555702330195926 -0.8314696123025517 0
    outer loop
      vertex 240.93466749923473 7.388368345509662 0
      vertex 241.125 7.515544456622767 4
      vertex 240.93466749923473 7.388368345509662 4
    endloop
  endfacet
  facet normal 0.4422886902189906 -0.8968727415326935 0
    outer loop
      vertex 241.125 7.515544456622767 0
      vertex 241.3303039933611 7.6167891818947515 4
      vertex 241.125 7.515544456622767 4
    endloop
  endfacet
  facet normal 0.32143946530317863 -0.9469301294950999 0
    outer loop
      vertex 241.3303039933611 7.6167891818947515 0
      vertex 241.54706667107058 7.690370196005869 4
      vertex 241.3303039933611 7.6167891818947515 4
    endloop
  endfacet
  facet normal 0.19509032201611884 -0.9807852804032323 0
    outer loop
      vertex 241.54706667107058 7.690370196005869 0
      vertex 241.77157916361492 7.735028507404168 4
      vertex 241.54706667107058 7.690370196005869 4
    endloop
  endfacet
  facet normal 0.0654031292301448 -0.9978589232386034 0
    outer loop
      vertex 241.77157916361492 7.735028507404168 0
      vertex 242 7.75 4
      vertex 241.77157916361492 7.735028507404168 4
    endloop
  endfacet
  facet normal -0.0654031292301448 -0.9978589232386034 0
    outer loop
      vertex 242 7.75 0
      vertex 242.22842083638508 7.735028507404168 4
      vertex 242 7.75 4
    endloop
  endfacet
  facet normal -0.8314696123025546 -0.5555702330195881 0
    outer loop
      vertex 243.38836834550966 7.065332500765261 0
      vertex 243.51554445662276 6.875 4
      vertex 243.38836834550966 7.065332500765261 4
    endloop
  endfacet
  facet normal -0.8968727415326914 -0.44228869021899514 0
    outer loop
      vertex 243.51554445662276 6.875 0
      vertex 243.61678918189475 6.669696006638907 4
      vertex 243.51554445662276 6.875 4
    endloop
  endfacet
  facet normal -0.7518398074789996 -0.6593458151000435 0
    outer loop
      vertex 243.23743686707647 7.237436867076458 0
      vertex 243.38836834550966 7.065332500765261 4
      vertex 243.23743686707647 7.237436867076458 4
    endloop
  endfacet
  facet normal -0.4422886902189906 -0.8968727415326935 0
    outer loop
      vertex 242.6696960066389 7.6167891818947515 0
      vertex 242.875 7.515544456622767 4
      vertex 242.6696960066389 7.6167891818947515 4
    endloop
  endfacet
  facet normal -0.5555702330195926 -0.8314696123025517 0
    outer loop
      vertex 242.875 7.515544456622767 0
      vertex 243.06533250076527 7.388368345509662 4
      vertex 242.875 7.515544456622767 4
    endloop
  endfacet
  facet normal -0.19509032201611884 -0.9807852804032323 0
    outer loop
      vertex 242.22842083638508 7.735028507404168 0
      vertex 242.45293332892942 7.690370196005869 4
      vertex 242.22842083638508 7.735028507404168 4
    endloop
  endfacet
  facet normal -0.32143946530317863 -0.9469301294950999 0
    outer loop
      vertex 242.45293332892942 7.690370196005869 0
      vertex 242.6696960066389 7.6167891818947515 4
      vertex 242.45293332892942 7.690370196005869 4
    endloop
  endfacet
  facet normal -0.6593458151000562 -0.7518398074789886 0
    outer loop
      vertex 243.06533250076527 7.388368345509662 0
      vertex 243.23743686707647 7.237436867076458 4
      vertex 243.06533250076527 7.388368345509662 4
    endloop
  endfacet
  facet normal 0.5555702330195792 0.8314696123025606 0
    outer loop
      vertex 241.125 64.48445554337724 0
      vertex 240.93466749923473 64.61163165449034 0
      vertex 240.93466749923473 64.61163165449034 4
    endloop
  endfacet
  facet normal 0.3214394653032169 0.9469301294950869 0
    outer loop
      vertex 241.3303039933611 64.38321081810525 0
      vertex 241.3303039933611 64.38321081810525 4
      vertex 241.54706667107058 64.30962980399413 0
    endloop
  endfacet
  facet normal 0.06540312923015253 0.9978589232386028 0
    outer loop
      vertex 241.77157916361492 64.26497149259583 0
      vertex 241.77157916361492 64.26497149259583 4
      vertex 242 64.25 0
    endloop
  endfacet
  facet normal -0.06540312923015253 0.9978589232386028 0
    outer loop
      vertex 242 64.25 0
      vertex 242 64.25 4
      vertex 242.22842083638508 64.26497149259583 0
    endloop
  endfacet
  facet normal 0.19509032201609644 0.9807852804032368 0
    outer loop
      vertex 241.54706667107058 64.30962980399413 0
      vertex 241.54706667107058 64.30962980399413 4
      vertex 241.77157916361492 64.26497149259583 0
    endloop
  endfacet
  facet normal 0.44228869021898437 0.8968727415326967 0
    outer loop
      vertex 241.125 64.48445554337724 0
      vertex 241.125 64.48445554337724 4
      vertex 241.3303039933611 64.38321081810525 0
    endloop
  endfacet
  facet normal 0.7518398074789827 0.6593458151000627 0
    outer loop
      vertex 240.61163165449034 64.93466749923473 0
      vertex 240.61163165449034 64.93466749923473 4
      vertex 240.76256313292353 64.76256313292355 0
    endloop
  endfacet
  facet normal 0.6593458151000672 0.751839807478979 0
    outer loop
      vertex 240.93466749923473 64.61163165449034 0
      vertex 240.76256313292353 64.76256313292355 0
      vertex 240.76256313292353 64.76256313292355 4
    endloop
  endfacet
  facet normal 0.8314696123025606 0.5555702330195792 0
    outer loop
      vertex 240.61163165449034 64.93466749923473 0
      vertex 240.48445554337724 65.125 0
      vertex 240.48445554337724 65.125 4
    endloop
  endfacet
  facet normal -0.19509032201609644 0.9807852804032368 0
    outer loop
      vertex 242.22842083638508 64.26497149259583 0
      vertex 242.22842083638508 64.26497149259583 4
      vertex 242.45293332892942 64.30962980399413 0
    endloop
  endfacet
  facet normal -0.3214394653032169 0.9469301294950869 0
    outer loop
      vertex 242.45293332892942 64.30962980399413 0
      vertex 242.45293332892942 64.30962980399413 4
      vertex 242.6696960066389 64.38321081810525 0
    endloop
  endfacet
  facet normal -0.44228869021898437 0.8968727415326967 0
    outer loop
      vertex 242.6696960066389 64.38321081810525 0
      vertex 242.6696960066389 64.38321081810525 4
      vertex 242.875 64.48445554337724 0
    endloop
  endfacet
  facet normal -0.5555702330195792 0.8314696123025606 0
    outer loop
      vertex 242.875 64.48445554337724 0
      vertex 242.875 64.48445554337724 4
      vertex 243.06533250076527 64.61163165449034 0
    endloop
  endfacet
  facet normal -0.6593458151000672 0.751839807478979 0
    outer loop
      vertex 243.06533250076527 64.61163165449034 0
      vertex 243.06533250076527 64.61163165449034 4
      vertex 243.23743686707647 64.76256313292355 0
    endloop
  endfacet
  facet normal -0.7518398074789827 0.6593458151000627 0
    outer loop
      vertex 243.23743686707647 64.76256313292355 0
      vertex 243.23743686707647 64.76256313292355 4
      vertex 243.38836834550966 64.93466749923473 0
    endloop
  endfacet
  facet normal -0.8314696123025606 0.5555702330195792 0
    outer loop
      vertex 243.38836834550966 64.93466749923473 0
      vertex 243.38836834550966 64.93466749923473 4
      vertex 243.51554445662276 65.125 0
    endloop
  endfacet
  facet normal -0.8968727415326967 0.44228869021898437 0
    outer loop
      vertex 243.51554445662276 65.125 0
      vertex 243.51554445662276 65.125 4
      vertex 243.61678918189475 65.3303039933611 0
    endloop
  endfacet
  facet normal 0.8968727415326967 0.44228869021898437 0
    outer loop
      vertex 240.48445554337724 65.125 0
      vertex 240.38321081810525 65.3303039933611 0
      vertex 240.38321081810525 65.3303039933611 4
    endloop
  endfacet
  facet normal 0.9469301294951121 0.3214394653031423 0
    outer loop
      vertex 240.38321081810525 65.3303039933611 0
      vertex 240.30962980399414 65.5470666710706 0
      vertex 240.30962980399414 65.5470666710706 4
    endloop
  endfacet
  facet normal 0.9807852804032225 0.19509032201616805 0
    outer loop
      vertex 240.30962980399414 65.5470666710706 0
      vertex 240.26497149259583 65.77157916361492 0
      vertex 240.26497149259583 65.77157916361492 4
    endloop
  endfacet
  facet normal 0.9978589232386028 0.06540312923015253 0
    outer loop
      vertex 240.26497149259583 65.77157916361492 0
      vertex 240.25 66 0
      vertex 240.25 66 4
    endloop
  endfacet
  facet normal 0.9978589232386028 -0.06540312923015253 0
    outer loop
      vertex 240.25 66 0
      vertex 240.26497149259583 66.22842083638508 0
      vertex 240.26497149259583 66.22842083638508 4
    endloop
  endfacet
  facet normal -0.9469301294951121 0.3214394653031423 0
    outer loop
      vertex 243.61678918189475 65.3303039933611 0
      vertex 243.61678918189475 65.3303039933611 4
      vertex 243.69037019600586 65.5470666710706 0
    endloop
  endfacet
  facet normal -0.9807852804032225 0.19509032201616805 0
    outer loop
      vertex 243.69037019600586 65.5470666710706 0
      vertex 243.69037019600586 65.5470666710706 4
      vertex 243.73502850740417 65.77157916361492 0
    endloop
  endfacet
  facet normal -0.9978589232386028 0.06540312923015253 0
    outer loop
      vertex 243.73502850740417 65.77157916361492 0
      vertex 243.73502850740417 65.77157916361492 4
      vertex 243.75 66 0
    endloop
  endfacet
  facet normal -0.9978589232386028 -0.06540312923015253 0
    outer loop
      vertex 243.75 66 0
      vertex 243.75 66 4
      vertex 243.73502850740417 66.22842083638508 0
    endloop
  endfacet
  facet normal -0.9807852804032225 -0.19509032201616805 0
    outer loop
      vertex 243.73502850740417 66.22842083638508 0
      vertex 243.73502850740417 66.22842083638508 4
      vertex 243.69037019600586 66.4529333289294 0
    endloop
  endfacet
  facet normal 0.9807852804032225 -0.19509032201616805 0
    outer loop
      vertex 240.26497149259583 66.22842083638508 0
      vertex 240.30962980399414 66.4529333289294 0
      vertex 240.30962980399414 66.4529333289294 4
    endloop
  endfacet
  facet normal 0.9469301294951121 -0.3214394653031423 0
    outer loop
      vertex 240.30962980399414 66.4529333289294 0
      vertex 240.38321081810525 66.6696960066389 0
      vertex 240.38321081810525 66.6696960066389 4
    endloop
  endfacet
  facet normal 0.8968727415326967 -0.44228869021898437 0
    outer loop
      vertex 240.38321081810525 66.6696960066389 0
      vertex 240.48445554337724 66.875 0
      vertex 240.48445554337724 66.875 4
    endloop
  endfacet
  facet normal 0.8314696123025606 -0.5555702330195792 0
    outer loop
      vertex 240.48445554337724 66.875 0
      vertex 240.61163165449034 67.06533250076527 0
      vertex 240.61163165449034 67.06533250076527 4
    endloop
  endfacet
  facet normal 0.7518398074789827 -0.6593458151000627 0
    outer loop
      vertex 240.61163165449034 67.06533250076527 0
      vertex 240.76256313292353 67.23743686707645 0
      vertex 240.76256313292353 67.23743686707645 4
    endloop
  endfacet
  facet normal 0.6593458151000672 -0.751839807478979 0
    outer loop
      vertex 240.76256313292353 67.23743686707645 0
      vertex 240.93466749923473 67.38836834550966 0
      vertex 240.93466749923473 67.38836834550966 4
    endloop
  endfacet
  facet normal 0.5555702330195792 -0.8314696123025606 0
    outer loop
      vertex 240.93466749923473 67.38836834550966 0
      vertex 241.125 67.51554445662276 0
      vertex 241.125 67.51554445662276 4
    endloop
  endfacet
  facet normal -0.9469301294951121 -0.3214394653031423 0
    outer loop
      vertex 243.69037019600586 66.4529333289294 0
      vertex 243.69037019600586 66.4529333289294 4
      vertex 243.61678918189475 66.6696960066389 0
    endloop
  endfacet
  facet normal -0.8968727415326967 -0.44228869021898437 0
    outer loop
      vertex 243.51554445662276 66.875 0
      vertex 243.61678918189475 66.6696960066389 0
      vertex 243.61678918189475 66.6696960066389 4
    endloop
  endfacet
  facet normal -0.5555702330195792 -0.8314696123025606 0
    outer loop
      vertex 243.06533250076527 67.38836834550966 0
      vertex 243.06533250076527 67.38836834550966 4
      vertex 242.875 67.51554445662276 0
    endloop
  endfacet
  facet normal -0.8314696123025606 -0.5555702330195792 0
    outer loop
      vertex 243.51554445662276 66.875 0
      vertex 243.51554445662276 66.875 4
      vertex 243.38836834550966 67.06533250076527 0
    endloop
  endfacet
  facet normal -0.7518398074789827 -0.6593458151000627 0
    outer loop
      vertex 243.38836834550966 67.06533250076527 0
      vertex 243.38836834550966 67.06533250076527 4
      vertex 243.23743686707647 67.23743686707645 0
    endloop
  endfacet
  facet normal -0.6593458151000672 -0.751839807478979 0
    outer loop
      vertex 243.23743686707647 67.23743686707645 0
      vertex 243.23743686707647 67.23743686707645 4
      vertex 243.06533250076527 67.38836834550966 0
    endloop
  endfacet
  facet normal 0.44228869021898437 -0.8968727415326967 0
    outer loop
      vertex 241.125 67.51554445662276 0
      vertex 241.3303039933611 67.61678918189475 0
      vertex 241.3303039933611 67.61678918189475 4
    endloop
  endfacet
  facet normal 0.3214394653032169 -0.9469301294950869 0
    outer loop
      vertex 241.3303039933611 67.61678918189475 0
      vertex 241.54706667107058 67.69037019600587 0
      vertex 241.54706667107058 67.69037019600587 4
    endloop
  endfacet
  facet normal 0.19509032201609644 -0.9807852804032368 0
    outer loop
      vertex 241.54706667107058 67.69037019600587 0
      vertex 241.77157916361492 67.73502850740417 0
      vertex 241.77157916361492 67.73502850740417 4
    endloop
  endfacet
  facet normal 0.06540312923015253 -0.9978589232386028 0
    outer loop
      vertex 241.77157916361492 67.73502850740417 0
      vertex 242 67.75 0
      vertex 242 67.75 4
    endloop
  endfacet
  facet normal -0.06540312923015253 -0.9978589232386028 0
    outer loop
      vertex 242 67.75 0
      vertex 242.22842083638508 67.73502850740417 0
      vertex 242.22842083638508 67.73502850740417 4
    endloop
  endfacet
  facet normal -0.19509032201609644 -0.9807852804032368 0
    outer loop
      vertex 242.22842083638508 67.73502850740417 0
      vertex 242.45293332892942 67.69037019600587 0
      vertex 242.45293332892942 67.69037019600587 4
    endloop
  endfacet
  facet normal -0.44228869021898437 -0.8968727415326967 0
    outer loop
      vertex 242.6696960066389 67.61678918189475 0
      vertex 242.875 67.51554445662276 0
      vertex 242.875 67.51554445662276 4
    endloop
  endfacet
  facet normal -0.3214394653032169 -0.9469301294950869 0
    outer loop
      vertex 242.45293332892942 67.69037019600587 0
      vertex 242.6696960066389 67.61678918189475 0
      vertex 242.6696960066389 67.61678918189475 4
    endloop
  endfacet
  facet normal 0.5555702330195792 0.8314696123025606 0
    outer loop
      vertex 241.125 64.48445554337724 0
      vertex 240.93466749923473 64.61163165449034 4
      vertex 241.125 64.48445554337724 4
    endloop
  endfacet
  facet normal 0.6593458151000672 0.751839807478979 0
    outer loop
      vertex 240.93466749923473 64.61163165449034 0
      vertex 240.76256313292353 64.76256313292355 4
      vertex 240.93466749923473 64.61163165449034 4
    endloop
  endfacet
  facet normal 0.3214394653032169 0.9469301294950869 0
    outer loop
      vertex 241.54706667107058 64.30962980399413 0
      vertex 241.3303039933611 64.38321081810525 4
      vertex 241.54706667107058 64.30962980399413 4
    endloop
  endfacet
  facet normal 0.06540312923015253 0.9978589232386028 0
    outer loop
      vertex 242 64.25 0
      vertex 241.77157916361492 64.26497149259583 4
      vertex 242 64.25 4
    endloop
  endfacet
  facet normal 0.19509032201609644 0.9807852804032368 0
    outer loop
      vertex 241.77157916361492 64.26497149259583 0
      vertex 241.54706667107058 64.30962980399413 4
      vertex 241.77157916361492 64.26497149259583 4
    endloop
  endfacet
  facet normal 0.44228869021898437 0.8968727415326967 0
    outer loop
      vertex 241.3303039933611 64.38321081810525 0
      vertex 241.125 64.48445554337724 4
      vertex 241.3303039933611 64.38321081810525 4
    endloop
  endfacet
  facet normal 0.7518398074789827 0.6593458151000627 0
    outer loop
      vertex 240.76256313292353 64.76256313292355 0
      vertex 240.61163165449034 64.93466749923473 4
      vertex 240.76256313292353 64.76256313292355 4
    endloop
  endfacet
  facet normal 0.8314696123025606 0.5555702330195792 0
    outer loop
      vertex 240.61163165449034 64.93466749923473 0
      vertex 240.48445554337724 65.125 4
      vertex 240.61163165449034 64.93466749923473 4
    endloop
  endfacet
  facet normal 0.8968727415326967 0.44228869021898437 0
    outer loop
      vertex 240.48445554337724 65.125 0
      vertex 240.38321081810525 65.3303039933611 4
      vertex 240.48445554337724 65.125 4
    endloop
  endfacet
  facet normal -0.06540312923015253 0.9978589232386028 0
    outer loop
      vertex 242.22842083638508 64.26497149259583 0
      vertex 242 64.25 4
      vertex 242.22842083638508 64.26497149259583 4
    endloop
  endfacet
  facet normal -0.19509032201609644 0.9807852804032368 0
    outer loop
      vertex 242.45293332892942 64.30962980399413 0
      vertex 242.22842083638508 64.26497149259583 4
      vertex 242.45293332892942 64.30962980399413 4
    endloop
  endfacet
  facet normal -0.3214394653032169 0.9469301294950869 0
    outer loop
      vertex 242.6696960066389 64.38321081810525 0
      vertex 242.45293332892942 64.30962980399413 4
      vertex 242.6696960066389 64.38321081810525 4
    endloop
  endfacet
  facet normal -0.44228869021898437 0.8968727415326967 0
    outer loop
      vertex 242.875 64.48445554337724 0
      vertex 242.6696960066389 64.38321081810525 4
      vertex 242.875 64.48445554337724 4
    endloop
  endfacet
  facet normal -0.5555702330195792 0.8314696123025606 0
    outer loop
      vertex 243.06533250076527 64.61163165449034 0
      vertex 242.875 64.48445554337724 4
      vertex 243.06533250076527 64.61163165449034 4
    endloop
  endfacet
  facet normal -0.6593458151000672 0.751839807478979 0
    outer loop
      vertex 243.23743686707647 64.76256313292355 0
      vertex 243.06533250076527 64.61163165449034 4
      vertex 243.23743686707647 64.76256313292355 4
    endloop
  endfacet
  facet normal -0.7518398074789827 0.6593458151000627 0
    outer loop
      vertex 243.38836834550966 64.93466749923473 0
      vertex 243.23743686707647 64.76256313292355 4
      vertex 243.38836834550966 64.93466749923473 4
    endloop
  endfacet
  facet normal -0.8314696123025606 0.5555702330195792 0
    outer loop
      vertex 243.51554445662276 65.125 0
      vertex 243.38836834550966 64.93466749923473 4
      vertex 243.51554445662276 65.125 4
    endloop
  endfacet
  facet normal 0.9469301294951121 0.3214394653031423 0
    outer loop
      vertex 240.38321081810525 65.3303039933611 0
      vertex 240.30962980399414 65.5470666710706 4
      vertex 240.38321081810525 65.3303039933611 4
    endloop
  endfacet
  facet normal 0.9807852804032225 0.19509032201616805 0
    outer loop
      vertex 240.30962980399414 65.5470666710706 0
      vertex 240.26497149259583 65.77157916361492 4
      vertex 240.30962980399414 65.5470666710706 4
    endloop
  endfacet
  facet normal 0.9978589232386028 0.06540312923015253 0
    outer loop
      vertex 240.26497149259583 65.77157916361492 0
      vertex 240.25 66 4
      vertex 240.26497149259583 65.77157916361492 4
    endloop
  endfacet
  facet normal 0.9978589232386028 -0.06540312923015253 0
    outer loop
      vertex 240.25 66 0
      vertex 240.26497149259583 66.22842083638508 4
      vertex 240.25 66 4
    endloop
  endfacet
  facet normal 0.9807852804032225 -0.19509032201616805 0
    outer loop
      vertex 240.26497149259583 66.22842083638508 0
      vertex 240.30962980399414 66.4529333289294 4
      vertex 240.26497149259583 66.22842083638508 4
    endloop
  endfacet
  facet normal -0.8968727415326967 0.44228869021898437 0
    outer loop
      vertex 243.61678918189475 65.3303039933611 0
      vertex 243.51554445662276 65.125 4
      vertex 243.61678918189475 65.3303039933611 4
    endloop
  endfacet
  facet normal -0.9469301294951121 0.3214394653031423 0
    outer loop
      vertex 243.69037019600586 65.5470666710706 0
      vertex 243.61678918189475 65.3303039933611 4
      vertex 243.69037019600586 65.5470666710706 4
    endloop
  endfacet
  facet normal -0.9807852804032225 0.19509032201616805 0
    outer loop
      vertex 243.73502850740417 65.77157916361492 0
      vertex 243.69037019600586 65.5470666710706 4
      vertex 243.73502850740417 65.77157916361492 4
    endloop
  endfacet
  facet normal -0.9978589232386028 0.06540312923015253 0
    outer loop
      vertex 243.75 66 0
      vertex 243.73502850740417 65.77157916361492 4
      vertex 243.75 66 4
    endloop
  endfacet
  facet normal -0.9978589232386028 -0.06540312923015253 0
    outer loop
      vertex 243.73502850740417 66.22842083638508 0
      vertex 243.75 66 4
      vertex 243.73502850740417 66.22842083638508 4
    endloop
  endfacet
  facet normal 0.9469301294951121 -0.3214394653031423 0
    outer loop
      vertex 240.30962980399414 66.4529333289294 0
      vertex 240.38321081810525 66.6696960066389 4
      vertex 240.30962980399414 66.4529333289294 4
    endloop
  endfacet
  facet normal 0.8968727415326967 -0.44228869021898437 0
    outer loop
      vertex 240.38321081810525 66.6696960066389 0
      vertex 240.48445554337724 66.875 4
      vertex 240.38321081810525 66.6696960066389 4
    endloop
  endfacet
  facet normal 0.8314696123025606 -0.5555702330195792 0
    outer loop
      vertex 240.48445554337724 66.875 0
      vertex 240.61163165449034 67.06533250076527 4
      vertex 240.48445554337724 66.875 4
    endloop
  endfacet
  facet normal 0.7518398074789827 -0.6593458151000627 0
    outer loop
      vertex 240.61163165449034 67.06533250076527 0
      vertex 240.76256313292353 67.23743686707645 4
      vertex 240.61163165449034 67.06533250076527 4
    endloop
  endfacet
  facet normal 0.6593458151000672 -0.751839807478979 0
    outer loop
      vertex 240.76256313292353 67.23743686707645 0
      vertex 240.93466749923473 67.38836834550966 4
      vertex 240.76256313292353 67.23743686707645 4
    endloop
  endfacet
  facet normal 0.5555702330195792 -0.8314696123025606 0
    outer loop
      vertex 240.93466749923473 67.38836834550966 0
      vertex 241.125 67.51554445662276 4
      vertex 240.93466749923473 67.38836834550966 4
    endloop
  endfacet
  facet normal -0.9807852804032225 -0.19509032201616805 0
    outer loop
      vertex 243.69037019600586 66.4529333289294 0
      vertex 243.73502850740417 66.22842083638508 4
      vertex 243.69037019600586 66.4529333289294 4
    endloop
  endfacet
  facet normal -0.9469301294951121 -0.3214394653031423 0
    outer loop
      vertex 243.61678918189475 66.6696960066389 0
      vertex 243.69037019600586 66.4529333289294 4
      vertex 243.61678918189475 66.6696960066389 4
    endloop
  endfacet
  facet normal -0.8968727415326967 -0.44228869021898437 0
    outer loop
      vertex 243.51554445662276 66.875 0
      vertex 243.61678918189475 66.6696960066389 4
      vertex 243.51554445662276 66.875 4
    endloop
  endfacet
  facet normal -0.5555702330195792 -0.8314696123025606 0
    outer loop
      vertex 242.875 67.51554445662276 0
      vertex 243.06533250076527 67.38836834550966 4
      vertex 242.875 67.51554445662276 4
    endloop
  endfacet
  facet normal -0.8314696123025606 -0.5555702330195792 0
    outer loop
      vertex 243.38836834550966 67.06533250076527 0
      vertex 243.51554445662276 66.875 4
      vertex 243.38836834550966 67.06533250076527 4
    endloop
  endfacet
  facet normal -0.7518398074789827 -0.6593458151000627 0
    outer loop
      vertex 243.23743686707647 67.23743686707645 0
      vertex 243.38836834550966 67.06533250076527 4
      vertex 243.23743686707647 67.23743686707645 4
    endloop
  endfacet
  facet normal -0.6593458151000672 -0.751839807478979 0
    outer loop
      vertex 243.06533250076527 67.38836834550966 0
      vertex 243.23743686707647 67.23743686707645 4
      vertex 243.06533250076527 67.38836834550966 4
    endloop
  endfacet
  facet normal 0.44228869021898437 -0.8968727415326967 0
    outer loop
      vertex 241.125 67.51554445662276 0
      vertex 241.3303039933611 67.61678918189475 4
      vertex 241.125 67.51554445662276 4
    endloop
  endfacet
  facet normal 0.3214394653032169 -0.9469301294950869 0
    outer loop
      vertex 241.3303039933611 67.61678918189475 0
      vertex 241.54706667107058 67.69037019600587 4
      vertex 241.3303039933611 67.61678918189475 4
    endloop
  endfacet
  facet normal 0.19509032201609644 -0.9807852804032368 0
    outer loop
      vertex 241.54706667107058 67.69037019600587 0
      vertex 241.77157916361492 67.73502850740417 4
      vertex 241.54706667107058 67.69037019600587 4
    endloop
  endfacet
  facet normal 0.06540312923015253 -0.9978589232386028 0
    outer loop
      vertex 241.77157916361492 67.73502850740417 0
      vertex 242 67.75 4
      vertex 241.77157916361492 67.73502850740417 4
    endloop
  endfacet
  facet normal -0.06540312923015253 -0.9978589232386028 0
    outer loop
      vertex 242 67.75 0
      vertex 242.22842083638508 67.73502850740417 4
      vertex 242 67.75 4
    endloop
  endfacet
  facet normal -0.19509032201609644 -0.9807852804032368 0
    outer loop
      vertex 242.22842083638508 67.73502850740417 0
      vertex 242.45293332892942 67.69037019600587 4
      vertex 242.22842083638508 67.73502850740417 4
    endloop
  endfacet
  facet normal -0.3214394653032169 -0.9469301294950869 0
    outer loop
      vertex 242.45293332892942 67.69037019600587 0
      vertex 242.6696960066389 67.61678918189475 4
      vertex 242.45293332892942 67.69037019600587 4
    endloop
  endfacet
  facet normal -0.44228869021898437 -0.8968727415326967 0
    outer loop
      vertex 242.6696960066389 67.61678918189475 0
      vertex 242.875 67.51554445662276 4
      vertex 242.6696960066389 67.61678918189475 4
    endloop
  endfacet
  facet normal -0.32143946530315914 -0.9469301294951065 0
    outer loop
      vertex 100.14926627053964 22.46198186995485 4
      vertex 100.28937793447972 22.41442036891396 4
      vertex 100.28937793447972 22.41442036891396 10
    endloop
  endfacet
  facet normal 0.32143946530315914 -0.9469301294951065 0
    outer loop
      vertex 103.21073372946037 22.46198186995485 4
      vertex 103.21073372946037 22.46198186995485 10
      vertex 103.0706220655203 22.41442036891396 4
    endloop
  endfacet
  facet normal -0.6593458151000674 -0.7518398074789787 0
    outer loop
      vertex 98.85157287525382 23.329072875253807 4
      vertex 99.24495428396513 22.98408663883506 4
      vertex 99.24495428396513 22.98408663883506 10
    endloop
  endfacet
  facet normal -0.7518398074789682 -0.6593458151000794 0
    outer loop
      vertex 98.85157287525382 23.329072875253807 4
      vertex 98.50658663883506 23.722454283965117 10
      vertex 98.50658663883506 23.722454283965117 4
    endloop
  endfacet
  facet normal -0.8314696123025543 -0.5555702330195886 0
    outer loop
      vertex 98.50658663883506 23.722454283965117 4
      vertex 98.21589838486226 24.1575 10
      vertex 98.21589838486226 24.1575 4
    endloop
  endfacet
  facet normal -0.8968727415326871 -0.44228869021900374 0
    outer loop
      vertex 98.21589838486226 24.1575 4
      vertex 97.98448186995486 24.62676627053964 10
      vertex 97.98448186995486 24.62676627053964 4
    endloop
  endfacet
  facet normal -0.946930129495101 -0.32143946530317513 0
    outer loop
      vertex 97.98448186995486 24.62676627053964 4
      vertex 97.81629669484373 25.122223819589916 10
      vertex 97.81629669484373 25.122223819589916 4
    endloop
  endfacet
  facet normal -0.9807852804032315 -0.1950903220161223 0
    outer loop
      vertex 97.81629669484373 25.122223819589916 4
      vertex 97.71422055450476 25.635395231119794 10
      vertex 97.71422055450476 25.635395231119794 4
    endloop
  endfacet
  facet normal -0.9978589232386038 -0.0654031292301393 0
    outer loop
      vertex 97.71422055450476 25.635395231119794 4
      vertex 97.68 26.1575 10
      vertex 97.68 26.1575 4
    endloop
  endfacet
  facet normal -0.9978589232386038 0.0654031292301393 0
    outer loop
      vertex 97.68 26.1575 4
      vertex 97.71422055450476 26.679604768880203 10
      vertex 97.71422055450476 26.679604768880203 4
    endloop
  endfacet
  facet normal -0.44228869021900913 -0.8968727415326845 0
    outer loop
      vertex 100.14926627053964 22.46198186995485 4
      vertex 100.14926627053964 22.46198186995485 10
      vertex 99.68 22.693398384862245 4
    endloop
  endfacet
  facet normal -0.5555702330196057 -0.8314696123025428 0
    outer loop
      vertex 99.68 22.693398384862245 4
      vertex 99.68 22.693398384862245 10
      vertex 99.24495428396513 22.98408663883506 4
    endloop
  endfacet
  facet normal 0.44228869021900913 -0.8968727415326845 0
    outer loop
      vertex 103.21073372946037 22.46198186995485 4
      vertex 103.68 22.693398384862245 4
      vertex 103.68 22.693398384862245 10
    endloop
  endfacet
  facet normal 0.5555702330196057 -0.8314696123025428 0
    outer loop
      vertex 103.68 22.693398384862245 4
      vertex 104.11504571603489 22.98408663883506 4
      vertex 104.11504571603489 22.98408663883506 10
    endloop
  endfacet
  facet normal 0.6593458151000674 -0.7518398074789787 0
    outer loop
      vertex 104.11504571603489 22.98408663883506 4
      vertex 104.50842712474619 23.329072875253807 4
      vertex 104.50842712474619 23.329072875253807 10
    endloop
  endfacet
  facet normal 0.7518398074789682 -0.6593458151000794 0
    outer loop
      vertex 104.50842712474619 23.329072875253807 4
      vertex 104.85341336116495 23.722454283965117 4
      vertex 104.50842712474619 23.329072875253807 10
    endloop
  endfacet
  facet normal 0.8314696123025543 -0.5555702330195886 0
    outer loop
      vertex 104.85341336116495 23.722454283965117 4
      vertex 105.14410161513776 24.1575 4
      vertex 104.85341336116495 23.722454283965117 10
    endloop
  endfacet
  facet normal 0.8968727415326871 -0.44228869021900374 0
    outer loop
      vertex 105.14410161513776 24.1575 4
      vertex 105.37551813004515 24.62676627053964 4
      vertex 105.14410161513776 24.1575 10
    endloop
  endfacet
  facet normal 0.946930129495101 -0.32143946530317513 0
    outer loop
      vertex 105.37551813004515 24.62676627053964 4
      vertex 105.54370330515628 25.122223819589916 4
      vertex 105.37551813004515 24.62676627053964 10
    endloop
  endfacet
  facet normal 0.9807852804032315 -0.1950903220161223 0
    outer loop
      vertex 105.54370330515628 25.122223819589916 4
      vertex 105.64577944549525 25.635395231119794 4
      vertex 105.54370330515628 25.122223819589916 10
    endloop
  endfacet
  facet normal 0.9978589232386038 -0.0654031292301393 0
    outer loop
      vertex 105.64577944549525 25.635395231119794 4
      vertex 105.68 26.1575 4
      vertex 105.64577944549525 25.635395231119794 10
    endloop
  endfacet
  facet normal 0.9978589232386038 0.0654031292301393 0
    outer loop
      vertex 105.68 26.1575 4
      vertex 105.64577944549525 26.679604768880203 4
      vertex 105.68 26.1575 10
    endloop
  endfacet
  facet normal 0.9807852804032315 0.1950903220161223 0
    outer loop
      vertex 105.64577944549525 26.679604768880203 4
      vertex 105.54370330515628 27.192776180410082 4
      vertex 105.64577944549525 26.679604768880203 10
    endloop
  endfacet
  facet normal -0.9807852804032315 0.1950903220161223 0
    outer loop
      vertex 97.71422055450476 26.679604768880203 4
      vertex 97.81629669484373 27.192776180410082 10
      vertex 97.81629669484373 27.192776180410082 4
    endloop
  endfacet
  facet normal -0.946930129495101 0.32143946530317513 0
    outer loop
      vertex 97.81629669484373 27.192776180410082 4
      vertex 97.98448186995486 27.688233729460357 10
      vertex 97.98448186995486 27.688233729460357 4
    endloop
  endfacet
  facet normal -0.8968727415326871 0.44228869021900374 0
    outer loop
      vertex 97.98448186995486 27.688233729460357 4
      vertex 98.21589838486226 28.1575 10
      vertex 98.21589838486226 28.1575 4
    endloop
  endfacet
  facet normal -0.8314696123025543 0.5555702330195886 0
    outer loop
      vertex 98.21589838486226 28.1575 4
      vertex 98.50658663883506 28.59254571603488 10
      vertex 98.50658663883506 28.59254571603488 4
    endloop
  endfacet
  facet normal -0.7518398074789682 0.6593458151000794 0
    outer loop
      vertex 98.50658663883506 28.59254571603488 4
      vertex 98.85157287525382 28.98592712474619 10
      vertex 98.85157287525382 28.98592712474619 4
    endloop
  endfacet
  facet normal -0.6593458151000674 0.7518398074789787 0
    outer loop
      vertex 98.85157287525382 28.98592712474619 4
      vertex 98.85157287525382 28.98592712474619 10
      vertex 99.24495428396513 29.33091336116494 4
    endloop
  endfacet
  facet normal 0.946930129495101 0.32143946530317513 0
    outer loop
      vertex 105.54370330515628 27.192776180410082 4
      vertex 105.37551813004515 27.688233729460357 4
      vertex 105.54370330515628 27.192776180410082 10
    endloop
  endfacet
  facet normal 0.8968727415326871 0.44228869021900374 0
    outer loop
      vertex 105.37551813004515 27.688233729460357 4
      vertex 105.14410161513776 28.1575 4
      vertex 105.37551813004515 27.688233729460357 10
    endloop
  endfacet
  facet normal 0.7518398074789682 0.6593458151000794 0
    outer loop
      vertex 104.50842712474619 28.98592712474619 4
      vertex 104.85341336116495 28.59254571603488 10
      vertex 104.85341336116495 28.59254571603488 4
    endloop
  endfacet
  facet normal 0.6593458151000674 0.7518398074789787 0
    outer loop
      vertex 104.50842712474619 28.98592712474619 4
      vertex 104.11504571603489 29.33091336116494 4
      vertex 104.11504571603489 29.33091336116494 10
    endloop
  endfacet
  facet normal 0.8314696123025543 0.5555702330195886 0
    outer loop
      vertex 105.14410161513776 28.1575 4
      vertex 104.85341336116495 28.59254571603488 4
      vertex 105.14410161513776 28.1575 10
    endloop
  endfacet
  facet normal -0.5555702330196057 0.8314696123025428 0
    outer loop
      vertex 99.24495428396513 29.33091336116494 4
      vertex 99.24495428396513 29.33091336116494 10
      vertex 99.68 29.621601615137752 4
    endloop
  endfacet
  facet normal -0.44228869021900913 0.8968727415326845 0
    outer loop
      vertex 99.68 29.621601615137752 4
      vertex 99.68 29.621601615137752 10
      vertex 100.14926627053964 29.853018130045147 4
    endloop
  endfacet
  facet normal -0.32143946530315914 0.9469301294951065 0
    outer loop
      vertex 100.14926627053964 29.853018130045147 4
      vertex 100.14926627053964 29.853018130045147 10
      vertex 100.28937793447972 29.90057963108604 4
    endloop
  endfacet
  facet normal 0.5555702330196057 0.8314696123025428 0
    outer loop
      vertex 103.68 29.621601615137752 4
      vertex 103.68 29.621601615137752 10
      vertex 104.11504571603489 29.33091336116494 4
    endloop
  endfacet
  facet normal 0.44228869021900913 0.8968727415326845 0
    outer loop
      vertex 103.68 29.621601615137752 4
      vertex 103.21073372946037 29.853018130045147 4
      vertex 103.21073372946037 29.853018130045147 10
    endloop
  endfacet
  facet normal 0.32143946530315914 0.9469301294951065 0
    outer loop
      vertex 103.21073372946037 29.853018130045147 4
      vertex 103.0706220655203 29.90057963108604 4
      vertex 103.0706220655203 29.90057963108604 10
    endloop
  endfacet
  facet normal -0.32143946530315914 -0.9469301294951065 0
    outer loop
      vertex 100.14926627053964 22.46198186995485 4
      vertex 100.28937793447972 22.41442036891396 10
      vertex 100.14926627053964 22.46198186995485 10
    endloop
  endfacet
  facet normal 0.32143946530315914 -0.9469301294951065 0
    outer loop
      vertex 103.21073372946037 22.46198186995485 10
      vertex 103.0706220655203 22.41442036891396 10
      vertex 103.0706220655203 22.41442036891396 4
    endloop
  endfacet
  facet normal -0.6593458151000674 -0.7518398074789787 0
    outer loop
      vertex 98.85157287525382 23.329072875253807 4
      vertex 99.24495428396513 22.98408663883506 10
      vertex 98.85157287525382 23.329072875253807 10
    endloop
  endfacet
  facet normal -0.7518398074789682 -0.6593458151000794 0
    outer loop
      vertex 98.85157287525382 23.329072875253807 4
      vertex 98.85157287525382 23.329072875253807 10
      vertex 98.50658663883506 23.722454283965117 10
    endloop
  endfacet
  facet normal -0.8314696123025543 -0.5555702330195886 0
    outer loop
      vertex 98.50658663883506 23.722454283965117 4
      vertex 98.50658663883506 23.722454283965117 10
      vertex 98.21589838486226 24.1575 10
    endloop
  endfacet
  facet normal -0.8968727415326871 -0.44228869021900374 0
    outer loop
      vertex 98.21589838486226 24.1575 4
      vertex 98.21589838486226 24.1575 10
      vertex 97.98448186995486 24.62676627053964 10
    endloop
  endfacet
  facet normal -0.946930129495101 -0.32143946530317513 0
    outer loop
      vertex 97.98448186995486 24.62676627053964 4
      vertex 97.98448186995486 24.62676627053964 10
      vertex 97.81629669484373 25.122223819589916 10
    endloop
  endfacet
  facet normal -0.9807852804032315 -0.1950903220161223 0
    outer loop
      vertex 97.81629669484373 25.122223819589916 4
      vertex 97.81629669484373 25.122223819589916 10
      vertex 97.71422055450476 25.635395231119794 10
    endloop
  endfacet
  facet normal -0.9978589232386038 -0.0654031292301393 0
    outer loop
      vertex 97.71422055450476 25.635395231119794 4
      vertex 97.71422055450476 25.635395231119794 10
      vertex 97.68 26.1575 10
    endloop
  endfacet
  facet normal -0.9978589232386038 0.0654031292301393 0
    outer loop
      vertex 97.68 26.1575 4
      vertex 97.68 26.1575 10
      vertex 97.71422055450476 26.679604768880203 10
    endloop
  endfacet
  facet normal -0.9807852804032315 0.1950903220161223 0
    outer loop
      vertex 97.71422055450476 26.679604768880203 4
      vertex 97.71422055450476 26.679604768880203 10
      vertex 97.81629669484373 27.192776180410082 10
    endloop
  endfacet
  facet normal -0.44228869021900913 -0.8968727415326845 0
    outer loop
      vertex 99.68 22.693398384862245 4
      vertex 100.14926627053964 22.46198186995485 10
      vertex 99.68 22.693398384862245 10
    endloop
  endfacet
  facet normal -0.5555702330196057 -0.8314696123025428 0
    outer loop
      vertex 99.24495428396513 22.98408663883506 4
      vertex 99.68 22.693398384862245 10
      vertex 99.24495428396513 22.98408663883506 10
    endloop
  endfacet
  facet normal 0.44228869021900913 -0.8968727415326845 0
    outer loop
      vertex 103.21073372946037 22.46198186995485 4
      vertex 103.68 22.693398384862245 10
      vertex 103.21073372946037 22.46198186995485 10
    endloop
  endfacet
  facet normal 0.5555702330196057 -0.8314696123025428 0
    outer loop
      vertex 103.68 22.693398384862245 4
      vertex 104.11504571603489 22.98408663883506 10
      vertex 103.68 22.693398384862245 10
    endloop
  endfacet
  facet normal 0.6593458151000674 -0.7518398074789787 0
    outer loop
      vertex 104.11504571603489 22.98408663883506 4
      vertex 104.50842712474619 23.329072875253807 10
      vertex 104.11504571603489 22.98408663883506 10
    endloop
  endfacet
  facet normal 0.7518398074789682 -0.6593458151000794 0
    outer loop
      vertex 104.85341336116495 23.722454283965117 4
      vertex 104.85341336116495 23.722454283965117 10
      vertex 104.50842712474619 23.329072875253807 10
    endloop
  endfacet
  facet normal 0.8314696123025543 -0.5555702330195886 0
    outer loop
      vertex 105.14410161513776 24.1575 4
      vertex 105.14410161513776 24.1575 10
      vertex 104.85341336116495 23.722454283965117 10
    endloop
  endfacet
  facet normal 0.8968727415326871 -0.44228869021900374 0
    outer loop
      vertex 105.37551813004515 24.62676627053964 4
      vertex 105.37551813004515 24.62676627053964 10
      vertex 105.14410161513776 24.1575 10
    endloop
  endfacet
  facet normal 0.946930129495101 -0.32143946530317513 0
    outer loop
      vertex 105.54370330515628 25.122223819589916 4
      vertex 105.54370330515628 25.122223819589916 10
      vertex 105.37551813004515 24.62676627053964 10
    endloop
  endfacet
  facet normal 0.9807852804032315 -0.1950903220161223 0
    outer loop
      vertex 105.64577944549525 25.635395231119794 4
      vertex 105.64577944549525 25.635395231119794 10
      vertex 105.54370330515628 25.122223819589916 10
    endloop
  endfacet
  facet normal 0.9978589232386038 -0.0654031292301393 0
    outer loop
      vertex 105.68 26.1575 4
      vertex 105.68 26.1575 10
      vertex 105.64577944549525 25.635395231119794 10
    endloop
  endfacet
  facet normal 0.9978589232386038 0.0654031292301393 0
    outer loop
      vertex 105.64577944549525 26.679604768880203 4
      vertex 105.64577944549525 26.679604768880203 10
      vertex 105.68 26.1575 10
    endloop
  endfacet
  facet normal 0 0 1
    outer loop
      vertex 100.14926627053964 22.46198186995485 10
      vertex 100.28937793447972 22.41442036891396 10
      vertex 100.28 22.557499999999997 10
    endloop
  endfacet
  facet normal 0 0 1
    outer loop
      vertex 103.21073372946037 22.46198186995485 10
      vertex 103.08000000000001 22.557499999999997 10
      vertex 103.0706220655203 22.41442036891396 10
    endloop
  endfacet
  facet normal 0 0 1
    outer loop
      vertex 98.85157287525382 23.329072875253807 10
      vertex 98.50658663883506 28.59254571603488 10
      vertex 98.50658663883506 23.722454283965117 10
    endloop
  endfacet
  facet normal 0 0 1
    outer loop
      vertex 98.85157287525382 23.329072875253807 10
      vertex 99.24495428396513 22.98408663883506 10
      vertex 98.85157287525382 28.98592712474619 10
    endloop
  endfacet
  facet normal 0 0 1
    outer loop
      vertex 98.21589838486226 24.1575 10
      vertex 97.98448186995486 27.688233729460357 10
      vertex 97.98448186995486 24.62676627053964 10
    endloop
  endfacet
  facet normal 0 0 1
    outer loop
      vertex 97.98448186995486 24.62676627053964 10
      vertex 97.81629669484373 27.192776180410082 10
      vertex 97.81629669484373 25.122223819589916 10
    endloop
  endfacet
  facet normal 0 0 1
    outer loop
      vertex 97.81629669484373 25.122223819589916 10
      vertex 97.71422055450476 26.679604768880203 10
      vertex 97.71422055450476 25.635395231119794 10
    endloop
  endfacet
  facet normal 0 0 1
    outer loop
      vertex 98.50658663883506 23.722454283965117 10
      vertex 98.21589838486226 28.1575 10
      vertex 98.21589838486226 24.1575 10
    endloop
  endfacet
  facet normal 0 0 1
    outer loop
      vertex 97.71422055450476 25.635395231119794 10
      vertex 97.71422055450476 26.679604768880203 10
      vertex 97.68 26.1575 10
    endloop
  endfacet
  facet normal 0 0 1
    outer loop
      vertex 97.81629669484373 25.122223819589916 10
      vertex 97.81629669484373 27.192776180410082 10
      vertex 97.71422055450476 26.679604768880203 10
    endloop
  endfacet
  facet normal 0 0 1
    outer loop
      vertex 97.98448186995486 24.62676627053964 10
      vertex 97.98448186995486 27.688233729460357 10
      vertex 97.81629669484373 27.192776180410082 10
    endloop
  endfacet
  facet normal 0 0 1
    outer loop
      vertex 98.21589838486226 24.1575 10
      vertex 98.21589838486226 28.1575 10
      vertex 97.98448186995486 27.688233729460357 10
    endloop
  endfacet
  facet normal 0 0 1
    outer loop
      vertex 98.50658663883506 23.722454283965117 10
      vertex 98.50658663883506 28.59254571603488 10
      vertex 98.21589838486226 28.1575 10
    endloop
  endfacet
  facet normal 0 0 1
    outer loop
      vertex 98.85157287525382 23.329072875253807 10
      vertex 98.85157287525382 28.98592712474619 10
      vertex 98.50658663883506 28.59254571603488 10
    endloop
  endfacet
  facet normal 0 0 1
    outer loop
      vertex 99.68 22.693398384862245 10
      vertex 99.24495428396513 29.33091336116494 10
      vertex 99.24495428396513 22.98408663883506 10
    endloop
  endfacet
  facet normal 0 0 1
    outer loop
      vertex 100.14926627053964 22.46198186995485 10
      vertex 99.68 29.621601615137752 10
      vertex 99.68 22.693398384862245 10
    endloop
  endfacet
  facet normal 0 0 1
    outer loop
      vertex 100.14926627053964 22.46198186995485 10
      vertex 100.28 22.557499999999997 10
      vertex 100.28 29.7575 10
    endloop
  endfacet
  facet normal 0 0 1
    outer loop
      vertex 103.21073372946037 22.46198186995485 10
      vertex 103.21073372946037 29.853018130045147 10
      vertex 103.08000000000001 22.557499999999997 10
    endloop
  endfacet
  facet normal 0 0 1
    outer loop
      vertex 103.21073372946037 22.46198186995485 10
      vertex 103.68 22.693398384862245 10
      vertex 103.21073372946037 29.853018130045147 10
    endloop
  endfacet
  facet normal 0 0 1
    outer loop
      vertex 103.68 22.693398384862245 10
      vertex 104.11504571603489 22.98408663883506 10
      vertex 103.68 29.621601615137752 10
    endloop
  endfacet
  facet normal 0 0 1
    outer loop
      vertex 104.11504571603489 22.98408663883506 10
      vertex 104.50842712474619 23.329072875253807 10
      vertex 104.11504571603489 29.33091336116494 10
    endloop
  endfacet
  facet normal 0 0 1
    outer loop
      vertex 104.50842712474619 23.329072875253807 10
      vertex 104.85341336116495 23.722454283965117 10
      vertex 104.50842712474619 28.98592712474619 10
    endloop
  endfacet
  facet normal 0 0 1
    outer loop
      vertex 104.85341336116495 23.722454283965117 10
      vertex 105.14410161513776 24.1575 10
      vertex 104.85341336116495 28.59254571603488 10
    endloop
  endfacet
  facet normal 0 0 1
    outer loop
      vertex 105.14410161513776 24.1575 10
      vertex 105.37551813004515 24.62676627053964 10
      vertex 105.14410161513776 28.1575 10
    endloop
  endfacet
  facet normal 0 0 1
    outer loop
      vertex 105.37551813004515 24.62676627053964 10
      vertex 105.54370330515628 25.122223819589916 10
      vertex 105.37551813004515 27.688233729460357 10
    endloop
  endfacet
  facet normal 0 0 1
    outer loop
      vertex 105.54370330515628 25.122223819589916 10
      vertex 105.64577944549525 25.635395231119794 10
      vertex 105.54370330515628 27.192776180410082 10
    endloop
  endfacet
  facet normal 0 0 1
    outer loop
      vertex 105.64577944549525 25.635395231119794 10
      vertex 105.68 26.1575 10
      vertex 105.64577944549525 26.679604768880203 10
    endloop
  endfacet
  facet normal 0 0 1
    outer loop
      vertex 105.64577944549525 25.635395231119794 10
      vertex 105.64577944549525 26.679604768880203 10
      vertex 105.54370330515628 27.192776180410082 10
    endloop
  endfacet
  facet normal 0 0 1
    outer loop
      vertex 105.54370330515628 25.122223819589916 10
      vertex 105.54370330515628 27.192776180410082 10
      vertex 105.37551813004515 27.688233729460357 10
    endloop
  endfacet
  facet normal 0 0 1
    outer loop
      vertex 105.37551813004515 24.62676627053964 10
      vertex 105.37551813004515 27.688233729460357 10
      vertex 105.14410161513776 28.1575 10
    endloop
  endfacet
  facet normal 0 0 1
    outer loop
      vertex 105.14410161513776 24.1575 10
      vertex 105.14410161513776 28.1575 10
      vertex 104.85341336116495 28.59254571603488 10
    endloop
  endfacet
  facet normal -0.946930129495101 0.32143946530317513 0
    outer loop
      vertex 97.81629669484373 27.192776180410082 4
      vertex 97.81629669484373 27.192776180410082 10
      vertex 97.98448186995486 27.688233729460357 10
    endloop
  endfacet
  facet normal -0.8968727415326871 0.44228869021900374 0
    outer loop
      vertex 97.98448186995486 27.688233729460357 4
      vertex 97.98448186995486 27.688233729460357 10
      vertex 98.21589838486226 28.1575 10
    endloop
  endfacet
  facet normal -0.8314696123025543 0.5555702330195886 0
    outer loop
      vertex 98.21589838486226 28.1575 4
      vertex 98.21589838486226 28.1575 10
      vertex 98.50658663883506 28.59254571603488 10
    endloop
  endfacet
  facet normal -0.7518398074789682 0.6593458151000794 0
    outer loop
      vertex 98.50658663883506 28.59254571603488 4
      vertex 98.50658663883506 28.59254571603488 10
      vertex 98.85157287525382 28.98592712474619 10
    endloop
  endfacet
  facet normal -0.6593458151000674 0.7518398074789787 0
    outer loop
      vertex 99.24495428396513 29.33091336116494 4
      vertex 98.85157287525382 28.98592712474619 10
      vertex 99.24495428396513 29.33091336116494 10
    endloop
  endfacet
  facet normal 0.9807852804032315 0.1950903220161223 0
    outer loop
      vertex 105.54370330515628 27.192776180410082 4
      vertex 105.54370330515628 27.192776180410082 10
      vertex 105.64577944549525 26.679604768880203 10
    endloop
  endfacet
  facet normal 0.946930129495101 0.32143946530317513 0
    outer loop
      vertex 105.37551813004515 27.688233729460357 4
      vertex 105.37551813004515 27.688233729460357 10
      vertex 105.54370330515628 27.192776180410082 10
    endloop
  endfacet
  facet normal 0.8968727415326871 0.44228869021900374 0
    outer loop
      vertex 105.14410161513776 28.1575 4
      vertex 105.14410161513776 28.1575 10
      vertex 105.37551813004515 27.688233729460357 10
    endloop
  endfacet
  facet normal 0.7518398074789682 0.6593458151000794 0
    outer loop
      vertex 104.50842712474619 28.98592712474619 4
      vertex 104.50842712474619 28.98592712474619 10
      vertex 104.85341336116495 28.59254571603488 10
    endloop
  endfacet
  facet normal 0.6593458151000674 0.7518398074789787 0
    outer loop
      vertex 104.50842712474619 28.98592712474619 4
      vertex 104.11504571603489 29.33091336116494 10
      vertex 104.50842712474619 28.98592712474619 10
    endloop
  endfacet
  facet normal 0.8314696123025543 0.5555702330195886 0
    outer loop
      vertex 104.85341336116495 28.59254571603488 4
      vertex 104.85341336116495 28.59254571603488 10
      vertex 105.14410161513776 28.1575 10
    endloop
  endfacet
  facet normal -0.5555702330196057 0.8314696123025428 0
    outer loop
      vertex 99.68 29.621601615137752 4
      vertex 99.24495428396513 29.33091336116494 10
      vertex 99.68 29.621601615137752 10
    endloop
  endfacet
  facet normal -0.44228869021900913 0.8968727415326845 0
    outer loop
      vertex 100.14926627053964 29.853018130045147 4
      vertex 99.68 29.621601615137752 10
      vertex 100.14926627053964 29.853018130045147 10
    endloop
  endfacet
  facet normal -0.32143946530315914 0.9469301294951065 0
    outer loop
      vertex 100.14926627053964 29.853018130045147 10
      vertex 100.28937793447972 29.90057963108604 10
      vertex 100.28937793447972 29.90057963108604 4
    endloop
  endfacet
  facet normal 0.44228869021900913 0.8968727415326845 0
    outer loop
      vertex 103.68 29.621601615137752 4
      vertex 103.21073372946037 29.853018130045147 10
      vertex 103.68 29.621601615137752 10
    endloop
  endfacet
  facet normal 0.5555702330196057 0.8314696123025428 0
    outer loop
      vertex 104.11504571603489 29.33091336116494 4
      vertex 103.68 29.621601615137752 10
      vertex 104.11504571603489 29.33091336116494 10
    endloop
  endfacet
  facet normal 0.32143946530315914 0.9469301294951065 0
    outer loop
      vertex 103.21073372946037 29.853018130045147 4
      vertex 103.0706220655203 29.90057963108604 10
      vertex 103.21073372946037 29.853018130045147 10
    endloop
  endfacet
  facet normal 0 0 1
    outer loop
      vertex 99.24495428396513 22.98408663883506 10
      vertex 99.24495428396513 29.33091336116494 10
      vertex 98.85157287525382 28.98592712474619 10
    endloop
  endfacet
  facet normal 0 0 1
    outer loop
      vertex 99.68 22.693398384862245 10
      vertex 99.68 29.621601615137752 10
      vertex 99.24495428396513 29.33091336116494 10
    endloop
  endfacet
  facet normal 0 0 1
    outer loop
      vertex 100.14926627053964 22.46198186995485 10
      vertex 100.14926627053964 29.853018130045147 10
      vertex 99.68 29.621601615137752 10
    endloop
  endfacet
  facet normal 0 0 1
    outer loop
      vertex 100.14926627053964 22.46198186995485 10
      vertex 100.28 29.7575 10
      vertex 100.14926627053964 29.853018130045147 10
    endloop
  endfacet
  facet normal 0 0 1
    outer loop
      vertex 103.21073372946037 29.853018130045147 10
      vertex 103.08000000000001 29.7575 10
      vertex 103.08000000000001 22.557499999999997 10
    endloop
  endfacet
  facet normal 0 0 1
    outer loop
      vertex 103.68 22.693398384862245 10
      vertex 103.68 29.621601615137752 10
      vertex 103.21073372946037 29.853018130045147 10
    endloop
  endfacet
  facet normal 0 0 1
    outer loop
      vertex 104.85341336116495 23.722454283965117 10
      vertex 104.85341336116495 28.59254571603488 10
      vertex 104.50842712474619 28.98592712474619 10
    endloop
  endfacet
  facet normal 0 0 1
    outer loop
      vertex 104.50842712474619 23.329072875253807 10
      vertex 104.50842712474619 28.98592712474619 10
      vertex 104.11504571603489 29.33091336116494 10
    endloop
  endfacet
  facet normal 0 0 1
    outer loop
      vertex 104.11504571603489 22.98408663883506 10
      vertex 104.11504571603489 29.33091336116494 10
      vertex 103.68 29.621601615137752 10
    endloop
  endfacet
  facet normal 0 0 1
    outer loop
      vertex 100.14926627053964 29.853018130045147 10
      vertex 100.28 29.7575 10
      vertex 100.28937793447972 29.90057963108604 10
    endloop
  endfacet
  facet normal 0 0 1
    outer loop
      vertex 103.21073372946037 29.853018130045147 10
      vertex 103.0706220655203 29.90057963108604 10
      vertex 103.08000000000001 29.7575 10
    endloop
  endfacet
  facet normal -0.6593458151000674 -0.7518398074789787 0
    outer loop
      vertex 98.85157287525382 43.01407287525381 4
      vertex 99.24495428396513 42.66908663883506 4
      vertex 99.24495428396513 42.66908663883506 10
    endloop
  endfacet
  facet normal -0.7518398074789652 -0.6593458151000827 0
    outer loop
      vertex 98.85157287525382 43.01407287525381 4
      vertex 98.50658663883506 43.407454283965116 10
      vertex 98.50658663883506 43.407454283965116 4
    endloop
  endfacet
  facet normal -0.8314696123025563 -0.5555702330195854 0
    outer loop
      vertex 98.50658663883506 43.407454283965116 4
      vertex 98.21589838486226 43.8425 10
      vertex 98.21589838486226 43.8425 4
    endloop
  endfacet
  facet normal -0.8968727415326871 -0.44228869021900374 0
    outer loop
      vertex 98.21589838486226 43.8425 4
      vertex 97.98448186995486 44.31176627053964 10
      vertex 97.98448186995486 44.31176627053964 4
    endloop
  endfacet
  facet normal -0.9469301294951017 -0.321439465303173 0
    outer loop
      vertex 97.98448186995486 44.31176627053964 4
      vertex 97.81629669484373 44.80722381958992 10
      vertex 97.81629669484373 44.80722381958992 4
    endloop
  endfacet
  facet normal -0.32143946530318074 -0.9469301294950992 0
    outer loop
      vertex 100.14926627053964 42.14698186995486 4
      vertex 100.28937793447972 42.09942036891396 4
      vertex 100.28937793447972 42.09942036891396 10
    endloop
  endfacet
  facet normal -0.44228869021899825 -0.8968727415326899 0
    outer loop
      vertex 100.14926627053964 42.14698186995486 4
      vertex 100.14926627053964 42.14698186995486 10
      vertex 99.68 42.378398384862244 4
    endloop
  endfacet
  facet normal -0.5555702330196105 -0.8314696123025397 0
    outer loop
      vertex 99.68 42.378398384862244 4
      vertex 99.68 42.378398384862244 10
      vertex 99.24495428396513 42.66908663883506 4
    endloop
  endfacet
  facet normal 0.32143946530318074 -0.9469301294950992 0
    outer loop
      vertex 103.21073372946037 42.14698186995486 4
      vertex 103.21073372946037 42.14698186995486 10
      vertex 103.0706220655203 42.09942036891396 4
    endloop
  endfacet
  facet normal 0.44228869021899825 -0.8968727415326899 0
    outer loop
      vertex 103.21073372946037 42.14698186995486 4
      vertex 103.68 42.378398384862244 4
      vertex 103.68 42.378398384862244 10
    endloop
  endfacet
  facet normal 0.5555702330196105 -0.8314696123025397 0
    outer loop
      vertex 103.68 42.378398384862244 4
      vertex 104.11504571603489 42.66908663883506 4
      vertex 104.11504571603489 42.66908663883506 10
    endloop
  endfacet
  facet normal 0.6593458151000674 -0.7518398074789787 0
    outer loop
      vertex 104.11504571603489 42.66908663883506 4
      vertex 104.50842712474619 43.01407287525381 4
      vertex 104.50842712474619 43.01407287525381 10
    endloop
  endfacet
  facet normal 0.7518398074789652 -0.6593458151000827 0
    outer loop
      vertex 104.50842712474619 43.01407287525381 4
      vertex 104.85341336116495 43.407454283965116 4
      vertex 104.50842712474619 43.01407287525381 10
    endloop
  endfacet
  facet normal 0.8314696123025563 -0.5555702330195854 0
    outer loop
      vertex 104.85341336116495 43.407454283965116 4
      vertex 105.14410161513776 43.8425 4
      vertex 104.85341336116495 43.407454283965116 10
    endloop
  endfacet
  facet normal 0.8968727415326871 -0.44228869021900374 0
    outer loop
      vertex 105.14410161513776 43.8425 4
      vertex 105.37551813004515 44.31176627053964 4
      vertex 105.14410161513776 43.8425 10
    endloop
  endfacet
  facet normal 0.9469301294951017 -0.321439465303173 0
    outer loop
      vertex 105.37551813004515 44.31176627053964 4
      vertex 105.54370330515628 44.80722381958992 4
      vertex 105.37551813004515 44.31176627053964 10
    endloop
  endfacet
  facet normal 0.9807852804032313 -0.1950903220161236 0
    outer loop
      vertex 105.54370330515628 44.80722381958992 4
      vertex 105.64577944549525 45.3203952311198 4
      vertex 105.54370330515628 44.80722381958992 10
    endloop
  endfacet
  facet normal -0.9807852804032313 -0.1950903220161236 0
    outer loop
      vertex 97.81629669484373 44.80722381958992 4
      vertex 97.71422055450476 45.3203952311198 10
      vertex 97.71422055450476 45.3203952311198 4
    endloop
  endfacet
  facet normal -0.9978589232386038 -0.0654031292301393 0
    outer loop
      vertex 97.71422055450476 45.3203952311198 4
      vertex 97.68 45.8425 10
      vertex 97.68 45.8425 4
    endloop
  endfacet
  facet normal -0.9978589232386038 0.0654031292301393 0
    outer loop
      vertex 97.68 45.8425 4
      vertex 97.71422055450476 46.364604768880206 10
      vertex 97.71422055450476 46.364604768880206 4
    endloop
  endfacet
  facet normal -0.9807852804032313 0.1950903220161236 0
    outer loop
      vertex 97.71422055450476 46.364604768880206 4
      vertex 97.81629669484373 46.87777618041008 10
      vertex 97.81629669484373 46.87777618041008 4
    endloop
  endfacet
  facet normal -0.9469301294951017 0.321439465303173 0
    outer loop
      vertex 97.81629669484373 46.87777618041008 4
      vertex 97.98448186995486 47.37323372946036 10
      vertex 97.98448186995486 47.37323372946036 4
    endloop
  endfacet
  facet normal -0.8968727415326871 0.44228869021900374 0
    outer loop
      vertex 97.98448186995486 47.37323372946036 4
      vertex 98.21589838486226 47.8425 10
      vertex 98.21589838486226 47.8425 4
    endloop
  endfacet
  facet normal -0.8314696123025563 0.5555702330195854 0
    outer loop
      vertex 98.21589838486226 47.8425 4
      vertex 98.50658663883506 48.277545716034886 10
      vertex 98.50658663883506 48.277545716034886 4
    endloop
  endfacet
  facet normal -0.7518398074789652 0.6593458151000827 0
    outer loop
      vertex 98.50658663883506 48.277545716034886 4
      vertex 98.85157287525382 48.67092712474619 10
      vertex 98.85157287525382 48.67092712474619 4
    endloop
  endfacet
  facet normal -0.6593458151000674 0.7518398074789787 0
    outer loop
      vertex 98.85157287525382 48.67092712474619 4
      vertex 98.85157287525382 48.67092712474619 10
      vertex 99.24495428396513 49.01591336116494 4
    endloop
  endfacet
  facet normal 0.9978589232386038 -0.0654031292301393 0
    outer loop
      vertex 105.64577944549525 45.3203952311198 4
      vertex 105.68 45.8425 4
      vertex 105.64577944549525 45.3203952311198 10
    endloop
  endfacet
  facet normal 0.9978589232386038 0.0654031292301393 0
    outer loop
      vertex 105.68 45.8425 4
      vertex 105.64577944549525 46.364604768880206 4
      vertex 105.68 45.8425 10
    endloop
  endfacet
  facet normal 0.9807852804032313 0.1950903220161236 0
    outer loop
      vertex 105.64577944549525 46.364604768880206 4
      vertex 105.54370330515628 46.87777618041008 4
      vertex 105.64577944549525 46.364604768880206 10
    endloop
  endfacet
  facet normal 0.9469301294951017 0.321439465303173 0
    outer loop
      vertex 105.54370330515628 46.87777618041008 4
      vertex 105.37551813004515 47.37323372946036 4
      vertex 105.54370330515628 46.87777618041008 10
    endloop
  endfacet
  facet normal -0.5555702330196105 0.8314696123025397 0
    outer loop
      vertex 99.24495428396513 49.01591336116494 4
      vertex 99.24495428396513 49.01591336116494 10
      vertex 99.68 49.30660161513776 4
    endloop
  endfacet
  facet normal -0.44228869021899825 0.8968727415326899 0
    outer loop
      vertex 99.68 49.30660161513776 4
      vertex 99.68 49.30660161513776 10
      vertex 100.14926627053964 49.538018130045145 4
    endloop
  endfacet
  facet normal 0.8968727415326871 0.44228869021900374 0
    outer loop
      vertex 105.37551813004515 47.37323372946036 4
      vertex 105.14410161513776 47.8425 4
      vertex 105.37551813004515 47.37323372946036 10
    endloop
  endfacet
  facet normal 0.8314696123025563 0.5555702330195854 0
    outer loop
      vertex 105.14410161513776 47.8425 4
      vertex 104.85341336116495 48.277545716034886 4
      vertex 105.14410161513776 47.8425 10
    endloop
  endfacet
  facet normal 0.7518398074789652 0.6593458151000827 0
    outer loop
      vertex 104.85341336116495 48.277545716034886 4
      vertex 104.50842712474619 48.67092712474619 4
      vertex 104.85341336116495 48.277545716034886 10
    endloop
  endfacet
  facet normal 0.6593458151000674 0.7518398074789787 0
    outer loop
      vertex 104.50842712474619 48.67092712474619 4
      vertex 104.11504571603489 49.01591336116494 4
      vertex 104.11504571603489 49.01591336116494 10
    endloop
  endfacet
  facet normal 0.5555702330196105 0.8314696123025397 0
    outer loop
      vertex 103.68 49.30660161513776 4
      vertex 103.68 49.30660161513776 10
      vertex 104.11504571603489 49.01591336116494 4
    endloop
  endfacet
  facet normal 0.44228869021899825 0.8968727415326899 0
    outer loop
      vertex 103.68 49.30660161513776 4
      vertex 103.21073372946037 49.538018130045145 4
      vertex 103.21073372946037 49.538018130045145 10
    endloop
  endfacet
  facet normal -0.32143946530318074 0.9469301294950992 0
    outer loop
      vertex 100.14926627053964 49.538018130045145 4
      vertex 100.14926627053964 49.538018130045145 10
      vertex 100.28937793447972 49.58557963108604 4
    endloop
  endfacet
  facet normal 0.32143946530318074 0.9469301294950992 0
    outer loop
      vertex 103.21073372946037 49.538018130045145 4
      vertex 103.0706220655203 49.58557963108604 4
      vertex 103.0706220655203 49.58557963108604 10
    endloop
  endfacet
  facet normal -0.6593458151000674 -0.7518398074789787 0
    outer loop
      vertex 98.85157287525382 43.01407287525381 4
      vertex 99.24495428396513 42.66908663883506 10
      vertex 98.85157287525382 43.01407287525381 10
    endloop
  endfacet
  facet normal -0.7518398074789652 -0.6593458151000827 0
    outer loop
      vertex 98.85157287525382 43.01407287525381 4
      vertex 98.85157287525382 43.01407287525381 10
      vertex 98.50658663883506 43.407454283965116 10
    endloop
  endfacet
  facet normal -0.8314696123025563 -0.5555702330195854 0
    outer loop
      vertex 98.50658663883506 43.407454283965116 4
      vertex 98.50658663883506 43.407454283965116 10
      vertex 98.21589838486226 43.8425 10
    endloop
  endfacet
  facet normal -0.8968727415326871 -0.44228869021900374 0
    outer loop
      vertex 98.21589838486226 43.8425 4
      vertex 98.21589838486226 43.8425 10
      vertex 97.98448186995486 44.31176627053964 10
    endloop
  endfacet
  facet normal -0.9469301294951017 -0.321439465303173 0
    outer loop
      vertex 97.98448186995486 44.31176627053964 4
      vertex 97.98448186995486 44.31176627053964 10
      vertex 97.81629669484373 44.80722381958992 10
    endloop
  endfacet
  facet normal -0.9807852804032313 -0.1950903220161236 0
    outer loop
      vertex 97.81629669484373 44.80722381958992 4
      vertex 97.81629669484373 44.80722381958992 10
      vertex 97.71422055450476 45.3203952311198 10
    endloop
  endfacet
  facet normal -0.32143946530318074 -0.9469301294950992 0
    outer loop
      vertex 100.14926627053964 42.14698186995486 4
      vertex 100.28937793447972 42.09942036891396 10
      vertex 100.14926627053964 42.14698186995486 10
    endloop
  endfacet
  facet normal -0.44228869021899825 -0.8968727415326899 0
    outer loop
      vertex 99.68 42.378398384862244 4
      vertex 100.14926627053964 42.14698186995486 10
      vertex 99.68 42.378398384862244 10
    endloop
  endfacet
  facet normal -0.5555702330196105 -0.8314696123025397 0
    outer loop
      vertex 99.24495428396513 42.66908663883506 4
      vertex 99.68 42.378398384862244 10
      vertex 99.24495428396513 42.66908663883506 10
    endloop
  endfacet
  facet normal 0.32143946530318074 -0.9469301294950992 0
    outer loop
      vertex 103.21073372946037 42.14698186995486 10
      vertex 103.0706220655203 42.09942036891396 10
      vertex 103.0706220655203 42.09942036891396 4
    endloop
  endfacet
  facet normal 0.44228869021899825 -0.8968727415326899 0
    outer loop
      vertex 103.21073372946037 42.14698186995486 4
      vertex 103.68 42.378398384862244 10
      vertex 103.21073372946037 42.14698186995486 10
    endloop
  endfacet
  facet normal 0.5555702330196105 -0.8314696123025397 0
    outer loop
      vertex 103.68 42.378398384862244 4
      vertex 104.11504571603489 42.66908663883506 10
      vertex 103.68 42.378398384862244 10
    endloop
  endfacet
  facet normal 0.6593458151000674 -0.7518398074789787 0
    outer loop
      vertex 104.11504571603489 42.66908663883506 4
      vertex 104.50842712474619 43.01407287525381 10
      vertex 104.11504571603489 42.66908663883506 10
    endloop
  endfacet
  facet normal 0.7518398074789652 -0.6593458151000827 0
    outer loop
      vertex 104.85341336116495 43.407454283965116 4
      vertex 104.85341336116495 43.407454283965116 10
      vertex 104.50842712474619 43.01407287525381 10
    endloop
  endfacet
  facet normal 0.8314696123025563 -0.5555702330195854 0
    outer loop
      vertex 105.14410161513776 43.8425 4
      vertex 105.14410161513776 43.8425 10
      vertex 104.85341336116495 43.407454283965116 10
    endloop
  endfacet
  facet normal 0.8968727415326871 -0.44228869021900374 0
    outer loop
      vertex 105.37551813004515 44.31176627053964 4
      vertex 105.37551813004515 44.31176627053964 10
      vertex 105.14410161513776 43.8425 10
    endloop
  endfacet
  facet normal 0.9469301294951017 -0.321439465303173 0
    outer loop
      vertex 105.54370330515628 44.80722381958992 4
      vertex 105.54370330515628 44.80722381958992 10
      vertex 105.37551813004515 44.31176627053964 10
    endloop
  endfacet
  facet normal 0 0 1
    outer loop
      vertex 98.85157287525382 43.01407287525381 10
      vertex 98.50658663883506 48.277545716034886 10
      vertex 98.50658663883506 43.407454283965116 10
    endloop
  endfacet
  facet normal 0 0 1
    outer loop
      vertex 98.85157287525382 43.01407287525381 10
      vertex 99.24495428396513 42.66908663883506 10
      vertex 98.85157287525382 48.67092712474619 10
    endloop
  endfacet
  facet normal 0 0 1
    outer loop
      vertex 100.14926627053964 42.14698186995486 10
      vertex 100.28937793447972 42.09942036891396 10
      vertex 100.28 42.2425 10
    endloop
  endfacet
  facet normal 0 0 1
    outer loop
      vertex 103.21073372946037 42.14698186995486 10
      vertex 103.08000000000001 42.2425 10
      vertex 103.0706220655203 42.09942036891396 10
    endloop
  endfacet
  facet normal 0 0 1
    outer loop
      vertex 99.68 42.378398384862244 10
      vertex 99.24495428396513 49.01591336116494 10
      vertex 99.24495428396513 42.66908663883506 10
    endloop
  endfacet
  facet normal 0 0 1
    outer loop
      vertex 100.14926627053964 42.14698186995486 10
      vertex 99.68 49.30660161513776 10
      vertex 99.68 42.378398384862244 10
    endloop
  endfacet
  facet normal 0 0 1
    outer loop
      vertex 100.14926627053964 42.14698186995486 10
      vertex 100.28 42.2425 10
      vertex 100.28 49.4425 10
    endloop
  endfacet
  facet normal 0 0 1
    outer loop
      vertex 103.21073372946037 42.14698186995486 10
      vertex 103.21073372946037 49.538018130045145 10
      vertex 103.08000000000001 42.2425 10
    endloop
  endfacet
  facet normal 0 0 1
    outer loop
      vertex 103.21073372946037 42.14698186995486 10
      vertex 103.68 42.378398384862244 10
      vertex 103.21073372946037 49.538018130045145 10
    endloop
  endfacet
  facet normal 0 0 1
    outer loop
      vertex 103.68 42.378398384862244 10
      vertex 104.11504571603489 42.66908663883506 10
      vertex 103.68 49.30660161513776 10
    endloop
  endfacet
  facet normal 0 0 1
    outer loop
      vertex 104.11504571603489 42.66908663883506 10
      vertex 104.50842712474619 43.01407287525381 10
      vertex 104.11504571603489 49.01591336116494 10
    endloop
  endfacet
  facet normal -0.9978589232386038 -0.0654031292301393 0
    outer loop
      vertex 97.71422055450476 45.3203952311198 4
      vertex 97.71422055450476 45.3203952311198 10
      vertex 97.68 45.8425 10
    endloop
  endfacet
  facet normal -0.9978589232386038 0.0654031292301393 0
    outer loop
      vertex 97.68 45.8425 4
      vertex 97.68 45.8425 10
      vertex 97.71422055450476 46.364604768880206 10
    endloop
  endfacet
  facet normal -0.9807852804032313 0.1950903220161236 0
    outer loop
      vertex 97.71422055450476 46.364604768880206 4
      vertex 97.71422055450476 46.364604768880206 10
      vertex 97.81629669484373 46.87777618041008 10
    endloop
  endfacet
  facet normal -0.9469301294951017 0.321439465303173 0
    outer loop
      vertex 97.81629669484373 46.87777618041008 4
      vertex 97.81629669484373 46.87777618041008 10
      vertex 97.98448186995486 47.37323372946036 10
    endloop
  endfacet
  facet normal -0.8968727415326871 0.44228869021900374 0
    outer loop
      vertex 97.98448186995486 47.37323372946036 4
      vertex 97.98448186995486 47.37323372946036 10
      vertex 98.21589838486226 47.8425 10
    endloop
  endfacet
  facet normal -0.8314696123025563 0.5555702330195854 0
    outer loop
      vertex 98.21589838486226 47.8425 4
      vertex 98.21589838486226 47.8425 10
      vertex 98.50658663883506 48.277545716034886 10
    endloop
  endfacet
  facet normal -0.7518398074789652 0.6593458151000827 0
    outer loop
      vertex 98.50658663883506 48.277545716034886 4
      vertex 98.50658663883506 48.277545716034886 10
      vertex 98.85157287525382 48.67092712474619 10
    endloop
  endfacet
  facet normal -0.6593458151000674 0.7518398074789787 0
    outer loop
      vertex 99.24495428396513 49.01591336116494 4
      vertex 98.85157287525382 48.67092712474619 10
      vertex 99.24495428396513 49.01591336116494 10
    endloop
  endfacet
  facet normal 0.9807852804032313 -0.1950903220161236 0
    outer loop
      vertex 105.64577944549525 45.3203952311198 4
      vertex 105.64577944549525 45.3203952311198 10
      vertex 105.54370330515628 44.80722381958992 10
    endloop
  endfacet
  facet normal 0.9978589232386038 -0.0654031292301393 0
    outer loop
      vertex 105.68 45.8425 4
      vertex 105.68 45.8425 10
      vertex 105.64577944549525 45.3203952311198 10
    endloop
  endfacet
  facet normal 0.9978589232386038 0.0654031292301393 0
    outer loop
      vertex 105.64577944549525 46.364604768880206 4
      vertex 105.64577944549525 46.364604768880206 10
      vertex 105.68 45.8425 10
    endloop
  endfacet
  facet normal 0.9807852804032313 0.1950903220161236 0
    outer loop
      vertex 105.54370330515628 46.87777618041008 4
      vertex 105.54370330515628 46.87777618041008 10
      vertex 105.64577944549525 46.364604768880206 10
    endloop
  endfacet
  facet normal 0.9469301294951017 0.321439465303173 0
    outer loop
      vertex 105.37551813004515 47.37323372946036 4
      vertex 105.37551813004515 47.37323372946036 10
      vertex 105.54370330515628 46.87777618041008 10
    endloop
  endfacet
  facet normal -0.5555702330196105 0.8314696123025397 0
    outer loop
      vertex 99.68 49.30660161513776 4
      vertex 99.24495428396513 49.01591336116494 10
      vertex 99.68 49.30660161513776 10
    endloop
  endfacet
  facet normal -0.44228869021899825 0.8968727415326899 0
    outer loop
      vertex 100.14926627053964 49.538018130045145 4
      vertex 99.68 49.30660161513776 10
      vertex 100.14926627053964 49.538018130045145 10
    endloop
  endfacet
  facet normal 0.8968727415326871 0.44228869021900374 0
    outer loop
      vertex 105.14410161513776 47.8425 4
      vertex 105.14410161513776 47.8425 10
      vertex 105.37551813004515 47.37323372946036 10
    endloop
  endfacet
  facet normal 0.8314696123025563 0.5555702330195854 0
    outer loop
      vertex 104.85341336116495 48.277545716034886 4
      vertex 104.85341336116495 48.277545716034886 10
      vertex 105.14410161513776 47.8425 10
    endloop
  endfacet
  facet normal 0.7518398074789652 0.6593458151000827 0
    outer loop
      vertex 104.50842712474619 48.67092712474619 4
      vertex 104.50842712474619 48.67092712474619 10
      vertex 104.85341336116495 48.277545716034886 10
    endloop
  endfacet
  facet normal 0.6593458151000674 0.7518398074789787 0
    outer loop
      vertex 104.50842712474619 48.67092712474619 4
      vertex 104.11504571603489 49.01591336116494 10
      vertex 104.50842712474619 48.67092712474619 10
    endloop
  endfacet
  facet normal 0.44228869021899825 0.8968727415326899 0
    outer loop
      vertex 103.68 49.30660161513776 4
      vertex 103.21073372946037 49.538018130045145 10
      vertex 103.68 49.30660161513776 10
    endloop
  endfacet
  facet normal 0.5555702330196105 0.8314696123025397 0
    outer loop
      vertex 104.11504571603489 49.01591336116494 4
      vertex 103.68 49.30660161513776 10
      vertex 104.11504571603489 49.01591336116494 10
    endloop
  endfacet
  facet normal -0.32143946530318074 0.9469301294950992 0
    outer loop
      vertex 100.14926627053964 49.538018130045145 10
      vertex 100.28937793447972 49.58557963108604 10
      vertex 100.28937793447972 49.58557963108604 4
    endloop
  endfacet
  facet normal 0.32143946530318074 0.9469301294950992 0
    outer loop
      vertex 103.21073372946037 49.538018130045145 4
      vertex 103.0706220655203 49.58557963108604 10
      vertex 103.21073372946037 49.538018130045145 10
    endloop
  endfacet
  facet normal 0 0 1
    outer loop
      vertex 98.21589838486226 43.8425 10
      vertex 97.98448186995486 47.37323372946036 10
      vertex 97.98448186995486 44.31176627053964 10
    endloop
  endfacet
  facet normal 0 0 1
    outer loop
      vertex 97.98448186995486 44.31176627053964 10
      vertex 97.81629669484373 46.87777618041008 10
      vertex 97.81629669484373 44.80722381958992 10
    endloop
  endfacet
  facet normal 0 0 1
    outer loop
      vertex 97.81629669484373 44.80722381958992 10
      vertex 97.71422055450476 46.364604768880206 10
      vertex 97.71422055450476 45.3203952311198 10
    endloop
  endfacet
  facet normal 0 0 1
    outer loop
      vertex 98.50658663883506 43.407454283965116 10
      vertex 98.21589838486226 47.8425 10
      vertex 98.21589838486226 43.8425 10
    endloop
  endfacet
  facet normal 0 0 1
    outer loop
      vertex 97.71422055450476 45.3203952311198 10
      vertex 97.71422055450476 46.364604768880206 10
      vertex 97.68 45.8425 10
    endloop
  endfacet
  facet normal 0 0 1
    outer loop
      vertex 97.81629669484373 44.80722381958992 10
      vertex 97.81629669484373 46.87777618041008 10
      vertex 97.71422055450476 46.364604768880206 10
    endloop
  endfacet
  facet normal 0 0 1
    outer loop
      vertex 97.98448186995486 44.31176627053964 10
      vertex 97.98448186995486 47.37323372946036 10
      vertex 97.81629669484373 46.87777618041008 10
    endloop
  endfacet
  facet normal 0 0 1
    outer loop
      vertex 98.21589838486226 43.8425 10
      vertex 98.21589838486226 47.8425 10
      vertex 97.98448186995486 47.37323372946036 10
    endloop
  endfacet
  facet normal 0 0 1
    outer loop
      vertex 98.50658663883506 43.407454283965116 10
      vertex 98.50658663883506 48.277545716034886 10
      vertex 98.21589838486226 47.8425 10
    endloop
  endfacet
  facet normal 0 0 1
    outer loop
      vertex 98.85157287525382 43.01407287525381 10
      vertex 98.85157287525382 48.67092712474619 10
      vertex 98.50658663883506 48.277545716034886 10
    endloop
  endfacet
  facet normal 0 0 1
    outer loop
      vertex 99.24495428396513 42.66908663883506 10
      vertex 99.24495428396513 49.01591336116494 10
      vertex 98.85157287525382 48.67092712474619 10
    endloop
  endfacet
  facet normal 0 0 1
    outer loop
      vertex 99.68 42.378398384862244 10
      vertex 99.68 49.30660161513776 10
      vertex 99.24495428396513 49.01591336116494 10
    endloop
  endfacet
  facet normal 0 0 1
    outer loop
      vertex 100.14926627053964 42.14698186995486 10
      vertex 100.14926627053964 49.538018130045145 10
      vertex 99.68 49.30660161513776 10
    endloop
  endfacet
  facet normal 0 0 1
    outer loop
      vertex 100.14926627053964 42.14698186995486 10
      vertex 100.28 49.4425 10
      vertex 100.14926627053964 49.538018130045145 10
    endloop
  endfacet
  facet normal 0 0 1
    outer loop
      vertex 104.50842712474619 43.01407287525381 10
      vertex 104.85341336116495 43.407454283965116 10
      vertex 104.50842712474619 48.67092712474619 10
    endloop
  endfacet
  facet normal 0 0 1
    outer loop
      vertex 104.85341336116495 43.407454283965116 10
      vertex 105.14410161513776 43.8425 10
      vertex 104.85341336116495 48.277545716034886 10
    endloop
  endfacet
  facet normal 0 0 1
    outer loop
      vertex 105.14410161513776 43.8425 10
      vertex 105.37551813004515 44.31176627053964 10
      vertex 105.14410161513776 47.8425 10
    endloop
  endfacet
  facet normal 0 0 1
    outer loop
      vertex 105.37551813004515 44.31176627053964 10
      vertex 105.54370330515628 44.80722381958992 10
      vertex 105.37551813004515 47.37323372946036 10
    endloop
  endfacet
  facet normal 0 0 1
    outer loop
      vertex 105.54370330515628 44.80722381958992 10
      vertex 105.64577944549525 45.3203952311198 10
      vertex 105.54370330515628 46.87777618041008 10
    endloop
  endfacet
  facet normal 0 0 1
    outer loop
      vertex 105.64577944549525 45.3203952311198 10
      vertex 105.68 45.8425 10
      vertex 105.64577944549525 46.364604768880206 10
    endloop
  endfacet
  facet normal 0 0 1
    outer loop
      vertex 103.21073372946037 49.538018130045145 10
      vertex 103.08000000000001 49.4425 10
      vertex 103.08000000000001 42.2425 10
    endloop
  endfacet
  facet normal 0 0 1
    outer loop
      vertex 103.68 42.378398384862244 10
      vertex 103.68 49.30660161513776 10
      vertex 103.21073372946037 49.538018130045145 10
    endloop
  endfacet
  facet normal 0 0 1
    outer loop
      vertex 104.85341336116495 43.407454283965116 10
      vertex 104.85341336116495 48.277545716034886 10
      vertex 104.50842712474619 48.67092712474619 10
    endloop
  endfacet
  facet normal 0 0 1
    outer loop
      vertex 104.50842712474619 43.01407287525381 10
      vertex 104.50842712474619 48.67092712474619 10
      vertex 104.11504571603489 49.01591336116494 10
    endloop
  endfacet
  facet normal 0 0 1
    outer loop
      vertex 104.11504571603489 42.66908663883506 10
      vertex 104.11504571603489 49.01591336116494 10
      vertex 103.68 49.30660161513776 10
    endloop
  endfacet
  facet normal 0 0 1
    outer loop
      vertex 105.64577944549525 45.3203952311198 10
      vertex 105.64577944549525 46.364604768880206 10
      vertex 105.54370330515628 46.87777618041008 10
    endloop
  endfacet
  facet normal 0 0 1
    outer loop
      vertex 105.54370330515628 44.80722381958992 10
      vertex 105.54370330515628 46.87777618041008 10
      vertex 105.37551813004515 47.37323372946036 10
    endloop
  endfacet
  facet normal 0 0 1
    outer loop
      vertex 105.37551813004515 44.31176627053964 10
      vertex 105.37551813004515 47.37323372946036 10
      vertex 105.14410161513776 47.8425 10
    endloop
  endfacet
  facet normal 0 0 1
    outer loop
      vertex 105.14410161513776 43.8425 10
      vertex 105.14410161513776 47.8425 10
      vertex 104.85341336116495 48.277545716034886 10
    endloop
  endfacet
  facet normal 0 0 1
    outer loop
      vertex 100.14926627053964 49.538018130045145 10
      vertex 100.28 49.4425 10
      vertex 100.28937793447972 49.58557963108604 10
    endloop
  endfacet
  facet normal 0 0 1
    outer loop
      vertex 103.21073372946037 49.538018130045145 10
      vertex 103.0706220655203 49.58557963108604 10
      vertex 103.08000000000001 49.4425 10
    endloop
  endfacet
  facet normal -0.32143946530315914 -0.9469301294951065 0
    outer loop
      vertex 140.78926627053963 22.46198186995485 4
      vertex 140.9293779344797 22.41442036891396 4
      vertex 140.9293779344797 22.41442036891396 10
    endloop
  endfacet
  facet normal 0.32143946530315914 -0.9469301294951065 0
    outer loop
      vertex 143.85073372946036 22.46198186995485 4
      vertex 143.85073372946036 22.46198186995485 10
      vertex 143.71062206552028 22.41442036891396 4
    endloop
  endfacet
  facet normal -0.44228869021900913 -0.8968727415326845 0
    outer loop
      vertex 140.78926627053963 22.46198186995485 4
      vertex 140.78926627053963 22.46198186995485 10
      vertex 140.32 22.693398384862245 4
    endloop
  endfacet
  facet normal -0.5555702330195933 -0.8314696123025512 0
    outer loop
      vertex 139.8849542839651 22.98408663883506 4
      vertex 140.32 22.693398384862245 4
      vertex 140.32 22.693398384862245 10
    endloop
  endfacet
  facet normal -0.6593458151000808 -0.7518398074789668 0
    outer loop
      vertex 139.8849542839651 22.98408663883506 4
      vertex 139.8849542839651 22.98408663883506 10
      vertex 139.4915728752538 23.329072875253807 4
    endloop
  endfacet
  facet normal -0.7518398074789817 -0.6593458151000641 0
    outer loop
      vertex 139.4915728752538 23.329072875253807 4
      vertex 139.14658663883506 23.722454283965117 10
      vertex 139.14658663883506 23.722454283965117 4
    endloop
  endfacet
  facet normal -0.8314696123025292 -0.5555702330196262 0
    outer loop
      vertex 139.14658663883506 23.722454283965117 4
      vertex 138.85589838486223 24.1575 10
      vertex 138.85589838486223 24.1575 4
    endloop
  endfacet
  facet normal -0.8968727415326979 -0.4422886902189819 0
    outer loop
      vertex 138.85589838486223 24.1575 4
      vertex 138.62448186995485 24.62676627053964 10
      vertex 138.62448186995485 24.62676627053964 4
    endloop
  endfacet
  facet normal 0.44228869021900913 -0.8968727415326845 0
    outer loop
      vertex 143.85073372946036 22.46198186995485 4
      vertex 144.32 22.693398384862245 4
      vertex 144.32 22.693398384862245 10
    endloop
  endfacet
  facet normal 0.5555702330195933 -0.8314696123025512 0
    outer loop
      vertex 144.32 22.693398384862245 4
      vertex 144.75504571603489 22.98408663883506 4
      vertex 144.75504571603489 22.98408663883506 10
    endloop
  endfacet
  facet normal -0.9469301294951094 -0.32143946530315076 0
    outer loop
      vertex 138.62448186995485 24.62676627053964 4
      vertex 138.45629669484373 25.122223819589916 10
      vertex 138.45629669484373 25.122223819589916 4
    endloop
  endfacet
  facet normal -0.9807852804032315 -0.1950903220161223 0
    outer loop
      vertex 138.45629669484373 25.122223819589916 4
      vertex 138.35422055450476 25.635395231119794 10
      vertex 138.35422055450476 25.635395231119794 4
    endloop
  endfacet
  facet normal -0.9978589232386019 -0.06540312923016633 0
    outer loop
      vertex 138.35422055450476 25.635395231119794 4
      vertex 138.32 26.1575 10
      vertex 138.32 26.1575 4
    endloop
  endfacet
  facet normal -0.9978589232386019 0.06540312923016633 0
    outer loop
      vertex 138.32 26.1575 4
      vertex 138.35422055450476 26.679604768880203 10
      vertex 138.35422055450476 26.679604768880203 4
    endloop
  endfacet
  facet normal 0.6593458151000808 -0.7518398074789668 0
    outer loop
      vertex 144.75504571603489 22.98408663883506 4
      vertex 145.14842712474618 23.329072875253807 4
      vertex 145.14842712474618 23.329072875253807 10
    endloop
  endfacet
  facet normal 0.7518398074789817 -0.6593458151000641 0
    outer loop
      vertex 145.14842712474618 23.329072875253807 4
      vertex 145.49341336116493 23.722454283965117 4
      vertex 145.14842712474618 23.329072875253807 10
    endloop
  endfacet
  facet normal 0.8314696123025292 -0.5555702330196262 0
    outer loop
      vertex 145.49341336116493 23.722454283965117 4
      vertex 145.78410161513776 24.1575 4
      vertex 145.49341336116493 23.722454283965117 10
    endloop
  endfacet
  facet normal 0.8968727415326979 -0.4422886902189819 0
    outer loop
      vertex 145.78410161513776 24.1575 4
      vertex 146.01551813004514 24.62676627053964 4
      vertex 145.78410161513776 24.1575 10
    endloop
  endfacet
  facet normal 0.9469301294951094 -0.32143946530315076 0
    outer loop
      vertex 146.01551813004514 24.62676627053964 4
      vertex 146.18370330515626 25.122223819589916 4
      vertex 146.01551813004514 24.62676627053964 10
    endloop
  endfacet
  facet normal 0.9807852804032315 -0.1950903220161223 0
    outer loop
      vertex 146.18370330515626 25.122223819589916 4
      vertex 146.28577944549522 25.635395231119794 4
      vertex 146.18370330515626 25.122223819589916 10
    endloop
  endfacet
  facet normal 0.9978589232386019 -0.06540312923016633 0
    outer loop
      vertex 146.28577944549522 25.635395231119794 4
      vertex 146.32 26.1575 4
      vertex 146.28577944549522 25.635395231119794 10
    endloop
  endfacet
  facet normal 0.9978589232386019 0.06540312923016633 0
    outer loop
      vertex 146.32 26.1575 4
      vertex 146.28577944549522 26.679604768880203 4
      vertex 146.32 26.1575 10
    endloop
  endfacet
  facet normal 0.9807852804032315 0.1950903220161223 0
    outer loop
      vertex 146.28577944549522 26.679604768880203 4
      vertex 146.18370330515626 27.192776180410082 4
      vertex 146.28577944549522 26.679604768880203 10
    endloop
  endfacet
  facet normal -0.9807852804032315 0.1950903220161223 0
    outer loop
      vertex 138.35422055450476 26.679604768880203 4
      vertex 138.45629669484373 27.192776180410082 10
      vertex 138.45629669484373 27.192776180410082 4
    endloop
  endfacet
  facet normal -0.9469301294951094 0.32143946530315076 0
    outer loop
      vertex 138.45629669484373 27.192776180410082 4
      vertex 138.62448186995485 27.688233729460357 10
      vertex 138.62448186995485 27.688233729460357 4
    endloop
  endfacet
  facet normal -0.8968727415326979 0.4422886902189819 0
    outer loop
      vertex 138.62448186995485 27.688233729460357 4
      vertex 138.85589838486223 28.1575 10
      vertex 138.85589838486223 28.1575 4
    endloop
  endfacet
  facet normal -0.8314696123025292 0.5555702330196262 0
    outer loop
      vertex 138.85589838486223 28.1575 4
      vertex 139.14658663883506 28.59254571603488 10
      vertex 139.14658663883506 28.59254571603488 4
    endloop
  endfacet
  facet normal -0.7518398074789817 0.6593458151000641 0
    outer loop
      vertex 139.14658663883506 28.59254571603488 4
      vertex 139.4915728752538 28.98592712474619 10
      vertex 139.4915728752538 28.98592712474619 4
    endloop
  endfacet
  facet normal -0.6593458151000808 0.7518398074789668 0
    outer loop
      vertex 139.4915728752538 28.98592712474619 4
      vertex 139.4915728752538 28.98592712474619 10
      vertex 139.8849542839651 29.33091336116494 4
    endloop
  endfacet
  facet normal -0.5555702330195933 0.8314696123025512 0
    outer loop
      vertex 139.8849542839651 29.33091336116494 4
      vertex 139.8849542839651 29.33091336116494 10
      vertex 140.32 29.621601615137752 4
    endloop
  endfacet
  facet normal -0.44228869021900913 0.8968727415326845 0
    outer loop
      vertex 140.32 29.621601615137752 4
      vertex 140.32 29.621601615137752 10
      vertex 140.78926627053963 29.853018130045147 4
    endloop
  endfacet
  facet normal -0.32143946530315914 0.9469301294951065 0
    outer loop
      vertex 140.78926627053963 29.853018130045147 4
      vertex 140.78926627053963 29.853018130045147 10
      vertex 140.9293779344797 29.90057963108604 4
    endloop
  endfacet
  facet normal 0.5555702330195933 0.8314696123025512 0
    outer loop
      vertex 144.75504571603489 29.33091336116494 4
      vertex 144.32 29.621601615137752 4
      vertex 144.32 29.621601615137752 10
    endloop
  endfacet
  facet normal 0.44228869021900913 0.8968727415326845 0
    outer loop
      vertex 144.32 29.621601615137752 4
      vertex 143.85073372946036 29.853018130045147 4
      vertex 143.85073372946036 29.853018130045147 10
    endloop
  endfacet
  facet normal 0.32143946530315914 0.9469301294951065 0
    outer loop
      vertex 143.85073372946036 29.853018130045147 4
      vertex 143.71062206552028 29.90057963108604 4
      vertex 143.71062206552028 29.90057963108604 10
    endloop
  endfacet
  facet normal 0.9469301294951094 0.32143946530315076 0
    outer loop
      vertex 146.18370330515626 27.192776180410082 4
      vertex 146.01551813004514 27.688233729460357 4
      vertex 146.18370330515626 27.192776180410082 10
    endloop
  endfacet
  facet normal 0.8968727415326979 0.4422886902189819 0
    outer loop
      vertex 146.01551813004514 27.688233729460357 4
      vertex 145.78410161513776 28.1575 4
      vertex 146.01551813004514 27.688233729460357 10
    endloop
  endfacet
  facet normal 0.8314696123025292 0.5555702330196262 0
    outer loop
      vertex 145.78410161513776 28.1575 4
      vertex 145.49341336116493 28.59254571603488 4
      vertex 145.78410161513776 28.1575 10
    endloop
  endfacet
  facet normal 0.7518398074789817 0.6593458151000641 0
    outer loop
      vertex 145.49341336116493 28.59254571603488 4
      vertex 145.14842712474618 28.98592712474619 4
      vertex 145.49341336116493 28.59254571603488 10
    endloop
  endfacet
  facet normal 0.6593458151000808 0.7518398074789668 0
    outer loop
      vertex 144.75504571603489 29.33091336116494 4
      vertex 144.75504571603489 29.33091336116494 10
      vertex 145.14842712474618 28.98592712474619 4
    endloop
  endfacet
  facet normal -0.32143946530315914 -0.9469301294951065 0
    outer loop
      vertex 140.78926627053963 22.46198186995485 4
      vertex 140.9293779344797 22.41442036891396 10
      vertex 140.78926627053963 22.46198186995485 10
    endloop
  endfacet
  facet normal 0.32143946530315914 -0.9469301294951065 0
    outer loop
      vertex 143.85073372946036 22.46198186995485 10
      vertex 143.71062206552028 22.41442036891396 10
      vertex 143.71062206552028 22.41442036891396 4
    endloop
  endfacet
  facet normal -0.5555702330195933 -0.8314696123025512 0
    outer loop
      vertex 139.8849542839651 22.98408663883506 4
      vertex 140.32 22.693398384862245 10
      vertex 139.8849542839651 22.98408663883506 10
    endloop
  endfacet
  facet normal -0.44228869021900913 -0.8968727415326845 0
    outer loop
      vertex 140.32 22.693398384862245 4
      vertex 140.78926627053963 22.46198186995485 10
      vertex 140.32 22.693398384862245 10
    endloop
  endfacet
  facet normal -0.6593458151000808 -0.7518398074789668 0
    outer loop
      vertex 139.4915728752538 23.329072875253807 4
      vertex 139.8849542839651 22.98408663883506 10
      vertex 139.4915728752538 23.329072875253807 10
    endloop
  endfacet
  facet normal -0.7518398074789817 -0.6593458151000641 0
    outer loop
      vertex 139.4915728752538 23.329072875253807 4
      vertex 139.4915728752538 23.329072875253807 10
      vertex 139.14658663883506 23.722454283965117 10
    endloop
  endfacet
  facet normal -0.8314696123025292 -0.5555702330196262 0
    outer loop
      vertex 139.14658663883506 23.722454283965117 4
      vertex 139.14658663883506 23.722454283965117 10
      vertex 138.85589838486223 24.1575 10
    endloop
  endfacet
  facet normal -0.8968727415326979 -0.4422886902189819 0
    outer loop
      vertex 138.85589838486223 24.1575 4
      vertex 138.85589838486223 24.1575 10
      vertex 138.62448186995485 24.62676627053964 10
    endloop
  endfacet
  facet normal 0.44228869021900913 -0.8968727415326845 0
    outer loop
      vertex 143.85073372946036 22.46198186995485 4
      vertex 144.32 22.693398384862245 10
      vertex 143.85073372946036 22.46198186995485 10
    endloop
  endfacet
  facet normal 0.5555702330195933 -0.8314696123025512 0
    outer loop
      vertex 144.32 22.693398384862245 4
      vertex 144.75504571603489 22.98408663883506 10
      vertex 144.32 22.693398384862245 10
    endloop
  endfacet
  facet normal -0.9469301294951094 -0.32143946530315076 0
    outer loop
      vertex 138.62448186995485 24.62676627053964 4
      vertex 138.62448186995485 24.62676627053964 10
      vertex 138.45629669484373 25.122223819589916 10
    endloop
  endfacet
  facet normal -0.9807852804032315 -0.1950903220161223 0
    outer loop
      vertex 138.45629669484373 25.122223819589916 4
      vertex 138.45629669484373 25.122223819589916 10
      vertex 138.35422055450476 25.635395231119794 10
    endloop
  endfacet
  facet normal -0.9978589232386019 -0.06540312923016633 0
    outer loop
      vertex 138.35422055450476 25.635395231119794 4
      vertex 138.35422055450476 25.635395231119794 10
      vertex 138.32 26.1575 10
    endloop
  endfacet
  facet normal -0.9978589232386019 0.06540312923016633 0
    outer loop
      vertex 138.32 26.1575 4
      vertex 138.32 26.1575 10
      vertex 138.35422055450476 26.679604768880203 10
    endloop
  endfacet
  facet normal -0.9807852804032315 0.1950903220161223 0
    outer loop
      vertex 138.35422055450476 26.679604768880203 4
      vertex 138.35422055450476 26.679604768880203 10
      vertex 138.45629669484373 27.192776180410082 10
    endloop
  endfacet
  facet normal 0.6593458151000808 -0.7518398074789668 0
    outer loop
      vertex 144.75504571603489 22.98408663883506 4
      vertex 145.14842712474618 23.329072875253807 10
      vertex 144.75504571603489 22.98408663883506 10
    endloop
  endfacet
  facet normal 0.7518398074789817 -0.6593458151000641 0
    outer loop
      vertex 145.49341336116493 23.722454283965117 4
      vertex 145.49341336116493 23.722454283965117 10
      vertex 145.14842712474618 23.329072875253807 10
    endloop
  endfacet
  facet normal 0.8314696123025292 -0.5555702330196262 0
    outer loop
      vertex 145.78410161513776 24.1575 4
      vertex 145.78410161513776 24.1575 10
      vertex 145.49341336116493 23.722454283965117 10
    endloop
  endfacet
  facet normal 0.8968727415326979 -0.4422886902189819 0
    outer loop
      vertex 146.01551813004514 24.62676627053964 4
      vertex 146.01551813004514 24.62676627053964 10
      vertex 145.78410161513776 24.1575 10
    endloop
  endfacet
  facet normal 0.9469301294951094 -0.32143946530315076 0
    outer loop
      vertex 146.18370330515626 25.122223819589916 4
      vertex 146.18370330515626 25.122223819589916 10
      vertex 146.01551813004514 24.62676627053964 10
    endloop
  endfacet
  facet normal 0.9807852804032315 -0.1950903220161223 0
    outer loop
      vertex 146.28577944549522 25.635395231119794 4
      vertex 146.28577944549522 25.635395231119794 10
      vertex 146.18370330515626 25.122223819589916 10
    endloop
  endfacet
  facet normal 0.9978589232386019 -0.06540312923016633 0
    outer loop
      vertex 146.32 26.1575 4
      vertex 146.32 26.1575 10
      vertex 146.28577944549522 25.635395231119794 10
    endloop
  endfacet
  facet normal 0.9978589232386019 0.06540312923016633 0
    outer loop
      vertex 146.28577944549522 26.679604768880203 4
      vertex 146.28577944549522 26.679604768880203 10
      vertex 146.32 26.1575 10
    endloop
  endfacet
  facet normal 0 0 1
    outer loop
      vertex 140.78926627053963 22.46198186995485 10
      vertex 140.9293779344797 22.41442036891396 10
      vertex 140.92 22.557499999999997 10
    endloop
  endfacet
  facet normal 0 0 1
    outer loop
      vertex 143.85073372946036 22.46198186995485 10
      vertex 143.72 22.557499999999997 10
      vertex 143.71062206552028 22.41442036891396 10
    endloop
  endfacet
  facet normal 0 0 1
    outer loop
      vertex 139.14658663883506 23.722454283965117 10
      vertex 138.85589838486223 28.1575 10
      vertex 138.85589838486223 24.1575 10
    endloop
  endfacet
  facet normal 0 0 1
    outer loop
      vertex 138.85589838486223 24.1575 10
      vertex 138.62448186995485 27.688233729460357 10
      vertex 138.62448186995485 24.62676627053964 10
    endloop
  endfacet
  facet normal 0 0 1
    outer loop
      vertex 138.62448186995485 24.62676627053964 10
      vertex 138.45629669484373 27.192776180410082 10
      vertex 138.45629669484373 25.122223819589916 10
    endloop
  endfacet
  facet normal 0 0 1
    outer loop
      vertex 138.45629669484373 25.122223819589916 10
      vertex 138.35422055450476 26.679604768880203 10
      vertex 138.35422055450476 25.635395231119794 10
    endloop
  endfacet
  facet normal 0 0 1
    outer loop
      vertex 139.8849542839651 22.98408663883506 10
      vertex 140.32 22.693398384862245 10
      vertex 139.8849542839651 29.33091336116494 10
    endloop
  endfacet
  facet normal 0 0 1
    outer loop
      vertex 139.8849542839651 22.98408663883506 10
      vertex 139.4915728752538 28.98592712474619 10
      vertex 139.4915728752538 23.329072875253807 10
    endloop
  endfacet
  facet normal 0 0 1
    outer loop
      vertex 139.4915728752538 23.329072875253807 10
      vertex 139.14658663883506 28.59254571603488 10
      vertex 139.14658663883506 23.722454283965117 10
    endloop
  endfacet
  facet normal 0 0 1
    outer loop
      vertex 140.78926627053963 22.46198186995485 10
      vertex 140.32 29.621601615137752 10
      vertex 140.32 22.693398384862245 10
    endloop
  endfacet
  facet normal 0 0 1
    outer loop
      vertex 140.78926627053963 22.46198186995485 10
      vertex 140.92 22.557499999999997 10
      vertex 140.92 29.7575 10
    endloop
  endfacet
  facet normal 0 0 1
    outer loop
      vertex 138.35422055450476 25.635395231119794 10
      vertex 138.35422055450476 26.679604768880203 10
      vertex 138.32 26.1575 10
    endloop
  endfacet
  facet normal 0 0 1
    outer loop
      vertex 138.45629669484373 25.122223819589916 10
      vertex 138.45629669484373 27.192776180410082 10
      vertex 138.35422055450476 26.679604768880203 10
    endloop
  endfacet
  facet normal 0 0 1
    outer loop
      vertex 138.62448186995485 24.62676627053964 10
      vertex 138.62448186995485 27.688233729460357 10
      vertex 138.45629669484373 27.192776180410082 10
    endloop
  endfacet
  facet normal 0 0 1
    outer loop
      vertex 138.85589838486223 24.1575 10
      vertex 138.85589838486223 28.1575 10
      vertex 138.62448186995485 27.688233729460357 10
    endloop
  endfacet
  facet normal 0 0 1
    outer loop
      vertex 139.14658663883506 23.722454283965117 10
      vertex 139.14658663883506 28.59254571603488 10
      vertex 138.85589838486223 28.1575 10
    endloop
  endfacet
  facet normal 0 0 1
    outer loop
      vertex 139.4915728752538 23.329072875253807 10
      vertex 139.4915728752538 28.98592712474619 10
      vertex 139.14658663883506 28.59254571603488 10
    endloop
  endfacet
  facet normal 0 0 1
    outer loop
      vertex 143.85073372946036 22.46198186995485 10
      vertex 143.85073372946036 29.853018130045147 10
      vertex 143.72 22.557499999999997 10
    endloop
  endfacet
  facet normal 0 0 1
    outer loop
      vertex 143.85073372946036 22.46198186995485 10
      vertex 144.32 22.693398384862245 10
      vertex 143.85073372946036 29.853018130045147 10
    endloop
  endfacet
  facet normal 0 0 1
    outer loop
      vertex 144.32 22.693398384862245 10
      vertex 144.75504571603489 22.98408663883506 10
      vertex 144.32 29.621601615137752 10
    endloop
  endfacet
  facet normal 0 0 1
    outer loop
      vertex 144.75504571603489 22.98408663883506 10
      vertex 145.14842712474618 23.329072875253807 10
      vertex 144.75504571603489 29.33091336116494 10
    endloop
  endfacet
  facet normal 0 0 1
    outer loop
      vertex 145.14842712474618 23.329072875253807 10
      vertex 145.49341336116493 23.722454283965117 10
      vertex 145.14842712474618 28.98592712474619 10
    endloop
  endfacet
  facet normal 0 0 1
    outer loop
      vertex 145.49341336116493 23.722454283965117 10
      vertex 145.78410161513776 24.1575 10
      vertex 145.49341336116493 28.59254571603488 10
    endloop
  endfacet
  facet normal 0 0 1
    outer loop
      vertex 145.78410161513776 24.1575 10
      vertex 146.01551813004514 24.62676627053964 10
      vertex 145.78410161513776 28.1575 10
    endloop
  endfacet
  facet normal 0 0 1
    outer loop
      vertex 146.01551813004514 24.62676627053964 10
      vertex 146.18370330515626 25.122223819589916 10
      vertex 146.01551813004514 27.688233729460357 10
    endloop
  endfacet
  facet normal 0 0 1
    outer loop
      vertex 146.18370330515626 25.122223819589916 10
      vertex 146.28577944549522 25.635395231119794 10
      vertex 146.18370330515626 27.192776180410082 10
    endloop
  endfacet
  facet normal 0 0 1
    outer loop
      vertex 146.28577944549522 25.635395231119794 10
      vertex 146.32 26.1575 10
      vertex 146.28577944549522 26.679604768880203 10
    endloop
  endfacet
  facet normal 0 0 1
    outer loop
      vertex 145.78410161513776 24.1575 10
      vertex 145.78410161513776 28.1575 10
      vertex 145.49341336116493 28.59254571603488 10
    endloop
  endfacet
  facet normal 0 0 1
    outer loop
      vertex 146.28577944549522 25.635395231119794 10
      vertex 146.28577944549522 26.679604768880203 10
      vertex 146.18370330515626 27.192776180410082 10
    endloop
  endfacet
  facet normal 0 0 1
    outer loop
      vertex 146.18370330515626 25.122223819589916 10
      vertex 146.18370330515626 27.192776180410082 10
      vertex 146.01551813004514 27.688233729460357 10
    endloop
  endfacet
  facet normal 0 0 1
    outer loop
      vertex 146.01551813004514 24.62676627053964 10
      vertex 146.01551813004514 27.688233729460357 10
      vertex 145.78410161513776 28.1575 10
    endloop
  endfacet
  facet normal -0.9469301294951094 0.32143946530315076 0
    outer loop
      vertex 138.45629669484373 27.192776180410082 4
      vertex 138.45629669484373 27.192776180410082 10
      vertex 138.62448186995485 27.688233729460357 10
    endloop
  endfacet
  facet normal -0.8968727415326979 0.4422886902189819 0
    outer loop
      vertex 138.62448186995485 27.688233729460357 4
      vertex 138.62448186995485 27.688233729460357 10
      vertex 138.85589838486223 28.1575 10
    endloop
  endfacet
  facet normal -0.8314696123025292 0.5555702330196262 0
    outer loop
      vertex 138.85589838486223 28.1575 4
      vertex 138.85589838486223 28.1575 10
      vertex 139.14658663883506 28.59254571603488 10
    endloop
  endfacet
  facet normal -0.7518398074789817 0.6593458151000641 0
    outer loop
      vertex 139.14658663883506 28.59254571603488 4
      vertex 139.14658663883506 28.59254571603488 10
      vertex 139.4915728752538 28.98592712474619 10
    endloop
  endfacet
  facet normal -0.6593458151000808 0.7518398074789668 0
    outer loop
      vertex 139.8849542839651 29.33091336116494 4
      vertex 139.4915728752538 28.98592712474619 10
      vertex 139.8849542839651 29.33091336116494 10
    endloop
  endfacet
  facet normal -0.5555702330195933 0.8314696123025512 0
    outer loop
      vertex 140.32 29.621601615137752 4
      vertex 139.8849542839651 29.33091336116494 10
      vertex 140.32 29.621601615137752 10
    endloop
  endfacet
  facet normal -0.44228869021900913 0.8968727415326845 0
    outer loop
      vertex 140.78926627053963 29.853018130045147 4
      vertex 140.32 29.621601615137752 10
      vertex 140.78926627053963 29.853018130045147 10
    endloop
  endfacet
  facet normal -0.32143946530315914 0.9469301294951065 0
    outer loop
      vertex 140.78926627053963 29.853018130045147 10
      vertex 140.9293779344797 29.90057963108604 10
      vertex 140.9293779344797 29.90057963108604 4
    endloop
  endfacet
  facet normal 0.5555702330195933 0.8314696123025512 0
    outer loop
      vertex 144.75504571603489 29.33091336116494 4
      vertex 144.32 29.621601615137752 10
      vertex 144.75504571603489 29.33091336116494 10
    endloop
  endfacet
  facet normal 0.44228869021900913 0.8968727415326845 0
    outer loop
      vertex 144.32 29.621601615137752 4
      vertex 143.85073372946036 29.853018130045147 10
      vertex 144.32 29.621601615137752 10
    endloop
  endfacet
  facet normal 0.32143946530315914 0.9469301294951065 0
    outer loop
      vertex 143.85073372946036 29.853018130045147 4
      vertex 143.71062206552028 29.90057963108604 10
      vertex 143.85073372946036 29.853018130045147 10
    endloop
  endfacet
  facet normal 0.9807852804032315 0.1950903220161223 0
    outer loop
      vertex 146.18370330515626 27.192776180410082 4
      vertex 146.18370330515626 27.192776180410082 10
      vertex 146.28577944549522 26.679604768880203 10
    endloop
  endfacet
  facet normal 0.9469301294951094 0.32143946530315076 0
    outer loop
      vertex 146.01551813004514 27.688233729460357 4
      vertex 146.01551813004514 27.688233729460357 10
      vertex 146.18370330515626 27.192776180410082 10
    endloop
  endfacet
  facet normal 0.8968727415326979 0.4422886902189819 0
    outer loop
      vertex 145.78410161513776 28.1575 4
      vertex 145.78410161513776 28.1575 10
      vertex 146.01551813004514 27.688233729460357 10
    endloop
  endfacet
  facet normal 0.8314696123025292 0.5555702330196262 0
    outer loop
      vertex 145.49341336116493 28.59254571603488 4
      vertex 145.49341336116493 28.59254571603488 10
      vertex 145.78410161513776 28.1575 10
    endloop
  endfacet
  facet normal 0.7518398074789817 0.6593458151000641 0
    outer loop
      vertex 145.14842712474618 28.98592712474619 4
      vertex 145.14842712474618 28.98592712474619 10
      vertex 145.49341336116493 28.59254571603488 10
    endloop
  endfacet
  facet normal 0.6593458151000808 0.7518398074789668 0
    outer loop
      vertex 145.14842712474618 28.98592712474619 4
      vertex 144.75504571603489 29.33091336116494 10
      vertex 145.14842712474618 28.98592712474619 10
    endloop
  endfacet
  facet normal 0 0 1
    outer loop
      vertex 139.8849542839651 22.98408663883506 10
      vertex 139.8849542839651 29.33091336116494 10
      vertex 139.4915728752538 28.98592712474619 10
    endloop
  endfacet
  facet normal 0 0 1
    outer loop
      vertex 140.32 22.693398384862245 10
      vertex 140.32 29.621601615137752 10
      vertex 139.8849542839651 29.33091336116494 10
    endloop
  endfacet
  facet normal 0 0 1
    outer loop
      vertex 140.78926627053963 22.46198186995485 10
      vertex 140.78926627053963 29.853018130045147 10
      vertex 140.32 29.621601615137752 10
    endloop
  endfacet
  facet normal 0 0 1
    outer loop
      vertex 140.78926627053963 22.46198186995485 10
      vertex 140.92 29.7575 10
      vertex 140.78926627053963 29.853018130045147 10
    endloop
  endfacet
  facet normal 0 0 1
    outer loop
      vertex 143.85073372946036 29.853018130045147 10
      vertex 143.72 29.7575 10
      vertex 143.72 22.557499999999997 10
    endloop
  endfacet
  facet normal 0 0 1
    outer loop
      vertex 144.32 22.693398384862245 10
      vertex 144.32 29.621601615137752 10
      vertex 143.85073372946036 29.853018130045147 10
    endloop
  endfacet
  facet normal 0 0 1
    outer loop
      vertex 144.75504571603489 22.98408663883506 10
      vertex 144.75504571603489 29.33091336116494 10
      vertex 144.32 29.621601615137752 10
    endloop
  endfacet
  facet normal 0 0 1
    outer loop
      vertex 140.78926627053963 29.853018130045147 10
      vertex 140.92 29.7575 10
      vertex 140.9293779344797 29.90057963108604 10
    endloop
  endfacet
  facet normal 0 0 1
    outer loop
      vertex 143.85073372946036 29.853018130045147 10
      vertex 143.71062206552028 29.90057963108604 10
      vertex 143.72 29.7575 10
    endloop
  endfacet
  facet normal 0 0 1
    outer loop
      vertex 145.14842712474618 23.329072875253807 10
      vertex 145.14842712474618 28.98592712474619 10
      vertex 144.75504571603489 29.33091336116494 10
    endloop
  endfacet
  facet normal 0 0 1
    outer loop
      vertex 145.49341336116493 23.722454283965117 10
      vertex 145.49341336116493 28.59254571603488 10
      vertex 145.14842712474618 28.98592712474619 10
    endloop
  endfacet
  facet normal -0.32143946530318074 -0.9469301294950992 0
    outer loop
      vertex 140.78926627053963 42.14698186995486 4
      vertex 140.9293779344797 42.09942036891396 4
      vertex 140.9293779344797 42.09942036891396 10
    endloop
  endfacet
  facet normal -0.44228869021899825 -0.8968727415326899 0
    outer loop
      vertex 140.78926627053963 42.14698186995486 4
      vertex 140.78926627053963 42.14698186995486 10
      vertex 140.32 42.378398384862244 4
    endloop
  endfacet
  facet normal -0.555570233019598 -0.831469612302548 0
    outer loop
      vertex 139.8849542839651 42.66908663883506 4
      vertex 140.32 42.378398384862244 4
      vertex 140.32 42.378398384862244 10
    endloop
  endfacet
  facet normal 0.32143946530318074 -0.9469301294950992 0
    outer loop
      vertex 143.85073372946036 42.14698186995486 4
      vertex 143.85073372946036 42.14698186995486 10
      vertex 143.71062206552028 42.09942036891396 4
    endloop
  endfacet
  facet normal 0.44228869021899825 -0.8968727415326899 0
    outer loop
      vertex 143.85073372946036 42.14698186995486 4
      vertex 144.32 42.378398384862244 4
      vertex 144.32 42.378398384862244 10
    endloop
  endfacet
  facet normal 0.555570233019598 -0.831469612302548 0
    outer loop
      vertex 144.32 42.378398384862244 4
      vertex 144.75504571603489 42.66908663883506 4
      vertex 144.75504571603489 42.66908663883506 10
    endloop
  endfacet
  facet normal -0.8314696123025314 -0.555570233019623 0
    outer loop
      vertex 139.14658663883506 43.407454283965116 4
      vertex 138.85589838486223 43.8425 10
      vertex 138.85589838486223 43.8425 4
    endloop
  endfacet
  facet normal -0.6593458151000808 -0.7518398074789668 0
    outer loop
      vertex 139.8849542839651 42.66908663883506 4
      vertex 139.8849542839651 42.66908663883506 10
      vertex 139.4915728752538 43.01407287525381 4
    endloop
  endfacet
  facet normal -0.7518398074789787 -0.6593458151000674 0
    outer loop
      vertex 139.14658663883506 43.407454283965116 4
      vertex 139.4915728752538 43.01407287525381 4
      vertex 139.14658663883506 43.407454283965116 10
    endloop
  endfacet
  facet normal -0.8968727415326979 -0.4422886902189819 0
    outer loop
      vertex 138.85589838486223 43.8425 4
      vertex 138.62448186995485 44.31176627053964 10
      vertex 138.62448186995485 44.31176627053964 4
    endloop
  endfacet
  facet normal -0.94693012949511 -0.3214394653031487 0
    outer loop
      vertex 138.62448186995485 44.31176627053964 4
      vertex 138.45629669484373 44.80722381958992 10
      vertex 138.45629669484373 44.80722381958992 4
    endloop
  endfacet
  facet normal 0.6593458151000808 -0.7518398074789668 0
    outer loop
      vertex 144.75504571603489 42.66908663883506 4
      vertex 145.14842712474618 43.01407287525381 4
      vertex 145.14842712474618 43.01407287525381 10
    endloop
  endfacet
  facet normal 0.7518398074789787 -0.6593458151000674 0
    outer loop
      vertex 145.14842712474618 43.01407287525381 4
      vertex 145.49341336116493 43.407454283965116 4
      vertex 145.14842712474618 43.01407287525381 10
    endloop
  endfacet
  facet normal 0.8314696123025314 -0.555570233019623 0
    outer loop
      vertex 145.49341336116493 43.407454283965116 4
      vertex 145.78410161513776 43.8425 4
      vertex 145.49341336116493 43.407454283965116 10
    endloop
  endfacet
  facet normal 0.8968727415326979 -0.4422886902189819 0
    outer loop
      vertex 145.78410161513776 43.8425 4
      vertex 146.01551813004514 44.31176627053964 4
      vertex 145.78410161513776 43.8425 10
    endloop
  endfacet
  facet normal 0.94693012949511 -0.3214394653031487 0
    outer loop
      vertex 146.01551813004514 44.31176627053964 4
      vertex 146.18370330515626 44.80722381958992 4
      vertex 146.01551813004514 44.31176627053964 10
    endloop
  endfacet
  facet normal 0.9807852804032313 -0.1950903220161236 0
    outer loop
      vertex 146.18370330515626 44.80722381958992 4
      vertex 146.28577944549522 45.3203952311198 4
      vertex 146.18370330515626 44.80722381958992 10
    endloop
  endfacet
  facet normal -0.9807852804032313 -0.1950903220161236 0
    outer loop
      vertex 138.45629669484373 44.80722381958992 4
      vertex 138.35422055450476 45.3203952311198 10
      vertex 138.35422055450476 45.3203952311198 4
    endloop
  endfacet
  facet normal -0.9978589232386019 -0.06540312923016633 0
    outer loop
      vertex 138.35422055450476 45.3203952311198 4
      vertex 138.32 45.8425 10
      vertex 138.32 45.8425 4
    endloop
  endfacet
  facet normal -0.9978589232386019 0.06540312923016633 0
    outer loop
      vertex 138.32 45.8425 4
      vertex 138.35422055450476 46.364604768880206 10
      vertex 138.35422055450476 46.364604768880206 4
    endloop
  endfacet
  facet normal -0.9807852804032313 0.1950903220161236 0
    outer loop
      vertex 138.35422055450476 46.364604768880206 4
      vertex 138.45629669484373 46.87777618041008 10
      vertex 138.45629669484373 46.87777618041008 4
    endloop
  endfacet
  facet normal -0.94693012949511 0.3214394653031487 0
    outer loop
      vertex 138.45629669484373 46.87777618041008 4
      vertex 138.62448186995485 47.37323372946036 10
      vertex 138.62448186995485 47.37323372946036 4
    endloop
  endfacet
  facet normal -0.8968727415326979 0.4422886902189819 0
    outer loop
      vertex 138.62448186995485 47.37323372946036 4
      vertex 138.85589838486223 47.8425 10
      vertex 138.85589838486223 47.8425 4
    endloop
  endfacet
  facet normal -0.8314696123025314 0.555570233019623 0
    outer loop
      vertex 138.85589838486223 47.8425 4
      vertex 139.14658663883506 48.277545716034886 10
      vertex 139.14658663883506 48.277545716034886 4
    endloop
  endfacet
  facet normal -0.7518398074789787 0.6593458151000674 0
    outer loop
      vertex 139.14658663883506 48.277545716034886 4
      vertex 139.4915728752538 48.67092712474619 10
      vertex 139.4915728752538 48.67092712474619 4
    endloop
  endfacet
  facet normal -0.6593458151000808 0.7518398074789668 0
    outer loop
      vertex 139.4915728752538 48.67092712474619 4
      vertex 139.4915728752538 48.67092712474619 10
      vertex 139.8849542839651 49.01591336116494 4
    endloop
  endfacet
  facet normal -0.555570233019598 0.831469612302548 0
    outer loop
      vertex 139.8849542839651 49.01591336116494 4
      vertex 139.8849542839651 49.01591336116494 10
      vertex 140.32 49.30660161513776 4
    endloop
  endfacet
  facet normal -0.44228869021899825 0.8968727415326899 0
    outer loop
      vertex 140.32 49.30660161513776 4
      vertex 140.32 49.30660161513776 10
      vertex 140.78926627053963 49.538018130045145 4
    endloop
  endfacet
  facet normal 0.555570233019598 0.831469612302548 0
    outer loop
      vertex 144.75504571603489 49.01591336116494 4
      vertex 144.32 49.30660161513776 4
      vertex 144.32 49.30660161513776 10
    endloop
  endfacet
  facet normal 0.44228869021899825 0.8968727415326899 0
    outer loop
      vertex 144.32 49.30660161513776 4
      vertex 143.85073372946036 49.538018130045145 4
      vertex 143.85073372946036 49.538018130045145 10
    endloop
  endfacet
  facet normal 0.9978589232386019 -0.06540312923016633 0
    outer loop
      vertex 146.28577944549522 45.3203952311198 4
      vertex 146.32 45.8425 4
      vertex 146.28577944549522 45.3203952311198 10
    endloop
  endfacet
  facet normal 0.9978589232386019 0.06540312923016633 0
    outer loop
      vertex 146.32 45.8425 4
      vertex 146.28577944549522 46.364604768880206 4
      vertex 146.32 45.8425 10
    endloop
  endfacet
  facet normal 0.9807852804032313 0.1950903220161236 0
    outer loop
      vertex 146.28577944549522 46.364604768880206 4
      vertex 146.18370330515626 46.87777618041008 4
      vertex 146.28577944549522 46.364604768880206 10
    endloop
  endfacet
  facet normal 0.94693012949511 0.3214394653031487 0
    outer loop
      vertex 146.18370330515626 46.87777618041008 4
      vertex 146.01551813004514 47.37323372946036 4
      vertex 146.18370330515626 46.87777618041008 10
    endloop
  endfacet
  facet normal 0.8968727415326979 0.4422886902189819 0
    outer loop
      vertex 146.01551813004514 47.37323372946036 4
      vertex 145.78410161513776 47.8425 4
      vertex 146.01551813004514 47.37323372946036 10
    endloop
  endfacet
  facet normal 0.8314696123025314 0.555570233019623 0
    outer loop
      vertex 145.78410161513776 47.8425 4
      vertex 145.49341336116493 48.277545716034886 4
      vertex 145.78410161513776 47.8425 10
    endloop
  endfacet
  facet normal 0.7518398074789787 0.6593458151000674 0
    outer loop
      vertex 145.49341336116493 48.277545716034886 4
      vertex 145.14842712474618 48.67092712474619 4
      vertex 145.49341336116493 48.277545716034886 10
    endloop
  endfacet
  facet normal 0.6593458151000808 0.7518398074789668 0
    outer loop
      vertex 144.75504571603489 49.01591336116494 4
      vertex 144.75504571603489 49.01591336116494 10
      vertex 145.14842712474618 48.67092712474619 4
    endloop
  endfacet
  facet normal -0.32143946530318074 0.9469301294950992 0
    outer loop
      vertex 140.78926627053963 49.538018130045145 4
      vertex 140.78926627053963 49.538018130045145 10
      vertex 140.9293779344797 49.58557963108604 4
    endloop
  endfacet
  facet normal 0.32143946530318074 0.9469301294950992 0
    outer loop
      vertex 143.85073372946036 49.538018130045145 4
      vertex 143.71062206552028 49.58557963108604 4
      vertex 143.71062206552028 49.58557963108604 10
    endloop
  endfacet
  facet normal -0.32143946530318074 -0.9469301294950992 0
    outer loop
      vertex 140.78926627053963 42.14698186995486 4
      vertex 140.9293779344797 42.09942036891396 10
      vertex 140.78926627053963 42.14698186995486 10
    endloop
  endfacet
  facet normal -0.555570233019598 -0.831469612302548 0
    outer loop
      vertex 139.8849542839651 42.66908663883506 4
      vertex 140.32 42.378398384862244 10
      vertex 139.8849542839651 42.66908663883506 10
    endloop
  endfacet
  facet normal -0.44228869021899825 -0.8968727415326899 0
    outer loop
      vertex 140.32 42.378398384862244 4
      vertex 140.78926627053963 42.14698186995486 10
      vertex 140.32 42.378398384862244 10
    endloop
  endfacet
  facet normal 0.32143946530318074 -0.9469301294950992 0
    outer loop
      vertex 143.85073372946036 42.14698186995486 10
      vertex 143.71062206552028 42.09942036891396 10
      vertex 143.71062206552028 42.09942036891396 4
    endloop
  endfacet
  facet normal 0.44228869021899825 -0.8968727415326899 0
    outer loop
      vertex 143.85073372946036 42.14698186995486 4
      vertex 144.32 42.378398384862244 10
      vertex 143.85073372946036 42.14698186995486 10
    endloop
  endfacet
  facet normal 0.555570233019598 -0.831469612302548 0
    outer loop
      vertex 144.32 42.378398384862244 4
      vertex 144.75504571603489 42.66908663883506 10
      vertex 144.32 42.378398384862244 10
    endloop
  endfacet
  facet normal -0.8314696123025314 -0.555570233019623 0
    outer loop
      vertex 139.14658663883506 43.407454283965116 4
      vertex 139.14658663883506 43.407454283965116 10
      vertex 138.85589838486223 43.8425 10
    endloop
  endfacet
  facet normal -0.6593458151000808 -0.7518398074789668 0
    outer loop
      vertex 139.4915728752538 43.01407287525381 4
      vertex 139.8849542839651 42.66908663883506 10
      vertex 139.4915728752538 43.01407287525381 10
    endloop
  endfacet
  facet normal -0.7518398074789787 -0.6593458151000674 0
    outer loop
      vertex 139.4915728752538 43.01407287525381 4
      vertex 139.4915728752538 43.01407287525381 10
      vertex 139.14658663883506 43.407454283965116 10
    endloop
  endfacet
  facet normal -0.8968727415326979 -0.4422886902189819 0
    outer loop
      vertex 138.85589838486223 43.8425 4
      vertex 138.85589838486223 43.8425 10
      vertex 138.62448186995485 44.31176627053964 10
    endloop
  endfacet
  facet normal -0.94693012949511 -0.3214394653031487 0
    outer loop
      vertex 138.62448186995485 44.31176627053964 4
      vertex 138.62448186995485 44.31176627053964 10
      vertex 138.45629669484373 44.80722381958992 10
    endloop
  endfacet
  facet normal -0.9807852804032313 -0.1950903220161236 0
    outer loop
      vertex 138.45629669484373 44.80722381958992 4
      vertex 138.45629669484373 44.80722381958992 10
      vertex 138.35422055450476 45.3203952311198 10
    endloop
  endfacet
  facet normal 0.6593458151000808 -0.7518398074789668 0
    outer loop
      vertex 144.75504571603489 42.66908663883506 4
      vertex 145.14842712474618 43.01407287525381 10
      vertex 144.75504571603489 42.66908663883506 10
    endloop
  endfacet
  facet normal 0.7518398074789787 -0.6593458151000674 0
    outer loop
      vertex 145.49341336116493 43.407454283965116 4
      vertex 145.49341336116493 43.407454283965116 10
      vertex 145.14842712474618 43.01407287525381 10
    endloop
  endfacet
  facet normal 0.8314696123025314 -0.555570233019623 0
    outer loop
      vertex 145.78410161513776 43.8425 4
      vertex 145.78410161513776 43.8425 10
      vertex 145.49341336116493 43.407454283965116 10
    endloop
  endfacet
  facet normal 0.8968727415326979 -0.4422886902189819 0
    outer loop
      vertex 146.01551813004514 44.31176627053964 4
      vertex 146.01551813004514 44.31176627053964 10
      vertex 145.78410161513776 43.8425 10
    endloop
  endfacet
  facet normal 0.94693012949511 -0.3214394653031487 0
    outer loop
      vertex 146.18370330515626 44.80722381958992 4
      vertex 146.18370330515626 44.80722381958992 10
      vertex 146.01551813004514 44.31176627053964 10
    endloop
  endfacet
  facet normal 0 0 1
    outer loop
      vertex 140.78926627053963 42.14698186995486 10
      vertex 140.9293779344797 42.09942036891396 10
      vertex 140.92 42.2425 10
    endloop
  endfacet
  facet normal 0 0 1
    outer loop
      vertex 143.85073372946036 42.14698186995486 10
      vertex 143.72 42.2425 10
      vertex 143.71062206552028 42.09942036891396 10
    endloop
  endfacet
  facet normal 0 0 1
    outer loop
      vertex 139.8849542839651 42.66908663883506 10
      vertex 140.32 42.378398384862244 10
      vertex 139.8849542839651 49.01591336116494 10
    endloop
  endfacet
  facet normal 0 0 1
    outer loop
      vertex 139.8849542839651 42.66908663883506 10
      vertex 139.4915728752538 48.67092712474619 10
      vertex 139.4915728752538 43.01407287525381 10
    endloop
  endfacet
  facet normal 0 0 1
    outer loop
      vertex 139.14658663883506 43.407454283965116 10
      vertex 139.4915728752538 43.01407287525381 10
      vertex 139.14658663883506 48.277545716034886 10
    endloop
  endfacet
  facet normal 0 0 1
    outer loop
      vertex 140.78926627053963 42.14698186995486 10
      vertex 140.32 49.30660161513776 10
      vertex 140.32 42.378398384862244 10
    endloop
  endfacet
  facet normal 0 0 1
    outer loop
      vertex 140.78926627053963 42.14698186995486 10
      vertex 140.92 42.2425 10
      vertex 140.92 49.4425 10
    endloop
  endfacet
  facet normal 0 0 1
    outer loop
      vertex 143.85073372946036 42.14698186995486 10
      vertex 143.85073372946036 49.538018130045145 10
      vertex 143.72 42.2425 10
    endloop
  endfacet
  facet normal 0 0 1
    outer loop
      vertex 143.85073372946036 42.14698186995486 10
      vertex 144.32 42.378398384862244 10
      vertex 143.85073372946036 49.538018130045145 10
    endloop
  endfacet
  facet normal 0 0 1
    outer loop
      vertex 144.32 42.378398384862244 10
      vertex 144.75504571603489 42.66908663883506 10
      vertex 144.32 49.30660161513776 10
    endloop
  endfacet
  facet normal 0 0 1
    outer loop
      vertex 144.75504571603489 42.66908663883506 10
      vertex 145.14842712474618 43.01407287525381 10
      vertex 144.75504571603489 49.01591336116494 10
    endloop
  endfacet
  facet normal -0.9978589232386019 -0.06540312923016633 0
    outer loop
      vertex 138.35422055450476 45.3203952311198 4
      vertex 138.35422055450476 45.3203952311198 10
      vertex 138.32 45.8425 10
    endloop
  endfacet
  facet normal -0.9978589232386019 0.06540312923016633 0
    outer loop
      vertex 138.32 45.8425 4
      vertex 138.32 45.8425 10
      vertex 138.35422055450476 46.364604768880206 10
    endloop
  endfacet
  facet normal -0.9807852804032313 0.1950903220161236 0
    outer loop
      vertex 138.35422055450476 46.364604768880206 4
      vertex 138.35422055450476 46.364604768880206 10
      vertex 138.45629669484373 46.87777618041008 10
    endloop
  endfacet
  facet normal -0.94693012949511 0.3214394653031487 0
    outer loop
      vertex 138.45629669484373 46.87777618041008 4
      vertex 138.45629669484373 46.87777618041008 10
      vertex 138.62448186995485 47.37323372946036 10
    endloop
  endfacet
  facet normal -0.8968727415326979 0.4422886902189819 0
    outer loop
      vertex 138.62448186995485 47.37323372946036 4
      vertex 138.62448186995485 47.37323372946036 10
      vertex 138.85589838486223 47.8425 10
    endloop
  endfacet
  facet normal -0.8314696123025314 0.555570233019623 0
    outer loop
      vertex 138.85589838486223 47.8425 4
      vertex 138.85589838486223 47.8425 10
      vertex 139.14658663883506 48.277545716034886 10
    endloop
  endfacet
  facet normal -0.7518398074789787 0.6593458151000674 0
    outer loop
      vertex 139.14658663883506 48.277545716034886 4
      vertex 139.14658663883506 48.277545716034886 10
      vertex 139.4915728752538 48.67092712474619 10
    endloop
  endfacet
  facet normal -0.6593458151000808 0.7518398074789668 0
    outer loop
      vertex 139.8849542839651 49.01591336116494 4
      vertex 139.4915728752538 48.67092712474619 10
      vertex 139.8849542839651 49.01591336116494 10
    endloop
  endfacet
  facet normal -0.555570233019598 0.831469612302548 0
    outer loop
      vertex 140.32 49.30660161513776 4
      vertex 139.8849542839651 49.01591336116494 10
      vertex 140.32 49.30660161513776 10
    endloop
  endfacet
  facet normal -0.44228869021899825 0.8968727415326899 0
    outer loop
      vertex 140.78926627053963 49.538018130045145 4
      vertex 140.32 49.30660161513776 10
      vertex 140.78926627053963 49.538018130045145 10
    endloop
  endfacet
  facet normal 0.555570233019598 0.831469612302548 0
    outer loop
      vertex 144.75504571603489 49.01591336116494 4
      vertex 144.32 49.30660161513776 10
      vertex 144.75504571603489 49.01591336116494 10
    endloop
  endfacet
  facet normal 0.44228869021899825 0.8968727415326899 0
    outer loop
      vertex 144.32 49.30660161513776 4
      vertex 143.85073372946036 49.538018130045145 10
      vertex 144.32 49.30660161513776 10
    endloop
  endfacet
  facet normal 0.9807852804032313 -0.1950903220161236 0
    outer loop
      vertex 146.28577944549522 45.3203952311198 4
      vertex 146.28577944549522 45.3203952311198 10
      vertex 146.18370330515626 44.80722381958992 10
    endloop
  endfacet
  facet normal 0.9978589232386019 -0.06540312923016633 0
    outer loop
      vertex 146.32 45.8425 4
      vertex 146.32 45.8425 10
      vertex 146.28577944549522 45.3203952311198 10
    endloop
  endfacet
  facet normal 0.9978589232386019 0.06540312923016633 0
    outer loop
      vertex 146.28577944549522 46.364604768880206 4
      vertex 146.28577944549522 46.364604768880206 10
      vertex 146.32 45.8425 10
    endloop
  endfacet
  facet normal 0.9807852804032313 0.1950903220161236 0
    outer loop
      vertex 146.18370330515626 46.87777618041008 4
      vertex 146.18370330515626 46.87777618041008 10
      vertex 146.28577944549522 46.364604768880206 10
    endloop
  endfacet
  facet normal 0.94693012949511 0.3214394653031487 0
    outer loop
      vertex 146.01551813004514 47.37323372946036 4
      vertex 146.01551813004514 47.37323372946036 10
      vertex 146.18370330515626 46.87777618041008 10
    endloop
  endfacet
  facet normal 0.8968727415326979 0.4422886902189819 0
    outer loop
      vertex 145.78410161513776 47.8425 4
      vertex 145.78410161513776 47.8425 10
      vertex 146.01551813004514 47.37323372946036 10
    endloop
  endfacet
  facet normal 0.8314696123025314 0.555570233019623 0
    outer loop
      vertex 145.49341336116493 48.277545716034886 4
      vertex 145.49341336116493 48.277545716034886 10
      vertex 145.78410161513776 47.8425 10
    endloop
  endfacet
  facet normal 0.7518398074789787 0.6593458151000674 0
    outer loop
      vertex 145.14842712474618 48.67092712474619 4
      vertex 145.14842712474618 48.67092712474619 10
      vertex 145.49341336116493 48.277545716034886 10
    endloop
  endfacet
  facet normal 0.6593458151000808 0.7518398074789668 0
    outer loop
      vertex 145.14842712474618 48.67092712474619 4
      vertex 144.75504571603489 49.01591336116494 10
      vertex 145.14842712474618 48.67092712474619 10
    endloop
  endfacet
  facet normal -0.32143946530318074 0.9469301294950992 0
    outer loop
      vertex 140.78926627053963 49.538018130045145 10
      vertex 140.9293779344797 49.58557963108604 10
      vertex 140.9293779344797 49.58557963108604 4
    endloop
  endfacet
  facet normal 0.32143946530318074 0.9469301294950992 0
    outer loop
      vertex 143.85073372946036 49.538018130045145 4
      vertex 143.71062206552028 49.58557963108604 10
      vertex 143.85073372946036 49.538018130045145 10
    endloop
  endfacet
  facet normal 0 0 1
    outer loop
      vertex 139.14658663883506 43.407454283965116 10
      vertex 138.85589838486223 47.8425 10
      vertex 138.85589838486223 43.8425 10
    endloop
  endfacet
  facet normal 0 0 1
    outer loop
      vertex 138.85589838486223 43.8425 10
      vertex 138.62448186995485 47.37323372946036 10
      vertex 138.62448186995485 44.31176627053964 10
    endloop
  endfacet
  facet normal 0 0 1
    outer loop
      vertex 138.62448186995485 44.31176627053964 10
      vertex 138.45629669484373 46.87777618041008 10
      vertex 138.45629669484373 44.80722381958992 10
    endloop
  endfacet
  facet normal 0 0 1
    outer loop
      vertex 138.45629669484373 44.80722381958992 10
      vertex 138.35422055450476 46.364604768880206 10
      vertex 138.35422055450476 45.3203952311198 10
    endloop
  endfacet
  facet normal 0 0 1
    outer loop
      vertex 138.35422055450476 45.3203952311198 10
      vertex 138.35422055450476 46.364604768880206 10
      vertex 138.32 45.8425 10
    endloop
  endfacet
  facet normal 0 0 1
    outer loop
      vertex 138.45629669484373 44.80722381958992 10
      vertex 138.45629669484373 46.87777618041008 10
      vertex 138.35422055450476 46.364604768880206 10
    endloop
  endfacet
  facet normal 0 0 1
    outer loop
      vertex 138.62448186995485 44.31176627053964 10
      vertex 138.62448186995485 47.37323372946036 10
      vertex 138.45629669484373 46.87777618041008 10
    endloop
  endfacet
  facet normal 0 0 1
    outer loop
      vertex 138.85589838486223 43.8425 10
      vertex 138.85589838486223 47.8425 10
      vertex 138.62448186995485 47.37323372946036 10
    endloop
  endfacet
  facet normal 0 0 1
    outer loop
      vertex 139.14658663883506 43.407454283965116 10
      vertex 139.14658663883506 48.277545716034886 10
      vertex 138.85589838486223 47.8425 10
    endloop
  endfacet
  facet normal 0 0 1
    outer loop
      vertex 139.4915728752538 43.01407287525381 10
      vertex 139.4915728752538 48.67092712474619 10
      vertex 139.14658663883506 48.277545716034886 10
    endloop
  endfacet
  facet normal 0 0 1
    outer loop
      vertex 139.8849542839651 42.66908663883506 10
      vertex 139.8849542839651 49.01591336116494 10
      vertex 139.4915728752538 48.67092712474619 10
    endloop
  endfacet
  facet normal 0 0 1
    outer loop
      vertex 140.32 42.378398384862244 10
      vertex 140.32 49.30660161513776 10
      vertex 139.8849542839651 49.01591336116494 10
    endloop
  endfacet
  facet normal 0 0 1
    outer loop
      vertex 140.78926627053963 42.14698186995486 10
      vertex 140.78926627053963 49.538018130045145 10
      vertex 140.32 49.30660161513776 10
    endloop
  endfacet
  facet normal 0 0 1
    outer loop
      vertex 140.78926627053963 42.14698186995486 10
      vertex 140.92 49.4425 10
      vertex 140.78926627053963 49.538018130045145 10
    endloop
  endfacet
  facet normal 0 0 1
    outer loop
      vertex 143.85073372946036 49.538018130045145 10
      vertex 143.72 49.4425 10
      vertex 143.72 42.2425 10
    endloop
  endfacet
  facet normal 0 0 1
    outer loop
      vertex 144.32 42.378398384862244 10
      vertex 144.32 49.30660161513776 10
      vertex 143.85073372946036 49.538018130045145 10
    endloop
  endfacet
  facet normal 0 0 1
    outer loop
      vertex 144.75504571603489 42.66908663883506 10
      vertex 144.75504571603489 49.01591336116494 10
      vertex 144.32 49.30660161513776 10
    endloop
  endfacet
  facet normal 0 0 1
    outer loop
      vertex 145.14842712474618 43.01407287525381 10
      vertex 145.49341336116493 43.407454283965116 10
      vertex 145.14842712474618 48.67092712474619 10
    endloop
  endfacet
  facet normal 0 0 1
    outer loop
      vertex 145.49341336116493 43.407454283965116 10
      vertex 145.78410161513776 43.8425 10
      vertex 145.49341336116493 48.277545716034886 10
    endloop
  endfacet
  facet normal 0 0 1
    outer loop
      vertex 145.78410161513776 43.8425 10
      vertex 146.01551813004514 44.31176627053964 10
      vertex 145.78410161513776 47.8425 10
    endloop
  endfacet
  facet normal 0 0 1
    outer loop
      vertex 146.01551813004514 44.31176627053964 10
      vertex 146.18370330515626 44.80722381958992 10
      vertex 146.01551813004514 47.37323372946036 10
    endloop
  endfacet
  facet normal 0 0 1
    outer loop
      vertex 146.18370330515626 44.80722381958992 10
      vertex 146.28577944549522 45.3203952311198 10
      vertex 146.18370330515626 46.87777618041008 10
    endloop
  endfacet
  facet normal 0 0 1
    outer loop
      vertex 146.28577944549522 45.3203952311198 10
      vertex 146.32 45.8425 10
      vertex 146.28577944549522 46.364604768880206 10
    endloop
  endfacet
  facet normal 0 0 1
    outer loop
      vertex 145.78410161513776 43.8425 10
      vertex 145.78410161513776 47.8425 10
      vertex 145.49341336116493 48.277545716034886 10
    endloop
  endfacet
  facet normal 0 0 1
    outer loop
      vertex 146.28577944549522 45.3203952311198 10
      vertex 146.28577944549522 46.364604768880206 10
      vertex 146.18370330515626 46.87777618041008 10
    endloop
  endfacet
  facet normal 0 0 1
    outer loop
      vertex 146.18370330515626 44.80722381958992 10
      vertex 146.18370330515626 46.87777618041008 10
      vertex 146.01551813004514 47.37323372946036 10
    endloop
  endfacet
  facet normal 0 0 1
    outer loop
      vertex 146.01551813004514 44.31176627053964 10
      vertex 146.01551813004514 47.37323372946036 10
      vertex 145.78410161513776 47.8425 10
    endloop
  endfacet
  facet normal 0 0 1
    outer loop
      vertex 145.14842712474618 43.01407287525381 10
      vertex 145.14842712474618 48.67092712474619 10
      vertex 144.75504571603489 49.01591336116494 10
    endloop
  endfacet
  facet normal 0 0 1
    outer loop
      vertex 145.49341336116493 43.407454283965116 10
      vertex 145.49341336116493 48.277545716034886 10
      vertex 145.14842712474618 48.67092712474619 10
    endloop
  endfacet
  facet normal 0 0 1
    outer loop
      vertex 140.78926627053963 49.538018130045145 10
      vertex 140.92 49.4425 10
      vertex 140.9293779344797 49.58557963108604 10
    endloop
  endfacet
  facet normal 0 0 1
    outer loop
      vertex 143.85073372946036 49.538018130045145 10
      vertex 143.71062206552028 49.58557963108604 10
      vertex 143.72 49.4425 10
    endloop
  endfacet
  facet normal 0 0 1
    outer loop
      vertex 72 12 4
      vertex 172 12 4
      vertex 101.49726333089194 21.169477194076663 4
    endloop
  endfacet
  facet normal 0 0 -1
    outer loop
      vertex 72 12 0
      vertex 72 60 0
      vertex 82 12 0
    endloop
  endfacet
  facet normal 0 0 -1
    outer loop
      vertex 82 12 0
      vertex 72 60 0
      vertex 100 30 0
    endloop
  endfacet
  facet normal 0 0 -1
    outer loop
      vertex 82 12 0
      vertex 100.4675644347018 21.857499999999998 0
      vertex 100.56930532359227 21.70523399938779 0
    endloop
  endfacet
  facet normal 0 0 -1
    outer loop
      vertex 82 12 0
      vertex 100.98 21.345064434701783 0
      vertex 101.14424319468888 21.2640686544842 0
    endloop
  endfacet
  facet normal 0 0 -1
    outer loop
      vertex 82 12 0
      vertex 101.14424319468888 21.2640686544842 0
      vertex 101.31765333685648 21.205203843195303 0
    endloop
  endfacet
  facet normal 0 0 -1
    outer loop
      vertex 82 12 0
      vertex 100.8277339993878 21.44680532359227 0
      vertex 100.98 21.345064434701783 0
    endloop
  endfacet
  facet normal 0 0 -1
    outer loop
      vertex 82 12 0
      vertex 101.31765333685648 21.205203843195303 0
      vertex 101.49726333089194 21.169477194076663 0
    endloop
  endfacet
  facet normal 0 0 -1
    outer loop
      vertex 82 12 0
      vertex 101.49726333089194 21.169477194076663 0
      vertex 101.68 21.1575 0
    endloop
  endfacet
  facet normal 0 0 -1
    outer loop
      vertex 82 12 0
      vertex 100.69005050633884 21.567550506338833 0
      vertex 100.8277339993878 21.44680532359227 0
    endloop
  endfacet
  facet normal 0 0 -1
    outer loop
      vertex 82 12 0
      vertex 100.56930532359227 21.70523399938779 0
      vertex 100.69005050633884 21.567550506338833 0
    endloop
  endfacet
  facet normal 0 0 -1
    outer loop
      vertex 82 12 0
      vertex 100.38656865448421 22.021743194688874 0
      vertex 100.4675644347018 21.857499999999998 0
    endloop
  endfacet
  facet normal 0 0 -1
    outer loop
      vertex 82 12 0
      vertex 100.32770384319531 22.19515333685647 0
      vertex 100.38656865448421 22.021743194688874 0
    endloop
  endfacet
  facet normal 0 0 -1
    outer loop
      vertex 82 12 0
      vertex 100.29197719407668 22.374763330891927 0
      vertex 100.32770384319531 22.19515333685647 0
    endloop
  endfacet
  facet normal 0 0 -1
    outer loop
      vertex 82 12 0
      vertex 100.28 22.557499999999997 0
      vertex 100.29197719407668 22.374763330891927 0
    endloop
  endfacet
  facet normal 0 0 -1
    outer loop
      vertex 82 12 0
      vertex 100 30 0
      vertex 100.28 22.557499999999997 0
    endloop
  endfacet
  facet normal 0 0 -1
    outer loop
      vertex 82 12 0
      vertex 101.68 21.1575 0
      vertex 142.13726333089193 21.169477194076663 0
    endloop
  endfacet
  facet normal 0 0 -1
    outer loop
      vertex 101.68 21.1575 0
      vertex 101.86273666910807 21.169477194076663 0
      vertex 142.13726333089193 21.169477194076663 0
    endloop
  endfacet
  facet normal 0 0 -1
    outer loop
      vertex 101.86273666910807 21.169477194076663 0
      vertex 102.04234666314353 21.205203843195303 0
      vertex 142.13726333089193 21.169477194076663 0
    endloop
  endfacet
  facet normal 0 0 -1
    outer loop
      vertex 102.21575680531113 21.2640686544842 0
      vertex 141.95765333685645 21.205203843195303 0
      vertex 102.04234666314353 21.205203843195303 0
    endloop
  endfacet
  facet normal 0 0 -1
    outer loop
      vertex 102.38000000000001 21.345064434701783 0
      vertex 141.78424319468886 21.2640686544842 0
      vertex 102.21575680531113 21.2640686544842 0
    endloop
  endfacet
  facet normal 0 0 -1
    outer loop
      vertex 102.38000000000001 21.345064434701783 0
      vertex 102.53226600061221 21.44680532359227 0
      vertex 141.62 21.345064434701783 0
    endloop
  endfacet
  facet normal 0 0 -1
    outer loop
      vertex 102.53226600061221 21.44680532359227 0
      vertex 102.66994949366118 21.567550506338833 0
      vertex 141.46773399938778 21.44680532359227 0
    endloop
  endfacet
  facet normal 0 0 -1
    outer loop
      vertex 102.66994949366118 21.567550506338833 0
      vertex 102.79069467640774 21.70523399938779 0
      vertex 141.33005050633884 21.567550506338833 0
    endloop
  endfacet
  facet normal 0 0 -1
    outer loop
      vertex 102.79069467640774 21.70523399938779 0
      vertex 102.89243556529821 21.857499999999998 0
      vertex 141.20930532359228 21.70523399938779 0
    endloop
  endfacet
  facet normal 0 0 -1
    outer loop
      vertex 102.89243556529821 21.857499999999998 0
      vertex 102.9734313455158 22.021743194688874 0
      vertex 141.10756443470177 21.857499999999998 0
    endloop
  endfacet
  facet normal 0 0 -1
    outer loop
      vertex 134.5 30 0
      vertex 102.9734313455158 22.021743194688874 0
      vertex 103.0322961568047 22.19515333685647 0
    endloop
  endfacet
  facet normal 0 0 -1
    outer loop
      vertex 134.5 30 0
      vertex 103.0322961568047 22.19515333685647 0
      vertex 103.06802280592333 22.374763330891927 0
    endloop
  endfacet
  facet normal 0 0 -1
    outer loop
      vertex 134.5 30 0
      vertex 103.06802280592333 22.374763330891927 0
      vertex 103.08000000000001 22.557499999999997 0
    endloop
  endfacet
  facet normal 0 0 -1
    outer loop
      vertex 100.28 22.557499999999997 0
      vertex 100 30 0
      vertex 100.28 29.7575 0
    endloop
  endfacet
  facet normal 0 0 -1
    outer loop
      vertex 100 30 0
      vertex 100.29197719407668 29.94023666910807 0
      vertex 100.28 29.7575 0
    endloop
  endfacet
  facet normal 0 0 -1
    outer loop
      vertex 100.30386485970688 30 0
      vertex 100.29197719407668 29.94023666910807 0
      vertex 100 30 0
    endloop
  endfacet
  facet normal 0 0 -1
    outer loop
      vertex 134.5 30 0
      vertex 103.08000000000001 22.557499999999997 0
      vertex 103.08000000000001 29.7575 0
    endloop
  endfacet
  facet normal 0 0 -1
    outer loop
      vertex 103.06802280592333 29.94023666910807 0
      vertex 134.5 30 0
      vertex 103.08000000000001 29.7575 0
    endloop
  endfacet
  facet normal 0 0 -1
    outer loop
      vertex 103.06802280592333 29.94023666910807 0
      vertex 103.05613514029314 30 0
      vertex 134.5 30 0
    endloop
  endfacet
  facet normal 0 0 1
    outer loop
      vertex 72 12 4
      vertex 101.14424319468888 21.2640686544842 4
      vertex 100.98 21.345064434701783 4
    endloop
  endfacet
  facet normal 0 0 1
    outer loop
      vertex 72 12 4
      vertex 101.31765333685648 21.205203843195303 4
      vertex 101.14424319468888 21.2640686544842 4
    endloop
  endfacet
  facet normal 0 0 1
    outer loop
      vertex 72 12 4
      vertex 100.98 21.345064434701783 4
      vertex 100.8277339993878 21.44680532359227 4
    endloop
  endfacet
  facet normal 0 0 1
    outer loop
      vertex 72 12 4
      vertex 100.56930532359227 21.70523399938779 4
      vertex 100.4675644347018 21.857499999999998 4
    endloop
  endfacet
  facet normal 0 0 1
    outer loop
      vertex 72 12 4
      vertex 100.8277339993878 21.44680532359227 4
      vertex 100.69005050633884 21.567550506338833 4
    endloop
  endfacet
  facet normal 0 0 1
    outer loop
      vertex 72 12 4
      vertex 100.69005050633884 21.567550506338833 4
      vertex 100.56930532359227 21.70523399938779 4
    endloop
  endfacet
  facet normal 0 0 1
    outer loop
      vertex 72 12 4
      vertex 100.4675644347018 21.857499999999998 4
      vertex 100.38656865448421 22.021743194688874 4
    endloop
  endfacet
  facet normal 0 0 1
    outer loop
      vertex 72 12 4
      vertex 100.38656865448421 22.021743194688874 4
      vertex 100.32770384319531 22.19515333685647 4
    endloop
  endfacet
  facet normal 0 0 1
    outer loop
      vertex 72 12 4
      vertex 100.32770384319531 22.19515333685647 4
      vertex 100.29197719407668 22.374763330891927 4
    endloop
  endfacet
  facet normal 0 0 1
    outer loop
      vertex 72 12 4
      vertex 100.29197719407668 22.374763330891927 4
      vertex 100.28937793447972 22.41442036891396 4
    endloop
  endfacet
  facet normal 0 0 1
    outer loop
      vertex 72 12 4
      vertex 100.28937793447972 22.41442036891396 4
      vertex 100.14926627053964 22.46198186995485 4
    endloop
  endfacet
  facet normal 0 0 1
    outer loop
      vertex 72 12 4
      vertex 100.14926627053964 22.46198186995485 4
      vertex 99.68 22.693398384862245 4
    endloop
  endfacet
  facet normal 0 0 1
    outer loop
      vertex 72 12 4
      vertex 98.50658663883506 23.722454283965117 4
      vertex 98.21589838486226 24.1575 4
    endloop
  endfacet
  facet normal 0 0 1
    outer loop
      vertex 72 12 4
      vertex 99.68 22.693398384862245 4
      vertex 99.24495428396513 22.98408663883506 4
    endloop
  endfacet
  facet normal 0 0 1
    outer loop
      vertex 72 12 4
      vertex 99.24495428396513 22.98408663883506 4
      vertex 98.85157287525382 23.329072875253807 4
    endloop
  endfacet
  facet normal 0 0 1
    outer loop
      vertex 72 12 4
      vertex 98.85157287525382 23.329072875253807 4
      vertex 98.50658663883506 23.722454283965117 4
    endloop
  endfacet
  facet normal 0 0 1
    outer loop
      vertex 72 12 4
      vertex 98.21589838486226 24.1575 4
      vertex 97.98448186995486 24.62676627053964 4
    endloop
  endfacet
  facet normal 0 0 1
    outer loop
      vertex 72 12 4
      vertex 97.98448186995486 24.62676627053964 4
      vertex 97.81629669484373 25.122223819589916 4
    endloop
  endfacet
  facet normal 0 0 1
    outer loop
      vertex 72 12 4
      vertex 97.81629669484373 25.122223819589916 4
      vertex 97.71422055450476 25.635395231119794 4
    endloop
  endfacet
  facet normal 0 0 1
    outer loop
      vertex 72 12 4
      vertex 97.71422055450476 25.635395231119794 4
      vertex 97.68 26.1575 4
    endloop
  endfacet
  facet normal 0 0 1
    outer loop
      vertex 72 12 4
      vertex 97.68 26.1575 4
      vertex 97.71422055450476 26.679604768880203 4
    endloop
  endfacet
  facet normal 0 0 1
    outer loop
      vertex 72 12 4
      vertex 97.71422055450476 26.679604768880203 4
      vertex 97.81629669484373 27.192776180410082 4
    endloop
  endfacet
  facet normal 0 0 1
    outer loop
      vertex 72 12 4
      vertex 97.81629669484373 27.192776180410082 4
      vertex 97.98448186995486 27.688233729460357 4
    endloop
  endfacet
  facet normal 0 0 1
    outer loop
      vertex 72 12 4
      vertex 97.98448186995486 27.688233729460357 4
      vertex 98.21589838486226 28.1575 4
    endloop
  endfacet
  facet normal 0 0 1
    outer loop
      vertex 72 12 4
      vertex 98.21589838486226 28.1575 4
      vertex 98.50658663883506 28.59254571603488 4
    endloop
  endfacet
  facet normal 0 0 1
    outer loop
      vertex 72 12 4
      vertex 98.50658663883506 28.59254571603488 4
      vertex 98.85157287525382 28.98592712474619 4
    endloop
  endfacet
  facet normal 0 0 1
    outer loop
      vertex 72 12 4
      vertex 98.85157287525382 28.98592712474619 4
      vertex 99.24495428396513 29.33091336116494 4
    endloop
  endfacet
  facet normal -1 0 0
    outer loop
      vertex 72 12 0
      vertex 72 12 4
      vertex 72 60 4
    endloop
  endfacet
  facet normal 0 0 1
    outer loop
      vertex 72 12 4
      vertex 99.24495428396513 29.33091336116494 4
      vertex 99.24495428396513 42.66908663883506 4
    endloop
  endfacet
  facet normal 0 0 1
    outer loop
      vertex 72 12 4
      vertex 99.24495428396513 42.66908663883506 4
      vertex 98.85157287525382 43.01407287525381 4
    endloop
  endfacet
  facet normal 0 0 1
    outer loop
      vertex 72 12 4
      vertex 98.50658663883506 43.407454283965116 4
      vertex 98.21589838486226 43.8425 4
    endloop
  endfacet
  facet normal 0 0 1
    outer loop
      vertex 72 12 4
      vertex 98.21589838486226 43.8425 4
      vertex 97.98448186995486 44.31176627053964 4
    endloop
  endfacet
  facet normal 0 0 1
    outer loop
      vertex 72 12 4
      vertex 97.98448186995486 44.31176627053964 4
      vertex 97.81629669484373 44.80722381958992 4
    endloop
  endfacet
  facet normal 0 0 1
    outer loop
      vertex 72 12 4
      vertex 98.85157287525382 43.01407287525381 4
      vertex 98.50658663883506 43.407454283965116 4
    endloop
  endfacet
  facet normal 0 0 1
    outer loop
      vertex 72 12 4
      vertex 97.81629669484373 44.80722381958992 4
      vertex 97.71422055450476 45.3203952311198 4
    endloop
  endfacet
  facet normal 0 0 1
    outer loop
      vertex 72 12 4
      vertex 97.71422055450476 45.3203952311198 4
      vertex 97.68 45.8425 4
    endloop
  endfacet
  facet normal 0 0 1
    outer loop
      vertex 72 12 4
      vertex 101.49726333089194 21.169477194076663 4
      vertex 101.31765333685648 21.205203843195303 4
    endloop
  endfacet
  facet normal 0 0 1
    outer loop
      vertex 102.89243556529821 21.857499999999998 4
      vertex 141.02656865448418 22.021743194688874 4
      vertex 102.9734313455158 22.021743194688874 4
    endloop
  endfacet
  facet normal 0 0 1
    outer loop
      vertex 102.9734313455158 22.021743194688874 4
      vertex 140.9677038431953 22.19515333685647 4
      vertex 103.0322961568047 22.19515333685647 4
    endloop
  endfacet
  facet normal 0 0 1
    outer loop
      vertex 140.93197719407667 22.374763330891927 4
      vertex 103.06802280592333 22.374763330891927 4
      vertex 103.0322961568047 22.19515333685647 4
    endloop
  endfacet
  facet normal 0 0 1
    outer loop
      vertex 140.93197719407667 22.374763330891927 4
      vertex 103.0706220655203 22.41442036891396 4
      vertex 103.06802280592333 22.374763330891927 4
    endloop
  endfacet
  facet normal 0 0 1
    outer loop
      vertex 103.21073372946037 22.46198186995485 4
      vertex 103.0706220655203 22.41442036891396 4
      vertex 140.93197719407667 22.374763330891927 4
    endloop
  endfacet
  facet normal 0 0 1
    outer loop
      vertex 103.21073372946037 22.46198186995485 4
      vertex 140.78926627053963 22.46198186995485 4
      vertex 103.68 22.693398384862245 4
    endloop
  endfacet
  facet normal 0 0 1
    outer loop
      vertex 103.68 22.693398384862245 4
      vertex 139.8849542839651 22.98408663883506 4
      vertex 104.11504571603489 22.98408663883506 4
    endloop
  endfacet
  facet normal 0 0 1
    outer loop
      vertex 104.11504571603489 22.98408663883506 4
      vertex 139.8849542839651 22.98408663883506 4
      vertex 104.50842712474619 23.329072875253807 4
    endloop
  endfacet
  facet normal 0 0 1
    outer loop
      vertex 104.50842712474619 23.329072875253807 4
      vertex 139.4915728752538 23.329072875253807 4
      vertex 104.85341336116495 23.722454283965117 4
    endloop
  endfacet
  facet normal 0 0 1
    outer loop
      vertex 104.85341336116495 23.722454283965117 4
      vertex 138.85589838486223 24.1575 4
      vertex 105.14410161513776 24.1575 4
    endloop
  endfacet
  facet normal 0 0 1
    outer loop
      vertex 105.14410161513776 24.1575 4
      vertex 138.85589838486223 24.1575 4
      vertex 105.37551813004515 24.62676627053964 4
    endloop
  endfacet
  facet normal 0 0 1
    outer loop
      vertex 105.37551813004515 24.62676627053964 4
      vertex 138.62448186995485 24.62676627053964 4
      vertex 105.54370330515628 25.122223819589916 4
    endloop
  endfacet
  facet normal 0 0 1
    outer loop
      vertex 105.54370330515628 25.122223819589916 4
      vertex 138.45629669484373 25.122223819589916 4
      vertex 105.64577944549525 25.635395231119794 4
    endloop
  endfacet
  facet normal 0 0 1
    outer loop
      vertex 105.64577944549525 25.635395231119794 4
      vertex 138.32 26.1575 4
      vertex 105.68 26.1575 4
    endloop
  endfacet
  facet normal 0 0 1
    outer loop
      vertex 105.68 26.1575 4
      vertex 138.32 26.1575 4
      vertex 105.64577944549525 26.679604768880203 4
    endloop
  endfacet
  facet normal 0 0 1
    outer loop
      vertex 105.64577944549525 26.679604768880203 4
      vertex 138.32 26.1575 4
      vertex 105.54370330515628 27.192776180410082 4
    endloop
  endfacet
  facet normal 0 0 1
    outer loop
      vertex 105.37551813004515 27.688233729460357 4
      vertex 105.18100866991747 30 4
      vertex 105.14410161513776 28.1575 4
    endloop
  endfacet
  facet normal 0 0 1
    outer loop
      vertex 105.14410161513776 28.1575 4
      vertex 105.18100866991747 30 4
      vertex 104.85341336116495 28.59254571603488 4
    endloop
  endfacet
  facet normal 0 0 1
    outer loop
      vertex 104.50842712474619 28.98592712474619 4
      vertex 104.85341336116495 28.59254571603488 4
      vertex 105.18100866991747 30 4
    endloop
  endfacet
  facet normal 0 0 1
    outer loop
      vertex 99.68 29.621601615137752 4
      vertex 100.14926627053964 29.853018130045147 4
      vertex 100 30 4
    endloop
  endfacet
  facet normal 0 0 1
    outer loop
      vertex 100.14926627053964 29.853018130045147 4
      vertex 100.29197719407668 29.94023666910807 4
      vertex 100 30 4
    endloop
  endfacet
  facet normal 0 0 1
    outer loop
      vertex 100.14926627053964 29.853018130045147 4
      vertex 100.28937793447972 29.90057963108604 4
      vertex 100.29197719407668 29.94023666910807 4
    endloop
  endfacet
  facet normal 0 0 1
    outer loop
      vertex 100.30386485970688 30 4
      vertex 100 30 4
      vertex 100.29197719407668 29.94023666910807 4
    endloop
  endfacet
  facet normal 0 0 1
    outer loop
      vertex 104.50842712474619 28.98592712474619 4
      vertex 105.18100866991747 30 4
      vertex 104.11504571603489 29.33091336116494 4
    endloop
  endfacet
  facet normal 0 0 1
    outer loop
      vertex 103.68 29.621601615137752 4
      vertex 104.11504571603489 29.33091336116494 4
      vertex 105.18100866991747 30 4
    endloop
  endfacet
  facet normal 0 0 1
    outer loop
      vertex 103.21073372946037 29.853018130045147 4
      vertex 105.18100866991747 30 4
      vertex 103.0706220655203 29.90057963108604 4
    endloop
  endfacet
  facet normal 0 0 1
    outer loop
      vertex 103.0706220655203 29.90057963108604 4
      vertex 105.18100866991747 30 4
      vertex 103.06802280592333 29.94023666910807 4
    endloop
  endfacet
  facet normal 0 0 1
    outer loop
      vertex 105.18100866991747 30 4
      vertex 103.05613514029314 30 4
      vertex 103.06802280592333 29.94023666910807 4
    endloop
  endfacet
  facet normal 0 0 1
    outer loop
      vertex 103.68 29.621601615137752 4
      vertex 105.18100866991747 30 4
      vertex 103.21073372946037 29.853018130045147 4
    endloop
  endfacet
  facet normal 0 0 1
    outer loop
      vertex 99.24495428396513 29.33091336116494 4
      vertex 99.68 29.621601615137752 4
      vertex 99.68 42.378398384862244 4
    endloop
  endfacet
  facet normal 0 0 1
    outer loop
      vertex 99.68 29.621601615137752 4
      vertex 100 30 4
      vertex 100 42 4
    endloop
  endfacet
  facet normal 0 0 1
    outer loop
      vertex 105.54370330515628 27.192776180410082 4
      vertex 138.32 26.1575 4
      vertex 105.37551813004515 27.688233729460357 4
    endloop
  endfacet
  facet normal 0 0 1
    outer loop
      vertex 105.37551813004515 27.688233729460357 4
      vertex 138.32 26.1575 4
      vertex 105.18100866991747 30 4
    endloop
  endfacet
  facet normal 0 0 -1
    outer loop
      vertex 72 60 0
      vertex 100 42 0
      vertex 100 30 0
    endloop
  endfacet
  facet normal -1 0 0
    outer loop
      vertex 72 12 0
      vertex 72 60 4
      vertex 72 60 0
    endloop
  endfacet
  facet normal 0 0 -1
    outer loop
      vertex 72 60 0
      vertex 100.28 42.2425 0
      vertex 100 42 0
    endloop
  endfacet
  facet normal 0 0 -1
    outer loop
      vertex 72 60 0
      vertex 100.28 49.4425 0
      vertex 100.28 42.2425 0
    endloop
  endfacet
  facet normal 0 0 -1
    outer loop
      vertex 72 60 0
      vertex 100.29197719407668 49.62523666910808 0
      vertex 100.28 49.4425 0
    endloop
  endfacet
  facet normal 0 0 -1
    outer loop
      vertex 72 60 0
      vertex 100.32770384319531 49.80484666314353 0
      vertex 100.29197719407668 49.62523666910808 0
    endloop
  endfacet
  facet normal 0 0 -1
    outer loop
      vertex 72 60 0
      vertex 100.38656865448421 49.978256805311126 0
      vertex 100.32770384319531 49.80484666314353 0
    endloop
  endfacet
  facet normal 0 0 -1
    outer loop
      vertex 72 60 0
      vertex 100.4675644347018 50.1425 0
      vertex 100.38656865448421 49.978256805311126 0
    endloop
  endfacet
  facet normal 0 0 -1
    outer loop
      vertex 72 60 0
      vertex 100.56930532359227 50.29476600061221 0
      vertex 100.4675644347018 50.1425 0
    endloop
  endfacet
  facet normal 0 0 -1
    outer loop
      vertex 72 60 0
      vertex 100.69005050633884 50.43244949366117 0
      vertex 100.56930532359227 50.29476600061221 0
    endloop
  endfacet
  facet normal 0 0 -1
    outer loop
      vertex 72 60 0
      vertex 100.8277339993878 50.55319467640773 0
      vertex 100.69005050633884 50.43244949366117 0
    endloop
  endfacet
  facet normal 0 0 -1
    outer loop
      vertex 72 60 0
      vertex 100.98 50.65493556529822 0
      vertex 100.8277339993878 50.55319467640773 0
    endloop
  endfacet
  facet normal 0 0 -1
    outer loop
      vertex 72 60 0
      vertex 101.14424319468888 50.7359313455158 0
      vertex 100.98 50.65493556529822 0
    endloop
  endfacet
  facet normal 0 0 -1
    outer loop
      vertex 72 60 0
      vertex 101.31765333685648 50.79479615680469 0
      vertex 101.14424319468888 50.7359313455158 0
    endloop
  endfacet
  facet normal 0 0 -1
    outer loop
      vertex 100 42 0
      vertex 100.29197719407668 42.059763330891926 0
      vertex 100.30386485970688 42 0
    endloop
  endfacet
  facet normal 0 0 -1
    outer loop
      vertex 100 42 0
      vertex 100.28 42.2425 0
      vertex 100.29197719407668 42.059763330891926 0
    endloop
  endfacet
  facet normal 0 0 -1
    outer loop
      vertex 107.22267206477734 42 0
      vertex 103.05613514029314 42 0
      vertex 103.06802280592333 42.059763330891926 0
    endloop
  endfacet
  facet normal 0 0 -1
    outer loop
      vertex 107.22267206477734 42 0
      vertex 103.06802280592333 42.059763330891926 0
      vertex 103.08000000000001 42.2425 0
    endloop
  endfacet
  facet normal 0 0 -1
    outer loop
      vertex 107.22267206477734 42 0
      vertex 103.08000000000001 42.2425 0
      vertex 103.08000000000001 49.4425 0
    endloop
  endfacet
  facet normal 0 0 -1
    outer loop
      vertex 72 60 0
      vertex 101.49726333089194 50.83052280592334 0
      vertex 101.31765333685648 50.79479615680469 0
    endloop
  endfacet
  facet normal 0 0 -1
    outer loop
      vertex 72 60 0
      vertex 101.68 50.8425 0
      vertex 101.49726333089194 50.83052280592334 0
    endloop
  endfacet
  facet normal 0 0 -1
    outer loop
      vertex 72 60 0
      vertex 142.32 50.8425 0
      vertex 101.68 50.8425 0
    endloop
  endfacet
  facet normal 0 0 -1
    outer loop
      vertex 107.22267206477734 42 0
      vertex 103.08000000000001 49.4425 0
      vertex 140.9677038431953 49.80484666314353 0
    endloop
  endfacet
  facet normal 0 0 -1
    outer loop
      vertex 103.06802280592333 49.62523666910808 0
      vertex 140.9677038431953 49.80484666314353 0
      vertex 103.08000000000001 49.4425 0
    endloop
  endfacet
  facet normal 0 0 -1
    outer loop
      vertex 103.06802280592333 49.62523666910808 0
      vertex 103.0322961568047 49.80484666314353 0
      vertex 140.9677038431953 49.80484666314353 0
    endloop
  endfacet
  facet normal 0 0 -1
    outer loop
      vertex 103.0322961568047 49.80484666314353 0
      vertex 102.9734313455158 49.978256805311126 0
      vertex 140.9677038431953 49.80484666314353 0
    endloop
  endfacet
  facet normal 0 0 -1
    outer loop
      vertex 102.89243556529821 50.1425 0
      vertex 141.02656865448418 49.978256805311126 0
      vertex 102.9734313455158 49.978256805311126 0
    endloop
  endfacet
  facet normal 0 0 -1
    outer loop
      vertex 102.79069467640774 50.29476600061221 0
      vertex 141.10756443470177 50.1425 0
      vertex 102.89243556529821 50.1425 0
    endloop
  endfacet
  facet normal 0 0 -1
    outer loop
      vertex 102.79069467640774 50.29476600061221 0
      vertex 102.66994949366118 50.43244949366117 0
      vertex 141.20930532359228 50.29476600061221 0
    endloop
  endfacet
  facet normal 0 0 -1
    outer loop
      vertex 102.66994949366118 50.43244949366117 0
      vertex 102.53226600061221 50.55319467640773 0
      vertex 141.33005050633884 50.43244949366117 0
    endloop
  endfacet
  facet normal 0 0 -1
    outer loop
      vertex 102.38000000000001 50.65493556529822 0
      vertex 141.46773399938778 50.55319467640773 0
      vertex 102.53226600061221 50.55319467640773 0
    endloop
  endfacet
  facet normal 0 0 -1
    outer loop
      vertex 101.68 50.8425 0
      vertex 142.13726333089193 50.83052280592334 0
      vertex 101.86273666910807 50.83052280592334 0
    endloop
  endfacet
  facet normal 0 0 -1
    outer loop
      vertex 101.86273666910807 50.83052280592334 0
      vertex 141.95765333685645 50.79479615680469 0
      vertex 102.04234666314353 50.79479615680469 0
    endloop
  endfacet
  facet normal 0 0 -1
    outer loop
      vertex 102.21575680531113 50.7359313455158 0
      vertex 141.62 50.65493556529822 0
      vertex 102.38000000000001 50.65493556529822 0
    endloop
  endfacet
  facet normal 0 0 -1
    outer loop
      vertex 102.04234666314353 50.79479615680469 0
      vertex 141.78424319468886 50.7359313455158 0
      vertex 102.21575680531113 50.7359313455158 0
    endloop
  endfacet
  facet normal 0 0 1
    outer loop
      vertex 72 12 4
      vertex 81.68842729970326 60.18694362017804 4
      vertex 72 60 4
    endloop
  endfacet
  facet normal 0 0 1
    outer loop
      vertex 72 12 4
      vertex 97.68 45.8425 4
      vertex 81.68842729970326 60.18694362017804 4
    endloop
  endfacet
  facet normal 0 0 1
    outer loop
      vertex 99.24495428396513 29.33091336116494 4
      vertex 99.68 42.378398384862244 4
      vertex 99.24495428396513 42.66908663883506 4
    endloop
  endfacet
  facet normal 0 0 1
    outer loop
      vertex 99.68 29.621601615137752 4
      vertex 100 42 4
      vertex 99.68 42.378398384862244 4
    endloop
  endfacet
  facet normal 0 0 1
    outer loop
      vertex 100.14926627053964 42.14698186995486 4
      vertex 99.68 42.378398384862244 4
      vertex 100 42 4
    endloop
  endfacet
  facet normal 0 0 1
    outer loop
      vertex 100 42 4
      vertex 100.30386485970688 42 4
      vertex 100.29197719407668 42.059763330891926 4
    endloop
  endfacet
  facet normal 0 0 1
    outer loop
      vertex 100.14926627053964 42.14698186995486 4
      vertex 100 42 4
      vertex 100.28937793447972 42.09942036891396 4
    endloop
  endfacet
  facet normal 0 0 1
    outer loop
      vertex 100 42 4
      vertex 100.29197719407668 42.059763330891926 4
      vertex 100.28937793447972 42.09942036891396 4
    endloop
  endfacet
  facet normal 0 0 1
    outer loop
      vertex 140.78926627053963 42 4
      vertex 103.06802280592333 42.059763330891926 4
      vertex 103.05613514029314 42 4
    endloop
  endfacet
  facet normal 0 0 1
    outer loop
      vertex 103.21073372946037 42.14698186995486 4
      vertex 103.0706220655203 42.09942036891396 4
      vertex 140.78926627053963 42 4
    endloop
  endfacet
  facet normal 0 0 1
    outer loop
      vertex 140.78926627053963 42 4
      vertex 103.0706220655203 42.09942036891396 4
      vertex 103.06802280592333 42.059763330891926 4
    endloop
  endfacet
  facet normal 0 0 1
    outer loop
      vertex 103.21073372946037 42.14698186995486 4
      vertex 140.78926627053963 42 4
      vertex 103.68 42.378398384862244 4
    endloop
  endfacet
  facet normal 0 0 1
    outer loop
      vertex 103.68 42.378398384862244 4
      vertex 140.78926627053963 42 4
      vertex 104.11504571603489 42.66908663883506 4
    endloop
  endfacet
  facet normal 0 0 1
    outer loop
      vertex 104.11504571603489 42.66908663883506 4
      vertex 140.78926627053963 42 4
      vertex 104.50842712474619 43.01407287525381 4
    endloop
  endfacet
  facet normal 0 0 1
    outer loop
      vertex 104.50842712474619 43.01407287525381 4
      vertex 140.78926627053963 42 4
      vertex 104.85341336116495 43.407454283965116 4
    endloop
  endfacet
  facet normal 0 0 1
    outer loop
      vertex 104.85341336116495 43.407454283965116 4
      vertex 140.78926627053963 42 4
      vertex 105.14410161513776 43.8425 4
    endloop
  endfacet
  facet normal 0 0 1
    outer loop
      vertex 105.14410161513776 43.8425 4
      vertex 140.78926627053963 42 4
      vertex 105.37551813004515 44.31176627053964 4
    endloop
  endfacet
  facet normal 0 0 1
    outer loop
      vertex 105.37551813004515 44.31176627053964 4
      vertex 140.78926627053963 42 4
      vertex 105.54370330515628 44.80722381958992 4
    endloop
  endfacet
  facet normal 0 0 1
    outer loop
      vertex 105.54370330515628 44.80722381958992 4
      vertex 140.78926627053963 42 4
      vertex 105.64577944549525 45.3203952311198 4
    endloop
  endfacet
  facet normal 0 0 1
    outer loop
      vertex 105.64577944549525 45.3203952311198 4
      vertex 140.78926627053963 42 4
      vertex 105.68 45.8425 4
    endloop
  endfacet
  facet normal 0 0 1
    outer loop
      vertex 105.68 45.8425 4
      vertex 140.78926627053963 42 4
      vertex 105.64577944549525 46.364604768880206 4
    endloop
  endfacet
  facet normal 0 0 1
    outer loop
      vertex 97.68 45.8425 4
      vertex 97.71422055450476 46.364604768880206 4
      vertex 81.68842729970326 60.18694362017804 4
    endloop
  endfacet
  facet normal 0 0 1
    outer loop
      vertex 97.71422055450476 46.364604768880206 4
      vertex 97.81629669484373 46.87777618041008 4
      vertex 81.68842729970326 60.18694362017804 4
    endloop
  endfacet
  facet normal 0 0 1
    outer loop
      vertex 97.81629669484373 46.87777618041008 4
      vertex 97.98448186995486 47.37323372946036 4
      vertex 81.68842729970326 60.18694362017804 4
    endloop
  endfacet
  facet normal 0 0 1
    outer loop
      vertex 97.98448186995486 47.37323372946036 4
      vertex 98.21589838486226 47.8425 4
      vertex 81.68842729970326 60.18694362017804 4
    endloop
  endfacet
  facet normal 0 0 1
    outer loop
      vertex 98.21589838486226 47.8425 4
      vertex 98.50658663883506 48.277545716034886 4
      vertex 81.68842729970326 60.18694362017804 4
    endloop
  endfacet
  facet normal 0 0 1
    outer loop
      vertex 98.50658663883506 48.277545716034886 4
      vertex 98.85157287525382 48.67092712474619 4
      vertex 81.68842729970326 60.18694362017804 4
    endloop
  endfacet
  facet normal 0 0 1
    outer loop
      vertex 98.85157287525382 48.67092712474619 4
      vertex 99.24495428396513 49.01591336116494 4
      vertex 81.68842729970326 60.18694362017804 4
    endloop
  endfacet
  facet normal 0 0 1
    outer loop
      vertex 99.24495428396513 49.01591336116494 4
      vertex 99.68 49.30660161513776 4
      vertex 81.68842729970326 60.18694362017804 4
    endloop
  endfacet
  facet normal 0 0 1
    outer loop
      vertex 99.68 49.30660161513776 4
      vertex 100.14926627053964 49.538018130045145 4
      vertex 81.68842729970326 60.18694362017804 4
    endloop
  endfacet
  facet normal 0 0 1
    outer loop
      vertex 100.14926627053964 49.538018130045145 4
      vertex 100.29197719407668 49.62523666910808 4
      vertex 81.68842729970326 60.18694362017804 4
    endloop
  endfacet
  facet normal 0 0 1
    outer loop
      vertex 81.68842729970326 60.18694362017804 4
      vertex 100.29197719407668 49.62523666910808 4
      vertex 100.32770384319531 49.80484666314353 4
    endloop
  endfacet
  facet normal 0 0 1
    outer loop
      vertex 81.68842729970326 60.18694362017804 4
      vertex 100.32770384319531 49.80484666314353 4
      vertex 100.38656865448421 49.978256805311126 4
    endloop
  endfacet
  facet normal 0 0 1
    outer loop
      vertex 81.68842729970326 60.18694362017804 4
      vertex 100.38656865448421 49.978256805311126 4
      vertex 100.4675644347018 50.1425 4
    endloop
  endfacet
  facet normal 0 0 1
    outer loop
      vertex 81.68842729970326 60.18694362017804 4
      vertex 100.4675644347018 50.1425 4
      vertex 100.56930532359227 50.29476600061221 4
    endloop
  endfacet
  facet normal 0 0 1
    outer loop
      vertex 81.68842729970326 60.18694362017804 4
      vertex 100.56930532359227 50.29476600061221 4
      vertex 100.69005050633884 50.43244949366117 4
    endloop
  endfacet
  facet normal 0 0 1
    outer loop
      vertex 81.68842729970326 60.18694362017804 4
      vertex 100.69005050633884 50.43244949366117 4
      vertex 100.8277339993878 50.55319467640773 4
    endloop
  endfacet
  facet normal 0 0 1
    outer loop
      vertex 81.68842729970326 60.18694362017804 4
      vertex 100.8277339993878 50.55319467640773 4
      vertex 100.98 50.65493556529822 4
    endloop
  endfacet
  facet normal 0 0 1
    outer loop
      vertex 81.68842729970326 60.18694362017804 4
      vertex 100.98 50.65493556529822 4
      vertex 101.14424319468888 50.7359313455158 4
    endloop
  endfacet
  facet normal 0 0 1
    outer loop
      vertex 81.68842729970326 60.18694362017804 4
      vertex 101.14424319468888 50.7359313455158 4
      vertex 101.31765333685648 50.79479615680469 4
    endloop
  endfacet
  facet normal 0 0 1
    outer loop
      vertex 81.68842729970326 60.18694362017804 4
      vertex 101.31765333685648 50.79479615680469 4
      vertex 101.49726333089194 50.83052280592334 4
    endloop
  endfacet
  facet normal 0 0 1
    outer loop
      vertex 81.68842729970326 60.18694362017804 4
      vertex 101.49726333089194 50.83052280592334 4
      vertex 101.68 50.8425 4
    endloop
  endfacet
  facet normal 0 0 1
    outer loop
      vertex 100.14926627053964 49.538018130045145 4
      vertex 100.28937793447972 49.58557963108604 4
      vertex 100.29197719407668 49.62523666910808 4
    endloop
  endfacet
  facet normal 0 0 1
    outer loop
      vertex 105.64577944549525 46.364604768880206 4
      vertex 140.78926627053963 42 4
      vertex 105.54370330515628 46.87777618041008 4
    endloop
  endfacet
  facet normal 0 0 1
    outer loop
      vertex 105.54370330515628 46.87777618041008 4
      vertex 138.62448186995485 47.37323372946036 4
      vertex 105.37551813004515 47.37323372946036 4
    endloop
  endfacet
  facet normal 0 0 1
    outer loop
      vertex 105.37551813004515 47.37323372946036 4
      vertex 138.85589838486223 47.8425 4
      vertex 105.14410161513776 47.8425 4
    endloop
  endfacet
  facet normal 0 0 1
    outer loop
      vertex 105.14410161513776 47.8425 4
      vertex 138.85589838486223 47.8425 4
      vertex 104.85341336116495 48.277545716034886 4
    endloop
  endfacet
  facet normal 0 0 1
    outer loop
      vertex 104.50842712474619 48.67092712474619 4
      vertex 139.8849542839651 49.01591336116494 4
      vertex 104.11504571603489 49.01591336116494 4
    endloop
  endfacet
  facet normal 0 0 1
    outer loop
      vertex 103.68 49.30660161513776 4
      vertex 104.11504571603489 49.01591336116494 4
      vertex 139.8849542839651 49.01591336116494 4
    endloop
  endfacet
  facet normal 0 0 1
    outer loop
      vertex 103.68 49.30660161513776 4
      vertex 140.32 49.30660161513776 4
      vertex 103.21073372946037 49.538018130045145 4
    endloop
  endfacet
  facet normal 0 0 1
    outer loop
      vertex 104.85341336116495 48.277545716034886 4
      vertex 139.4915728752538 48.67092712474619 4
      vertex 104.50842712474619 48.67092712474619 4
    endloop
  endfacet
  facet normal 0 0 1
    outer loop
      vertex 81.68842729970326 60.18694362017804 4
      vertex 101.68 50.8425 4
      vertex 141.10756443470177 50.1425 4
    endloop
  endfacet
  facet normal 0 0 1
    outer loop
      vertex 103.21073372946037 49.538018130045145 4
      vertex 140.78926627053963 49.538018130045145 4
      vertex 103.0706220655203 49.58557963108604 4
    endloop
  endfacet
  facet normal 0 0 1
    outer loop
      vertex 140.78926627053963 49.538018130045145 4
      vertex 103.06802280592333 49.62523666910808 4
      vertex 103.0706220655203 49.58557963108604 4
    endloop
  endfacet
  facet normal 0 0 1
    outer loop
      vertex 103.06802280592333 49.62523666910808 4
      vertex 140.9677038431953 49.80484666314353 4
      vertex 103.0322961568047 49.80484666314353 4
    endloop
  endfacet
  facet normal 0 0 1
    outer loop
      vertex 103.0322961568047 49.80484666314353 4
      vertex 141.02656865448418 49.978256805311126 4
      vertex 102.9734313455158 49.978256805311126 4
    endloop
  endfacet
  facet normal 0 0 1
    outer loop
      vertex 141.10756443470177 50.1425 4
      vertex 101.68 50.8425 4
      vertex 101.86273666910807 50.83052280592334 4
    endloop
  endfacet
  facet normal 0 0 1
    outer loop
      vertex 141.10756443470177 50.1425 4
      vertex 101.86273666910807 50.83052280592334 4
      vertex 102.04234666314353 50.79479615680469 4
    endloop
  endfacet
  facet normal 0 0 1
    outer loop
      vertex 141.10756443470177 50.1425 4
      vertex 102.21575680531113 50.7359313455158 4
      vertex 102.38000000000001 50.65493556529822 4
    endloop
  endfacet
  facet normal 0 0 1
    outer loop
      vertex 141.10756443470177 50.1425 4
      vertex 102.04234666314353 50.79479615680469 4
      vertex 102.21575680531113 50.7359313455158 4
    endloop
  endfacet
  facet normal 0 0 1
    outer loop
      vertex 141.10756443470177 50.1425 4
      vertex 102.89243556529821 50.1425 4
      vertex 102.9734313455158 49.978256805311126 4
    endloop
  endfacet
  facet normal 0 0 1
    outer loop
      vertex 141.10756443470177 50.1425 4
      vertex 102.79069467640774 50.29476600061221 4
      vertex 102.89243556529821 50.1425 4
    endloop
  endfacet
  facet normal 0 0 1
    outer loop
      vertex 141.10756443470177 50.1425 4
      vertex 102.66994949366118 50.43244949366117 4
      vertex 102.79069467640774 50.29476600061221 4
    endloop
  endfacet
  facet normal 0 0 1
    outer loop
      vertex 141.10756443470177 50.1425 4
      vertex 102.53226600061221 50.55319467640773 4
      vertex 102.66994949366118 50.43244949366117 4
    endloop
  endfacet
  facet normal 0 0 1
    outer loop
      vertex 141.10756443470177 50.1425 4
      vertex 102.38000000000001 50.65493556529822 4
      vertex 102.53226600061221 50.55319467640773 4
    endloop
  endfacet
  facet normal 0 0 1
    outer loop
      vertex 81.68842729970326 60.18694362017804 4
      vertex 141.10756443470177 50.1425 4
      vertex 141.20930532359228 50.29476600061221 4
    endloop
  endfacet
  facet normal 0 0 1
    outer loop
      vertex 81.68842729970326 60.18694362017804 4
      vertex 141.20930532359228 50.29476600061221 4
      vertex 141.33005050633884 50.43244949366117 4
    endloop
  endfacet
  facet normal 0 0 1
    outer loop
      vertex 81.68842729970326 60.18694362017804 4
      vertex 141.33005050633884 50.43244949366117 4
      vertex 141.46773399938778 50.55319467640773 4
    endloop
  endfacet
  facet normal 0 0 1
    outer loop
      vertex 81.68842729970326 60.18694362017804 4
      vertex 141.46773399938778 50.55319467640773 4
      vertex 141.62 50.65493556529822 4
    endloop
  endfacet
  facet normal 0 0 1
    outer loop
      vertex 81.68842729970326 60.18694362017804 4
      vertex 141.62 50.65493556529822 4
      vertex 141.78424319468886 50.7359313455158 4
    endloop
  endfacet
  facet normal 0 0 1
    outer loop
      vertex 81.68842729970326 60.18694362017804 4
      vertex 141.78424319468886 50.7359313455158 4
      vertex 141.95765333685645 50.79479615680469 4
    endloop
  endfacet
  facet normal 0 0 1
    outer loop
      vertex 81.68842729970326 60.18694362017804 4
      vertex 141.95765333685645 50.79479615680469 4
      vertex 142.13726333089193 50.83052280592334 4
    endloop
  endfacet
  facet normal 0 0 -1
    outer loop
      vertex 82 12 0
      vertex 142.50273666910806 21.169477194076663 0
      vertex 172 8.89655172413793 0
    endloop
  endfacet
  facet normal 0 0 -1
    outer loop
      vertex 172 8.89655172413793 0
      vertex 142.50273666910806 21.169477194076663 0
      vertex 142.68234666314353 21.205203843195303 0
    endloop
  endfacet
  facet normal 0 0 -1
    outer loop
      vertex 172 8.89655172413793 0
      vertex 142.68234666314353 21.205203843195303 0
      vertex 142.85575680531113 21.2640686544842 0
    endloop
  endfacet
  facet normal 0 0 -1
    outer loop
      vertex 172 8.89655172413793 0
      vertex 142.85575680531113 21.2640686544842 0
      vertex 143.01999999999998 21.345064434701783 0
    endloop
  endfacet
  facet normal 0 0 -1
    outer loop
      vertex 172 8.89655172413793 0
      vertex 143.01999999999998 21.345064434701783 0
      vertex 143.1722660006122 21.44680532359227 0
    endloop
  endfacet
  facet normal 0 0 -1
    outer loop
      vertex 172 8.89655172413793 0
      vertex 143.1722660006122 21.44680532359227 0
      vertex 143.30994949366115 21.567550506338833 0
    endloop
  endfacet
  facet normal 0 0 -1
    outer loop
      vertex 172 8.89655172413793 0
      vertex 143.30994949366115 21.567550506338833 0
      vertex 143.4306946764077 21.70523399938779 0
    endloop
  endfacet
  facet normal 0 0 -1
    outer loop
      vertex 172 8.89655172413793 0
      vertex 143.4306946764077 21.70523399938779 0
      vertex 143.53243556529821 21.857499999999998 0
    endloop
  endfacet
  facet normal 0 0 -1
    outer loop
      vertex 172 8.89655172413793 0
      vertex 143.53243556529821 21.857499999999998 0
      vertex 143.6134313455158 22.021743194688874 0
    endloop
  endfacet
  facet normal 0 0 -1
    outer loop
      vertex 172 8.89655172413793 0
      vertex 143.6134313455158 22.021743194688874 0
      vertex 143.6722961568047 22.19515333685647 0
    endloop
  endfacet
  facet normal 0 0 -1
    outer loop
      vertex 172 8.89655172413793 0
      vertex 143.6722961568047 22.19515333685647 0
      vertex 143.70802280592332 22.374763330891927 0
    endloop
  endfacet
  facet normal 0 0 -1
    outer loop
      vertex 172 8.89655172413793 0
      vertex 143.70802280592332 22.374763330891927 0
      vertex 143.72 22.557499999999997 0
    endloop
  endfacet
  facet normal 0 0 -1
    outer loop
      vertex 172 8.89655172413793 0
      vertex 143.72 29.7575 0
      vertex 172 12 0
    endloop
  endfacet
  facet normal 0 0 -1
    outer loop
      vertex 82 12 0
      vertex 142.13726333089193 21.169477194076663 0
      vertex 142.32 21.1575 0
    endloop
  endfacet
  facet normal 0 0 -1
    outer loop
      vertex 82 12 0
      vertex 142.32 21.1575 0
      vertex 142.50273666910806 21.169477194076663 0
    endloop
  endfacet
  facet normal 0 0 -1
    outer loop
      vertex 102.21575680531113 21.2640686544842 0
      vertex 141.78424319468886 21.2640686544842 0
      vertex 141.95765333685645 21.205203843195303 0
    endloop
  endfacet
  facet normal 0 0 -1
    outer loop
      vertex 102.38000000000001 21.345064434701783 0
      vertex 141.62 21.345064434701783 0
      vertex 141.78424319468886 21.2640686544842 0
    endloop
  endfacet
  facet normal 0 0 -1
    outer loop
      vertex 102.04234666314353 21.205203843195303 0
      vertex 141.95765333685645 21.205203843195303 0
      vertex 142.13726333089193 21.169477194076663 0
    endloop
  endfacet
  facet normal 0 0 -1
    outer loop
      vertex 102.53226600061221 21.44680532359227 0
      vertex 141.46773399938778 21.44680532359227 0
      vertex 141.62 21.345064434701783 0
    endloop
  endfacet
  facet normal 0 0 -1
    outer loop
      vertex 102.66994949366118 21.567550506338833 0
      vertex 141.33005050633884 21.567550506338833 0
      vertex 141.46773399938778 21.44680532359227 0
    endloop
  endfacet
  facet normal 0 0 -1
    outer loop
      vertex 102.79069467640774 21.70523399938779 0
      vertex 141.20930532359228 21.70523399938779 0
      vertex 141.33005050633884 21.567550506338833 0
    endloop
  endfacet
  facet normal 0 0 -1
    outer loop
      vertex 102.89243556529821 21.857499999999998 0
      vertex 141.10756443470177 21.857499999999998 0
      vertex 141.20930532359228 21.70523399938779 0
    endloop
  endfacet
  facet normal 0 0 -1
    outer loop
      vertex 102.9734313455158 22.021743194688874 0
      vertex 141.02656865448418 22.021743194688874 0
      vertex 141.10756443470177 21.857499999999998 0
    endloop
  endfacet
  facet normal 0 0 -1
    outer loop
      vertex 102.9734313455158 22.021743194688874 0
      vertex 140.9677038431953 22.19515333685647 0
      vertex 141.02656865448418 22.021743194688874 0
    endloop
  endfacet
  facet normal 0 0 -1
    outer loop
      vertex 102.9734313455158 22.021743194688874 0
      vertex 140.93197719407667 22.374763330891927 0
      vertex 140.9677038431953 22.19515333685647 0
    endloop
  endfacet
  facet normal 0 0 -1
    outer loop
      vertex 102.9734313455158 22.021743194688874 0
      vertex 140.92 22.557499999999997 0
      vertex 140.93197719407667 22.374763330891927 0
    endloop
  endfacet
  facet normal 0 0 -1
    outer loop
      vertex 134.5 30 0
      vertex 140.92 22.557499999999997 0
      vertex 102.9734313455158 22.021743194688874 0
    endloop
  endfacet
  facet normal 0 0 -1
    outer loop
      vertex 134.5 30 0
      vertex 140.92 29.7575 0
      vertex 140.92 22.557499999999997 0
    endloop
  endfacet
  facet normal 0 0 -1
    outer loop
      vertex 134.5 30 0
      vertex 140.93197719407667 29.94023666910807 0
      vertex 140.92 29.7575 0
    endloop
  endfacet
  facet normal 0 0 -1
    outer loop
      vertex 134.5 30 0
      vertex 140.94386485970688 30 0
      vertex 140.93197719407667 29.94023666910807 0
    endloop
  endfacet
  facet normal 0 0 -1
    outer loop
      vertex 144 30 0
      vertex 143.72 29.7575 0
      vertex 143.70802280592332 29.94023666910807 0
    endloop
  endfacet
  facet normal 0 0 -1
    outer loop
      vertex 144 30 0
      vertex 143.70802280592332 29.94023666910807 0
      vertex 143.6961351402931 30 0
    endloop
  endfacet
  facet normal 0 0 -1
    outer loop
      vertex 172 8.89655172413793 0
      vertex 143.72 22.557499999999997 0
      vertex 143.72 29.7575 0
    endloop
  endfacet
  facet normal 0 0 -1
    outer loop
      vertex 172 12 0
      vertex 143.72 29.7575 0
      vertex 144 30 0
    endloop
  endfacet
  facet normal 0 0 -1
    outer loop
      vertex 172 12 0
      vertex 144 30 0
      vertex 172 60 0
    endloop
  endfacet
  facet normal 1 0 0
    outer loop
      vertex 172 12 0
      vertex 172 60 0
      vertex 172 12 4
    endloop
  endfacet
  facet normal 0 0 1
    outer loop
      vertex 172 12 4
      vertex 101.68 21.1575 4
      vertex 101.49726333089194 21.169477194076663 4
    endloop
  endfacet
  facet normal 0 0 1
    outer loop
      vertex 172 12 4
      vertex 101.86273666910807 21.169477194076663 4
      vertex 101.68 21.1575 4
    endloop
  endfacet
  facet normal 0 0 1
    outer loop
      vertex 172 12 4
      vertex 102.04234666314353 21.205203843195303 4
      vertex 101.86273666910807 21.169477194076663 4
    endloop
  endfacet
  facet normal 0 0 1
    outer loop
      vertex 172 12 4
      vertex 102.38000000000001 21.345064434701783 4
      vertex 102.21575680531113 21.2640686544842 4
    endloop
  endfacet
  facet normal 0 0 1
    outer loop
      vertex 172 12 4
      vertex 102.21575680531113 21.2640686544842 4
      vertex 102.04234666314353 21.205203843195303 4
    endloop
  endfacet
  facet normal 0 0 1
    outer loop
      vertex 172 12 4
      vertex 102.53226600061221 21.44680532359227 4
      vertex 102.38000000000001 21.345064434701783 4
    endloop
  endfacet
  facet normal 0 0 1
    outer loop
      vertex 172 12 4
      vertex 102.66994949366118 21.567550506338833 4
      vertex 102.53226600061221 21.44680532359227 4
    endloop
  endfacet
  facet normal 0 0 1
    outer loop
      vertex 172 12 4
      vertex 102.79069467640774 21.70523399938779 4
      vertex 102.66994949366118 21.567550506338833 4
    endloop
  endfacet
  facet normal 0 0 1
    outer loop
      vertex 172 12 4
      vertex 102.89243556529821 21.857499999999998 4
      vertex 102.79069467640774 21.70523399938779 4
    endloop
  endfacet
  facet normal 0 0 1
    outer loop
      vertex 102.89243556529821 21.857499999999998 4
      vertex 141.62 21.345064434701783 4
      vertex 141.46773399938778 21.44680532359227 4
    endloop
  endfacet
  facet normal 0 0 1
    outer loop
      vertex 102.89243556529821 21.857499999999998 4
      vertex 141.46773399938778 21.44680532359227 4
      vertex 141.33005050633884 21.567550506338833 4
    endloop
  endfacet
  facet normal 0 0 1
    outer loop
      vertex 102.89243556529821 21.857499999999998 4
      vertex 141.33005050633884 21.567550506338833 4
      vertex 141.20930532359228 21.70523399938779 4
    endloop
  endfacet
  facet normal 0 0 1
    outer loop
      vertex 102.89243556529821 21.857499999999998 4
      vertex 141.20930532359228 21.70523399938779 4
      vertex 141.10756443470177 21.857499999999998 4
    endloop
  endfacet
  facet normal 0 0 1
    outer loop
      vertex 102.89243556529821 21.857499999999998 4
      vertex 141.10756443470177 21.857499999999998 4
      vertex 141.02656865448418 22.021743194688874 4
    endloop
  endfacet
  facet normal 0 0 1
    outer loop
      vertex 102.89243556529821 21.857499999999998 4
      vertex 141.95765333685645 21.205203843195303 4
      vertex 141.78424319468886 21.2640686544842 4
    endloop
  endfacet
  facet normal 0 0 1
    outer loop
      vertex 102.89243556529821 21.857499999999998 4
      vertex 141.78424319468886 21.2640686544842 4
      vertex 141.62 21.345064434701783 4
    endloop
  endfacet
  facet normal 0 0 1
    outer loop
      vertex 102.89243556529821 21.857499999999998 4
      vertex 142.32 21.1575 4
      vertex 142.13726333089193 21.169477194076663 4
    endloop
  endfacet
  facet normal 0 0 1
    outer loop
      vertex 102.89243556529821 21.857499999999998 4
      vertex 142.13726333089193 21.169477194076663 4
      vertex 141.95765333685645 21.205203843195303 4
    endloop
  endfacet
  facet normal 0 0 1
    outer loop
      vertex 102.9734313455158 22.021743194688874 4
      vertex 141.02656865448418 22.021743194688874 4
      vertex 140.9677038431953 22.19515333685647 4
    endloop
  endfacet
  facet normal 0 0 1
    outer loop
      vertex 103.0322961568047 22.19515333685647 4
      vertex 140.9677038431953 22.19515333685647 4
      vertex 140.93197719407667 22.374763330891927 4
    endloop
  endfacet
  facet normal 0 0 1
    outer loop
      vertex 103.21073372946037 22.46198186995485 4
      vertex 140.93197719407667 22.374763330891927 4
      vertex 140.9293779344797 22.41442036891396 4
    endloop
  endfacet
  facet normal 0 0 1
    outer loop
      vertex 103.21073372946037 22.46198186995485 4
      vertex 140.9293779344797 22.41442036891396 4
      vertex 140.78926627053963 22.46198186995485 4
    endloop
  endfacet
  facet normal 0 0 1
    outer loop
      vertex 103.68 22.693398384862245 4
      vertex 140.78926627053963 22.46198186995485 4
      vertex 140.32 22.693398384862245 4
    endloop
  endfacet
  facet normal 0 0 1
    outer loop
      vertex 103.68 22.693398384862245 4
      vertex 140.32 22.693398384862245 4
      vertex 139.8849542839651 22.98408663883506 4
    endloop
  endfacet
  facet normal 0 0 1
    outer loop
      vertex 104.50842712474619 23.329072875253807 4
      vertex 139.8849542839651 22.98408663883506 4
      vertex 139.4915728752538 23.329072875253807 4
    endloop
  endfacet
  facet normal 0 0 1
    outer loop
      vertex 104.85341336116495 23.722454283965117 4
      vertex 139.4915728752538 23.329072875253807 4
      vertex 139.14658663883506 23.722454283965117 4
    endloop
  endfacet
  facet normal 0 0 1
    outer loop
      vertex 104.85341336116495 23.722454283965117 4
      vertex 139.14658663883506 23.722454283965117 4
      vertex 138.85589838486223 24.1575 4
    endloop
  endfacet
  facet normal 0 0 1
    outer loop
      vertex 105.37551813004515 24.62676627053964 4
      vertex 138.85589838486223 24.1575 4
      vertex 138.62448186995485 24.62676627053964 4
    endloop
  endfacet
  facet normal 0 0 1
    outer loop
      vertex 105.54370330515628 25.122223819589916 4
      vertex 138.62448186995485 24.62676627053964 4
      vertex 138.45629669484373 25.122223819589916 4
    endloop
  endfacet
  facet normal 0 0 1
    outer loop
      vertex 105.64577944549525 25.635395231119794 4
      vertex 138.45629669484373 25.122223819589916 4
      vertex 138.35422055450476 25.635395231119794 4
    endloop
  endfacet
  facet normal 0 0 1
    outer loop
      vertex 105.64577944549525 25.635395231119794 4
      vertex 138.35422055450476 25.635395231119794 4
      vertex 138.32 26.1575 4
    endloop
  endfacet
  facet normal 0 0 1
    outer loop
      vertex 172 12 4
      vertex 142.32 21.1575 4
      vertex 102.89243556529821 21.857499999999998 4
    endloop
  endfacet
  facet normal 0 0 1
    outer loop
      vertex 172 12 4
      vertex 142.68234666314353 21.205203843195303 4
      vertex 142.50273666910806 21.169477194076663 4
    endloop
  endfacet
  facet normal 0 0 1
    outer loop
      vertex 172 12 4
      vertex 142.50273666910806 21.169477194076663 4
      vertex 142.32 21.1575 4
    endloop
  endfacet
  facet normal 0 0 1
    outer loop
      vertex 138.32 26.1575 4
      vertex 138.35422055450476 26.679604768880203 4
      vertex 105.18100866991747 30 4
    endloop
  endfacet
  facet normal 0 0 1
    outer loop
      vertex 138.35422055450476 26.679604768880203 4
      vertex 138.45629669484373 27.192776180410082 4
      vertex 105.18100866991747 30 4
    endloop
  endfacet
  facet normal 0 0 1
    outer loop
      vertex 138.45629669484373 27.192776180410082 4
      vertex 138.62448186995485 27.688233729460357 4
      vertex 105.18100866991747 30 4
    endloop
  endfacet
  facet normal 0 0 1
    outer loop
      vertex 138.62448186995485 27.688233729460357 4
      vertex 138.85589838486223 28.1575 4
      vertex 105.18100866991747 30 4
    endloop
  endfacet
  facet normal 0 0 1
    outer loop
      vertex 138.85589838486223 28.1575 4
      vertex 139.14658663883506 28.59254571603488 4
      vertex 105.18100866991747 30 4
    endloop
  endfacet
  facet normal 0 0 1
    outer loop
      vertex 139.14658663883506 28.59254571603488 4
      vertex 139.4915728752538 28.98592712474619 4
      vertex 105.18100866991747 30 4
    endloop
  endfacet
  facet normal 0 0 1
    outer loop
      vertex 139.4915728752538 28.98592712474619 4
      vertex 139.8849542839651 29.33091336116494 4
      vertex 105.18100866991747 30 4
    endloop
  endfacet
  facet normal 0 0 1
    outer loop
      vertex 139.8849542839651 29.33091336116494 4
      vertex 140.32 29.621601615137752 4
      vertex 105.18100866991747 30 4
    endloop
  endfacet
  facet normal 0 0 1
    outer loop
      vertex 140.32 29.621601615137752 4
      vertex 140.78926627053963 29.853018130045147 4
      vertex 105.18100866991747 30 4
    endloop
  endfacet
  facet normal 0 0 1
    outer loop
      vertex 140.78926627053963 29.853018130045147 4
      vertex 140.9293779344797 29.90057963108604 4
      vertex 105.18100866991747 30 4
    endloop
  endfacet
  facet normal 0 0 1
    outer loop
      vertex 140.9293779344797 29.90057963108604 4
      vertex 140.93197719407667 29.94023666910807 4
      vertex 105.18100866991747 30 4
    endloop
  endfacet
  facet normal 0 0 1
    outer loop
      vertex 105.18100866991747 30 4
      vertex 140.93197719407667 29.94023666910807 4
      vertex 140.94386485970688 30 4
    endloop
  endfacet
  facet normal 0 0 1
    outer loop
      vertex 143.85073372946036 29.853018130045147 4
      vertex 144 30 4
      vertex 143.71062206552028 29.90057963108604 4
    endloop
  endfacet
  facet normal 0 0 1
    outer loop
      vertex 144 30 4
      vertex 143.70802280592332 29.94023666910807 4
      vertex 143.71062206552028 29.90057963108604 4
    endloop
  endfacet
  facet normal 0 0 1
    outer loop
      vertex 144 30 4
      vertex 143.6961351402931 30 4
      vertex 143.70802280592332 29.94023666910807 4
    endloop
  endfacet
  facet normal 0 0 1
    outer loop
      vertex 144.32 29.621601615137752 4
      vertex 144 30 4
      vertex 143.85073372946036 29.853018130045147 4
    endloop
  endfacet
  facet normal 0 0 1
    outer loop
      vertex 144.32 29.621601615137752 4
      vertex 144.32 42.378398384862244 4
      vertex 144 30 4
    endloop
  endfacet
  facet normal 0 0 1
    outer loop
      vertex 144.75504571603489 29.33091336116494 4
      vertex 144.75504571603489 42.66908663883506 4
      vertex 144.32 29.621601615137752 4
    endloop
  endfacet
  facet normal 0 0 1
    outer loop
      vertex 146.32 26.1575 4
      vertex 146.28577944549522 45.3203952311198 4
      vertex 146.28577944549522 26.679604768880203 4
    endloop
  endfacet
  facet normal 0 0 1
    outer loop
      vertex 146.28577944549522 26.679604768880203 4
      vertex 146.18370330515626 44.80722381958992 4
      vertex 146.18370330515626 27.192776180410082 4
    endloop
  endfacet
  facet normal 0 0 1
    outer loop
      vertex 146.18370330515626 27.192776180410082 4
      vertex 146.01551813004514 44.31176627053964 4
      vertex 146.01551813004514 27.688233729460357 4
    endloop
  endfacet
  facet normal 0 0 1
    outer loop
      vertex 145.78410161513776 28.1575 4
      vertex 145.78410161513776 43.8425 4
      vertex 145.49341336116493 28.59254571603488 4
    endloop
  endfacet
  facet normal 0 0 1
    outer loop
      vertex 145.49341336116493 28.59254571603488 4
      vertex 145.49341336116493 43.407454283965116 4
      vertex 145.14842712474618 28.98592712474619 4
    endloop
  endfacet
  facet normal 0 0 1
    outer loop
      vertex 146.01551813004514 27.688233729460357 4
      vertex 146.01551813004514 44.31176627053964 4
      vertex 145.78410161513776 28.1575 4
    endloop
  endfacet
  facet normal 0 0 1
    outer loop
      vertex 144.75504571603489 29.33091336116494 4
      vertex 145.14842712474618 28.98592712474619 4
      vertex 145.14842712474618 43.01407287525381 4
    endloop
  endfacet
  facet normal 0 0 1
    outer loop
      vertex 172 12 4
      vertex 143.01999999999998 21.345064434701783 4
      vertex 142.85575680531113 21.2640686544842 4
    endloop
  endfacet
  facet normal 0 0 1
    outer loop
      vertex 172 12 4
      vertex 142.85575680531113 21.2640686544842 4
      vertex 142.68234666314353 21.205203843195303 4
    endloop
  endfacet
  facet normal 0 0 1
    outer loop
      vertex 172 12 4
      vertex 143.1722660006122 21.44680532359227 4
      vertex 143.01999999999998 21.345064434701783 4
    endloop
  endfacet
  facet normal 0 0 1
    outer loop
      vertex 172 12 4
      vertex 143.30994949366115 21.567550506338833 4
      vertex 143.1722660006122 21.44680532359227 4
    endloop
  endfacet
  facet normal 0 0 1
    outer loop
      vertex 172 12 4
      vertex 143.4306946764077 21.70523399938779 4
      vertex 143.30994949366115 21.567550506338833 4
    endloop
  endfacet
  facet normal 0 0 1
    outer loop
      vertex 172 12 4
      vertex 143.53243556529821 21.857499999999998 4
      vertex 143.4306946764077 21.70523399938779 4
    endloop
  endfacet
  facet normal 0 0 1
    outer loop
      vertex 172 12 4
      vertex 143.6134313455158 22.021743194688874 4
      vertex 143.53243556529821 21.857499999999998 4
    endloop
  endfacet
  facet normal 0 0 1
    outer loop
      vertex 172 12 4
      vertex 143.6722961568047 22.19515333685647 4
      vertex 143.6134313455158 22.021743194688874 4
    endloop
  endfacet
  facet normal 0 0 1
    outer loop
      vertex 172 12 4
      vertex 143.70802280592332 22.374763330891927 4
      vertex 143.6722961568047 22.19515333685647 4
    endloop
  endfacet
  facet normal 0 0 1
    outer loop
      vertex 172 12 4
      vertex 143.71062206552028 22.41442036891396 4
      vertex 143.70802280592332 22.374763330891927 4
    endloop
  endfacet
  facet normal 0 0 1
    outer loop
      vertex 172 12 4
      vertex 143.85073372946036 22.46198186995485 4
      vertex 143.71062206552028 22.41442036891396 4
    endloop
  endfacet
  facet normal 0 0 1
    outer loop
      vertex 172 12 4
      vertex 144.32 22.693398384862245 4
      vertex 143.85073372946036 22.46198186995485 4
    endloop
  endfacet
  facet normal 0 0 1
    outer loop
      vertex 172 12 4
      vertex 144.75504571603489 22.98408663883506 4
      vertex 144.32 22.693398384862245 4
    endloop
  endfacet
  facet normal 0 0 1
    outer loop
      vertex 172 12 4
      vertex 145.14842712474618 23.329072875253807 4
      vertex 144.75504571603489 22.98408663883506 4
    endloop
  endfacet
  facet normal 0 0 1
    outer loop
      vertex 172 12 4
      vertex 145.49341336116493 23.722454283965117 4
      vertex 145.14842712474618 23.329072875253807 4
    endloop
  endfacet
  facet normal 0 0 1
    outer loop
      vertex 172 12 4
      vertex 145.78410161513776 24.1575 4
      vertex 145.49341336116493 23.722454283965117 4
    endloop
  endfacet
  facet normal 0 0 1
    outer loop
      vertex 172 12 4
      vertex 146.01551813004514 24.62676627053964 4
      vertex 145.78410161513776 24.1575 4
    endloop
  endfacet
  facet normal 0 0 1
    outer loop
      vertex 172 12 4
      vertex 146.18370330515626 25.122223819589916 4
      vertex 146.01551813004514 24.62676627053964 4
    endloop
  endfacet
  facet normal 0 0 1
    outer loop
      vertex 172 12 4
      vertex 146.28577944549522 25.635395231119794 4
      vertex 146.18370330515626 25.122223819589916 4
    endloop
  endfacet
  facet normal 0 0 1
    outer loop
      vertex 172 12 4
      vertex 146.32 26.1575 4
      vertex 146.28577944549522 25.635395231119794 4
    endloop
  endfacet
  facet normal 0 0 1
    outer loop
      vertex 172 12 4
      vertex 172 60 4
      vertex 146.32 26.1575 4
    endloop
  endfacet
  facet normal 0 0 -1
    outer loop
      vertex 107.22267206477734 42 0
      vertex 140.93197719407667 42.059763330891926 0
      vertex 140.94386485970688 42 0
    endloop
  endfacet
  facet normal 0 0 -1
    outer loop
      vertex 107.22267206477734 42 0
      vertex 140.92 42.2425 0
      vertex 140.93197719407667 42.059763330891926 0
    endloop
  endfacet
  facet normal 0 0 -1
    outer loop
      vertex 107.22267206477734 42 0
      vertex 140.92 49.4425 0
      vertex 140.92 42.2425 0
    endloop
  endfacet
  facet normal 0 0 -1
    outer loop
      vertex 143.70802280592332 42.059763330891926 0
      vertex 144 42 0
      vertex 143.6961351402931 42 0
    endloop
  endfacet
  facet normal 0 0 -1
    outer loop
      vertex 144 42 0
      vertex 143.70802280592332 42.059763330891926 0
      vertex 143.72 42.2425 0
    endloop
  endfacet
  facet normal 0 0 -1
    outer loop
      vertex 144 42 0
      vertex 143.72 42.2425 0
      vertex 143.72 49.4425 0
    endloop
  endfacet
  facet normal 0 0 -1
    outer loop
      vertex 107.22267206477734 42 0
      vertex 140.93197719407667 49.62523666910808 0
      vertex 140.92 49.4425 0
    endloop
  endfacet
  facet normal 0 0 -1
    outer loop
      vertex 107.22267206477734 42 0
      vertex 140.9677038431953 49.80484666314353 0
      vertex 140.93197719407667 49.62523666910808 0
    endloop
  endfacet
  facet normal 0 0 -1
    outer loop
      vertex 102.9734313455158 49.978256805311126 0
      vertex 141.02656865448418 49.978256805311126 0
      vertex 140.9677038431953 49.80484666314353 0
    endloop
  endfacet
  facet normal 0 0 -1
    outer loop
      vertex 102.89243556529821 50.1425 0
      vertex 141.10756443470177 50.1425 0
      vertex 141.02656865448418 49.978256805311126 0
    endloop
  endfacet
  facet normal 0 0 -1
    outer loop
      vertex 102.79069467640774 50.29476600061221 0
      vertex 141.20930532359228 50.29476600061221 0
      vertex 141.10756443470177 50.1425 0
    endloop
  endfacet
  facet normal 0 0 -1
    outer loop
      vertex 102.66994949366118 50.43244949366117 0
      vertex 141.33005050633884 50.43244949366117 0
      vertex 141.20930532359228 50.29476600061221 0
    endloop
  endfacet
  facet normal 0 0 -1
    outer loop
      vertex 102.53226600061221 50.55319467640773 0
      vertex 141.46773399938778 50.55319467640773 0
      vertex 141.33005050633884 50.43244949366117 0
    endloop
  endfacet
  facet normal 0 0 -1
    outer loop
      vertex 102.38000000000001 50.65493556529822 0
      vertex 141.62 50.65493556529822 0
      vertex 141.46773399938778 50.55319467640773 0
    endloop
  endfacet
  facet normal 0 0 -1
    outer loop
      vertex 102.21575680531113 50.7359313455158 0
      vertex 141.78424319468886 50.7359313455158 0
      vertex 141.62 50.65493556529822 0
    endloop
  endfacet
  facet normal 0 0 -1
    outer loop
      vertex 102.04234666314353 50.79479615680469 0
      vertex 141.95765333685645 50.79479615680469 0
      vertex 141.78424319468886 50.7359313455158 0
    endloop
  endfacet
  facet normal 0 0 -1
    outer loop
      vertex 101.86273666910807 50.83052280592334 0
      vertex 142.13726333089193 50.83052280592334 0
      vertex 141.95765333685645 50.79479615680469 0
    endloop
  endfacet
  facet normal 0 0 -1
    outer loop
      vertex 101.68 50.8425 0
      vertex 142.32 50.8425 0
      vertex 142.13726333089193 50.83052280592334 0
    endloop
  endfacet
  facet normal 0 0 -1
    outer loop
      vertex 172 60 0
      vertex 142.68234666314353 50.79479615680469 0
      vertex 142.50273666910806 50.83052280592334 0
    endloop
  endfacet
  facet normal 0 0 -1
    outer loop
      vertex 172 60 0
      vertex 142.50273666910806 50.83052280592334 0
      vertex 142.32 50.8425 0
    endloop
  endfacet
  facet normal 0 0 -1
    outer loop
      vertex 172 60 0
      vertex 144 30 0
      vertex 144 42 0
    endloop
  endfacet
  facet normal 0 0 -1
    outer loop
      vertex 172 60 0
      vertex 144 42 0
      vertex 143.72 49.4425 0
    endloop
  endfacet
  facet normal 0 0 -1
    outer loop
      vertex 172 60 0
      vertex 143.72 49.4425 0
      vertex 143.70802280592332 49.62523666910808 0
    endloop
  endfacet
  facet normal 0 0 -1
    outer loop
      vertex 172 60 0
      vertex 143.70802280592332 49.62523666910808 0
      vertex 143.6722961568047 49.80484666314353 0
    endloop
  endfacet
  facet normal 0 0 -1
    outer loop
      vertex 172 60 0
      vertex 143.6722961568047 49.80484666314353 0
      vertex 143.6134313455158 49.978256805311126 0
    endloop
  endfacet
  facet normal 0 0 -1
    outer loop
      vertex 172 60 0
      vertex 143.6134313455158 49.978256805311126 0
      vertex 143.53243556529821 50.1425 0
    endloop
  endfacet
  facet normal 0 0 -1
    outer loop
      vertex 172 60 0
      vertex 143.4306946764077 50.29476600061221 0
      vertex 143.30994949366115 50.43244949366117 0
    endloop
  endfacet
  facet normal 0 0 -1
    outer loop
      vertex 172 60 0
      vertex 143.30994949366115 50.43244949366117 0
      vertex 143.1722660006122 50.55319467640773 0
    endloop
  endfacet
  facet normal 0 0 -1
    outer loop
      vertex 172 60 0
      vertex 143.53243556529821 50.1425 0
      vertex 143.4306946764077 50.29476600061221 0
    endloop
  endfacet
  facet normal 0 0 -1
    outer loop
      vertex 172 60 0
      vertex 143.1722660006122 50.55319467640773 0
      vertex 143.01999999999998 50.65493556529822 0
    endloop
  endfacet
  facet normal 0 0 -1
    outer loop
      vertex 172 60 0
      vertex 143.01999999999998 50.65493556529822 0
      vertex 142.85575680531113 50.7359313455158 0
    endloop
  endfacet
  facet normal 0 0 -1
    outer loop
      vertex 172 60 0
      vertex 142.85575680531113 50.7359313455158 0
      vertex 142.68234666314353 50.79479615680469 0
    endloop
  endfacet
  facet normal 0 0 1
    outer loop
      vertex 105.54370330515628 46.87777618041008 4
      vertex 140.78926627053963 42 4
      vertex 140.78926627053963 42.14698186995486 4
    endloop
  endfacet
  facet normal 0 0 1
    outer loop
      vertex 105.54370330515628 46.87777618041008 4
      vertex 140.78926627053963 42.14698186995486 4
      vertex 140.32 42.378398384862244 4
    endloop
  endfacet
  facet normal 0 0 1
    outer loop
      vertex 105.54370330515628 46.87777618041008 4
      vertex 140.32 42.378398384862244 4
      vertex 139.8849542839651 42.66908663883506 4
    endloop
  endfacet
  facet normal 0 0 1
    outer loop
      vertex 105.54370330515628 46.87777618041008 4
      vertex 139.4915728752538 43.01407287525381 4
      vertex 139.14658663883506 43.407454283965116 4
    endloop
  endfacet
  facet normal 0 0 1
    outer loop
      vertex 105.54370330515628 46.87777618041008 4
      vertex 139.8849542839651 42.66908663883506 4
      vertex 139.4915728752538 43.01407287525381 4
    endloop
  endfacet
  facet normal 0 0 1
    outer loop
      vertex 105.54370330515628 46.87777618041008 4
      vertex 139.14658663883506 43.407454283965116 4
      vertex 138.85589838486223 43.8425 4
    endloop
  endfacet
  facet normal 0 0 1
    outer loop
      vertex 144.32 42.378398384862244 4
      vertex 144 42 4
      vertex 144 30 4
    endloop
  endfacet
  facet normal 0 0 1
    outer loop
      vertex 144.32 29.621601615137752 4
      vertex 144.75504571603489 42.66908663883506 4
      vertex 144.32 42.378398384862244 4
    endloop
  endfacet
  facet normal 0 0 1
    outer loop
      vertex 144.75504571603489 29.33091336116494 4
      vertex 145.14842712474618 43.01407287525381 4
      vertex 144.75504571603489 42.66908663883506 4
    endloop
  endfacet
  facet normal 0 0 1
    outer loop
      vertex 145.14842712474618 28.98592712474619 4
      vertex 145.49341336116493 43.407454283965116 4
      vertex 145.14842712474618 43.01407287525381 4
    endloop
  endfacet
  facet normal 0 0 1
    outer loop
      vertex 145.49341336116493 28.59254571603488 4
      vertex 145.78410161513776 43.8425 4
      vertex 145.49341336116493 43.407454283965116 4
    endloop
  endfacet
  facet normal 0 0 1
    outer loop
      vertex 145.78410161513776 28.1575 4
      vertex 146.01551813004514 44.31176627053964 4
      vertex 145.78410161513776 43.8425 4
    endloop
  endfacet
  facet normal 0 0 1
    outer loop
      vertex 146.18370330515626 27.192776180410082 4
      vertex 146.18370330515626 44.80722381958992 4
      vertex 146.01551813004514 44.31176627053964 4
    endloop
  endfacet
  facet normal 0 0 1
    outer loop
      vertex 146.28577944549522 26.679604768880203 4
      vertex 146.28577944549522 45.3203952311198 4
      vertex 146.18370330515626 44.80722381958992 4
    endloop
  endfacet
  facet normal 0 0 1
    outer loop
      vertex 140.78926627053963 42 4
      vertex 140.94386485970688 42 4
      vertex 140.93197719407667 42.059763330891926 4
    endloop
  endfacet
  facet normal 0 0 1
    outer loop
      vertex 140.78926627053963 42.14698186995486 4
      vertex 140.78926627053963 42 4
      vertex 140.9293779344797 42.09942036891396 4
    endloop
  endfacet
  facet normal 0 0 1
    outer loop
      vertex 140.78926627053963 42 4
      vertex 140.93197719407667 42.059763330891926 4
      vertex 140.9293779344797 42.09942036891396 4
    endloop
  endfacet
  facet normal 0 0 1
    outer loop
      vertex 143.6961351402931 42 4
      vertex 144 42 4
      vertex 143.70802280592332 42.059763330891926 4
    endloop
  endfacet
  facet normal 0 0 1
    outer loop
      vertex 143.85073372946036 42.14698186995486 4
      vertex 143.71062206552028 42.09942036891396 4
      vertex 144 42 4
    endloop
  endfacet
  facet normal 0 0 1
    outer loop
      vertex 144 42 4
      vertex 143.71062206552028 42.09942036891396 4
      vertex 143.70802280592332 42.059763330891926 4
    endloop
  endfacet
  facet normal 0 0 1
    outer loop
      vertex 143.85073372946036 42.14698186995486 4
      vertex 144 42 4
      vertex 144.32 42.378398384862244 4
    endloop
  endfacet
  facet normal 0 0 1
    outer loop
      vertex 105.54370330515628 46.87777618041008 4
      vertex 138.85589838486223 43.8425 4
      vertex 138.62448186995485 44.31176627053964 4
    endloop
  endfacet
  facet normal 0 0 1
    outer loop
      vertex 105.54370330515628 46.87777618041008 4
      vertex 138.62448186995485 44.31176627053964 4
      vertex 138.45629669484373 44.80722381958992 4
    endloop
  endfacet
  facet normal 0 0 1
    outer loop
      vertex 105.54370330515628 46.87777618041008 4
      vertex 138.45629669484373 44.80722381958992 4
      vertex 138.35422055450476 45.3203952311198 4
    endloop
  endfacet
  facet normal 0 0 1
    outer loop
      vertex 105.54370330515628 46.87777618041008 4
      vertex 138.35422055450476 45.3203952311198 4
      vertex 138.32 45.8425 4
    endloop
  endfacet
  facet normal 0 0 1
    outer loop
      vertex 105.54370330515628 46.87777618041008 4
      vertex 138.32 45.8425 4
      vertex 138.35422055450476 46.364604768880206 4
    endloop
  endfacet
  facet normal 0 0 1
    outer loop
      vertex 105.54370330515628 46.87777618041008 4
      vertex 138.35422055450476 46.364604768880206 4
      vertex 138.45629669484373 46.87777618041008 4
    endloop
  endfacet
  facet normal 0 0 1
    outer loop
      vertex 105.54370330515628 46.87777618041008 4
      vertex 138.45629669484373 46.87777618041008 4
      vertex 138.62448186995485 47.37323372946036 4
    endloop
  endfacet
  facet normal 0 0 1
    outer loop
      vertex 105.37551813004515 47.37323372946036 4
      vertex 138.62448186995485 47.37323372946036 4
      vertex 138.85589838486223 47.8425 4
    endloop
  endfacet
  facet normal 0 0 1
    outer loop
      vertex 104.85341336116495 48.277545716034886 4
      vertex 138.85589838486223 47.8425 4
      vertex 139.14658663883506 48.277545716034886 4
    endloop
  endfacet
  facet normal 0 0 1
    outer loop
      vertex 104.85341336116495 48.277545716034886 4
      vertex 139.14658663883506 48.277545716034886 4
      vertex 139.4915728752538 48.67092712474619 4
    endloop
  endfacet
  facet normal 0 0 1
    outer loop
      vertex 104.50842712474619 48.67092712474619 4
      vertex 139.4915728752538 48.67092712474619 4
      vertex 139.8849542839651 49.01591336116494 4
    endloop
  endfacet
  facet normal 0 0 1
    outer loop
      vertex 103.68 49.30660161513776 4
      vertex 139.8849542839651 49.01591336116494 4
      vertex 140.32 49.30660161513776 4
    endloop
  endfacet
  facet normal 0 0 1
    outer loop
      vertex 103.21073372946037 49.538018130045145 4
      vertex 140.32 49.30660161513776 4
      vertex 140.78926627053963 49.538018130045145 4
    endloop
  endfacet
  facet normal 0 0 1
    outer loop
      vertex 103.06802280592333 49.62523666910808 4
      vertex 140.9293779344797 49.58557963108604 4
      vertex 140.93197719407667 49.62523666910808 4
    endloop
  endfacet
  facet normal 0 0 1
    outer loop
      vertex 140.78926627053963 49.538018130045145 4
      vertex 140.9293779344797 49.58557963108604 4
      vertex 103.06802280592333 49.62523666910808 4
    endloop
  endfacet
  facet normal 0 0 1
    outer loop
      vertex 103.06802280592333 49.62523666910808 4
      vertex 140.93197719407667 49.62523666910808 4
      vertex 140.9677038431953 49.80484666314353 4
    endloop
  endfacet
  facet normal 0 0 1
    outer loop
      vertex 103.0322961568047 49.80484666314353 4
      vertex 140.9677038431953 49.80484666314353 4
      vertex 141.02656865448418 49.978256805311126 4
    endloop
  endfacet
  facet normal 0 0 1
    outer loop
      vertex 102.9734313455158 49.978256805311126 4
      vertex 141.02656865448418 49.978256805311126 4
      vertex 141.10756443470177 50.1425 4
    endloop
  endfacet
  facet normal 0 0 1
    outer loop
      vertex 81.68842729970326 60.18694362017804 4
      vertex 142.32 50.8425 4
      vertex 142.50273666910806 50.83052280592334 4
    endloop
  endfacet
  facet normal 0 0 1
    outer loop
      vertex 81.68842729970326 60.18694362017804 4
      vertex 142.13726333089193 50.83052280592334 4
      vertex 142.32 50.8425 4
    endloop
  endfacet
  facet normal 0 0 1
    outer loop
      vertex 172 60 4
      vertex 142.50273666910806 50.83052280592334 4
      vertex 142.68234666314353 50.79479615680469 4
    endloop
  endfacet
  facet normal 1 0 0
    outer loop
      vertex 172 12 4
      vertex 172 60 0
      vertex 172 60 4
    endloop
  endfacet
  facet normal 0 0 1
    outer loop
      vertex 146.32 26.1575 4
      vertex 172 60 4
      vertex 146.28577944549522 45.3203952311198 4
    endloop
  endfacet
  facet normal 0 0 1
    outer loop
      vertex 146.28577944549522 45.3203952311198 4
      vertex 172 60 4
      vertex 146.32 45.8425 4
    endloop
  endfacet
  facet normal 0 0 1
    outer loop
      vertex 146.32 45.8425 4
      vertex 172 60 4
      vertex 146.28577944549522 46.364604768880206 4
    endloop
  endfacet
  facet normal 0 0 1
    outer loop
      vertex 146.28577944549522 46.364604768880206 4
      vertex 172 60 4
      vertex 146.18370330515626 46.87777618041008 4
    endloop
  endfacet
  facet normal 0 0 1
    outer loop
      vertex 146.18370330515626 46.87777618041008 4
      vertex 172 60 4
      vertex 146.01551813004514 47.37323372946036 4
    endloop
  endfacet
  facet normal 0 0 1
    outer loop
      vertex 146.01551813004514 47.37323372946036 4
      vertex 172 60 4
      vertex 145.78410161513776 47.8425 4
    endloop
  endfacet
  facet normal 0 0 1
    outer loop
      vertex 145.49341336116493 48.277545716034886 4
      vertex 172 60 4
      vertex 145.14842712474618 48.67092712474619 4
    endloop
  endfacet
  facet normal 0 0 1
    outer loop
      vertex 144.75504571603489 49.01591336116494 4
      vertex 145.14842712474618 48.67092712474619 4
      vertex 172 60 4
    endloop
  endfacet
  facet normal 0 0 1
    outer loop
      vertex 144.75504571603489 49.01591336116494 4
      vertex 172 60 4
      vertex 144.32 49.30660161513776 4
    endloop
  endfacet
  facet normal 0 0 1
    outer loop
      vertex 145.78410161513776 47.8425 4
      vertex 172 60 4
      vertex 145.49341336116493 48.277545716034886 4
    endloop
  endfacet
  facet normal 0 0 1
    outer loop
      vertex 144.32 49.30660161513776 4
      vertex 172 60 4
      vertex 143.85073372946036 49.538018130045145 4
    endloop
  endfacet
  facet normal 0 0 1
    outer loop
      vertex 172 60 4
      vertex 143.70802280592332 49.62523666910808 4
      vertex 143.71062206552028 49.58557963108604 4
    endloop
  endfacet
  facet normal 0 0 1
    outer loop
      vertex 143.85073372946036 49.538018130045145 4
      vertex 172 60 4
      vertex 143.71062206552028 49.58557963108604 4
    endloop
  endfacet
  facet normal 0 0 1
    outer loop
      vertex 172 60 4
      vertex 143.6722961568047 49.80484666314353 4
      vertex 143.70802280592332 49.62523666910808 4
    endloop
  endfacet
  facet normal 0 0 1
    outer loop
      vertex 172 60 4
      vertex 143.6134313455158 49.978256805311126 4
      vertex 143.6722961568047 49.80484666314353 4
    endloop
  endfacet
  facet normal 0 0 1
    outer loop
      vertex 172 60 4
      vertex 143.53243556529821 50.1425 4
      vertex 143.6134313455158 49.978256805311126 4
    endloop
  endfacet
  facet normal 0 0 1
    outer loop
      vertex 172 60 4
      vertex 143.30994949366115 50.43244949366117 4
      vertex 143.4306946764077 50.29476600061221 4
    endloop
  endfacet
  facet normal 0 0 1
    outer loop
      vertex 172 60 4
      vertex 143.1722660006122 50.55319467640773 4
      vertex 143.30994949366115 50.43244949366117 4
    endloop
  endfacet
  facet normal 0 0 1
    outer loop
      vertex 172 60 4
      vertex 143.4306946764077 50.29476600061221 4
      vertex 143.53243556529821 50.1425 4
    endloop
  endfacet
  facet normal 0 0 1
    outer loop
      vertex 172 60 4
      vertex 143.01999999999998 50.65493556529822 4
      vertex 143.1722660006122 50.55319467640773 4
    endloop
  endfacet
  facet normal 0 0 1
    outer loop
      vertex 172 60 4
      vertex 142.85575680531113 50.7359313455158 4
      vertex 143.01999999999998 50.65493556529822 4
    endloop
  endfacet
  facet normal 0 0 1
    outer loop
      vertex 172 60 4
      vertex 142.68234666314353 50.79479615680469 4
      vertex 142.85575680531113 50.7359313455158 4
    endloop
  endfacet
  facet normal 0 0 -1
    outer loop
      vertex 72 60 0
      vertex 172 60 0
      vertex 142.32 50.8425 0
    endloop
  endfacet
  facet normal 0 0 1
    outer loop
      vertex 81.68842729970326 60.18694362017804 4
      vertex 142.50273666910806 50.83052280592334 4
      vertex 172 60 4
    endloop
  endfacet
  facet normal 0.19509032201613147 0.9807852804032298 0
    outer loop
      vertex 101.31765333685648 21.205203843195303 4
      vertex 101.49726333089194 21.169477194076663 0
      vertex 101.31765333685648 21.205203843195303 0
    endloop
  endfacet
  facet normal 0.3214394653031667 0.9469301294951039 0
    outer loop
      vertex 101.14424319468888 21.2640686544842 4
      vertex 101.31765333685648 21.205203843195303 0
      vertex 101.14424319468888 21.2640686544842 0
    endloop
  endfacet
  facet normal 0.44228869021897815 0.8968727415326998 0
    outer loop
      vertex 100.98 21.345064434701783 4
      vertex 101.14424319468888 21.2640686544842 0
      vertex 100.98 21.345064434701783 0
    endloop
  endfacet
  facet normal -0.06540312923013708 0.997858923238604 0
    outer loop
      vertex 101.68 21.1575 4
      vertex 101.86273666910807 21.169477194076663 0
      vertex 101.68 21.1575 0
    endloop
  endfacet
  facet normal 0.06540312923013708 0.997858923238604 0
    outer loop
      vertex 101.49726333089194 21.169477194076663 4
      vertex 101.68 21.1575 0
      vertex 101.49726333089194 21.169477194076663 0
    endloop
  endfacet
  facet normal -0.19509032201613147 0.9807852804032298 0
    outer loop
      vertex 101.86273666910807 21.169477194076663 0
      vertex 101.86273666910807 21.169477194076663 4
      vertex 102.04234666314353 21.205203843195303 0
    endloop
  endfacet
  facet normal -0.3214394653031667 0.9469301294951039 0
    outer loop
      vertex 102.04234666314353 21.205203843195303 4
      vertex 102.21575680531113 21.2640686544842 0
      vertex 102.04234666314353 21.205203843195303 0
    endloop
  endfacet
  facet normal -0.44228869021897815 0.8968727415326998 0
    outer loop
      vertex 102.21575680531113 21.2640686544842 4
      vertex 102.38000000000001 21.345064434701783 0
      vertex 102.21575680531113 21.2640686544842 0
    endloop
  endfacet
  facet normal 0.5555702330196266 0.8314696123025288 0
    outer loop
      vertex 100.8277339993878 21.44680532359227 0
      vertex 100.8277339993878 21.44680532359227 4
      vertex 100.98 21.345064434701783 0
    endloop
  endfacet
  facet normal 0.6593458151000452 0.7518398074789983 0
    outer loop
      vertex 100.69005050633884 21.567550506338833 4
      vertex 100.8277339993878 21.44680532359227 0
      vertex 100.69005050633884 21.567550506338833 0
    endloop
  endfacet
  facet normal 0.8314696123025679 0.5555702330195685 0
    outer loop
      vertex 100.56930532359227 21.70523399938779 0
      vertex 100.4675644347018 21.857499999999998 0
      vertex 100.4675644347018 21.857499999999998 4
    endloop
  endfacet
  facet normal 0.7518398074789825 0.6593458151000631 0
    outer loop
      vertex 100.56930532359227 21.70523399938779 4
      vertex 100.69005050633884 21.567550506338833 0
      vertex 100.56930532359227 21.70523399938779 0
    endloop
  endfacet
  facet normal 0.8968727415326806 0.44228869021901707 0
    outer loop
      vertex 100.38656865448421 22.021743194688874 4
      vertex 100.4675644347018 21.857499999999998 0
      vertex 100.38656865448421 22.021743194688874 0
    endloop
  endfacet
  facet normal 0.946930129495098 0.3214394653031841 0
    outer loop
      vertex 100.38656865448421 22.021743194688874 0
      vertex 100.32770384319531 22.19515333685647 0
      vertex 100.32770384319531 22.19515333685647 4
    endloop
  endfacet
  facet normal 0.9807852804032401 0.1950903220160792 0
    outer loop
      vertex 100.32770384319531 22.19515333685647 0
      vertex 100.29197719407668 22.374763330891927 0
      vertex 100.29197719407668 22.374763330891927 4
    endloop
  endfacet
  facet normal -0.5555702330196266 0.8314696123025288 0
    outer loop
      vertex 102.38000000000001 21.345064434701783 4
      vertex 102.53226600061221 21.44680532359227 0
      vertex 102.38000000000001 21.345064434701783 0
    endloop
  endfacet
  facet normal -0.6593458151000452 0.7518398074789983 0
    outer loop
      vertex 102.53226600061221 21.44680532359227 0
      vertex 102.53226600061221 21.44680532359227 4
      vertex 102.66994949366118 21.567550506338833 0
    endloop
  endfacet
  facet normal -0.7518398074789825 0.6593458151000631 0
    outer loop
      vertex 102.66994949366118 21.567550506338833 4
      vertex 102.79069467640774 21.70523399938779 0
      vertex 102.66994949366118 21.567550506338833 0
    endloop
  endfacet
  facet normal -0.8314696123025679 0.5555702330195685 0
    outer loop
      vertex 102.79069467640774 21.70523399938779 4
      vertex 102.89243556529821 21.857499999999998 0
      vertex 102.79069467640774 21.70523399938779 0
    endloop
  endfacet
  facet normal -0.8968727415326806 0.44228869021901707 0
    outer loop
      vertex 102.89243556529821 21.857499999999998 4
      vertex 102.9734313455158 22.021743194688874 0
      vertex 102.89243556529821 21.857499999999998 0
    endloop
  endfacet
  facet normal -0.946930129495098 0.3214394653031841 0
    outer loop
      vertex 102.9734313455158 22.021743194688874 0
      vertex 102.9734313455158 22.021743194688874 4
      vertex 103.0322961568047 22.19515333685647 0
    endloop
  endfacet
  facet normal -0.9807852804032401 0.1950903220160792 0
    outer loop
      vertex 103.0322961568047 22.19515333685647 4
      vertex 103.06802280592333 22.374763330891927 0
      vertex 103.0322961568047 22.19515333685647 0
    endloop
  endfacet
  facet normal -0.997858923238599 0.06540312923021309 0
    outer loop
      vertex 103.06802280592333 22.374763330891927 0
      vertex 103.06802280592333 22.374763330891927 4
      vertex 103.08000000000001 22.557499999999997 0
    endloop
  endfacet
  facet normal 0.997858923238599 -0.06540312923021309 0
    outer loop
      vertex 100.29197719407668 29.94023666910807 0
      vertex 100.29197719407668 29.94023666910807 4
      vertex 100.28 29.7575 0
    endloop
  endfacet
  facet normal 0.9807852804032609 -0.19509032201597584 0
    outer loop
      vertex 100.30386485970688 30 0
      vertex 100.30386485970688 30 4
      vertex 100.29197719407668 29.94023666910807 0
    endloop
  endfacet
  facet normal -0.997858923238599 -0.06540312923021309 7.156327399326711e-17
    outer loop
      vertex 103.0706220655203 29.90057963108604 4
      vertex 103.06802280592333 29.94023666910807 0
      vertex 103.08000000000001 29.7575 0
    endloop
  endfacet
  facet normal -0.9807852804032609 -0.19509032201597584 0
    outer loop
      vertex 103.06802280592333 29.94023666910807 0
      vertex 103.06802280592333 29.94023666910807 4
      vertex 103.05613514029314 30 0
    endloop
  endfacet
  facet normal 0.3214394653031667 0.9469301294951039 0
    outer loop
      vertex 101.14424319468888 21.2640686544842 4
      vertex 101.31765333685648 21.205203843195303 4
      vertex 101.31765333685648 21.205203843195303 0
    endloop
  endfacet
  facet normal 0.19509032201613147 0.9807852804032298 0
    outer loop
      vertex 101.31765333685648 21.205203843195303 4
      vertex 101.49726333089194 21.169477194076663 4
      vertex 101.49726333089194 21.169477194076663 0
    endloop
  endfacet
  facet normal 0.44228869021897815 0.8968727415326998 0
    outer loop
      vertex 101.14424319468888 21.2640686544842 4
      vertex 101.14424319468888 21.2640686544842 0
      vertex 100.98 21.345064434701783 4
    endloop
  endfacet
  facet normal 0.06540312923013708 0.997858923238604 0
    outer loop
      vertex 101.68 21.1575 4
      vertex 101.68 21.1575 0
      vertex 101.49726333089194 21.169477194076663 4
    endloop
  endfacet
  facet normal -0.06540312923013708 0.997858923238604 0
    outer loop
      vertex 101.86273666910807 21.169477194076663 4
      vertex 101.86273666910807 21.169477194076663 0
      vertex 101.68 21.1575 4
    endloop
  endfacet
  facet normal -0.19509032201613147 0.9807852804032298 0
    outer loop
      vertex 101.86273666910807 21.169477194076663 4
      vertex 102.04234666314353 21.205203843195303 4
      vertex 102.04234666314353 21.205203843195303 0
    endloop
  endfacet
  facet normal -0.3214394653031667 0.9469301294951039 0
    outer loop
      vertex 102.04234666314353 21.205203843195303 4
      vertex 102.21575680531113 21.2640686544842 4
      vertex 102.21575680531113 21.2640686544842 0
    endloop
  endfacet
  facet normal -0.44228869021897815 0.8968727415326998 0
    outer loop
      vertex 102.21575680531113 21.2640686544842 4
      vertex 102.38000000000001 21.345064434701783 4
      vertex 102.38000000000001 21.345064434701783 0
    endloop
  endfacet
  facet normal 0.6593458151000452 0.7518398074789983 0
    outer loop
      vertex 100.8277339993878 21.44680532359227 4
      vertex 100.8277339993878 21.44680532359227 0
      vertex 100.69005050633884 21.567550506338833 4
    endloop
  endfacet
  facet normal 0.5555702330196266 0.8314696123025288 0
    outer loop
      vertex 100.8277339993878 21.44680532359227 4
      vertex 100.98 21.345064434701783 4
      vertex 100.98 21.345064434701783 0
    endloop
  endfacet
  facet normal 0.7518398074789825 0.6593458151000631 0
    outer loop
      vertex 100.56930532359227 21.70523399938779 4
      vertex 100.69005050633884 21.567550506338833 4
      vertex 100.69005050633884 21.567550506338833 0
    endloop
  endfacet
  facet normal 0.8314696123025679 0.5555702330195685 0
    outer loop
      vertex 100.56930532359227 21.70523399938779 4
      vertex 100.56930532359227 21.70523399938779 0
      vertex 100.4675644347018 21.857499999999998 4
    endloop
  endfacet
  facet normal 0.8968727415326806 0.44228869021901707 0
    outer loop
      vertex 100.38656865448421 22.021743194688874 4
      vertex 100.4675644347018 21.857499999999998 4
      vertex 100.4675644347018 21.857499999999998 0
    endloop
  endfacet
  facet normal 0.946930129495098 0.3214394653031841 0
    outer loop
      vertex 100.38656865448421 22.021743194688874 0
      vertex 100.32770384319531 22.19515333685647 4
      vertex 100.38656865448421 22.021743194688874 4
    endloop
  endfacet
  facet normal 0.9807852804032401 0.1950903220160792 0
    outer loop
      vertex 100.32770384319531 22.19515333685647 0
      vertex 100.29197719407668 22.374763330891927 4
      vertex 100.32770384319531 22.19515333685647 4
    endloop
  endfacet
  facet normal 0.9978589232385985 0.06540312923022026 0
    outer loop
      vertex 100.28937793447972 22.41442036891396 4
      vertex 100.29197719407668 22.374763330891927 4
      vertex 100.29197719407668 22.374763330891927 0
    endloop
  endfacet
  facet normal -0.5555702330196266 0.8314696123025288 0
    outer loop
      vertex 102.53226600061221 21.44680532359227 4
      vertex 102.53226600061221 21.44680532359227 0
      vertex 102.38000000000001 21.345064434701783 4
    endloop
  endfacet
  facet normal -0.6593458151000452 0.7518398074789983 0
    outer loop
      vertex 102.53226600061221 21.44680532359227 4
      vertex 102.66994949366118 21.567550506338833 4
      vertex 102.66994949366118 21.567550506338833 0
    endloop
  endfacet
  facet normal -0.7518398074789825 0.6593458151000631 0
    outer loop
      vertex 102.79069467640774 21.70523399938779 4
      vertex 102.79069467640774 21.70523399938779 0
      vertex 102.66994949366118 21.567550506338833 4
    endloop
  endfacet
  facet normal -0.8314696123025679 0.5555702330195685 0
    outer loop
      vertex 102.89243556529821 21.857499999999998 4
      vertex 102.89243556529821 21.857499999999998 0
      vertex 102.79069467640774 21.70523399938779 4
    endloop
  endfacet
  facet normal -0.8968727415326806 0.44228869021901707 0
    outer loop
      vertex 102.89243556529821 21.857499999999998 4
      vertex 102.9734313455158 22.021743194688874 4
      vertex 102.9734313455158 22.021743194688874 0
    endloop
  endfacet
  facet normal -0.946930129495098 0.3214394653031841 0
    outer loop
      vertex 102.9734313455158 22.021743194688874 4
      vertex 103.0322961568047 22.19515333685647 4
      vertex 103.0322961568047 22.19515333685647 0
    endloop
  endfacet
  facet normal -0.9807852804032401 0.1950903220160792 0
    outer loop
      vertex 103.06802280592333 22.374763330891927 0
      vertex 103.0322961568047 22.19515333685647 4
      vertex 103.06802280592333 22.374763330891927 4
    endloop
  endfacet
  facet normal -0.9978589232385985 0.06540312923022026 3.2975822129561636e-16
    outer loop
      vertex 103.0706220655203 22.41442036891396 4
      vertex 103.08000000000001 22.557499999999997 0
      vertex 103.06802280592333 22.374763330891927 4
    endloop
  endfacet
  facet normal 0.9978589232385989 0.06540312923021308 0
    outer loop
      vertex 100.29197719407668 22.374763330891927 0
      vertex 100.28 22.557499999999997 0
      vertex 100.28 22.557499999999997 10
    endloop
  endfacet
  facet normal -1 0 0
    outer loop
      vertex 103.08000000000001 22.557499999999997 0
      vertex 103.08000000000001 22.557499999999997 10
      vertex 103.08000000000001 29.7575 0
    endloop
  endfacet
  facet normal 0.9978589232385995 0.06540312923020455 1.5643733683452337e-16
    outer loop
      vertex 100.28937793447972 22.41442036891396 4
      vertex 100.29197719407668 22.374763330891927 0
      vertex 100.28 22.557499999999997 10
    endloop
  endfacet
  facet normal -0.997858923238599 0.06540312923021109 0
    outer loop
      vertex 103.0706220655203 22.41442036891396 4
      vertex 103.0706220655203 22.41442036891396 10
      vertex 103.08000000000001 22.557499999999997 0
    endloop
  endfacet
  facet normal 0.9978589232385985 -0.06540312923022026 3.2975822129561636e-16
    outer loop
      vertex 100.28937793447972 29.90057963108604 4
      vertex 100.28 29.7575 0
      vertex 100.29197719407668 29.94023666910807 4
    endloop
  endfacet
  facet normal 0.9807852804032609 -0.19509032201597584 0
    outer loop
      vertex 100.29197719407668 29.94023666910807 0
      vertex 100.30386485970688 30 4
      vertex 100.29197719407668 29.94023666910807 4
    endloop
  endfacet
  facet normal -0.9978589232385985 -0.06540312923022026 0
    outer loop
      vertex 103.0706220655203 29.90057963108604 4
      vertex 103.06802280592333 29.94023666910807 4
      vertex 103.06802280592333 29.94023666910807 0
    endloop
  endfacet
  facet normal -0.9807852804032609 -0.19509032201597584 0
    outer loop
      vertex 103.05613514029314 30 0
      vertex 103.06802280592333 29.94023666910807 4
      vertex 103.05613514029314 30 4
    endloop
  endfacet
  facet normal 1 0 0
    outer loop
      vertex 100.28 22.557499999999997 0
      vertex 100.28 29.7575 0
      vertex 100.28 29.7575 10
    endloop
  endfacet
  facet normal 0.997858923238599 -0.06540312923021109 0
    outer loop
      vertex 100.28937793447972 29.90057963108604 4
      vertex 100.28937793447972 29.90057963108604 10
      vertex 100.28 29.7575 0
    endloop
  endfacet
  facet normal -0.997858923238599 -0.06540312923021109 0
    outer loop
      vertex 103.0706220655203 29.90057963108604 4
      vertex 103.08000000000001 29.7575 0
      vertex 103.0706220655203 29.90057963108604 10
    endloop
  endfacet
  facet normal -0.997858923238599 0.06540312923021109 0
    outer loop
      vertex 103.08000000000001 22.557499999999997 0
      vertex 103.0706220655203 22.41442036891396 10
      vertex 103.08000000000001 22.557499999999997 10
    endloop
  endfacet
  facet normal 1 0 0
    outer loop
      vertex 100.28 29.7575 10
      vertex 100.28 22.557499999999997 10
      vertex 100.28 22.557499999999997 0
    endloop
  endfacet
  facet normal -1 0 0
    outer loop
      vertex 103.08000000000001 29.7575 0
      vertex 103.08000000000001 22.557499999999997 10
      vertex 103.08000000000001 29.7575 10
    endloop
  endfacet
  facet normal 0.997858923238599 -0.06540312923021109 0
    outer loop
      vertex 100.28 29.7575 0
      vertex 100.28937793447972 29.90057963108604 10
      vertex 100.28 29.7575 10
    endloop
  endfacet
  facet normal -0.997858923238599 -0.06540312923021109 0
    outer loop
      vertex 103.08000000000001 29.7575 0
      vertex 103.08000000000001 29.7575 10
      vertex 103.0706220655203 29.90057963108604 10
    endloop
  endfacet
  facet normal 0.997858923238599 0.06540312923021109 0
    outer loop
      vertex 100.28937793447972 22.41442036891396 4
      vertex 100.28 22.557499999999997 10
      vertex 100.28937793447972 22.41442036891396 10
    endloop
  endfacet
  facet normal 0.9807852804032585 0.19509032201598697 0
    outer loop
      vertex 100.30386485970688 42 0
      vertex 100.29197719407668 42.059763330891926 0
      vertex 100.29197719407668 42.059763330891926 4
    endloop
  endfacet
  facet normal -0.9807852804032585 0.19509032201598697 0
    outer loop
      vertex 103.06802280592333 42.059763330891926 0
      vertex 103.05613514029314 42 0
      vertex 103.05613514029314 42 4
    endloop
  endfacet
  facet normal -0.997858923238599 0.06540312923021181 0
    outer loop
      vertex 103.06802280592333 42.059763330891926 0
      vertex 103.06802280592333 42.059763330891926 4
      vertex 103.08000000000001 42.2425 0
    endloop
  endfacet
  facet normal 0.997858923238599 -0.06540312923021181 0
    outer loop
      vertex 100.29197719407668 49.62523666910808 4
      vertex 100.28 49.4425 0
      vertex 100.29197719407668 49.62523666910808 0
    endloop
  endfacet
  facet normal 0.9807852804032394 -0.19509032201608292 0
    outer loop
      vertex 100.32770384319531 49.80484666314353 4
      vertex 100.29197719407668 49.62523666910808 0
      vertex 100.32770384319531 49.80484666314353 0
    endloop
  endfacet
  facet normal 0.946930129495098 -0.3214394653031841 0
    outer loop
      vertex 100.32770384319531 49.80484666314353 0
      vertex 100.38656865448421 49.978256805311126 0
      vertex 100.38656865448421 49.978256805311126 4
    endloop
  endfacet
  facet normal 0.8968727415326768 -0.4422886902190247 0
    outer loop
      vertex 100.4675644347018 50.1425 4
      vertex 100.38656865448421 49.978256805311126 0
      vertex 100.4675644347018 50.1425 0
    endloop
  endfacet
  facet normal 0.8314696123025799 -0.5555702330195507 0
    outer loop
      vertex 100.4675644347018 50.1425 0
      vertex 100.56930532359227 50.29476600061221 0
      vertex 100.56930532359227 50.29476600061221 4
    endloop
  endfacet
  facet normal 0.751839807478974 -0.6593458151000726 0
    outer loop
      vertex 100.69005050633884 50.43244949366117 4
      vertex 100.56930532359227 50.29476600061221 0
      vertex 100.69005050633884 50.43244949366117 0
    endloop
  endfacet
  facet normal 0.6593458151000341 -0.7518398074790078 0
    outer loop
      vertex 100.8277339993878 50.55319467640773 4
      vertex 100.69005050633884 50.43244949366117 0
      vertex 100.8277339993878 50.55319467640773 0
    endloop
  endfacet
  facet normal 0.55557023301964 -0.8314696123025199 0
    outer loop
      vertex 100.8277339993878 50.55319467640773 0
      vertex 100.98 50.65493556529822 0
      vertex 100.98 50.65493556529822 4
    endloop
  endfacet
  facet normal -0.8314696123025799 -0.5555702330195507 0
    outer loop
      vertex 102.89243556529821 50.1425 4
      vertex 102.79069467640774 50.29476600061221 0
      vertex 102.89243556529821 50.1425 0
    endloop
  endfacet
  facet normal -0.751839807478974 -0.6593458151000726 0
    outer loop
      vertex 102.79069467640774 50.29476600061221 4
      vertex 102.66994949366118 50.43244949366117 0
      vertex 102.79069467640774 50.29476600061221 0
    endloop
  endfacet
  facet normal -0.6593458151000341 -0.7518398074790078 0
    outer loop
      vertex 102.66994949366118 50.43244949366117 4
      vertex 102.53226600061221 50.55319467640773 0
      vertex 102.66994949366118 50.43244949366117 0
    endloop
  endfacet
  facet normal -0.55557023301964 -0.8314696123025199 0
    outer loop
      vertex 102.53226600061221 50.55319467640773 4
      vertex 102.38000000000001 50.65493556529822 0
      vertex 102.53226600061221 50.55319467640773 0
    endloop
  endfacet
  facet normal 0.44228869021897815 -0.8968727415326998 0
    outer loop
      vertex 101.14424319468888 50.7359313455158 4
      vertex 100.98 50.65493556529822 0
      vertex 101.14424319468888 50.7359313455158 0
    endloop
  endfacet
  facet normal 0.3214394653031493 -0.9469301294951098 0
    outer loop
      vertex 101.14424319468888 50.7359313455158 0
      vertex 101.31765333685648 50.79479615680469 0
      vertex 101.31765333685648 50.79479615680469 4
    endloop
  endfacet
  facet normal 0.19509032201615015 -0.9807852804032261 0
    outer loop
      vertex 101.49726333089194 50.83052280592334 4
      vertex 101.31765333685648 50.79479615680469 0
      vertex 101.49726333089194 50.83052280592334 0
    endloop
  endfacet
  facet normal 0.06540312923013708 -0.997858923238604 0
    outer loop
      vertex 101.68 50.8425 4
      vertex 101.49726333089194 50.83052280592334 0
      vertex 101.68 50.8425 0
    endloop
  endfacet
  facet normal -0.19509032201615015 -0.9807852804032261 0
    outer loop
      vertex 102.04234666314353 50.79479615680469 4
      vertex 101.86273666910807 50.83052280592334 0
      vertex 102.04234666314353 50.79479615680469 0
    endloop
  endfacet
  facet normal -0.06540312923013708 -0.997858923238604 0
    outer loop
      vertex 101.68 50.8425 0
      vertex 101.86273666910807 50.83052280592334 0
      vertex 101.86273666910807 50.83052280592334 4
    endloop
  endfacet
  facet normal -0.3214394653031493 -0.9469301294951098 0
    outer loop
      vertex 102.21575680531113 50.7359313455158 4
      vertex 102.04234666314353 50.79479615680469 0
      vertex 102.21575680531113 50.7359313455158 0
    endloop
  endfacet
  facet normal -0.44228869021897815 -0.8968727415326998 0
    outer loop
      vertex 102.21575680531113 50.7359313455158 0
      vertex 102.38000000000001 50.65493556529822 0
      vertex 102.38000000000001 50.65493556529822 4
    endloop
  endfacet
  facet normal -0.997858923238599 -0.06540312923021181 2.6049919798996415e-17
    outer loop
      vertex 103.0706220655203 49.58557963108604 4
      vertex 103.06802280592333 49.62523666910808 0
      vertex 103.08000000000001 49.4425 0
    endloop
  endfacet
  facet normal -0.9807852804032394 -0.19509032201608292 0
    outer loop
      vertex 103.06802280592333 49.62523666910808 4
      vertex 103.0322961568047 49.80484666314353 0
      vertex 103.06802280592333 49.62523666910808 0
    endloop
  endfacet
  facet normal -0.946930129495098 -0.3214394653031841 0
    outer loop
      vertex 103.0322961568047 49.80484666314353 0
      vertex 103.0322961568047 49.80484666314353 4
      vertex 102.9734313455158 49.978256805311126 0
    endloop
  endfacet
  facet normal -0.8968727415326768 -0.4422886902190247 0
    outer loop
      vertex 102.9734313455158 49.978256805311126 4
      vertex 102.89243556529821 50.1425 0
      vertex 102.9734313455158 49.978256805311126 0
    endloop
  endfacet
  facet normal 0.9807852804032585 0.19509032201598697 0
    outer loop
      vertex 100.30386485970688 42 0
      vertex 100.29197719407668 42.059763330891926 4
      vertex 100.30386485970688 42 4
    endloop
  endfacet
  facet normal 0.9978589232385988 0.06540312923021444 0
    outer loop
      vertex 100.28937793447972 42.09942036891396 4
      vertex 100.29197719407668 42.059763330891926 4
      vertex 100.29197719407668 42.059763330891926 0
    endloop
  endfacet
  facet normal -0.9807852804032585 0.19509032201598697 0
    outer loop
      vertex 103.06802280592333 42.059763330891926 0
      vertex 103.05613514029314 42 4
      vertex 103.06802280592333 42.059763330891926 4
    endloop
  endfacet
  facet normal -0.9978589232385988 0.06540312923021444 1.2003608469084446e-16
    outer loop
      vertex 103.0706220655203 42.09942036891396 4
      vertex 103.08000000000001 42.2425 0
      vertex 103.06802280592333 42.059763330891926 4
    endloop
  endfacet
  facet normal 0.997858923238599 0.06540312923021181 0
    outer loop
      vertex 100.29197719407668 42.059763330891926 0
      vertex 100.28 42.2425 0
      vertex 100.28 42.2425 10
    endloop
  endfacet
  facet normal -1 0 0
    outer loop
      vertex 103.08000000000001 42.2425 0
      vertex 103.08000000000001 42.2425 10
      vertex 103.08000000000001 49.4425 0
    endloop
  endfacet
  facet normal 0.9978589232385991 0.0654031292302087 5.694513191908554e-17
    outer loop
      vertex 100.28937793447972 42.09942036891396 4
      vertex 100.29197719407668 42.059763330891926 0
      vertex 100.28 42.2425 10
    endloop
  endfacet
  facet normal -0.997858923238599 0.06540312923021109 0
    outer loop
      vertex 103.0706220655203 42.09942036891396 4
      vertex 103.0706220655203 42.09942036891396 10
      vertex 103.08000000000001 42.2425 0
    endloop
  endfacet
  facet normal 1 0 0
    outer loop
      vertex 100.28 42.2425 0
      vertex 100.28 49.4425 0
      vertex 100.28 49.4425 10
    endloop
  endfacet
  facet normal 0.9978589232385988 -0.06540312923021444 1.2003608469084446e-16
    outer loop
      vertex 100.28937793447972 49.58557963108604 4
      vertex 100.28 49.4425 0
      vertex 100.29197719407668 49.62523666910808 4
    endloop
  endfacet
  facet normal 0.9807852804032394 -0.19509032201608292 0
    outer loop
      vertex 100.29197719407668 49.62523666910808 4
      vertex 100.29197719407668 49.62523666910808 0
      vertex 100.32770384319531 49.80484666314353 4
    endloop
  endfacet
  facet normal 0.946930129495098 -0.3214394653031841 0
    outer loop
      vertex 100.38656865448421 49.978256805311126 4
      vertex 100.32770384319531 49.80484666314353 4
      vertex 100.32770384319531 49.80484666314353 0
    endloop
  endfacet
  facet normal 0.8968727415326768 -0.4422886902190247 0
    outer loop
      vertex 100.4675644347018 50.1425 4
      vertex 100.38656865448421 49.978256805311126 4
      vertex 100.38656865448421 49.978256805311126 0
    endloop
  endfacet
  facet normal 0.8314696123025799 -0.5555702330195507 0
    outer loop
      vertex 100.56930532359227 50.29476600061221 4
      vertex 100.4675644347018 50.1425 4
      vertex 100.4675644347018 50.1425 0
    endloop
  endfacet
  facet normal 0.751839807478974 -0.6593458151000726 0
    outer loop
      vertex 100.69005050633884 50.43244949366117 4
      vertex 100.56930532359227 50.29476600061221 4
      vertex 100.56930532359227 50.29476600061221 0
    endloop
  endfacet
  facet normal 0.6593458151000341 -0.7518398074790078 0
    outer loop
      vertex 100.8277339993878 50.55319467640773 4
      vertex 100.69005050633884 50.43244949366117 4
      vertex 100.69005050633884 50.43244949366117 0
    endloop
  endfacet
  facet normal 0.55557023301964 -0.8314696123025199 0
    outer loop
      vertex 100.8277339993878 50.55319467640773 4
      vertex 100.8277339993878 50.55319467640773 0
      vertex 100.98 50.65493556529822 4
    endloop
  endfacet
  facet normal -0.8968727415326768 -0.4422886902190247 0
    outer loop
      vertex 102.9734313455158 49.978256805311126 4
      vertex 102.89243556529821 50.1425 4
      vertex 102.89243556529821 50.1425 0
    endloop
  endfacet
  facet normal -0.8314696123025799 -0.5555702330195507 0
    outer loop
      vertex 102.89243556529821 50.1425 4
      vertex 102.79069467640774 50.29476600061221 4
      vertex 102.79069467640774 50.29476600061221 0
    endloop
  endfacet
  facet normal -0.55557023301964 -0.8314696123025199 0
    outer loop
      vertex 102.53226600061221 50.55319467640773 4
      vertex 102.38000000000001 50.65493556529822 4
      vertex 102.38000000000001 50.65493556529822 0
    endloop
  endfacet
  facet normal -0.751839807478974 -0.6593458151000726 0
    outer loop
      vertex 102.66994949366118 50.43244949366117 4
      vertex 102.66994949366118 50.43244949366117 0
      vertex 102.79069467640774 50.29476600061221 4
    endloop
  endfacet
  facet normal -0.6593458151000341 -0.7518398074790078 0
    outer loop
      vertex 102.53226600061221 50.55319467640773 4
      vertex 102.53226600061221 50.55319467640773 0
      vertex 102.66994949366118 50.43244949366117 4
    endloop
  endfacet
  facet normal 0.44228869021897815 -0.8968727415326998 0
    outer loop
      vertex 101.14424319468888 50.7359313455158 4
      vertex 100.98 50.65493556529822 4
      vertex 100.98 50.65493556529822 0
    endloop
  endfacet
  facet normal 0.3214394653031493 -0.9469301294951098 0
    outer loop
      vertex 101.14424319468888 50.7359313455158 4
      vertex 101.14424319468888 50.7359313455158 0
      vertex 101.31765333685648 50.79479615680469 4
    endloop
  endfacet
  facet normal 0.19509032201615015 -0.9807852804032261 0
    outer loop
      vertex 101.49726333089194 50.83052280592334 4
      vertex 101.31765333685648 50.79479615680469 4
      vertex 101.31765333685648 50.79479615680469 0
    endloop
  endfacet
  facet normal 0.06540312923013708 -0.997858923238604 0
    outer loop
      vertex 101.49726333089194 50.83052280592334 4
      vertex 101.49726333089194 50.83052280592334 0
      vertex 101.68 50.8425 4
    endloop
  endfacet
  facet normal -0.06540312923013708 -0.997858923238604 0
    outer loop
      vertex 101.68 50.8425 4
      vertex 101.68 50.8425 0
      vertex 101.86273666910807 50.83052280592334 4
    endloop
  endfacet
  facet normal -0.19509032201615015 -0.9807852804032261 0
    outer loop
      vertex 102.04234666314353 50.79479615680469 4
      vertex 101.86273666910807 50.83052280592334 4
      vertex 101.86273666910807 50.83052280592334 0
    endloop
  endfacet
  facet normal -0.44228869021897815 -0.8968727415326998 0
    outer loop
      vertex 102.21575680531113 50.7359313455158 4
      vertex 102.21575680531113 50.7359313455158 0
      vertex 102.38000000000001 50.65493556529822 4
    endloop
  endfacet
  facet normal -0.3214394653031493 -0.9469301294951098 0
    outer loop
      vertex 102.21575680531113 50.7359313455158 4
      vertex 102.04234666314353 50.79479615680469 4
      vertex 102.04234666314353 50.79479615680469 0
    endloop
  endfacet
  facet normal -0.9978589232385988 -0.06540312923021444 0
    outer loop
      vertex 103.0706220655203 49.58557963108604 4
      vertex 103.06802280592333 49.62523666910808 4
      vertex 103.06802280592333 49.62523666910808 0
    endloop
  endfacet
  facet normal -0.9807852804032394 -0.19509032201608292 0
    outer loop
      vertex 103.06802280592333 49.62523666910808 4
      vertex 103.0322961568047 49.80484666314353 4
      vertex 103.0322961568047 49.80484666314353 0
    endloop
  endfacet
  facet normal -0.946930129495098 -0.3214394653031841 0
    outer loop
      vertex 103.0322961568047 49.80484666314353 4
      vertex 102.9734313455158 49.978256805311126 4
      vertex 102.9734313455158 49.978256805311126 0
    endloop
  endfacet
  facet normal 0.997858923238599 -0.06540312923021109 0
    outer loop
      vertex 100.28937793447972 49.58557963108604 4
      vertex 100.28 49.4425 10
      vertex 100.28 49.4425 0
    endloop
  endfacet
  facet normal -0.997858923238599 -0.06540312923021109 0
    outer loop
      vertex 103.0706220655203 49.58557963108604 4
      vertex 103.08000000000001 49.4425 0
      vertex 103.0706220655203 49.58557963108604 10
    endloop
  endfacet
  facet normal -0.997858923238599 0.06540312923021109 0
    outer loop
      vertex 103.08000000000001 42.2425 0
      vertex 103.0706220655203 42.09942036891396 10
      vertex 103.08000000000001 42.2425 10
    endloop
  endfacet
  facet normal 1 0 0
    outer loop
      vertex 100.28 49.4425 10
      vertex 100.28 42.2425 10
      vertex 100.28 42.2425 0
    endloop
  endfacet
  facet normal -1 0 0
    outer loop
      vertex 103.08000000000001 49.4425 10
      vertex 103.08000000000001 49.4425 0
      vertex 103.08000000000001 42.2425 10
    endloop
  endfacet
  facet normal -0.997858923238599 -0.06540312923021109 0
    outer loop
      vertex 103.08000000000001 49.4425 10
      vertex 103.0706220655203 49.58557963108604 10
      vertex 103.08000000000001 49.4425 0
    endloop
  endfacet
  facet normal 0.997858923238599 0.06540312923021109 0
    outer loop
      vertex 100.28937793447972 42.09942036891396 4
      vertex 100.28 42.2425 10
      vertex 100.28937793447972 42.09942036891396 10
    endloop
  endfacet
  facet normal 0.997858923238599 -0.06540312923021109 0
    outer loop
      vertex 100.28937793447972 49.58557963108604 10
      vertex 100.28 49.4425 10
      vertex 100.28937793447972 49.58557963108604 4
    endloop
  endfacet
  facet normal 0.8968727415326806 0.44228869021901707 0
    outer loop
      vertex 141.10756443470177 21.857499999999998 0
      vertex 141.02656865448418 22.021743194688874 0
      vertex 141.02656865448418 22.021743194688874 4
    endloop
  endfacet
  facet normal 0.9469301294951216 0.3214394653031145 0
    outer loop
      vertex 141.02656865448418 22.021743194688874 0
      vertex 140.9677038431953 22.19515333685647 0
      vertex 140.9677038431953 22.19515333685647 4
    endloop
  endfacet
  facet normal 0.9807852804032401 0.1950903220160792 0
    outer loop
      vertex 140.93197719407667 22.374763330891927 4
      vertex 140.9677038431953 22.19515333685647 0
      vertex 140.93197719407667 22.374763330891927 0
    endloop
  endfacet
  facet normal 0.4422886902190397 0.8968727415326694 0
    outer loop
      vertex 141.62 21.345064434701783 0
      vertex 141.62 21.345064434701783 4
      vertex 141.78424319468886 21.2640686544842 0
    endloop
  endfacet
  facet normal 0.3214394653031667 0.9469301294951039 0
    outer loop
      vertex 141.78424319468886 21.2640686544842 0
      vertex 141.78424319468886 21.2640686544842 4
      vertex 141.95765333685645 21.205203843195303 0
    endloop
  endfacet
  facet normal 0.19509032201611665 0.9807852804032328 0
    outer loop
      vertex 142.13726333089193 21.169477194076663 0
      vertex 141.95765333685645 21.205203843195303 0
      vertex 141.95765333685645 21.205203843195303 4
    endloop
  endfacet
  facet normal 0.06540312923013708 0.997858923238604 0
    outer loop
      vertex 142.13726333089193 21.169477194076663 0
      vertex 142.13726333089193 21.169477194076663 4
      vertex 142.32 21.1575 0
    endloop
  endfacet
  facet normal -0.06540312923013708 0.997858923238604 0
    outer loop
      vertex 142.32 21.1575 0
      vertex 142.32 21.1575 4
      vertex 142.50273666910806 21.169477194076663 0
    endloop
  endfacet
  facet normal -0.19509032201611665 0.9807852804032328 0
    outer loop
      vertex 142.50273666910806 21.169477194076663 0
      vertex 142.50273666910806 21.169477194076663 4
      vertex 142.68234666314353 21.205203843195303 0
    endloop
  endfacet
  facet normal -0.3214394653031667 0.9469301294951039 0
    outer loop
      vertex 142.85575680531113 21.2640686544842 0
      vertex 142.68234666314353 21.205203843195303 0
      vertex 142.68234666314353 21.205203843195303 4
    endloop
  endfacet
  facet normal -0.4422886902190397 0.8968727415326694 0
    outer loop
      vertex 143.01999999999998 21.345064434701783 0
      vertex 142.85575680531113 21.2640686544842 0
      vertex 142.85575680531113 21.2640686544842 4
    endloop
  endfacet
  facet normal 0.555570233019555 0.8314696123025769 0
    outer loop
      vertex 141.46773399938778 21.44680532359227 0
      vertex 141.46773399938778 21.44680532359227 4
      vertex 141.62 21.345064434701783 0
    endloop
  endfacet
  facet normal 0.6593458151001221 0.7518398074789308 0
    outer loop
      vertex 141.33005050633884 21.567550506338833 0
      vertex 141.33005050633884 21.567550506338833 4
      vertex 141.46773399938778 21.44680532359227 0
    endloop
  endfacet
  facet normal 0.7518398074789825 0.6593458151000631 0
    outer loop
      vertex 141.33005050633884 21.567550506338833 0
      vertex 141.20930532359228 21.70523399938779 0
      vertex 141.20930532359228 21.70523399938779 4
    endloop
  endfacet
  facet normal 0.831469612302496 0.5555702330196758 0
    outer loop
      vertex 141.20930532359228 21.70523399938779 0
      vertex 141.10756443470177 21.857499999999998 0
      vertex 141.10756443470177 21.857499999999998 4
    endloop
  endfacet
  facet normal -0.555570233019555 0.8314696123025769 0
    outer loop
      vertex 143.01999999999998 21.345064434701783 0
      vertex 143.01999999999998 21.345064434701783 4
      vertex 143.1722660006122 21.44680532359227 0
    endloop
  endfacet
  facet normal -0.6593458151001221 0.7518398074789308 0
    outer loop
      vertex 143.1722660006122 21.44680532359227 0
      vertex 143.1722660006122 21.44680532359227 4
      vertex 143.30994949366115 21.567550506338833 0
    endloop
  endfacet
  facet normal -0.7518398074789825 0.6593458151000631 0
    outer loop
      vertex 143.30994949366115 21.567550506338833 0
      vertex 143.30994949366115 21.567550506338833 4
      vertex 143.4306946764077 21.70523399938779 0
    endloop
  endfacet
  facet normal -0.831469612302496 0.5555702330196758 0
    outer loop
      vertex 143.4306946764077 21.70523399938779 0
      vertex 143.4306946764077 21.70523399938779 4
      vertex 143.53243556529821 21.857499999999998 0
    endloop
  endfacet
  facet normal -0.8968727415326806 0.44228869021901707 0
    outer loop
      vertex 143.53243556529821 21.857499999999998 4
      vertex 143.6134313455158 22.021743194688874 0
      vertex 143.53243556529821 21.857499999999998 0
    endloop
  endfacet
  facet normal -0.9469301294951216 0.3214394653031145 0
    outer loop
      vertex 143.6134313455158 22.021743194688874 0
      vertex 143.6134313455158 22.021743194688874 4
      vertex 143.6722961568047 22.19515333685647 0
    endloop
  endfacet
  facet normal -0.9807852804032401 0.1950903220160792 0
    outer loop
      vertex 143.6722961568047 22.19515333685647 0
      vertex 143.6722961568047 22.19515333685647 4
      vertex 143.70802280592332 22.374763330891927 0
    endloop
  endfacet
  facet normal -0.997858923238599 0.06540312923021309 0
    outer loop
      vertex 143.70802280592332 22.374763330891927 0
      vertex 143.70802280592332 22.374763330891927 4
      vertex 143.72 22.557499999999997 0
    endloop
  endfacet
  facet normal 0.997858923238599 -0.06540312923021309 0
    outer loop
      vertex 140.93197719407667 29.94023666910807 4
      vertex 140.92 29.7575 0
      vertex 140.93197719407667 29.94023666910807 0
    endloop
  endfacet
  facet normal 0.9807852804032161 -0.1950903220162002 0
    outer loop
      vertex 140.94386485970688 30 0
      vertex 140.94386485970688 30 4
      vertex 140.93197719407667 29.94023666910807 0
    endloop
  endfacet
  facet normal -0.997858923238599 -0.06540312923021309 7.156327399326711e-17
    outer loop
      vertex 143.71062206552028 29.90057963108604 4
      vertex 143.70802280592332 29.94023666910807 0
      vertex 143.72 29.7575 0
    endloop
  endfacet
  facet normal -0.9807852804032161 -0.1950903220162002 0
    outer loop
      vertex 143.70802280592332 29.94023666910807 0
      vertex 143.70802280592332 29.94023666910807 4
      vertex 143.6961351402931 30 0
    endloop
  endfacet
  facet normal 0.9469301294951216 0.3214394653031145 0
    outer loop
      vertex 141.02656865448418 22.021743194688874 0
      vertex 140.9677038431953 22.19515333685647 4
      vertex 141.02656865448418 22.021743194688874 4
    endloop
  endfacet
  facet normal 0.9807852804032401 0.1950903220160792 0
    outer loop
      vertex 140.9677038431953 22.19515333685647 0
      vertex 140.93197719407667 22.374763330891927 4
      vertex 140.9677038431953 22.19515333685647 4
    endloop
  endfacet
  facet normal 0.9978589232385985 0.06540312923022026 0
    outer loop
      vertex 140.9293779344797 22.41442036891396 4
      vertex 140.93197719407667 22.374763330891927 4
      vertex 140.93197719407667 22.374763330891927 0
    endloop
  endfacet
  facet normal 0.3214394653031667 0.9469301294951039 0
    outer loop
      vertex 141.95765333685645 21.205203843195303 0
      vertex 141.78424319468886 21.2640686544842 4
      vertex 141.95765333685645 21.205203843195303 4
    endloop
  endfacet
  facet normal 0.4422886902190397 0.8968727415326694 0
    outer loop
      vertex 141.78424319468886 21.2640686544842 0
      vertex 141.62 21.345064434701783 4
      vertex 141.78424319468886 21.2640686544842 4
    endloop
  endfacet
  facet normal 0.19509032201611665 0.9807852804032328 0
    outer loop
      vertex 142.13726333089193 21.169477194076663 0
      vertex 141.95765333685645 21.205203843195303 4
      vertex 142.13726333089193 21.169477194076663 4
    endloop
  endfacet
  facet normal 0.06540312923013708 0.997858923238604 0
    outer loop
      vertex 142.32 21.1575 0
      vertex 142.13726333089193 21.169477194076663 4
      vertex 142.32 21.1575 4
    endloop
  endfacet
  facet normal -0.06540312923013708 0.997858923238604 0
    outer loop
      vertex 142.50273666910806 21.169477194076663 0
      vertex 142.32 21.1575 4
      vertex 142.50273666910806 21.169477194076663 4
    endloop
  endfacet
  facet normal -0.19509032201611665 0.9807852804032328 0
    outer loop
      vertex 142.68234666314353 21.205203843195303 0
      vertex 142.50273666910806 21.169477194076663 4
      vertex 142.68234666314353 21.205203843195303 4
    endloop
  endfacet
  facet normal -0.3214394653031667 0.9469301294951039 0
    outer loop
      vertex 142.85575680531113 21.2640686544842 0
      vertex 142.68234666314353 21.205203843195303 4
      vertex 142.85575680531113 21.2640686544842 4
    endloop
  endfacet
  facet normal -0.4422886902190397 0.8968727415326694 0
    outer loop
      vertex 143.01999999999998 21.345064434701783 0
      vertex 142.85575680531113 21.2640686544842 4
      vertex 143.01999999999998 21.345064434701783 4
    endloop
  endfacet
  facet normal 0.6593458151001221 0.7518398074789308 0
    outer loop
      vertex 141.46773399938778 21.44680532359227 0
      vertex 141.33005050633884 21.567550506338833 4
      vertex 141.46773399938778 21.44680532359227 4
    endloop
  endfacet
  facet normal 0.7518398074789825 0.6593458151000631 0
    outer loop
      vertex 141.33005050633884 21.567550506338833 0
      vertex 141.20930532359228 21.70523399938779 4
      vertex 141.33005050633884 21.567550506338833 4
    endloop
  endfacet
  facet normal 0.555570233019555 0.8314696123025769 0
    outer loop
      vertex 141.62 21.345064434701783 0
      vertex 141.46773399938778 21.44680532359227 4
      vertex 141.62 21.345064434701783 4
    endloop
  endfacet
  facet normal 0.831469612302496 0.5555702330196758 0
    outer loop
      vertex 141.20930532359228 21.70523399938779 0
      vertex 141.10756443470177 21.857499999999998 4
      vertex 141.20930532359228 21.70523399938779 4
    endloop
  endfacet
  facet normal 0.8968727415326806 0.44228869021901707 0
    outer loop
      vertex 141.10756443470177 21.857499999999998 0
      vertex 141.02656865448418 22.021743194688874 4
      vertex 141.10756443470177 21.857499999999998 4
    endloop
  endfacet
  facet normal -0.555570233019555 0.8314696123025769 0
    outer loop
      vertex 143.1722660006122 21.44680532359227 0
      vertex 143.01999999999998 21.345064434701783 4
      vertex 143.1722660006122 21.44680532359227 4
    endloop
  endfacet
  facet normal -0.6593458151001221 0.7518398074789308 0
    outer loop
      vertex 143.30994949366115 21.567550506338833 0
      vertex 143.1722660006122 21.44680532359227 4
      vertex 143.30994949366115 21.567550506338833 4
    endloop
  endfacet
  facet normal -0.7518398074789825 0.6593458151000631 0
    outer loop
      vertex 143.4306946764077 21.70523399938779 0
      vertex 143.30994949366115 21.567550506338833 4
      vertex 143.4306946764077 21.70523399938779 4
    endloop
  endfacet
  facet normal -0.831469612302496 0.5555702330196758 0
    outer loop
      vertex 143.53243556529821 21.857499999999998 0
      vertex 143.4306946764077 21.70523399938779 4
      vertex 143.53243556529821 21.857499999999998 4
    endloop
  endfacet
  facet normal -0.8968727415326806 0.44228869021901707 0
    outer loop
      vertex 143.6134313455158 22.021743194688874 0
      vertex 143.53243556529821 21.857499999999998 4
      vertex 143.6134313455158 22.021743194688874 4
    endloop
  endfacet
  facet normal -0.9469301294951216 0.3214394653031145 0
    outer loop
      vertex 143.6134313455158 22.021743194688874 4
      vertex 143.6722961568047 22.19515333685647 4
      vertex 143.6722961568047 22.19515333685647 0
    endloop
  endfacet
  facet normal -0.9807852804032401 0.1950903220160792 0
    outer loop
      vertex 143.70802280592332 22.374763330891927 0
      vertex 143.6722961568047 22.19515333685647 4
      vertex 143.70802280592332 22.374763330891927 4
    endloop
  endfacet
  facet normal -0.9978589232385985 0.06540312923022026 3.2975822129561636e-16
    outer loop
      vertex 143.71062206552028 22.41442036891396 4
      vertex 143.72 22.557499999999997 0
      vertex 143.70802280592332 22.374763330891927 4
    endloop
  endfacet
  facet normal 0.9978589232385989 0.06540312923021308 0
    outer loop
      vertex 140.93197719407667 22.374763330891927 0
      vertex 140.92 22.557499999999997 0
      vertex 140.92 22.557499999999997 10
    endloop
  endfacet
  facet normal -1 0 0
    outer loop
      vertex 143.72 22.557499999999997 0
      vertex 143.72 22.557499999999997 10
      vertex 143.72 29.7575 0
    endloop
  endfacet
  facet normal 0.9978589232385995 0.06540312923020455 1.5643733683452337e-16
    outer loop
      vertex 140.9293779344797 22.41442036891396 4
      vertex 140.93197719407667 22.374763330891927 0
      vertex 140.92 22.557499999999997 10
    endloop
  endfacet
  facet normal -0.997858923238599 0.06540312923021109 0
    outer loop
      vertex 143.71062206552028 22.41442036891396 4
      vertex 143.71062206552028 22.41442036891396 10
      vertex 143.72 22.557499999999997 0
    endloop
  endfacet
  facet normal 0.9978589232385985 -0.06540312923022026 3.2975822129561636e-16
    outer loop
      vertex 140.9293779344797 29.90057963108604 4
      vertex 140.92 29.7575 0
      vertex 140.93197719407667 29.94023666910807 4
    endloop
  endfacet
  facet normal 0.9807852804032161 -0.1950903220162002 0
    outer loop
      vertex 140.94386485970688 30 4
      vertex 140.93197719407667 29.94023666910807 4
      vertex 140.93197719407667 29.94023666910807 0
    endloop
  endfacet
  facet normal -0.9978589232385985 -0.06540312923022026 0
    outer loop
      vertex 143.71062206552028 29.90057963108604 4
      vertex 143.70802280592332 29.94023666910807 4
      vertex 143.70802280592332 29.94023666910807 0
    endloop
  endfacet
  facet normal -0.9807852804032161 -0.1950903220162002 0
    outer loop
      vertex 143.70802280592332 29.94023666910807 4
      vertex 143.6961351402931 30 4
      vertex 143.6961351402931 30 0
    endloop
  endfacet
  facet normal 1 0 0
    outer loop
      vertex 140.92 22.557499999999997 0
      vertex 140.92 29.7575 0
      vertex 140.92 29.7575 10
    endloop
  endfacet
  facet normal 0.997858923238599 -0.06540312923021109 0
    outer loop
      vertex 140.9293779344797 29.90057963108604 4
      vertex 140.92 29.7575 10
      vertex 140.92 29.7575 0
    endloop
  endfacet
  facet normal -0.997858923238599 -0.06540312923021109 0
    outer loop
      vertex 143.71062206552028 29.90057963108604 4
      vertex 143.72 29.7575 0
      vertex 143.71062206552028 29.90057963108604 10
    endloop
  endfacet
  facet normal -0.997858923238599 0.06540312923021109 0
    outer loop
      vertex 143.72 22.557499999999997 0
      vertex 143.71062206552028 22.41442036891396 10
      vertex 143.72 22.557499999999997 10
    endloop
  endfacet
  facet normal 1 0 0
    outer loop
      vertex 140.92 29.7575 10
      vertex 140.92 22.557499999999997 10
      vertex 140.92 22.557499999999997 0
    endloop
  endfacet
  facet normal -1 0 0
    outer loop
      vertex 143.72 29.7575 10
      vertex 143.72 29.7575 0
      vertex 143.72 22.557499999999997 10
    endloop
  endfacet
  facet normal -0.997858923238599 -0.06540312923021109 0
    outer loop
      vertex 143.72 29.7575 10
      vertex 143.71062206552028 29.90057963108604 10
      vertex 143.72 29.7575 0
    endloop
  endfacet
  facet normal 0.997858923238599 0.06540312923021109 0
    outer loop
      vertex 140.9293779344797 22.41442036891396 4
      vertex 140.92 22.557499999999997 10
      vertex 140.9293779344797 22.41442036891396 10
    endloop
  endfacet
  facet normal 0.997858923238599 -0.06540312923021109 0
    outer loop
      vertex 140.9293779344797 29.90057963108604 10
      vertex 140.92 29.7575 10
      vertex 140.9293779344797 29.90057963108604 4
    endloop
  endfacet
  facet normal 0.9807852804032139 0.19509032201621132 0
    outer loop
      vertex 140.94386485970688 42 0
      vertex 140.93197719407667 42.059763330891926 0
      vertex 140.93197719407667 42.059763330891926 4
    endloop
  endfacet
  facet normal -0.9807852804032139 0.19509032201621132 0
    outer loop
      vertex 143.70802280592332 42.059763330891926 0
      vertex 143.6961351402931 42 0
      vertex 143.6961351402931 42 4
    endloop
  endfacet
  facet normal -0.997858923238599 0.06540312923021181 0
    outer loop
      vertex 143.70802280592332 42.059763330891926 0
      vertex 143.70802280592332 42.059763330891926 4
      vertex 143.72 42.2425 0
    endloop
  endfacet
  facet normal 0.997858923238599 -0.06540312923021181 0
    outer loop
      vertex 140.93197719407667 49.62523666910808 0
      vertex 140.93197719407667 49.62523666910808 4
      vertex 140.92 49.4425 0
    endloop
  endfacet
  facet normal 0.9807852804032394 -0.19509032201608292 0
    outer loop
      vertex 140.9677038431953 49.80484666314353 0
      vertex 140.9677038431953 49.80484666314353 4
      vertex 140.93197719407667 49.62523666910808 0
    endloop
  endfacet
  facet normal 0.9469301294951216 -0.3214394653031145 0
    outer loop
      vertex 140.9677038431953 49.80484666314353 0
      vertex 141.02656865448418 49.978256805311126 0
      vertex 141.02656865448418 49.978256805311126 4
    endloop
  endfacet
  facet normal 0.8968727415326768 -0.4422886902190247 0
    outer loop
      vertex 141.10756443470177 50.1425 4
      vertex 141.02656865448418 49.978256805311126 0
      vertex 141.10756443470177 50.1425 0
    endloop
  endfacet
  facet normal 0.831469612302508 -0.5555702330196578 0
    outer loop
      vertex 141.10756443470177 50.1425 0
      vertex 141.20930532359228 50.29476600061221 0
      vertex 141.20930532359228 50.29476600061221 4
    endloop
  endfacet
  facet normal 0.751839807478974 -0.6593458151000726 0
    outer loop
      vertex 141.20930532359228 50.29476600061221 0
      vertex 141.33005050633884 50.43244949366117 0
      vertex 141.33005050633884 50.43244949366117 4
    endloop
  endfacet
  facet normal 0.6593458151001111 -0.7518398074789403 0
    outer loop
      vertex 141.33005050633884 50.43244949366117 0
      vertex 141.46773399938778 50.55319467640773 0
      vertex 141.46773399938778 50.55319467640773 4
    endloop
  endfacet
  facet normal 0.5555702330195683 -0.8314696123025679 0
    outer loop
      vertex 141.46773399938778 50.55319467640773 0
      vertex 141.62 50.65493556529822 0
      vertex 141.62 50.65493556529822 4
    endloop
  endfacet
  facet normal -0.997858923238599 -0.06540312923021181 2.6049919798996415e-17
    outer loop
      vertex 143.71062206552028 49.58557963108604 4
      vertex 143.70802280592332 49.62523666910808 0
      vertex 143.72 49.4425 0
    endloop
  endfacet
  facet normal -0.9807852804032394 -0.19509032201608292 0
    outer loop
      vertex 143.70802280592332 49.62523666910808 0
      vertex 143.70802280592332 49.62523666910808 4
      vertex 143.6722961568047 49.80484666314353 0
    endloop
  endfacet
  facet normal -0.9469301294951216 -0.3214394653031145 0
    outer loop
      vertex 143.6134313455158 49.978256805311126 0
      vertex 143.6722961568047 49.80484666314353 0
      vertex 143.6722961568047 49.80484666314353 4
    endloop
  endfacet
  facet normal -0.8968727415326768 -0.4422886902190247 0
    outer loop
      vertex 143.6134313455158 49.978256805311126 4
      vertex 143.53243556529821 50.1425 0
      vertex 143.6134313455158 49.978256805311126 0
    endloop
  endfacet
  facet normal -0.751839807478974 -0.6593458151000726 0
    outer loop
      vertex 143.4306946764077 50.29476600061221 0
      vertex 143.4306946764077 50.29476600061221 4
      vertex 143.30994949366115 50.43244949366117 0
    endloop
  endfacet
  facet normal -0.831469612302508 -0.5555702330196578 0
    outer loop
      vertex 143.4306946764077 50.29476600061221 0
      vertex 143.53243556529821 50.1425 0
      vertex 143.53243556529821 50.1425 4
    endloop
  endfacet
  facet normal -0.6593458151001111 -0.7518398074789403 0
    outer loop
      vertex 143.30994949366115 50.43244949366117 0
      vertex 143.30994949366115 50.43244949366117 4
      vertex 143.1722660006122 50.55319467640773 0
    endloop
  endfacet
  facet normal -0.5555702330195683 -0.8314696123025679 0
    outer loop
      vertex 143.01999999999998 50.65493556529822 0
      vertex 143.1722660006122 50.55319467640773 0
      vertex 143.1722660006122 50.55319467640773 4
    endloop
  endfacet
  facet normal 0.4422886902190397 -0.8968727415326694 0
    outer loop
      vertex 141.62 50.65493556529822 0
      vertex 141.78424319468886 50.7359313455158 0
      vertex 141.78424319468886 50.7359313455158 4
    endloop
  endfacet
  facet normal 0.3214394653031493 -0.9469301294951098 0
    outer loop
      vertex 141.78424319468886 50.7359313455158 0
      vertex 141.95765333685645 50.79479615680469 0
      vertex 141.95765333685645 50.79479615680469 4
    endloop
  endfacet
  facet normal 0.1950903220161353 -0.9807852804032291 0
    outer loop
      vertex 141.95765333685645 50.79479615680469 0
      vertex 142.13726333089193 50.83052280592334 0
      vertex 142.13726333089193 50.83052280592334 4
    endloop
  endfacet
  facet normal -0.06540312923013708 -0.997858923238604 0
    outer loop
      vertex 142.32 50.8425 0
      vertex 142.50273666910806 50.83052280592334 0
      vertex 142.50273666910806 50.83052280592334 4
    endloop
  endfacet
  facet normal 0.06540312923013708 -0.997858923238604 0
    outer loop
      vertex 142.32 50.8425 0
      vertex 142.32 50.8425 4
      vertex 142.13726333089193 50.83052280592334 0
    endloop
  endfacet
  facet normal -0.4422886902190397 -0.8968727415326694 0
    outer loop
      vertex 142.85575680531113 50.7359313455158 0
      vertex 143.01999999999998 50.65493556529822 0
      vertex 143.01999999999998 50.65493556529822 4
    endloop
  endfacet
  facet normal -0.3214394653031493 -0.9469301294951098 0
    outer loop
      vertex 142.85575680531113 50.7359313455158 0
      vertex 142.85575680531113 50.7359313455158 4
      vertex 142.68234666314353 50.79479615680469 0
    endloop
  endfacet
  facet normal -0.1950903220161353 -0.9807852804032291 0
    outer loop
      vertex 142.50273666910806 50.83052280592334 0
      vertex 142.68234666314353 50.79479615680469 0
      vertex 142.68234666314353 50.79479615680469 4
    endloop
  endfacet
  facet normal 0.9807852804032139 0.19509032201621132 0
    outer loop
      vertex 140.94386485970688 42 0
      vertex 140.93197719407667 42.059763330891926 4
      vertex 140.94386485970688 42 4
    endloop
  endfacet
  facet normal 0.9978589232385988 0.06540312923021444 0
    outer loop
      vertex 140.9293779344797 42.09942036891396 4
      vertex 140.93197719407667 42.059763330891926 4
      vertex 140.93197719407667 42.059763330891926 0
    endloop
  endfacet
  facet normal -0.9807852804032139 0.19509032201621132 0
    outer loop
      vertex 143.70802280592332 42.059763330891926 0
      vertex 143.6961351402931 42 4
      vertex 143.70802280592332 42.059763330891926 4
    endloop
  endfacet
  facet normal -0.9978589232385988 0.06540312923021444 1.2003608469084446e-16
    outer loop
      vertex 143.71062206552028 42.09942036891396 4
      vertex 143.72 42.2425 0
      vertex 143.70802280592332 42.059763330891926 4
    endloop
  endfacet
  facet normal 0.997858923238599 0.06540312923021181 0
    outer loop
      vertex 140.93197719407667 42.059763330891926 0
      vertex 140.92 42.2425 0
      vertex 140.92 42.2425 10
    endloop
  endfacet
  facet normal -1 0 0
    outer loop
      vertex 143.72 42.2425 0
      vertex 143.72 42.2425 10
      vertex 143.72 49.4425 0
    endloop
  endfacet
  facet normal 0.9978589232385991 0.0654031292302087 5.694513191908554e-17
    outer loop
      vertex 140.9293779344797 42.09942036891396 4
      vertex 140.93197719407667 42.059763330891926 0
      vertex 140.92 42.2425 10
    endloop
  endfacet
  facet normal -0.997858923238599 0.06540312923021109 0
    outer loop
      vertex 143.71062206552028 42.09942036891396 4
      vertex 143.71062206552028 42.09942036891396 10
      vertex 143.72 42.2425 0
    endloop
  endfacet
  facet normal 1 0 0
    outer loop
      vertex 140.92 42.2425 0
      vertex 140.92 49.4425 0
      vertex 140.92 49.4425 10
    endloop
  endfacet
  facet normal 0.9978589232385988 -0.06540312923021444 1.2003608469084446e-16
    outer loop
      vertex 140.9293779344797 49.58557963108604 4
      vertex 140.92 49.4425 0
      vertex 140.93197719407667 49.62523666910808 4
    endloop
  endfacet
  facet normal 0.9807852804032394 -0.19509032201608292 0
    outer loop
      vertex 140.9677038431953 49.80484666314353 4
      vertex 140.93197719407667 49.62523666910808 4
      vertex 140.93197719407667 49.62523666910808 0
    endloop
  endfacet
  facet normal 0.9469301294951216 -0.3214394653031145 0
    outer loop
      vertex 141.02656865448418 49.978256805311126 4
      vertex 140.9677038431953 49.80484666314353 4
      vertex 140.9677038431953 49.80484666314353 0
    endloop
  endfacet
  facet normal 0.8968727415326768 -0.4422886902190247 0
    outer loop
      vertex 141.10756443470177 50.1425 4
      vertex 141.02656865448418 49.978256805311126 4
      vertex 141.02656865448418 49.978256805311126 0
    endloop
  endfacet
  facet normal 0.831469612302508 -0.5555702330196578 0
    outer loop
      vertex 141.10756443470177 50.1425 0
      vertex 141.20930532359228 50.29476600061221 4
      vertex 141.10756443470177 50.1425 4
    endloop
  endfacet
  facet normal 0.751839807478974 -0.6593458151000726 0
    outer loop
      vertex 141.20930532359228 50.29476600061221 0
      vertex 141.33005050633884 50.43244949366117 4
      vertex 141.20930532359228 50.29476600061221 4
    endloop
  endfacet
  facet normal 0.6593458151001111 -0.7518398074789403 0
    outer loop
      vertex 141.33005050633884 50.43244949366117 0
      vertex 141.46773399938778 50.55319467640773 4
      vertex 141.33005050633884 50.43244949366117 4
    endloop
  endfacet
  facet normal 0.5555702330195683 -0.8314696123025679 0
    outer loop
      vertex 141.46773399938778 50.55319467640773 0
      vertex 141.62 50.65493556529822 4
      vertex 141.46773399938778 50.55319467640773 4
    endloop
  endfacet
  facet normal -0.9978589232385988 -0.06540312923021444 0
    outer loop
      vertex 143.71062206552028 49.58557963108604 4
      vertex 143.70802280592332 49.62523666910808 4
      vertex 143.70802280592332 49.62523666910808 0
    endloop
  endfacet
  facet normal -0.9807852804032394 -0.19509032201608292 0
    outer loop
      vertex 143.6722961568047 49.80484666314353 0
      vertex 143.70802280592332 49.62523666910808 4
      vertex 143.6722961568047 49.80484666314353 4
    endloop
  endfacet
  facet normal -0.9469301294951216 -0.3214394653031145 0
    outer loop
      vertex 143.6134313455158 49.978256805311126 0
      vertex 143.6722961568047 49.80484666314353 4
      vertex 143.6134313455158 49.978256805311126 4
    endloop
  endfacet
  facet normal -0.8968727415326768 -0.4422886902190247 0
    outer loop
      vertex 143.53243556529821 50.1425 0
      vertex 143.6134313455158 49.978256805311126 4
      vertex 143.53243556529821 50.1425 4
    endloop
  endfacet
  facet normal -0.831469612302508 -0.5555702330196578 0
    outer loop
      vertex 143.4306946764077 50.29476600061221 0
      vertex 143.53243556529821 50.1425 4
      vertex 143.4306946764077 50.29476600061221 4
    endloop
  endfacet
  facet normal -0.751839807478974 -0.6593458151000726 0
    outer loop
      vertex 143.30994949366115 50.43244949366117 0
      vertex 143.4306946764077 50.29476600061221 4
      vertex 143.30994949366115 50.43244949366117 4
    endloop
  endfacet
  facet normal -0.5555702330195683 -0.8314696123025679 0
    outer loop
      vertex 143.01999999999998 50.65493556529822 0
      vertex 143.1722660006122 50.55319467640773 4
      vertex 143.01999999999998 50.65493556529822 4
    endloop
  endfacet
  facet normal -0.6593458151001111 -0.7518398074789403 0
    outer loop
      vertex 143.1722660006122 50.55319467640773 0
      vertex 143.30994949366115 50.43244949366117 4
      vertex 143.1722660006122 50.55319467640773 4
    endloop
  endfacet
  facet normal 0.4422886902190397 -0.8968727415326694 0
    outer loop
      vertex 141.62 50.65493556529822 0
      vertex 141.78424319468886 50.7359313455158 4
      vertex 141.62 50.65493556529822 4
    endloop
  endfacet
  facet normal 0.3214394653031493 -0.9469301294951098 0
    outer loop
      vertex 141.78424319468886 50.7359313455158 0
      vertex 141.95765333685645 50.79479615680469 4
      vertex 141.78424319468886 50.7359313455158 4
    endloop
  endfacet
  facet normal 0.06540312923013708 -0.997858923238604 0
    outer loop
      vertex 142.13726333089193 50.83052280592334 0
      vertex 142.32 50.8425 4
      vertex 142.13726333089193 50.83052280592334 4
    endloop
  endfacet
  facet normal 0.1950903220161353 -0.9807852804032291 0
    outer loop
      vertex 141.95765333685645 50.79479615680469 0
      vertex 142.13726333089193 50.83052280592334 4
      vertex 141.95765333685645 50.79479615680469 4
    endloop
  endfacet
  facet normal -0.06540312923013708 -0.997858923238604 0
    outer loop
      vertex 142.32 50.8425 0
      vertex 142.50273666910806 50.83052280592334 4
      vertex 142.32 50.8425 4
    endloop
  endfacet
  facet normal -0.4422886902190397 -0.8968727415326694 0
    outer loop
      vertex 142.85575680531113 50.7359313455158 0
      vertex 143.01999999999998 50.65493556529822 4
      vertex 142.85575680531113 50.7359313455158 4
    endloop
  endfacet
  facet normal -0.1950903220161353 -0.9807852804032291 0
    outer loop
      vertex 142.50273666910806 50.83052280592334 0
      vertex 142.68234666314353 50.79479615680469 4
      vertex 142.50273666910806 50.83052280592334 4
    endloop
  endfacet
  facet normal -0.3214394653031493 -0.9469301294951098 0
    outer loop
      vertex 142.68234666314353 50.79479615680469 0
      vertex 142.85575680531113 50.7359313455158 4
      vertex 142.68234666314353 50.79479615680469 4
    endloop
  endfacet
  facet normal 0.997858923238599 -0.06540312923021109 0
    outer loop
      vertex 140.9293779344797 49.58557963108604 4
      vertex 140.9293779344797 49.58557963108604 10
      vertex 140.92 49.4425 0
    endloop
  endfacet
  facet normal -0.997858923238599 -0.06540312923021109 0
    outer loop
      vertex 143.71062206552028 49.58557963108604 4
      vertex 143.72 49.4425 0
      vertex 143.71062206552028 49.58557963108604 10
    endloop
  endfacet
  facet normal -0.997858923238599 0.06540312923021109 0
    outer loop
      vertex 143.72 42.2425 0
      vertex 143.71062206552028 42.09942036891396 10
      vertex 143.72 42.2425 10
    endloop
  endfacet
  facet normal 1 0 0
    outer loop
      vertex 140.92 49.4425 10
      vertex 140.92 42.2425 10
      vertex 140.92 42.2425 0
    endloop
  endfacet
  facet normal -1 0 0
    outer loop
      vertex 143.72 49.4425 0
      vertex 143.72 42.2425 10
      vertex 143.72 49.4425 10
    endloop
  endfacet
  facet normal 0.997858923238599 -0.06540312923021109 0
    outer loop
      vertex 140.92 49.4425 0
      vertex 140.9293779344797 49.58557963108604 10
      vertex 140.92 49.4425 10
    endloop
  endfacet
  facet normal -0.997858923238599 -0.06540312923021109 0
    outer loop
      vertex 143.72 49.4425 0
      vertex 143.72 49.4425 10
      vertex 143.71062206552028 49.58557963108604 10
    endloop
  endfacet
  facet normal 0.997858923238599 0.06540312923021109 0
    outer loop
      vertex 140.9293779344797 42.09942036891396 4
      vertex 140.92 42.2425 10
      vertex 140.9293779344797 42.09942036891396 10
    endloop
  endfacet
  facet normal 0 1 0
    outer loop
      vertex 100.30386485970688 30 0
      vertex 100 30 0
      vertex 100 30 4
    endloop
  endfacet
  facet normal 0 1 0
    outer loop
      vertex 105.18100866991747 30 4
      vertex 134.5 30 0
      vertex 103.05613514029314 30 0
    endloop
  endfacet
  facet normal 0 1 0
    outer loop
      vertex 100.30386485970688 30 0
      vertex 100 30 4
      vertex 100.30386485970688 30 4
    endloop
  endfacet
  facet normal 0 1 0
    outer loop
      vertex 105.18100866991747 30 4
      vertex 103.05613514029314 30 0
      vertex 103.05613514029314 30 4
    endloop
  endfacet
  facet normal 1 0 0
    outer loop
      vertex 100 42 4
      vertex 100 30 4
      vertex 100 30 0
    endloop
  endfacet
  facet normal 1 0 0
    outer loop
      vertex 100 30 0
      vertex 100 42 0
      vertex 100 42 4
    endloop
  endfacet
  facet normal 0 -1 0
    outer loop
      vertex 100 42 0
      vertex 100.30386485970688 42 0
      vertex 100.30386485970688 42 4
    endloop
  endfacet
  facet normal 0 -1 0
    outer loop
      vertex 107.22267206477734 42 0
      vertex 140.78926627053963 42 4
      vertex 103.05613514029314 42 0
    endloop
  endfacet
  facet normal 0 -1 0
    outer loop
      vertex 100 42 4
      vertex 100 42 0
      vertex 100.30386485970688 42 4
    endloop
  endfacet
  facet normal 0 -1 0
    outer loop
      vertex 140.78926627053963 42 4
      vertex 103.05613514029314 42 4
      vertex 103.05613514029314 42 0
    endloop
  endfacet
  facet normal 0 1 0
    outer loop
      vertex 134.5 30 0
      vertex 105.18100866991747 30 4
      vertex 140.94386485970688 30 0
    endloop
  endfacet
  facet normal 0 1 0
    outer loop
      vertex 144 30 0
      vertex 143.6961351402931 30 0
      vertex 143.6961351402931 30 4
    endloop
  endfacet
  facet normal -1 0 0
    outer loop
      vertex 144 30 0
      vertex 144 30 4
      vertex 144 42 0
    endloop
  endfacet
  facet normal 0 1 0
    outer loop
      vertex 105.18100866991747 30 4
      vertex 140.94386485970688 30 4
      vertex 140.94386485970688 30 0
    endloop
  endfacet
  facet normal 0 1 0
    outer loop
      vertex 144 30 4
      vertex 144 30 0
      vertex 143.6961351402931 30 4
    endloop
  endfacet
  facet normal 0 -1 0
    outer loop
      vertex 140.78926627053963 42 4
      vertex 107.22267206477734 42 0
      vertex 140.94386485970688 42 0
    endloop
  endfacet
  facet normal 0 -1 0
    outer loop
      vertex 143.6961351402931 42 0
      vertex 144 42 0
      vertex 144 42 4
    endloop
  endfacet
  facet normal -1 0 0
    outer loop
      vertex 144 30 4
      vertex 144 42 4
      vertex 144 42 0
    endloop
  endfacet
  facet normal 0 -1 0
    outer loop
      vertex 140.78926627053963 42 4
      vertex 140.94386485970688 42 0
      vertex 140.94386485970688 42 4
    endloop
  endfacet
  facet normal 0 -1 0
    outer loop
      vertex 143.6961351402931 42 0
      vertex 144 42 4
      vertex 143.6961351402931 42 4
    endloop
  endfacet
endsolid OpenSCAD_Model
