solid OpenSCAD_Model
  facet normal 1 -0 0
    outer loop
      vertex 244 0 4
      vertex 244 80 0
      vertex 244 80 4
    endloop
  endfacet
  facet normal 1 0 0
    outer loop
      vertex 244 80 0
      vertex 244 0 4
      vertex 244 0 0
    endloop
  endfacet
  facet normal -0 0 1
    outer loop
      vertex 3.61679 73.3303 4
      vertex 12 68 4
      vertex 3.69037 73.5471 4
    endloop
  endfacet
  facet normal 0 0 1
    outer loop
      vertex 12 12 4
      vertex 3.73503 6.22842 4
      vertex 3.75 6 4
    endloop
  endfacet
  facet normal -0 0 1
    outer loop
      vertex 3.51554 73.125 4
      vertex 12 68 4
      vertex 3.61679 73.3303 4
    endloop
  endfacet
  facet normal 0 0 1
    outer loop
      vertex 12 12 4
      vertex 3.69037 6.45293 4
      vertex 3.73503 6.22842 4
    endloop
  endfacet
  facet normal -0 0 1
    outer loop
      vertex 3.38837 72.9347 4
      vertex 12 68 4
      vertex 3.51554 73.125 4
    endloop
  endfacet
  facet normal 0 0 1
    outer loop
      vertex 12 12 4
      vertex 3.61679 6.6697 4
      vertex 3.69037 6.45293 4
    endloop
  endfacet
  facet normal -0 0 1
    outer loop
      vertex 3.23744 72.7626 4
      vertex 12 68 4
      vertex 3.38837 72.9347 4
    endloop
  endfacet
  facet normal 0 0 1
    outer loop
      vertex 12 12 4
      vertex 3.51554 6.875 4
      vertex 3.61679 6.6697 4
    endloop
  endfacet
  facet normal -0 0 1
    outer loop
      vertex 3.06533 72.6116 4
      vertex 12 68 4
      vertex 3.23744 72.7626 4
    endloop
  endfacet
  facet normal 0 0 1
    outer loop
      vertex 12 12 4
      vertex 3.38837 7.06533 4
      vertex 3.51554 6.875 4
    endloop
  endfacet
  facet normal -0 0 1
    outer loop
      vertex 2.875 72.4845 4
      vertex 12 68 4
      vertex 3.06533 72.6116 4
    endloop
  endfacet
  facet normal 0 0 1
    outer loop
      vertex 12 12 4
      vertex 3.23744 7.23744 4
      vertex 3.38837 7.06533 4
    endloop
  endfacet
  facet normal -0 0 1
    outer loop
      vertex 2.6697 72.3832 4
      vertex 12 68 4
      vertex 2.875 72.4845 4
    endloop
  endfacet
  facet normal 0 0 1
    outer loop
      vertex 12 12 4
      vertex 3.06533 7.38837 4
      vertex 3.23744 7.23744 4
    endloop
  endfacet
  facet normal -0 0 1
    outer loop
      vertex 2.45293 72.3096 4
      vertex 12 68 4
      vertex 2.6697 72.3832 4
    endloop
  endfacet
  facet normal 0 0 1
    outer loop
      vertex 12 12 4
      vertex 2.875 7.51554 4
      vertex 3.06533 7.38837 4
    endloop
  endfacet
  facet normal -0 0 1
    outer loop
      vertex 2.22842 72.265 4
      vertex 12 68 4
      vertex 2.45293 72.3096 4
    endloop
  endfacet
  facet normal 0 0 1
    outer loop
      vertex 12 12 4
      vertex 2.6697 7.61679 4
      vertex 2.875 7.51554 4
    endloop
  endfacet
  facet normal -0 0 1
    outer loop
      vertex 2 72.25 4
      vertex 12 68 4
      vertex 2.22842 72.265 4
    endloop
  endfacet
  facet normal 0 0 1
    outer loop
      vertex 12 12 4
      vertex 2.45293 7.69037 4
      vertex 2.6697 7.61679 4
    endloop
  endfacet
  facet normal 0 0 1
    outer loop
      vertex 1.77158 72.265 4
      vertex 12 68 4
      vertex 2 72.25 4
    endloop
  endfacet
  facet normal 0 0 1
    outer loop
      vertex 12 12 4
      vertex 2.22842 7.73503 4
      vertex 2.45293 7.69037 4
    endloop
  endfacet
  facet normal 0 0 1
    outer loop
      vertex 1.54707 72.3096 4
      vertex 12 68 4
      vertex 1.77158 72.265 4
    endloop
  endfacet
  facet normal 0 0 1
    outer loop
      vertex 12 12 4
      vertex 2 7.75 4
      vertex 2.22842 7.73503 4
    endloop
  endfacet
  facet normal 0 0 1
    outer loop
      vertex 12 68 4
      vertex 1.54707 72.3096 4
      vertex 12 12 4
    endloop
  endfacet
  facet normal 0 0 1
    outer loop
      vertex 12 12 4
      vertex 1.77158 7.73503 4
      vertex 2 7.75 4
    endloop
  endfacet
  facet normal 0 0 1
    outer loop
      vertex 1.54707 7.69037 4
      vertex 12 12 4
      vertex 1.54707 72.3096 4
    endloop
  endfacet
  facet normal 0 0 1
    outer loop
      vertex 12 12 4
      vertex 1.54707 7.69037 4
      vertex 1.77158 7.73503 4
    endloop
  endfacet
  facet normal 0 0 1
    outer loop
      vertex 1.3303 72.3832 4
      vertex 1.54707 7.69037 4
      vertex 1.54707 72.3096 4
    endloop
  endfacet
  facet normal 0 0 1
    outer loop
      vertex 1.3303 72.3832 4
      vertex 1.3303 7.61679 4
      vertex 1.54707 7.69037 4
    endloop
  endfacet
  facet normal 0 0 1
    outer loop
      vertex 1.125 72.4845 4
      vertex 1.3303 7.61679 4
      vertex 1.3303 72.3832 4
    endloop
  endfacet
  facet normal 0 0 1
    outer loop
      vertex 1.125 72.4845 4
      vertex 1.125 7.51554 4
      vertex 1.3303 7.61679 4
    endloop
  endfacet
  facet normal 0 0 1
    outer loop
      vertex 0.934667 72.6116 4
      vertex 1.125 7.51554 4
      vertex 1.125 72.4845 4
    endloop
  endfacet
  facet normal 0 0 1
    outer loop
      vertex 0.934667 72.6116 4
      vertex 0.934667 7.38837 4
      vertex 1.125 7.51554 4
    endloop
  endfacet
  facet normal 0 0 1
    outer loop
      vertex 0.762563 72.7626 4
      vertex 0.934667 7.38837 4
      vertex 0.934667 72.6116 4
    endloop
  endfacet
  facet normal 0 0 1
    outer loop
      vertex 0.762563 72.7626 4
      vertex 0.762563 7.23744 4
      vertex 0.934667 7.38837 4
    endloop
  endfacet
  facet normal 0 0 1
    outer loop
      vertex 0.611631 72.9347 4
      vertex 0.762563 7.23744 4
      vertex 0.762563 72.7626 4
    endloop
  endfacet
  facet normal 0 0 1
    outer loop
      vertex 0.611631 72.9347 4
      vertex 0.611631 7.06533 4
      vertex 0.762563 7.23744 4
    endloop
  endfacet
  facet normal 0 0 1
    outer loop
      vertex 0.484455 73.125 4
      vertex 0.611631 7.06533 4
      vertex 0.611631 72.9347 4
    endloop
  endfacet
  facet normal 0 0 1
    outer loop
      vertex 0.484455 73.125 4
      vertex 0.484455 6.875 4
      vertex 0.611631 7.06533 4
    endloop
  endfacet
  facet normal 0 0 1
    outer loop
      vertex 0.38321 73.3303 4
      vertex 0.484455 6.875 4
      vertex 0.484455 73.125 4
    endloop
  endfacet
  facet normal 0 0 1
    outer loop
      vertex 0.38321 73.3303 4
      vertex 0.38321 6.6697 4
      vertex 0.484455 6.875 4
    endloop
  endfacet
  facet normal 0 0 1
    outer loop
      vertex 0.309629 73.5471 4
      vertex 0.38321 6.6697 4
      vertex 0.38321 73.3303 4
    endloop
  endfacet
  facet normal 0 0 1
    outer loop
      vertex 0.309629 73.5471 4
      vertex 0.309629 6.45293 4
      vertex 0.38321 6.6697 4
    endloop
  endfacet
  facet normal 0 0 1
    outer loop
      vertex 0.264971 73.7716 4
      vertex 0.309629 6.45293 4
      vertex 0.309629 73.5471 4
    endloop
  endfacet
  facet normal 0 0 1
    outer loop
      vertex 0.264971 73.7716 4
      vertex 0.264971 6.22842 4
      vertex 0.309629 6.45293 4
    endloop
  endfacet
  facet normal 0 0 1
    outer loop
      vertex 0.25 74 4
      vertex 0.264971 6.22842 4
      vertex 0.264971 73.7716 4
    endloop
  endfacet
  facet normal 0 0 1
    outer loop
      vertex 0.264971 6.22842 4
      vertex 0.25 74 4
      vertex 0.25 6 4
    endloop
  endfacet
  facet normal 0 0 1
    outer loop
      vertex 83.8401 57.1964 4
      vertex 160.16 57.1964 4
      vertex 83.9284 57.4565 4
    endloop
  endfacet
  facet normal 0 0 1
    outer loop
      vertex 160.16 22.8036 4
      vertex 83.982 22.2741 4
      vertex 84 22 4
    endloop
  endfacet
  facet normal 0 0 1
    outer loop
      vertex 160.16 57.1964 4
      vertex 83.8401 57.1964 4
      vertex 160.16 22.8036 4
    endloop
  endfacet
  facet normal 0 0 1
    outer loop
      vertex 160.16 22.8036 4
      vertex 83.9284 22.5435 4
      vertex 83.982 22.2741 4
    endloop
  endfacet
  facet normal 0 0 1
    outer loop
      vertex 83.8401 22.8036 4
      vertex 160.16 22.8036 4
      vertex 83.8401 57.1964 4
    endloop
  endfacet
  facet normal 0 0 1
    outer loop
      vertex 160.16 22.8036 4
      vertex 83.8401 22.8036 4
      vertex 83.9284 22.5435 4
    endloop
  endfacet
  facet normal -0 0 1
    outer loop
      vertex 83.7187 56.95 4
      vertex 83.8401 22.8036 4
      vertex 83.8401 57.1964 4
    endloop
  endfacet
  facet normal 0 0 1
    outer loop
      vertex 83.7187 56.95 4
      vertex 83.7187 23.05 4
      vertex 83.8401 22.8036 4
    endloop
  endfacet
  facet normal -0 0 1
    outer loop
      vertex 83.566 56.7216 4
      vertex 83.7187 23.05 4
      vertex 83.7187 56.95 4
    endloop
  endfacet
  facet normal 0 0 1
    outer loop
      vertex 83.566 56.7216 4
      vertex 83.566 23.2784 4
      vertex 83.7187 23.05 4
    endloop
  endfacet
  facet normal -0 0 1
    outer loop
      vertex 83.3849 56.5151 4
      vertex 83.566 23.2784 4
      vertex 83.566 56.7216 4
    endloop
  endfacet
  facet normal 0 0 1
    outer loop
      vertex 83.3849 56.5151 4
      vertex 83.3849 23.4849 4
      vertex 83.566 23.2784 4
    endloop
  endfacet
  facet normal -0 0 1
    outer loop
      vertex 83.1784 56.334 4
      vertex 83.3849 23.4849 4
      vertex 83.3849 56.5151 4
    endloop
  endfacet
  facet normal 0 0 1
    outer loop
      vertex 83.1784 56.334 4
      vertex 83.1784 23.666 4
      vertex 83.3849 23.4849 4
    endloop
  endfacet
  facet normal -0 0 1
    outer loop
      vertex 82.95 56.1813 4
      vertex 83.1784 23.666 4
      vertex 83.1784 56.334 4
    endloop
  endfacet
  facet normal 0 0 1
    outer loop
      vertex 82.95 56.1813 4
      vertex 82.95 23.8187 4
      vertex 83.1784 23.666 4
    endloop
  endfacet
  facet normal -0 0 1
    outer loop
      vertex 82.7036 56.0599 4
      vertex 82.95 23.8187 4
      vertex 82.95 56.1813 4
    endloop
  endfacet
  facet normal 0 0 1
    outer loop
      vertex 82.7036 56.0599 4
      vertex 82.7036 23.9401 4
      vertex 82.95 23.8187 4
    endloop
  endfacet
  facet normal -0 0 1
    outer loop
      vertex 82.4435 55.9716 4
      vertex 82.7036 23.9401 4
      vertex 82.7036 56.0599 4
    endloop
  endfacet
  facet normal 0 0 1
    outer loop
      vertex 82.4435 55.9716 4
      vertex 82.4435 24.0284 4
      vertex 82.7036 23.9401 4
    endloop
  endfacet
  facet normal -0 0 1
    outer loop
      vertex 82.1741 55.918 4
      vertex 82.4435 24.0284 4
      vertex 82.4435 55.9716 4
    endloop
  endfacet
  facet normal 0 0 1
    outer loop
      vertex 82.1741 55.918 4
      vertex 82.1741 24.082 4
      vertex 82.4435 24.0284 4
    endloop
  endfacet
  facet normal -0 0 1
    outer loop
      vertex 81.9 55.9 4
      vertex 82.1741 24.082 4
      vertex 82.1741 55.918 4
    endloop
  endfacet
  facet normal 0 0 1
    outer loop
      vertex 81.9 55.9 4
      vertex 81.9 24.1 4
      vertex 82.1741 24.082 4
    endloop
  endfacet
  facet normal -0 0 1
    outer loop
      vertex 66.1 55.9 4
      vertex 81.9 24.1 4
      vertex 81.9 55.9 4
    endloop
  endfacet
  facet normal 0 0 1
    outer loop
      vertex 66.1 55.9 4
      vertex 66.1 24.1 4
      vertex 81.9 24.1 4
    endloop
  endfacet
  facet normal 0 0 1
    outer loop
      vertex 65.8259 55.918 4
      vertex 66.1 24.1 4
      vertex 66.1 55.9 4
    endloop
  endfacet
  facet normal 0 0 1
    outer loop
      vertex 65.8259 55.918 4
      vertex 65.8259 24.082 4
      vertex 66.1 24.1 4
    endloop
  endfacet
  facet normal 0 0 1
    outer loop
      vertex 65.5565 55.9716 4
      vertex 65.8259 24.082 4
      vertex 65.8259 55.918 4
    endloop
  endfacet
  facet normal 0 0 1
    outer loop
      vertex 65.5565 55.9716 4
      vertex 65.5565 24.0284 4
      vertex 65.8259 24.082 4
    endloop
  endfacet
  facet normal 0 0 1
    outer loop
      vertex 65.2964 56.0599 4
      vertex 65.5565 24.0284 4
      vertex 65.5565 55.9716 4
    endloop
  endfacet
  facet normal 0 0 1
    outer loop
      vertex 65.2964 56.0599 4
      vertex 65.2964 23.9401 4
      vertex 65.5565 24.0284 4
    endloop
  endfacet
  facet normal 0 0 1
    outer loop
      vertex 65.05 56.1813 4
      vertex 65.2964 23.9401 4
      vertex 65.2964 56.0599 4
    endloop
  endfacet
  facet normal 0 0 1
    outer loop
      vertex 65.05 56.1813 4
      vertex 65.05 23.8187 4
      vertex 65.2964 23.9401 4
    endloop
  endfacet
  facet normal 0 0 1
    outer loop
      vertex 64.8216 56.334 4
      vertex 65.05 23.8187 4
      vertex 65.05 56.1813 4
    endloop
  endfacet
  facet normal 0 0 1
    outer loop
      vertex 64.8216 56.334 4
      vertex 64.8216 23.666 4
      vertex 65.05 23.8187 4
    endloop
  endfacet
  facet normal 0 0 1
    outer loop
      vertex 64.6151 56.5151 4
      vertex 64.8216 23.666 4
      vertex 64.8216 56.334 4
    endloop
  endfacet
  facet normal 0 0 1
    outer loop
      vertex 64.6151 56.5151 4
      vertex 64.6151 23.4849 4
      vertex 64.8216 23.666 4
    endloop
  endfacet
  facet normal 0 0 1
    outer loop
      vertex 64.434 56.7216 4
      vertex 64.6151 23.4849 4
      vertex 64.6151 56.5151 4
    endloop
  endfacet
  facet normal 0 0 1
    outer loop
      vertex 64.434 56.7216 4
      vertex 64.434 23.2784 4
      vertex 64.6151 23.4849 4
    endloop
  endfacet
  facet normal 0 0 1
    outer loop
      vertex 64.2813 56.95 4
      vertex 64.434 23.2784 4
      vertex 64.434 56.7216 4
    endloop
  endfacet
  facet normal 0 0 1
    outer loop
      vertex 64.2813 56.95 4
      vertex 64.2813 23.05 4
      vertex 64.434 23.2784 4
    endloop
  endfacet
  facet normal 0 0 1
    outer loop
      vertex 64.1599 57.1964 4
      vertex 64.2813 23.05 4
      vertex 64.2813 56.95 4
    endloop
  endfacet
  facet normal 0 0 1
    outer loop
      vertex 64.1599 57.1964 4
      vertex 64.1599 22.8036 4
      vertex 64.2813 23.05 4
    endloop
  endfacet
  facet normal 0 0 1
    outer loop
      vertex 64.0716 57.4565 4
      vertex 64.1599 22.8036 4
      vertex 64.1599 57.1964 4
    endloop
  endfacet
  facet normal 0 0 1
    outer loop
      vertex 64.0716 57.4565 4
      vertex 64.0716 22.5435 4
      vertex 64.1599 22.8036 4
    endloop
  endfacet
  facet normal 0 0 1
    outer loop
      vertex 59 68 4
      vertex 64.0716 57.4565 4
      vertex 64.018 57.7259 4
    endloop
  endfacet
  facet normal 0 0 1
    outer loop
      vertex 64.0716 57.4565 4
      vertex 59 68 4
      vertex 64.0716 22.5435 4
    endloop
  endfacet
  facet normal 0 0 1
    outer loop
      vertex 59 68 4
      vertex 64.018 57.7259 4
      vertex 64 58 4
    endloop
  endfacet
  facet normal 0 0 1
    outer loop
      vertex 59 12 4
      vertex 64.0716 22.5435 4
      vertex 59 68 4
    endloop
  endfacet
  facet normal -0 0 1
    outer loop
      vertex 177.9 55.9 4
      vertex 178 52 4
      vertex 178 55.9066 4
    endloop
  endfacet
  facet normal -0 0 1
    outer loop
      vertex 162.1 55.9 4
      vertex 178 52 4
      vertex 177.9 55.9 4
    endloop
  endfacet
  facet normal 0 0 1
    outer loop
      vertex 178 52 4
      vertex 162.1 55.9 4
      vertex 178 40 4
    endloop
  endfacet
  facet normal 0 0 1
    outer loop
      vertex 181.5 28 4
      vertex 179.982 22.2741 4
      vertex 180 22 4
    endloop
  endfacet
  facet normal 0 0 1
    outer loop
      vertex 181.5 28 4
      vertex 179.928 22.5435 4
      vertex 179.982 22.2741 4
    endloop
  endfacet
  facet normal 0 0 1
    outer loop
      vertex 181.5 28 4
      vertex 179.84 22.8036 4
      vertex 179.928 22.5435 4
    endloop
  endfacet
  facet normal 0 0 1
    outer loop
      vertex 181.5 28 4
      vertex 179.719 23.05 4
      vertex 179.84 22.8036 4
    endloop
  endfacet
  facet normal 0 0 1
    outer loop
      vertex 181.5 28 4
      vertex 179.566 23.2784 4
      vertex 179.719 23.05 4
    endloop
  endfacet
  facet normal 0 0 1
    outer loop
      vertex 181.5 28 4
      vertex 179.385 23.4849 4
      vertex 179.566 23.2784 4
    endloop
  endfacet
  facet normal 0 0 1
    outer loop
      vertex 181.5 28 4
      vertex 179.178 23.666 4
      vertex 179.385 23.4849 4
    endloop
  endfacet
  facet normal 0 0 1
    outer loop
      vertex 181.5 28 4
      vertex 178.95 23.8187 4
      vertex 179.178 23.666 4
    endloop
  endfacet
  facet normal 0 0 1
    outer loop
      vertex 181.5 28 4
      vertex 178.704 23.9401 4
      vertex 178.95 23.8187 4
    endloop
  endfacet
  facet normal -0 0 1
    outer loop
      vertex 178 28 4
      vertex 178.704 23.9401 4
      vertex 181.5 28 4
    endloop
  endfacet
  facet normal 0 0 1
    outer loop
      vertex 178.704 23.9401 4
      vertex 178 28 4
      vertex 178.444 24.0284 4
    endloop
  endfacet
  facet normal 0 0 1
    outer loop
      vertex 178.444 24.0284 4
      vertex 178 28 4
      vertex 178.174 24.082 4
    endloop
  endfacet
  facet normal 0 0 1
    outer loop
      vertex 178 28 4
      vertex 177.9 24.1 4
      vertex 178.174 24.082 4
    endloop
  endfacet
  facet normal 0 0 1
    outer loop
      vertex 162.1 24.1 4
      vertex 178 40 4
      vertex 162.1 55.9 4
    endloop
  endfacet
  facet normal 0 0 1
    outer loop
      vertex 178 40 4
      vertex 162.1 24.1 4
      vertex 178 28 4
    endloop
  endfacet
  facet normal 0 0 1
    outer loop
      vertex 178 28 4
      vertex 162.1 24.1 4
      vertex 177.9 24.1 4
    endloop
  endfacet
  facet normal 0 0 1
    outer loop
      vertex 161.826 55.918 4
      vertex 162.1 24.1 4
      vertex 162.1 55.9 4
    endloop
  endfacet
  facet normal 0 0 1
    outer loop
      vertex 161.826 55.918 4
      vertex 161.826 24.082 4
      vertex 162.1 24.1 4
    endloop
  endfacet
  facet normal 0 0 1
    outer loop
      vertex 161.556 55.9716 4
      vertex 161.826 24.082 4
      vertex 161.826 55.918 4
    endloop
  endfacet
  facet normal 0 0 1
    outer loop
      vertex 161.556 55.9716 4
      vertex 161.556 24.0284 4
      vertex 161.826 24.082 4
    endloop
  endfacet
  facet normal 0 0 1
    outer loop
      vertex 161.296 56.0599 4
      vertex 161.556 24.0284 4
      vertex 161.556 55.9716 4
    endloop
  endfacet
  facet normal 0 0 1
    outer loop
      vertex 161.296 56.0599 4
      vertex 161.296 23.9401 4
      vertex 161.556 24.0284 4
    endloop
  endfacet
  facet normal 0 0 1
    outer loop
      vertex 161.05 56.1813 4
      vertex 161.296 23.9401 4
      vertex 161.296 56.0599 4
    endloop
  endfacet
  facet normal 0 0 1
    outer loop
      vertex 161.05 56.1813 4
      vertex 161.05 23.8187 4
      vertex 161.296 23.9401 4
    endloop
  endfacet
  facet normal 0 0 1
    outer loop
      vertex 160.822 56.334 4
      vertex 161.05 23.8187 4
      vertex 161.05 56.1813 4
    endloop
  endfacet
  facet normal 0 0 1
    outer loop
      vertex 160.822 56.334 4
      vertex 160.822 23.666 4
      vertex 161.05 23.8187 4
    endloop
  endfacet
  facet normal 0 0 1
    outer loop
      vertex 160.615 56.5151 4
      vertex 160.822 23.666 4
      vertex 160.822 56.334 4
    endloop
  endfacet
  facet normal 0 0 1
    outer loop
      vertex 160.615 56.5151 4
      vertex 160.615 23.4849 4
      vertex 160.822 23.666 4
    endloop
  endfacet
  facet normal 0 0 1
    outer loop
      vertex 160.434 56.7216 4
      vertex 160.615 23.4849 4
      vertex 160.615 56.5151 4
    endloop
  endfacet
  facet normal 0 0 1
    outer loop
      vertex 160.434 56.7216 4
      vertex 160.434 23.2784 4
      vertex 160.615 23.4849 4
    endloop
  endfacet
  facet normal 0 0 1
    outer loop
      vertex 160.281 56.95 4
      vertex 160.434 23.2784 4
      vertex 160.434 56.7216 4
    endloop
  endfacet
  facet normal 0 0 1
    outer loop
      vertex 160.281 56.95 4
      vertex 160.281 23.05 4
      vertex 160.434 23.2784 4
    endloop
  endfacet
  facet normal 0 0 1
    outer loop
      vertex 160.16 57.1964 4
      vertex 160.281 23.05 4
      vertex 160.281 56.95 4
    endloop
  endfacet
  facet normal 0 0 1
    outer loop
      vertex 160.16 57.1964 4
      vertex 160.16 22.8036 4
      vertex 160.281 23.05 4
    endloop
  endfacet
  facet normal 0 0 1
    outer loop
      vertex 160.018 57.7259 4
      vertex 83.982 57.7259 4
      vertex 160.072 57.4565 4
    endloop
  endfacet
  facet normal 0 0 1
    outer loop
      vertex 83.9284 57.4565 4
      vertex 160.072 57.4565 4
      vertex 83.982 57.7259 4
    endloop
  endfacet
  facet normal 0 0 1
    outer loop
      vertex 83.982 57.7259 4
      vertex 160.018 57.7259 4
      vertex 84 58 4
    endloop
  endfacet
  facet normal 0 0 1
    outer loop
      vertex 160.072 57.4565 4
      vertex 83.9284 57.4565 4
      vertex 160.16 57.1964 4
    endloop
  endfacet
  facet normal -0 0 1
    outer loop
      vertex 84 58 4
      vertex 160.018 57.7259 4
      vertex 160 58 4
    endloop
  endfacet
  facet normal 0 0 1
    outer loop
      vertex 160.16 22.8036 4
      vertex 84 22 4
      vertex 160.072 22.5435 4
    endloop
  endfacet
  facet normal -0 0 1
    outer loop
      vertex 178 52 4
      vertex 181.5 40 4
      vertex 181.5 52 4
    endloop
  endfacet
  facet normal 0 0 1
    outer loop
      vertex 181.5 40 4
      vertex 178 52 4
      vertex 178 40 4
    endloop
  endfacet
  facet normal -0 0 1
    outer loop
      vertex 243.735 73.7716 4
      vertex 243.75 6 4
      vertex 243.75 74 4
    endloop
  endfacet
  facet normal 0 0 1
    outer loop
      vertex 243.735 73.7716 4
      vertex 243.735 6.22842 4
      vertex 243.75 6 4
    endloop
  endfacet
  facet normal -0 0 1
    outer loop
      vertex 243.69 73.5471 4
      vertex 243.735 6.22842 4
      vertex 243.735 73.7716 4
    endloop
  endfacet
  facet normal 0 0 1
    outer loop
      vertex 243.69 73.5471 4
      vertex 243.69 6.45293 4
      vertex 243.735 6.22842 4
    endloop
  endfacet
  facet normal -0 0 1
    outer loop
      vertex 243.617 73.3303 4
      vertex 243.69 6.45293 4
      vertex 243.69 73.5471 4
    endloop
  endfacet
  facet normal 0 0 1
    outer loop
      vertex 243.617 73.3303 4
      vertex 243.617 6.6697 4
      vertex 243.69 6.45293 4
    endloop
  endfacet
  facet normal -0 0 1
    outer loop
      vertex 243.516 73.125 4
      vertex 243.617 6.6697 4
      vertex 243.617 73.3303 4
    endloop
  endfacet
  facet normal 0 0 1
    outer loop
      vertex 243.516 73.125 4
      vertex 243.516 6.875 4
      vertex 243.617 6.6697 4
    endloop
  endfacet
  facet normal -0 0 1
    outer loop
      vertex 243.388 72.9347 4
      vertex 243.516 6.875 4
      vertex 243.516 73.125 4
    endloop
  endfacet
  facet normal 0 0 1
    outer loop
      vertex 243.388 72.9347 4
      vertex 243.388 7.06533 4
      vertex 243.516 6.875 4
    endloop
  endfacet
  facet normal -0 0 1
    outer loop
      vertex 243.237 72.7626 4
      vertex 243.388 7.06533 4
      vertex 243.388 72.9347 4
    endloop
  endfacet
  facet normal 0 0 1
    outer loop
      vertex 243.237 72.7626 4
      vertex 243.237 7.23744 4
      vertex 243.388 7.06533 4
    endloop
  endfacet
  facet normal -0 0 1
    outer loop
      vertex 243.065 72.6116 4
      vertex 243.237 7.23744 4
      vertex 243.237 72.7626 4
    endloop
  endfacet
  facet normal 0 0 1
    outer loop
      vertex 243.065 72.6116 4
      vertex 243.065 7.38837 4
      vertex 243.237 7.23744 4
    endloop
  endfacet
  facet normal -0 0 1
    outer loop
      vertex 242.875 72.4845 4
      vertex 243.065 7.38837 4
      vertex 243.065 72.6116 4
    endloop
  endfacet
  facet normal 0 0 1
    outer loop
      vertex 242.875 72.4845 4
      vertex 242.875 7.51554 4
      vertex 243.065 7.38837 4
    endloop
  endfacet
  facet normal -0 0 1
    outer loop
      vertex 242.67 72.3832 4
      vertex 242.875 7.51554 4
      vertex 242.875 72.4845 4
    endloop
  endfacet
  facet normal 0 0 1
    outer loop
      vertex 242.67 72.3832 4
      vertex 242.67 7.61679 4
      vertex 242.875 7.51554 4
    endloop
  endfacet
  facet normal -0 0 1
    outer loop
      vertex 242.453 72.3096 4
      vertex 242.67 7.61679 4
      vertex 242.67 72.3832 4
    endloop
  endfacet
  facet normal 0 0 1
    outer loop
      vertex 242.453 72.3096 4
      vertex 242.453 7.69037 4
      vertex 242.67 7.61679 4
    endloop
  endfacet
  facet normal 0 0 1
    outer loop
      vertex 232 68 4
      vertex 242.453 72.3096 4
      vertex 242.228 72.265 4
    endloop
  endfacet
  facet normal 0 0 1
    outer loop
      vertex 242.453 72.3096 4
      vertex 232 68 4
      vertex 242.453 7.69037 4
    endloop
  endfacet
  facet normal 0 0 1
    outer loop
      vertex 232 68 4
      vertex 242.228 72.265 4
      vertex 242 72.25 4
    endloop
  endfacet
  facet normal -0 0 1
    outer loop
      vertex 232 12 4
      vertex 242.453 7.69037 4
      vertex 232 68 4
    endloop
  endfacet
  facet normal 0 0 1
    outer loop
      vertex 232 68 4
      vertex 242 72.25 4
      vertex 241.772 72.265 4
    endloop
  endfacet
  facet normal 0 0 1
    outer loop
      vertex 242.453 7.69037 4
      vertex 232 12 4
      vertex 242.228 7.73503 4
    endloop
  endfacet
  facet normal 0 0 1
    outer loop
      vertex 232 68 4
      vertex 241.772 72.265 4
      vertex 241.547 72.3096 4
    endloop
  endfacet
  facet normal 0 0 1
    outer loop
      vertex 242.228 7.73503 4
      vertex 232 12 4
      vertex 242 7.75 4
    endloop
  endfacet
  facet normal 0 0 1
    outer loop
      vertex 232 68 4
      vertex 241.547 72.3096 4
      vertex 241.33 72.3832 4
    endloop
  endfacet
  facet normal 0 0 1
    outer loop
      vertex 242 7.75 4
      vertex 232 12 4
      vertex 241.772 7.73503 4
    endloop
  endfacet
  facet normal 0 0 1
    outer loop
      vertex 232 68 4
      vertex 241.33 72.3832 4
      vertex 241.125 72.4845 4
    endloop
  endfacet
  facet normal 0 0 1
    outer loop
      vertex 241.772 7.73503 4
      vertex 232 12 4
      vertex 241.547 7.69037 4
    endloop
  endfacet
  facet normal 0 0 1
    outer loop
      vertex 232 68 4
      vertex 241.125 72.4845 4
      vertex 240.935 72.6116 4
    endloop
  endfacet
  facet normal 0 0 1
    outer loop
      vertex 241.547 7.69037 4
      vertex 232 12 4
      vertex 241.33 7.61679 4
    endloop
  endfacet
  facet normal 0 0 1
    outer loop
      vertex 232 68 4
      vertex 240.935 72.6116 4
      vertex 240.763 72.7626 4
    endloop
  endfacet
  facet normal 0 0 1
    outer loop
      vertex 241.33 7.61679 4
      vertex 232 12 4
      vertex 241.125 7.51554 4
    endloop
  endfacet
  facet normal 0 0 1
    outer loop
      vertex 232 68 4
      vertex 240.763 72.7626 4
      vertex 240.612 72.9347 4
    endloop
  endfacet
  facet normal 0 0 1
    outer loop
      vertex 241.125 7.51554 4
      vertex 232 12 4
      vertex 240.935 7.38837 4
    endloop
  endfacet
  facet normal 0 0 1
    outer loop
      vertex 232 68 4
      vertex 240.612 72.9347 4
      vertex 240.484 73.125 4
    endloop
  endfacet
  facet normal 0 0 1
    outer loop
      vertex 240.935 7.38837 4
      vertex 232 12 4
      vertex 240.763 7.23744 4
    endloop
  endfacet
  facet normal 0 0 1
    outer loop
      vertex 232 68 4
      vertex 240.484 73.125 4
      vertex 240.383 73.3303 4
    endloop
  endfacet
  facet normal 0 0 1
    outer loop
      vertex 240.763 7.23744 4
      vertex 232 12 4
      vertex 240.612 7.06533 4
    endloop
  endfacet
  facet normal 0 0 1
    outer loop
      vertex 232 68 4
      vertex 240.383 73.3303 4
      vertex 240.31 73.5471 4
    endloop
  endfacet
  facet normal 0 0 1
    outer loop
      vertex 240.612 7.06533 4
      vertex 232 12 4
      vertex 240.484 6.875 4
    endloop
  endfacet
  facet normal 0 0 1
    outer loop
      vertex 232 68 4
      vertex 240.31 73.5471 4
      vertex 240.265 73.7716 4
    endloop
  endfacet
  facet normal 0 0 1
    outer loop
      vertex 240.484 6.875 4
      vertex 232 12 4
      vertex 240.383 6.6697 4
    endloop
  endfacet
  facet normal 0 0 1
    outer loop
      vertex 232 68 4
      vertex 240.265 73.7716 4
      vertex 240.25 74 4
    endloop
  endfacet
  facet normal 0 0 1
    outer loop
      vertex 240.383 6.6697 4
      vertex 232 12 4
      vertex 240.31 6.45293 4
    endloop
  endfacet
  facet normal 0 0 1
    outer loop
      vertex 244 80 4
      vertex 243.75 74 4
      vertex 244 0 4
    endloop
  endfacet
  facet normal 0 0 1
    outer loop
      vertex 244 80 4
      vertex 243.735 74.2284 4
      vertex 243.75 74 4
    endloop
  endfacet
  facet normal 0 0 1
    outer loop
      vertex 244 80 4
      vertex 243.69 74.4529 4
      vertex 243.735 74.2284 4
    endloop
  endfacet
  facet normal 0 0 1
    outer loop
      vertex 244 80 4
      vertex 243.617 74.6697 4
      vertex 243.69 74.4529 4
    endloop
  endfacet
  facet normal 0 0 1
    outer loop
      vertex 244 80 4
      vertex 243.516 74.875 4
      vertex 243.617 74.6697 4
    endloop
  endfacet
  facet normal 0 0 1
    outer loop
      vertex 244 80 4
      vertex 243.388 75.0653 4
      vertex 243.516 74.875 4
    endloop
  endfacet
  facet normal 0 0 1
    outer loop
      vertex 244 80 4
      vertex 243.237 75.2374 4
      vertex 243.388 75.0653 4
    endloop
  endfacet
  facet normal 0 0 1
    outer loop
      vertex 244 80 4
      vertex 243.065 75.3884 4
      vertex 243.237 75.2374 4
    endloop
  endfacet
  facet normal 0 0 1
    outer loop
      vertex 244 80 4
      vertex 242.875 75.5155 4
      vertex 243.065 75.3884 4
    endloop
  endfacet
  facet normal 0 0 1
    outer loop
      vertex 244 80 4
      vertex 242.67 75.6168 4
      vertex 242.875 75.5155 4
    endloop
  endfacet
  facet normal 0 0 1
    outer loop
      vertex 244 80 4
      vertex 242.453 75.6904 4
      vertex 242.67 75.6168 4
    endloop
  endfacet
  facet normal 0 0 1
    outer loop
      vertex 244 80 4
      vertex 242.228 75.735 4
      vertex 242.453 75.6904 4
    endloop
  endfacet
  facet normal 0 0 1
    outer loop
      vertex 244 80 4
      vertex 242 75.75 4
      vertex 242.228 75.735 4
    endloop
  endfacet
  facet normal 0 0 1
    outer loop
      vertex 244 80 4
      vertex 241.772 75.735 4
      vertex 242 75.75 4
    endloop
  endfacet
  facet normal 0 0 1
    outer loop
      vertex 244 80 4
      vertex 241.547 75.6904 4
      vertex 241.772 75.735 4
    endloop
  endfacet
  facet normal 0 0 1
    outer loop
      vertex 244 80 4
      vertex 241.33 75.6168 4
      vertex 241.547 75.6904 4
    endloop
  endfacet
  facet normal 0 0 1
    outer loop
      vertex 244 80 4
      vertex 241.125 75.5155 4
      vertex 241.33 75.6168 4
    endloop
  endfacet
  facet normal 0 0 1
    outer loop
      vertex 244 80 4
      vertex 240.935 75.3884 4
      vertex 241.125 75.5155 4
    endloop
  endfacet
  facet normal 0 0 1
    outer loop
      vertex 244 80 4
      vertex 240.763 75.2374 4
      vertex 240.935 75.3884 4
    endloop
  endfacet
  facet normal 0 0 1
    outer loop
      vertex 244 80 4
      vertex 240.612 75.0653 4
      vertex 240.763 75.2374 4
    endloop
  endfacet
  facet normal 0 0 1
    outer loop
      vertex 240.31 6.45293 4
      vertex 232 12 4
      vertex 240.265 6.22842 4
    endloop
  endfacet
  facet normal 0 0 1
    outer loop
      vertex 240.265 74.2284 4
      vertex 232 68 4
      vertex 240.25 74 4
    endloop
  endfacet
  facet normal 0 0 1
    outer loop
      vertex 240.31 74.4529 4
      vertex 232 68 4
      vertex 240.265 74.2284 4
    endloop
  endfacet
  facet normal 0 0 1
    outer loop
      vertex 240.383 74.6697 4
      vertex 232 68 4
      vertex 240.31 74.4529 4
    endloop
  endfacet
  facet normal 0 0 1
    outer loop
      vertex 240.484 74.875 4
      vertex 232 68 4
      vertex 240.383 74.6697 4
    endloop
  endfacet
  facet normal 0 0 1
    outer loop
      vertex 240.612 75.0653 4
      vertex 232 68 4
      vertex 240.484 74.875 4
    endloop
  endfacet
  facet normal 0 0 1
    outer loop
      vertex 244 80 4
      vertex 232 68 4
      vertex 240.612 75.0653 4
    endloop
  endfacet
  facet normal 0 0 1
    outer loop
      vertex 244 80 4
      vertex 185 68 4
      vertex 232 68 4
    endloop
  endfacet
  facet normal 0 0 1
    outer loop
      vertex 181.5 52 4
      vertex 185 68 4
      vertex 181.5 64 4
    endloop
  endfacet
  facet normal 0 0 1
    outer loop
      vertex 185 68 4
      vertex 178 64 4
      vertex 181.5 64 4
    endloop
  endfacet
  facet normal 0 0 1
    outer loop
      vertex 178 64 4
      vertex 177.9 60.1 4
      vertex 178 60.0934 4
    endloop
  endfacet
  facet normal 0 0 1
    outer loop
      vertex 178 64 4
      vertex 162.1 60.1 4
      vertex 177.9 60.1 4
    endloop
  endfacet
  facet normal 0 0 1
    outer loop
      vertex 185 68 4
      vertex 162.1 60.1 4
      vertex 178 64 4
    endloop
  endfacet
  facet normal 0 0 1
    outer loop
      vertex 185 68 4
      vertex 161.826 60.082 4
      vertex 162.1 60.1 4
    endloop
  endfacet
  facet normal 0 0 1
    outer loop
      vertex 185 68 4
      vertex 161.556 60.0284 4
      vertex 161.826 60.082 4
    endloop
  endfacet
  facet normal 0 0 1
    outer loop
      vertex 82.4435 60.0284 4
      vertex 161.556 60.0284 4
      vertex 185 68 4
    endloop
  endfacet
  facet normal 0 0 1
    outer loop
      vertex 160.072 22.5435 4
      vertex 84 22 4
      vertex 160.018 22.2741 4
    endloop
  endfacet
  facet normal 0 0 1
    outer loop
      vertex 160.018 58.2741 4
      vertex 84 58 4
      vertex 160 58 4
    endloop
  endfacet
  facet normal 0 0 1
    outer loop
      vertex 83.982 58.2741 4
      vertex 160.018 58.2741 4
      vertex 160.072 58.5435 4
    endloop
  endfacet
  facet normal 0 0 1
    outer loop
      vertex 83.9284 58.5435 4
      vertex 160.072 58.5435 4
      vertex 160.16 58.8036 4
    endloop
  endfacet
  facet normal 0 0 1
    outer loop
      vertex 83.8401 58.8036 4
      vertex 160.16 58.8036 4
      vertex 160.281 59.05 4
    endloop
  endfacet
  facet normal 0 0 1
    outer loop
      vertex 83.7187 59.05 4
      vertex 160.281 59.05 4
      vertex 160.434 59.2784 4
    endloop
  endfacet
  facet normal 0 0 1
    outer loop
      vertex 83.566 59.2784 4
      vertex 160.434 59.2784 4
      vertex 160.615 59.4849 4
    endloop
  endfacet
  facet normal 0 0 1
    outer loop
      vertex 83.3849 59.4849 4
      vertex 160.615 59.4849 4
      vertex 160.822 59.666 4
    endloop
  endfacet
  facet normal 0 0 1
    outer loop
      vertex 83.1784 59.666 4
      vertex 160.822 59.666 4
      vertex 161.05 59.8187 4
    endloop
  endfacet
  facet normal 0 0 1
    outer loop
      vertex 82.95 59.8187 4
      vertex 161.05 59.8187 4
      vertex 161.296 59.9401 4
    endloop
  endfacet
  facet normal 0 0 1
    outer loop
      vertex 161.556 60.0284 4
      vertex 82.4435 60.0284 4
      vertex 161.296 59.9401 4
    endloop
  endfacet
  facet normal 0 0 1
    outer loop
      vertex 59 68 4
      vertex 185 68 4
      vertex 244 80 4
    endloop
  endfacet
  facet normal 0 0 1
    outer loop
      vertex 160.018 58.2741 4
      vertex 83.982 58.2741 4
      vertex 84 58 4
    endloop
  endfacet
  facet normal 0 0 1
    outer loop
      vertex 160.072 58.5435 4
      vertex 83.9284 58.5435 4
      vertex 83.982 58.2741 4
    endloop
  endfacet
  facet normal 0 0 1
    outer loop
      vertex 160.16 58.8036 4
      vertex 83.8401 58.8036 4
      vertex 83.9284 58.5435 4
    endloop
  endfacet
  facet normal 0 0 1
    outer loop
      vertex 160.281 59.05 4
      vertex 83.7187 59.05 4
      vertex 83.8401 58.8036 4
    endloop
  endfacet
  facet normal 0 0 1
    outer loop
      vertex 160.434 59.2784 4
      vertex 83.566 59.2784 4
      vertex 83.7187 59.05 4
    endloop
  endfacet
  facet normal 0 0 1
    outer loop
      vertex 160.615 59.4849 4
      vertex 83.3849 59.4849 4
      vertex 83.566 59.2784 4
    endloop
  endfacet
  facet normal 0 0 1
    outer loop
      vertex 160.822 59.666 4
      vertex 83.1784 59.666 4
      vertex 83.3849 59.4849 4
    endloop
  endfacet
  facet normal 0 0 1
    outer loop
      vertex 161.05 59.8187 4
      vertex 82.95 59.8187 4
      vertex 83.1784 59.666 4
    endloop
  endfacet
  facet normal 0 0 1
    outer loop
      vertex 161.296 59.9401 4
      vertex 82.7036 59.9401 4
      vertex 82.95 59.8187 4
    endloop
  endfacet
  facet normal 0 0 1
    outer loop
      vertex 161.296 59.9401 4
      vertex 82.4435 60.0284 4
      vertex 82.7036 59.9401 4
    endloop
  endfacet
  facet normal 0 0 1
    outer loop
      vertex 185 68 4
      vertex 59 68 4
      vertex 82.4435 60.0284 4
    endloop
  endfacet
  facet normal 0 0 1
    outer loop
      vertex 82.4435 60.0284 4
      vertex 59 68 4
      vertex 82.1741 60.082 4
    endloop
  endfacet
  facet normal 0 0 1
    outer loop
      vertex 82.1741 60.082 4
      vertex 59 68 4
      vertex 81.9 60.1 4
    endloop
  endfacet
  facet normal 0 0 1
    outer loop
      vertex 81.9 60.1 4
      vertex 59 68 4
      vertex 66.1 60.1 4
    endloop
  endfacet
  facet normal 0 0 1
    outer loop
      vertex 64.0716 22.5435 4
      vertex 59 12 4
      vertex 64.018 22.2741 4
    endloop
  endfacet
  facet normal 0 0 1
    outer loop
      vertex 64.018 58.2741 4
      vertex 59 68 4
      vertex 64 58 4
    endloop
  endfacet
  facet normal 0 0 1
    outer loop
      vertex 64.0716 58.5435 4
      vertex 59 68 4
      vertex 64.018 58.2741 4
    endloop
  endfacet
  facet normal 0 0 1
    outer loop
      vertex 64.1599 58.8036 4
      vertex 59 68 4
      vertex 64.0716 58.5435 4
    endloop
  endfacet
  facet normal 0 0 1
    outer loop
      vertex 64.2813 59.05 4
      vertex 59 68 4
      vertex 64.1599 58.8036 4
    endloop
  endfacet
  facet normal 0 0 1
    outer loop
      vertex 64.434 59.2784 4
      vertex 59 68 4
      vertex 64.2813 59.05 4
    endloop
  endfacet
  facet normal 0 0 1
    outer loop
      vertex 64.6151 59.4849 4
      vertex 59 68 4
      vertex 64.434 59.2784 4
    endloop
  endfacet
  facet normal 0 0 1
    outer loop
      vertex 64.8216 59.666 4
      vertex 59 68 4
      vertex 64.6151 59.4849 4
    endloop
  endfacet
  facet normal 0 0 1
    outer loop
      vertex 65.05 59.8187 4
      vertex 59 68 4
      vertex 64.8216 59.666 4
    endloop
  endfacet
  facet normal 0 0 1
    outer loop
      vertex 65.2964 59.9401 4
      vertex 59 68 4
      vertex 65.05 59.8187 4
    endloop
  endfacet
  facet normal 0 0 1
    outer loop
      vertex 65.5565 60.0284 4
      vertex 59 68 4
      vertex 65.2964 59.9401 4
    endloop
  endfacet
  facet normal 0 0 1
    outer loop
      vertex 65.8259 60.082 4
      vertex 59 68 4
      vertex 65.5565 60.0284 4
    endloop
  endfacet
  facet normal 0 0 1
    outer loop
      vertex 66.1 60.1 4
      vertex 59 68 4
      vertex 65.8259 60.082 4
    endloop
  endfacet
  facet normal -0 0 1
    outer loop
      vertex 0 80 4
      vertex 59 68 4
      vertex 244 80 4
    endloop
  endfacet
  facet normal -0 0 1
    outer loop
      vertex 3.73503 73.7716 4
      vertex 12 68 4
      vertex 3.75 74 4
    endloop
  endfacet
  facet normal 0 0 1
    outer loop
      vertex 59 68 4
      vertex 0 80 4
      vertex 12 68 4
    endloop
  endfacet
  facet normal 0 0 1
    outer loop
      vertex 12 68 4
      vertex 3.73503 74.2284 4
      vertex 3.75 74 4
    endloop
  endfacet
  facet normal 0 0 1
    outer loop
      vertex 12 68 4
      vertex 3.69037 74.4529 4
      vertex 3.73503 74.2284 4
    endloop
  endfacet
  facet normal 0 0 1
    outer loop
      vertex 12 68 4
      vertex 3.61679 74.6697 4
      vertex 3.69037 74.4529 4
    endloop
  endfacet
  facet normal 0 0 1
    outer loop
      vertex 12 68 4
      vertex 3.51554 74.875 4
      vertex 3.61679 74.6697 4
    endloop
  endfacet
  facet normal 0 0 1
    outer loop
      vertex 12 68 4
      vertex 3.38837 75.0653 4
      vertex 3.51554 74.875 4
    endloop
  endfacet
  facet normal 0 0 1
    outer loop
      vertex 12 68 4
      vertex 0 80 4
      vertex 3.38837 75.0653 4
    endloop
  endfacet
  facet normal 0 0 1
    outer loop
      vertex 3.38837 75.0653 4
      vertex 0 80 4
      vertex 3.23744 75.2374 4
    endloop
  endfacet
  facet normal 0 0 1
    outer loop
      vertex 3.23744 75.2374 4
      vertex 0 80 4
      vertex 3.06533 75.3884 4
    endloop
  endfacet
  facet normal 0 0 1
    outer loop
      vertex 3.06533 75.3884 4
      vertex 0 80 4
      vertex 2.875 75.5155 4
    endloop
  endfacet
  facet normal 0 0 1
    outer loop
      vertex 2.875 75.5155 4
      vertex 0 80 4
      vertex 2.6697 75.6168 4
    endloop
  endfacet
  facet normal 0 0 1
    outer loop
      vertex 2.6697 75.6168 4
      vertex 0 80 4
      vertex 2.45293 75.6904 4
    endloop
  endfacet
  facet normal 0 0 1
    outer loop
      vertex 2.45293 75.6904 4
      vertex 0 80 4
      vertex 2.22842 75.735 4
    endloop
  endfacet
  facet normal 0 0 1
    outer loop
      vertex 0.25 74 4
      vertex 0 80 4
      vertex 0.25 6 4
    endloop
  endfacet
  facet normal 0 0 1
    outer loop
      vertex 0.264971 74.2284 4
      vertex 0 80 4
      vertex 0.25 74 4
    endloop
  endfacet
  facet normal 0 0 1
    outer loop
      vertex 0.309629 74.4529 4
      vertex 0 80 4
      vertex 0.264971 74.2284 4
    endloop
  endfacet
  facet normal 0 0 1
    outer loop
      vertex 0.38321 74.6697 4
      vertex 0 80 4
      vertex 0.309629 74.4529 4
    endloop
  endfacet
  facet normal 0 0 1
    outer loop
      vertex 0.484455 74.875 4
      vertex 0 80 4
      vertex 0.38321 74.6697 4
    endloop
  endfacet
  facet normal 0 0 1
    outer loop
      vertex 0.611631 75.0653 4
      vertex 0 80 4
      vertex 0.484455 74.875 4
    endloop
  endfacet
  facet normal 0 0 1
    outer loop
      vertex 0.762563 75.2374 4
      vertex 0 80 4
      vertex 0.611631 75.0653 4
    endloop
  endfacet
  facet normal 0 0 1
    outer loop
      vertex 0.934667 75.3884 4
      vertex 0 80 4
      vertex 0.762563 75.2374 4
    endloop
  endfacet
  facet normal 0 0 1
    outer loop
      vertex 1.125 75.5155 4
      vertex 0 80 4
      vertex 0.934667 75.3884 4
    endloop
  endfacet
  facet normal 0 0 1
    outer loop
      vertex 1.3303 75.6168 4
      vertex 0 80 4
      vertex 1.125 75.5155 4
    endloop
  endfacet
  facet normal 0 0 1
    outer loop
      vertex 1.54707 75.6904 4
      vertex 0 80 4
      vertex 1.3303 75.6168 4
    endloop
  endfacet
  facet normal 0 0 1
    outer loop
      vertex 1.77158 75.735 4
      vertex 0 80 4
      vertex 1.54707 75.6904 4
    endloop
  endfacet
  facet normal 0 0 1
    outer loop
      vertex 2 75.75 4
      vertex 0 80 4
      vertex 1.77158 75.735 4
    endloop
  endfacet
  facet normal 0 0 1
    outer loop
      vertex 2.22842 75.735 4
      vertex 0 80 4
      vertex 2 75.75 4
    endloop
  endfacet
  facet normal -0 0 1
    outer loop
      vertex 243.75 6 4
      vertex 244 0 4
      vertex 243.75 74 4
    endloop
  endfacet
  facet normal -0 0 1
    outer loop
      vertex 243.735 5.77158 4
      vertex 244 0 4
      vertex 243.75 6 4
    endloop
  endfacet
  facet normal -0 0 1
    outer loop
      vertex 243.69 5.54707 4
      vertex 244 0 4
      vertex 243.735 5.77158 4
    endloop
  endfacet
  facet normal -0 0 1
    outer loop
      vertex 243.617 5.3303 4
      vertex 244 0 4
      vertex 243.69 5.54707 4
    endloop
  endfacet
  facet normal -0 0 1
    outer loop
      vertex 243.516 5.125 4
      vertex 244 0 4
      vertex 243.617 5.3303 4
    endloop
  endfacet
  facet normal -0 0 1
    outer loop
      vertex 243.388 4.93467 4
      vertex 244 0 4
      vertex 243.516 5.125 4
    endloop
  endfacet
  facet normal -0 0 1
    outer loop
      vertex 243.237 4.76256 4
      vertex 244 0 4
      vertex 243.388 4.93467 4
    endloop
  endfacet
  facet normal -0 0 1
    outer loop
      vertex 243.065 4.61163 4
      vertex 244 0 4
      vertex 243.237 4.76256 4
    endloop
  endfacet
  facet normal -0 0 1
    outer loop
      vertex 242.875 4.48446 4
      vertex 244 0 4
      vertex 243.065 4.61163 4
    endloop
  endfacet
  facet normal -0 0 1
    outer loop
      vertex 242.67 4.38321 4
      vertex 244 0 4
      vertex 242.875 4.48446 4
    endloop
  endfacet
  facet normal -0 0 1
    outer loop
      vertex 242.453 4.30963 4
      vertex 244 0 4
      vertex 242.67 4.38321 4
    endloop
  endfacet
  facet normal -0 0 1
    outer loop
      vertex 242.228 4.26497 4
      vertex 244 0 4
      vertex 242.453 4.30963 4
    endloop
  endfacet
  facet normal -0 0 1
    outer loop
      vertex 242 4.25 4
      vertex 244 0 4
      vertex 242.228 4.26497 4
    endloop
  endfacet
  facet normal 0 0 1
    outer loop
      vertex 241.772 4.26497 4
      vertex 244 0 4
      vertex 242 4.25 4
    endloop
  endfacet
  facet normal 0 0 1
    outer loop
      vertex 241.547 4.30963 4
      vertex 244 0 4
      vertex 241.772 4.26497 4
    endloop
  endfacet
  facet normal 0 0 1
    outer loop
      vertex 241.33 4.38321 4
      vertex 244 0 4
      vertex 241.547 4.30963 4
    endloop
  endfacet
  facet normal 0 0 1
    outer loop
      vertex 241.125 4.48446 4
      vertex 244 0 4
      vertex 241.33 4.38321 4
    endloop
  endfacet
  facet normal 0 0 1
    outer loop
      vertex 240.935 4.61163 4
      vertex 244 0 4
      vertex 241.125 4.48446 4
    endloop
  endfacet
  facet normal 0 0 1
    outer loop
      vertex 240.763 4.76256 4
      vertex 244 0 4
      vertex 240.935 4.61163 4
    endloop
  endfacet
  facet normal 0 0 1
    outer loop
      vertex 240.612 4.93467 4
      vertex 244 0 4
      vertex 240.763 4.76256 4
    endloop
  endfacet
  facet normal 0 0 1
    outer loop
      vertex 240.265 6.22842 4
      vertex 232 12 4
      vertex 240.25 6 4
    endloop
  endfacet
  facet normal 0 0 1
    outer loop
      vertex 240.25 6 4
      vertex 232 12 4
      vertex 240.265 5.77158 4
    endloop
  endfacet
  facet normal 0 0 1
    outer loop
      vertex 232 12 4
      vertex 240.31 5.54707 4
      vertex 240.265 5.77158 4
    endloop
  endfacet
  facet normal 0 0 1
    outer loop
      vertex 232 12 4
      vertex 240.383 5.3303 4
      vertex 240.31 5.54707 4
    endloop
  endfacet
  facet normal 0 0 1
    outer loop
      vertex 232 12 4
      vertex 240.484 5.125 4
      vertex 240.383 5.3303 4
    endloop
  endfacet
  facet normal 0 0 1
    outer loop
      vertex 232 12 4
      vertex 240.612 4.93467 4
      vertex 240.484 5.125 4
    endloop
  endfacet
  facet normal 0 0 1
    outer loop
      vertex 232 12 4
      vertex 244 0 4
      vertex 240.612 4.93467 4
    endloop
  endfacet
  facet normal -0 0 1
    outer loop
      vertex 185 12 4
      vertex 244 0 4
      vertex 232 12 4
    endloop
  endfacet
  facet normal 0 0 1
    outer loop
      vertex 181.5 40 4
      vertex 185 68 4
      vertex 181.5 52 4
    endloop
  endfacet
  facet normal 0 0 1
    outer loop
      vertex 185 68 4
      vertex 181.5 40 4
      vertex 185 12 4
    endloop
  endfacet
  facet normal -0 0 1
    outer loop
      vertex 181.5 28 4
      vertex 185 12 4
      vertex 181.5 40 4
    endloop
  endfacet
  facet normal -0 0 1
    outer loop
      vertex 180 22 4
      vertex 185 12 4
      vertex 181.5 28 4
    endloop
  endfacet
  facet normal -0 0 1
    outer loop
      vertex 179.982 21.7259 4
      vertex 185 12 4
      vertex 180 22 4
    endloop
  endfacet
  facet normal -0 0 1
    outer loop
      vertex 179.928 21.4565 4
      vertex 185 12 4
      vertex 179.982 21.7259 4
    endloop
  endfacet
  facet normal -0 0 1
    outer loop
      vertex 179.84 21.1964 4
      vertex 185 12 4
      vertex 179.928 21.4565 4
    endloop
  endfacet
  facet normal -0 0 1
    outer loop
      vertex 179.719 20.95 4
      vertex 185 12 4
      vertex 179.84 21.1964 4
    endloop
  endfacet
  facet normal -0 0 1
    outer loop
      vertex 179.566 20.7216 4
      vertex 185 12 4
      vertex 179.719 20.95 4
    endloop
  endfacet
  facet normal -0 0 1
    outer loop
      vertex 179.385 20.5151 4
      vertex 185 12 4
      vertex 179.566 20.7216 4
    endloop
  endfacet
  facet normal -0 0 1
    outer loop
      vertex 179.178 20.334 4
      vertex 185 12 4
      vertex 179.385 20.5151 4
    endloop
  endfacet
  facet normal -0 0 1
    outer loop
      vertex 178.95 20.1813 4
      vertex 185 12 4
      vertex 179.178 20.334 4
    endloop
  endfacet
  facet normal -0 0 1
    outer loop
      vertex 178.704 20.0599 4
      vertex 185 12 4
      vertex 178.95 20.1813 4
    endloop
  endfacet
  facet normal -0 0 1
    outer loop
      vertex 178.444 19.9716 4
      vertex 185 12 4
      vertex 178.704 20.0599 4
    endloop
  endfacet
  facet normal -0 0 1
    outer loop
      vertex 178.174 19.918 4
      vertex 185 12 4
      vertex 178.444 19.9716 4
    endloop
  endfacet
  facet normal -0 0 1
    outer loop
      vertex 177.9 19.9 4
      vertex 185 12 4
      vertex 178.174 19.918 4
    endloop
  endfacet
  facet normal -0 0 1
    outer loop
      vertex 162.1 19.9 4
      vertex 185 12 4
      vertex 177.9 19.9 4
    endloop
  endfacet
  facet normal 0 0 1
    outer loop
      vertex 161.826 19.918 4
      vertex 185 12 4
      vertex 162.1 19.9 4
    endloop
  endfacet
  facet normal 0 0 1
    outer loop
      vertex 161.556 19.9716 4
      vertex 185 12 4
      vertex 161.826 19.918 4
    endloop
  endfacet
  facet normal 0 0 1
    outer loop
      vertex 82.4435 19.9716 4
      vertex 161.556 19.9716 4
      vertex 161.296 20.0599 4
    endloop
  endfacet
  facet normal 0 0 1
    outer loop
      vertex 160.018 22.2741 4
      vertex 84 22 4
      vertex 160 22 4
    endloop
  endfacet
  facet normal 0 0 1
    outer loop
      vertex 160 22 4
      vertex 84 22 4
      vertex 160.018 21.7259 4
    endloop
  endfacet
  facet normal 0 0 1
    outer loop
      vertex 83.982 21.7259 4
      vertex 160.018 21.7259 4
      vertex 84 22 4
    endloop
  endfacet
  facet normal 0 0 1
    outer loop
      vertex 160.018 21.7259 4
      vertex 83.982 21.7259 4
      vertex 160.072 21.4565 4
    endloop
  endfacet
  facet normal 0 0 1
    outer loop
      vertex 83.9284 21.4565 4
      vertex 160.072 21.4565 4
      vertex 83.982 21.7259 4
    endloop
  endfacet
  facet normal 0 0 1
    outer loop
      vertex 160.072 21.4565 4
      vertex 83.9284 21.4565 4
      vertex 160.16 21.1964 4
    endloop
  endfacet
  facet normal 0 0 1
    outer loop
      vertex 83.8401 21.1964 4
      vertex 160.16 21.1964 4
      vertex 83.9284 21.4565 4
    endloop
  endfacet
  facet normal 0 0 1
    outer loop
      vertex 160.16 21.1964 4
      vertex 83.8401 21.1964 4
      vertex 160.281 20.95 4
    endloop
  endfacet
  facet normal 0 0 1
    outer loop
      vertex 83.7187 20.95 4
      vertex 160.281 20.95 4
      vertex 83.8401 21.1964 4
    endloop
  endfacet
  facet normal 0 0 1
    outer loop
      vertex 160.281 20.95 4
      vertex 83.7187 20.95 4
      vertex 160.434 20.7216 4
    endloop
  endfacet
  facet normal 0 0 1
    outer loop
      vertex 83.566 20.7216 4
      vertex 160.434 20.7216 4
      vertex 83.7187 20.95 4
    endloop
  endfacet
  facet normal 0 0 1
    outer loop
      vertex 160.434 20.7216 4
      vertex 83.566 20.7216 4
      vertex 160.615 20.5151 4
    endloop
  endfacet
  facet normal 0 0 1
    outer loop
      vertex 83.3849 20.5151 4
      vertex 160.615 20.5151 4
      vertex 83.566 20.7216 4
    endloop
  endfacet
  facet normal 0 0 1
    outer loop
      vertex 160.615 20.5151 4
      vertex 83.3849 20.5151 4
      vertex 160.822 20.334 4
    endloop
  endfacet
  facet normal 0 0 1
    outer loop
      vertex 83.1784 20.334 4
      vertex 160.822 20.334 4
      vertex 83.3849 20.5151 4
    endloop
  endfacet
  facet normal 0 0 1
    outer loop
      vertex 160.822 20.334 4
      vertex 83.1784 20.334 4
      vertex 161.05 20.1813 4
    endloop
  endfacet
  facet normal 0 0 1
    outer loop
      vertex 82.95 20.1813 4
      vertex 161.05 20.1813 4
      vertex 83.1784 20.334 4
    endloop
  endfacet
  facet normal 0 0 1
    outer loop
      vertex 161.05 20.1813 4
      vertex 82.95 20.1813 4
      vertex 161.296 20.0599 4
    endloop
  endfacet
  facet normal 0 0 1
    outer loop
      vertex 82.7036 20.0599 4
      vertex 161.296 20.0599 4
      vertex 82.95 20.1813 4
    endloop
  endfacet
  facet normal 0 0 1
    outer loop
      vertex 82.4435 19.9716 4
      vertex 161.296 20.0599 4
      vertex 82.7036 20.0599 4
    endloop
  endfacet
  facet normal 0 0 1
    outer loop
      vertex 161.556 19.9716 4
      vertex 82.4435 19.9716 4
      vertex 185 12 4
    endloop
  endfacet
  facet normal 0 0 1
    outer loop
      vertex 59 12 4
      vertex 185 12 4
      vertex 82.4435 19.9716 4
    endloop
  endfacet
  facet normal 0 0 1
    outer loop
      vertex 59 12 4
      vertex 82.4435 19.9716 4
      vertex 82.1741 19.918 4
    endloop
  endfacet
  facet normal 0 0 1
    outer loop
      vertex 59 12 4
      vertex 82.1741 19.918 4
      vertex 81.9 19.9 4
    endloop
  endfacet
  facet normal 0 0 1
    outer loop
      vertex 59 12 4
      vertex 81.9 19.9 4
      vertex 66.1 19.9 4
    endloop
  endfacet
  facet normal 0 0 1
    outer loop
      vertex 59 12 4
      vertex 66.1 19.9 4
      vertex 65.8259 19.918 4
    endloop
  endfacet
  facet normal 0 0 1
    outer loop
      vertex 64.018 22.2741 4
      vertex 59 12 4
      vertex 64 22 4
    endloop
  endfacet
  facet normal 0 0 1
    outer loop
      vertex 64 22 4
      vertex 59 12 4
      vertex 64.018 21.7259 4
    endloop
  endfacet
  facet normal 0 0 1
    outer loop
      vertex 59 12 4
      vertex 64.0716 21.4565 4
      vertex 64.018 21.7259 4
    endloop
  endfacet
  facet normal 0 0 1
    outer loop
      vertex 59 12 4
      vertex 64.1599 21.1964 4
      vertex 64.0716 21.4565 4
    endloop
  endfacet
  facet normal 0 0 1
    outer loop
      vertex 59 12 4
      vertex 64.2813 20.95 4
      vertex 64.1599 21.1964 4
    endloop
  endfacet
  facet normal 0 0 1
    outer loop
      vertex 59 12 4
      vertex 64.434 20.7216 4
      vertex 64.2813 20.95 4
    endloop
  endfacet
  facet normal 0 0 1
    outer loop
      vertex 59 12 4
      vertex 64.6151 20.5151 4
      vertex 64.434 20.7216 4
    endloop
  endfacet
  facet normal 0 0 1
    outer loop
      vertex 59 12 4
      vertex 64.8216 20.334 4
      vertex 64.6151 20.5151 4
    endloop
  endfacet
  facet normal 0 0 1
    outer loop
      vertex 59 12 4
      vertex 65.05 20.1813 4
      vertex 64.8216 20.334 4
    endloop
  endfacet
  facet normal 0 0 1
    outer loop
      vertex 59 12 4
      vertex 65.2964 20.0599 4
      vertex 65.05 20.1813 4
    endloop
  endfacet
  facet normal 0 0 1
    outer loop
      vertex 59 12 4
      vertex 65.5565 19.9716 4
      vertex 65.2964 20.0599 4
    endloop
  endfacet
  facet normal 0 0 1
    outer loop
      vertex 59 12 4
      vertex 65.8259 19.918 4
      vertex 65.5565 19.9716 4
    endloop
  endfacet
  facet normal 0 0 1
    outer loop
      vertex 185 12 4
      vertex 59 12 4
      vertex 244 0 4
    endloop
  endfacet
  facet normal 0 0 1
    outer loop
      vertex 0 0 4
      vertex 59 12 4
      vertex 12 12 4
    endloop
  endfacet
  facet normal -0 0 1
    outer loop
      vertex 3.69037 73.5471 4
      vertex 12 68 4
      vertex 3.73503 73.7716 4
    endloop
  endfacet
  facet normal 0 0 1
    outer loop
      vertex 3.73503 5.77158 4
      vertex 12 12 4
      vertex 3.75 6 4
    endloop
  endfacet
  facet normal 0 0 1
    outer loop
      vertex 3.69037 5.54707 4
      vertex 12 12 4
      vertex 3.73503 5.77158 4
    endloop
  endfacet
  facet normal 0 0 1
    outer loop
      vertex 3.61679 5.3303 4
      vertex 12 12 4
      vertex 3.69037 5.54707 4
    endloop
  endfacet
  facet normal 0 0 1
    outer loop
      vertex 3.51554 5.125 4
      vertex 12 12 4
      vertex 3.61679 5.3303 4
    endloop
  endfacet
  facet normal 0 0 1
    outer loop
      vertex 3.38837 4.93467 4
      vertex 12 12 4
      vertex 3.51554 5.125 4
    endloop
  endfacet
  facet normal 0 0 1
    outer loop
      vertex 0 0 4
      vertex 12 12 4
      vertex 3.38837 4.93467 4
    endloop
  endfacet
  facet normal 0 0 1
    outer loop
      vertex 0 0 4
      vertex 3.38837 4.93467 4
      vertex 3.23744 4.76256 4
    endloop
  endfacet
  facet normal 0 0 1
    outer loop
      vertex 0 0 4
      vertex 3.23744 4.76256 4
      vertex 3.06533 4.61163 4
    endloop
  endfacet
  facet normal 0 0 1
    outer loop
      vertex 0 0 4
      vertex 3.06533 4.61163 4
      vertex 2.875 4.48446 4
    endloop
  endfacet
  facet normal 0 0 1
    outer loop
      vertex 0 0 4
      vertex 2.875 4.48446 4
      vertex 2.6697 4.38321 4
    endloop
  endfacet
  facet normal 0 0 1
    outer loop
      vertex 0 0 4
      vertex 2.6697 4.38321 4
      vertex 2.45293 4.30963 4
    endloop
  endfacet
  facet normal 0 0 1
    outer loop
      vertex 0 0 4
      vertex 2.45293 4.30963 4
      vertex 2.22842 4.26497 4
    endloop
  endfacet
  facet normal 0 0 1
    outer loop
      vertex 0 0 4
      vertex 2.22842 4.26497 4
      vertex 2 4.25 4
    endloop
  endfacet
  facet normal 0 0 1
    outer loop
      vertex 59 12 4
      vertex 0 0 4
      vertex 244 0 4
    endloop
  endfacet
  facet normal 0 0 1
    outer loop
      vertex 1.77158 4.26497 4
      vertex 0 0 4
      vertex 2 4.25 4
    endloop
  endfacet
  facet normal 0 0 1
    outer loop
      vertex 1.54707 4.30963 4
      vertex 0 0 4
      vertex 1.77158 4.26497 4
    endloop
  endfacet
  facet normal 0 0 1
    outer loop
      vertex 1.3303 4.38321 4
      vertex 0 0 4
      vertex 1.54707 4.30963 4
    endloop
  endfacet
  facet normal 0 0 1
    outer loop
      vertex 1.125 4.48446 4
      vertex 0 0 4
      vertex 1.3303 4.38321 4
    endloop
  endfacet
  facet normal 0 0 1
    outer loop
      vertex 0.934667 4.61163 4
      vertex 0 0 4
      vertex 1.125 4.48446 4
    endloop
  endfacet
  facet normal 0 0 1
    outer loop
      vertex 0.762563 4.76256 4
      vertex 0 0 4
      vertex 0.934667 4.61163 4
    endloop
  endfacet
  facet normal 0 0 1
    outer loop
      vertex 0.611631 4.93467 4
      vertex 0 0 4
      vertex 0.762563 4.76256 4
    endloop
  endfacet
  facet normal 0 0 1
    outer loop
      vertex 0.484455 5.125 4
      vertex 0 0 4
      vertex 0.611631 4.93467 4
    endloop
  endfacet
  facet normal 0 0 1
    outer loop
      vertex 0.38321 5.3303 4
      vertex 0 0 4
      vertex 0.484455 5.125 4
    endloop
  endfacet
  facet normal 0 0 1
    outer loop
      vertex 0.309629 5.54707 4
      vertex 0 0 4
      vertex 0.38321 5.3303 4
    endloop
  endfacet
  facet normal 0 0 1
    outer loop
      vertex 0.264971 5.77158 4
      vertex 0 0 4
      vertex 0.309629 5.54707 4
    endloop
  endfacet
  facet normal 0 0 1
    outer loop
      vertex 0.25 6 4
      vertex 0 0 4
      vertex 0.264971 5.77158 4
    endloop
  endfacet
  facet normal 0 0 1
    outer loop
      vertex 0 0 4
      vertex 0.25 6 4
      vertex 0 80 4
    endloop
  endfacet
  facet normal 0 0 -1
    outer loop
      vertex 3.61679 6.6697 0
      vertex 12 12 0
      vertex 3.69037 6.45293 0
    endloop
  endfacet
  facet normal 0 0 -1
    outer loop
      vertex 12 68 0
      vertex 3.73503 73.7716 0
      vertex 3.75 74 0
    endloop
  endfacet
  facet normal 0 0 -1
    outer loop
      vertex 3.51554 6.875 0
      vertex 12 12 0
      vertex 3.61679 6.6697 0
    endloop
  endfacet
  facet normal 0 0 -1
    outer loop
      vertex 12 68 0
      vertex 3.69037 73.5471 0
      vertex 3.73503 73.7716 0
    endloop
  endfacet
  facet normal 0 0 -1
    outer loop
      vertex 3.38837 7.06533 0
      vertex 12 12 0
      vertex 3.51554 6.875 0
    endloop
  endfacet
  facet normal 0 0 -1
    outer loop
      vertex 12 68 0
      vertex 3.61679 73.3303 0
      vertex 3.69037 73.5471 0
    endloop
  endfacet
  facet normal 0 0 -1
    outer loop
      vertex 3.23744 7.23744 0
      vertex 12 12 0
      vertex 3.38837 7.06533 0
    endloop
  endfacet
  facet normal 0 0 -1
    outer loop
      vertex 12 68 0
      vertex 3.51554 73.125 0
      vertex 3.61679 73.3303 0
    endloop
  endfacet
  facet normal 0 0 -1
    outer loop
      vertex 3.06533 7.38837 0
      vertex 12 12 0
      vertex 3.23744 7.23744 0
    endloop
  endfacet
  facet normal 0 0 -1
    outer loop
      vertex 12 68 0
      vertex 3.38837 72.9347 0
      vertex 3.51554 73.125 0
    endloop
  endfacet
  facet normal 0 0 -1
    outer loop
      vertex 2.875 7.51554 0
      vertex 12 12 0
      vertex 3.06533 7.38837 0
    endloop
  endfacet
  facet normal 0 0 -1
    outer loop
      vertex 12 68 0
      vertex 3.23744 72.7626 0
      vertex 3.38837 72.9347 0
    endloop
  endfacet
  facet normal 0 0 -1
    outer loop
      vertex 2.6697 7.61679 0
      vertex 12 12 0
      vertex 2.875 7.51554 0
    endloop
  endfacet
  facet normal 0 0 -1
    outer loop
      vertex 12 68 0
      vertex 3.06533 72.6116 0
      vertex 3.23744 72.7626 0
    endloop
  endfacet
  facet normal 0 0 -1
    outer loop
      vertex 2.45293 7.69037 0
      vertex 12 12 0
      vertex 2.6697 7.61679 0
    endloop
  endfacet
  facet normal 0 0 -1
    outer loop
      vertex 12 68 0
      vertex 2.875 72.4845 0
      vertex 3.06533 72.6116 0
    endloop
  endfacet
  facet normal 0 0 -1
    outer loop
      vertex 2.22842 7.73503 0
      vertex 12 12 0
      vertex 2.45293 7.69037 0
    endloop
  endfacet
  facet normal 0 0 -1
    outer loop
      vertex 12 68 0
      vertex 2.6697 72.3832 0
      vertex 2.875 72.4845 0
    endloop
  endfacet
  facet normal 0 0 -1
    outer loop
      vertex 2 7.75 0
      vertex 12 12 0
      vertex 2.22842 7.73503 0
    endloop
  endfacet
  facet normal 0 0 -1
    outer loop
      vertex 12 68 0
      vertex 2.45293 72.3096 0
      vertex 2.6697 72.3832 0
    endloop
  endfacet
  facet normal 0 0 -1
    outer loop
      vertex 1.77158 7.73503 0
      vertex 12 12 0
      vertex 2 7.75 0
    endloop
  endfacet
  facet normal 0 0 -1
    outer loop
      vertex 12 68 0
      vertex 2.22842 72.265 0
      vertex 2.45293 72.3096 0
    endloop
  endfacet
  facet normal 0 0 -1
    outer loop
      vertex 1.54707 7.69037 0
      vertex 12 12 0
      vertex 1.77158 7.73503 0
    endloop
  endfacet
  facet normal 0 0 -1
    outer loop
      vertex 12 68 0
      vertex 2 72.25 0
      vertex 2.22842 72.265 0
    endloop
  endfacet
  facet normal -0 0 -1
    outer loop
      vertex 12 12 0
      vertex 1.54707 7.69037 0
      vertex 12 68 0
    endloop
  endfacet
  facet normal 0 0 -1
    outer loop
      vertex 12 68 0
      vertex 1.77158 72.265 0
      vertex 2 72.25 0
    endloop
  endfacet
  facet normal 0 0 -1
    outer loop
      vertex 1.54707 72.3096 0
      vertex 12 68 0
      vertex 1.54707 7.69037 0
    endloop
  endfacet
  facet normal 0 0 -1
    outer loop
      vertex 12 68 0
      vertex 1.54707 72.3096 0
      vertex 1.77158 72.265 0
    endloop
  endfacet
  facet normal 0 0 -1
    outer loop
      vertex 1.3303 7.61679 0
      vertex 1.54707 72.3096 0
      vertex 1.54707 7.69037 0
    endloop
  endfacet
  facet normal 0 0 -1
    outer loop
      vertex 1.3303 7.61679 0
      vertex 1.3303 72.3832 0
      vertex 1.54707 72.3096 0
    endloop
  endfacet
  facet normal 0 0 -1
    outer loop
      vertex 1.125 7.51554 0
      vertex 1.3303 72.3832 0
      vertex 1.3303 7.61679 0
    endloop
  endfacet
  facet normal 0 0 -1
    outer loop
      vertex 1.125 7.51554 0
      vertex 1.125 72.4845 0
      vertex 1.3303 72.3832 0
    endloop
  endfacet
  facet normal 0 0 -1
    outer loop
      vertex 0.934667 7.38837 0
      vertex 1.125 72.4845 0
      vertex 1.125 7.51554 0
    endloop
  endfacet
  facet normal 0 0 -1
    outer loop
      vertex 0.934667 7.38837 0
      vertex 0.934667 72.6116 0
      vertex 1.125 72.4845 0
    endloop
  endfacet
  facet normal 0 0 -1
    outer loop
      vertex 0.762563 7.23744 0
      vertex 0.934667 72.6116 0
      vertex 0.934667 7.38837 0
    endloop
  endfacet
  facet normal 0 0 -1
    outer loop
      vertex 0.762563 7.23744 0
      vertex 0.762563 72.7626 0
      vertex 0.934667 72.6116 0
    endloop
  endfacet
  facet normal 0 0 -1
    outer loop
      vertex 0.611631 7.06533 0
      vertex 0.762563 72.7626 0
      vertex 0.762563 7.23744 0
    endloop
  endfacet
  facet normal 0 0 -1
    outer loop
      vertex 0.611631 7.06533 0
      vertex 0.611631 72.9347 0
      vertex 0.762563 72.7626 0
    endloop
  endfacet
  facet normal 0 0 -1
    outer loop
      vertex 0.484455 6.875 0
      vertex 0.611631 72.9347 0
      vertex 0.611631 7.06533 0
    endloop
  endfacet
  facet normal 0 0 -1
    outer loop
      vertex 0.484455 6.875 0
      vertex 0.484455 73.125 0
      vertex 0.611631 72.9347 0
    endloop
  endfacet
  facet normal 0 0 -1
    outer loop
      vertex 0.38321 6.6697 0
      vertex 0.484455 73.125 0
      vertex 0.484455 6.875 0
    endloop
  endfacet
  facet normal 0 0 -1
    outer loop
      vertex 0.38321 6.6697 0
      vertex 0.38321 73.3303 0
      vertex 0.484455 73.125 0
    endloop
  endfacet
  facet normal 0 0 -1
    outer loop
      vertex 0.309629 6.45293 0
      vertex 0.38321 73.3303 0
      vertex 0.38321 6.6697 0
    endloop
  endfacet
  facet normal 0 0 -1
    outer loop
      vertex 0.309629 6.45293 0
      vertex 0.309629 73.5471 0
      vertex 0.38321 73.3303 0
    endloop
  endfacet
  facet normal 0 0 -1
    outer loop
      vertex 0.264971 6.22842 0
      vertex 0.309629 73.5471 0
      vertex 0.309629 6.45293 0
    endloop
  endfacet
  facet normal 0 0 -1
    outer loop
      vertex 0.264971 6.22842 0
      vertex 0.264971 73.7716 0
      vertex 0.309629 73.5471 0
    endloop
  endfacet
  facet normal 0 0 -1
    outer loop
      vertex 0.25 6 0
      vertex 0.264971 73.7716 0
      vertex 0.264971 6.22842 0
    endloop
  endfacet
  facet normal -0 0 -1
    outer loop
      vertex 0.264971 73.7716 0
      vertex 0.25 6 0
      vertex 0.25 74 0
    endloop
  endfacet
  facet normal 0 0 -1
    outer loop
      vertex 83.8401 22.8036 0
      vertex 160.16 22.8036 0
      vertex 83.9284 22.5435 0
    endloop
  endfacet
  facet normal 0 0 -1
    outer loop
      vertex 160.16 57.1964 0
      vertex 83.982 57.7259 0
      vertex 84 58 0
    endloop
  endfacet
  facet normal 0 0 -1
    outer loop
      vertex 160.16 22.8036 0
      vertex 83.8401 22.8036 0
      vertex 160.16 57.1964 0
    endloop
  endfacet
  facet normal 0 0 -1
    outer loop
      vertex 160.16 57.1964 0
      vertex 83.9284 57.4565 0
      vertex 83.982 57.7259 0
    endloop
  endfacet
  facet normal 0 0 -1
    outer loop
      vertex 83.8401 57.1964 0
      vertex 160.16 57.1964 0
      vertex 83.8401 22.8036 0
    endloop
  endfacet
  facet normal 0 0 -1
    outer loop
      vertex 160.16 57.1964 0
      vertex 83.8401 57.1964 0
      vertex 83.9284 57.4565 0
    endloop
  endfacet
  facet normal 0 0 -1
    outer loop
      vertex 83.7187 23.05 0
      vertex 83.8401 57.1964 0
      vertex 83.8401 22.8036 0
    endloop
  endfacet
  facet normal 0 0 -1
    outer loop
      vertex 83.7187 23.05 0
      vertex 83.7187 56.95 0
      vertex 83.8401 57.1964 0
    endloop
  endfacet
  facet normal 0 0 -1
    outer loop
      vertex 83.566 23.2784 0
      vertex 83.7187 56.95 0
      vertex 83.7187 23.05 0
    endloop
  endfacet
  facet normal 0 0 -1
    outer loop
      vertex 83.566 23.2784 0
      vertex 83.566 56.7216 0
      vertex 83.7187 56.95 0
    endloop
  endfacet
  facet normal 0 0 -1
    outer loop
      vertex 83.3849 23.4849 0
      vertex 83.566 56.7216 0
      vertex 83.566 23.2784 0
    endloop
  endfacet
  facet normal 0 0 -1
    outer loop
      vertex 83.3849 23.4849 0
      vertex 83.3849 56.5151 0
      vertex 83.566 56.7216 0
    endloop
  endfacet
  facet normal 0 0 -1
    outer loop
      vertex 83.1784 23.666 0
      vertex 83.3849 56.5151 0
      vertex 83.3849 23.4849 0
    endloop
  endfacet
  facet normal 0 0 -1
    outer loop
      vertex 83.1784 23.666 0
      vertex 83.1784 56.334 0
      vertex 83.3849 56.5151 0
    endloop
  endfacet
  facet normal 0 0 -1
    outer loop
      vertex 82.95 23.8187 0
      vertex 83.1784 56.334 0
      vertex 83.1784 23.666 0
    endloop
  endfacet
  facet normal 0 0 -1
    outer loop
      vertex 82.95 23.8187 0
      vertex 82.95 56.1813 0
      vertex 83.1784 56.334 0
    endloop
  endfacet
  facet normal 0 0 -1
    outer loop
      vertex 82.7036 23.9401 0
      vertex 82.95 56.1813 0
      vertex 82.95 23.8187 0
    endloop
  endfacet
  facet normal 0 0 -1
    outer loop
      vertex 82.7036 23.9401 0
      vertex 82.7036 56.0599 0
      vertex 82.95 56.1813 0
    endloop
  endfacet
  facet normal 0 0 -1
    outer loop
      vertex 82.4435 24.0284 0
      vertex 82.7036 56.0599 0
      vertex 82.7036 23.9401 0
    endloop
  endfacet
  facet normal 0 0 -1
    outer loop
      vertex 82.4435 24.0284 0
      vertex 82.4435 55.9716 0
      vertex 82.7036 56.0599 0
    endloop
  endfacet
  facet normal 0 0 -1
    outer loop
      vertex 82.1741 24.082 0
      vertex 82.4435 55.9716 0
      vertex 82.4435 24.0284 0
    endloop
  endfacet
  facet normal 0 0 -1
    outer loop
      vertex 82.1741 24.082 0
      vertex 82.1741 55.918 0
      vertex 82.4435 55.9716 0
    endloop
  endfacet
  facet normal 0 0 -1
    outer loop
      vertex 81.9 24.1 0
      vertex 82.1741 55.918 0
      vertex 82.1741 24.082 0
    endloop
  endfacet
  facet normal 0 0 -1
    outer loop
      vertex 81.9 24.1 0
      vertex 81.9 55.9 0
      vertex 82.1741 55.918 0
    endloop
  endfacet
  facet normal 0 0 -1
    outer loop
      vertex 66.1 24.1 0
      vertex 81.9 55.9 0
      vertex 81.9 24.1 0
    endloop
  endfacet
  facet normal 0 0 -1
    outer loop
      vertex 66.1 24.1 0
      vertex 66.1 55.9 0
      vertex 81.9 55.9 0
    endloop
  endfacet
  facet normal 0 0 -1
    outer loop
      vertex 65.8259 24.082 0
      vertex 66.1 55.9 0
      vertex 66.1 24.1 0
    endloop
  endfacet
  facet normal 0 0 -1
    outer loop
      vertex 65.8259 24.082 0
      vertex 65.8259 55.918 0
      vertex 66.1 55.9 0
    endloop
  endfacet
  facet normal 0 0 -1
    outer loop
      vertex 65.5565 24.0284 0
      vertex 65.8259 55.918 0
      vertex 65.8259 24.082 0
    endloop
  endfacet
  facet normal 0 0 -1
    outer loop
      vertex 65.5565 24.0284 0
      vertex 65.5565 55.9716 0
      vertex 65.8259 55.918 0
    endloop
  endfacet
  facet normal 0 0 -1
    outer loop
      vertex 65.2964 23.9401 0
      vertex 65.5565 55.9716 0
      vertex 65.5565 24.0284 0
    endloop
  endfacet
  facet normal 0 0 -1
    outer loop
      vertex 65.2964 23.9401 0
      vertex 65.2964 56.0599 0
      vertex 65.5565 55.9716 0
    endloop
  endfacet
  facet normal 0 0 -1
    outer loop
      vertex 65.05 23.8187 0
      vertex 65.2964 56.0599 0
      vertex 65.2964 23.9401 0
    endloop
  endfacet
  facet normal 0 0 -1
    outer loop
      vertex 65.05 23.8187 0
      vertex 65.05 56.1813 0
      vertex 65.2964 56.0599 0
    endloop
  endfacet
  facet normal 0 0 -1
    outer loop
      vertex 64.8216 23.666 0
      vertex 65.05 56.1813 0
      vertex 65.05 23.8187 0
    endloop
  endfacet
  facet normal 0 0 -1
    outer loop
      vertex 64.8216 23.666 0
      vertex 64.8216 56.334 0
      vertex 65.05 56.1813 0
    endloop
  endfacet
  facet normal 0 0 -1
    outer loop
      vertex 64.6151 23.4849 0
      vertex 64.8216 56.334 0
      vertex 64.8216 23.666 0
    endloop
  endfacet
  facet normal 0 0 -1
    outer loop
      vertex 64.6151 23.4849 0
      vertex 64.6151 56.5151 0
      vertex 64.8216 56.334 0
    endloop
  endfacet
  facet normal 0 0 -1
    outer loop
      vertex 64.434 23.2784 0
      vertex 64.6151 56.5151 0
      vertex 64.6151 23.4849 0
    endloop
  endfacet
  facet normal 0 0 -1
    outer loop
      vertex 64.434 23.2784 0
      vertex 64.434 56.7216 0
      vertex 64.6151 56.5151 0
    endloop
  endfacet
  facet normal 0 0 -1
    outer loop
      vertex 64.2813 23.05 0
      vertex 64.434 56.7216 0
      vertex 64.434 23.2784 0
    endloop
  endfacet
  facet normal 0 0 -1
    outer loop
      vertex 64.2813 23.05 0
      vertex 64.2813 56.95 0
      vertex 64.434 56.7216 0
    endloop
  endfacet
  facet normal 0 0 -1
    outer loop
      vertex 64.1599 22.8036 0
      vertex 64.2813 56.95 0
      vertex 64.2813 23.05 0
    endloop
  endfacet
  facet normal 0 0 -1
    outer loop
      vertex 64.1599 22.8036 0
      vertex 64.1599 57.1964 0
      vertex 64.2813 56.95 0
    endloop
  endfacet
  facet normal 0 0 -1
    outer loop
      vertex 64.0716 22.5435 0
      vertex 64.1599 57.1964 0
      vertex 64.1599 22.8036 0
    endloop
  endfacet
  facet normal 0 0 -1
    outer loop
      vertex 64.0716 22.5435 0
      vertex 64.0716 57.4565 0
      vertex 64.1599 57.1964 0
    endloop
  endfacet
  facet normal 0 0 -1
    outer loop
      vertex 59 12 0
      vertex 64.0716 22.5435 0
      vertex 64.018 22.2741 0
    endloop
  endfacet
  facet normal -0 0 -1
    outer loop
      vertex 64.0716 22.5435 0
      vertex 59 12 0
      vertex 64.0716 57.4565 0
    endloop
  endfacet
  facet normal 0 0 -1
    outer loop
      vertex 59 12 0
      vertex 64.018 22.2741 0
      vertex 64 22 0
    endloop
  endfacet
  facet normal 0 0 -1
    outer loop
      vertex 59 68 0
      vertex 64.0716 57.4565 0
      vertex 59 12 0
    endloop
  endfacet
  facet normal 0 0 -1
    outer loop
      vertex 178 60.0934 0
      vertex 177.9 60.1 0
      vertex 178 64 0
    endloop
  endfacet
  facet normal 0 0 -1
    outer loop
      vertex 178 40 0
      vertex 181.5 52 0
      vertex 181.5 40 0
    endloop
  endfacet
  facet normal -0 0 -1
    outer loop
      vertex 181.5 52 0
      vertex 178 40 0
      vertex 178 52 0
    endloop
  endfacet
  facet normal 0 0 -1
    outer loop
      vertex 243.735 6.22842 0
      vertex 243.75 74 0
      vertex 243.75 6 0
    endloop
  endfacet
  facet normal 0 0 -1
    outer loop
      vertex 243.735 6.22842 0
      vertex 243.735 73.7716 0
      vertex 243.75 74 0
    endloop
  endfacet
  facet normal 0 0 -1
    outer loop
      vertex 243.69 6.45293 0
      vertex 243.735 73.7716 0
      vertex 243.735 6.22842 0
    endloop
  endfacet
  facet normal 0 0 -1
    outer loop
      vertex 243.69 6.45293 0
      vertex 243.69 73.5471 0
      vertex 243.735 73.7716 0
    endloop
  endfacet
  facet normal 0 0 -1
    outer loop
      vertex 243.617 6.6697 0
      vertex 243.69 73.5471 0
      vertex 243.69 6.45293 0
    endloop
  endfacet
  facet normal 0 0 -1
    outer loop
      vertex 243.617 6.6697 0
      vertex 243.617 73.3303 0
      vertex 243.69 73.5471 0
    endloop
  endfacet
  facet normal 0 0 -1
    outer loop
      vertex 243.516 6.875 0
      vertex 243.617 73.3303 0
      vertex 243.617 6.6697 0
    endloop
  endfacet
  facet normal 0 0 -1
    outer loop
      vertex 243.516 6.875 0
      vertex 243.516 73.125 0
      vertex 243.617 73.3303 0
    endloop
  endfacet
  facet normal 0 0 -1
    outer loop
      vertex 243.388 7.06533 0
      vertex 243.516 73.125 0
      vertex 243.516 6.875 0
    endloop
  endfacet
  facet normal 0 0 -1
    outer loop
      vertex 243.388 7.06533 0
      vertex 243.388 72.9347 0
      vertex 243.516 73.125 0
    endloop
  endfacet
  facet normal 0 0 -1
    outer loop
      vertex 243.237 7.23744 0
      vertex 243.388 72.9347 0
      vertex 243.388 7.06533 0
    endloop
  endfacet
  facet normal 0 0 -1
    outer loop
      vertex 243.237 7.23744 0
      vertex 243.237 72.7626 0
      vertex 243.388 72.9347 0
    endloop
  endfacet
  facet normal 0 0 -1
    outer loop
      vertex 243.065 7.38837 0
      vertex 243.237 72.7626 0
      vertex 243.237 7.23744 0
    endloop
  endfacet
  facet normal 0 0 -1
    outer loop
      vertex 243.065 7.38837 0
      vertex 243.065 72.6116 0
      vertex 243.237 72.7626 0
    endloop
  endfacet
  facet normal 0 0 -1
    outer loop
      vertex 242.875 7.51554 0
      vertex 243.065 72.6116 0
      vertex 243.065 7.38837 0
    endloop
  endfacet
  facet normal 0 0 -1
    outer loop
      vertex 242.875 7.51554 0
      vertex 242.875 72.4845 0
      vertex 243.065 72.6116 0
    endloop
  endfacet
  facet normal 0 0 -1
    outer loop
      vertex 242.67 7.61679 0
      vertex 242.875 72.4845 0
      vertex 242.875 7.51554 0
    endloop
  endfacet
  facet normal 0 0 -1
    outer loop
      vertex 242.67 7.61679 0
      vertex 242.67 72.3832 0
      vertex 242.875 72.4845 0
    endloop
  endfacet
  facet normal 0 0 -1
    outer loop
      vertex 242.453 7.69037 0
      vertex 242.67 72.3832 0
      vertex 242.67 7.61679 0
    endloop
  endfacet
  facet normal 0 0 -1
    outer loop
      vertex 242.453 7.69037 0
      vertex 242.453 72.3096 0
      vertex 242.67 72.3832 0
    endloop
  endfacet
  facet normal 0 0 -1
    outer loop
      vertex 232 12 0
      vertex 242.453 7.69037 0
      vertex 242.228 7.73503 0
    endloop
  endfacet
  facet normal 0 0 -1
    outer loop
      vertex 242.453 7.69037 0
      vertex 232 12 0
      vertex 242.453 72.3096 0
    endloop
  endfacet
  facet normal 0 0 -1
    outer loop
      vertex 232 12 0
      vertex 242.228 7.73503 0
      vertex 242 7.75 0
    endloop
  endfacet
  facet normal 0 0 -1
    outer loop
      vertex 232 68 0
      vertex 242.453 72.3096 0
      vertex 232 12 0
    endloop
  endfacet
  facet normal 0 0 -1
    outer loop
      vertex 232 12 0
      vertex 242 7.75 0
      vertex 241.772 7.73503 0
    endloop
  endfacet
  facet normal 0 0 -1
    outer loop
      vertex 242.453 72.3096 0
      vertex 232 68 0
      vertex 242.228 72.265 0
    endloop
  endfacet
  facet normal 0 0 -1
    outer loop
      vertex 232 12 0
      vertex 241.772 7.73503 0
      vertex 241.547 7.69037 0
    endloop
  endfacet
  facet normal 0 0 -1
    outer loop
      vertex 242.228 72.265 0
      vertex 232 68 0
      vertex 242 72.25 0
    endloop
  endfacet
  facet normal 0 0 -1
    outer loop
      vertex 232 12 0
      vertex 241.547 7.69037 0
      vertex 241.33 7.61679 0
    endloop
  endfacet
  facet normal -0 0 -1
    outer loop
      vertex 242 72.25 0
      vertex 232 68 0
      vertex 241.772 72.265 0
    endloop
  endfacet
  facet normal 0 0 -1
    outer loop
      vertex 232 12 0
      vertex 241.33 7.61679 0
      vertex 241.125 7.51554 0
    endloop
  endfacet
  facet normal -0 0 -1
    outer loop
      vertex 241.772 72.265 0
      vertex 232 68 0
      vertex 241.547 72.3096 0
    endloop
  endfacet
  facet normal 0 0 -1
    outer loop
      vertex 232 12 0
      vertex 241.125 7.51554 0
      vertex 240.935 7.38837 0
    endloop
  endfacet
  facet normal -0 0 -1
    outer loop
      vertex 241.547 72.3096 0
      vertex 232 68 0
      vertex 241.33 72.3832 0
    endloop
  endfacet
  facet normal 0 0 -1
    outer loop
      vertex 232 12 0
      vertex 240.935 7.38837 0
      vertex 240.763 7.23744 0
    endloop
  endfacet
  facet normal -0 0 -1
    outer loop
      vertex 241.33 72.3832 0
      vertex 232 68 0
      vertex 241.125 72.4845 0
    endloop
  endfacet
  facet normal 0 0 -1
    outer loop
      vertex 232 12 0
      vertex 240.763 7.23744 0
      vertex 240.612 7.06533 0
    endloop
  endfacet
  facet normal -0 0 -1
    outer loop
      vertex 241.125 72.4845 0
      vertex 232 68 0
      vertex 240.935 72.6116 0
    endloop
  endfacet
  facet normal 0 0 -1
    outer loop
      vertex 232 12 0
      vertex 240.612 7.06533 0
      vertex 240.484 6.875 0
    endloop
  endfacet
  facet normal -0 0 -1
    outer loop
      vertex 240.935 72.6116 0
      vertex 232 68 0
      vertex 240.763 72.7626 0
    endloop
  endfacet
  facet normal 0 0 -1
    outer loop
      vertex 232 12 0
      vertex 240.484 6.875 0
      vertex 240.383 6.6697 0
    endloop
  endfacet
  facet normal -0 0 -1
    outer loop
      vertex 240.763 72.7626 0
      vertex 232 68 0
      vertex 240.612 72.9347 0
    endloop
  endfacet
  facet normal 0 0 -1
    outer loop
      vertex 232 12 0
      vertex 240.383 6.6697 0
      vertex 240.31 6.45293 0
    endloop
  endfacet
  facet normal -0 0 -1
    outer loop
      vertex 240.612 72.9347 0
      vertex 232 68 0
      vertex 240.484 73.125 0
    endloop
  endfacet
  facet normal 0 0 -1
    outer loop
      vertex 232 12 0
      vertex 240.31 6.45293 0
      vertex 240.265 6.22842 0
    endloop
  endfacet
  facet normal -0 0 -1
    outer loop
      vertex 240.484 73.125 0
      vertex 232 68 0
      vertex 240.383 73.3303 0
    endloop
  endfacet
  facet normal 0 0 -1
    outer loop
      vertex 232 12 0
      vertex 240.265 6.22842 0
      vertex 240.25 6 0
    endloop
  endfacet
  facet normal -0 0 -1
    outer loop
      vertex 240.383 73.3303 0
      vertex 232 68 0
      vertex 240.31 73.5471 0
    endloop
  endfacet
  facet normal 0 0 -1
    outer loop
      vertex 244 0 0
      vertex 243.75 6 0
      vertex 244 80 0
    endloop
  endfacet
  facet normal 0 0 -1
    outer loop
      vertex 244 0 0
      vertex 243.735 5.77158 0
      vertex 243.75 6 0
    endloop
  endfacet
  facet normal 0 0 -1
    outer loop
      vertex 244 0 0
      vertex 243.69 5.54707 0
      vertex 243.735 5.77158 0
    endloop
  endfacet
  facet normal 0 0 -1
    outer loop
      vertex 244 0 0
      vertex 243.617 5.3303 0
      vertex 243.69 5.54707 0
    endloop
  endfacet
  facet normal 0 0 -1
    outer loop
      vertex 244 0 0
      vertex 243.516 5.125 0
      vertex 243.617 5.3303 0
    endloop
  endfacet
  facet normal 0 0 -1
    outer loop
      vertex 244 0 0
      vertex 243.388 4.93467 0
      vertex 243.516 5.125 0
    endloop
  endfacet
  facet normal 0 0 -1
    outer loop
      vertex 244 0 0
      vertex 243.237 4.76256 0
      vertex 243.388 4.93467 0
    endloop
  endfacet
  facet normal 0 0 -1
    outer loop
      vertex 244 0 0
      vertex 243.065 4.61163 0
      vertex 243.237 4.76256 0
    endloop
  endfacet
  facet normal 0 0 -1
    outer loop
      vertex 244 0 0
      vertex 242.875 4.48446 0
      vertex 243.065 4.61163 0
    endloop
  endfacet
  facet normal 0 0 -1
    outer loop
      vertex 244 0 0
      vertex 242.67 4.38321 0
      vertex 242.875 4.48446 0
    endloop
  endfacet
  facet normal 0 0 -1
    outer loop
      vertex 244 0 0
      vertex 242.453 4.30963 0
      vertex 242.67 4.38321 0
    endloop
  endfacet
  facet normal 0 0 -1
    outer loop
      vertex 244 0 0
      vertex 242.228 4.26497 0
      vertex 242.453 4.30963 0
    endloop
  endfacet
  facet normal 0 0 -1
    outer loop
      vertex 244 0 0
      vertex 242 4.25 0
      vertex 242.228 4.26497 0
    endloop
  endfacet
  facet normal 0 0 -1
    outer loop
      vertex 244 0 0
      vertex 241.772 4.26497 0
      vertex 242 4.25 0
    endloop
  endfacet
  facet normal 0 0 -1
    outer loop
      vertex 244 0 0
      vertex 241.547 4.30963 0
      vertex 241.772 4.26497 0
    endloop
  endfacet
  facet normal 0 0 -1
    outer loop
      vertex 244 0 0
      vertex 241.33 4.38321 0
      vertex 241.547 4.30963 0
    endloop
  endfacet
  facet normal 0 0 -1
    outer loop
      vertex 244 0 0
      vertex 241.125 4.48446 0
      vertex 241.33 4.38321 0
    endloop
  endfacet
  facet normal 0 0 -1
    outer loop
      vertex 244 0 0
      vertex 240.935 4.61163 0
      vertex 241.125 4.48446 0
    endloop
  endfacet
  facet normal 0 0 -1
    outer loop
      vertex 244 0 0
      vertex 240.763 4.76256 0
      vertex 240.935 4.61163 0
    endloop
  endfacet
  facet normal 0 0 -1
    outer loop
      vertex 244 0 0
      vertex 240.612 4.93467 0
      vertex 240.763 4.76256 0
    endloop
  endfacet
  facet normal -0 0 -1
    outer loop
      vertex 240.31 73.5471 0
      vertex 232 68 0
      vertex 240.265 73.7716 0
    endloop
  endfacet
  facet normal 0 0 -1
    outer loop
      vertex 240.265 5.77158 0
      vertex 232 12 0
      vertex 240.25 6 0
    endloop
  endfacet
  facet normal 0 0 -1
    outer loop
      vertex 240.31 5.54707 0
      vertex 232 12 0
      vertex 240.265 5.77158 0
    endloop
  endfacet
  facet normal 0 0 -1
    outer loop
      vertex 240.383 5.3303 0
      vertex 232 12 0
      vertex 240.31 5.54707 0
    endloop
  endfacet
  facet normal 0 0 -1
    outer loop
      vertex 240.484 5.125 0
      vertex 232 12 0
      vertex 240.383 5.3303 0
    endloop
  endfacet
  facet normal 0 0 -1
    outer loop
      vertex 240.612 4.93467 0
      vertex 232 12 0
      vertex 240.484 5.125 0
    endloop
  endfacet
  facet normal 0 0 -1
    outer loop
      vertex 244 0 0
      vertex 232 12 0
      vertex 240.612 4.93467 0
    endloop
  endfacet
  facet normal 0 0 -1
    outer loop
      vertex 244 0 0
      vertex 185 12 0
      vertex 232 12 0
    endloop
  endfacet
  facet normal 0 0 -1
    outer loop
      vertex 181.5 40 0
      vertex 185 12 0
      vertex 181.5 28 0
    endloop
  endfacet
  facet normal 0 0 -1
    outer loop
      vertex 185 12 0
      vertex 180 22 0
      vertex 181.5 28 0
    endloop
  endfacet
  facet normal 0 0 -1
    outer loop
      vertex 185 12 0
      vertex 179.982 21.7259 0
      vertex 180 22 0
    endloop
  endfacet
  facet normal 0 0 -1
    outer loop
      vertex 185 12 0
      vertex 179.928 21.4565 0
      vertex 179.982 21.7259 0
    endloop
  endfacet
  facet normal 0 0 -1
    outer loop
      vertex 185 12 0
      vertex 179.84 21.1964 0
      vertex 179.928 21.4565 0
    endloop
  endfacet
  facet normal 0 0 -1
    outer loop
      vertex 185 12 0
      vertex 179.719 20.95 0
      vertex 179.84 21.1964 0
    endloop
  endfacet
  facet normal 0 0 -1
    outer loop
      vertex 185 12 0
      vertex 179.566 20.7216 0
      vertex 179.719 20.95 0
    endloop
  endfacet
  facet normal 0 0 -1
    outer loop
      vertex 185 12 0
      vertex 179.385 20.5151 0
      vertex 179.566 20.7216 0
    endloop
  endfacet
  facet normal 0 0 -1
    outer loop
      vertex 185 12 0
      vertex 179.178 20.334 0
      vertex 179.385 20.5151 0
    endloop
  endfacet
  facet normal 0 0 -1
    outer loop
      vertex 185 12 0
      vertex 178.95 20.1813 0
      vertex 179.178 20.334 0
    endloop
  endfacet
  facet normal 0 0 -1
    outer loop
      vertex 185 12 0
      vertex 178.704 20.0599 0
      vertex 178.95 20.1813 0
    endloop
  endfacet
  facet normal 0 0 -1
    outer loop
      vertex 185 12 0
      vertex 178.444 19.9716 0
      vertex 178.704 20.0599 0
    endloop
  endfacet
  facet normal 0 0 -1
    outer loop
      vertex 185 12 0
      vertex 178.174 19.918 0
      vertex 178.444 19.9716 0
    endloop
  endfacet
  facet normal 0 0 -1
    outer loop
      vertex 185 12 0
      vertex 177.9 19.9 0
      vertex 178.174 19.918 0
    endloop
  endfacet
  facet normal 0 0 -1
    outer loop
      vertex 185 12 0
      vertex 162.1 19.9 0
      vertex 177.9 19.9 0
    endloop
  endfacet
  facet normal 0 0 -1
    outer loop
      vertex 185 12 0
      vertex 161.826 19.918 0
      vertex 162.1 19.9 0
    endloop
  endfacet
  facet normal 0 0 -1
    outer loop
      vertex 185 12 0
      vertex 161.556 19.9716 0
      vertex 161.826 19.918 0
    endloop
  endfacet
  facet normal 0 0 -1
    outer loop
      vertex 82.4435 19.9716 0
      vertex 161.556 19.9716 0
      vertex 185 12 0
    endloop
  endfacet
  facet normal 0 0 -1
    outer loop
      vertex 160.072 57.4565 0
      vertex 84 58 0
      vertex 160.018 57.7259 0
    endloop
  endfacet
  facet normal 0 0 -1
    outer loop
      vertex 160.018 21.7259 0
      vertex 84 22 0
      vertex 160 22 0
    endloop
  endfacet
  facet normal 0 0 -1
    outer loop
      vertex 83.982 21.7259 0
      vertex 160.018 21.7259 0
      vertex 160.072 21.4565 0
    endloop
  endfacet
  facet normal 0 0 -1
    outer loop
      vertex 83.9284 21.4565 0
      vertex 160.072 21.4565 0
      vertex 160.16 21.1964 0
    endloop
  endfacet
  facet normal 0 0 -1
    outer loop
      vertex 83.8401 21.1964 0
      vertex 160.16 21.1964 0
      vertex 160.281 20.95 0
    endloop
  endfacet
  facet normal 0 0 -1
    outer loop
      vertex 83.7187 20.95 0
      vertex 160.281 20.95 0
      vertex 160.434 20.7216 0
    endloop
  endfacet
  facet normal 0 0 -1
    outer loop
      vertex 83.566 20.7216 0
      vertex 160.434 20.7216 0
      vertex 160.615 20.5151 0
    endloop
  endfacet
  facet normal 0 0 -1
    outer loop
      vertex 83.3849 20.5151 0
      vertex 160.615 20.5151 0
      vertex 160.822 20.334 0
    endloop
  endfacet
  facet normal 0 0 -1
    outer loop
      vertex 83.1784 20.334 0
      vertex 160.822 20.334 0
      vertex 161.05 20.1813 0
    endloop
  endfacet
  facet normal 0 0 -1
    outer loop
      vertex 82.95 20.1813 0
      vertex 161.05 20.1813 0
      vertex 161.296 20.0599 0
    endloop
  endfacet
  facet normal 0 0 -1
    outer loop
      vertex 161.556 19.9716 0
      vertex 82.4435 19.9716 0
      vertex 161.296 20.0599 0
    endloop
  endfacet
  facet normal 0 0 -1
    outer loop
      vertex 59 12 0
      vertex 185 12 0
      vertex 244 0 0
    endloop
  endfacet
  facet normal 0 0 -1
    outer loop
      vertex 160.018 21.7259 0
      vertex 83.982 21.7259 0
      vertex 84 22 0
    endloop
  endfacet
  facet normal 0 0 -1
    outer loop
      vertex 160.072 21.4565 0
      vertex 83.9284 21.4565 0
      vertex 83.982 21.7259 0
    endloop
  endfacet
  facet normal 0 0 -1
    outer loop
      vertex 160.16 21.1964 0
      vertex 83.8401 21.1964 0
      vertex 83.9284 21.4565 0
    endloop
  endfacet
  facet normal 0 0 -1
    outer loop
      vertex 160.281 20.95 0
      vertex 83.7187 20.95 0
      vertex 83.8401 21.1964 0
    endloop
  endfacet
  facet normal 0 0 -1
    outer loop
      vertex 160.434 20.7216 0
      vertex 83.566 20.7216 0
      vertex 83.7187 20.95 0
    endloop
  endfacet
  facet normal 0 0 -1
    outer loop
      vertex 160.615 20.5151 0
      vertex 83.3849 20.5151 0
      vertex 83.566 20.7216 0
    endloop
  endfacet
  facet normal 0 0 -1
    outer loop
      vertex 160.822 20.334 0
      vertex 83.1784 20.334 0
      vertex 83.3849 20.5151 0
    endloop
  endfacet
  facet normal 0 0 -1
    outer loop
      vertex 161.05 20.1813 0
      vertex 82.95 20.1813 0
      vertex 83.1784 20.334 0
    endloop
  endfacet
  facet normal 0 0 -1
    outer loop
      vertex 161.296 20.0599 0
      vertex 82.7036 20.0599 0
      vertex 82.95 20.1813 0
    endloop
  endfacet
  facet normal -0 0 -1
    outer loop
      vertex 161.296 20.0599 0
      vertex 82.4435 19.9716 0
      vertex 82.7036 20.0599 0
    endloop
  endfacet
  facet normal 0 0 -1
    outer loop
      vertex 185 12 0
      vertex 59 12 0
      vertex 82.4435 19.9716 0
    endloop
  endfacet
  facet normal 0 0 -1
    outer loop
      vertex 82.4435 19.9716 0
      vertex 59 12 0
      vertex 82.1741 19.918 0
    endloop
  endfacet
  facet normal 0 0 -1
    outer loop
      vertex 82.1741 19.918 0
      vertex 59 12 0
      vertex 81.9 19.9 0
    endloop
  endfacet
  facet normal -0 0 -1
    outer loop
      vertex 81.9 19.9 0
      vertex 59 12 0
      vertex 66.1 19.9 0
    endloop
  endfacet
  facet normal 0 0 -1
    outer loop
      vertex 64.0716 57.4565 0
      vertex 59 68 0
      vertex 64.018 57.7259 0
    endloop
  endfacet
  facet normal -0 0 -1
    outer loop
      vertex 64.018 21.7259 0
      vertex 59 12 0
      vertex 64 22 0
    endloop
  endfacet
  facet normal -0 0 -1
    outer loop
      vertex 64.0716 21.4565 0
      vertex 59 12 0
      vertex 64.018 21.7259 0
    endloop
  endfacet
  facet normal -0 0 -1
    outer loop
      vertex 64.1599 21.1964 0
      vertex 59 12 0
      vertex 64.0716 21.4565 0
    endloop
  endfacet
  facet normal -0 0 -1
    outer loop
      vertex 64.2813 20.95 0
      vertex 59 12 0
      vertex 64.1599 21.1964 0
    endloop
  endfacet
  facet normal -0 0 -1
    outer loop
      vertex 64.434 20.7216 0
      vertex 59 12 0
      vertex 64.2813 20.95 0
    endloop
  endfacet
  facet normal -0 0 -1
    outer loop
      vertex 64.6151 20.5151 0
      vertex 59 12 0
      vertex 64.434 20.7216 0
    endloop
  endfacet
  facet normal -0 0 -1
    outer loop
      vertex 64.8216 20.334 0
      vertex 59 12 0
      vertex 64.6151 20.5151 0
    endloop
  endfacet
  facet normal -0 0 -1
    outer loop
      vertex 65.05 20.1813 0
      vertex 59 12 0
      vertex 64.8216 20.334 0
    endloop
  endfacet
  facet normal -0 0 -1
    outer loop
      vertex 65.2964 20.0599 0
      vertex 59 12 0
      vertex 65.05 20.1813 0
    endloop
  endfacet
  facet normal -0 0 -1
    outer loop
      vertex 65.5565 19.9716 0
      vertex 59 12 0
      vertex 65.2964 20.0599 0
    endloop
  endfacet
  facet normal -0 0 -1
    outer loop
      vertex 65.8259 19.918 0
      vertex 59 12 0
      vertex 65.5565 19.9716 0
    endloop
  endfacet
  facet normal -0 0 -1
    outer loop
      vertex 66.1 19.9 0
      vertex 59 12 0
      vertex 65.8259 19.918 0
    endloop
  endfacet
  facet normal 0 0 -1
    outer loop
      vertex 0 0 0
      vertex 59 12 0
      vertex 244 0 0
    endloop
  endfacet
  facet normal 0 0 -1
    outer loop
      vertex 3.73503 6.22842 0
      vertex 12 12 0
      vertex 3.75 6 0
    endloop
  endfacet
  facet normal -0 0 -1
    outer loop
      vertex 59 12 0
      vertex 0 0 0
      vertex 12 12 0
    endloop
  endfacet
  facet normal 0 0 -1
    outer loop
      vertex 12 12 0
      vertex 3.73503 5.77158 0
      vertex 3.75 6 0
    endloop
  endfacet
  facet normal 0 0 -1
    outer loop
      vertex 12 12 0
      vertex 3.69037 5.54707 0
      vertex 3.73503 5.77158 0
    endloop
  endfacet
  facet normal 0 0 -1
    outer loop
      vertex 12 12 0
      vertex 3.61679 5.3303 0
      vertex 3.69037 5.54707 0
    endloop
  endfacet
  facet normal 0 0 -1
    outer loop
      vertex 12 12 0
      vertex 3.51554 5.125 0
      vertex 3.61679 5.3303 0
    endloop
  endfacet
  facet normal 0 0 -1
    outer loop
      vertex 12 12 0
      vertex 3.38837 4.93467 0
      vertex 3.51554 5.125 0
    endloop
  endfacet
  facet normal 0 0 -1
    outer loop
      vertex 12 12 0
      vertex 0 0 0
      vertex 3.38837 4.93467 0
    endloop
  endfacet
  facet normal 0 0 -1
    outer loop
      vertex 3.38837 4.93467 0
      vertex 0 0 0
      vertex 3.23744 4.76256 0
    endloop
  endfacet
  facet normal 0 0 -1
    outer loop
      vertex 3.23744 4.76256 0
      vertex 0 0 0
      vertex 3.06533 4.61163 0
    endloop
  endfacet
  facet normal 0 0 -1
    outer loop
      vertex 3.06533 4.61163 0
      vertex 0 0 0
      vertex 2.875 4.48446 0
    endloop
  endfacet
  facet normal 0 0 -1
    outer loop
      vertex 2.875 4.48446 0
      vertex 0 0 0
      vertex 2.6697 4.38321 0
    endloop
  endfacet
  facet normal 0 0 -1
    outer loop
      vertex 2.6697 4.38321 0
      vertex 0 0 0
      vertex 2.45293 4.30963 0
    endloop
  endfacet
  facet normal 0 0 -1
    outer loop
      vertex 2.45293 4.30963 0
      vertex 0 0 0
      vertex 2.22842 4.26497 0
    endloop
  endfacet
  facet normal -0 0 -1
    outer loop
      vertex 0.25 6 0
      vertex 0 0 0
      vertex 0.25 74 0
    endloop
  endfacet
  facet normal -0 0 -1
    outer loop
      vertex 0.264971 5.77158 0
      vertex 0 0 0
      vertex 0.25 6 0
    endloop
  endfacet
  facet normal -0 0 -1
    outer loop
      vertex 0.309629 5.54707 0
      vertex 0 0 0
      vertex 0.264971 5.77158 0
    endloop
  endfacet
  facet normal -0 0 -1
    outer loop
      vertex 0.38321 5.3303 0
      vertex 0 0 0
      vertex 0.309629 5.54707 0
    endloop
  endfacet
  facet normal -0 0 -1
    outer loop
      vertex 0.484455 5.125 0
      vertex 0 0 0
      vertex 0.38321 5.3303 0
    endloop
  endfacet
  facet normal -0 0 -1
    outer loop
      vertex 0.611631 4.93467 0
      vertex 0 0 0
      vertex 0.484455 5.125 0
    endloop
  endfacet
  facet normal -0 0 -1
    outer loop
      vertex 0.762563 4.76256 0
      vertex 0 0 0
      vertex 0.611631 4.93467 0
    endloop
  endfacet
  facet normal -0 0 -1
    outer loop
      vertex 0.934667 4.61163 0
      vertex 0 0 0
      vertex 0.762563 4.76256 0
    endloop
  endfacet
  facet normal -0 0 -1
    outer loop
      vertex 1.125 4.48446 0
      vertex 0 0 0
      vertex 0.934667 4.61163 0
    endloop
  endfacet
  facet normal -0 0 -1
    outer loop
      vertex 1.3303 4.38321 0
      vertex 0 0 0
      vertex 1.125 4.48446 0
    endloop
  endfacet
  facet normal -0 0 -1
    outer loop
      vertex 1.54707 4.30963 0
      vertex 0 0 0
      vertex 1.3303 4.38321 0
    endloop
  endfacet
  facet normal -0 0 -1
    outer loop
      vertex 1.77158 4.26497 0
      vertex 0 0 0
      vertex 1.54707 4.30963 0
    endloop
  endfacet
  facet normal -0 0 -1
    outer loop
      vertex 2 4.25 0
      vertex 0 0 0
      vertex 1.77158 4.26497 0
    endloop
  endfacet
  facet normal 0 0 -1
    outer loop
      vertex 2.22842 4.26497 0
      vertex 0 0 0
      vertex 2 4.25 0
    endloop
  endfacet
  facet normal 0 0 -1
    outer loop
      vertex 243.75 74 0
      vertex 244 80 0
      vertex 243.75 6 0
    endloop
  endfacet
  facet normal 0 0 -1
    outer loop
      vertex 243.735 74.2284 0
      vertex 244 80 0
      vertex 243.75 74 0
    endloop
  endfacet
  facet normal 0 0 -1
    outer loop
      vertex 243.69 74.4529 0
      vertex 244 80 0
      vertex 243.735 74.2284 0
    endloop
  endfacet
  facet normal 0 0 -1
    outer loop
      vertex 243.617 74.6697 0
      vertex 244 80 0
      vertex 243.69 74.4529 0
    endloop
  endfacet
  facet normal 0 0 -1
    outer loop
      vertex 243.516 74.875 0
      vertex 244 80 0
      vertex 243.617 74.6697 0
    endloop
  endfacet
  facet normal 0 0 -1
    outer loop
      vertex 243.388 75.0653 0
      vertex 244 80 0
      vertex 243.516 74.875 0
    endloop
  endfacet
  facet normal 0 0 -1
    outer loop
      vertex 243.237 75.2374 0
      vertex 244 80 0
      vertex 243.388 75.0653 0
    endloop
  endfacet
  facet normal 0 0 -1
    outer loop
      vertex 243.065 75.3884 0
      vertex 244 80 0
      vertex 243.237 75.2374 0
    endloop
  endfacet
  facet normal 0 0 -1
    outer loop
      vertex 242.875 75.5155 0
      vertex 244 80 0
      vertex 243.065 75.3884 0
    endloop
  endfacet
  facet normal 0 0 -1
    outer loop
      vertex 242.67 75.6168 0
      vertex 244 80 0
      vertex 242.875 75.5155 0
    endloop
  endfacet
  facet normal 0 0 -1
    outer loop
      vertex 242.453 75.6904 0
      vertex 244 80 0
      vertex 242.67 75.6168 0
    endloop
  endfacet
  facet normal 0 0 -1
    outer loop
      vertex 242.228 75.735 0
      vertex 244 80 0
      vertex 242.453 75.6904 0
    endloop
  endfacet
  facet normal 0 0 -1
    outer loop
      vertex 242 75.75 0
      vertex 244 80 0
      vertex 242.228 75.735 0
    endloop
  endfacet
  facet normal 0 0 -1
    outer loop
      vertex 241.772 75.735 0
      vertex 244 80 0
      vertex 242 75.75 0
    endloop
  endfacet
  facet normal 0 0 -1
    outer loop
      vertex 241.547 75.6904 0
      vertex 244 80 0
      vertex 241.772 75.735 0
    endloop
  endfacet
  facet normal 0 0 -1
    outer loop
      vertex 241.33 75.6168 0
      vertex 244 80 0
      vertex 241.547 75.6904 0
    endloop
  endfacet
  facet normal 0 0 -1
    outer loop
      vertex 241.125 75.5155 0
      vertex 244 80 0
      vertex 241.33 75.6168 0
    endloop
  endfacet
  facet normal 0 0 -1
    outer loop
      vertex 240.935 75.3884 0
      vertex 244 80 0
      vertex 241.125 75.5155 0
    endloop
  endfacet
  facet normal 0 0 -1
    outer loop
      vertex 240.763 75.2374 0
      vertex 244 80 0
      vertex 240.935 75.3884 0
    endloop
  endfacet
  facet normal 0 0 -1
    outer loop
      vertex 240.612 75.0653 0
      vertex 244 80 0
      vertex 240.763 75.2374 0
    endloop
  endfacet
  facet normal -0 0 -1
    outer loop
      vertex 240.265 73.7716 0
      vertex 232 68 0
      vertex 240.25 74 0
    endloop
  endfacet
  facet normal -0 0 -1
    outer loop
      vertex 240.25 74 0
      vertex 232 68 0
      vertex 240.265 74.2284 0
    endloop
  endfacet
  facet normal 0 0 -1
    outer loop
      vertex 232 68 0
      vertex 240.31 74.4529 0
      vertex 240.265 74.2284 0
    endloop
  endfacet
  facet normal 0 0 -1
    outer loop
      vertex 232 68 0
      vertex 240.383 74.6697 0
      vertex 240.31 74.4529 0
    endloop
  endfacet
  facet normal 0 0 -1
    outer loop
      vertex 232 68 0
      vertex 240.484 74.875 0
      vertex 240.383 74.6697 0
    endloop
  endfacet
  facet normal 0 0 -1
    outer loop
      vertex 232 68 0
      vertex 240.612 75.0653 0
      vertex 240.484 74.875 0
    endloop
  endfacet
  facet normal 0 0 -1
    outer loop
      vertex 232 68 0
      vertex 244 80 0
      vertex 240.612 75.0653 0
    endloop
  endfacet
  facet normal 0 0 -1
    outer loop
      vertex 185 68 0
      vertex 244 80 0
      vertex 232 68 0
    endloop
  endfacet
  facet normal 0 0 -1
    outer loop
      vertex 185 12 0
      vertex 181.5 40 0
      vertex 185 68 0
    endloop
  endfacet
  facet normal 0 0 -1
    outer loop
      vertex 181.5 52 0
      vertex 185 68 0
      vertex 181.5 40 0
    endloop
  endfacet
  facet normal 0 0 -1
    outer loop
      vertex 181.5 64 0
      vertex 185 68 0
      vertex 181.5 52 0
    endloop
  endfacet
  facet normal 0 0 -1
    outer loop
      vertex 178 64 0
      vertex 185 68 0
      vertex 181.5 64 0
    endloop
  endfacet
  facet normal 0 0 -1
    outer loop
      vertex 162.1 60.1 0
      vertex 178 64 0
      vertex 177.9 60.1 0
    endloop
  endfacet
  facet normal 0 0 -1
    outer loop
      vertex 162.1 60.1 0
      vertex 185 68 0
      vertex 178 64 0
    endloop
  endfacet
  facet normal 0 0 -1
    outer loop
      vertex 161.826 60.082 0
      vertex 185 68 0
      vertex 162.1 60.1 0
    endloop
  endfacet
  facet normal 0 0 -1
    outer loop
      vertex 161.556 60.0284 0
      vertex 185 68 0
      vertex 161.826 60.082 0
    endloop
  endfacet
  facet normal 0 0 -1
    outer loop
      vertex 82.4435 60.0284 0
      vertex 161.556 60.0284 0
      vertex 161.296 59.9401 0
    endloop
  endfacet
  facet normal 0 0 -1
    outer loop
      vertex 160.018 57.7259 0
      vertex 84 58 0
      vertex 160 58 0
    endloop
  endfacet
  facet normal 0 0 -1
    outer loop
      vertex 160 58 0
      vertex 84 58 0
      vertex 160.018 58.2741 0
    endloop
  endfacet
  facet normal 0 0 -1
    outer loop
      vertex 83.982 58.2741 0
      vertex 160.018 58.2741 0
      vertex 84 58 0
    endloop
  endfacet
  facet normal 0 0 -1
    outer loop
      vertex 160.018 58.2741 0
      vertex 83.982 58.2741 0
      vertex 160.072 58.5435 0
    endloop
  endfacet
  facet normal 0 0 -1
    outer loop
      vertex 83.9284 58.5435 0
      vertex 160.072 58.5435 0
      vertex 83.982 58.2741 0
    endloop
  endfacet
  facet normal 0 0 -1
    outer loop
      vertex 160.072 58.5435 0
      vertex 83.9284 58.5435 0
      vertex 160.16 58.8036 0
    endloop
  endfacet
  facet normal 0 0 -1
    outer loop
      vertex 83.8401 58.8036 0
      vertex 160.16 58.8036 0
      vertex 83.9284 58.5435 0
    endloop
  endfacet
  facet normal 0 0 -1
    outer loop
      vertex 160.16 58.8036 0
      vertex 83.8401 58.8036 0
      vertex 160.281 59.05 0
    endloop
  endfacet
  facet normal 0 0 -1
    outer loop
      vertex 83.7187 59.05 0
      vertex 160.281 59.05 0
      vertex 83.8401 58.8036 0
    endloop
  endfacet
  facet normal 0 0 -1
    outer loop
      vertex 160.281 59.05 0
      vertex 83.7187 59.05 0
      vertex 160.434 59.2784 0
    endloop
  endfacet
  facet normal 0 0 -1
    outer loop
      vertex 83.566 59.2784 0
      vertex 160.434 59.2784 0
      vertex 83.7187 59.05 0
    endloop
  endfacet
  facet normal 0 0 -1
    outer loop
      vertex 160.434 59.2784 0
      vertex 83.566 59.2784 0
      vertex 160.615 59.4849 0
    endloop
  endfacet
  facet normal 0 0 -1
    outer loop
      vertex 83.3849 59.4849 0
      vertex 160.615 59.4849 0
      vertex 83.566 59.2784 0
    endloop
  endfacet
  facet normal 0 0 -1
    outer loop
      vertex 160.615 59.4849 0
      vertex 83.3849 59.4849 0
      vertex 160.822 59.666 0
    endloop
  endfacet
  facet normal 0 0 -1
    outer loop
      vertex 83.1784 59.666 0
      vertex 160.822 59.666 0
      vertex 83.3849 59.4849 0
    endloop
  endfacet
  facet normal 0 0 -1
    outer loop
      vertex 160.822 59.666 0
      vertex 83.1784 59.666 0
      vertex 161.05 59.8187 0
    endloop
  endfacet
  facet normal 0 0 -1
    outer loop
      vertex 82.95 59.8187 0
      vertex 161.05 59.8187 0
      vertex 83.1784 59.666 0
    endloop
  endfacet
  facet normal 0 0 -1
    outer loop
      vertex 161.05 59.8187 0
      vertex 82.95 59.8187 0
      vertex 161.296 59.9401 0
    endloop
  endfacet
  facet normal 0 0 -1
    outer loop
      vertex 82.7036 59.9401 0
      vertex 161.296 59.9401 0
      vertex 82.95 59.8187 0
    endloop
  endfacet
  facet normal 0 0 -1
    outer loop
      vertex 82.4435 60.0284 0
      vertex 161.296 59.9401 0
      vertex 82.7036 59.9401 0
    endloop
  endfacet
  facet normal 0 0 -1
    outer loop
      vertex 161.556 60.0284 0
      vertex 82.4435 60.0284 0
      vertex 185 68 0
    endloop
  endfacet
  facet normal 0 0 -1
    outer loop
      vertex 59 68 0
      vertex 185 68 0
      vertex 82.4435 60.0284 0
    endloop
  endfacet
  facet normal 0 0 -1
    outer loop
      vertex 59 68 0
      vertex 82.4435 60.0284 0
      vertex 82.1741 60.082 0
    endloop
  endfacet
  facet normal 0 0 -1
    outer loop
      vertex 59 68 0
      vertex 82.1741 60.082 0
      vertex 81.9 60.1 0
    endloop
  endfacet
  facet normal 0 0 -1
    outer loop
      vertex 59 68 0
      vertex 81.9 60.1 0
      vertex 66.1 60.1 0
    endloop
  endfacet
  facet normal 0 0 -1
    outer loop
      vertex 59 68 0
      vertex 66.1 60.1 0
      vertex 65.8259 60.082 0
    endloop
  endfacet
  facet normal 0 0 -1
    outer loop
      vertex 64.018 57.7259 0
      vertex 59 68 0
      vertex 64 58 0
    endloop
  endfacet
  facet normal 0 0 -1
    outer loop
      vertex 64 58 0
      vertex 59 68 0
      vertex 64.018 58.2741 0
    endloop
  endfacet
  facet normal 0 0 -1
    outer loop
      vertex 59 68 0
      vertex 64.0716 58.5435 0
      vertex 64.018 58.2741 0
    endloop
  endfacet
  facet normal 0 0 -1
    outer loop
      vertex 59 68 0
      vertex 64.1599 58.8036 0
      vertex 64.0716 58.5435 0
    endloop
  endfacet
  facet normal 0 0 -1
    outer loop
      vertex 59 68 0
      vertex 64.2813 59.05 0
      vertex 64.1599 58.8036 0
    endloop
  endfacet
  facet normal 0 0 -1
    outer loop
      vertex 59 68 0
      vertex 64.434 59.2784 0
      vertex 64.2813 59.05 0
    endloop
  endfacet
  facet normal 0 0 -1
    outer loop
      vertex 59 68 0
      vertex 64.6151 59.4849 0
      vertex 64.434 59.2784 0
    endloop
  endfacet
  facet normal 0 0 -1
    outer loop
      vertex 59 68 0
      vertex 64.8216 59.666 0
      vertex 64.6151 59.4849 0
    endloop
  endfacet
  facet normal 0 0 -1
    outer loop
      vertex 59 68 0
      vertex 65.05 59.8187 0
      vertex 64.8216 59.666 0
    endloop
  endfacet
  facet normal 0 0 -1
    outer loop
      vertex 59 68 0
      vertex 65.2964 59.9401 0
      vertex 65.05 59.8187 0
    endloop
  endfacet
  facet normal 0 0 -1
    outer loop
      vertex 59 68 0
      vertex 65.5565 60.0284 0
      vertex 65.2964 59.9401 0
    endloop
  endfacet
  facet normal 0 0 -1
    outer loop
      vertex 59 68 0
      vertex 65.8259 60.082 0
      vertex 65.5565 60.0284 0
    endloop
  endfacet
  facet normal 0 0 -1
    outer loop
      vertex 185 68 0
      vertex 59 68 0
      vertex 244 80 0
    endloop
  endfacet
  facet normal 0 0 -1
    outer loop
      vertex 0 80 0
      vertex 59 68 0
      vertex 12 68 0
    endloop
  endfacet
  facet normal 0 0 -1
    outer loop
      vertex 3.69037 6.45293 0
      vertex 12 12 0
      vertex 3.73503 6.22842 0
    endloop
  endfacet
  facet normal 0 0 -1
    outer loop
      vertex 3.73503 74.2284 0
      vertex 12 68 0
      vertex 3.75 74 0
    endloop
  endfacet
  facet normal 0 0 -1
    outer loop
      vertex 3.69037 74.4529 0
      vertex 12 68 0
      vertex 3.73503 74.2284 0
    endloop
  endfacet
  facet normal 0 0 -1
    outer loop
      vertex 3.61679 74.6697 0
      vertex 12 68 0
      vertex 3.69037 74.4529 0
    endloop
  endfacet
  facet normal 0 0 -1
    outer loop
      vertex 3.51554 74.875 0
      vertex 12 68 0
      vertex 3.61679 74.6697 0
    endloop
  endfacet
  facet normal 0 0 -1
    outer loop
      vertex 3.38837 75.0653 0
      vertex 12 68 0
      vertex 3.51554 74.875 0
    endloop
  endfacet
  facet normal 0 0 -1
    outer loop
      vertex 0 80 0
      vertex 12 68 0
      vertex 3.38837 75.0653 0
    endloop
  endfacet
  facet normal 0 0 -1
    outer loop
      vertex 0 80 0
      vertex 3.38837 75.0653 0
      vertex 3.23744 75.2374 0
    endloop
  endfacet
  facet normal 0 0 -1
    outer loop
      vertex 0 80 0
      vertex 3.23744 75.2374 0
      vertex 3.06533 75.3884 0
    endloop
  endfacet
  facet normal 0 0 -1
    outer loop
      vertex 0 80 0
      vertex 3.06533 75.3884 0
      vertex 2.875 75.5155 0
    endloop
  endfacet
  facet normal 0 0 -1
    outer loop
      vertex 0 80 0
      vertex 2.875 75.5155 0
      vertex 2.6697 75.6168 0
    endloop
  endfacet
  facet normal 0 0 -1
    outer loop
      vertex 0 80 0
      vertex 2.6697 75.6168 0
      vertex 2.45293 75.6904 0
    endloop
  endfacet
  facet normal 0 0 -1
    outer loop
      vertex 0 80 0
      vertex 2.45293 75.6904 0
      vertex 2.22842 75.735 0
    endloop
  endfacet
  facet normal 0 0 -1
    outer loop
      vertex 0 80 0
      vertex 2.22842 75.735 0
      vertex 2 75.75 0
    endloop
  endfacet
  facet normal 0 0 -1
    outer loop
      vertex 59 68 0
      vertex 0 80 0
      vertex 244 80 0
    endloop
  endfacet
  facet normal 0 0 -1
    outer loop
      vertex 1.77158 75.735 0
      vertex 0 80 0
      vertex 2 75.75 0
    endloop
  endfacet
  facet normal 0 0 -1
    outer loop
      vertex 1.54707 75.6904 0
      vertex 0 80 0
      vertex 1.77158 75.735 0
    endloop
  endfacet
  facet normal 0 0 -1
    outer loop
      vertex 1.3303 75.6168 0
      vertex 0 80 0
      vertex 1.54707 75.6904 0
    endloop
  endfacet
  facet normal 0 0 -1
    outer loop
      vertex 1.125 75.5155 0
      vertex 0 80 0
      vertex 1.3303 75.6168 0
    endloop
  endfacet
  facet normal 0 0 -1
    outer loop
      vertex 0.934667 75.3884 0
      vertex 0 80 0
      vertex 1.125 75.5155 0
    endloop
  endfacet
  facet normal 0 0 -1
    outer loop
      vertex 0.762563 75.2374 0
      vertex 0 80 0
      vertex 0.934667 75.3884 0
    endloop
  endfacet
  facet normal 0 0 -1
    outer loop
      vertex 0.611631 75.0653 0
      vertex 0 80 0
      vertex 0.762563 75.2374 0
    endloop
  endfacet
  facet normal 0 0 -1
    outer loop
      vertex 0.484455 74.875 0
      vertex 0 80 0
      vertex 0.611631 75.0653 0
    endloop
  endfacet
  facet normal 0 0 -1
    outer loop
      vertex 0.38321 74.6697 0
      vertex 0 80 0
      vertex 0.484455 74.875 0
    endloop
  endfacet
  facet normal 0 0 -1
    outer loop
      vertex 0.309629 74.4529 0
      vertex 0 80 0
      vertex 0.38321 74.6697 0
    endloop
  endfacet
  facet normal 0 0 -1
    outer loop
      vertex 0.264971 74.2284 0
      vertex 0 80 0
      vertex 0.309629 74.4529 0
    endloop
  endfacet
  facet normal 0 0 -1
    outer loop
      vertex 0.25 74 0
      vertex 0 80 0
      vertex 0.264971 74.2284 0
    endloop
  endfacet
  facet normal 0 0 -1
    outer loop
      vertex 0 80 0
      vertex 0.25 74 0
      vertex 0 0 0
    endloop
  endfacet
  facet normal 0 0 -1
    outer loop
      vertex 179.982 22.2741 0
      vertex 181.5 28 0
      vertex 180 22 0
    endloop
  endfacet
  facet normal 0 0 -1
    outer loop
      vertex 179.928 22.5435 0
      vertex 181.5 28 0
      vertex 179.982 22.2741 0
    endloop
  endfacet
  facet normal 0 0 -1
    outer loop
      vertex 179.84 22.8036 0
      vertex 181.5 28 0
      vertex 179.928 22.5435 0
    endloop
  endfacet
  facet normal 0 0 -1
    outer loop
      vertex 179.719 23.05 0
      vertex 181.5 28 0
      vertex 179.84 22.8036 0
    endloop
  endfacet
  facet normal 0 0 -1
    outer loop
      vertex 179.566 23.2784 0
      vertex 181.5 28 0
      vertex 179.719 23.05 0
    endloop
  endfacet
  facet normal 0 0 -1
    outer loop
      vertex 179.385 23.4849 0
      vertex 181.5 28 0
      vertex 179.566 23.2784 0
    endloop
  endfacet
  facet normal 0 0 -1
    outer loop
      vertex 179.178 23.666 0
      vertex 181.5 28 0
      vertex 179.385 23.4849 0
    endloop
  endfacet
  facet normal 0 0 -1
    outer loop
      vertex 178.95 23.8187 0
      vertex 181.5 28 0
      vertex 179.178 23.666 0
    endloop
  endfacet
  facet normal 0 0 -1
    outer loop
      vertex 178.704 23.9401 0
      vertex 181.5 28 0
      vertex 178.95 23.8187 0
    endloop
  endfacet
  facet normal 0 0 -1
    outer loop
      vertex 178 28 0
      vertex 178.704 23.9401 0
      vertex 178.444 24.0284 0
    endloop
  endfacet
  facet normal 0 0 -1
    outer loop
      vertex 178 28 0
      vertex 178.444 24.0284 0
      vertex 178.174 24.082 0
    endloop
  endfacet
  facet normal 0 0 -1
    outer loop
      vertex 178.704 23.9401 0
      vertex 178 28 0
      vertex 181.5 28 0
    endloop
  endfacet
  facet normal 0 0 -1
    outer loop
      vertex 162.1 24.1 0
      vertex 178 40 0
      vertex 178 28 0
    endloop
  endfacet
  facet normal 0 0 -1
    outer loop
      vertex 178 40 0
      vertex 162.1 55.9 0
      vertex 178 52 0
    endloop
  endfacet
  facet normal 0 0 -1
    outer loop
      vertex 177.9 24.1 0
      vertex 178 28 0
      vertex 178.174 24.082 0
    endloop
  endfacet
  facet normal 0 0 -1
    outer loop
      vertex 162.1 24.1 0
      vertex 178 28 0
      vertex 177.9 24.1 0
    endloop
  endfacet
  facet normal 0 0 -1
    outer loop
      vertex 178 52 0
      vertex 177.9 55.9 0
      vertex 178 55.9066 0
    endloop
  endfacet
  facet normal -0 0 -1
    outer loop
      vertex 178 40 0
      vertex 162.1 24.1 0
      vertex 162.1 55.9 0
    endloop
  endfacet
  facet normal 0 0 -1
    outer loop
      vertex 178 52 0
      vertex 162.1 55.9 0
      vertex 177.9 55.9 0
    endloop
  endfacet
  facet normal 0 0 -1
    outer loop
      vertex 161.826 24.082 0
      vertex 162.1 55.9 0
      vertex 162.1 24.1 0
    endloop
  endfacet
  facet normal 0 0 -1
    outer loop
      vertex 161.826 24.082 0
      vertex 161.826 55.918 0
      vertex 162.1 55.9 0
    endloop
  endfacet
  facet normal 0 0 -1
    outer loop
      vertex 161.556 24.0284 0
      vertex 161.826 55.918 0
      vertex 161.826 24.082 0
    endloop
  endfacet
  facet normal 0 0 -1
    outer loop
      vertex 161.556 24.0284 0
      vertex 161.556 55.9716 0
      vertex 161.826 55.918 0
    endloop
  endfacet
  facet normal 0 0 -1
    outer loop
      vertex 161.296 23.9401 0
      vertex 161.556 55.9716 0
      vertex 161.556 24.0284 0
    endloop
  endfacet
  facet normal 0 0 -1
    outer loop
      vertex 161.296 23.9401 0
      vertex 161.296 56.0599 0
      vertex 161.556 55.9716 0
    endloop
  endfacet
  facet normal 0 0 -1
    outer loop
      vertex 161.05 23.8187 0
      vertex 161.296 56.0599 0
      vertex 161.296 23.9401 0
    endloop
  endfacet
  facet normal 0 0 -1
    outer loop
      vertex 161.05 23.8187 0
      vertex 161.05 56.1813 0
      vertex 161.296 56.0599 0
    endloop
  endfacet
  facet normal 0 0 -1
    outer loop
      vertex 160.822 23.666 0
      vertex 161.05 56.1813 0
      vertex 161.05 23.8187 0
    endloop
  endfacet
  facet normal 0 0 -1
    outer loop
      vertex 160.822 23.666 0
      vertex 160.822 56.334 0
      vertex 161.05 56.1813 0
    endloop
  endfacet
  facet normal 0 0 -1
    outer loop
      vertex 160.615 23.4849 0
      vertex 160.822 56.334 0
      vertex 160.822 23.666 0
    endloop
  endfacet
  facet normal 0 0 -1
    outer loop
      vertex 160.615 23.4849 0
      vertex 160.615 56.5151 0
      vertex 160.822 56.334 0
    endloop
  endfacet
  facet normal 0 0 -1
    outer loop
      vertex 160.434 23.2784 0
      vertex 160.615 56.5151 0
      vertex 160.615 23.4849 0
    endloop
  endfacet
  facet normal 0 0 -1
    outer loop
      vertex 160.434 23.2784 0
      vertex 160.434 56.7216 0
      vertex 160.615 56.5151 0
    endloop
  endfacet
  facet normal 0 0 -1
    outer loop
      vertex 160.281 23.05 0
      vertex 160.434 56.7216 0
      vertex 160.434 23.2784 0
    endloop
  endfacet
  facet normal 0 0 -1
    outer loop
      vertex 160.281 23.05 0
      vertex 160.281 56.95 0
      vertex 160.434 56.7216 0
    endloop
  endfacet
  facet normal 0 0 -1
    outer loop
      vertex 160.16 22.8036 0
      vertex 160.281 56.95 0
      vertex 160.281 23.05 0
    endloop
  endfacet
  facet normal 0 0 -1
    outer loop
      vertex 160.16 22.8036 0
      vertex 160.16 57.1964 0
      vertex 160.281 56.95 0
    endloop
  endfacet
  facet normal 0 0 -1
    outer loop
      vertex 160.018 22.2741 0
      vertex 83.982 22.2741 0
      vertex 160.072 22.5435 0
    endloop
  endfacet
  facet normal 0 0 -1
    outer loop
      vertex 83.9284 22.5435 0
      vertex 160.072 22.5435 0
      vertex 83.982 22.2741 0
    endloop
  endfacet
  facet normal 0 0 -1
    outer loop
      vertex 83.982 22.2741 0
      vertex 160.018 22.2741 0
      vertex 84 22 0
    endloop
  endfacet
  facet normal 0 0 -1
    outer loop
      vertex 160.072 22.5435 0
      vertex 83.9284 22.5435 0
      vertex 160.16 22.8036 0
    endloop
  endfacet
  facet normal 0 0 -1
    outer loop
      vertex 84 22 0
      vertex 160.018 22.2741 0
      vertex 160 22 0
    endloop
  endfacet
  facet normal 0 0 -1
    outer loop
      vertex 160.16 57.1964 0
      vertex 84 58 0
      vertex 160.072 57.4565 0
    endloop
  endfacet
  facet normal -1 0 0
    outer loop
      vertex 0 0 0
      vertex 0 80 4
      vertex 0 80 0
    endloop
  endfacet
  facet normal -1 -0 0
    outer loop
      vertex 0 80 4
      vertex 0 0 0
      vertex 0 0 4
    endloop
  endfacet
  facet normal 0 1 -0
    outer loop
      vertex 59 12 0
      vertex 12 12 4
      vertex 59 12 4
    endloop
  endfacet
  facet normal 0 1 0
    outer loop
      vertex 12 12 4
      vertex 59 12 0
      vertex 12 12 0
    endloop
  endfacet
  facet normal 0 1 -0
    outer loop
      vertex 232 12 0
      vertex 185 12 4
      vertex 232 12 4
    endloop
  endfacet
  facet normal 0 1 0
    outer loop
      vertex 185 12 4
      vertex 232 12 0
      vertex 185 12 0
    endloop
  endfacet
  facet normal 0 -1 0
    outer loop
      vertex 0 0 0
      vertex 244 0 4
      vertex 0 0 4
    endloop
  endfacet
  facet normal 0 -1 -0
    outer loop
      vertex 244 0 4
      vertex 0 0 0
      vertex 244 0 0
    endloop
  endfacet
  facet normal 0 1 -0
    outer loop
      vertex 244 80 0
      vertex 0 80 4
      vertex 244 80 4
    endloop
  endfacet
  facet normal 0 1 0
    outer loop
      vertex 0 80 4
      vertex 244 80 0
      vertex 0 80 0
    endloop
  endfacet
  facet normal 0 -1 0
    outer loop
      vertex 12 68 0
      vertex 59 68 4
      vertex 12 68 4
    endloop
  endfacet
  facet normal 0 -1 -0
    outer loop
      vertex 59 68 4
      vertex 12 68 0
      vertex 59 68 0
    endloop
  endfacet
  facet normal 0 -1 0
    outer loop
      vertex 185 68 0
      vertex 232 68 4
      vertex 185 68 4
    endloop
  endfacet
  facet normal 0 -1 -0
    outer loop
      vertex 232 68 4
      vertex 185 68 0
      vertex 232 68 0
    endloop
  endfacet
  facet normal 1 -0 0
    outer loop
      vertex 12 12 4
      vertex 12 68 0
      vertex 12 68 4
    endloop
  endfacet
  facet normal 1 0 0
    outer loop
      vertex 12 68 0
      vertex 12 12 4
      vertex 12 12 0
    endloop
  endfacet
  facet normal -1 0 0
    outer loop
      vertex 232 12 0
      vertex 232 68 4
      vertex 232 68 0
    endloop
  endfacet
  facet normal -1 -0 0
    outer loop
      vertex 232 68 4
      vertex 232 12 0
      vertex 232 12 4
    endloop
  endfacet
  facet normal -0.946935 -0.321426 0
    outer loop
      vertex 3.69037 6.45293 0
      vertex 3.61679 6.6697 4
      vertex 3.61679 6.6697 0
    endloop
  endfacet
  facet normal -0.946935 -0.321426 0
    outer loop
      vertex 3.61679 6.6697 4
      vertex 3.69037 6.45293 0
      vertex 3.69037 6.45293 4
    endloop
  endfacet
  facet normal 0.1951 0.980783 -0
    outer loop
      vertex 1.77158 4.26497 0
      vertex 1.54707 4.30963 4
      vertex 1.77158 4.26497 4
    endloop
  endfacet
  facet normal 0.1951 0.980783 0
    outer loop
      vertex 1.54707 4.30963 4
      vertex 1.77158 4.26497 0
      vertex 1.54707 4.30963 0
    endloop
  endfacet
  facet normal -0.321426 0.946935 0
    outer loop
      vertex 2.6697 4.38321 0
      vertex 2.45293 4.30963 4
      vertex 2.6697 4.38321 4
    endloop
  endfacet
  facet normal -0.321426 0.946935 0
    outer loop
      vertex 2.45293 4.30963 4
      vertex 2.6697 4.38321 0
      vertex 2.45293 4.30963 0
    endloop
  endfacet
  facet normal -0.831479 -0.555557 0
    outer loop
      vertex 3.51554 6.875 0
      vertex 3.38837 7.06533 4
      vertex 3.38837 7.06533 0
    endloop
  endfacet
  facet normal -0.831479 -0.555557 0
    outer loop
      vertex 3.38837 7.06533 4
      vertex 3.51554 6.875 0
      vertex 3.51554 6.875 4
    endloop
  endfacet
  facet normal -0.831479 0.555557 0
    outer loop
      vertex 3.38837 4.93467 0
      vertex 3.51554 5.125 4
      vertex 3.51554 5.125 0
    endloop
  endfacet
  facet normal -0.831479 0.555557 0
    outer loop
      vertex 3.51554 5.125 4
      vertex 3.38837 4.93467 0
      vertex 3.38837 4.93467 4
    endloop
  endfacet
  facet normal 0.896869 0.442297 0
    outer loop
      vertex 0.484455 5.125 4
      vertex 0.38321 5.3303 0
      vertex 0.38321 5.3303 4
    endloop
  endfacet
  facet normal 0.896869 0.442297 0
    outer loop
      vertex 0.38321 5.3303 0
      vertex 0.484455 5.125 4
      vertex 0.484455 5.125 0
    endloop
  endfacet
  facet normal 0.896869 -0.442297 0
    outer loop
      vertex 0.38321 6.6697 4
      vertex 0.484455 6.875 0
      vertex 0.484455 6.875 4
    endloop
  endfacet
  facet normal 0.896869 -0.442297 0
    outer loop
      vertex 0.484455 6.875 0
      vertex 0.38321 6.6697 4
      vertex 0.38321 6.6697 0
    endloop
  endfacet
  facet normal -0.997859 -0.0653969 0
    outer loop
      vertex 3.75 6 0
      vertex 3.73503 6.22842 4
      vertex 3.73503 6.22842 0
    endloop
  endfacet
  facet normal -0.997859 -0.0653969 0
    outer loop
      vertex 3.73503 6.22842 4
      vertex 3.75 6 0
      vertex 3.75 6 4
    endloop
  endfacet
  facet normal 0.980785 -0.195091 0
    outer loop
      vertex 0.264971 6.22842 4
      vertex 0.309629 6.45293 0
      vertex 0.309629 6.45293 4
    endloop
  endfacet
  facet normal 0.980785 -0.195091 0
    outer loop
      vertex 0.309629 6.45293 0
      vertex 0.264971 6.22842 4
      vertex 0.264971 6.22842 0
    endloop
  endfacet
  facet normal 0.321426 -0.946935 0
    outer loop
      vertex 1.3303 7.61679 0
      vertex 1.54707 7.69037 4
      vertex 1.3303 7.61679 4
    endloop
  endfacet
  facet normal 0.321426 -0.946935 0
    outer loop
      vertex 1.54707 7.69037 4
      vertex 1.3303 7.61679 0
      vertex 1.54707 7.69037 0
    endloop
  endfacet
  facet normal -0.89686 0.442314 0
    outer loop
      vertex 3.51554 5.125 0
      vertex 3.61679 5.3303 4
      vertex 3.61679 5.3303 0
    endloop
  endfacet
  facet normal -0.89686 0.442314 0
    outer loop
      vertex 3.61679 5.3303 4
      vertex 3.51554 5.125 0
      vertex 3.51554 5.125 4
    endloop
  endfacet
  facet normal -0.89686 -0.442314 0
    outer loop
      vertex 3.61679 6.6697 0
      vertex 3.51554 6.875 4
      vertex 3.51554 6.875 0
    endloop
  endfacet
  facet normal -0.89686 -0.442314 0
    outer loop
      vertex 3.51554 6.875 4
      vertex 3.61679 6.6697 0
      vertex 3.61679 6.6697 4
    endloop
  endfacet
  facet normal 0.321426 0.946935 -0
    outer loop
      vertex 1.54707 4.30963 0
      vertex 1.3303 4.38321 4
      vertex 1.54707 4.30963 4
    endloop
  endfacet
  facet normal 0.321426 0.946935 0
    outer loop
      vertex 1.3303 4.38321 4
      vertex 1.54707 4.30963 0
      vertex 1.3303 4.38321 0
    endloop
  endfacet
  facet normal -0.751854 -0.65933 0
    outer loop
      vertex 3.38837 7.06533 0
      vertex 3.23744 7.23744 4
      vertex 3.23744 7.23744 0
    endloop
  endfacet
  facet normal -0.751854 -0.65933 0
    outer loop
      vertex 3.23744 7.23744 4
      vertex 3.38837 7.06533 0
      vertex 3.38837 7.06533 4
    endloop
  endfacet
  facet normal 0.0653969 -0.997859 0
    outer loop
      vertex 1.77158 7.73503 0
      vertex 2 7.75 4
      vertex 1.77158 7.73503 4
    endloop
  endfacet
  facet normal 0.0653969 -0.997859 0
    outer loop
      vertex 2 7.75 4
      vertex 1.77158 7.73503 0
      vertex 2 7.75 0
    endloop
  endfacet
  facet normal 0.442314 0.89686 -0
    outer loop
      vertex 1.3303 4.38321 0
      vertex 1.125 4.48446 4
      vertex 1.3303 4.38321 4
    endloop
  endfacet
  facet normal 0.442314 0.89686 0
    outer loop
      vertex 1.125 4.48446 4
      vertex 1.3303 4.38321 0
      vertex 1.125 4.48446 0
    endloop
  endfacet
  facet normal -0.555557 -0.831479 0
    outer loop
      vertex 2.875 7.51554 0
      vertex 3.06533 7.38837 4
      vertex 2.875 7.51554 4
    endloop
  endfacet
  facet normal -0.555557 -0.831479 -0
    outer loop
      vertex 3.06533 7.38837 4
      vertex 2.875 7.51554 0
      vertex 3.06533 7.38837 0
    endloop
  endfacet
  facet normal 0.997859 -0.0654012 0
    outer loop
      vertex 0.25 6 4
      vertex 0.264971 6.22842 0
      vertex 0.264971 6.22842 4
    endloop
  endfacet
  facet normal 0.997859 -0.0654012 0
    outer loop
      vertex 0.264971 6.22842 0
      vertex 0.25 6 4
      vertex 0.25 6 0
    endloop
  endfacet
  facet normal 0.555551 0.831483 -0
    outer loop
      vertex 1.125 4.48446 0
      vertex 0.934667 4.61163 4
      vertex 1.125 4.48446 4
    endloop
  endfacet
  facet normal 0.555551 0.831483 0
    outer loop
      vertex 0.934667 4.61163 4
      vertex 1.125 4.48446 0
      vertex 0.934667 4.61163 0
    endloop
  endfacet
  facet normal -0.980783 -0.1951 0
    outer loop
      vertex 3.73503 6.22842 0
      vertex 3.69037 6.45293 4
      vertex 3.69037 6.45293 0
    endloop
  endfacet
  facet normal -0.980783 -0.1951 0
    outer loop
      vertex 3.69037 6.45293 4
      vertex 3.73503 6.22842 0
      vertex 3.73503 6.22842 4
    endloop
  endfacet
  facet normal -0.555557 0.831479 0
    outer loop
      vertex 3.06533 4.61163 0
      vertex 2.875 4.48446 4
      vertex 3.06533 4.61163 4
    endloop
  endfacet
  facet normal -0.555557 0.831479 0
    outer loop
      vertex 2.875 4.48446 4
      vertex 3.06533 4.61163 0
      vertex 2.875 4.48446 0
    endloop
  endfacet
  facet normal 0.831466 -0.555575 0
    outer loop
      vertex 0.484455 6.875 4
      vertex 0.611631 7.06533 0
      vertex 0.611631 7.06533 4
    endloop
  endfacet
  facet normal 0.831466 -0.555575 0
    outer loop
      vertex 0.611631 7.06533 0
      vertex 0.484455 6.875 4
      vertex 0.484455 6.875 0
    endloop
  endfacet
  facet normal -0.997859 0.0653969 0
    outer loop
      vertex 3.73503 5.77158 0
      vertex 3.75 6 4
      vertex 3.75 6 0
    endloop
  endfacet
  facet normal -0.997859 0.0653969 0
    outer loop
      vertex 3.75 6 4
      vertex 3.73503 5.77158 0
      vertex 3.73503 5.77158 4
    endloop
  endfacet
  facet normal -0.321426 -0.946935 0
    outer loop
      vertex 2.45293 7.69037 0
      vertex 2.6697 7.61679 4
      vertex 2.45293 7.69037 4
    endloop
  endfacet
  facet normal -0.321426 -0.946935 -0
    outer loop
      vertex 2.6697 7.61679 4
      vertex 2.45293 7.69037 0
      vertex 2.6697 7.61679 0
    endloop
  endfacet
  facet normal -0.442314 0.89686 0
    outer loop
      vertex 2.875 4.48446 0
      vertex 2.6697 4.38321 4
      vertex 2.875 4.48446 4
    endloop
  endfacet
  facet normal -0.442314 0.89686 0
    outer loop
      vertex 2.6697 4.38321 4
      vertex 2.875 4.48446 0
      vertex 2.6697 4.38321 0
    endloop
  endfacet
  facet normal 0.946933 0.32143 0
    outer loop
      vertex 0.38321 5.3303 4
      vertex 0.309629 5.54707 0
      vertex 0.309629 5.54707 4
    endloop
  endfacet
  facet normal 0.946933 0.32143 0
    outer loop
      vertex 0.309629 5.54707 0
      vertex 0.38321 5.3303 4
      vertex 0.38321 5.3303 0
    endloop
  endfacet
  facet normal 0.1951 -0.980783 0
    outer loop
      vertex 1.54707 7.69037 0
      vertex 1.77158 7.73503 4
      vertex 1.54707 7.69037 4
    endloop
  endfacet
  facet normal 0.1951 -0.980783 0
    outer loop
      vertex 1.77158 7.73503 4
      vertex 1.54707 7.69037 0
      vertex 1.77158 7.73503 0
    endloop
  endfacet
  facet normal -0.442314 -0.89686 0
    outer loop
      vertex 2.6697 7.61679 0
      vertex 2.875 7.51554 4
      vertex 2.6697 7.61679 4
    endloop
  endfacet
  facet normal -0.442314 -0.89686 -0
    outer loop
      vertex 2.875 7.51554 4
      vertex 2.6697 7.61679 0
      vertex 2.875 7.51554 0
    endloop
  endfacet
  facet normal 0.555551 -0.831483 0
    outer loop
      vertex 0.934667 7.38837 0
      vertex 1.125 7.51554 4
      vertex 0.934667 7.38837 4
    endloop
  endfacet
  facet normal 0.555551 -0.831483 0
    outer loop
      vertex 1.125 7.51554 4
      vertex 0.934667 7.38837 0
      vertex 1.125 7.51554 0
    endloop
  endfacet
  facet normal -0.751854 0.65933 0
    outer loop
      vertex 3.23744 4.76256 0
      vertex 3.38837 4.93467 4
      vertex 3.38837 4.93467 0
    endloop
  endfacet
  facet normal -0.751854 0.65933 0
    outer loop
      vertex 3.38837 4.93467 4
      vertex 3.23744 4.76256 0
      vertex 3.23744 4.76256 4
    endloop
  endfacet
  facet normal -0.0653969 -0.997859 0
    outer loop
      vertex 2 7.75 0
      vertex 2.22842 7.73503 4
      vertex 2 7.75 4
    endloop
  endfacet
  facet normal -0.0653969 -0.997859 -0
    outer loop
      vertex 2.22842 7.73503 4
      vertex 2 7.75 0
      vertex 2.22842 7.73503 0
    endloop
  endfacet
  facet normal 0.442314 -0.89686 0
    outer loop
      vertex 1.125 7.51554 0
      vertex 1.3303 7.61679 4
      vertex 1.125 7.51554 4
    endloop
  endfacet
  facet normal 0.442314 -0.89686 0
    outer loop
      vertex 1.3303 7.61679 4
      vertex 1.125 7.51554 0
      vertex 1.3303 7.61679 0
    endloop
  endfacet
  facet normal 0.831466 0.555575 0
    outer loop
      vertex 0.611631 4.93467 4
      vertex 0.484455 5.125 0
      vertex 0.484455 5.125 4
    endloop
  endfacet
  facet normal 0.831466 0.555575 0
    outer loop
      vertex 0.484455 5.125 0
      vertex 0.611631 4.93467 4
      vertex 0.611631 4.93467 0
    endloop
  endfacet
  facet normal -0.980783 0.1951 0
    outer loop
      vertex 3.69037 5.54707 0
      vertex 3.73503 5.77158 4
      vertex 3.73503 5.77158 0
    endloop
  endfacet
  facet normal -0.980783 0.1951 0
    outer loop
      vertex 3.73503 5.77158 4
      vertex 3.69037 5.54707 0
      vertex 3.69037 5.54707 4
    endloop
  endfacet
  facet normal -0.1951 0.980783 0
    outer loop
      vertex 2.45293 4.30963 0
      vertex 2.22842 4.26497 4
      vertex 2.45293 4.30963 4
    endloop
  endfacet
  facet normal -0.1951 0.980783 0
    outer loop
      vertex 2.22842 4.26497 4
      vertex 2.45293 4.30963 0
      vertex 2.22842 4.26497 0
    endloop
  endfacet
  facet normal -0.0653969 0.997859 0
    outer loop
      vertex 2.22842 4.26497 0
      vertex 2 4.25 4
      vertex 2.22842 4.26497 4
    endloop
  endfacet
  facet normal -0.0653969 0.997859 0
    outer loop
      vertex 2 4.25 4
      vertex 2.22842 4.26497 0
      vertex 2 4.25 0
    endloop
  endfacet
  facet normal -0.1951 -0.980783 0
    outer loop
      vertex 2.22842 7.73503 0
      vertex 2.45293 7.69037 4
      vertex 2.22842 7.73503 4
    endloop
  endfacet
  facet normal -0.1951 -0.980783 -0
    outer loop
      vertex 2.45293 7.69037 4
      vertex 2.22842 7.73503 0
      vertex 2.45293 7.69037 0
    endloop
  endfacet
  facet normal 0.751849 -0.659335 0
    outer loop
      vertex 0.611631 7.06533 4
      vertex 0.762563 7.23744 0
      vertex 0.762563 7.23744 4
    endloop
  endfacet
  facet normal 0.751849 -0.659335 0
    outer loop
      vertex 0.762563 7.23744 0
      vertex 0.611631 7.06533 4
      vertex 0.611631 7.06533 0
    endloop
  endfacet
  facet normal 0.659343 -0.751842 0
    outer loop
      vertex 0.762563 7.23744 0
      vertex 0.934667 7.38837 4
      vertex 0.762563 7.23744 4
    endloop
  endfacet
  facet normal 0.659343 -0.751842 0
    outer loop
      vertex 0.934667 7.38837 4
      vertex 0.762563 7.23744 0
      vertex 0.934667 7.38837 0
    endloop
  endfacet
  facet normal 0.997859 0.0654012 0
    outer loop
      vertex 0.264971 5.77158 4
      vertex 0.25 6 0
      vertex 0.25 6 4
    endloop
  endfacet
  facet normal 0.997859 0.0654012 0
    outer loop
      vertex 0.25 6 0
      vertex 0.264971 5.77158 4
      vertex 0.264971 5.77158 0
    endloop
  endfacet
  facet normal -0.65933 -0.751854 0
    outer loop
      vertex 3.06533 7.38837 0
      vertex 3.23744 7.23744 4
      vertex 3.06533 7.38837 4
    endloop
  endfacet
  facet normal -0.65933 -0.751854 -0
    outer loop
      vertex 3.23744 7.23744 4
      vertex 3.06533 7.38837 0
      vertex 3.23744 7.23744 0
    endloop
  endfacet
  facet normal 0.659343 0.751842 -0
    outer loop
      vertex 0.934667 4.61163 0
      vertex 0.762563 4.76256 4
      vertex 0.934667 4.61163 4
    endloop
  endfacet
  facet normal 0.659343 0.751842 0
    outer loop
      vertex 0.762563 4.76256 4
      vertex 0.934667 4.61163 0
      vertex 0.762563 4.76256 0
    endloop
  endfacet
  facet normal 0.751849 0.659335 0
    outer loop
      vertex 0.762563 4.76256 4
      vertex 0.611631 4.93467 0
      vertex 0.611631 4.93467 4
    endloop
  endfacet
  facet normal 0.751849 0.659335 0
    outer loop
      vertex 0.611631 4.93467 0
      vertex 0.762563 4.76256 4
      vertex 0.762563 4.76256 0
    endloop
  endfacet
  facet normal -0.946935 0.321426 0
    outer loop
      vertex 3.61679 5.3303 0
      vertex 3.69037 5.54707 4
      vertex 3.69037 5.54707 0
    endloop
  endfacet
  facet normal -0.946935 0.321426 0
    outer loop
      vertex 3.69037 5.54707 4
      vertex 3.61679 5.3303 0
      vertex 3.61679 5.3303 4
    endloop
  endfacet
  facet normal 0.980785 0.195091 0
    outer loop
      vertex 0.309629 5.54707 4
      vertex 0.264971 5.77158 0
      vertex 0.264971 5.77158 4
    endloop
  endfacet
  facet normal 0.980785 0.195091 0
    outer loop
      vertex 0.264971 5.77158 0
      vertex 0.309629 5.54707 4
      vertex 0.309629 5.54707 0
    endloop
  endfacet
  facet normal 0.946933 -0.32143 0
    outer loop
      vertex 0.309629 6.45293 4
      vertex 0.38321 6.6697 0
      vertex 0.38321 6.6697 4
    endloop
  endfacet
  facet normal 0.946933 -0.32143 0
    outer loop
      vertex 0.38321 6.6697 0
      vertex 0.309629 6.45293 4
      vertex 0.309629 6.45293 0
    endloop
  endfacet
  facet normal -0.65933 0.751854 0
    outer loop
      vertex 3.23744 4.76256 0
      vertex 3.06533 4.61163 4
      vertex 3.23744 4.76256 4
    endloop
  endfacet
  facet normal -0.65933 0.751854 0
    outer loop
      vertex 3.06533 4.61163 4
      vertex 3.23744 4.76256 0
      vertex 3.06533 4.61163 0
    endloop
  endfacet
  facet normal 0.0653969 0.997859 -0
    outer loop
      vertex 2 4.25 0
      vertex 1.77158 4.26497 4
      vertex 2 4.25 4
    endloop
  endfacet
  facet normal 0.0653969 0.997859 0
    outer loop
      vertex 1.77158 4.26497 4
      vertex 2 4.25 0
      vertex 1.77158 4.26497 0
    endloop
  endfacet
  facet normal 0.659516 -0.751691 0
    outer loop
      vertex 0.762563 75.2374 0
      vertex 0.934667 75.3884 4
      vertex 0.762563 75.2374 4
    endloop
  endfacet
  facet normal 0.659516 -0.751691 0
    outer loop
      vertex 0.934667 75.3884 4
      vertex 0.762563 75.2374 0
      vertex 0.934667 75.3884 0
    endloop
  endfacet
  facet normal -0.980782 -0.195108 0
    outer loop
      vertex 3.73503 74.2284 0
      vertex 3.69037 74.4529 4
      vertex 3.69037 74.4529 0
    endloop
  endfacet
  facet normal -0.980782 -0.195108 0
    outer loop
      vertex 3.69037 74.4529 4
      vertex 3.73503 74.2284 0
      vertex 3.73503 74.2284 4
    endloop
  endfacet
  facet normal -0.997859 -0.0654026 0
    outer loop
      vertex 3.75 74 0
      vertex 3.73503 74.2284 4
      vertex 3.73503 74.2284 0
    endloop
  endfacet
  facet normal -0.997859 -0.0654026 0
    outer loop
      vertex 3.73503 74.2284 4
      vertex 3.75 74 0
      vertex 3.75 74 4
    endloop
  endfacet
  facet normal -0.946948 -0.321386 0
    outer loop
      vertex 3.69037 74.4529 0
      vertex 3.61679 74.6697 4
      vertex 3.61679 74.6697 0
    endloop
  endfacet
  facet normal -0.946948 -0.321386 0
    outer loop
      vertex 3.61679 74.6697 4
      vertex 3.69037 74.4529 0
      vertex 3.69037 74.4529 4
    endloop
  endfacet
  facet normal 0.75183 -0.659357 0
    outer loop
      vertex 0.611631 75.0653 4
      vertex 0.762563 75.2374 0
      vertex 0.762563 75.2374 4
    endloop
  endfacet
  facet normal 0.75183 -0.659357 0
    outer loop
      vertex 0.762563 75.2374 0
      vertex 0.611631 75.0653 4
      vertex 0.611631 75.0653 0
    endloop
  endfacet
  facet normal -0.321504 -0.946908 0
    outer loop
      vertex 2.45293 75.6904 0
      vertex 2.6697 75.6168 4
      vertex 2.45293 75.6904 4
    endloop
  endfacet
  facet normal -0.321504 -0.946908 -0
    outer loop
      vertex 2.6697 75.6168 4
      vertex 2.45293 75.6904 0
      vertex 2.6697 75.6168 0
    endloop
  endfacet
  facet normal 0.321504 -0.946908 0
    outer loop
      vertex 1.3303 75.6168 0
      vertex 1.54707 75.6904 4
      vertex 1.3303 75.6168 4
    endloop
  endfacet
  facet normal 0.321504 -0.946908 0
    outer loop
      vertex 1.54707 75.6904 4
      vertex 1.3303 75.6168 0
      vertex 1.54707 75.6904 0
    endloop
  endfacet
  facet normal -0.89686 -0.442314 0
    outer loop
      vertex 3.61679 74.6697 0
      vertex 3.51554 74.875 4
      vertex 3.51554 74.875 0
    endloop
  endfacet
  facet normal -0.89686 -0.442314 0
    outer loop
      vertex 3.51554 74.875 4
      vertex 3.61679 74.6697 0
      vertex 3.61679 74.6697 4
    endloop
  endfacet
  facet normal -0.831438 -0.555617 0
    outer loop
      vertex 3.51554 74.875 0
      vertex 3.38837 75.0653 4
      vertex 3.38837 75.0653 0
    endloop
  endfacet
  facet normal -0.831438 -0.555617 0
    outer loop
      vertex 3.38837 75.0653 4
      vertex 3.51554 74.875 0
      vertex 3.51554 74.875 4
    endloop
  endfacet
  facet normal 0.555339 -0.831624 0
    outer loop
      vertex 0.934667 75.3884 0
      vertex 1.125 75.5155 4
      vertex 0.934667 75.3884 4
    endloop
  endfacet
  facet normal 0.555339 -0.831624 0
    outer loop
      vertex 1.125 75.5155 4
      vertex 0.934667 75.3884 0
      vertex 1.125 75.5155 0
    endloop
  endfacet
  facet normal -0.946948 0.321386 0
    outer loop
      vertex 3.61679 73.3303 0
      vertex 3.69037 73.5471 4
      vertex 3.69037 73.5471 0
    endloop
  endfacet
  facet normal -0.946948 0.321386 0
    outer loop
      vertex 3.69037 73.5471 4
      vertex 3.61679 73.3303 0
      vertex 3.61679 73.3303 4
    endloop
  endfacet
  facet normal -0.659503 0.751702 0
    outer loop
      vertex 3.23744 72.7626 0
      vertex 3.06533 72.6116 4
      vertex 3.23744 72.7626 4
    endloop
  endfacet
  facet normal -0.659503 0.751702 0
    outer loop
      vertex 3.06533 72.6116 4
      vertex 3.23744 72.7626 0
      vertex 3.06533 72.6116 0
    endloop
  endfacet
  facet normal 0.0655274 -0.997851 0
    outer loop
      vertex 1.77158 75.735 0
      vertex 2 75.75 4
      vertex 1.77158 75.735 4
    endloop
  endfacet
  facet normal 0.0655274 -0.997851 0
    outer loop
      vertex 2 75.75 4
      vertex 1.77158 75.735 0
      vertex 2 75.75 0
    endloop
  endfacet
  facet normal 0.194847 0.980834 -0
    outer loop
      vertex 1.77158 72.265 0
      vertex 1.54707 72.3096 4
      vertex 1.77158 72.265 4
    endloop
  endfacet
  facet normal 0.194847 0.980834 0
    outer loop
      vertex 1.54707 72.3096 4
      vertex 1.77158 72.265 0
      vertex 1.54707 72.3096 0
    endloop
  endfacet
  facet normal -0.0655274 -0.997851 0
    outer loop
      vertex 2 75.75 0
      vertex 2.22842 75.735 4
      vertex 2 75.75 4
    endloop
  endfacet
  facet normal -0.0655274 -0.997851 -0
    outer loop
      vertex 2.22842 75.735 4
      vertex 2 75.75 0
      vertex 2.22842 75.735 0
    endloop
  endfacet
  facet normal -0.751835 -0.659352 0
    outer loop
      vertex 3.38837 75.0653 0
      vertex 3.23744 75.2374 4
      vertex 3.23744 75.2374 0
    endloop
  endfacet
  facet normal -0.751835 -0.659352 0
    outer loop
      vertex 3.23744 75.2374 4
      vertex 3.38837 75.0653 0
      vertex 3.38837 75.0653 4
    endloop
  endfacet
  facet normal 0.997859 -0.0654069 0
    outer loop
      vertex 0.25 74 4
      vertex 0.264971 74.2284 0
      vertex 0.264971 74.2284 4
    endloop
  endfacet
  facet normal 0.997859 -0.0654069 0
    outer loop
      vertex 0.264971 74.2284 0
      vertex 0.25 74 4
      vertex 0.25 74 0
    endloop
  endfacet
  facet normal 0.980783 -0.195099 0
    outer loop
      vertex 0.264971 74.2284 4
      vertex 0.309629 74.4529 0
      vertex 0.309629 74.4529 4
    endloop
  endfacet
  facet normal 0.980783 -0.195099 0
    outer loop
      vertex 0.309629 74.4529 0
      vertex 0.264971 74.2284 4
      vertex 0.264971 74.2284 0
    endloop
  endfacet
  facet normal 0.896869 0.442297 0
    outer loop
      vertex 0.484455 73.125 4
      vertex 0.38321 73.3303 0
      vertex 0.38321 73.3303 4
    endloop
  endfacet
  facet normal 0.896869 0.442297 0
    outer loop
      vertex 0.38321 73.3303 0
      vertex 0.484455 73.125 4
      vertex 0.484455 73.125 0
    endloop
  endfacet
  facet normal 0.946947 -0.32139 0
    outer loop
      vertex 0.309629 74.4529 4
      vertex 0.38321 74.6697 0
      vertex 0.38321 74.6697 4
    endloop
  endfacet
  facet normal 0.946947 -0.32139 0
    outer loop
      vertex 0.38321 74.6697 0
      vertex 0.309629 74.4529 4
      vertex 0.309629 74.4529 0
    endloop
  endfacet
  facet normal 0.194847 -0.980834 0
    outer loop
      vertex 1.54707 75.6904 0
      vertex 1.77158 75.735 4
      vertex 1.54707 75.6904 4
    endloop
  endfacet
  facet normal 0.194847 -0.980834 0
    outer loop
      vertex 1.77158 75.735 4
      vertex 1.54707 75.6904 0
      vertex 1.77158 75.735 0
    endloop
  endfacet
  facet normal -0.44249 0.896774 0
    outer loop
      vertex 2.875 72.4845 0
      vertex 2.6697 72.3832 4
      vertex 2.875 72.4845 4
    endloop
  endfacet
  facet normal -0.44249 0.896774 0
    outer loop
      vertex 2.6697 72.3832 4
      vertex 2.875 72.4845 0
      vertex 2.6697 72.3832 0
    endloop
  endfacet
  facet normal -0.659503 -0.751702 0
    outer loop
      vertex 3.06533 75.3884 0
      vertex 3.23744 75.2374 4
      vertex 3.06533 75.3884 4
    endloop
  endfacet
  facet normal -0.659503 -0.751702 -0
    outer loop
      vertex 3.23744 75.2374 4
      vertex 3.06533 75.3884 0
      vertex 3.23744 75.2374 0
    endloop
  endfacet
  facet normal -0.321504 0.946908 0
    outer loop
      vertex 2.6697 72.3832 0
      vertex 2.45293 72.3096 4
      vertex 2.6697 72.3832 4
    endloop
  endfacet
  facet normal -0.321504 0.946908 0
    outer loop
      vertex 2.45293 72.3096 4
      vertex 2.6697 72.3832 0
      vertex 2.45293 72.3096 0
    endloop
  endfacet
  facet normal -0.831438 0.555617 0
    outer loop
      vertex 3.38837 72.9347 0
      vertex 3.51554 73.125 4
      vertex 3.51554 73.125 0
    endloop
  endfacet
  facet normal -0.831438 0.555617 0
    outer loop
      vertex 3.51554 73.125 4
      vertex 3.38837 72.9347 0
      vertex 3.38837 72.9347 4
    endloop
  endfacet
  facet normal 0.896869 -0.442297 0
    outer loop
      vertex 0.38321 74.6697 4
      vertex 0.484455 74.875 0
      vertex 0.484455 74.875 4
    endloop
  endfacet
  facet normal 0.896869 -0.442297 0
    outer loop
      vertex 0.484455 74.875 0
      vertex 0.38321 74.6697 4
      vertex 0.38321 74.6697 0
    endloop
  endfacet
  facet normal 0.980783 0.195099 0
    outer loop
      vertex 0.309629 73.5471 4
      vertex 0.264971 73.7716 0
      vertex 0.264971 73.7716 4
    endloop
  endfacet
  facet normal 0.980783 0.195099 0
    outer loop
      vertex 0.264971 73.7716 0
      vertex 0.309629 73.5471 4
      vertex 0.309629 73.5471 0
    endloop
  endfacet
  facet normal -0.555345 -0.83162 0
    outer loop
      vertex 2.875 75.5155 0
      vertex 3.06533 75.3884 4
      vertex 2.875 75.5155 4
    endloop
  endfacet
  facet normal -0.555345 -0.83162 -0
    outer loop
      vertex 3.06533 75.3884 4
      vertex 2.875 75.5155 0
      vertex 3.06533 75.3884 0
    endloop
  endfacet
  facet normal 0.997859 0.0654069 0
    outer loop
      vertex 0.264971 73.7716 4
      vertex 0.25 74 0
      vertex 0.25 74 4
    endloop
  endfacet
  facet normal 0.997859 0.0654069 0
    outer loop
      vertex 0.25 74 0
      vertex 0.264971 73.7716 4
      vertex 0.264971 73.7716 0
    endloop
  endfacet
  facet normal 0.946947 0.32139 0
    outer loop
      vertex 0.38321 73.3303 4
      vertex 0.309629 73.5471 0
      vertex 0.309629 73.5471 4
    endloop
  endfacet
  facet normal 0.946947 0.32139 0
    outer loop
      vertex 0.309629 73.5471 0
      vertex 0.38321 73.3303 4
      vertex 0.38321 73.3303 0
    endloop
  endfacet
  facet normal 0.831426 -0.555635 0
    outer loop
      vertex 0.484455 74.875 4
      vertex 0.611631 75.0653 0
      vertex 0.611631 75.0653 4
    endloop
  endfacet
  facet normal 0.831426 -0.555635 0
    outer loop
      vertex 0.611631 75.0653 0
      vertex 0.484455 74.875 4
      vertex 0.484455 74.875 0
    endloop
  endfacet
  facet normal 0.44249 -0.896774 0
    outer loop
      vertex 1.125 75.5155 0
      vertex 1.3303 75.6168 4
      vertex 1.125 75.5155 4
    endloop
  endfacet
  facet normal 0.44249 -0.896774 0
    outer loop
      vertex 1.3303 75.6168 4
      vertex 1.125 75.5155 0
      vertex 1.3303 75.6168 0
    endloop
  endfacet
  facet normal -0.194847 0.980834 0
    outer loop
      vertex 2.45293 72.3096 0
      vertex 2.22842 72.265 4
      vertex 2.45293 72.3096 4
    endloop
  endfacet
  facet normal -0.194847 0.980834 0
    outer loop
      vertex 2.22842 72.265 4
      vertex 2.45293 72.3096 0
      vertex 2.22842 72.265 0
    endloop
  endfacet
  facet normal -0.751835 0.659352 0
    outer loop
      vertex 3.23744 72.7626 0
      vertex 3.38837 72.9347 4
      vertex 3.38837 72.9347 0
    endloop
  endfacet
  facet normal -0.751835 0.659352 0
    outer loop
      vertex 3.38837 72.9347 4
      vertex 3.23744 72.7626 0
      vertex 3.23744 72.7626 4
    endloop
  endfacet
  facet normal 0.831426 0.555635 0
    outer loop
      vertex 0.611631 72.9347 4
      vertex 0.484455 73.125 0
      vertex 0.484455 73.125 4
    endloop
  endfacet
  facet normal 0.831426 0.555635 0
    outer loop
      vertex 0.484455 73.125 0
      vertex 0.611631 72.9347 4
      vertex 0.611631 72.9347 0
    endloop
  endfacet
  facet normal 0.44249 0.896774 -0
    outer loop
      vertex 1.3303 72.3832 0
      vertex 1.125 72.4845 4
      vertex 1.3303 72.3832 4
    endloop
  endfacet
  facet normal 0.44249 0.896774 0
    outer loop
      vertex 1.125 72.4845 4
      vertex 1.3303 72.3832 0
      vertex 1.125 72.4845 0
    endloop
  endfacet
  facet normal -0.980782 0.195108 0
    outer loop
      vertex 3.69037 73.5471 0
      vertex 3.73503 73.7716 4
      vertex 3.73503 73.7716 0
    endloop
  endfacet
  facet normal -0.980782 0.195108 0
    outer loop
      vertex 3.73503 73.7716 4
      vertex 3.69037 73.5471 0
      vertex 3.69037 73.5471 4
    endloop
  endfacet
  facet normal 0.659516 0.751691 -0
    outer loop
      vertex 0.934667 72.6116 0
      vertex 0.762563 72.7626 4
      vertex 0.934667 72.6116 4
    endloop
  endfacet
  facet normal 0.659516 0.751691 0
    outer loop
      vertex 0.762563 72.7626 4
      vertex 0.934667 72.6116 0
      vertex 0.762563 72.7626 0
    endloop
  endfacet
  facet normal -0.89686 0.442314 0
    outer loop
      vertex 3.51554 73.125 0
      vertex 3.61679 73.3303 4
      vertex 3.61679 73.3303 0
    endloop
  endfacet
  facet normal -0.89686 0.442314 0
    outer loop
      vertex 3.61679 73.3303 4
      vertex 3.51554 73.125 0
      vertex 3.51554 73.125 4
    endloop
  endfacet
  facet normal -0.555345 0.83162 0
    outer loop
      vertex 3.06533 72.6116 0
      vertex 2.875 72.4845 4
      vertex 3.06533 72.6116 4
    endloop
  endfacet
  facet normal -0.555345 0.83162 0
    outer loop
      vertex 2.875 72.4845 4
      vertex 3.06533 72.6116 0
      vertex 2.875 72.4845 0
    endloop
  endfacet
  facet normal -0.44249 -0.896774 0
    outer loop
      vertex 2.6697 75.6168 0
      vertex 2.875 75.5155 4
      vertex 2.6697 75.6168 4
    endloop
  endfacet
  facet normal -0.44249 -0.896774 -0
    outer loop
      vertex 2.875 75.5155 4
      vertex 2.6697 75.6168 0
      vertex 2.875 75.5155 0
    endloop
  endfacet
  facet normal 0.75183 0.659357 0
    outer loop
      vertex 0.762563 72.7626 4
      vertex 0.611631 72.9347 0
      vertex 0.611631 72.9347 4
    endloop
  endfacet
  facet normal 0.75183 0.659357 0
    outer loop
      vertex 0.611631 72.9347 0
      vertex 0.762563 72.7626 4
      vertex 0.762563 72.7626 0
    endloop
  endfacet
  facet normal -0.997859 0.0654026 0
    outer loop
      vertex 3.73503 73.7716 0
      vertex 3.75 74 4
      vertex 3.75 74 0
    endloop
  endfacet
  facet normal -0.997859 0.0654026 0
    outer loop
      vertex 3.75 74 4
      vertex 3.73503 73.7716 0
      vertex 3.73503 73.7716 4
    endloop
  endfacet
  facet normal -0.0655274 0.997851 0
    outer loop
      vertex 2.22842 72.265 0
      vertex 2 72.25 4
      vertex 2.22842 72.265 4
    endloop
  endfacet
  facet normal -0.0655274 0.997851 0
    outer loop
      vertex 2 72.25 4
      vertex 2.22842 72.265 0
      vertex 2 72.25 0
    endloop
  endfacet
  facet normal 0.0655274 0.997851 -0
    outer loop
      vertex 2 72.25 0
      vertex 1.77158 72.265 4
      vertex 2 72.25 4
    endloop
  endfacet
  facet normal 0.0655274 0.997851 0
    outer loop
      vertex 1.77158 72.265 4
      vertex 2 72.25 0
      vertex 1.77158 72.265 0
    endloop
  endfacet
  facet normal 0.321504 0.946908 -0
    outer loop
      vertex 1.54707 72.3096 0
      vertex 1.3303 72.3832 4
      vertex 1.54707 72.3096 4
    endloop
  endfacet
  facet normal 0.321504 0.946908 0
    outer loop
      vertex 1.3303 72.3832 4
      vertex 1.54707 72.3096 0
      vertex 1.3303 72.3832 0
    endloop
  endfacet
  facet normal -0.194847 -0.980834 0
    outer loop
      vertex 2.22842 75.735 0
      vertex 2.45293 75.6904 4
      vertex 2.22842 75.735 4
    endloop
  endfacet
  facet normal -0.194847 -0.980834 -0
    outer loop
      vertex 2.45293 75.6904 4
      vertex 2.22842 75.735 0
      vertex 2.45293 75.6904 0
    endloop
  endfacet
  facet normal 0.555339 0.831624 -0
    outer loop
      vertex 1.125 72.4845 0
      vertex 0.934667 72.6116 4
      vertex 1.125 72.4845 4
    endloop
  endfacet
  facet normal 0.555339 0.831624 0
    outer loop
      vertex 0.934667 72.6116 4
      vertex 1.125 72.4845 0
      vertex 0.934667 72.6116 0
    endloop
  endfacet
  facet normal 0.659568 -0.751645 0
    outer loop
      vertex 240.763 7.23744 0
      vertex 240.935 7.38837 4
      vertex 240.763 7.23744 4
    endloop
  endfacet
  facet normal 0.659568 -0.751645 0
    outer loop
      vertex 240.935 7.38837 4
      vertex 240.763 7.23744 0
      vertex 240.935 7.38837 0
    endloop
  endfacet
  facet normal -0.980498 -0.196528 0
    outer loop
      vertex 243.735 6.22842 0
      vertex 243.69 6.45293 4
      vertex 243.69 6.45293 0
    endloop
  endfacet
  facet normal -0.980498 -0.196528 0
    outer loop
      vertex 243.69 6.45293 4
      vertex 243.735 6.22842 0
      vertex 243.735 6.22842 4
    endloop
  endfacet
  facet normal -0.997851 -0.0655274 0
    outer loop
      vertex 243.75 6 0
      vertex 243.735 6.22842 4
      vertex 243.735 6.22842 0
    endloop
  endfacet
  facet normal -0.997851 -0.0655274 0
    outer loop
      vertex 243.735 6.22842 4
      vertex 243.75 6 0
      vertex 243.75 6 4
    endloop
  endfacet
  facet normal -0.947704 -0.319151 0
    outer loop
      vertex 243.69 6.45293 0
      vertex 243.617 6.6697 4
      vertex 243.617 6.6697 0
    endloop
  endfacet
  facet normal -0.947704 -0.319151 0
    outer loop
      vertex 243.617 6.6697 4
      vertex 243.69 6.45293 0
      vertex 243.69 6.45293 4
    endloop
  endfacet
  facet normal 0.751702 -0.659503 0
    outer loop
      vertex 240.612 7.06533 4
      vertex 240.763 7.23744 0
      vertex 240.763 7.23744 4
    endloop
  endfacet
  facet normal 0.751702 -0.659503 0
    outer loop
      vertex 240.763 7.23744 0
      vertex 240.612 7.06533 4
      vertex 240.612 7.06533 0
    endloop
  endfacet
  facet normal -0.32112 -0.947038 0
    outer loop
      vertex 242.453 7.69037 0
      vertex 242.67 7.61679 4
      vertex 242.453 7.69037 4
    endloop
  endfacet
  facet normal -0.32112 -0.947038 -0
    outer loop
      vertex 242.67 7.61679 4
      vertex 242.453 7.69037 0
      vertex 242.67 7.61679 0
    endloop
  endfacet
  facet normal 0.32112 -0.947038 0
    outer loop
      vertex 241.33 7.61679 0
      vertex 241.547 7.69037 4
      vertex 241.33 7.61679 4
    endloop
  endfacet
  facet normal 0.32112 -0.947038 0
    outer loop
      vertex 241.547 7.69037 4
      vertex 241.33 7.61679 0
      vertex 241.547 7.69037 0
    endloop
  endfacet
  facet normal -0.897293 -0.441435 0
    outer loop
      vertex 243.617 6.6697 0
      vertex 243.516 6.875 4
      vertex 243.516 6.875 0
    endloop
  endfacet
  facet normal -0.897293 -0.441435 0
    outer loop
      vertex 243.516 6.875 4
      vertex 243.617 6.6697 0
      vertex 243.617 6.6697 4
    endloop
  endfacet
  facet normal -0.829803 -0.558056 0
    outer loop
      vertex 243.516 6.875 0
      vertex 243.388 7.06533 4
      vertex 243.388 7.06533 0
    endloop
  endfacet
  facet normal -0.829803 -0.558056 0
    outer loop
      vertex 243.388 7.06533 4
      vertex 243.516 6.875 0
      vertex 243.516 6.875 4
    endloop
  endfacet
  facet normal -0.947704 0.319151 0
    outer loop
      vertex 243.617 5.3303 0
      vertex 243.69 5.54707 4
      vertex 243.69 5.54707 0
    endloop
  endfacet
  facet normal -0.947704 0.319151 0
    outer loop
      vertex 243.69 5.54707 4
      vertex 243.617 5.3303 0
      vertex 243.617 5.3303 4
    endloop
  endfacet
  facet normal -0.659568 0.751645 0
    outer loop
      vertex 243.237 4.76256 0
      vertex 243.065 4.61163 4
      vertex 243.237 4.76256 4
    endloop
  endfacet
  facet normal -0.659568 0.751645 0
    outer loop
      vertex 243.065 4.61163 4
      vertex 243.237 4.76256 0
      vertex 243.065 4.61163 0
    endloop
  endfacet
  facet normal 0.0655168 -0.997851 0
    outer loop
      vertex 241.772 7.73503 0
      vertex 242 7.75 4
      vertex 241.772 7.73503 4
    endloop
  endfacet
  facet normal 0.0655168 -0.997851 0
    outer loop
      vertex 242 7.75 4
      vertex 241.772 7.73503 0
      vertex 242 7.75 0
    endloop
  endfacet
  facet normal 0.194691 0.980865 -0
    outer loop
      vertex 241.772 4.26497 0
      vertex 241.547 4.30963 4
      vertex 241.772 4.26497 4
    endloop
  endfacet
  facet normal 0.194691 0.980865 0
    outer loop
      vertex 241.547 4.30963 4
      vertex 241.772 4.26497 0
      vertex 241.547 4.30963 0
    endloop
  endfacet
  facet normal -0.0655168 -0.997851 0
    outer loop
      vertex 242 7.75 0
      vertex 242.228 7.73503 4
      vertex 242 7.75 4
    endloop
  endfacet
  facet normal -0.0655168 -0.997851 -0
    outer loop
      vertex 242.228 7.73503 4
      vertex 242 7.75 0
      vertex 242.228 7.73503 0
    endloop
  endfacet
  facet normal -0.751702 -0.659503 0
    outer loop
      vertex 243.388 7.06533 0
      vertex 243.237 7.23744 4
      vertex 243.237 7.23744 0
    endloop
  endfacet
  facet normal -0.751702 -0.659503 0
    outer loop
      vertex 243.237 7.23744 4
      vertex 243.388 7.06533 0
      vertex 243.388 7.06533 4
    endloop
  endfacet
  facet normal 0.997851 -0.0655274 0
    outer loop
      vertex 240.25 6 4
      vertex 240.265 6.22842 0
      vertex 240.265 6.22842 4
    endloop
  endfacet
  facet normal 0.997851 -0.0655274 0
    outer loop
      vertex 240.265 6.22842 0
      vertex 240.25 6 4
      vertex 240.25 6 0
    endloop
  endfacet
  facet normal 0.980498 -0.196528 0
    outer loop
      vertex 240.265 6.22842 4
      vertex 240.31 6.45293 0
      vertex 240.31 6.45293 4
    endloop
  endfacet
  facet normal 0.980498 -0.196528 0
    outer loop
      vertex 240.31 6.45293 0
      vertex 240.265 6.22842 4
      vertex 240.265 6.22842 0
    endloop
  endfacet
  facet normal 0.897293 0.441435 0
    outer loop
      vertex 240.484 5.125 4
      vertex 240.383 5.3303 0
      vertex 240.383 5.3303 4
    endloop
  endfacet
  facet normal 0.897293 0.441435 0
    outer loop
      vertex 240.383 5.3303 0
      vertex 240.484 5.125 4
      vertex 240.484 5.125 0
    endloop
  endfacet
  facet normal 0.947704 -0.319151 0
    outer loop
      vertex 240.31 6.45293 4
      vertex 240.383 6.6697 0
      vertex 240.383 6.6697 4
    endloop
  endfacet
  facet normal 0.947704 -0.319151 0
    outer loop
      vertex 240.383 6.6697 0
      vertex 240.31 6.45293 4
      vertex 240.31 6.45293 0
    endloop
  endfacet
  facet normal 0.194691 -0.980865 0
    outer loop
      vertex 241.547 7.69037 0
      vertex 241.772 7.73503 4
      vertex 241.547 7.69037 4
    endloop
  endfacet
  facet normal 0.194691 -0.980865 0
    outer loop
      vertex 241.772 7.73503 4
      vertex 241.547 7.69037 0
      vertex 241.772 7.73503 0
    endloop
  endfacet
  facet normal -0.442835 0.896603 0
    outer loop
      vertex 242.875 4.48446 0
      vertex 242.67 4.38321 4
      vertex 242.875 4.48446 4
    endloop
  endfacet
  facet normal -0.442835 0.896603 0
    outer loop
      vertex 242.67 4.38321 4
      vertex 242.875 4.48446 0
      vertex 242.67 4.38321 0
    endloop
  endfacet
  facet normal -0.659568 -0.751645 0
    outer loop
      vertex 243.065 7.38837 0
      vertex 243.237 7.23744 4
      vertex 243.065 7.38837 4
    endloop
  endfacet
  facet normal -0.659568 -0.751645 -0
    outer loop
      vertex 243.237 7.23744 4
      vertex 243.065 7.38837 0
      vertex 243.237 7.23744 0
    endloop
  endfacet
  facet normal -0.32112 0.947038 0
    outer loop
      vertex 242.67 4.38321 0
      vertex 242.453 4.30963 4
      vertex 242.67 4.38321 4
    endloop
  endfacet
  facet normal -0.32112 0.947038 0
    outer loop
      vertex 242.453 4.30963 4
      vertex 242.67 4.38321 0
      vertex 242.453 4.30963 0
    endloop
  endfacet
  facet normal -0.829803 0.558056 0
    outer loop
      vertex 243.388 4.93467 0
      vertex 243.516 5.125 4
      vertex 243.516 5.125 0
    endloop
  endfacet
  facet normal -0.829803 0.558056 0
    outer loop
      vertex 243.516 5.125 4
      vertex 243.388 4.93467 0
      vertex 243.388 4.93467 4
    endloop
  endfacet
  facet normal 0.897293 -0.441435 0
    outer loop
      vertex 240.383 6.6697 4
      vertex 240.484 6.875 0
      vertex 240.484 6.875 4
    endloop
  endfacet
  facet normal 0.897293 -0.441435 0
    outer loop
      vertex 240.484 6.875 0
      vertex 240.383 6.6697 4
      vertex 240.383 6.6697 0
    endloop
  endfacet
  facet normal 0.556223 -0.831033 0
    outer loop
      vertex 240.935 7.38837 0
      vertex 241.125 7.51554 4
      vertex 240.935 7.38837 4
    endloop
  endfacet
  facet normal 0.556223 -0.831033 0
    outer loop
      vertex 241.125 7.51554 4
      vertex 240.935 7.38837 0
      vertex 241.125 7.51554 0
    endloop
  endfacet
  facet normal 0.980498 0.196528 0
    outer loop
      vertex 240.31 5.54707 4
      vertex 240.265 5.77158 0
      vertex 240.265 5.77158 4
    endloop
  endfacet
  facet normal 0.980498 0.196528 0
    outer loop
      vertex 240.265 5.77158 0
      vertex 240.31 5.54707 4
      vertex 240.31 5.54707 0
    endloop
  endfacet
  facet normal -0.556223 -0.831033 0
    outer loop
      vertex 242.875 7.51554 0
      vertex 243.065 7.38837 4
      vertex 242.875 7.51554 4
    endloop
  endfacet
  facet normal -0.556223 -0.831033 -0
    outer loop
      vertex 243.065 7.38837 4
      vertex 242.875 7.51554 0
      vertex 243.065 7.38837 0
    endloop
  endfacet
  facet normal 0.997851 0.0655274 0
    outer loop
      vertex 240.265 5.77158 4
      vertex 240.25 6 0
      vertex 240.25 6 4
    endloop
  endfacet
  facet normal 0.997851 0.0655274 0
    outer loop
      vertex 240.25 6 0
      vertex 240.265 5.77158 4
      vertex 240.265 5.77158 0
    endloop
  endfacet
  facet normal 0.947704 0.319151 0
    outer loop
      vertex 240.383 5.3303 4
      vertex 240.31 5.54707 0
      vertex 240.31 5.54707 4
    endloop
  endfacet
  facet normal 0.947704 0.319151 0
    outer loop
      vertex 240.31 5.54707 0
      vertex 240.383 5.3303 4
      vertex 240.383 5.3303 0
    endloop
  endfacet
  facet normal 0.829803 -0.558056 0
    outer loop
      vertex 240.484 6.875 4
      vertex 240.612 7.06533 0
      vertex 240.612 7.06533 4
    endloop
  endfacet
  facet normal 0.829803 -0.558056 0
    outer loop
      vertex 240.612 7.06533 0
      vertex 240.484 6.875 4
      vertex 240.484 6.875 0
    endloop
  endfacet
  facet normal 0.442835 -0.896603 0
    outer loop
      vertex 241.125 7.51554 0
      vertex 241.33 7.61679 4
      vertex 241.125 7.51554 4
    endloop
  endfacet
  facet normal 0.442835 -0.896603 0
    outer loop
      vertex 241.33 7.61679 4
      vertex 241.125 7.51554 0
      vertex 241.33 7.61679 0
    endloop
  endfacet
  facet normal -0.194691 0.980865 0
    outer loop
      vertex 242.453 4.30963 0
      vertex 242.228 4.26497 4
      vertex 242.453 4.30963 4
    endloop
  endfacet
  facet normal -0.194691 0.980865 0
    outer loop
      vertex 242.228 4.26497 4
      vertex 242.453 4.30963 0
      vertex 242.228 4.26497 0
    endloop
  endfacet
  facet normal -0.751702 0.659503 0
    outer loop
      vertex 243.237 4.76256 0
      vertex 243.388 4.93467 4
      vertex 243.388 4.93467 0
    endloop
  endfacet
  facet normal -0.751702 0.659503 0
    outer loop
      vertex 243.388 4.93467 4
      vertex 243.237 4.76256 0
      vertex 243.237 4.76256 4
    endloop
  endfacet
  facet normal 0.829803 0.558056 0
    outer loop
      vertex 240.612 4.93467 4
      vertex 240.484 5.125 0
      vertex 240.484 5.125 4
    endloop
  endfacet
  facet normal 0.829803 0.558056 0
    outer loop
      vertex 240.484 5.125 0
      vertex 240.612 4.93467 4
      vertex 240.612 4.93467 0
    endloop
  endfacet
  facet normal 0.442835 0.896603 -0
    outer loop
      vertex 241.33 4.38321 0
      vertex 241.125 4.48446 4
      vertex 241.33 4.38321 4
    endloop
  endfacet
  facet normal 0.442835 0.896603 0
    outer loop
      vertex 241.125 4.48446 4
      vertex 241.33 4.38321 0
      vertex 241.125 4.48446 0
    endloop
  endfacet
  facet normal -0.980498 0.196528 0
    outer loop
      vertex 243.69 5.54707 0
      vertex 243.735 5.77158 4
      vertex 243.735 5.77158 0
    endloop
  endfacet
  facet normal -0.980498 0.196528 0
    outer loop
      vertex 243.735 5.77158 4
      vertex 243.69 5.54707 0
      vertex 243.69 5.54707 4
    endloop
  endfacet
  facet normal 0.659568 0.751645 -0
    outer loop
      vertex 240.935 4.61163 0
      vertex 240.763 4.76256 4
      vertex 240.935 4.61163 4
    endloop
  endfacet
  facet normal 0.659568 0.751645 0
    outer loop
      vertex 240.763 4.76256 4
      vertex 240.935 4.61163 0
      vertex 240.763 4.76256 0
    endloop
  endfacet
  facet normal -0.897293 0.441435 0
    outer loop
      vertex 243.516 5.125 0
      vertex 243.617 5.3303 4
      vertex 243.617 5.3303 0
    endloop
  endfacet
  facet normal -0.897293 0.441435 0
    outer loop
      vertex 243.617 5.3303 4
      vertex 243.516 5.125 0
      vertex 243.516 5.125 4
    endloop
  endfacet
  facet normal -0.556223 0.831033 0
    outer loop
      vertex 243.065 4.61163 0
      vertex 242.875 4.48446 4
      vertex 243.065 4.61163 4
    endloop
  endfacet
  facet normal -0.556223 0.831033 0
    outer loop
      vertex 242.875 4.48446 4
      vertex 243.065 4.61163 0
      vertex 242.875 4.48446 0
    endloop
  endfacet
  facet normal -0.442835 -0.896603 0
    outer loop
      vertex 242.67 7.61679 0
      vertex 242.875 7.51554 4
      vertex 242.67 7.61679 4
    endloop
  endfacet
  facet normal -0.442835 -0.896603 -0
    outer loop
      vertex 242.875 7.51554 4
      vertex 242.67 7.61679 0
      vertex 242.875 7.51554 0
    endloop
  endfacet
  facet normal 0.751702 0.659503 0
    outer loop
      vertex 240.763 4.76256 4
      vertex 240.612 4.93467 0
      vertex 240.612 4.93467 4
    endloop
  endfacet
  facet normal 0.751702 0.659503 0
    outer loop
      vertex 240.612 4.93467 0
      vertex 240.763 4.76256 4
      vertex 240.763 4.76256 0
    endloop
  endfacet
  facet normal -0.997851 0.0655274 0
    outer loop
      vertex 243.735 5.77158 0
      vertex 243.75 6 4
      vertex 243.75 6 0
    endloop
  endfacet
  facet normal -0.997851 0.0655274 0
    outer loop
      vertex 243.75 6 4
      vertex 243.735 5.77158 0
      vertex 243.735 5.77158 4
    endloop
  endfacet
  facet normal -0.0655168 0.997851 0
    outer loop
      vertex 242.228 4.26497 0
      vertex 242 4.25 4
      vertex 242.228 4.26497 4
    endloop
  endfacet
  facet normal -0.0655168 0.997851 0
    outer loop
      vertex 242 4.25 4
      vertex 242.228 4.26497 0
      vertex 242 4.25 0
    endloop
  endfacet
  facet normal 0.0655168 0.997851 -0
    outer loop
      vertex 242 4.25 0
      vertex 241.772 4.26497 4
      vertex 242 4.25 4
    endloop
  endfacet
  facet normal 0.0655168 0.997851 0
    outer loop
      vertex 241.772 4.26497 4
      vertex 242 4.25 0
      vertex 241.772 4.26497 0
    endloop
  endfacet
  facet normal 0.32112 0.947038 -0
    outer loop
      vertex 241.547 4.30963 0
      vertex 241.33 4.38321 4
      vertex 241.547 4.30963 4
    endloop
  endfacet
  facet normal 0.32112 0.947038 0
    outer loop
      vertex 241.33 4.38321 4
      vertex 241.547 4.30963 0
      vertex 241.33 4.38321 0
    endloop
  endfacet
  facet normal -0.194691 -0.980865 0
    outer loop
      vertex 242.228 7.73503 0
      vertex 242.453 7.69037 4
      vertex 242.228 7.73503 4
    endloop
  endfacet
  facet normal -0.194691 -0.980865 -0
    outer loop
      vertex 242.453 7.69037 4
      vertex 242.228 7.73503 0
      vertex 242.453 7.69037 0
    endloop
  endfacet
  facet normal 0.556223 0.831033 -0
    outer loop
      vertex 241.125 4.48446 0
      vertex 240.935 4.61163 4
      vertex 241.125 4.48446 4
    endloop
  endfacet
  facet normal 0.556223 0.831033 0
    outer loop
      vertex 240.935 4.61163 4
      vertex 241.125 4.48446 0
      vertex 240.935 4.61163 0
    endloop
  endfacet
  facet normal 0.659741 -0.751493 0
    outer loop
      vertex 240.763 75.2374 0
      vertex 240.935 75.3884 4
      vertex 240.763 75.2374 4
    endloop
  endfacet
  facet normal 0.659741 -0.751493 0
    outer loop
      vertex 240.935 75.3884 4
      vertex 240.763 75.2374 0
      vertex 240.935 75.3884 0
    endloop
  endfacet
  facet normal -0.980497 -0.196536 0
    outer loop
      vertex 243.735 74.2284 0
      vertex 243.69 74.4529 4
      vertex 243.69 74.4529 0
    endloop
  endfacet
  facet normal -0.980497 -0.196536 0
    outer loop
      vertex 243.69 74.4529 4
      vertex 243.735 74.2284 0
      vertex 243.735 74.2284 4
    endloop
  endfacet
  facet normal -0.99785 -0.0655331 0
    outer loop
      vertex 243.75 74 0
      vertex 243.735 74.2284 4
      vertex 243.735 74.2284 0
    endloop
  endfacet
  facet normal -0.99785 -0.0655331 0
    outer loop
      vertex 243.735 74.2284 4
      vertex 243.75 74 0
      vertex 243.75 74 4
    endloop
  endfacet
  facet normal -0.947717 -0.319111 0
    outer loop
      vertex 243.69 74.4529 0
      vertex 243.617 74.6697 4
      vertex 243.617 74.6697 0
    endloop
  endfacet
  facet normal -0.947717 -0.319111 0
    outer loop
      vertex 243.617 74.6697 4
      vertex 243.69 74.4529 0
      vertex 243.69 74.4529 4
    endloop
  endfacet
  facet normal 0.751683 -0.659524 0
    outer loop
      vertex 240.612 75.0653 4
      vertex 240.763 75.2374 0
      vertex 240.763 75.2374 4
    endloop
  endfacet
  facet normal 0.751683 -0.659524 0
    outer loop
      vertex 240.763 75.2374 0
      vertex 240.612 75.0653 4
      vertex 240.612 75.0653 0
    endloop
  endfacet
  facet normal -0.321199 -0.947012 0
    outer loop
      vertex 242.453 75.6904 0
      vertex 242.67 75.6168 4
      vertex 242.453 75.6904 4
    endloop
  endfacet
  facet normal -0.321199 -0.947012 -0
    outer loop
      vertex 242.67 75.6168 4
      vertex 242.453 75.6904 0
      vertex 242.67 75.6168 0
    endloop
  endfacet
  facet normal 0.321199 -0.947012 0
    outer loop
      vertex 241.33 75.6168 0
      vertex 241.547 75.6904 4
      vertex 241.33 75.6168 4
    endloop
  endfacet
  facet normal 0.321199 -0.947012 0
    outer loop
      vertex 241.547 75.6904 4
      vertex 241.33 75.6168 0
      vertex 241.547 75.6904 0
    endloop
  endfacet
  facet normal -0.897293 -0.441435 0
    outer loop
      vertex 243.617 74.6697 0
      vertex 243.516 74.875 4
      vertex 243.516 74.875 0
    endloop
  endfacet
  facet normal -0.897293 -0.441435 0
    outer loop
      vertex 243.516 74.875 4
      vertex 243.617 74.6697 0
      vertex 243.617 74.6697 4
    endloop
  endfacet
  facet normal -0.829762 -0.558117 0
    outer loop
      vertex 243.516 74.875 0
      vertex 243.388 75.0653 4
      vertex 243.388 75.0653 0
    endloop
  endfacet
  facet normal -0.829762 -0.558117 0
    outer loop
      vertex 243.388 75.0653 4
      vertex 243.516 74.875 0
      vertex 243.516 74.875 4
    endloop
  endfacet
  facet normal -0.947717 0.319111 0
    outer loop
      vertex 243.617 73.3303 0
      vertex 243.69 73.5471 4
      vertex 243.69 73.5471 0
    endloop
  endfacet
  facet normal -0.947717 0.319111 0
    outer loop
      vertex 243.69 73.5471 4
      vertex 243.617 73.3303 0
      vertex 243.617 73.3303 4
    endloop
  endfacet
  facet normal -0.659741 0.751493 0
    outer loop
      vertex 243.237 72.7626 0
      vertex 243.065 72.6116 4
      vertex 243.237 72.7626 4
    endloop
  endfacet
  facet normal -0.659741 0.751493 0
    outer loop
      vertex 243.065 72.6116 4
      vertex 243.237 72.7626 0
      vertex 243.065 72.6116 0
    endloop
  endfacet
  facet normal 0.0656476 -0.997843 0
    outer loop
      vertex 241.772 75.735 0
      vertex 242 75.75 4
      vertex 241.772 75.735 4
    endloop
  endfacet
  facet normal 0.0656476 -0.997843 0
    outer loop
      vertex 242 75.75 4
      vertex 241.772 75.735 0
      vertex 242 75.75 0
    endloop
  endfacet
  facet normal 0.194439 0.980915 -0
    outer loop
      vertex 241.772 72.265 0
      vertex 241.547 72.3096 4
      vertex 241.772 72.265 4
    endloop
  endfacet
  facet normal 0.194439 0.980915 0
    outer loop
      vertex 241.547 72.3096 4
      vertex 241.772 72.265 0
      vertex 241.547 72.3096 0
    endloop
  endfacet
  facet normal -0.0656476 -0.997843 0
    outer loop
      vertex 242 75.75 0
      vertex 242.228 75.735 4
      vertex 242 75.75 4
    endloop
  endfacet
  facet normal -0.0656476 -0.997843 -0
    outer loop
      vertex 242.228 75.735 4
      vertex 242 75.75 0
      vertex 242.228 75.735 0
    endloop
  endfacet
  facet normal -0.751683 -0.659524 0
    outer loop
      vertex 243.388 75.0653 0
      vertex 243.237 75.2374 4
      vertex 243.237 75.2374 0
    endloop
  endfacet
  facet normal -0.751683 -0.659524 0
    outer loop
      vertex 243.237 75.2374 4
      vertex 243.388 75.0653 0
      vertex 243.388 75.0653 4
    endloop
  endfacet
  facet normal 0.99785 -0.0655331 0
    outer loop
      vertex 240.25 74 4
      vertex 240.265 74.2284 0
      vertex 240.265 74.2284 4
    endloop
  endfacet
  facet normal 0.99785 -0.0655331 0
    outer loop
      vertex 240.265 74.2284 0
      vertex 240.25 74 4
      vertex 240.25 74 0
    endloop
  endfacet
  facet normal 0.980497 -0.196536 0
    outer loop
      vertex 240.265 74.2284 4
      vertex 240.31 74.4529 0
      vertex 240.31 74.4529 4
    endloop
  endfacet
  facet normal 0.980497 -0.196536 0
    outer loop
      vertex 240.31 74.4529 0
      vertex 240.265 74.2284 4
      vertex 240.265 74.2284 0
    endloop
  endfacet
  facet normal 0.897293 0.441435 0
    outer loop
      vertex 240.484 73.125 4
      vertex 240.383 73.3303 0
      vertex 240.383 73.3303 4
    endloop
  endfacet
  facet normal 0.897293 0.441435 0
    outer loop
      vertex 240.383 73.3303 0
      vertex 240.484 73.125 4
      vertex 240.484 73.125 0
    endloop
  endfacet
  facet normal 0.947717 -0.319111 0
    outer loop
      vertex 240.31 74.4529 4
      vertex 240.383 74.6697 0
      vertex 240.383 74.6697 4
    endloop
  endfacet
  facet normal 0.947717 -0.319111 0
    outer loop
      vertex 240.383 74.6697 0
      vertex 240.31 74.4529 4
      vertex 240.31 74.4529 0
    endloop
  endfacet
  facet normal 0.194439 -0.980915 0
    outer loop
      vertex 241.547 75.6904 0
      vertex 241.772 75.735 4
      vertex 241.547 75.6904 4
    endloop
  endfacet
  facet normal 0.194439 -0.980915 0
    outer loop
      vertex 241.772 75.735 4
      vertex 241.547 75.6904 0
      vertex 241.772 75.735 0
    endloop
  endfacet
  facet normal -0.44301 0.896516 0
    outer loop
      vertex 242.875 72.4845 0
      vertex 242.67 72.3832 4
      vertex 242.875 72.4845 4
    endloop
  endfacet
  facet normal -0.44301 0.896516 0
    outer loop
      vertex 242.67 72.3832 4
      vertex 242.875 72.4845 0
      vertex 242.67 72.3832 0
    endloop
  endfacet
  facet normal -0.659741 -0.751493 0
    outer loop
      vertex 243.065 75.3884 0
      vertex 243.237 75.2374 4
      vertex 243.065 75.3884 4
    endloop
  endfacet
  facet normal -0.659741 -0.751493 -0
    outer loop
      vertex 243.237 75.2374 4
      vertex 243.065 75.3884 0
      vertex 243.237 75.2374 0
    endloop
  endfacet
  facet normal -0.321199 0.947012 0
    outer loop
      vertex 242.67 72.3832 0
      vertex 242.453 72.3096 4
      vertex 242.67 72.3832 4
    endloop
  endfacet
  facet normal -0.321199 0.947012 0
    outer loop
      vertex 242.453 72.3096 4
      vertex 242.67 72.3832 0
      vertex 242.453 72.3096 0
    endloop
  endfacet
  facet normal -0.829762 0.558117 0
    outer loop
      vertex 243.388 72.9347 0
      vertex 243.516 73.125 4
      vertex 243.516 73.125 0
    endloop
  endfacet
  facet normal -0.829762 0.558117 0
    outer loop
      vertex 243.516 73.125 4
      vertex 243.388 72.9347 0
      vertex 243.388 72.9347 4
    endloop
  endfacet
  facet normal 0.897293 -0.441435 0
    outer loop
      vertex 240.383 74.6697 4
      vertex 240.484 74.875 0
      vertex 240.484 74.875 4
    endloop
  endfacet
  facet normal 0.897293 -0.441435 0
    outer loop
      vertex 240.484 74.875 0
      vertex 240.383 74.6697 4
      vertex 240.383 74.6697 0
    endloop
  endfacet
  facet normal 0.556012 -0.831174 0
    outer loop
      vertex 240.935 75.3884 0
      vertex 241.125 75.5155 4
      vertex 240.935 75.3884 4
    endloop
  endfacet
  facet normal 0.556012 -0.831174 0
    outer loop
      vertex 241.125 75.5155 4
      vertex 240.935 75.3884 0
      vertex 241.125 75.5155 0
    endloop
  endfacet
  facet normal 0.980497 0.196536 0
    outer loop
      vertex 240.31 73.5471 4
      vertex 240.265 73.7716 0
      vertex 240.265 73.7716 4
    endloop
  endfacet
  facet normal 0.980497 0.196536 0
    outer loop
      vertex 240.265 73.7716 0
      vertex 240.31 73.5471 4
      vertex 240.31 73.5471 0
    endloop
  endfacet
  facet normal -0.556012 -0.831174 0
    outer loop
      vertex 242.875 75.5155 0
      vertex 243.065 75.3884 4
      vertex 242.875 75.5155 4
    endloop
  endfacet
  facet normal -0.556012 -0.831174 -0
    outer loop
      vertex 243.065 75.3884 4
      vertex 242.875 75.5155 0
      vertex 243.065 75.3884 0
    endloop
  endfacet
  facet normal 0.99785 0.0655331 0
    outer loop
      vertex 240.265 73.7716 4
      vertex 240.25 74 0
      vertex 240.25 74 4
    endloop
  endfacet
  facet normal 0.99785 0.0655331 0
    outer loop
      vertex 240.25 74 0
      vertex 240.265 73.7716 4
      vertex 240.265 73.7716 0
    endloop
  endfacet
  facet normal 0.947717 0.319111 0
    outer loop
      vertex 240.383 73.3303 4
      vertex 240.31 73.5471 0
      vertex 240.31 73.5471 4
    endloop
  endfacet
  facet normal 0.947717 0.319111 0
    outer loop
      vertex 240.31 73.5471 0
      vertex 240.383 73.3303 4
      vertex 240.383 73.3303 0
    endloop
  endfacet
  facet normal 0.829762 -0.558117 0
    outer loop
      vertex 240.484 74.875 4
      vertex 240.612 75.0653 0
      vertex 240.612 75.0653 4
    endloop
  endfacet
  facet normal 0.829762 -0.558117 0
    outer loop
      vertex 240.612 75.0653 0
      vertex 240.484 74.875 4
      vertex 240.484 74.875 0
    endloop
  endfacet
  facet normal 0.44301 -0.896516 0
    outer loop
      vertex 241.125 75.5155 0
      vertex 241.33 75.6168 4
      vertex 241.125 75.5155 4
    endloop
  endfacet
  facet normal 0.44301 -0.896516 0
    outer loop
      vertex 241.33 75.6168 4
      vertex 241.125 75.5155 0
      vertex 241.33 75.6168 0
    endloop
  endfacet
  facet normal -0.194439 0.980915 0
    outer loop
      vertex 242.453 72.3096 0
      vertex 242.228 72.265 4
      vertex 242.453 72.3096 4
    endloop
  endfacet
  facet normal -0.194439 0.980915 0
    outer loop
      vertex 242.228 72.265 4
      vertex 242.453 72.3096 0
      vertex 242.228 72.265 0
    endloop
  endfacet
  facet normal -0.751683 0.659524 0
    outer loop
      vertex 243.237 72.7626 0
      vertex 243.388 72.9347 4
      vertex 243.388 72.9347 0
    endloop
  endfacet
  facet normal -0.751683 0.659524 0
    outer loop
      vertex 243.388 72.9347 4
      vertex 243.237 72.7626 0
      vertex 243.237 72.7626 4
    endloop
  endfacet
  facet normal 0.829762 0.558117 0
    outer loop
      vertex 240.612 72.9347 4
      vertex 240.484 73.125 0
      vertex 240.484 73.125 4
    endloop
  endfacet
  facet normal 0.829762 0.558117 0
    outer loop
      vertex 240.484 73.125 0
      vertex 240.612 72.9347 4
      vertex 240.612 72.9347 0
    endloop
  endfacet
  facet normal 0.44301 0.896516 -0
    outer loop
      vertex 241.33 72.3832 0
      vertex 241.125 72.4845 4
      vertex 241.33 72.3832 4
    endloop
  endfacet
  facet normal 0.44301 0.896516 0
    outer loop
      vertex 241.125 72.4845 4
      vertex 241.33 72.3832 0
      vertex 241.125 72.4845 0
    endloop
  endfacet
  facet normal -0.980497 0.196536 0
    outer loop
      vertex 243.69 73.5471 0
      vertex 243.735 73.7716 4
      vertex 243.735 73.7716 0
    endloop
  endfacet
  facet normal -0.980497 0.196536 0
    outer loop
      vertex 243.735 73.7716 4
      vertex 243.69 73.5471 0
      vertex 243.69 73.5471 4
    endloop
  endfacet
  facet normal 0.659741 0.751493 -0
    outer loop
      vertex 240.935 72.6116 0
      vertex 240.763 72.7626 4
      vertex 240.935 72.6116 4
    endloop
  endfacet
  facet normal 0.659741 0.751493 0
    outer loop
      vertex 240.763 72.7626 4
      vertex 240.935 72.6116 0
      vertex 240.763 72.7626 0
    endloop
  endfacet
  facet normal -0.897293 0.441435 0
    outer loop
      vertex 243.516 73.125 0
      vertex 243.617 73.3303 4
      vertex 243.617 73.3303 0
    endloop
  endfacet
  facet normal -0.897293 0.441435 0
    outer loop
      vertex 243.617 73.3303 4
      vertex 243.516 73.125 0
      vertex 243.516 73.125 4
    endloop
  endfacet
  facet normal -0.556012 0.831174 0
    outer loop
      vertex 243.065 72.6116 0
      vertex 242.875 72.4845 4
      vertex 243.065 72.6116 4
    endloop
  endfacet
  facet normal -0.556012 0.831174 0
    outer loop
      vertex 242.875 72.4845 4
      vertex 243.065 72.6116 0
      vertex 242.875 72.4845 0
    endloop
  endfacet
  facet normal -0.44301 -0.896516 0
    outer loop
      vertex 242.67 75.6168 0
      vertex 242.875 75.5155 4
      vertex 242.67 75.6168 4
    endloop
  endfacet
  facet normal -0.44301 -0.896516 -0
    outer loop
      vertex 242.875 75.5155 4
      vertex 242.67 75.6168 0
      vertex 242.875 75.5155 0
    endloop
  endfacet
  facet normal 0.751683 0.659524 0
    outer loop
      vertex 240.763 72.7626 4
      vertex 240.612 72.9347 0
      vertex 240.612 72.9347 4
    endloop
  endfacet
  facet normal 0.751683 0.659524 0
    outer loop
      vertex 240.612 72.9347 0
      vertex 240.763 72.7626 4
      vertex 240.763 72.7626 0
    endloop
  endfacet
  facet normal -0.99785 0.0655331 0
    outer loop
      vertex 243.735 73.7716 0
      vertex 243.75 74 4
      vertex 243.75 74 0
    endloop
  endfacet
  facet normal -0.99785 0.0655331 0
    outer loop
      vertex 243.75 74 4
      vertex 243.735 73.7716 0
      vertex 243.735 73.7716 4
    endloop
  endfacet
  facet normal -0.0656476 0.997843 0
    outer loop
      vertex 242.228 72.265 0
      vertex 242 72.25 4
      vertex 242.228 72.265 4
    endloop
  endfacet
  facet normal -0.0656476 0.997843 0
    outer loop
      vertex 242 72.25 4
      vertex 242.228 72.265 0
      vertex 242 72.25 0
    endloop
  endfacet
  facet normal 0.0656476 0.997843 -0
    outer loop
      vertex 242 72.25 0
      vertex 241.772 72.265 4
      vertex 242 72.25 4
    endloop
  endfacet
  facet normal 0.0656476 0.997843 0
    outer loop
      vertex 241.772 72.265 4
      vertex 242 72.25 0
      vertex 241.772 72.265 0
    endloop
  endfacet
  facet normal 0.321199 0.947012 -0
    outer loop
      vertex 241.547 72.3096 0
      vertex 241.33 72.3832 4
      vertex 241.547 72.3096 4
    endloop
  endfacet
  facet normal 0.321199 0.947012 0
    outer loop
      vertex 241.33 72.3832 4
      vertex 241.547 72.3096 0
      vertex 241.33 72.3832 0
    endloop
  endfacet
  facet normal -0.194439 -0.980915 0
    outer loop
      vertex 242.228 75.735 0
      vertex 242.453 75.6904 4
      vertex 242.228 75.735 4
    endloop
  endfacet
  facet normal -0.194439 -0.980915 -0
    outer loop
      vertex 242.453 75.6904 4
      vertex 242.228 75.735 0
      vertex 242.453 75.6904 0
    endloop
  endfacet
  facet normal 0.556012 0.831174 -0
    outer loop
      vertex 241.125 72.4845 0
      vertex 240.935 72.6116 4
      vertex 241.125 72.4845 4
    endloop
  endfacet
  facet normal 0.556012 0.831174 0
    outer loop
      vertex 240.935 72.6116 4
      vertex 241.125 72.4845 0
      vertex 240.935 72.6116 0
    endloop
  endfacet
  facet normal 1 -0 0
    outer loop
      vertex 185 12 4
      vertex 185 68 0
      vertex 185 68 4
    endloop
  endfacet
  facet normal 1 0 0
    outer loop
      vertex 185 68 0
      vertex 185 12 4
      vertex 185 12 0
    endloop
  endfacet
  facet normal -1 0 0
    outer loop
      vertex 59 12 0
      vertex 59 68 4
      vertex 59 68 0
    endloop
  endfacet
  facet normal -1 -0 0
    outer loop
      vertex 59 68 4
      vertex 59 12 0
      vertex 59 12 4
    endloop
  endfacet
  facet normal 0.980776 -0.195136 0
    outer loop
      vertex 64.018 22.2741 4
      vertex 64.0716 22.5435 0
      vertex 64.0716 22.5435 4
    endloop
  endfacet
  facet normal 0.980776 -0.195136 0
    outer loop
      vertex 64.0716 22.5435 0
      vertex 64.018 22.2741 4
      vertex 64.018 22.2741 0
    endloop
  endfacet
  facet normal -0.897033 -0.441964 0
    outer loop
      vertex 83.8401 22.8036 0
      vertex 83.7187 23.05 4
      vertex 83.7187 23.05 0
    endloop
  endfacet
  facet normal -0.897033 -0.441964 0
    outer loop
      vertex 83.7187 23.05 4
      vertex 83.8401 22.8036 0
      vertex 83.8401 22.8036 4
    endloop
  endfacet
  facet normal 0.946921 -0.321465 0
    outer loop
      vertex 64.0716 22.5435 4
      vertex 64.1599 22.8036 0
      vertex 64.1599 22.8036 4
    endloop
  endfacet
  facet normal 0.946921 -0.321465 0
    outer loop
      vertex 64.1599 22.8036 0
      vertex 64.0716 22.5435 4
      vertex 64.0716 22.5435 0
    endloop
  endfacet
  facet normal 0.946921 0.321465 0
    outer loop
      vertex 64.1599 21.1964 4
      vertex 64.0716 21.4565 0
      vertex 64.0716 21.4565 4
    endloop
  endfacet
  facet normal 0.946921 0.321465 0
    outer loop
      vertex 64.0716 21.4565 0
      vertex 64.1599 21.1964 4
      vertex 64.1599 21.1964 0
    endloop
  endfacet
  facet normal 0 -1 0
    outer loop
      vertex 66.1 24.1 0
      vertex 81.9 24.1 4
      vertex 66.1 24.1 4
    endloop
  endfacet
  facet normal 0 -1 -0
    outer loop
      vertex 81.9 24.1 4
      vertex 66.1 24.1 0
      vertex 81.9 24.1 0
    endloop
  endfacet
  facet normal -0.946921 -0.321465 0
    outer loop
      vertex 83.9284 22.5435 0
      vertex 83.8401 22.8036 4
      vertex 83.8401 22.8036 0
    endloop
  endfacet
  facet normal -0.946921 -0.321465 0
    outer loop
      vertex 83.8401 22.8036 4
      vertex 83.9284 22.5435 0
      vertex 83.9284 22.5435 4
    endloop
  endfacet
  facet normal -0.997851 0.0655283 0
    outer loop
      vertex 83.982 21.7259 0
      vertex 84 22 4
      vertex 84 22 0
    endloop
  endfacet
  facet normal -0.997851 0.0655283 0
    outer loop
      vertex 84 22 4
      vertex 83.982 21.7259 0
      vertex 83.982 21.7259 4
    endloop
  endfacet
  facet normal -0.751832 0.659355 0
    outer loop
      vertex 83.3849 20.5151 0
      vertex 83.566 20.7216 4
      vertex 83.566 20.7216 0
    endloop
  endfacet
  facet normal -0.751832 0.659355 0
    outer loop
      vertex 83.566 20.7216 4
      vertex 83.3849 20.5151 0
      vertex 83.3849 20.5151 4
    endloop
  endfacet
  facet normal 0.555792 -0.831322 0
    outer loop
      vertex 64.8216 23.666 0
      vertex 65.05 23.8187 4
      vertex 64.8216 23.666 4
    endloop
  endfacet
  facet normal 0.555792 -0.831322 0
    outer loop
      vertex 65.05 23.8187 4
      vertex 64.8216 23.666 0
      vertex 65.05 23.8187 0
    endloop
  endfacet
  facet normal -0.831322 -0.555792 0
    outer loop
      vertex 83.7187 23.05 0
      vertex 83.566 23.2784 4
      vertex 83.566 23.2784 0
    endloop
  endfacet
  facet normal -0.831322 -0.555792 0
    outer loop
      vertex 83.566 23.2784 4
      vertex 83.7187 23.05 0
      vertex 83.7187 23.05 4
    endloop
  endfacet
  facet normal 0.195136 -0.980776 0
    outer loop
      vertex 65.5565 24.0284 0
      vertex 65.8259 24.082 4
      vertex 65.5565 24.0284 4
    endloop
  endfacet
  facet normal 0.195136 -0.980776 0
    outer loop
      vertex 65.8259 24.082 4
      vertex 65.5565 24.0284 0
      vertex 65.8259 24.082 0
    endloop
  endfacet
  facet normal 0.997851 0.0655283 0
    outer loop
      vertex 64.018 21.7259 4
      vertex 64 22 0
      vertex 64 22 4
    endloop
  endfacet
  facet normal 0.997851 0.0655283 0
    outer loop
      vertex 64 22 0
      vertex 64.018 21.7259 4
      vertex 64.018 21.7259 0
    endloop
  endfacet
  facet normal -0.555792 -0.831322 0
    outer loop
      vertex 82.95 23.8187 0
      vertex 83.1784 23.666 4
      vertex 82.95 23.8187 4
    endloop
  endfacet
  facet normal -0.555792 -0.831322 -0
    outer loop
      vertex 83.1784 23.666 4
      vertex 82.95 23.8187 0
      vertex 83.1784 23.666 0
    endloop
  endfacet
  facet normal -0.980776 -0.195136 0
    outer loop
      vertex 83.982 22.2741 0
      vertex 83.9284 22.5435 4
      vertex 83.9284 22.5435 0
    endloop
  endfacet
  facet normal -0.980776 -0.195136 0
    outer loop
      vertex 83.9284 22.5435 4
      vertex 83.982 22.2741 0
      vertex 83.982 22.2741 4
    endloop
  endfacet
  facet normal 0.751832 -0.659355 0
    outer loop
      vertex 64.434 23.2784 4
      vertex 64.6151 23.4849 0
      vertex 64.6151 23.4849 4
    endloop
  endfacet
  facet normal 0.751832 -0.659355 0
    outer loop
      vertex 64.6151 23.4849 0
      vertex 64.434 23.2784 4
      vertex 64.434 23.2784 0
    endloop
  endfacet
  facet normal -0.831322 0.555792 0
    outer loop
      vertex 83.566 20.7216 0
      vertex 83.7187 20.95 4
      vertex 83.7187 20.95 0
    endloop
  endfacet
  facet normal -0.831322 0.555792 0
    outer loop
      vertex 83.7187 20.95 4
      vertex 83.566 20.7216 0
      vertex 83.566 20.7216 4
    endloop
  endfacet
  facet normal 0.897033 0.441964 0
    outer loop
      vertex 64.2813 20.95 4
      vertex 64.1599 21.1964 0
      vertex 64.1599 21.1964 4
    endloop
  endfacet
  facet normal 0.897033 0.441964 0
    outer loop
      vertex 64.1599 21.1964 0
      vertex 64.2813 20.95 4
      vertex 64.2813 20.95 0
    endloop
  endfacet
  facet normal -0.0655283 0.997851 0
    outer loop
      vertex 82.1741 19.918 0
      vertex 81.9 19.9 4
      vertex 82.1741 19.918 4
    endloop
  endfacet
  facet normal -0.0655283 0.997851 0
    outer loop
      vertex 81.9 19.9 4
      vertex 82.1741 19.918 0
      vertex 81.9 19.9 0
    endloop
  endfacet
  facet normal -0.751832 -0.659355 0
    outer loop
      vertex 83.566 23.2784 0
      vertex 83.3849 23.4849 4
      vertex 83.3849 23.4849 0
    endloop
  endfacet
  facet normal -0.751832 -0.659355 0
    outer loop
      vertex 83.3849 23.4849 4
      vertex 83.566 23.2784 0
      vertex 83.566 23.2784 4
    endloop
  endfacet
  facet normal 0 1 -0
    outer loop
      vertex 81.9 19.9 0
      vertex 66.1 19.9 4
      vertex 81.9 19.9 4
    endloop
  endfacet
  facet normal 0 1 0
    outer loop
      vertex 66.1 19.9 4
      vertex 81.9 19.9 0
      vertex 66.1 19.9 0
    endloop
  endfacet
  facet normal 0.195136 0.980776 -0
    outer loop
      vertex 65.8259 19.918 0
      vertex 65.5565 19.9716 4
      vertex 65.8259 19.918 4
    endloop
  endfacet
  facet normal 0.195136 0.980776 0
    outer loop
      vertex 65.5565 19.9716 4
      vertex 65.8259 19.918 0
      vertex 65.5565 19.9716 0
    endloop
  endfacet
  facet normal -0.195136 -0.980776 0
    outer loop
      vertex 82.1741 24.082 0
      vertex 82.4435 24.0284 4
      vertex 82.1741 24.082 4
    endloop
  endfacet
  facet normal -0.195136 -0.980776 -0
    outer loop
      vertex 82.4435 24.0284 4
      vertex 82.1741 24.082 0
      vertex 82.4435 24.0284 0
    endloop
  endfacet
  facet normal 0.441964 -0.897033 0
    outer loop
      vertex 65.05 23.8187 0
      vertex 65.2964 23.9401 4
      vertex 65.05 23.8187 4
    endloop
  endfacet
  facet normal 0.441964 -0.897033 0
    outer loop
      vertex 65.2964 23.9401 4
      vertex 65.05 23.8187 0
      vertex 65.2964 23.9401 0
    endloop
  endfacet
  facet normal 0.321465 -0.946921 0
    outer loop
      vertex 65.2964 23.9401 0
      vertex 65.5565 24.0284 4
      vertex 65.2964 23.9401 4
    endloop
  endfacet
  facet normal 0.321465 -0.946921 0
    outer loop
      vertex 65.5565 24.0284 4
      vertex 65.2964 23.9401 0
      vertex 65.5565 24.0284 0
    endloop
  endfacet
  facet normal -0.659355 -0.751832 0
    outer loop
      vertex 83.1784 23.666 0
      vertex 83.3849 23.4849 4
      vertex 83.1784 23.666 4
    endloop
  endfacet
  facet normal -0.659355 -0.751832 -0
    outer loop
      vertex 83.3849 23.4849 4
      vertex 83.1784 23.666 0
      vertex 83.3849 23.4849 0
    endloop
  endfacet
  facet normal -0.946921 0.321465 0
    outer loop
      vertex 83.8401 21.1964 0
      vertex 83.9284 21.4565 4
      vertex 83.9284 21.4565 0
    endloop
  endfacet
  facet normal -0.946921 0.321465 0
    outer loop
      vertex 83.9284 21.4565 4
      vertex 83.8401 21.1964 0
      vertex 83.8401 21.1964 4
    endloop
  endfacet
  facet normal 0.0655283 -0.997851 0
    outer loop
      vertex 65.8259 24.082 0
      vertex 66.1 24.1 4
      vertex 65.8259 24.082 4
    endloop
  endfacet
  facet normal 0.0655283 -0.997851 0
    outer loop
      vertex 66.1 24.1 4
      vertex 65.8259 24.082 0
      vertex 66.1 24.1 0
    endloop
  endfacet
  facet normal 0.831322 0.555792 0
    outer loop
      vertex 64.434 20.7216 4
      vertex 64.2813 20.95 0
      vertex 64.2813 20.95 4
    endloop
  endfacet
  facet normal 0.831322 0.555792 0
    outer loop
      vertex 64.2813 20.95 0
      vertex 64.434 20.7216 4
      vertex 64.434 20.7216 0
    endloop
  endfacet
  facet normal 0.831322 -0.555792 0
    outer loop
      vertex 64.2813 23.05 4
      vertex 64.434 23.2784 0
      vertex 64.434 23.2784 4
    endloop
  endfacet
  facet normal 0.831322 -0.555792 0
    outer loop
      vertex 64.434 23.2784 0
      vertex 64.2813 23.05 4
      vertex 64.2813 23.05 0
    endloop
  endfacet
  facet normal -0.0655283 -0.997851 0
    outer loop
      vertex 81.9 24.1 0
      vertex 82.1741 24.082 4
      vertex 81.9 24.1 4
    endloop
  endfacet
  facet normal -0.0655283 -0.997851 -0
    outer loop
      vertex 82.1741 24.082 4
      vertex 81.9 24.1 0
      vertex 82.1741 24.082 0
    endloop
  endfacet
  facet normal 0.659355 -0.751832 0
    outer loop
      vertex 64.6151 23.4849 0
      vertex 64.8216 23.666 4
      vertex 64.6151 23.4849 4
    endloop
  endfacet
  facet normal 0.659355 -0.751832 0
    outer loop
      vertex 64.8216 23.666 4
      vertex 64.6151 23.4849 0
      vertex 64.8216 23.666 0
    endloop
  endfacet
  facet normal -0.997851 -0.0655283 0
    outer loop
      vertex 84 22 0
      vertex 83.982 22.2741 4
      vertex 83.982 22.2741 0
    endloop
  endfacet
  facet normal -0.997851 -0.0655283 0
    outer loop
      vertex 83.982 22.2741 4
      vertex 84 22 0
      vertex 84 22 4
    endloop
  endfacet
  facet normal 0.897033 -0.441964 0
    outer loop
      vertex 64.1599 22.8036 4
      vertex 64.2813 23.05 0
      vertex 64.2813 23.05 4
    endloop
  endfacet
  facet normal 0.897033 -0.441964 0
    outer loop
      vertex 64.2813 23.05 0
      vertex 64.1599 22.8036 4
      vertex 64.1599 22.8036 0
    endloop
  endfacet
  facet normal -0.321465 -0.946921 0
    outer loop
      vertex 82.4435 24.0284 0
      vertex 82.7036 23.9401 4
      vertex 82.4435 24.0284 4
    endloop
  endfacet
  facet normal -0.321465 -0.946921 -0
    outer loop
      vertex 82.7036 23.9401 4
      vertex 82.4435 24.0284 0
      vertex 82.7036 23.9401 0
    endloop
  endfacet
  facet normal 0.997851 -0.0655283 0
    outer loop
      vertex 64 22 4
      vertex 64.018 22.2741 0
      vertex 64.018 22.2741 4
    endloop
  endfacet
  facet normal 0.997851 -0.0655283 0
    outer loop
      vertex 64.018 22.2741 0
      vertex 64 22 4
      vertex 64 22 0
    endloop
  endfacet
  facet normal -0.321465 0.946921 0
    outer loop
      vertex 82.7036 20.0599 0
      vertex 82.4435 19.9716 4
      vertex 82.7036 20.0599 4
    endloop
  endfacet
  facet normal -0.321465 0.946921 0
    outer loop
      vertex 82.4435 19.9716 4
      vertex 82.7036 20.0599 0
      vertex 82.4435 19.9716 0
    endloop
  endfacet
  facet normal 0.321465 0.946921 -0
    outer loop
      vertex 65.5565 19.9716 0
      vertex 65.2964 20.0599 4
      vertex 65.5565 19.9716 4
    endloop
  endfacet
  facet normal 0.321465 0.946921 0
    outer loop
      vertex 65.2964 20.0599 4
      vertex 65.5565 19.9716 0
      vertex 65.2964 20.0599 0
    endloop
  endfacet
  facet normal -0.195136 0.980776 0
    outer loop
      vertex 82.4435 19.9716 0
      vertex 82.1741 19.918 4
      vertex 82.4435 19.9716 4
    endloop
  endfacet
  facet normal -0.195136 0.980776 0
    outer loop
      vertex 82.1741 19.918 4
      vertex 82.4435 19.9716 0
      vertex 82.1741 19.918 0
    endloop
  endfacet
  facet normal -0.659355 0.751832 0
    outer loop
      vertex 83.3849 20.5151 0
      vertex 83.1784 20.334 4
      vertex 83.3849 20.5151 4
    endloop
  endfacet
  facet normal -0.659355 0.751832 0
    outer loop
      vertex 83.1784 20.334 4
      vertex 83.3849 20.5151 0
      vertex 83.1784 20.334 0
    endloop
  endfacet
  facet normal -0.441964 -0.897033 0
    outer loop
      vertex 82.7036 23.9401 0
      vertex 82.95 23.8187 4
      vertex 82.7036 23.9401 4
    endloop
  endfacet
  facet normal -0.441964 -0.897033 -0
    outer loop
      vertex 82.95 23.8187 4
      vertex 82.7036 23.9401 0
      vertex 82.95 23.8187 0
    endloop
  endfacet
  facet normal 0.751832 0.659355 0
    outer loop
      vertex 64.6151 20.5151 4
      vertex 64.434 20.7216 0
      vertex 64.434 20.7216 4
    endloop
  endfacet
  facet normal 0.751832 0.659355 0
    outer loop
      vertex 64.434 20.7216 0
      vertex 64.6151 20.5151 4
      vertex 64.6151 20.5151 0
    endloop
  endfacet
  facet normal 0.980776 0.195136 0
    outer loop
      vertex 64.0716 21.4565 4
      vertex 64.018 21.7259 0
      vertex 64.018 21.7259 4
    endloop
  endfacet
  facet normal 0.980776 0.195136 0
    outer loop
      vertex 64.018 21.7259 0
      vertex 64.0716 21.4565 4
      vertex 64.0716 21.4565 0
    endloop
  endfacet
  facet normal -0.980776 0.195136 0
    outer loop
      vertex 83.9284 21.4565 0
      vertex 83.982 21.7259 4
      vertex 83.982 21.7259 0
    endloop
  endfacet
  facet normal -0.980776 0.195136 0
    outer loop
      vertex 83.982 21.7259 4
      vertex 83.9284 21.4565 0
      vertex 83.9284 21.4565 4
    endloop
  endfacet
  facet normal 0.441964 0.897033 -0
    outer loop
      vertex 65.2964 20.0599 0
      vertex 65.05 20.1813 4
      vertex 65.2964 20.0599 4
    endloop
  endfacet
  facet normal 0.441964 0.897033 0
    outer loop
      vertex 65.05 20.1813 4
      vertex 65.2964 20.0599 0
      vertex 65.05 20.1813 0
    endloop
  endfacet
  facet normal 0.659355 0.751832 -0
    outer loop
      vertex 64.8216 20.334 0
      vertex 64.6151 20.5151 4
      vertex 64.8216 20.334 4
    endloop
  endfacet
  facet normal 0.659355 0.751832 0
    outer loop
      vertex 64.6151 20.5151 4
      vertex 64.8216 20.334 0
      vertex 64.6151 20.5151 0
    endloop
  endfacet
  facet normal 0.555792 0.831322 -0
    outer loop
      vertex 65.05 20.1813 0
      vertex 64.8216 20.334 4
      vertex 65.05 20.1813 4
    endloop
  endfacet
  facet normal 0.555792 0.831322 0
    outer loop
      vertex 64.8216 20.334 4
      vertex 65.05 20.1813 0
      vertex 64.8216 20.334 0
    endloop
  endfacet
  facet normal -0.897033 0.441964 0
    outer loop
      vertex 83.7187 20.95 0
      vertex 83.8401 21.1964 4
      vertex 83.8401 21.1964 0
    endloop
  endfacet
  facet normal -0.897033 0.441964 0
    outer loop
      vertex 83.8401 21.1964 4
      vertex 83.7187 20.95 0
      vertex 83.7187 20.95 4
    endloop
  endfacet
  facet normal -0.441964 0.897033 0
    outer loop
      vertex 82.95 20.1813 0
      vertex 82.7036 20.0599 4
      vertex 82.95 20.1813 4
    endloop
  endfacet
  facet normal -0.441964 0.897033 0
    outer loop
      vertex 82.7036 20.0599 4
      vertex 82.95 20.1813 0
      vertex 82.7036 20.0599 0
    endloop
  endfacet
  facet normal 0.0655283 0.997851 -0
    outer loop
      vertex 66.1 19.9 0
      vertex 65.8259 19.918 4
      vertex 66.1 19.9 4
    endloop
  endfacet
  facet normal 0.0655283 0.997851 0
    outer loop
      vertex 65.8259 19.918 4
      vertex 66.1 19.9 0
      vertex 65.8259 19.918 0
    endloop
  endfacet
  facet normal -0.555792 0.831322 0
    outer loop
      vertex 83.1784 20.334 0
      vertex 82.95 20.1813 4
      vertex 83.1784 20.334 4
    endloop
  endfacet
  facet normal -0.555792 0.831322 0
    outer loop
      vertex 82.95 20.1813 4
      vertex 83.1784 20.334 0
      vertex 82.95 20.1813 0
    endloop
  endfacet
  facet normal 0.980776 -0.195136 0
    outer loop
      vertex 64.018 58.2741 4
      vertex 64.0716 58.5435 0
      vertex 64.0716 58.5435 4
    endloop
  endfacet
  facet normal 0.980776 -0.195136 0
    outer loop
      vertex 64.0716 58.5435 0
      vertex 64.018 58.2741 4
      vertex 64.018 58.2741 0
    endloop
  endfacet
  facet normal -0.897033 -0.441964 0
    outer loop
      vertex 83.8401 58.8036 0
      vertex 83.7187 59.05 4
      vertex 83.7187 59.05 0
    endloop
  endfacet
  facet normal -0.897033 -0.441964 0
    outer loop
      vertex 83.7187 59.05 4
      vertex 83.8401 58.8036 0
      vertex 83.8401 58.8036 4
    endloop
  endfacet
  facet normal 0.946921 -0.321465 0
    outer loop
      vertex 64.0716 58.5435 4
      vertex 64.1599 58.8036 0
      vertex 64.1599 58.8036 4
    endloop
  endfacet
  facet normal 0.946921 -0.321465 0
    outer loop
      vertex 64.1599 58.8036 0
      vertex 64.0716 58.5435 4
      vertex 64.0716 58.5435 0
    endloop
  endfacet
  facet normal 0.946921 0.321465 0
    outer loop
      vertex 64.1599 57.1964 4
      vertex 64.0716 57.4565 0
      vertex 64.0716 57.4565 4
    endloop
  endfacet
  facet normal 0.946921 0.321465 0
    outer loop
      vertex 64.0716 57.4565 0
      vertex 64.1599 57.1964 4
      vertex 64.1599 57.1964 0
    endloop
  endfacet
  facet normal 0 -1 0
    outer loop
      vertex 66.1 60.1 0
      vertex 81.9 60.1 4
      vertex 66.1 60.1 4
    endloop
  endfacet
  facet normal 0 -1 -0
    outer loop
      vertex 81.9 60.1 4
      vertex 66.1 60.1 0
      vertex 81.9 60.1 0
    endloop
  endfacet
  facet normal -0.946921 -0.321465 0
    outer loop
      vertex 83.9284 58.5435 0
      vertex 83.8401 58.8036 4
      vertex 83.8401 58.8036 0
    endloop
  endfacet
  facet normal -0.946921 -0.321465 0
    outer loop
      vertex 83.8401 58.8036 4
      vertex 83.9284 58.5435 0
      vertex 83.9284 58.5435 4
    endloop
  endfacet
  facet normal -0.751832 0.659355 0
    outer loop
      vertex 83.3849 56.5151 0
      vertex 83.566 56.7216 4
      vertex 83.566 56.7216 0
    endloop
  endfacet
  facet normal -0.751832 0.659355 0
    outer loop
      vertex 83.566 56.7216 4
      vertex 83.3849 56.5151 0
      vertex 83.3849 56.5151 4
    endloop
  endfacet
  facet normal 0.555792 -0.831322 0
    outer loop
      vertex 64.8216 59.666 0
      vertex 65.05 59.8187 4
      vertex 64.8216 59.666 4
    endloop
  endfacet
  facet normal 0.555792 -0.831322 0
    outer loop
      vertex 65.05 59.8187 4
      vertex 64.8216 59.666 0
      vertex 65.05 59.8187 0
    endloop
  endfacet
  facet normal -0.831322 -0.555792 0
    outer loop
      vertex 83.7187 59.05 0
      vertex 83.566 59.2784 4
      vertex 83.566 59.2784 0
    endloop
  endfacet
  facet normal -0.831322 -0.555792 0
    outer loop
      vertex 83.566 59.2784 4
      vertex 83.7187 59.05 0
      vertex 83.7187 59.05 4
    endloop
  endfacet
  facet normal 0.195136 -0.980776 0
    outer loop
      vertex 65.5565 60.0284 0
      vertex 65.8259 60.082 4
      vertex 65.5565 60.0284 4
    endloop
  endfacet
  facet normal 0.195136 -0.980776 0
    outer loop
      vertex 65.8259 60.082 4
      vertex 65.5565 60.0284 0
      vertex 65.8259 60.082 0
    endloop
  endfacet
  facet normal 0.997851 0.0655283 0
    outer loop
      vertex 64.018 57.7259 4
      vertex 64 58 0
      vertex 64 58 4
    endloop
  endfacet
  facet normal 0.997851 0.0655283 0
    outer loop
      vertex 64 58 0
      vertex 64.018 57.7259 4
      vertex 64.018 57.7259 0
    endloop
  endfacet
  facet normal -0.555792 -0.831322 0
    outer loop
      vertex 82.95 59.8187 0
      vertex 83.1784 59.666 4
      vertex 82.95 59.8187 4
    endloop
  endfacet
  facet normal -0.555792 -0.831322 -0
    outer loop
      vertex 83.1784 59.666 4
      vertex 82.95 59.8187 0
      vertex 83.1784 59.666 0
    endloop
  endfacet
  facet normal -0.980776 -0.195136 0
    outer loop
      vertex 83.982 58.2741 0
      vertex 83.9284 58.5435 4
      vertex 83.9284 58.5435 0
    endloop
  endfacet
  facet normal -0.980776 -0.195136 0
    outer loop
      vertex 83.9284 58.5435 4
      vertex 83.982 58.2741 0
      vertex 83.982 58.2741 4
    endloop
  endfacet
  facet normal 0.751832 -0.659355 0
    outer loop
      vertex 64.434 59.2784 4
      vertex 64.6151 59.4849 0
      vertex 64.6151 59.4849 4
    endloop
  endfacet
  facet normal 0.751832 -0.659355 0
    outer loop
      vertex 64.6151 59.4849 0
      vertex 64.434 59.2784 4
      vertex 64.434 59.2784 0
    endloop
  endfacet
  facet normal -0.831322 0.555792 0
    outer loop
      vertex 83.566 56.7216 0
      vertex 83.7187 56.95 4
      vertex 83.7187 56.95 0
    endloop
  endfacet
  facet normal -0.831322 0.555792 0
    outer loop
      vertex 83.7187 56.95 4
      vertex 83.566 56.7216 0
      vertex 83.566 56.7216 4
    endloop
  endfacet
  facet normal 0.897033 0.441964 0
    outer loop
      vertex 64.2813 56.95 4
      vertex 64.1599 57.1964 0
      vertex 64.1599 57.1964 4
    endloop
  endfacet
  facet normal 0.897033 0.441964 0
    outer loop
      vertex 64.1599 57.1964 0
      vertex 64.2813 56.95 4
      vertex 64.2813 56.95 0
    endloop
  endfacet
  facet normal -0.0655283 0.997851 0
    outer loop
      vertex 82.1741 55.918 0
      vertex 81.9 55.9 4
      vertex 82.1741 55.918 4
    endloop
  endfacet
  facet normal -0.0655283 0.997851 0
    outer loop
      vertex 81.9 55.9 4
      vertex 82.1741 55.918 0
      vertex 81.9 55.9 0
    endloop
  endfacet
  facet normal -0.751832 -0.659355 0
    outer loop
      vertex 83.566 59.2784 0
      vertex 83.3849 59.4849 4
      vertex 83.3849 59.4849 0
    endloop
  endfacet
  facet normal -0.751832 -0.659355 0
    outer loop
      vertex 83.3849 59.4849 4
      vertex 83.566 59.2784 0
      vertex 83.566 59.2784 4
    endloop
  endfacet
  facet normal 0 1 -0
    outer loop
      vertex 81.9 55.9 0
      vertex 66.1 55.9 4
      vertex 81.9 55.9 4
    endloop
  endfacet
  facet normal 0 1 0
    outer loop
      vertex 66.1 55.9 4
      vertex 81.9 55.9 0
      vertex 66.1 55.9 0
    endloop
  endfacet
  facet normal 0.195136 0.980776 -0
    outer loop
      vertex 65.8259 55.918 0
      vertex 65.5565 55.9716 4
      vertex 65.8259 55.918 4
    endloop
  endfacet
  facet normal 0.195136 0.980776 0
    outer loop
      vertex 65.5565 55.9716 4
      vertex 65.8259 55.918 0
      vertex 65.5565 55.9716 0
    endloop
  endfacet
  facet normal -0.195136 -0.980776 0
    outer loop
      vertex 82.1741 60.082 0
      vertex 82.4435 60.0284 4
      vertex 82.1741 60.082 4
    endloop
  endfacet
  facet normal -0.195136 -0.980776 -0
    outer loop
      vertex 82.4435 60.0284 4
      vertex 82.1741 60.082 0
      vertex 82.4435 60.0284 0
    endloop
  endfacet
  facet normal 0.441964 -0.897033 0
    outer loop
      vertex 65.05 59.8187 0
      vertex 65.2964 59.9401 4
      vertex 65.05 59.8187 4
    endloop
  endfacet
  facet normal 0.441964 -0.897033 0
    outer loop
      vertex 65.2964 59.9401 4
      vertex 65.05 59.8187 0
      vertex 65.2964 59.9401 0
    endloop
  endfacet
  facet normal 0.321465 -0.946921 0
    outer loop
      vertex 65.2964 59.9401 0
      vertex 65.5565 60.0284 4
      vertex 65.2964 59.9401 4
    endloop
  endfacet
  facet normal 0.321465 -0.946921 0
    outer loop
      vertex 65.5565 60.0284 4
      vertex 65.2964 59.9401 0
      vertex 65.5565 60.0284 0
    endloop
  endfacet
  facet normal -0.659355 -0.751832 0
    outer loop
      vertex 83.1784 59.666 0
      vertex 83.3849 59.4849 4
      vertex 83.1784 59.666 4
    endloop
  endfacet
  facet normal -0.659355 -0.751832 -0
    outer loop
      vertex 83.3849 59.4849 4
      vertex 83.1784 59.666 0
      vertex 83.3849 59.4849 0
    endloop
  endfacet
  facet normal -0.946921 0.321465 0
    outer loop
      vertex 83.8401 57.1964 0
      vertex 83.9284 57.4565 4
      vertex 83.9284 57.4565 0
    endloop
  endfacet
  facet normal -0.946921 0.321465 0
    outer loop
      vertex 83.9284 57.4565 4
      vertex 83.8401 57.1964 0
      vertex 83.8401 57.1964 4
    endloop
  endfacet
  facet normal 0.0655283 -0.997851 0
    outer loop
      vertex 65.8259 60.082 0
      vertex 66.1 60.1 4
      vertex 65.8259 60.082 4
    endloop
  endfacet
  facet normal 0.0655283 -0.997851 0
    outer loop
      vertex 66.1 60.1 4
      vertex 65.8259 60.082 0
      vertex 66.1 60.1 0
    endloop
  endfacet
  facet normal 0.831322 0.555792 0
    outer loop
      vertex 64.434 56.7216 4
      vertex 64.2813 56.95 0
      vertex 64.2813 56.95 4
    endloop
  endfacet
  facet normal 0.831322 0.555792 0
    outer loop
      vertex 64.2813 56.95 0
      vertex 64.434 56.7216 4
      vertex 64.434 56.7216 0
    endloop
  endfacet
  facet normal 0.831322 -0.555792 0
    outer loop
      vertex 64.2813 59.05 4
      vertex 64.434 59.2784 0
      vertex 64.434 59.2784 4
    endloop
  endfacet
  facet normal 0.831322 -0.555792 0
    outer loop
      vertex 64.434 59.2784 0
      vertex 64.2813 59.05 4
      vertex 64.2813 59.05 0
    endloop
  endfacet
  facet normal -0.0655283 -0.997851 0
    outer loop
      vertex 81.9 60.1 0
      vertex 82.1741 60.082 4
      vertex 81.9 60.1 4
    endloop
  endfacet
  facet normal -0.0655283 -0.997851 -0
    outer loop
      vertex 82.1741 60.082 4
      vertex 81.9 60.1 0
      vertex 82.1741 60.082 0
    endloop
  endfacet
  facet normal 0.659355 -0.751832 0
    outer loop
      vertex 64.6151 59.4849 0
      vertex 64.8216 59.666 4
      vertex 64.6151 59.4849 4
    endloop
  endfacet
  facet normal 0.659355 -0.751832 0
    outer loop
      vertex 64.8216 59.666 4
      vertex 64.6151 59.4849 0
      vertex 64.8216 59.666 0
    endloop
  endfacet
  facet normal -0.997851 -0.0655283 0
    outer loop
      vertex 84 58 0
      vertex 83.982 58.2741 4
      vertex 83.982 58.2741 0
    endloop
  endfacet
  facet normal -0.997851 -0.0655283 0
    outer loop
      vertex 83.982 58.2741 4
      vertex 84 58 0
      vertex 84 58 4
    endloop
  endfacet
  facet normal 0.897033 -0.441964 0
    outer loop
      vertex 64.1599 58.8036 4
      vertex 64.2813 59.05 0
      vertex 64.2813 59.05 4
    endloop
  endfacet
  facet normal 0.897033 -0.441964 0
    outer loop
      vertex 64.2813 59.05 0
      vertex 64.1599 58.8036 4
      vertex 64.1599 58.8036 0
    endloop
  endfacet
  facet normal -0.321465 -0.946921 0
    outer loop
      vertex 82.4435 60.0284 0
      vertex 82.7036 59.9401 4
      vertex 82.4435 60.0284 4
    endloop
  endfacet
  facet normal -0.321465 -0.946921 -0
    outer loop
      vertex 82.7036 59.9401 4
      vertex 82.4435 60.0284 0
      vertex 82.7036 59.9401 0
    endloop
  endfacet
  facet normal 0.997851 -0.0655283 0
    outer loop
      vertex 64 58 4
      vertex 64.018 58.2741 0
      vertex 64.018 58.2741 4
    endloop
  endfacet
  facet normal 0.997851 -0.0655283 0
    outer loop
      vertex 64.018 58.2741 0
      vertex 64 58 4
      vertex 64 58 0
    endloop
  endfacet
  facet normal -0.321465 0.946921 0
    outer loop
      vertex 82.7036 56.0599 0
      vertex 82.4435 55.9716 4
      vertex 82.7036 56.0599 4
    endloop
  endfacet
  facet normal -0.321465 0.946921 0
    outer loop
      vertex 82.4435 55.9716 4
      vertex 82.7036 56.0599 0
      vertex 82.4435 55.9716 0
    endloop
  endfacet
  facet normal 0.321465 0.946921 -0
    outer loop
      vertex 65.5565 55.9716 0
      vertex 65.2964 56.0599 4
      vertex 65.5565 55.9716 4
    endloop
  endfacet
  facet normal 0.321465 0.946921 0
    outer loop
      vertex 65.2964 56.0599 4
      vertex 65.5565 55.9716 0
      vertex 65.2964 56.0599 0
    endloop
  endfacet
  facet normal -0.195136 0.980776 0
    outer loop
      vertex 82.4435 55.9716 0
      vertex 82.1741 55.918 4
      vertex 82.4435 55.9716 4
    endloop
  endfacet
  facet normal -0.195136 0.980776 0
    outer loop
      vertex 82.1741 55.918 4
      vertex 82.4435 55.9716 0
      vertex 82.1741 55.918 0
    endloop
  endfacet
  facet normal -0.659355 0.751832 0
    outer loop
      vertex 83.3849 56.5151 0
      vertex 83.1784 56.334 4
      vertex 83.3849 56.5151 4
    endloop
  endfacet
  facet normal -0.659355 0.751832 0
    outer loop
      vertex 83.1784 56.334 4
      vertex 83.3849 56.5151 0
      vertex 83.1784 56.334 0
    endloop
  endfacet
  facet normal -0.441964 -0.897033 0
    outer loop
      vertex 82.7036 59.9401 0
      vertex 82.95 59.8187 4
      vertex 82.7036 59.9401 4
    endloop
  endfacet
  facet normal -0.441964 -0.897033 -0
    outer loop
      vertex 82.95 59.8187 4
      vertex 82.7036 59.9401 0
      vertex 82.95 59.8187 0
    endloop
  endfacet
  facet normal 0.751832 0.659355 0
    outer loop
      vertex 64.6151 56.5151 4
      vertex 64.434 56.7216 0
      vertex 64.434 56.7216 4
    endloop
  endfacet
  facet normal 0.751832 0.659355 0
    outer loop
      vertex 64.434 56.7216 0
      vertex 64.6151 56.5151 4
      vertex 64.6151 56.5151 0
    endloop
  endfacet
  facet normal 0.980776 0.195136 0
    outer loop
      vertex 64.0716 57.4565 4
      vertex 64.018 57.7259 0
      vertex 64.018 57.7259 4
    endloop
  endfacet
  facet normal 0.980776 0.195136 0
    outer loop
      vertex 64.018 57.7259 0
      vertex 64.0716 57.4565 4
      vertex 64.0716 57.4565 0
    endloop
  endfacet
  facet normal -0.980776 0.195136 0
    outer loop
      vertex 83.9284 57.4565 0
      vertex 83.982 57.7259 4
      vertex 83.982 57.7259 0
    endloop
  endfacet
  facet normal -0.980776 0.195136 0
    outer loop
      vertex 83.982 57.7259 4
      vertex 83.9284 57.4565 0
      vertex 83.9284 57.4565 4
    endloop
  endfacet
  facet normal -0.997851 0.0655283 0
    outer loop
      vertex 83.982 57.7259 0
      vertex 84 58 4
      vertex 84 58 0
    endloop
  endfacet
  facet normal -0.997851 0.0655283 0
    outer loop
      vertex 84 58 4
      vertex 83.982 57.7259 0
      vertex 83.982 57.7259 4
    endloop
  endfacet
  facet normal 0.441964 0.897033 -0
    outer loop
      vertex 65.2964 56.0599 0
      vertex 65.05 56.1813 4
      vertex 65.2964 56.0599 4
    endloop
  endfacet
  facet normal 0.441964 0.897033 0
    outer loop
      vertex 65.05 56.1813 4
      vertex 65.2964 56.0599 0
      vertex 65.05 56.1813 0
    endloop
  endfacet
  facet normal 0.659355 0.751832 -0
    outer loop
      vertex 64.8216 56.334 0
      vertex 64.6151 56.5151 4
      vertex 64.8216 56.334 4
    endloop
  endfacet
  facet normal 0.659355 0.751832 0
    outer loop
      vertex 64.6151 56.5151 4
      vertex 64.8216 56.334 0
      vertex 64.6151 56.5151 0
    endloop
  endfacet
  facet normal 0.555792 0.831322 -0
    outer loop
      vertex 65.05 56.1813 0
      vertex 64.8216 56.334 4
      vertex 65.05 56.1813 4
    endloop
  endfacet
  facet normal 0.555792 0.831322 0
    outer loop
      vertex 64.8216 56.334 4
      vertex 65.05 56.1813 0
      vertex 64.8216 56.334 0
    endloop
  endfacet
  facet normal -0.897033 0.441964 0
    outer loop
      vertex 83.7187 56.95 0
      vertex 83.8401 57.1964 4
      vertex 83.8401 57.1964 0
    endloop
  endfacet
  facet normal -0.897033 0.441964 0
    outer loop
      vertex 83.8401 57.1964 4
      vertex 83.7187 56.95 0
      vertex 83.7187 56.95 4
    endloop
  endfacet
  facet normal -0.441964 0.897033 0
    outer loop
      vertex 82.95 56.1813 0
      vertex 82.7036 56.0599 4
      vertex 82.95 56.1813 4
    endloop
  endfacet
  facet normal -0.441964 0.897033 0
    outer loop
      vertex 82.7036 56.0599 4
      vertex 82.95 56.1813 0
      vertex 82.7036 56.0599 0
    endloop
  endfacet
  facet normal 0.0655283 0.997851 -0
    outer loop
      vertex 66.1 55.9 0
      vertex 65.8259 55.918 4
      vertex 66.1 55.9 4
    endloop
  endfacet
  facet normal 0.0655283 0.997851 0
    outer loop
      vertex 65.8259 55.918 4
      vertex 66.1 55.9 0
      vertex 65.8259 55.918 0
    endloop
  endfacet
  facet normal -0.555792 0.831322 0
    outer loop
      vertex 83.1784 56.334 0
      vertex 82.95 56.1813 4
      vertex 83.1784 56.334 4
    endloop
  endfacet
  facet normal -0.555792 0.831322 0
    outer loop
      vertex 82.95 56.1813 4
      vertex 83.1784 56.334 0
      vertex 82.95 56.1813 0
    endloop
  endfacet
  facet normal 0.980497 -0.196536 0
    outer loop
      vertex 160.018 22.2741 4
      vertex 160.072 22.5435 0
      vertex 160.072 22.5435 4
    endloop
  endfacet
  facet normal 0.980497 -0.196536 0
    outer loop
      vertex 160.072 22.5435 0
      vertex 160.018 22.2741 4
      vertex 160.018 22.2741 0
    endloop
  endfacet
  facet normal -0.89761 -0.440791 0
    outer loop
      vertex 179.84 22.8036 0
      vertex 179.719 23.05 4
      vertex 179.719 23.05 0
    endloop
  endfacet
  facet normal -0.89761 -0.440791 0
    outer loop
      vertex 179.719 23.05 4
      vertex 179.84 22.8036 0
      vertex 179.84 22.8036 4
    endloop
  endfacet
  facet normal 0.947253 -0.320486 0
    outer loop
      vertex 160.072 22.5435 4
      vertex 160.16 22.8036 0
      vertex 160.16 22.8036 4
    endloop
  endfacet
  facet normal 0.947253 -0.320486 0
    outer loop
      vertex 160.16 22.8036 0
      vertex 160.072 22.5435 4
      vertex 160.072 22.5435 0
    endloop
  endfacet
  facet normal 0.947253 0.320486 0
    outer loop
      vertex 160.16 21.1964 4
      vertex 160.072 21.4565 0
      vertex 160.072 21.4565 4
    endloop
  endfacet
  facet normal 0.947253 0.320486 0
    outer loop
      vertex 160.072 21.4565 0
      vertex 160.16 21.1964 4
      vertex 160.16 21.1964 0
    endloop
  endfacet
  facet normal 0 -1 0
    outer loop
      vertex 162.1 24.1 0
      vertex 177.9 24.1 4
      vertex 162.1 24.1 4
    endloop
  endfacet
  facet normal 0 -1 -0
    outer loop
      vertex 177.9 24.1 4
      vertex 162.1 24.1 0
      vertex 177.9 24.1 0
    endloop
  endfacet
  facet normal -0.947253 -0.320486 0
    outer loop
      vertex 179.928 22.5435 0
      vertex 179.84 22.8036 4
      vertex 179.84 22.8036 0
    endloop
  endfacet
  facet normal -0.947253 -0.320486 0
    outer loop
      vertex 179.84 22.8036 4
      vertex 179.928 22.5435 0
      vertex 179.928 22.5435 4
    endloop
  endfacet
  facet normal -0.997851 0.0655283 0
    outer loop
      vertex 179.982 21.7259 0
      vertex 180 22 4
      vertex 180 22 0
    endloop
  endfacet
  facet normal -0.997851 0.0655283 0
    outer loop
      vertex 180 22 4
      vertex 179.982 21.7259 0
      vertex 179.982 21.7259 4
    endloop
  endfacet
  facet normal -0.752012 0.659149 0
    outer loop
      vertex 179.385 20.5151 0
      vertex 179.566 20.7216 4
      vertex 179.566 20.7216 0
    endloop
  endfacet
  facet normal -0.752012 0.659149 0
    outer loop
      vertex 179.566 20.7216 4
      vertex 179.385 20.5151 0
      vertex 179.385 20.5151 4
    endloop
  endfacet
  facet normal 0.556465 -0.830871 0
    outer loop
      vertex 160.822 23.666 0
      vertex 161.05 23.8187 4
      vertex 160.822 23.666 4
    endloop
  endfacet
  facet normal 0.556465 -0.830871 0
    outer loop
      vertex 161.05 23.8187 4
      vertex 160.822 23.666 0
      vertex 161.05 23.8187 0
    endloop
  endfacet
  facet normal -0.830817 -0.556546 0
    outer loop
      vertex 179.719 23.05 0
      vertex 179.566 23.2784 4
      vertex 179.566 23.2784 0
    endloop
  endfacet
  facet normal -0.830817 -0.556546 0
    outer loop
      vertex 179.566 23.2784 4
      vertex 179.719 23.05 0
      vertex 179.719 23.05 4
    endloop
  endfacet
  facet normal 0.194719 -0.980859 0
    outer loop
      vertex 161.556 24.0284 0
      vertex 161.826 24.082 4
      vertex 161.556 24.0284 4
    endloop
  endfacet
  facet normal 0.194719 -0.980859 0
    outer loop
      vertex 161.826 24.082 4
      vertex 161.556 24.0284 0
      vertex 161.826 24.082 0
    endloop
  endfacet
  facet normal 0.997851 0.0655283 0
    outer loop
      vertex 160.018 21.7259 4
      vertex 160 22 0
      vertex 160 22 4
    endloop
  endfacet
  facet normal 0.997851 0.0655283 0
    outer loop
      vertex 160 22 0
      vertex 160.018 21.7259 4
      vertex 160.018 21.7259 0
    endloop
  endfacet
  facet normal -0.556465 -0.830871 0
    outer loop
      vertex 178.95 23.8187 0
      vertex 179.178 23.666 4
      vertex 178.95 23.8187 4
    endloop
  endfacet
  facet normal -0.556465 -0.830871 -0
    outer loop
      vertex 179.178 23.666 4
      vertex 178.95 23.8187 0
      vertex 179.178 23.666 0
    endloop
  endfacet
  facet normal -0.980497 -0.196536 0
    outer loop
      vertex 179.982 22.2741 0
      vertex 179.928 22.5435 4
      vertex 179.928 22.5435 0
    endloop
  endfacet
  facet normal -0.980497 -0.196536 0
    outer loop
      vertex 179.928 22.5435 4
      vertex 179.982 22.2741 0
      vertex 179.982 22.2741 4
    endloop
  endfacet
  facet normal 0.752012 -0.659149 0
    outer loop
      vertex 160.434 23.2784 4
      vertex 160.615 23.4849 0
      vertex 160.615 23.4849 4
    endloop
  endfacet
  facet normal 0.752012 -0.659149 0
    outer loop
      vertex 160.615 23.4849 0
      vertex 160.434 23.2784 4
      vertex 160.434 23.2784 0
    endloop
  endfacet
  facet normal -0.830817 0.556546 0
    outer loop
      vertex 179.566 20.7216 0
      vertex 179.719 20.95 4
      vertex 179.719 20.95 0
    endloop
  endfacet
  facet normal -0.830817 0.556546 0
    outer loop
      vertex 179.719 20.95 4
      vertex 179.566 20.7216 0
      vertex 179.566 20.7216 4
    endloop
  endfacet
  facet normal 0.89761 0.440791 0
    outer loop
      vertex 160.281 20.95 4
      vertex 160.16 21.1964 0
      vertex 160.16 21.1964 4
    endloop
  endfacet
  facet normal 0.89761 0.440791 0
    outer loop
      vertex 160.16 21.1964 0
      vertex 160.281 20.95 4
      vertex 160.281 20.95 0
    endloop
  endfacet
  facet normal -0.0655521 0.997849 0
    outer loop
      vertex 178.174 19.918 0
      vertex 177.9 19.9 4
      vertex 178.174 19.918 4
    endloop
  endfacet
  facet normal -0.0655521 0.997849 0
    outer loop
      vertex 177.9 19.9 4
      vertex 178.174 19.918 0
      vertex 177.9 19.9 0
    endloop
  endfacet
  facet normal -0.752012 -0.659149 0
    outer loop
      vertex 179.566 23.2784 0
      vertex 179.385 23.4849 4
      vertex 179.385 23.4849 0
    endloop
  endfacet
  facet normal -0.752012 -0.659149 0
    outer loop
      vertex 179.385 23.4849 4
      vertex 179.566 23.2784 0
      vertex 179.566 23.2784 4
    endloop
  endfacet
  facet normal 0 1 -0
    outer loop
      vertex 177.9 19.9 0
      vertex 162.1 19.9 4
      vertex 177.9 19.9 4
    endloop
  endfacet
  facet normal 0 1 0
    outer loop
      vertex 162.1 19.9 4
      vertex 177.9 19.9 0
      vertex 162.1 19.9 0
    endloop
  endfacet
  facet normal 0.194719 0.980859 -0
    outer loop
      vertex 161.826 19.918 0
      vertex 161.556 19.9716 4
      vertex 161.826 19.918 4
    endloop
  endfacet
  facet normal 0.194719 0.980859 0
    outer loop
      vertex 161.556 19.9716 4
      vertex 161.826 19.918 0
      vertex 161.556 19.9716 0
    endloop
  endfacet
  facet normal -0.194719 -0.980859 0
    outer loop
      vertex 178.174 24.082 0
      vertex 178.444 24.0284 4
      vertex 178.174 24.082 4
    endloop
  endfacet
  facet normal -0.194719 -0.980859 -0
    outer loop
      vertex 178.444 24.0284 4
      vertex 178.174 24.082 0
      vertex 178.444 24.0284 0
    endloop
  endfacet
  facet normal 0.442542 -0.896748 0
    outer loop
      vertex 161.05 23.8187 0
      vertex 161.296 23.9401 4
      vertex 161.05 23.8187 4
    endloop
  endfacet
  facet normal 0.442542 -0.896748 0
    outer loop
      vertex 161.296 23.9401 4
      vertex 161.05 23.8187 0
      vertex 161.296 23.9401 0
    endloop
  endfacet
  facet normal 0.321576 -0.946884 0
    outer loop
      vertex 161.296 23.9401 0
      vertex 161.556 24.0284 4
      vertex 161.296 23.9401 4
    endloop
  endfacet
  facet normal 0.321576 -0.946884 0
    outer loop
      vertex 161.556 24.0284 4
      vertex 161.296 23.9401 0
      vertex 161.556 24.0284 0
    endloop
  endfacet
  facet normal -0.658453 -0.752622 0
    outer loop
      vertex 179.178 23.666 0
      vertex 179.385 23.4849 4
      vertex 179.178 23.666 4
    endloop
  endfacet
  facet normal -0.658453 -0.752622 -0
    outer loop
      vertex 179.385 23.4849 4
      vertex 179.178 23.666 0
      vertex 179.385 23.4849 0
    endloop
  endfacet
  facet normal -0.947253 0.320486 0
    outer loop
      vertex 179.84 21.1964 0
      vertex 179.928 21.4565 4
      vertex 179.928 21.4565 0
    endloop
  endfacet
  facet normal -0.947253 0.320486 0
    outer loop
      vertex 179.928 21.4565 4
      vertex 179.84 21.1964 0
      vertex 179.84 21.1964 4
    endloop
  endfacet
  facet normal 0.0655521 -0.997849 0
    outer loop
      vertex 161.826 24.082 0
      vertex 162.1 24.1 4
      vertex 161.826 24.082 4
    endloop
  endfacet
  facet normal 0.0655521 -0.997849 0
    outer loop
      vertex 162.1 24.1 4
      vertex 161.826 24.082 0
      vertex 162.1 24.1 0
    endloop
  endfacet
  facet normal 0.830817 0.556546 0
    outer loop
      vertex 160.434 20.7216 4
      vertex 160.281 20.95 0
      vertex 160.281 20.95 4
    endloop
  endfacet
  facet normal 0.830817 0.556546 0
    outer loop
      vertex 160.281 20.95 0
      vertex 160.434 20.7216 4
      vertex 160.434 20.7216 0
    endloop
  endfacet
  facet normal 0.830817 -0.556546 0
    outer loop
      vertex 160.281 23.05 4
      vertex 160.434 23.2784 0
      vertex 160.434 23.2784 4
    endloop
  endfacet
  facet normal 0.830817 -0.556546 0
    outer loop
      vertex 160.434 23.2784 0
      vertex 160.281 23.05 4
      vertex 160.281 23.05 0
    endloop
  endfacet
  facet normal -0.0655521 -0.997849 0
    outer loop
      vertex 177.9 24.1 0
      vertex 178.174 24.082 4
      vertex 177.9 24.1 4
    endloop
  endfacet
  facet normal -0.0655521 -0.997849 -0
    outer loop
      vertex 178.174 24.082 4
      vertex 177.9 24.1 0
      vertex 178.174 24.082 0
    endloop
  endfacet
  facet normal 0.658453 -0.752622 0
    outer loop
      vertex 160.615 23.4849 0
      vertex 160.822 23.666 4
      vertex 160.615 23.4849 4
    endloop
  endfacet
  facet normal 0.658453 -0.752622 0
    outer loop
      vertex 160.822 23.666 4
      vertex 160.615 23.4849 0
      vertex 160.822 23.666 0
    endloop
  endfacet
  facet normal -0.997851 -0.0655283 0
    outer loop
      vertex 180 22 0
      vertex 179.982 22.2741 4
      vertex 179.982 22.2741 0
    endloop
  endfacet
  facet normal -0.997851 -0.0655283 0
    outer loop
      vertex 179.982 22.2741 4
      vertex 180 22 0
      vertex 180 22 4
    endloop
  endfacet
  facet normal 0.89761 -0.440791 0
    outer loop
      vertex 160.16 22.8036 4
      vertex 160.281 23.05 0
      vertex 160.281 23.05 4
    endloop
  endfacet
  facet normal 0.89761 -0.440791 0
    outer loop
      vertex 160.281 23.05 0
      vertex 160.16 22.8036 4
      vertex 160.16 22.8036 0
    endloop
  endfacet
  facet normal -0.321576 -0.946884 0
    outer loop
      vertex 178.444 24.0284 0
      vertex 178.704 23.9401 4
      vertex 178.444 24.0284 4
    endloop
  endfacet
  facet normal -0.321576 -0.946884 -0
    outer loop
      vertex 178.704 23.9401 4
      vertex 178.444 24.0284 0
      vertex 178.704 23.9401 0
    endloop
  endfacet
  facet normal 0.997851 -0.0655283 0
    outer loop
      vertex 160 22 4
      vertex 160.018 22.2741 0
      vertex 160.018 22.2741 4
    endloop
  endfacet
  facet normal 0.997851 -0.0655283 0
    outer loop
      vertex 160.018 22.2741 0
      vertex 160 22 4
      vertex 160 22 0
    endloop
  endfacet
  facet normal -0.321576 0.946884 0
    outer loop
      vertex 178.704 20.0599 0
      vertex 178.444 19.9716 4
      vertex 178.704 20.0599 4
    endloop
  endfacet
  facet normal -0.321576 0.946884 0
    outer loop
      vertex 178.444 19.9716 4
      vertex 178.704 20.0599 0
      vertex 178.444 19.9716 0
    endloop
  endfacet
  facet normal 0.321576 0.946884 -0
    outer loop
      vertex 161.556 19.9716 0
      vertex 161.296 20.0599 4
      vertex 161.556 19.9716 4
    endloop
  endfacet
  facet normal 0.321576 0.946884 0
    outer loop
      vertex 161.296 20.0599 4
      vertex 161.556 19.9716 0
      vertex 161.296 20.0599 0
    endloop
  endfacet
  facet normal -0.194719 0.980859 0
    outer loop
      vertex 178.444 19.9716 0
      vertex 178.174 19.918 4
      vertex 178.444 19.9716 4
    endloop
  endfacet
  facet normal -0.194719 0.980859 0
    outer loop
      vertex 178.174 19.918 4
      vertex 178.444 19.9716 0
      vertex 178.174 19.918 0
    endloop
  endfacet
  facet normal -0.658453 0.752622 0
    outer loop
      vertex 179.385 20.5151 0
      vertex 179.178 20.334 4
      vertex 179.385 20.5151 4
    endloop
  endfacet
  facet normal -0.658453 0.752622 0
    outer loop
      vertex 179.178 20.334 4
      vertex 179.385 20.5151 0
      vertex 179.178 20.334 0
    endloop
  endfacet
  facet normal -0.442542 -0.896748 0
    outer loop
      vertex 178.704 23.9401 0
      vertex 178.95 23.8187 4
      vertex 178.704 23.9401 4
    endloop
  endfacet
  facet normal -0.442542 -0.896748 -0
    outer loop
      vertex 178.95 23.8187 4
      vertex 178.704 23.9401 0
      vertex 178.95 23.8187 0
    endloop
  endfacet
  facet normal 0.752012 0.659149 0
    outer loop
      vertex 160.615 20.5151 4
      vertex 160.434 20.7216 0
      vertex 160.434 20.7216 4
    endloop
  endfacet
  facet normal 0.752012 0.659149 0
    outer loop
      vertex 160.434 20.7216 0
      vertex 160.615 20.5151 4
      vertex 160.615 20.5151 0
    endloop
  endfacet
  facet normal 0.980497 0.196536 0
    outer loop
      vertex 160.072 21.4565 4
      vertex 160.018 21.7259 0
      vertex 160.018 21.7259 4
    endloop
  endfacet
  facet normal 0.980497 0.196536 0
    outer loop
      vertex 160.018 21.7259 0
      vertex 160.072 21.4565 4
      vertex 160.072 21.4565 0
    endloop
  endfacet
  facet normal -0.980497 0.196536 0
    outer loop
      vertex 179.928 21.4565 0
      vertex 179.982 21.7259 4
      vertex 179.982 21.7259 0
    endloop
  endfacet
  facet normal -0.980497 0.196536 0
    outer loop
      vertex 179.982 21.7259 4
      vertex 179.928 21.4565 0
      vertex 179.928 21.4565 4
    endloop
  endfacet
  facet normal 0.442542 0.896748 -0
    outer loop
      vertex 161.296 20.0599 0
      vertex 161.05 20.1813 4
      vertex 161.296 20.0599 4
    endloop
  endfacet
  facet normal 0.442542 0.896748 0
    outer loop
      vertex 161.05 20.1813 4
      vertex 161.296 20.0599 0
      vertex 161.05 20.1813 0
    endloop
  endfacet
  facet normal 0.658453 0.752622 -0
    outer loop
      vertex 160.822 20.334 0
      vertex 160.615 20.5151 4
      vertex 160.822 20.334 4
    endloop
  endfacet
  facet normal 0.658453 0.752622 0
    outer loop
      vertex 160.615 20.5151 4
      vertex 160.822 20.334 0
      vertex 160.615 20.5151 0
    endloop
  endfacet
  facet normal 0.556465 0.830871 -0
    outer loop
      vertex 161.05 20.1813 0
      vertex 160.822 20.334 4
      vertex 161.05 20.1813 4
    endloop
  endfacet
  facet normal 0.556465 0.830871 0
    outer loop
      vertex 160.822 20.334 4
      vertex 161.05 20.1813 0
      vertex 160.822 20.334 0
    endloop
  endfacet
  facet normal -0.89761 0.440791 0
    outer loop
      vertex 179.719 20.95 0
      vertex 179.84 21.1964 4
      vertex 179.84 21.1964 0
    endloop
  endfacet
  facet normal -0.89761 0.440791 0
    outer loop
      vertex 179.84 21.1964 4
      vertex 179.719 20.95 0
      vertex 179.719 20.95 4
    endloop
  endfacet
  facet normal -0.442542 0.896748 0
    outer loop
      vertex 178.95 20.1813 0
      vertex 178.704 20.0599 4
      vertex 178.95 20.1813 4
    endloop
  endfacet
  facet normal -0.442542 0.896748 0
    outer loop
      vertex 178.704 20.0599 4
      vertex 178.95 20.1813 0
      vertex 178.704 20.0599 0
    endloop
  endfacet
  facet normal 0.0655521 0.997849 -0
    outer loop
      vertex 162.1 19.9 0
      vertex 161.826 19.918 4
      vertex 162.1 19.9 4
    endloop
  endfacet
  facet normal 0.0655521 0.997849 0
    outer loop
      vertex 161.826 19.918 4
      vertex 162.1 19.9 0
      vertex 161.826 19.918 0
    endloop
  endfacet
  facet normal -0.556465 0.830871 0
    outer loop
      vertex 179.178 20.334 0
      vertex 178.95 20.1813 4
      vertex 179.178 20.334 4
    endloop
  endfacet
  facet normal -0.556465 0.830871 0
    outer loop
      vertex 178.95 20.1813 4
      vertex 179.178 20.334 0
      vertex 178.95 20.1813 0
    endloop
  endfacet
  facet normal 0.980497 -0.196536 0
    outer loop
      vertex 160.018 58.2741 4
      vertex 160.072 58.5435 0
      vertex 160.072 58.5435 4
    endloop
  endfacet
  facet normal 0.980497 -0.196536 0
    outer loop
      vertex 160.072 58.5435 0
      vertex 160.018 58.2741 4
      vertex 160.018 58.2741 0
    endloop
  endfacet
  facet normal 0.947253 -0.320486 0
    outer loop
      vertex 160.072 58.5435 4
      vertex 160.16 58.8036 0
      vertex 160.16 58.8036 4
    endloop
  endfacet
  facet normal 0.947253 -0.320486 0
    outer loop
      vertex 160.16 58.8036 0
      vertex 160.072 58.5435 4
      vertex 160.072 58.5435 0
    endloop
  endfacet
  facet normal 0.947253 0.320486 0
    outer loop
      vertex 160.16 57.1964 4
      vertex 160.072 57.4565 0
      vertex 160.072 57.4565 4
    endloop
  endfacet
  facet normal 0.947253 0.320486 0
    outer loop
      vertex 160.072 57.4565 0
      vertex 160.16 57.1964 4
      vertex 160.16 57.1964 0
    endloop
  endfacet
  facet normal 0 -1 0
    outer loop
      vertex 162.1 60.1 0
      vertex 177.9 60.1 4
      vertex 162.1 60.1 4
    endloop
  endfacet
  facet normal 0 -1 -0
    outer loop
      vertex 177.9 60.1 4
      vertex 162.1 60.1 0
      vertex 177.9 60.1 0
    endloop
  endfacet
  facet normal 0.556465 -0.830871 0
    outer loop
      vertex 160.822 59.666 0
      vertex 161.05 59.8187 4
      vertex 160.822 59.666 4
    endloop
  endfacet
  facet normal 0.556465 -0.830871 0
    outer loop
      vertex 161.05 59.8187 4
      vertex 160.822 59.666 0
      vertex 161.05 59.8187 0
    endloop
  endfacet
  facet normal 0.194719 -0.980859 0
    outer loop
      vertex 161.556 60.0284 0
      vertex 161.826 60.082 4
      vertex 161.556 60.0284 4
    endloop
  endfacet
  facet normal 0.194719 -0.980859 0
    outer loop
      vertex 161.826 60.082 4
      vertex 161.556 60.0284 0
      vertex 161.826 60.082 0
    endloop
  endfacet
  facet normal 0.997851 0.0655283 0
    outer loop
      vertex 160.018 57.7259 4
      vertex 160 58 0
      vertex 160 58 4
    endloop
  endfacet
  facet normal 0.997851 0.0655283 0
    outer loop
      vertex 160 58 0
      vertex 160.018 57.7259 4
      vertex 160.018 57.7259 0
    endloop
  endfacet
  facet normal 0.752012 -0.659149 0
    outer loop
      vertex 160.434 59.2784 4
      vertex 160.615 59.4849 0
      vertex 160.615 59.4849 4
    endloop
  endfacet
  facet normal 0.752012 -0.659149 0
    outer loop
      vertex 160.615 59.4849 0
      vertex 160.434 59.2784 4
      vertex 160.434 59.2784 0
    endloop
  endfacet
  facet normal 0.89761 0.440791 0
    outer loop
      vertex 160.281 56.95 4
      vertex 160.16 57.1964 0
      vertex 160.16 57.1964 4
    endloop
  endfacet
  facet normal 0.89761 0.440791 0
    outer loop
      vertex 160.16 57.1964 0
      vertex 160.281 56.95 4
      vertex 160.281 56.95 0
    endloop
  endfacet
  facet normal -0.0658567 0.997829 0
    outer loop
      vertex 178 55.9066 0
      vertex 177.9 55.9 4
      vertex 178 55.9066 4
    endloop
  endfacet
  facet normal -0.0658567 0.997829 0
    outer loop
      vertex 177.9 55.9 4
      vertex 178 55.9066 0
      vertex 177.9 55.9 0
    endloop
  endfacet
  facet normal 0 1 -0
    outer loop
      vertex 177.9 55.9 0
      vertex 162.1 55.9 4
      vertex 177.9 55.9 4
    endloop
  endfacet
  facet normal 0 1 0
    outer loop
      vertex 162.1 55.9 4
      vertex 177.9 55.9 0
      vertex 162.1 55.9 0
    endloop
  endfacet
  facet normal 0.194719 0.980859 -0
    outer loop
      vertex 161.826 55.918 0
      vertex 161.556 55.9716 4
      vertex 161.826 55.918 4
    endloop
  endfacet
  facet normal 0.194719 0.980859 0
    outer loop
      vertex 161.556 55.9716 4
      vertex 161.826 55.918 0
      vertex 161.556 55.9716 0
    endloop
  endfacet
  facet normal 0.442542 -0.896748 0
    outer loop
      vertex 161.05 59.8187 0
      vertex 161.296 59.9401 4
      vertex 161.05 59.8187 4
    endloop
  endfacet
  facet normal 0.442542 -0.896748 0
    outer loop
      vertex 161.296 59.9401 4
      vertex 161.05 59.8187 0
      vertex 161.296 59.9401 0
    endloop
  endfacet
  facet normal 0.321576 -0.946884 0
    outer loop
      vertex 161.296 59.9401 0
      vertex 161.556 60.0284 4
      vertex 161.296 59.9401 4
    endloop
  endfacet
  facet normal 0.321576 -0.946884 0
    outer loop
      vertex 161.556 60.0284 4
      vertex 161.296 59.9401 0
      vertex 161.556 60.0284 0
    endloop
  endfacet
  facet normal 0.0655521 -0.997849 0
    outer loop
      vertex 161.826 60.082 0
      vertex 162.1 60.1 4
      vertex 161.826 60.082 4
    endloop
  endfacet
  facet normal 0.0655521 -0.997849 0
    outer loop
      vertex 162.1 60.1 4
      vertex 161.826 60.082 0
      vertex 162.1 60.1 0
    endloop
  endfacet
  facet normal 0.830817 0.556546 0
    outer loop
      vertex 160.434 56.7216 4
      vertex 160.281 56.95 0
      vertex 160.281 56.95 4
    endloop
  endfacet
  facet normal 0.830817 0.556546 0
    outer loop
      vertex 160.281 56.95 0
      vertex 160.434 56.7216 4
      vertex 160.434 56.7216 0
    endloop
  endfacet
  facet normal 0.830817 -0.556546 0
    outer loop
      vertex 160.281 59.05 4
      vertex 160.434 59.2784 0
      vertex 160.434 59.2784 4
    endloop
  endfacet
  facet normal 0.830817 -0.556546 0
    outer loop
      vertex 160.434 59.2784 0
      vertex 160.281 59.05 4
      vertex 160.281 59.05 0
    endloop
  endfacet
  facet normal -0.0658567 -0.997829 0
    outer loop
      vertex 177.9 60.1 0
      vertex 178 60.0934 4
      vertex 177.9 60.1 4
    endloop
  endfacet
  facet normal -0.0658567 -0.997829 -0
    outer loop
      vertex 178 60.0934 4
      vertex 177.9 60.1 0
      vertex 178 60.0934 0
    endloop
  endfacet
  facet normal 0.658453 -0.752622 0
    outer loop
      vertex 160.615 59.4849 0
      vertex 160.822 59.666 4
      vertex 160.615 59.4849 4
    endloop
  endfacet
  facet normal 0.658453 -0.752622 0
    outer loop
      vertex 160.822 59.666 4
      vertex 160.615 59.4849 0
      vertex 160.822 59.666 0
    endloop
  endfacet
  facet normal 0.89761 -0.440791 0
    outer loop
      vertex 160.16 58.8036 4
      vertex 160.281 59.05 0
      vertex 160.281 59.05 4
    endloop
  endfacet
  facet normal 0.89761 -0.440791 0
    outer loop
      vertex 160.281 59.05 0
      vertex 160.16 58.8036 4
      vertex 160.16 58.8036 0
    endloop
  endfacet
  facet normal 0.997851 -0.0655283 0
    outer loop
      vertex 160 58 4
      vertex 160.018 58.2741 0
      vertex 160.018 58.2741 4
    endloop
  endfacet
  facet normal 0.997851 -0.0655283 0
    outer loop
      vertex 160.018 58.2741 0
      vertex 160 58 4
      vertex 160 58 0
    endloop
  endfacet
  facet normal 0.321576 0.946884 -0
    outer loop
      vertex 161.556 55.9716 0
      vertex 161.296 56.0599 4
      vertex 161.556 55.9716 4
    endloop
  endfacet
  facet normal 0.321576 0.946884 0
    outer loop
      vertex 161.296 56.0599 4
      vertex 161.556 55.9716 0
      vertex 161.296 56.0599 0
    endloop
  endfacet
  facet normal 0.752012 0.659149 0
    outer loop
      vertex 160.615 56.5151 4
      vertex 160.434 56.7216 0
      vertex 160.434 56.7216 4
    endloop
  endfacet
  facet normal 0.752012 0.659149 0
    outer loop
      vertex 160.434 56.7216 0
      vertex 160.615 56.5151 4
      vertex 160.615 56.5151 0
    endloop
  endfacet
  facet normal 0.980497 0.196536 0
    outer loop
      vertex 160.072 57.4565 4
      vertex 160.018 57.7259 0
      vertex 160.018 57.7259 4
    endloop
  endfacet
  facet normal 0.980497 0.196536 0
    outer loop
      vertex 160.018 57.7259 0
      vertex 160.072 57.4565 4
      vertex 160.072 57.4565 0
    endloop
  endfacet
  facet normal 0.442542 0.896748 -0
    outer loop
      vertex 161.296 56.0599 0
      vertex 161.05 56.1813 4
      vertex 161.296 56.0599 4
    endloop
  endfacet
  facet normal 0.442542 0.896748 0
    outer loop
      vertex 161.05 56.1813 4
      vertex 161.296 56.0599 0
      vertex 161.05 56.1813 0
    endloop
  endfacet
  facet normal 0.658453 0.752622 -0
    outer loop
      vertex 160.822 56.334 0
      vertex 160.615 56.5151 4
      vertex 160.822 56.334 4
    endloop
  endfacet
  facet normal 0.658453 0.752622 0
    outer loop
      vertex 160.615 56.5151 4
      vertex 160.822 56.334 0
      vertex 160.615 56.5151 0
    endloop
  endfacet
  facet normal 0.556465 0.830871 -0
    outer loop
      vertex 161.05 56.1813 0
      vertex 160.822 56.334 4
      vertex 161.05 56.1813 4
    endloop
  endfacet
  facet normal 0.556465 0.830871 0
    outer loop
      vertex 160.822 56.334 4
      vertex 161.05 56.1813 0
      vertex 160.822 56.334 0
    endloop
  endfacet
  facet normal 0.0655521 0.997849 -0
    outer loop
      vertex 162.1 55.9 0
      vertex 161.826 55.918 4
      vertex 162.1 55.9 4
    endloop
  endfacet
  facet normal 0.0655521 0.997849 0
    outer loop
      vertex 161.826 55.918 4
      vertex 162.1 55.9 0
      vertex 161.826 55.918 0
    endloop
  endfacet
  facet normal -1 0 0
    outer loop
      vertex 181.5 28 0
      vertex 181.5 40 4
      vertex 181.5 40 0
    endloop
  endfacet
  facet normal -1 -0 0
    outer loop
      vertex 181.5 40 4
      vertex 181.5 28 0
      vertex 181.5 28 4
    endloop
  endfacet
  facet normal 1 -0 0
    outer loop
      vertex 178 28 4
      vertex 178 40 0
      vertex 178 40 4
    endloop
  endfacet
  facet normal 1 0 0
    outer loop
      vertex 178 40 0
      vertex 178 28 4
      vertex 178 28 0
    endloop
  endfacet
  facet normal 0 -1 0
    outer loop
      vertex 178 40 0
      vertex 181.5 40 4
      vertex 178 40 4
    endloop
  endfacet
  facet normal 0 -1 -0
    outer loop
      vertex 181.5 40 4
      vertex 178 40 0
      vertex 181.5 40 0
    endloop
  endfacet
  facet normal 0 1 -0
    outer loop
      vertex 181.5 28 0
      vertex 178 28 4
      vertex 181.5 28 4
    endloop
  endfacet
  facet normal 0 1 0
    outer loop
      vertex 178 28 4
      vertex 181.5 28 0
      vertex 178 28 0
    endloop
  endfacet
  facet normal -1 0 0
    outer loop
      vertex 181.5 52 0
      vertex 181.5 64 4
      vertex 181.5 64 0
    endloop
  endfacet
  facet normal -1 -0 0
    outer loop
      vertex 181.5 64 4
      vertex 181.5 52 0
      vertex 181.5 52 4
    endloop
  endfacet
  facet normal 1 -0 0
    outer loop
      vertex 178 52 4
      vertex 178 55.9066 0
      vertex 178 55.9066 4
    endloop
  endfacet
  facet normal 1 0 0
    outer loop
      vertex 178 55.9066 0
      vertex 178 52 4
      vertex 178 52 0
    endloop
  endfacet
  facet normal 1 -0 0
    outer loop
      vertex 178 60.0934 4
      vertex 178 64 0
      vertex 178 64 4
    endloop
  endfacet
  facet normal 1 0 0
    outer loop
      vertex 178 64 0
      vertex 178 60.0934 4
      vertex 178 60.0934 0
    endloop
  endfacet
  facet normal 0 -1 0
    outer loop
      vertex 178 64 0
      vertex 181.5 64 4
      vertex 178 64 4
    endloop
  endfacet
  facet normal 0 -1 -0
    outer loop
      vertex 181.5 64 4
      vertex 178 64 0
      vertex 181.5 64 0
    endloop
  endfacet
  facet normal 0 1 -0
    outer loop
      vertex 181.5 52 0
      vertex 178 52 4
      vertex 181.5 52 4
    endloop
  endfacet
  facet normal 0 1 0
    outer loop
      vertex 178 52 4
      vertex 181.5 52 0
      vertex 178 52 0
    endloop
  endfacet
endsolid OpenSCAD_Model
