solid OpenSCAD_Model
  facet normal -1 0 0
    outer loop
      vertex 62 29.4 11.5
      vertex 62 28.4 12.5
      vertex 62 29.313683345540362 12.559885970383327
    endloop
  endfacet
  facet normal -1 0 0
    outer loop
      vertex 62 29.4 11.5
      vertex 62 29.313683345540362 12.559885970383327
      vertex 62 29.4 12.577055420466186
    endloop
  endfacet
  facet normal -1 0 0
    outer loop
      vertex 62 29.4 11.5
      vertex 62 27.48631665445964 12.559885970383327
      vertex 62 28.4 12.5
    endloop
  endfacet
  facet normal -1 0 0
    outer loop
      vertex 62 29.4 11.5
      vertex 62 20.599999999999998 10.637254901960784
      vertex 62 27.48631665445964 12.559885970383327
    endloop
  endfacet
  facet normal -1 0 0
    outer loop
      vertex 62 27.48631665445964 12.559885970383327
      vertex 62 20.599999999999998 10.637254901960784
      vertex 62 26.588266684282353 12.738519215976522
    endloop
  endfacet
  facet normal -1 0 0
    outer loop
      vertex 62 26.588266684282353 12.738519215976522
      vertex 62 20.599999999999998 10.637254901960784
      vertex 62 25.72121597344437 13.032843272420994
    endloop
  endfacet
  facet normal -1 0 0
    outer loop
      vertex 62 25.72121597344437 13.032843272420994
      vertex 62 20.599999999999998 10.637254901960784
      vertex 62 24.9 13.43782217350893
    endloop
  endfacet
  facet normal -1 0 0
    outer loop
      vertex 62 24.9 13.43782217350893
      vertex 62 20.599999999999998 10.637254901960784
      vertex 62 24.138669996938955 13.946526617961354
    endloop
  endfacet
  facet normal -1 0 0
    outer loop
      vertex 62 24.138669996938955 13.946526617961354
      vertex 62 20.599999999999998 10.637254901960784
      vertex 62 23.8265209183141 14.220274012860228
    endloop
  endfacet
  facet normal -1 0 0
    outer loop
      vertex 62 23.8265209183141 14.220274012860228
      vertex 62 20.599999999999998 10.637254901960784
      vertex 62 20.599999999999998 13.869565217391305
    endloop
  endfacet
  facet normal 0 0.09757142403137062 -0.99522852511998
    outer loop
      vertex 62 29.4 11.5
      vertex 90 29.4 11.5
      vertex 90 20.599999999999998 10.637254901960784
    endloop
  endfacet
  facet normal 0 0.09757142403137062 -0.99522852511998
    outer loop
      vertex 62 29.4 11.5
      vertex 90 20.599999999999998 10.637254901960784
      vertex 62 20.599999999999998 10.637254901960784
    endloop
  endfacet
  facet normal 0 1 0
    outer loop
      vertex 62 29.4 11.5
      vertex 62 29.4 12.577055420466186
      vertex 90 29.4 11.5
    endloop
  endfacet
  facet normal 0 1 0
    outer loop
      vertex 62 29.4 12.577055420466186
      vertex 90 29.4 12.577055420466186
      vertex 90 29.4 11.5
    endloop
  endfacet
  facet normal 1 0 0
    outer loop
      vertex 90 29.4 11.5
      vertex 90 29.313683345540362 12.559885970383327
      vertex 90 28.4 12.5
    endloop
  endfacet
  facet normal 1 0 0
    outer loop
      vertex 90 29.4 11.5
      vertex 90 29.4 12.577055420466186
      vertex 90 29.313683345540362 12.559885970383327
    endloop
  endfacet
  facet normal 1 0 0
    outer loop
      vertex 90 29.4 11.5
      vertex 90 28.4 12.5
      vertex 90 27.48631665445964 12.559885970383327
    endloop
  endfacet
  facet normal 0 -0.10805918076841908 0.9941444630694567
    outer loop
      vertex 62 23.8265209183141 14.220274012860228
      vertex 62 20.599999999999998 13.869565217391305
      vertex 90 23.8265209183141 14.220274012860228
    endloop
  endfacet
  facet normal 1 0 0
    outer loop
      vertex 90 29.4 11.5
      vertex 90 27.48631665445964 12.559885970383327
      vertex 90 20.599999999999998 10.637254901960784
    endloop
  endfacet
  facet normal 1 0 0
    outer loop
      vertex 90 27.48631665445964 12.559885970383327
      vertex 90 26.588266684282353 12.738519215976522
      vertex 90 20.599999999999998 10.637254901960784
    endloop
  endfacet
  facet normal 1 0 0
    outer loop
      vertex 90 26.588266684282353 12.738519215976522
      vertex 90 25.72121597344437 13.032843272420994
      vertex 90 20.599999999999998 10.637254901960784
    endloop
  endfacet
  facet normal 1 0 0
    outer loop
      vertex 90 25.72121597344437 13.032843272420994
      vertex 90 24.9 13.43782217350893
      vertex 90 20.599999999999998 10.637254901960784
    endloop
  endfacet
  facet normal 1 0 0
    outer loop
      vertex 90 24.9 13.43782217350893
      vertex 90 24.89328485084025 13.844906456887065
      vertex 90 20.599999999999998 10.637254901960784
    endloop
  endfacet
  facet normal 1 0 0
    outer loop
      vertex 90 24.89328485084025 13.844906456887065
      vertex 90 24.528269882821434 13.686204296878886
      vertex 90 20.599999999999998 10.637254901960784
    endloop
  endfacet
  facet normal 1 0 0
    outer loop
      vertex 90 24.528269882821434 13.686204296878886
      vertex 90 24.138669996938955 13.946526617961354
      vertex 90 20.599999999999998 10.637254901960784
    endloop
  endfacet
  facet normal 1 0 0
    outer loop
      vertex 90 24.138669996938955 13.946526617961354
      vertex 90 23.8265209183141 14.220274012860228
      vertex 90 20.599999999999998 10.637254901960784
    endloop
  endfacet
  facet normal 1 0 0
    outer loop
      vertex 90 23.8265209183141 14.220274012860228
      vertex 90 20.599999999999998 13.869565217391305
      vertex 90 20.599999999999998 10.637254901960784
    endloop
  endfacet
  facet normal 0 -0.10805918076841908 0.9941444630694567
    outer loop
      vertex 90 23.8265209183141 14.220274012860228
      vertex 62 20.599999999999998 13.869565217391305
      vertex 90 20.599999999999998 13.869565217391305
    endloop
  endfacet
  facet normal -1 0 0
    outer loop
      vertex 62 18.599999999999998 10.5
      vertex 62 17.2 10.5
      vertex 62 18.599999999999998 13.652173913043478
    endloop
  endfacet
  facet normal -1 0 0
    outer loop
      vertex 62 17.2 10.5
      vertex 62 17.2 13.5
      vertex 62 18.599999999999998 13.652173913043478
    endloop
  endfacet
  facet normal 0 0 -1
    outer loop
      vertex 62 18.599999999999998 10.5
      vertex 90 17.2 10.5
      vertex 62 17.2 10.5
    endloop
  endfacet
  facet normal 0 0 -1
    outer loop
      vertex 62 18.599999999999998 10.5
      vertex 90 18.599999999999998 10.5
      vertex 90 17.2 10.5
    endloop
  endfacet
  facet normal 0 -1 0
    outer loop
      vertex 62 17.2 10.5
      vertex 90 17.2 10.5
      vertex 62 17.2 13.5
    endloop
  endfacet
  facet normal 0 -0.10805918076841946 0.9941444630694565
    outer loop
      vertex 62 18.599999999999998 13.652173913043478
      vertex 62 17.2 13.5
      vertex 90 18.599999999999998 13.652173913043478
    endloop
  endfacet
  facet normal 0 -1 0
    outer loop
      vertex 62 17.2 13.5
      vertex 90 17.2 10.5
      vertex 90 17.2 13.5
    endloop
  endfacet
  facet normal 1 0 0
    outer loop
      vertex 90 18.599999999999998 10.5
      vertex 90 17.2 13.5
      vertex 90 17.2 10.5
    endloop
  endfacet
  facet normal 1 0 0
    outer loop
      vertex 90 18.599999999999998 10.5
      vertex 90 18.599999999999998 13.652173913043478
      vertex 90 17.2 13.5
    endloop
  endfacet
  facet normal 0 -0.10805918076841946 0.9941444630694565
    outer loop
      vertex 62 17.2 13.5
      vertex 90 17.2 13.5
      vertex 90 18.599999999999998 13.652173913043478
    endloop
  endfacet
  facet normal 0 0.09757142403137062 -0.99522852511998
    outer loop
      vertex 136 29.4 11.5
      vertex 164 29.4 11.5
      vertex 164 20.599999999999998 10.637254901960784
    endloop
  endfacet
  facet normal 0 0.09757142403137062 -0.99522852511998
    outer loop
      vertex 136 29.4 11.5
      vertex 164 20.599999999999998 10.637254901960784
      vertex 136 20.599999999999998 10.637254901960784
    endloop
  endfacet
  facet normal -1 0 0
    outer loop
      vertex 136 29.4 11.5
      vertex 136 28.4 12.5
      vertex 136 29.313683345540362 12.559885970383327
    endloop
  endfacet
  facet normal -1 0 0
    outer loop
      vertex 136 29.4 11.5
      vertex 136 29.313683345540362 12.559885970383327
      vertex 136 29.4 12.577055420466186
    endloop
  endfacet
  facet normal -1 0 0
    outer loop
      vertex 136 29.4 11.5
      vertex 136 27.48631665445964 12.559885970383327
      vertex 136 28.4 12.5
    endloop
  endfacet
  facet normal 0 1 0
    outer loop
      vertex 136 29.4 11.5
      vertex 136 29.4 12.577055420466186
      vertex 164 29.4 11.5
    endloop
  endfacet
  facet normal 0 1 0
    outer loop
      vertex 136 29.4 12.577055420466186
      vertex 164 29.4 12.577055420466186
      vertex 164 29.4 11.5
    endloop
  endfacet
  facet normal -1 0 0
    outer loop
      vertex 136 29.4 11.5
      vertex 136 20.599999999999998 10.637254901960784
      vertex 136 27.48631665445964 12.559885970383327
    endloop
  endfacet
  facet normal -1 0 0
    outer loop
      vertex 136 27.48631665445964 12.559885970383327
      vertex 136 20.599999999999998 10.637254901960784
      vertex 136 26.588266684282353 12.738519215976522
    endloop
  endfacet
  facet normal -1 0 0
    outer loop
      vertex 136 26.588266684282353 12.738519215976522
      vertex 136 20.599999999999998 10.637254901960784
      vertex 136 25.72121597344437 13.032843272420994
    endloop
  endfacet
  facet normal -1 0 0
    outer loop
      vertex 136 25.72121597344437 13.032843272420994
      vertex 136 20.599999999999998 10.637254901960784
      vertex 136 24.9 13.43782217350893
    endloop
  endfacet
  facet normal -1 0 0
    outer loop
      vertex 136 24.9 13.43782217350893
      vertex 136 20.599999999999998 10.637254901960784
      vertex 136 20.599999999999998 13.869565217391305
    endloop
  endfacet
  facet normal -1 0 0
    outer loop
      vertex 136 24.9 13.43782217350893
      vertex 136 20.599999999999998 13.869565217391305
      vertex 136 24.138669996938955 13.946526617961354
    endloop
  endfacet
  facet normal -1 0 0
    outer loop
      vertex 136 24.138669996938955 13.946526617961354
      vertex 136 20.599999999999998 13.869565217391305
      vertex 136 23.8265209183141 14.220274012860228
    endloop
  endfacet
  facet normal 0 -0.10805918076841908 0.9941444630694567
    outer loop
      vertex 136 23.8265209183141 14.220274012860228
      vertex 136 20.599999999999998 13.869565217391305
      vertex 164 23.8265209183141 14.220274012860228
    endloop
  endfacet
  facet normal 0 -0.10805918076841908 0.9941444630694567
    outer loop
      vertex 164 23.8265209183141 14.220274012860228
      vertex 136 20.599999999999998 13.869565217391305
      vertex 164 20.599999999999998 13.869565217391305
    endloop
  endfacet
  facet normal 1 0 0
    outer loop
      vertex 164 29.4 11.5
      vertex 164 29.313683345540362 12.559885970383327
      vertex 164 28.4 12.5
    endloop
  endfacet
  facet normal 1 0 0
    outer loop
      vertex 164 29.4 11.5
      vertex 164 29.4 12.577055420466186
      vertex 164 29.313683345540362 12.559885970383327
    endloop
  endfacet
  facet normal 1 0 0
    outer loop
      vertex 164 29.4 11.5
      vertex 164 28.4 12.5
      vertex 164 27.48631665445964 12.559885970383327
    endloop
  endfacet
  facet normal 1 0 0
    outer loop
      vertex 164 29.4 11.5
      vertex 164 27.48631665445964 12.559885970383327
      vertex 164 20.599999999999998 10.637254901960784
    endloop
  endfacet
  facet normal 1 0 0
    outer loop
      vertex 164 27.48631665445964 12.559885970383327
      vertex 164 26.588266684282353 12.738519215976522
      vertex 164 20.599999999999998 10.637254901960784
    endloop
  endfacet
  facet normal 1 0 0
    outer loop
      vertex 164 26.588266684282353 12.738519215976522
      vertex 164 25.72121597344437 13.032843272420994
      vertex 164 20.599999999999998 10.637254901960784
    endloop
  endfacet
  facet normal 1 0 0
    outer loop
      vertex 164 25.72121597344437 13.032843272420994
      vertex 164 24.9 13.43782217350893
      vertex 164 20.599999999999998 10.637254901960784
    endloop
  endfacet
  facet normal 1 0 0
    outer loop
      vertex 164 24.9 13.43782217350893
      vertex 164 24.89328485084025 13.844906456887065
      vertex 164 20.599999999999998 10.637254901960784
    endloop
  endfacet
  facet normal 1 0 0
    outer loop
      vertex 164 24.89328485084025 13.844906456887065
      vertex 164 24.528269882821434 13.686204296878886
      vertex 164 20.599999999999998 10.637254901960784
    endloop
  endfacet
  facet normal 1 0 0
    outer loop
      vertex 164 24.528269882821434 13.686204296878886
      vertex 164 24.138669996938955 13.946526617961354
      vertex 164 20.599999999999998 10.637254901960784
    endloop
  endfacet
  facet normal 1 0 0
    outer loop
      vertex 164 24.138669996938955 13.946526617961354
      vertex 164 23.8265209183141 14.220274012860228
      vertex 164 20.599999999999998 10.637254901960784
    endloop
  endfacet
  facet normal 1 0 0
    outer loop
      vertex 164 23.8265209183141 14.220274012860228
      vertex 164 20.599999999999998 13.869565217391305
      vertex 164 20.599999999999998 10.637254901960784
    endloop
  endfacet
  facet normal 0 0 -1
    outer loop
      vertex 136 18.599999999999998 10.5
      vertex 164 17.2 10.5
      vertex 136 17.2 10.5
    endloop
  endfacet
  facet normal 0 0 -1
    outer loop
      vertex 136 18.599999999999998 10.5
      vertex 164 18.599999999999998 10.5
      vertex 164 17.2 10.5
    endloop
  endfacet
  facet normal -1 0 0
    outer loop
      vertex 136 18.599999999999998 10.5
      vertex 136 17.2 10.5
      vertex 136 18.599999999999998 13.652173913043478
    endloop
  endfacet
  facet normal -1 0 0
    outer loop
      vertex 136 17.2 10.5
      vertex 136 17.2 13.5
      vertex 136 18.599999999999998 13.652173913043478
    endloop
  endfacet
  facet normal 0 -1 0
    outer loop
      vertex 136 17.2 10.5
      vertex 164 17.2 10.5
      vertex 136 17.2 13.5
    endloop
  endfacet
  facet normal 0 -1 0
    outer loop
      vertex 136 17.2 13.5
      vertex 164 17.2 10.5
      vertex 164 17.2 13.5
    endloop
  endfacet
  facet normal 0 -0.10805918076841946 0.9941444630694565
    outer loop
      vertex 136 18.599999999999998 13.652173913043478
      vertex 136 17.2 13.5
      vertex 164 18.599999999999998 13.652173913043478
    endloop
  endfacet
  facet normal 0 -0.10805918076841946 0.9941444630694565
    outer loop
      vertex 136 17.2 13.5
      vertex 164 17.2 13.5
      vertex 164 18.599999999999998 13.652173913043478
    endloop
  endfacet
  facet normal 1 0 0
    outer loop
      vertex 164 18.599999999999998 10.5
      vertex 164 17.2 13.5
      vertex 164 17.2 10.5
    endloop
  endfacet
  facet normal 1 0 0
    outer loop
      vertex 164 18.599999999999998 10.5
      vertex 164 18.599999999999998 13.652173913043478
      vertex 164 17.2 13.5
    endloop
  endfacet
  facet normal 0 0.09757142403137063 -0.99522852511998
    outer loop
      vertex 196 29.4 11.5
      vertex 220 29.4 11.5
      vertex 220 20.599999999999998 10.637254901960784
    endloop
  endfacet
  facet normal 0 0.09757142403137063 -0.99522852511998
    outer loop
      vertex 196 29.4 11.5
      vertex 220 20.599999999999998 10.637254901960784
      vertex 196 20.599999999999998 10.637254901960784
    endloop
  endfacet
  facet normal -1 0 0
    outer loop
      vertex 196 29.4 11.5
      vertex 196 28.4 12.5
      vertex 196 29.313683345540362 12.559885970383327
    endloop
  endfacet
  facet normal -1 0 0
    outer loop
      vertex 196 29.4 11.5
      vertex 196 29.313683345540362 12.559885970383327
      vertex 196 29.4 12.577055420466186
    endloop
  endfacet
  facet normal 0 1 0
    outer loop
      vertex 196 29.4 11.5
      vertex 196 29.4 12.577055420466186
      vertex 220 29.4 11.5
    endloop
  endfacet
  facet normal -1 0 0
    outer loop
      vertex 196 29.4 11.5
      vertex 196 27.48631665445964 12.559885970383327
      vertex 196 28.4 12.5
    endloop
  endfacet
  facet normal 0 1 0
    outer loop
      vertex 196 29.4 12.577055420466186
      vertex 220 29.4 12.577055420466186
      vertex 220 29.4 11.5
    endloop
  endfacet
  facet normal 1 0 0
    outer loop
      vertex 220 29.4 11.5
      vertex 220 29.313683345540362 12.559885970383327
      vertex 220 28.4 12.5
    endloop
  endfacet
  facet normal 1 0 0
    outer loop
      vertex 220 29.4 11.5
      vertex 220 29.4 12.577055420466186
      vertex 220 29.313683345540362 12.559885970383327
    endloop
  endfacet
  facet normal 1 0 0
    outer loop
      vertex 220 29.4 11.5
      vertex 220 28.4 12.5
      vertex 220 27.48631665445964 12.559885970383327
    endloop
  endfacet
  facet normal -1 0 0
    outer loop
      vertex 196 29.4 11.5
      vertex 196 20.599999999999998 10.637254901960784
      vertex 196 27.48631665445964 12.559885970383327
    endloop
  endfacet
  facet normal -1 0 0
    outer loop
      vertex 196 27.48631665445964 12.559885970383327
      vertex 196 20.599999999999998 10.637254901960784
      vertex 196 26.588266684282353 12.738519215976522
    endloop
  endfacet
  facet normal -1 0 0
    outer loop
      vertex 196 26.588266684282353 12.738519215976522
      vertex 196 20.599999999999998 10.637254901960784
      vertex 196 25.72121597344437 13.032843272420994
    endloop
  endfacet
  facet normal -1 0 0
    outer loop
      vertex 196 25.72121597344437 13.032843272420994
      vertex 196 20.599999999999998 10.637254901960784
      vertex 196 24.9 13.43782217350893
    endloop
  endfacet
  facet normal -1 0 0
    outer loop
      vertex 196 24.9 13.43782217350893
      vertex 196 20.599999999999998 10.637254901960784
      vertex 196 24.138669996938955 13.946526617961354
    endloop
  endfacet
  facet normal -1 0 0
    outer loop
      vertex 196 24.138669996938955 13.946526617961354
      vertex 196 20.599999999999998 10.637254901960784
      vertex 196 23.8265209183141 14.220274012860228
    endloop
  endfacet
  facet normal -1 0 0
    outer loop
      vertex 196 23.8265209183141 14.220274012860228
      vertex 196 20.599999999999998 10.637254901960784
      vertex 196 20.599999999999998 13.869565217391305
    endloop
  endfacet
  facet normal 0 -0.10805918076841907 0.9941444630694566
    outer loop
      vertex 196 23.8265209183141 14.220274012860228
      vertex 196 20.599999999999998 13.869565217391305
      vertex 220 23.8265209183141 14.220274012860228
    endloop
  endfacet
  facet normal 1 0 0
    outer loop
      vertex 220 29.4 11.5
      vertex 220 27.48631665445964 12.559885970383327
      vertex 220 20.599999999999998 10.637254901960784
    endloop
  endfacet
  facet normal 1 0 0
    outer loop
      vertex 220 27.48631665445964 12.559885970383327
      vertex 220 26.588266684282353 12.738519215976522
      vertex 220 20.599999999999998 10.637254901960784
    endloop
  endfacet
  facet normal 1 0 0
    outer loop
      vertex 220 26.588266684282353 12.738519215976522
      vertex 220 25.72121597344437 13.032843272420994
      vertex 220 20.599999999999998 10.637254901960784
    endloop
  endfacet
  facet normal 1 0 0
    outer loop
      vertex 220 25.72121597344437 13.032843272420994
      vertex 220 24.9 13.43782217350893
      vertex 220 20.599999999999998 10.637254901960784
    endloop
  endfacet
  facet normal 1 0 0
    outer loop
      vertex 220 24.9 13.43782217350893
      vertex 220 24.89328485084025 13.844906456887065
      vertex 220 20.599999999999998 10.637254901960784
    endloop
  endfacet
  facet normal 1 0 0
    outer loop
      vertex 220 24.89328485084025 13.844906456887065
      vertex 220 24.528269882821434 13.686204296878886
      vertex 220 20.599999999999998 10.637254901960784
    endloop
  endfacet
  facet normal 1 0 0
    outer loop
      vertex 220 24.528269882821434 13.686204296878886
      vertex 220 24.138669996938955 13.946526617961354
      vertex 220 20.599999999999998 10.637254901960784
    endloop
  endfacet
  facet normal 1 0 0
    outer loop
      vertex 220 24.138669996938955 13.946526617961354
      vertex 220 20.599999999999998 13.869565217391305
      vertex 220 20.599999999999998 10.637254901960784
    endloop
  endfacet
  facet normal 0 -0.10805918076841907 0.9941444630694566
    outer loop
      vertex 220 23.8265209183141 14.220274012860228
      vertex 196 20.599999999999998 13.869565217391305
      vertex 220 20.599999999999998 13.869565217391305
    endloop
  endfacet
  facet normal 1 0 0
    outer loop
      vertex 220 24.138669996938955 13.946526617961354
      vertex 220 23.8265209183141 14.220274012860228
      vertex 220 20.599999999999998 13.869565217391305
    endloop
  endfacet
  facet normal 0 0 -1
    outer loop
      vertex 196 18.599999999999998 10.5
      vertex 220 17.2 10.5
      vertex 196 17.2 10.5
    endloop
  endfacet
  facet normal 0 0 -1
    outer loop
      vertex 196 18.599999999999998 10.5
      vertex 220 18.599999999999998 10.5
      vertex 220 17.2 10.5
    endloop
  endfacet
  facet normal -1 0 0
    outer loop
      vertex 196 18.599999999999998 10.5
      vertex 196 17.2 10.5
      vertex 196 18.599999999999998 13.652173913043478
    endloop
  endfacet
  facet normal -1 0 0
    outer loop
      vertex 196 17.2 10.5
      vertex 196 17.2 13.5
      vertex 196 18.599999999999998 13.652173913043478
    endloop
  endfacet
  facet normal 0 -1 0
    outer loop
      vertex 196 17.2 10.5
      vertex 220 17.2 10.5
      vertex 196 17.2 13.5
    endloop
  endfacet
  facet normal 0 -0.10805918076841946 0.9941444630694565
    outer loop
      vertex 196 18.599999999999998 13.652173913043478
      vertex 196 17.2 13.5
      vertex 220 18.599999999999998 13.652173913043478
    endloop
  endfacet
  facet normal 0 -1 0
    outer loop
      vertex 220 17.2 10.5
      vertex 220 17.2 13.5
      vertex 196 17.2 13.5
    endloop
  endfacet
  facet normal 1 0 0
    outer loop
      vertex 220 18.599999999999998 10.5
      vertex 220 17.2 13.5
      vertex 220 17.2 10.5
    endloop
  endfacet
  facet normal 1 0 0
    outer loop
      vertex 220 18.599999999999998 10.5
      vertex 220 18.599999999999998 13.652173913043478
      vertex 220 17.2 13.5
    endloop
  endfacet
  facet normal 0 -0.10805918076841946 0.9941444630694565
    outer loop
      vertex 196 17.2 13.5
      vertex 220 17.2 13.5
      vertex 220 18.599999999999998 13.652173913043478
    endloop
  endfacet
  facet normal -1 0 0
    outer loop
      vertex 62 31.9 13.43782217350893
      vertex 62 31.078784026555628 13.032843272420994
      vertex 62 31.51769145362398 17.7
    endloop
  endfacet
  facet normal -1 0 0
    outer loop
      vertex 62 29.4 12.577055420466186
      vertex 62 29.313683345540362 12.559885970383327
      vertex 62 29.77766035651432 16.17403368295937
    endloop
  endfacet
  facet normal -1 0 0
    outer loop
      vertex 62 30.211733315717645 12.738519215976522
      vertex 62 29.4 12.577055420466186
      vertex 62 29.77766035651432 16.17403368295937
    endloop
  endfacet
  facet normal -1 0 0
    outer loop
      vertex 62 29.313683345540362 12.559885970383327
      vertex 62 28.4 12.5
      vertex 62 28.869894291992182 15.930798499054283
    endloop
  endfacet
  facet normal -1 0 0
    outer loop
      vertex 62 31.078784026555628 13.032843272420994
      vertex 62 30.211733315717645 12.738519215976522
      vertex 62 30.591541144431392 16.643927974951552
    endloop
  endfacet
  facet normal -1 0 0
    outer loop
      vertex 62 29.313683345540362 12.559885970383327
      vertex 62 29.33174856236907 16.022667025359354
      vertex 62 29.77766035651432 16.17403368295937
    endloop
  endfacet
  facet normal -1 0 0
    outer loop
      vertex 62 29.313683345540362 12.559885970383327
      vertex 62 28.869894291992182 15.930798499054283
      vertex 62 29.33174856236907 16.022667025359354
    endloop
  endfacet
  facet normal -1 0 0
    outer loop
      vertex 62 28.4 12.5
      vertex 62 27.48631665445964 12.559885970383327
      vertex 62 27.93010570800781 15.930798499054283
    endloop
  endfacet
  facet normal -1 0 0
    outer loop
      vertex 62 27.48631665445964 12.559885970383327
      vertex 62 26.588266684282353 12.738519215976522
      vertex 62 27.93010570800781 15.930798499054283
    endloop
  endfacet
  facet normal -1 0 0
    outer loop
      vertex 62 26.588266684282353 12.738519215976522
      vertex 62 25.72121597344437 13.032843272420994
      vertex 62 26.599999999999998 16.38230854637602
    endloop
  endfacet
  facet normal -1 0 0
    outer loop
      vertex 62 28.4 12.5
      vertex 62 28.4 15.899999999999999
      vertex 62 28.869894291992182 15.930798499054283
    endloop
  endfacet
  facet normal -1 0 0
    outer loop
      vertex 62 28.4 12.5
      vertex 62 27.93010570800781 15.930798499054283
      vertex 62 28.4 15.899999999999999
    endloop
  endfacet
  facet normal -1 0 0
    outer loop
      vertex 62 26.588266684282353 12.738519215976522
      vertex 62 27.468251437630926 16.022667025359354
      vertex 62 27.93010570800781 15.930798499054283
    endloop
  endfacet
  facet normal -1 0 0
    outer loop
      vertex 62 26.588266684282353 12.738519215976522
      vertex 62 27.022339643485676 16.17403368295937
      vertex 62 27.468251437630926 16.022667025359354
    endloop
  endfacet
  facet normal -1 0 0
    outer loop
      vertex 62 25.72121597344437 13.032843272420994
      vertex 62 24.9 13.43782217350893
      vertex 62 25.854415587728425 16.954415587728427
    endloop
  endfacet
  facet normal 0 0.4422886902190014 -0.8968727415326884
    outer loop
      vertex 62 31.9 13.43782217350893
      vertex 90 31.9 13.43782217350893
      vertex 62 31.078784026555628 13.032843272420994
    endloop
  endfacet
  facet normal 0 0.5555702330196034 -0.8314696123025445
    outer loop
      vertex 62 32.66133000306104 13.946526617961354
      vertex 90 32.66133000306104 13.946526617961354
      vertex 62 31.9 13.43782217350893
    endloop
  endfacet
  facet normal 0 0.6593458151000638 -0.7518398074789818
    outer loop
      vertex 62 32.66133000306104 13.946526617961354
      vertex 62 33.349747468305836 14.550252531694166
      vertex 90 33.349747468305836 14.550252531694166
    endloop
  endfacet
  facet normal 0 0.7518398074789804 -0.6593458151000655
    outer loop
      vertex 62 33.349747468305836 14.550252531694166
      vertex 62 33.953473382038645 15.238669996938956
      vertex 90 33.349747468305836 14.550252531694166
    endloop
  endfacet
  facet normal 0 0.4422886902190014 -0.8968727415326884
    outer loop
      vertex 62 31.078784026555628 13.032843272420994
      vertex 90 31.9 13.43782217350893
      vertex 90 31.078784026555628 13.032843272420994
    endloop
  endfacet
  facet normal 0 0.5555702330196034 -0.8314696123025445
    outer loop
      vertex 62 31.9 13.43782217350893
      vertex 90 32.66133000306104 13.946526617961354
      vertex 90 31.9 13.43782217350893
    endloop
  endfacet
  facet normal 0 0.6593458151000638 -0.7518398074789818
    outer loop
      vertex 62 32.66133000306104 13.946526617961354
      vertex 90 33.349747468305836 14.550252531694166
      vertex 90 32.66133000306104 13.946526617961354
    endloop
  endfacet
  facet normal 0 0.32143946530316264 -0.9469301294951052
    outer loop
      vertex 62 31.078784026555628 13.032843272420994
      vertex 90 31.078784026555628 13.032843272420994
      vertex 62 30.211733315717645 12.738519215976522
    endloop
  endfacet
  facet normal 0 0.19509032201612808 -0.9807852804032304
    outer loop
      vertex 62 30.211733315717645 12.738519215976522
      vertex 90 30.211733315717645 12.738519215976522
      vertex 62 29.4 12.577055420466186
    endloop
  endfacet
  facet normal 0 0.32143946530316264 -0.9469301294951052
    outer loop
      vertex 62 30.211733315717645 12.738519215976522
      vertex 90 31.078784026555628 13.032843272420994
      vertex 90 30.211733315717645 12.738519215976522
    endloop
  endfacet
  facet normal 0 0.19509032201612808 -0.9807852804032304
    outer loop
      vertex 62 29.4 12.577055420466186
      vertex 90 30.211733315717645 12.738519215976522
      vertex 90 29.4 12.577055420466186
    endloop
  endfacet
  facet normal 1 0 0
    outer loop
      vertex 90 31.078784026555628 13.032843272420994
      vertex 90 30.2 16.38230854637602
      vertex 90 30.211733315717645 12.738519215976522
    endloop
  endfacet
  facet normal 1 0 0
    outer loop
      vertex 90 30.211733315717645 12.738519215976522
      vertex 90 28.869894291992182 15.930798499054283
      vertex 90 29.4 12.577055420466186
    endloop
  endfacet
  facet normal 1 0 0
    outer loop
      vertex 90 29.4 12.577055420466186
      vertex 90 28.869894291992182 15.930798499054283
      vertex 90 29.313683345540362 12.559885970383327
    endloop
  endfacet
  facet normal 1 0 0
    outer loop
      vertex 90 29.313683345540362 12.559885970383327
      vertex 90 28.869894291992182 15.930798499054283
      vertex 90 28.4 12.5
    endloop
  endfacet
  facet normal 1 0 0
    outer loop
      vertex 90 31.9 13.43782217350893
      vertex 90 30.94558441227157 16.954415587728427
      vertex 90 31.078784026555628 13.032843272420994
    endloop
  endfacet
  facet normal 1 0 0
    outer loop
      vertex 90 30.211733315717645 12.738519215976522
      vertex 90 29.77766035651432 16.17403368295937
      vertex 90 29.33174856236907 16.022667025359354
    endloop
  endfacet
  facet normal 1 0 0
    outer loop
      vertex 90 30.211733315717645 12.738519215976522
      vertex 90 29.33174856236907 16.022667025359354
      vertex 90 28.869894291992182 15.930798499054283
    endloop
  endfacet
  facet normal 1 0 0
    outer loop
      vertex 90 28.4 12.5
      vertex 90 27.93010570800781 15.930798499054283
      vertex 90 27.48631665445964 12.559885970383327
    endloop
  endfacet
  facet normal 1 0 0
    outer loop
      vertex 90 27.48631665445964 12.559885970383327
      vertex 90 27.022339643485676 16.17403368295937
      vertex 90 26.588266684282353 12.738519215976522
    endloop
  endfacet
  facet normal 1 0 0
    outer loop
      vertex 90 28.4 12.5
      vertex 90 28.869894291992182 15.930798499054283
      vertex 90 28.4 15.899999999999999
    endloop
  endfacet
  facet normal 1 0 0
    outer loop
      vertex 90 28.4 12.5
      vertex 90 28.4 15.899999999999999
      vertex 90 27.93010570800781 15.930798499054283
    endloop
  endfacet
  facet normal 1 0 0
    outer loop
      vertex 90 27.48631665445964 12.559885970383327
      vertex 90 27.93010570800781 15.930798499054283
      vertex 90 27.468251437630926 16.022667025359354
    endloop
  endfacet
  facet normal 1 0 0
    outer loop
      vertex 90 26.588266684282353 12.738519215976522
      vertex 90 26.208458855568605 16.643927974951552
      vertex 90 25.72121597344437 13.032843272420994
    endloop
  endfacet
  facet normal 1 0 0
    outer loop
      vertex 90 27.48631665445964 12.559885970383327
      vertex 90 27.468251437630926 16.022667025359354
      vertex 90 27.022339643485676 16.17403368295937
    endloop
  endfacet
  facet normal 0 -0.6593458151000658 -0.75183980747898
    outer loop
      vertex 62 23.8265209183141 14.220274012860228
      vertex 90 23.8265209183141 14.220274012860228
      vertex 62 23.450252531694165 14.550252531694166
    endloop
  endfacet
  facet normal 0 -0.6593458151000658 -0.75183980747898
    outer loop
      vertex 62 23.450252531694165 14.550252531694166
      vertex 90 23.8265209183141 14.220274012860228
      vertex 90 23.450252531694165 14.550252531694166
    endloop
  endfacet
  facet normal 1 0 0
    outer loop
      vertex 90 24.89328485084025 13.844906456887065
      vertex 90 24.138669996938955 13.946526617961354
      vertex 90 24.528269882821434 13.686204296878886
    endloop
  endfacet
  facet normal 1 0 0
    outer loop
      vertex 90 25.72121597344437 13.032843272420994
      vertex 90 25.28230854637602 17.7
      vertex 90 24.9 13.43782217350893
    endloop
  endfacet
  facet normal 0 -0.7518398074789785 -0.6593458151000677
    outer loop
      vertex 62 23.450252531694165 14.550252531694166
      vertex 90 23.450252531694165 14.550252531694166
      vertex 90 22.846526617961352 15.238669996938956
    endloop
  endfacet
  facet normal -1 0 0
    outer loop
      vertex 62 31.9 13.43782217350893
      vertex 62 31.51769145362398 17.7
      vertex 62 31.72596631704063 18.122339643485677
    endloop
  endfacet
  facet normal -1 0 0
    outer loop
      vertex 62 31.9 13.43782217350893
      vertex 62 31.72596631704063 18.122339643485677
      vertex 62 31.877332974640645 18.568251437630927
    endloop
  endfacet
  facet normal -1 0 0
    outer loop
      vertex 62 34.46217782649107 16
      vertex 62 33.953473382038645 15.238669996938956
      vertex 62 34.46217782649107 23
    endloop
  endfacet
  facet normal -1 0 0
    outer loop
      vertex 62 34.46217782649107 16
      vertex 62 34.867156727579 22.17878402655563
      vertex 62 34.867156727579 16.82121597344437
    endloop
  endfacet
  facet normal -1 0 0
    outer loop
      vertex 62 34.867156727579 16.82121597344437
      vertex 62 35.161480784023475 21.311733315717646
      vertex 62 35.161480784023475 17.688266684282354
    endloop
  endfacet
  facet normal -1 0 0
    outer loop
      vertex 62 32.66133000306104 13.946526617961354
      vertex 62 33.349747468305836 24.449747468305834
      vertex 62 33.349747468305836 14.550252531694166
    endloop
  endfacet
  facet normal -1 0 0
    outer loop
      vertex 62 31.9 13.43782217350893
      vertex 62 31.877332974640645 18.568251437630927
      vertex 62 31.969201500945715 19.030105708007813
    endloop
  endfacet
  facet normal -1 0 0
    outer loop
      vertex 62 31.9 13.43782217350893
      vertex 62 31.969201500945715 19.030105708007813
      vertex 62 32 19.5
    endloop
  endfacet
  facet normal -1 0 0
    outer loop
      vertex 62 32.66133000306104 13.946526617961354
      vertex 62 31.9 13.43782217350893
      vertex 62 32.66133000306104 25.053473382038646
    endloop
  endfacet
  facet normal -1 0 0
    outer loop
      vertex 62 33.349747468305836 14.550252531694166
      vertex 62 33.953473382038645 23.761330003061044
      vertex 62 33.953473382038645 15.238669996938956
    endloop
  endfacet
  facet normal -1 0 0
    outer loop
      vertex 62 35.161480784023475 17.688266684282354
      vertex 62 35.34011402961667 20.41368334554036
      vertex 62 35.34011402961667 18.58631665445964
    endloop
  endfacet
  facet normal -1 0 0
    outer loop
      vertex 62 35.34011402961667 18.58631665445964
      vertex 62 35.34011402961667 20.41368334554036
      vertex 62 35.4 19.5
    endloop
  endfacet
  facet normal -1 0 0
    outer loop
      vertex 62 35.161480784023475 17.688266684282354
      vertex 62 35.161480784023475 21.311733315717646
      vertex 62 35.34011402961667 20.41368334554036
    endloop
  endfacet
  facet normal -1 0 0
    outer loop
      vertex 62 34.867156727579 16.82121597344437
      vertex 62 34.867156727579 22.17878402655563
      vertex 62 35.161480784023475 21.311733315717646
    endloop
  endfacet
  facet normal -1 0 0
    outer loop
      vertex 62 34.46217782649107 16
      vertex 62 34.46217782649107 23
      vertex 62 34.867156727579 22.17878402655563
    endloop
  endfacet
  facet normal -1 0 0
    outer loop
      vertex 62 31.9 13.43782217350893
      vertex 62 32 19.5
      vertex 62 32.66133000306104 25.053473382038646
    endloop
  endfacet
  facet normal -1 0 0
    outer loop
      vertex 62 33.953473382038645 15.238669996938956
      vertex 62 33.953473382038645 23.761330003061044
      vertex 62 34.46217782649107 23
    endloop
  endfacet
  facet normal -1 0 0
    outer loop
      vertex 62 33.349747468305836 14.550252531694166
      vertex 62 33.349747468305836 24.449747468305834
      vertex 62 33.953473382038645 23.761330003061044
    endloop
  endfacet
  facet normal -1 0 0
    outer loop
      vertex 62 32.66133000306104 13.946526617961354
      vertex 62 32.66133000306104 25.053473382038646
      vertex 62 33.349747468305836 24.449747468305834
    endloop
  endfacet
  facet normal -1 0 0
    outer loop
      vertex 62 32 19.5
      vertex 62 31.969201500945715 19.969894291992187
      vertex 62 32.66133000306104 25.053473382038646
    endloop
  endfacet
  facet normal -1 0 0
    outer loop
      vertex 62 31.969201500945715 19.969894291992187
      vertex 62 31.877332974640645 20.431748562369073
      vertex 62 32.66133000306104 25.053473382038646
    endloop
  endfacet
  facet normal -1 0 0
    outer loop
      vertex 62 31.877332974640645 20.431748562369073
      vertex 62 31.72596631704063 20.877660356514323
      vertex 62 31.9 25.56217782649107
    endloop
  endfacet
  facet normal -1 0 0
    outer loop
      vertex 62 30.211733315717645 12.738519215976522
      vertex 62 29.77766035651432 16.17403368295937
      vertex 62 30.2 16.38230854637602
    endloop
  endfacet
  facet normal -1 0 0
    outer loop
      vertex 62 30.211733315717645 12.738519215976522
      vertex 62 30.2 16.38230854637602
      vertex 62 30.591541144431392 16.643927974951552
    endloop
  endfacet
  facet normal -1 0 0
    outer loop
      vertex 62 31.078784026555628 13.032843272420994
      vertex 62 30.591541144431392 16.643927974951552
      vertex 62 30.94558441227157 16.954415587728427
    endloop
  endfacet
  facet normal -1 0 0
    outer loop
      vertex 62 31.078784026555628 13.032843272420994
      vertex 62 30.94558441227157 16.954415587728427
      vertex 62 31.256072025048447 17.308458855568606
    endloop
  endfacet
  facet normal -1 0 0
    outer loop
      vertex 62 31.078784026555628 13.032843272420994
      vertex 62 31.256072025048447 17.308458855568606
      vertex 62 31.51769145362398 17.7
    endloop
  endfacet
  facet normal -1 0 0
    outer loop
      vertex 62 26.588266684282353 12.738519215976522
      vertex 62 26.599999999999998 16.38230854637602
      vertex 62 27.022339643485676 16.17403368295937
    endloop
  endfacet
  facet normal -1 0 0
    outer loop
      vertex 62 25.72121597344437 13.032843272420994
      vertex 62 26.208458855568605 16.643927974951552
      vertex 62 26.599999999999998 16.38230854637602
    endloop
  endfacet
  facet normal -1 0 0
    outer loop
      vertex 62 25.72121597344437 13.032843272420994
      vertex 62 25.854415587728425 16.954415587728427
      vertex 62 26.208458855568605 16.643927974951552
    endloop
  endfacet
  facet normal -1 0 0
    outer loop
      vertex 62 24.9 13.43782217350893
      vertex 62 25.54392797495155 17.308458855568606
      vertex 62 25.854415587728425 16.954415587728427
    endloop
  endfacet
  facet normal -1 0 0
    outer loop
      vertex 62 24.9 13.43782217350893
      vertex 62 24.138669996938955 13.946526617961354
      vertex 62 24.922667025359353 18.568251437630927
    endloop
  endfacet
  facet normal -1 0 0
    outer loop
      vertex 62 24.9 13.43782217350893
      vertex 62 25.28230854637602 17.7
      vertex 62 25.54392797495155 17.308458855568606
    endloop
  endfacet
  facet normal -1 0 0
    outer loop
      vertex 62 24.9 13.43782217350893
      vertex 62 25.074033682959367 18.122339643485677
      vertex 62 25.28230854637602 17.7
    endloop
  endfacet
  facet normal -1 0 0
    outer loop
      vertex 62 24.9 13.43782217350893
      vertex 62 24.922667025359353 18.568251437630927
      vertex 62 25.074033682959367 18.122339643485677
    endloop
  endfacet
  facet normal -1 0 0
    outer loop
      vertex 62 24.138669996938955 13.946526617961354
      vertex 62 24.830798499054282 19.030105708007813
      vertex 62 24.922667025359353 18.568251437630927
    endloop
  endfacet
  facet normal -1 0 0
    outer loop
      vertex 62 24.138669996938955 13.946526617961354
      vertex 62 24.799999999999997 19.5
      vertex 62 24.830798499054282 19.030105708007813
    endloop
  endfacet
  facet normal -1 0 0
    outer loop
      vertex 62 24.138669996938955 13.946526617961354
      vertex 62 23.8265209183141 14.220274012860228
      vertex 62 24.138669996938955 25.053473382038646
    endloop
  endfacet
  facet normal -1 0 0
    outer loop
      vertex 62 23.8265209183141 14.220274012860228
      vertex 62 23.450252531694165 14.550252531694166
      vertex 62 24.138669996938955 25.053473382038646
    endloop
  endfacet
  facet normal -1 0 0
    outer loop
      vertex 62 23.450252531694165 14.550252531694166
      vertex 62 22.846526617961352 15.238669996938956
      vertex 62 23.450252531694165 24.449747468305834
    endloop
  endfacet
  facet normal -1 0 0
    outer loop
      vertex 62 22.846526617961352 15.238669996938956
      vertex 62 22.33782217350893 16
      vertex 62 22.846526617961352 23.761330003061044
    endloop
  endfacet
  facet normal -1 0 0
    outer loop
      vertex 62 22.33782217350893 16
      vertex 62 21.932843272420993 16.82121597344437
      vertex 62 22.33782217350893 23
    endloop
  endfacet
  facet normal -1 0 0
    outer loop
      vertex 62 24.138669996938955 13.946526617961354
      vertex 62 24.9 25.56217782649107
      vertex 62 24.799999999999997 19.5
    endloop
  endfacet
  facet normal -1 0 0
    outer loop
      vertex 62 21.932843272420993 16.82121597344437
      vertex 62 21.702427143758253 17.5
      vertex 62 21.932843272420993 22.17878402655563
    endloop
  endfacet
  facet normal -1 0 0
    outer loop
      vertex 62 21.702427143758253 17.5
      vertex 62 21.638519215976523 17.688266684282354
      vertex 62 21.932843272420993 22.17878402655563
    endloop
  endfacet
  facet normal -1 0 0
    outer loop
      vertex 62 21.638519215976523 17.688266684282354
      vertex 62 21.459885970383326 18.58631665445964
      vertex 62 21.638519215976523 21.311733315717646
    endloop
  endfacet
  facet normal -1 0 0
    outer loop
      vertex 62 21.459885970383326 18.58631665445964
      vertex 62 21.4 19.5
      vertex 62 21.459885970383326 20.41368334554036
    endloop
  endfacet
  facet normal -1 0 0
    outer loop
      vertex 62 21.459885970383326 18.58631665445964
      vertex 62 21.459885970383326 20.41368334554036
      vertex 62 21.638519215976523 21.311733315717646
    endloop
  endfacet
  facet normal -1 0 0
    outer loop
      vertex 62 21.638519215976523 17.688266684282354
      vertex 62 21.638519215976523 21.311733315717646
      vertex 62 21.932843272420993 22.17878402655563
    endloop
  endfacet
  facet normal -1 0 0
    outer loop
      vertex 62 24.138669996938955 13.946526617961354
      vertex 62 24.138669996938955 25.053473382038646
      vertex 62 24.9 25.56217782649107
    endloop
  endfacet
  facet normal -1 0 0
    outer loop
      vertex 62 23.450252531694165 14.550252531694166
      vertex 62 23.450252531694165 24.449747468305834
      vertex 62 24.138669996938955 25.053473382038646
    endloop
  endfacet
  facet normal -1 0 0
    outer loop
      vertex 62 24.799999999999997 19.5
      vertex 62 24.9 25.56217782649107
      vertex 62 24.830798499054282 19.969894291992187
    endloop
  endfacet
  facet normal -1 0 0
    outer loop
      vertex 62 24.830798499054282 19.969894291992187
      vertex 62 24.9 25.56217782649107
      vertex 62 24.922667025359353 20.431748562369073
    endloop
  endfacet
  facet normal -1 0 0
    outer loop
      vertex 62 24.922667025359353 20.431748562369073
      vertex 62 24.9 25.56217782649107
      vertex 62 25.074033682959367 20.877660356514323
    endloop
  endfacet
  facet normal -1 0 0
    outer loop
      vertex 62 22.33782217350893 16
      vertex 62 22.33782217350893 23
      vertex 62 22.846526617961352 23.761330003061044
    endloop
  endfacet
  facet normal -1 0 0
    outer loop
      vertex 62 22.846526617961352 15.238669996938956
      vertex 62 22.846526617961352 23.761330003061044
      vertex 62 23.450252531694165 24.449747468305834
    endloop
  endfacet
  facet normal -1 0 0
    outer loop
      vertex 62 21.932843272420993 16.82121597344437
      vertex 62 21.932843272420993 22.17878402655563
      vertex 62 22.33782217350893 23
    endloop
  endfacet
  facet normal -1 0 0
    outer loop
      vertex 62 31.72596631704063 20.877660356514323
      vertex 62 31.51769145362398 21.3
      vertex 62 31.9 25.56217782649107
    endloop
  endfacet
  facet normal -1 0 0
    outer loop
      vertex 62 31.51769145362398 21.3
      vertex 62 31.256072025048447 21.691541144431394
      vertex 62 31.9 25.56217782649107
    endloop
  endfacet
  facet normal -1 0 0
    outer loop
      vertex 62 31.256072025048447 21.691541144431394
      vertex 62 30.94558441227157 22.045584412271573
      vertex 62 31.9 25.56217782649107
    endloop
  endfacet
  facet normal -1 0 0
    outer loop
      vertex 62 31.877332974640645 20.431748562369073
      vertex 62 31.9 25.56217782649107
      vertex 62 32.66133000306104 25.053473382038646
    endloop
  endfacet
  facet normal -1 0 0
    outer loop
      vertex 62 30.94558441227157 22.045584412271573
      vertex 62 30.591541144431392 22.356072025048448
      vertex 62 31.078784026555628 25.967156727579006
    endloop
  endfacet
  facet normal -1 0 0
    outer loop
      vertex 62 30.591541144431392 22.356072025048448
      vertex 62 30.2 22.61769145362398
      vertex 62 31.078784026555628 25.967156727579006
    endloop
  endfacet
  facet normal -1 0 0
    outer loop
      vertex 62 30.2 22.61769145362398
      vertex 62 29.77766035651432 22.82596631704063
      vertex 62 30.211733315717645 26.261480784023476
    endloop
  endfacet
  facet normal -1 0 0
    outer loop
      vertex 62 29.77766035651432 22.82596631704063
      vertex 62 29.33174856236907 22.977332974640646
      vertex 62 30.211733315717645 26.261480784023476
    endloop
  endfacet
  facet normal -1 0 0
    outer loop
      vertex 62 29.33174856236907 22.977332974640646
      vertex 62 28.869894291992182 23.069201500945717
      vertex 62 30.211733315717645 26.261480784023476
    endloop
  endfacet
  facet normal -1 0 0
    outer loop
      vertex 62 28.869894291992182 23.069201500945717
      vertex 62 28.4 23.1
      vertex 62 28.4 26.5
    endloop
  endfacet
  facet normal -1 0 0
    outer loop
      vertex 62 28.4 23.1
      vertex 62 27.93010570800781 23.069201500945717
      vertex 62 28.4 26.5
    endloop
  endfacet
  facet normal -1 0 0
    outer loop
      vertex 62 27.93010570800781 23.069201500945717
      vertex 62 27.468251437630926 22.977332974640646
      vertex 62 27.48631665445964 26.440114029616673
    endloop
  endfacet
  facet normal -1 0 0
    outer loop
      vertex 62 26.208458855568605 22.356072025048448
      vertex 62 26.588266684282353 26.261480784023476
      vertex 62 26.599999999999998 22.61769145362398
    endloop
  endfacet
  facet normal -1 0 0
    outer loop
      vertex 62 27.022339643485676 22.82596631704063
      vertex 62 26.599999999999998 22.61769145362398
      vertex 62 26.588266684282353 26.261480784023476
    endloop
  endfacet
  facet normal -1 0 0
    outer loop
      vertex 62 27.468251437630926 22.977332974640646
      vertex 62 27.022339643485676 22.82596631704063
      vertex 62 27.48631665445964 26.440114029616673
    endloop
  endfacet
  facet normal -1 0 0
    outer loop
      vertex 62 30.94558441227157 22.045584412271573
      vertex 62 31.078784026555628 25.967156727579006
      vertex 62 31.9 25.56217782649107
    endloop
  endfacet
  facet normal -1 0 0
    outer loop
      vertex 62 30.2 22.61769145362398
      vertex 62 30.211733315717645 26.261480784023476
      vertex 62 31.078784026555628 25.967156727579006
    endloop
  endfacet
  facet normal -1 0 0
    outer loop
      vertex 62 28.869894291992182 23.069201500945717
      vertex 62 29.313683345540362 26.440114029616673
      vertex 62 30.211733315717645 26.261480784023476
    endloop
  endfacet
  facet normal -1 0 0
    outer loop
      vertex 62 28.869894291992182 23.069201500945717
      vertex 62 28.4 26.5
      vertex 62 29.313683345540362 26.440114029616673
    endloop
  endfacet
  facet normal -1 0 0
    outer loop
      vertex 62 27.022339643485676 22.82596631704063
      vertex 62 26.588266684282353 26.261480784023476
      vertex 62 27.48631665445964 26.440114029616673
    endloop
  endfacet
  facet normal -1 0 0
    outer loop
      vertex 62 26.208458855568605 22.356072025048448
      vertex 62 25.72121597344437 25.967156727579006
      vertex 62 26.588266684282353 26.261480784023476
    endloop
  endfacet
  facet normal -1 0 0
    outer loop
      vertex 62 27.93010570800781 23.069201500945717
      vertex 62 27.48631665445964 26.440114029616673
      vertex 62 28.4 26.5
    endloop
  endfacet
  facet normal -1 0 0
    outer loop
      vertex 62 25.074033682959367 20.877660356514323
      vertex 62 24.9 25.56217782649107
      vertex 62 25.28230854637602 21.3
    endloop
  endfacet
  facet normal -1 0 0
    outer loop
      vertex 62 25.28230854637602 21.3
      vertex 62 25.72121597344437 25.967156727579006
      vertex 62 25.54392797495155 21.691541144431394
    endloop
  endfacet
  facet normal -1 0 0
    outer loop
      vertex 62 25.54392797495155 21.691541144431394
      vertex 62 25.72121597344437 25.967156727579006
      vertex 62 25.854415587728425 22.045584412271573
    endloop
  endfacet
  facet normal -1 0 0
    outer loop
      vertex 62 26.208458855568605 22.356072025048448
      vertex 62 25.854415587728425 22.045584412271573
      vertex 62 25.72121597344437 25.967156727579006
    endloop
  endfacet
  facet normal -1 0 0
    outer loop
      vertex 62 25.28230854637602 21.3
      vertex 62 24.9 25.56217782649107
      vertex 62 25.72121597344437 25.967156727579006
    endloop
  endfacet
  facet normal 0 0.8314696123025439 -0.5555702330196043
    outer loop
      vertex 62 34.46217782649107 16
      vertex 90 33.953473382038645 15.238669996938956
      vertex 62 33.953473382038645 15.238669996938956
    endloop
  endfacet
  facet normal 0 0.8968727415326914 -0.44228869021899514
    outer loop
      vertex 62 34.46217782649107 16
      vertex 62 34.867156727579 16.82121597344437
      vertex 90 34.46217782649107 16
    endloop
  endfacet
  facet normal 0 0.9469301294951048 -0.3214394653031644
    outer loop
      vertex 62 34.867156727579 16.82121597344437
      vertex 62 35.161480784023475 17.688266684282354
      vertex 90 34.867156727579 16.82121597344437
    endloop
  endfacet
  facet normal 0 0.98078528040323 -0.19509032201612997
    outer loop
      vertex 62 35.161480784023475 17.688266684282354
      vertex 62 35.34011402961667 18.58631665445964
      vertex 90 35.161480784023475 17.688266684282354
    endloop
  endfacet
  facet normal 0 0.8314696123025439 -0.5555702330196043
    outer loop
      vertex 62 34.46217782649107 16
      vertex 90 34.46217782649107 16
      vertex 90 33.953473382038645 15.238669996938956
    endloop
  endfacet
  facet normal 0 0.8968727415326914 -0.44228869021899514
    outer loop
      vertex 62 34.867156727579 16.82121597344437
      vertex 90 34.867156727579 16.82121597344437
      vertex 90 34.46217782649107 16
    endloop
  endfacet
  facet normal 0 0.7518398074789804 -0.6593458151000655
    outer loop
      vertex 90 33.349747468305836 14.550252531694166
      vertex 62 33.953473382038645 15.238669996938956
      vertex 90 33.953473382038645 15.238669996938956
    endloop
  endfacet
  facet normal 1 0 0
    outer loop
      vertex 90 32.66133000306104 13.946526617961354
      vertex 90 31.877332974640645 18.568251437630927
      vertex 90 31.9 13.43782217350893
    endloop
  endfacet
  facet normal 1 0 0
    outer loop
      vertex 90 31.9 13.43782217350893
      vertex 90 31.256072025048447 17.308458855568606
      vertex 90 30.94558441227157 16.954415587728427
    endloop
  endfacet
  facet normal 1 0 0
    outer loop
      vertex 90 31.9 13.43782217350893
      vertex 90 31.51769145362398 17.7
      vertex 90 31.256072025048447 17.308458855568606
    endloop
  endfacet
  facet normal 1 0 0
    outer loop
      vertex 90 31.9 13.43782217350893
      vertex 90 31.72596631704063 18.122339643485677
      vertex 90 31.51769145362398 17.7
    endloop
  endfacet
  facet normal 1 0 0
    outer loop
      vertex 90 31.9 13.43782217350893
      vertex 90 31.877332974640645 18.568251437630927
      vertex 90 31.72596631704063 18.122339643485677
    endloop
  endfacet
  facet normal 0 0.9469301294951048 -0.3214394653031644
    outer loop
      vertex 62 35.161480784023475 17.688266684282354
      vertex 90 35.161480784023475 17.688266684282354
      vertex 90 34.867156727579 16.82121597344437
    endloop
  endfacet
  facet normal 0 0.98078528040323 -0.19509032201612997
    outer loop
      vertex 62 35.34011402961667 18.58631665445964
      vertex 90 35.34011402961667 18.58631665445964
      vertex 90 35.161480784023475 17.688266684282354
    endloop
  endfacet
  facet normal 1 0 0
    outer loop
      vertex 90 34.46217782649107 16
      vertex 90 33.953473382038645 23.761330003061044
      vertex 90 33.953473382038645 15.238669996938956
    endloop
  endfacet
  facet normal 1 0 0
    outer loop
      vertex 90 34.46217782649107 16
      vertex 90 34.867156727579 16.82121597344437
      vertex 90 34.46217782649107 23
    endloop
  endfacet
  facet normal 1 0 0
    outer loop
      vertex 90 32.66133000306104 13.946526617961354
      vertex 90 31.969201500945715 19.030105708007813
      vertex 90 31.877332974640645 18.568251437630927
    endloop
  endfacet
  facet normal 1 0 0
    outer loop
      vertex 90 32.66133000306104 13.946526617961354
      vertex 90 32 19.5
      vertex 90 31.969201500945715 19.030105708007813
    endloop
  endfacet
  facet normal 1 0 0
    outer loop
      vertex 90 33.349747468305836 14.550252531694166
      vertex 90 33.953473382038645 15.238669996938956
      vertex 90 33.349747468305836 24.449747468305834
    endloop
  endfacet
  facet normal 1 0 0
    outer loop
      vertex 90 32.66133000306104 13.946526617961354
      vertex 90 33.349747468305836 14.550252531694166
      vertex 90 32.66133000306104 25.053473382038646
    endloop
  endfacet
  facet normal 0 0.9978589232386035 -0.06540312923014303
    outer loop
      vertex 62 35.34011402961667 18.58631665445964
      vertex 62 35.4 19.5
      vertex 90 35.34011402961667 18.58631665445964
    endloop
  endfacet
  facet normal 0 0.9978589232386035 0.06540312923014303
    outer loop
      vertex 62 35.4 19.5
      vertex 62 35.34011402961667 20.41368334554036
      vertex 90 35.4 19.5
    endloop
  endfacet
  facet normal 0 0.98078528040323 0.19509032201612997
    outer loop
      vertex 62 35.34011402961667 20.41368334554036
      vertex 62 35.161480784023475 21.311733315717646
      vertex 90 35.34011402961667 20.41368334554036
    endloop
  endfacet
  facet normal 0 0.9469301294951048 0.3214394653031644
    outer loop
      vertex 62 35.161480784023475 21.311733315717646
      vertex 62 34.867156727579 22.17878402655563
      vertex 90 35.161480784023475 21.311733315717646
    endloop
  endfacet
  facet normal 0 0.8968727415326914 0.44228869021899514
    outer loop
      vertex 62 34.867156727579 22.17878402655563
      vertex 62 34.46217782649107 23
      vertex 90 34.867156727579 22.17878402655563
    endloop
  endfacet
  facet normal 0 0.9978589232386035 -0.06540312923014303
    outer loop
      vertex 62 35.4 19.5
      vertex 90 35.4 19.5
      vertex 90 35.34011402961667 18.58631665445964
    endloop
  endfacet
  facet normal 0 0.9978589232386035 0.06540312923014303
    outer loop
      vertex 62 35.34011402961667 20.41368334554036
      vertex 90 35.34011402961667 20.41368334554036
      vertex 90 35.4 19.5
    endloop
  endfacet
  facet normal 1 0 0
    outer loop
      vertex 90 35.34011402961667 18.58631665445964
      vertex 90 35.4 19.5
      vertex 90 35.34011402961667 20.41368334554036
    endloop
  endfacet
  facet normal 1 0 0
    outer loop
      vertex 90 34.867156727579 16.82121597344437
      vertex 90 35.161480784023475 17.688266684282354
      vertex 90 34.867156727579 22.17878402655563
    endloop
  endfacet
  facet normal 1 0 0
    outer loop
      vertex 90 35.161480784023475 17.688266684282354
      vertex 90 35.34011402961667 18.58631665445964
      vertex 90 35.161480784023475 21.311733315717646
    endloop
  endfacet
  facet normal 1 0 0
    outer loop
      vertex 90 35.34011402961667 18.58631665445964
      vertex 90 35.34011402961667 20.41368334554036
      vertex 90 35.161480784023475 21.311733315717646
    endloop
  endfacet
  facet normal 1 0 0
    outer loop
      vertex 90 35.161480784023475 17.688266684282354
      vertex 90 35.161480784023475 21.311733315717646
      vertex 90 34.867156727579 22.17878402655563
    endloop
  endfacet
  facet normal 1 0 0
    outer loop
      vertex 90 32.66133000306104 13.946526617961354
      vertex 90 31.9 25.56217782649107
      vertex 90 32 19.5
    endloop
  endfacet
  facet normal 0 0.98078528040323 0.19509032201612997
    outer loop
      vertex 62 35.161480784023475 21.311733315717646
      vertex 90 35.161480784023475 21.311733315717646
      vertex 90 35.34011402961667 20.41368334554036
    endloop
  endfacet
  facet normal 0 0.9469301294951048 0.3214394653031644
    outer loop
      vertex 62 34.867156727579 22.17878402655563
      vertex 90 34.867156727579 22.17878402655563
      vertex 90 35.161480784023475 21.311733315717646
    endloop
  endfacet
  facet normal 1 0 0
    outer loop
      vertex 90 34.867156727579 16.82121597344437
      vertex 90 34.867156727579 22.17878402655563
      vertex 90 34.46217782649107 23
    endloop
  endfacet
  facet normal 1 0 0
    outer loop
      vertex 90 34.46217782649107 16
      vertex 90 34.46217782649107 23
      vertex 90 33.953473382038645 23.761330003061044
    endloop
  endfacet
  facet normal 1 0 0
    outer loop
      vertex 90 33.953473382038645 15.238669996938956
      vertex 90 33.953473382038645 23.761330003061044
      vertex 90 33.349747468305836 24.449747468305834
    endloop
  endfacet
  facet normal 1 0 0
    outer loop
      vertex 90 33.349747468305836 14.550252531694166
      vertex 90 33.349747468305836 24.449747468305834
      vertex 90 32.66133000306104 25.053473382038646
    endloop
  endfacet
  facet normal 1 0 0
    outer loop
      vertex 90 32.66133000306104 13.946526617961354
      vertex 90 32.66133000306104 25.053473382038646
      vertex 90 31.9 25.56217782649107
    endloop
  endfacet
  facet normal 1 0 0
    outer loop
      vertex 90 32 19.5
      vertex 90 31.9 25.56217782649107
      vertex 90 31.969201500945715 19.969894291992187
    endloop
  endfacet
  facet normal 1 0 0
    outer loop
      vertex 90 31.969201500945715 19.969894291992187
      vertex 90 31.9 25.56217782649107
      vertex 90 31.877332974640645 20.431748562369073
    endloop
  endfacet
  facet normal 1 0 0
    outer loop
      vertex 90 31.877332974640645 20.431748562369073
      vertex 90 31.9 25.56217782649107
      vertex 90 31.72596631704063 20.877660356514323
    endloop
  endfacet
  facet normal 1 0 0
    outer loop
      vertex 90 30.211733315717645 12.738519215976522
      vertex 90 30.2 16.38230854637602
      vertex 90 29.77766035651432 16.17403368295937
    endloop
  endfacet
  facet normal 1 0 0
    outer loop
      vertex 90 31.078784026555628 13.032843272420994
      vertex 90 30.591541144431392 16.643927974951552
      vertex 90 30.2 16.38230854637602
    endloop
  endfacet
  facet normal 1 0 0
    outer loop
      vertex 90 31.078784026555628 13.032843272420994
      vertex 90 30.94558441227157 16.954415587728427
      vertex 90 30.591541144431392 16.643927974951552
    endloop
  endfacet
  facet normal 1 0 0
    outer loop
      vertex 90 26.588266684282353 12.738519215976522
      vertex 90 27.022339643485676 16.17403368295937
      vertex 90 26.599999999999998 16.38230854637602
    endloop
  endfacet
  facet normal 1 0 0
    outer loop
      vertex 90 26.588266684282353 12.738519215976522
      vertex 90 26.599999999999998 16.38230854637602
      vertex 90 26.208458855568605 16.643927974951552
    endloop
  endfacet
  facet normal 0 -0.7518398074789785 -0.6593458151000677
    outer loop
      vertex 62 23.450252531694165 14.550252531694166
      vertex 90 22.846526617961352 15.238669996938956
      vertex 62 22.846526617961352 15.238669996938956
    endloop
  endfacet
  facet normal 0 -0.8314696123025457 -0.5555702330196016
    outer loop
      vertex 62 22.846526617961352 15.238669996938956
      vertex 90 22.33782217350893 16
      vertex 62 22.33782217350893 16
    endloop
  endfacet
  facet normal 0 -0.8968727415326884 -0.4422886902190014
    outer loop
      vertex 62 22.33782217350893 16
      vertex 90 21.932843272420993 16.82121597344437
      vertex 62 21.932843272420993 16.82121597344437
    endloop
  endfacet
  facet normal 0 -0.9469301294951057 -0.3214394653031616
    outer loop
      vertex 62 21.932843272420993 16.82121597344437
      vertex 90 21.932843272420993 16.82121597344437
      vertex 62 21.702427143758253 17.5
    endloop
  endfacet
  facet normal 1 0 0
    outer loop
      vertex 90 24.9 13.43782217350893
      vertex 90 24.830798499054282 19.030105708007813
      vertex 90 24.89328485084025 13.844906456887065
    endloop
  endfacet
  facet normal 1 0 0
    outer loop
      vertex 90 25.72121597344437 13.032843272420994
      vertex 90 26.208458855568605 16.643927974951552
      vertex 90 25.854415587728425 16.954415587728427
    endloop
  endfacet
  facet normal 1 0 0
    outer loop
      vertex 90 25.72121597344437 13.032843272420994
      vertex 90 25.854415587728425 16.954415587728427
      vertex 90 25.54392797495155 17.308458855568606
    endloop
  endfacet
  facet normal 1 0 0
    outer loop
      vertex 90 25.72121597344437 13.032843272420994
      vertex 90 25.54392797495155 17.308458855568606
      vertex 90 25.28230854637602 17.7
    endloop
  endfacet
  facet normal 1 0 0
    outer loop
      vertex 90 24.9 13.43782217350893
      vertex 90 25.28230854637602 17.7
      vertex 90 25.074033682959367 18.122339643485677
    endloop
  endfacet
  facet normal 1 0 0
    outer loop
      vertex 90 24.9 13.43782217350893
      vertex 90 25.074033682959367 18.122339643485677
      vertex 90 24.922667025359353 18.568251437630927
    endloop
  endfacet
  facet normal 0 -0.8314696123025457 -0.5555702330196016
    outer loop
      vertex 62 22.846526617961352 15.238669996938956
      vertex 90 22.846526617961352 15.238669996938956
      vertex 90 22.33782217350893 16
    endloop
  endfacet
  facet normal 0 -0.8968727415326884 -0.4422886902190014
    outer loop
      vertex 62 22.33782217350893 16
      vertex 90 22.33782217350893 16
      vertex 90 21.932843272420993 16.82121597344437
    endloop
  endfacet
  facet normal 1 0 0
    outer loop
      vertex 90 24.9 13.43782217350893
      vertex 90 24.922667025359353 18.568251437630927
      vertex 90 24.830798499054282 19.030105708007813
    endloop
  endfacet
  facet normal 1 0 0
    outer loop
      vertex 90 24.89328485084025 13.844906456887065
      vertex 90 24.830798499054282 19.030105708007813
      vertex 90 24.799999999999997 19.5
    endloop
  endfacet
  facet normal 1 0 0
    outer loop
      vertex 90 24.89328485084025 13.844906456887065
      vertex 90 24.138669996938955 25.053473382038646
      vertex 90 24.138669996938955 13.946526617961354
    endloop
  endfacet
  facet normal 1 0 0
    outer loop
      vertex 90 24.138669996938955 13.946526617961354
      vertex 90 23.450252531694165 24.449747468305834
      vertex 90 23.8265209183141 14.220274012860228
    endloop
  endfacet
  facet normal 1 0 0
    outer loop
      vertex 90 23.8265209183141 14.220274012860228
      vertex 90 23.450252531694165 24.449747468305834
      vertex 90 23.450252531694165 14.550252531694166
    endloop
  endfacet
  facet normal 0 -0.9469301294951057 -0.3214394653031616
    outer loop
      vertex 62 21.702427143758253 17.5
      vertex 90 21.932843272420993 16.82121597344437
      vertex 90 21.702427143758253 17.5
    endloop
  endfacet
  facet normal 1 0 0
    outer loop
      vertex 90 23.450252531694165 14.550252531694166
      vertex 90 22.846526617961352 23.761330003061044
      vertex 90 22.846526617961352 15.238669996938956
    endloop
  endfacet
  facet normal 1 0 0
    outer loop
      vertex 90 22.846526617961352 15.238669996938956
      vertex 90 22.33782217350893 23
      vertex 90 22.33782217350893 16
    endloop
  endfacet
  facet normal 1 0 0
    outer loop
      vertex 90 22.33782217350893 16
      vertex 90 21.932843272420993 22.17878402655563
      vertex 90 21.932843272420993 16.82121597344437
    endloop
  endfacet
  facet normal 1 0 0
    outer loop
      vertex 90 21.932843272420993 16.82121597344437
      vertex 90 21.638519215976523 21.311733315717646
      vertex 90 21.702427143758253 17.5
    endloop
  endfacet
  facet normal 0 -0.9978589232386035 0.06540312923014303
    outer loop
      vertex 62 21.4 19.5
      vertex 90 21.459885970383326 20.41368334554036
      vertex 62 21.459885970383326 20.41368334554036
    endloop
  endfacet
  facet normal 0 -0.98078528040323 0.19509032201612997
    outer loop
      vertex 62 21.459885970383326 20.41368334554036
      vertex 90 21.638519215976523 21.311733315717646
      vertex 62 21.638519215976523 21.311733315717646
    endloop
  endfacet
  facet normal 0 -0.9469301294951059 0.3214394653031609
    outer loop
      vertex 62 21.638519215976523 21.311733315717646
      vertex 90 21.932843272420993 22.17878402655563
      vertex 62 21.932843272420993 22.17878402655563
    endloop
  endfacet
  facet normal 1 0 0
    outer loop
      vertex 90 24.89328485084025 13.844906456887065
      vertex 90 24.799999999999997 19.5
      vertex 90 24.138669996938955 25.053473382038646
    endloop
  endfacet
  facet normal 0 -0.9978589232386035 0.06540312923014303
    outer loop
      vertex 62 21.4 19.5
      vertex 90 21.4 19.5
      vertex 90 21.459885970383326 20.41368334554036
    endloop
  endfacet
  facet normal 1 0 0
    outer loop
      vertex 90 21.702427143758253 17.5
      vertex 90 21.638519215976523 21.311733315717646
      vertex 90 21.638519215976523 17.688266684282354
    endloop
  endfacet
  facet normal 1 0 0
    outer loop
      vertex 90 21.638519215976523 17.688266684282354
      vertex 90 21.459885970383326 20.41368334554036
      vertex 90 21.459885970383326 18.58631665445964
    endloop
  endfacet
  facet normal 1 0 0
    outer loop
      vertex 90 21.459885970383326 18.58631665445964
      vertex 90 21.459885970383326 20.41368334554036
      vertex 90 21.4 19.5
    endloop
  endfacet
  facet normal 1 0 0
    outer loop
      vertex 90 21.638519215976523 17.688266684282354
      vertex 90 21.638519215976523 21.311733315717646
      vertex 90 21.459885970383326 20.41368334554036
    endloop
  endfacet
  facet normal 1 0 0
    outer loop
      vertex 90 21.932843272420993 16.82121597344437
      vertex 90 21.932843272420993 22.17878402655563
      vertex 90 21.638519215976523 21.311733315717646
    endloop
  endfacet
  facet normal 1 0 0
    outer loop
      vertex 90 22.33782217350893 16
      vertex 90 22.33782217350893 23
      vertex 90 21.932843272420993 22.17878402655563
    endloop
  endfacet
  facet normal 1 0 0
    outer loop
      vertex 90 24.799999999999997 19.5
      vertex 90 24.830798499054282 19.969894291992187
      vertex 90 24.138669996938955 25.053473382038646
    endloop
  endfacet
  facet normal 1 0 0
    outer loop
      vertex 90 24.138669996938955 13.946526617961354
      vertex 90 24.138669996938955 25.053473382038646
      vertex 90 23.450252531694165 24.449747468305834
    endloop
  endfacet
  facet normal 1 0 0
    outer loop
      vertex 90 24.922667025359353 20.431748562369073
      vertex 90 25.074033682959367 20.877660356514323
      vertex 90 24.9 25.56217782649107
    endloop
  endfacet
  facet normal 1 0 0
    outer loop
      vertex 90 24.830798499054282 19.969894291992187
      vertex 90 24.922667025359353 20.431748562369073
      vertex 90 24.138669996938955 25.053473382038646
    endloop
  endfacet
  facet normal 0 -0.98078528040323 0.19509032201612997
    outer loop
      vertex 62 21.459885970383326 20.41368334554036
      vertex 90 21.459885970383326 20.41368334554036
      vertex 90 21.638519215976523 21.311733315717646
    endloop
  endfacet
  facet normal 0 -0.9469301294951059 0.3214394653031609
    outer loop
      vertex 62 21.638519215976523 21.311733315717646
      vertex 90 21.638519215976523 21.311733315717646
      vertex 90 21.932843272420993 22.17878402655563
    endloop
  endfacet
  facet normal 0 -0.8968727415326884 0.4422886902190014
    outer loop
      vertex 62 21.932843272420993 22.17878402655563
      vertex 90 21.932843272420993 22.17878402655563
      vertex 90 22.33782217350893 23
    endloop
  endfacet
  facet normal 1 0 0
    outer loop
      vertex 90 23.450252531694165 14.550252531694166
      vertex 90 23.450252531694165 24.449747468305834
      vertex 90 22.846526617961352 23.761330003061044
    endloop
  endfacet
  facet normal 1 0 0
    outer loop
      vertex 90 22.846526617961352 15.238669996938956
      vertex 90 22.846526617961352 23.761330003061044
      vertex 90 22.33782217350893 23
    endloop
  endfacet
  facet normal 0 0.8314696123025439 0.5555702330196043
    outer loop
      vertex 62 34.46217782649107 23
      vertex 62 33.953473382038645 23.761330003061044
      vertex 90 34.46217782649107 23
    endloop
  endfacet
  facet normal 0 0.7518398074789804 0.6593458151000655
    outer loop
      vertex 62 33.953473382038645 23.761330003061044
      vertex 62 33.349747468305836 24.449747468305834
      vertex 90 33.953473382038645 23.761330003061044
    endloop
  endfacet
  facet normal 0 0.6593458151000638 0.7518398074789818
    outer loop
      vertex 62 33.349747468305836 24.449747468305834
      vertex 62 32.66133000306104 25.053473382038646
      vertex 90 32.66133000306104 25.053473382038646
    endloop
  endfacet
  facet normal 0 0.5555702330196034 0.8314696123025445
    outer loop
      vertex 62 32.66133000306104 25.053473382038646
      vertex 62 31.9 25.56217782649107
      vertex 90 31.9 25.56217782649107
    endloop
  endfacet
  facet normal 0 0.4422886902190014 0.8968727415326884
    outer loop
      vertex 62 31.9 25.56217782649107
      vertex 62 31.078784026555628 25.967156727579006
      vertex 90 31.078784026555628 25.967156727579006
    endloop
  endfacet
  facet normal 0 0.8968727415326914 0.44228869021899514
    outer loop
      vertex 62 34.46217782649107 23
      vertex 90 34.46217782649107 23
      vertex 90 34.867156727579 22.17878402655563
    endloop
  endfacet
  facet normal 0 0.8314696123025439 0.5555702330196043
    outer loop
      vertex 62 33.953473382038645 23.761330003061044
      vertex 90 33.953473382038645 23.761330003061044
      vertex 90 34.46217782649107 23
    endloop
  endfacet
  facet normal 0 0.7518398074789804 0.6593458151000655
    outer loop
      vertex 62 33.349747468305836 24.449747468305834
      vertex 90 33.349747468305836 24.449747468305834
      vertex 90 33.953473382038645 23.761330003061044
    endloop
  endfacet
  facet normal 1 0 0
    outer loop
      vertex 90 31.72596631704063 20.877660356514323
      vertex 90 31.9 25.56217782649107
      vertex 90 31.51769145362398 21.3
    endloop
  endfacet
  facet normal 1 0 0
    outer loop
      vertex 90 31.51769145362398 21.3
      vertex 90 31.9 25.56217782649107
      vertex 90 31.078784026555628 25.967156727579006
    endloop
  endfacet
  facet normal 0 0.6593458151000638 0.7518398074789818
    outer loop
      vertex 62 33.349747468305836 24.449747468305834
      vertex 90 32.66133000306104 25.053473382038646
      vertex 90 33.349747468305836 24.449747468305834
    endloop
  endfacet
  facet normal 0 0.5555702330196034 0.8314696123025445
    outer loop
      vertex 62 32.66133000306104 25.053473382038646
      vertex 90 31.9 25.56217782649107
      vertex 90 32.66133000306104 25.053473382038646
    endloop
  endfacet
  facet normal 0 0.4422886902190014 0.8968727415326884
    outer loop
      vertex 62 31.9 25.56217782649107
      vertex 90 31.078784026555628 25.967156727579006
      vertex 90 31.9 25.56217782649107
    endloop
  endfacet
  facet normal 0 0.3214394653031609 0.9469301294951059
    outer loop
      vertex 62 31.078784026555628 25.967156727579006
      vertex 62 30.211733315717645 26.261480784023476
      vertex 90 30.211733315717645 26.261480784023476
    endloop
  endfacet
  facet normal 1 0 0
    outer loop
      vertex 90 31.51769145362398 21.3
      vertex 90 31.078784026555628 25.967156727579006
      vertex 90 31.256072025048447 21.691541144431394
    endloop
  endfacet
  facet normal 1 0 0
    outer loop
      vertex 90 31.256072025048447 21.691541144431394
      vertex 90 31.078784026555628 25.967156727579006
      vertex 90 30.94558441227157 22.045584412271573
    endloop
  endfacet
  facet normal 1 0 0
    outer loop
      vertex 90 30.94558441227157 22.045584412271573
      vertex 90 31.078784026555628 25.967156727579006
      vertex 90 30.591541144431392 22.356072025048448
    endloop
  endfacet
  facet normal 1 0 0
    outer loop
      vertex 90 30.591541144431392 22.356072025048448
      vertex 90 30.211733315717645 26.261480784023476
      vertex 90 30.2 22.61769145362398
    endloop
  endfacet
  facet normal 1 0 0
    outer loop
      vertex 90 30.2 22.61769145362398
      vertex 90 30.211733315717645 26.261480784023476
      vertex 90 29.77766035651432 22.82596631704063
    endloop
  endfacet
  facet normal 1 0 0
    outer loop
      vertex 90 29.77766035651432 22.82596631704063
      vertex 90 29.313683345540362 26.440114029616673
      vertex 90 29.33174856236907 22.977332974640646
    endloop
  endfacet
  facet normal 1 0 0
    outer loop
      vertex 90 29.33174856236907 22.977332974640646
      vertex 90 29.313683345540362 26.440114029616673
      vertex 90 28.869894291992182 23.069201500945717
    endloop
  endfacet
  facet normal 1 0 0
    outer loop
      vertex 90 28.869894291992182 23.069201500945717
      vertex 90 28.4 26.5
      vertex 90 28.4 23.1
    endloop
  endfacet
  facet normal 1 0 0
    outer loop
      vertex 90 28.4 23.1
      vertex 90 28.4 26.5
      vertex 90 27.93010570800781 23.069201500945717
    endloop
  endfacet
  facet normal 1 0 0
    outer loop
      vertex 90 26.208458855568605 22.356072025048448
      vertex 90 26.599999999999998 22.61769145362398
      vertex 90 25.72121597344437 25.967156727579006
    endloop
  endfacet
  facet normal 1 0 0
    outer loop
      vertex 90 27.022339643485676 22.82596631704063
      vertex 90 26.588266684282353 26.261480784023476
      vertex 90 26.599999999999998 22.61769145362398
    endloop
  endfacet
  facet normal 1 0 0
    outer loop
      vertex 90 27.93010570800781 23.069201500945717
      vertex 90 26.588266684282353 26.261480784023476
      vertex 90 27.468251437630926 22.977332974640646
    endloop
  endfacet
  facet normal 1 0 0
    outer loop
      vertex 90 27.468251437630926 22.977332974640646
      vertex 90 26.588266684282353 26.261480784023476
      vertex 90 27.022339643485676 22.82596631704063
    endloop
  endfacet
  facet normal 0 0.3214394653031609 0.9469301294951059
    outer loop
      vertex 62 31.078784026555628 25.967156727579006
      vertex 90 30.211733315717645 26.261480784023476
      vertex 90 31.078784026555628 25.967156727579006
    endloop
  endfacet
  facet normal 1 0 0
    outer loop
      vertex 90 30.591541144431392 22.356072025048448
      vertex 90 31.078784026555628 25.967156727579006
      vertex 90 30.211733315717645 26.261480784023476
    endloop
  endfacet
  facet normal 1 0 0
    outer loop
      vertex 90 29.77766035651432 22.82596631704063
      vertex 90 30.211733315717645 26.261480784023476
      vertex 90 29.313683345540362 26.440114029616673
    endloop
  endfacet
  facet normal 1 0 0
    outer loop
      vertex 90 28.869894291992182 23.069201500945717
      vertex 90 29.313683345540362 26.440114029616673
      vertex 90 28.4 26.5
    endloop
  endfacet
  facet normal 0 -0.3214394653031609 0.9469301294951059
    outer loop
      vertex 62 26.588266684282353 26.261480784023476
      vertex 90 25.72121597344437 25.967156727579006
      vertex 90 26.588266684282353 26.261480784023476
    endloop
  endfacet
  facet normal 1 0 0
    outer loop
      vertex 90 27.93010570800781 23.069201500945717
      vertex 90 27.48631665445964 26.440114029616673
      vertex 90 26.588266684282353 26.261480784023476
    endloop
  endfacet
  facet normal 1 0 0
    outer loop
      vertex 90 26.599999999999998 22.61769145362398
      vertex 90 26.588266684282353 26.261480784023476
      vertex 90 25.72121597344437 25.967156727579006
    endloop
  endfacet
  facet normal 1 0 0
    outer loop
      vertex 90 27.93010570800781 23.069201500945717
      vertex 90 28.4 26.5
      vertex 90 27.48631665445964 26.440114029616673
    endloop
  endfacet
  facet normal 0 -0.8968727415326884 0.4422886902190014
    outer loop
      vertex 62 21.932843272420993 22.17878402655563
      vertex 90 22.33782217350893 23
      vertex 62 22.33782217350893 23
    endloop
  endfacet
  facet normal 0 -0.8314696123025457 0.5555702330196016
    outer loop
      vertex 62 22.33782217350893 23
      vertex 90 22.846526617961352 23.761330003061044
      vertex 62 22.846526617961352 23.761330003061044
    endloop
  endfacet
  facet normal 0 -0.7518398074789785 0.6593458151000677
    outer loop
      vertex 62 22.846526617961352 23.761330003061044
      vertex 90 23.450252531694165 24.449747468305834
      vertex 62 23.450252531694165 24.449747468305834
    endloop
  endfacet
  facet normal 0 -0.6593458151000677 0.7518398074789785
    outer loop
      vertex 62 24.138669996938955 25.053473382038646
      vertex 62 23.450252531694165 24.449747468305834
      vertex 90 23.450252531694165 24.449747468305834
    endloop
  endfacet
  facet normal 0 -0.5555702330196016 0.8314696123025457
    outer loop
      vertex 62 24.138669996938955 25.053473382038646
      vertex 90 24.138669996938955 25.053473382038646
      vertex 62 24.9 25.56217782649107
    endloop
  endfacet
  facet normal 0 -0.4422886902190014 0.8968727415326884
    outer loop
      vertex 62 24.9 25.56217782649107
      vertex 90 24.9 25.56217782649107
      vertex 62 25.72121597344437 25.967156727579006
    endloop
  endfacet
  facet normal 0 -0.3214394653031609 0.9469301294951059
    outer loop
      vertex 62 25.72121597344437 25.967156727579006
      vertex 90 25.72121597344437 25.967156727579006
      vertex 62 26.588266684282353 26.261480784023476
    endloop
  endfacet
  facet normal 1 0 0
    outer loop
      vertex 90 25.074033682959367 20.877660356514323
      vertex 90 25.28230854637602 21.3
      vertex 90 24.9 25.56217782649107
    endloop
  endfacet
  facet normal 1 0 0
    outer loop
      vertex 90 25.28230854637602 21.3
      vertex 90 25.54392797495155 21.691541144431394
      vertex 90 24.9 25.56217782649107
    endloop
  endfacet
  facet normal 1 0 0
    outer loop
      vertex 90 25.54392797495155 21.691541144431394
      vertex 90 25.854415587728425 22.045584412271573
      vertex 90 24.9 25.56217782649107
    endloop
  endfacet
  facet normal 1 0 0
    outer loop
      vertex 90 26.208458855568605 22.356072025048448
      vertex 90 25.72121597344437 25.967156727579006
      vertex 90 25.854415587728425 22.045584412271573
    endloop
  endfacet
  facet normal 1 0 0
    outer loop
      vertex 90 24.922667025359353 20.431748562369073
      vertex 90 24.9 25.56217782649107
      vertex 90 24.138669996938955 25.053473382038646
    endloop
  endfacet
  facet normal 0 -0.8314696123025457 0.5555702330196016
    outer loop
      vertex 62 22.33782217350893 23
      vertex 90 22.33782217350893 23
      vertex 90 22.846526617961352 23.761330003061044
    endloop
  endfacet
  facet normal 0 -0.7518398074789785 0.6593458151000677
    outer loop
      vertex 62 22.846526617961352 23.761330003061044
      vertex 90 22.846526617961352 23.761330003061044
      vertex 90 23.450252531694165 24.449747468305834
    endloop
  endfacet
  facet normal 0 -0.6593458151000677 0.7518398074789785
    outer loop
      vertex 62 24.138669996938955 25.053473382038646
      vertex 90 23.450252531694165 24.449747468305834
      vertex 90 24.138669996938955 25.053473382038646
    endloop
  endfacet
  facet normal 0 -0.4422886902190014 0.8968727415326884
    outer loop
      vertex 62 25.72121597344437 25.967156727579006
      vertex 90 24.9 25.56217782649107
      vertex 90 25.72121597344437 25.967156727579006
    endloop
  endfacet
  facet normal 0 -0.5555702330196016 0.8314696123025457
    outer loop
      vertex 62 24.9 25.56217782649107
      vertex 90 24.138669996938955 25.053473382038646
      vertex 90 24.9 25.56217782649107
    endloop
  endfacet
  facet normal 1 0 0
    outer loop
      vertex 90 25.854415587728425 22.045584412271573
      vertex 90 25.72121597344437 25.967156727579006
      vertex 90 24.9 25.56217782649107
    endloop
  endfacet
  facet normal 0 0.19509032201613072 0.98078528040323
    outer loop
      vertex 62 30.211733315717645 26.261480784023476
      vertex 62 29.313683345540362 26.440114029616673
      vertex 90 29.313683345540362 26.440114029616673
    endloop
  endfacet
  facet normal 0 0.06540312923014277 0.9978589232386035
    outer loop
      vertex 62 29.313683345540362 26.440114029616673
      vertex 62 28.4 26.5
      vertex 90 28.4 26.5
    endloop
  endfacet
  facet normal 0 -0.06540312923014303 0.9978589232386035
    outer loop
      vertex 62 28.4 26.5
      vertex 62 27.48631665445964 26.440114029616673
      vertex 90 27.48631665445964 26.440114029616673
    endloop
  endfacet
  facet normal 0 -0.19509032201612997 0.98078528040323
    outer loop
      vertex 62 27.48631665445964 26.440114029616673
      vertex 62 26.588266684282353 26.261480784023476
      vertex 90 26.588266684282353 26.261480784023476
    endloop
  endfacet
  facet normal 0 0.19509032201613072 0.98078528040323
    outer loop
      vertex 62 30.211733315717645 26.261480784023476
      vertex 90 29.313683345540362 26.440114029616673
      vertex 90 30.211733315717645 26.261480784023476
    endloop
  endfacet
  facet normal 0 0.06540312923014277 0.9978589232386035
    outer loop
      vertex 62 29.313683345540362 26.440114029616673
      vertex 90 28.4 26.5
      vertex 90 29.313683345540362 26.440114029616673
    endloop
  endfacet
  facet normal 0 -0.06540312923014303 0.9978589232386035
    outer loop
      vertex 62 28.4 26.5
      vertex 90 27.48631665445964 26.440114029616673
      vertex 90 28.4 26.5
    endloop
  endfacet
  facet normal 0 -0.19509032201612997 0.98078528040323
    outer loop
      vertex 62 27.48631665445964 26.440114029616673
      vertex 90 26.588266684282353 26.261480784023476
      vertex 90 27.48631665445964 26.440114029616673
    endloop
  endfacet
  facet normal -1 0 0
    outer loop
      vertex 136 31.9 13.43782217350893
      vertex 136 31.078784026555628 13.032843272420994
      vertex 136 31.51769145362398 17.7
    endloop
  endfacet
  facet normal 0 0.4422886902190014 -0.8968727415326884
    outer loop
      vertex 136 31.9 13.43782217350893
      vertex 164 31.9 13.43782217350893
      vertex 136 31.078784026555628 13.032843272420994
    endloop
  endfacet
  facet normal 0 0.5555702330196034 -0.8314696123025445
    outer loop
      vertex 136 32.66133000306104 13.946526617961354
      vertex 164 32.66133000306104 13.946526617961354
      vertex 136 31.9 13.43782217350893
    endloop
  endfacet
  facet normal 0 0.6593458151000638 -0.7518398074789818
    outer loop
      vertex 136 32.66133000306104 13.946526617961354
      vertex 136 33.349747468305836 14.550252531694166
      vertex 164 33.349747468305836 14.550252531694166
    endloop
  endfacet
  facet normal 0 0.7518398074789804 -0.6593458151000655
    outer loop
      vertex 136 33.349747468305836 14.550252531694166
      vertex 136 33.953473382038645 15.238669996938956
      vertex 164 33.349747468305836 14.550252531694166
    endloop
  endfacet
  facet normal 0 0.4422886902190014 -0.8968727415326884
    outer loop
      vertex 164 31.9 13.43782217350893
      vertex 164 31.078784026555628 13.032843272420994
      vertex 136 31.078784026555628 13.032843272420994
    endloop
  endfacet
  facet normal 0 0.5555702330196034 -0.8314696123025445
    outer loop
      vertex 136 31.9 13.43782217350893
      vertex 164 32.66133000306104 13.946526617961354
      vertex 164 31.9 13.43782217350893
    endloop
  endfacet
  facet normal 0 0.6593458151000638 -0.7518398074789818
    outer loop
      vertex 136 32.66133000306104 13.946526617961354
      vertex 164 33.349747468305836 14.550252531694166
      vertex 164 32.66133000306104 13.946526617961354
    endloop
  endfacet
  facet normal -1 0 0
    outer loop
      vertex 136 29.4 12.577055420466186
      vertex 136 29.313683345540362 12.559885970383327
      vertex 136 29.77766035651432 16.17403368295937
    endloop
  endfacet
  facet normal -1 0 0
    outer loop
      vertex 136 30.211733315717645 12.738519215976522
      vertex 136 29.4 12.577055420466186
      vertex 136 29.77766035651432 16.17403368295937
    endloop
  endfacet
  facet normal -1 0 0
    outer loop
      vertex 136 29.313683345540362 12.559885970383327
      vertex 136 28.4 12.5
      vertex 136 28.869894291992182 15.930798499054283
    endloop
  endfacet
  facet normal -1 0 0
    outer loop
      vertex 136 31.078784026555628 13.032843272420994
      vertex 136 30.211733315717645 12.738519215976522
      vertex 136 30.591541144431392 16.643927974951552
    endloop
  endfacet
  facet normal -1 0 0
    outer loop
      vertex 136 29.313683345540362 12.559885970383327
      vertex 136 29.33174856236907 16.022667025359354
      vertex 136 29.77766035651432 16.17403368295937
    endloop
  endfacet
  facet normal -1 0 0
    outer loop
      vertex 136 29.313683345540362 12.559885970383327
      vertex 136 28.869894291992182 15.930798499054283
      vertex 136 29.33174856236907 16.022667025359354
    endloop
  endfacet
  facet normal -1 0 0
    outer loop
      vertex 136 28.4 12.5
      vertex 136 27.48631665445964 12.559885970383327
      vertex 136 27.93010570800781 15.930798499054283
    endloop
  endfacet
  facet normal -1 0 0
    outer loop
      vertex 136 27.48631665445964 12.559885970383327
      vertex 136 26.588266684282353 12.738519215976522
      vertex 136 27.93010570800781 15.930798499054283
    endloop
  endfacet
  facet normal -1 0 0
    outer loop
      vertex 136 26.588266684282353 12.738519215976522
      vertex 136 25.72121597344437 13.032843272420994
      vertex 136 26.599999999999998 16.38230854637602
    endloop
  endfacet
  facet normal -1 0 0
    outer loop
      vertex 136 28.4 12.5
      vertex 136 28.4 15.899999999999999
      vertex 136 28.869894291992182 15.930798499054283
    endloop
  endfacet
  facet normal -1 0 0
    outer loop
      vertex 136 28.4 12.5
      vertex 136 27.93010570800781 15.930798499054283
      vertex 136 28.4 15.899999999999999
    endloop
  endfacet
  facet normal -1 0 0
    outer loop
      vertex 136 26.588266684282353 12.738519215976522
      vertex 136 27.468251437630926 16.022667025359354
      vertex 136 27.93010570800781 15.930798499054283
    endloop
  endfacet
  facet normal -1 0 0
    outer loop
      vertex 136 26.588266684282353 12.738519215976522
      vertex 136 27.022339643485676 16.17403368295937
      vertex 136 27.468251437630926 16.022667025359354
    endloop
  endfacet
  facet normal 0 0.32143946530316264 -0.9469301294951052
    outer loop
      vertex 136 31.078784026555628 13.032843272420994
      vertex 164 31.078784026555628 13.032843272420994
      vertex 136 30.211733315717645 12.738519215976522
    endloop
  endfacet
  facet normal 0 0.19509032201612808 -0.9807852804032304
    outer loop
      vertex 136 30.211733315717645 12.738519215976522
      vertex 164 30.211733315717645 12.738519215976522
      vertex 136 29.4 12.577055420466186
    endloop
  endfacet
  facet normal 0 0.32143946530316264 -0.9469301294951052
    outer loop
      vertex 136 30.211733315717645 12.738519215976522
      vertex 164 31.078784026555628 13.032843272420994
      vertex 164 30.211733315717645 12.738519215976522
    endloop
  endfacet
  facet normal 0 0.19509032201612808 -0.9807852804032304
    outer loop
      vertex 136 29.4 12.577055420466186
      vertex 164 30.211733315717645 12.738519215976522
      vertex 164 29.4 12.577055420466186
    endloop
  endfacet
  facet normal -1 0 0
    outer loop
      vertex 136 25.72121597344437 13.032843272420994
      vertex 136 24.9 13.43782217350893
      vertex 136 25.854415587728425 16.954415587728427
    endloop
  endfacet
  facet normal 0 -0.6593458151000658 -0.75183980747898
    outer loop
      vertex 136 23.8265209183141 14.220274012860228
      vertex 164 23.8265209183141 14.220274012860228
      vertex 136 23.450252531694165 14.550252531694166
    endloop
  endfacet
  facet normal 0 -0.6593458151000658 -0.75183980747898
    outer loop
      vertex 136 23.450252531694165 14.550252531694166
      vertex 164 23.8265209183141 14.220274012860228
      vertex 164 23.450252531694165 14.550252531694166
    endloop
  endfacet
  facet normal 0 -0.7518398074789785 -0.6593458151000677
    outer loop
      vertex 136 23.450252531694165 14.550252531694166
      vertex 164 23.450252531694165 14.550252531694166
      vertex 164 22.846526617961352 15.238669996938956
    endloop
  endfacet
  facet normal 1 0 0
    outer loop
      vertex 164 31.078784026555628 13.032843272420994
      vertex 164 30.2 16.38230854637602
      vertex 164 30.211733315717645 12.738519215976522
    endloop
  endfacet
  facet normal 1 0 0
    outer loop
      vertex 164 30.211733315717645 12.738519215976522
      vertex 164 28.869894291992182 15.930798499054283
      vertex 164 29.4 12.577055420466186
    endloop
  endfacet
  facet normal 1 0 0
    outer loop
      vertex 164 29.4 12.577055420466186
      vertex 164 28.869894291992182 15.930798499054283
      vertex 164 29.313683345540362 12.559885970383327
    endloop
  endfacet
  facet normal 1 0 0
    outer loop
      vertex 164 29.313683345540362 12.559885970383327
      vertex 164 28.869894291992182 15.930798499054283
      vertex 164 28.4 12.5
    endloop
  endfacet
  facet normal 1 0 0
    outer loop
      vertex 164 31.9 13.43782217350893
      vertex 164 30.94558441227157 16.954415587728427
      vertex 164 31.078784026555628 13.032843272420994
    endloop
  endfacet
  facet normal 1 0 0
    outer loop
      vertex 164 30.211733315717645 12.738519215976522
      vertex 164 29.77766035651432 16.17403368295937
      vertex 164 29.33174856236907 16.022667025359354
    endloop
  endfacet
  facet normal 1 0 0
    outer loop
      vertex 164 30.211733315717645 12.738519215976522
      vertex 164 29.33174856236907 16.022667025359354
      vertex 164 28.869894291992182 15.930798499054283
    endloop
  endfacet
  facet normal 1 0 0
    outer loop
      vertex 164 28.4 12.5
      vertex 164 27.93010570800781 15.930798499054283
      vertex 164 27.48631665445964 12.559885970383327
    endloop
  endfacet
  facet normal 1 0 0
    outer loop
      vertex 164 27.48631665445964 12.559885970383327
      vertex 164 27.022339643485676 16.17403368295937
      vertex 164 26.588266684282353 12.738519215976522
    endloop
  endfacet
  facet normal 1 0 0
    outer loop
      vertex 164 28.4 12.5
      vertex 164 28.869894291992182 15.930798499054283
      vertex 164 28.4 15.899999999999999
    endloop
  endfacet
  facet normal 1 0 0
    outer loop
      vertex 164 28.4 12.5
      vertex 164 28.4 15.899999999999999
      vertex 164 27.93010570800781 15.930798499054283
    endloop
  endfacet
  facet normal 1 0 0
    outer loop
      vertex 164 27.48631665445964 12.559885970383327
      vertex 164 27.93010570800781 15.930798499054283
      vertex 164 27.468251437630926 16.022667025359354
    endloop
  endfacet
  facet normal 1 0 0
    outer loop
      vertex 164 26.588266684282353 12.738519215976522
      vertex 164 26.208458855568605 16.643927974951552
      vertex 164 25.72121597344437 13.032843272420994
    endloop
  endfacet
  facet normal 1 0 0
    outer loop
      vertex 164 27.48631665445964 12.559885970383327
      vertex 164 27.468251437630926 16.022667025359354
      vertex 164 27.022339643485676 16.17403368295937
    endloop
  endfacet
  facet normal 1 0 0
    outer loop
      vertex 164 24.89328485084025 13.844906456887065
      vertex 164 24.138669996938955 13.946526617961354
      vertex 164 24.528269882821434 13.686204296878886
    endloop
  endfacet
  facet normal 1 0 0
    outer loop
      vertex 164 25.72121597344437 13.032843272420994
      vertex 164 25.28230854637602 17.7
      vertex 164 24.9 13.43782217350893
    endloop
  endfacet
  facet normal -1 0 0
    outer loop
      vertex 136 31.9 13.43782217350893
      vertex 136 31.51769145362398 17.7
      vertex 136 31.72596631704063 18.122339643485677
    endloop
  endfacet
  facet normal -1 0 0
    outer loop
      vertex 136 31.9 13.43782217350893
      vertex 136 31.72596631704063 18.122339643485677
      vertex 136 31.877332974640645 18.568251437630927
    endloop
  endfacet
  facet normal -1 0 0
    outer loop
      vertex 136 34.46217782649107 16
      vertex 136 33.953473382038645 15.238669996938956
      vertex 136 34.46217782649107 23
    endloop
  endfacet
  facet normal -1 0 0
    outer loop
      vertex 136 34.46217782649107 16
      vertex 136 34.867156727579 22.17878402655563
      vertex 136 34.867156727579 16.82121597344437
    endloop
  endfacet
  facet normal -1 0 0
    outer loop
      vertex 136 34.867156727579 16.82121597344437
      vertex 136 35.161480784023475 21.311733315717646
      vertex 136 35.161480784023475 17.688266684282354
    endloop
  endfacet
  facet normal -1 0 0
    outer loop
      vertex 136 32.66133000306104 13.946526617961354
      vertex 136 33.349747468305836 24.449747468305834
      vertex 136 33.349747468305836 14.550252531694166
    endloop
  endfacet
  facet normal -1 0 0
    outer loop
      vertex 136 31.9 13.43782217350893
      vertex 136 31.877332974640645 18.568251437630927
      vertex 136 31.969201500945715 19.030105708007813
    endloop
  endfacet
  facet normal -1 0 0
    outer loop
      vertex 136 31.9 13.43782217350893
      vertex 136 31.969201500945715 19.030105708007813
      vertex 136 32 19.5
    endloop
  endfacet
  facet normal -1 0 0
    outer loop
      vertex 136 32.66133000306104 13.946526617961354
      vertex 136 31.9 13.43782217350893
      vertex 136 32.66133000306104 25.053473382038646
    endloop
  endfacet
  facet normal -1 0 0
    outer loop
      vertex 136 33.349747468305836 14.550252531694166
      vertex 136 33.953473382038645 23.761330003061044
      vertex 136 33.953473382038645 15.238669996938956
    endloop
  endfacet
  facet normal 0 0.8314696123025439 -0.5555702330196043
    outer loop
      vertex 136 34.46217782649107 16
      vertex 164 33.953473382038645 15.238669996938956
      vertex 136 33.953473382038645 15.238669996938956
    endloop
  endfacet
  facet normal 0 0.8968727415326914 -0.44228869021899514
    outer loop
      vertex 136 34.46217782649107 16
      vertex 136 34.867156727579 16.82121597344437
      vertex 164 34.46217782649107 16
    endloop
  endfacet
  facet normal 0 0.8314696123025439 -0.5555702330196043
    outer loop
      vertex 136 34.46217782649107 16
      vertex 164 34.46217782649107 16
      vertex 164 33.953473382038645 15.238669996938956
    endloop
  endfacet
  facet normal 0 0.8968727415326914 -0.44228869021899514
    outer loop
      vertex 136 34.867156727579 16.82121597344437
      vertex 164 34.867156727579 16.82121597344437
      vertex 164 34.46217782649107 16
    endloop
  endfacet
  facet normal 0 0.7518398074789804 -0.6593458151000655
    outer loop
      vertex 164 33.349747468305836 14.550252531694166
      vertex 136 33.953473382038645 15.238669996938956
      vertex 164 33.953473382038645 15.238669996938956
    endloop
  endfacet
  facet normal 0 0.9469301294951048 -0.3214394653031644
    outer loop
      vertex 136 34.867156727579 16.82121597344437
      vertex 136 35.161480784023475 17.688266684282354
      vertex 164 34.867156727579 16.82121597344437
    endloop
  endfacet
  facet normal 0 0.98078528040323 -0.19509032201612997
    outer loop
      vertex 136 35.161480784023475 17.688266684282354
      vertex 136 35.34011402961667 18.58631665445964
      vertex 164 35.161480784023475 17.688266684282354
    endloop
  endfacet
  facet normal 0 0.9469301294951048 -0.3214394653031644
    outer loop
      vertex 136 35.161480784023475 17.688266684282354
      vertex 164 35.161480784023475 17.688266684282354
      vertex 164 34.867156727579 16.82121597344437
    endloop
  endfacet
  facet normal 0 0.98078528040323 -0.19509032201612997
    outer loop
      vertex 136 35.34011402961667 18.58631665445964
      vertex 164 35.34011402961667 18.58631665445964
      vertex 164 35.161480784023475 17.688266684282354
    endloop
  endfacet
  facet normal -1 0 0
    outer loop
      vertex 136 35.161480784023475 17.688266684282354
      vertex 136 35.34011402961667 20.41368334554036
      vertex 136 35.34011402961667 18.58631665445964
    endloop
  endfacet
  facet normal -1 0 0
    outer loop
      vertex 136 35.34011402961667 18.58631665445964
      vertex 136 35.34011402961667 20.41368334554036
      vertex 136 35.4 19.5
    endloop
  endfacet
  facet normal -1 0 0
    outer loop
      vertex 136 35.161480784023475 17.688266684282354
      vertex 136 35.161480784023475 21.311733315717646
      vertex 136 35.34011402961667 20.41368334554036
    endloop
  endfacet
  facet normal -1 0 0
    outer loop
      vertex 136 34.867156727579 16.82121597344437
      vertex 136 34.867156727579 22.17878402655563
      vertex 136 35.161480784023475 21.311733315717646
    endloop
  endfacet
  facet normal -1 0 0
    outer loop
      vertex 136 34.46217782649107 16
      vertex 136 34.46217782649107 23
      vertex 136 34.867156727579 22.17878402655563
    endloop
  endfacet
  facet normal -1 0 0
    outer loop
      vertex 136 31.9 13.43782217350893
      vertex 136 32 19.5
      vertex 136 32.66133000306104 25.053473382038646
    endloop
  endfacet
  facet normal -1 0 0
    outer loop
      vertex 136 33.953473382038645 15.238669996938956
      vertex 136 33.953473382038645 23.761330003061044
      vertex 136 34.46217782649107 23
    endloop
  endfacet
  facet normal -1 0 0
    outer loop
      vertex 136 33.349747468305836 14.550252531694166
      vertex 136 33.349747468305836 24.449747468305834
      vertex 136 33.953473382038645 23.761330003061044
    endloop
  endfacet
  facet normal -1 0 0
    outer loop
      vertex 136 32.66133000306104 13.946526617961354
      vertex 136 32.66133000306104 25.053473382038646
      vertex 136 33.349747468305836 24.449747468305834
    endloop
  endfacet
  facet normal -1 0 0
    outer loop
      vertex 136 32 19.5
      vertex 136 31.969201500945715 19.969894291992187
      vertex 136 32.66133000306104 25.053473382038646
    endloop
  endfacet
  facet normal -1 0 0
    outer loop
      vertex 136 31.969201500945715 19.969894291992187
      vertex 136 31.877332974640645 20.431748562369073
      vertex 136 32.66133000306104 25.053473382038646
    endloop
  endfacet
  facet normal -1 0 0
    outer loop
      vertex 136 31.877332974640645 20.431748562369073
      vertex 136 31.72596631704063 20.877660356514323
      vertex 136 31.9 25.56217782649107
    endloop
  endfacet
  facet normal 0 0.9978589232386035 -0.06540312923014303
    outer loop
      vertex 136 35.34011402961667 18.58631665445964
      vertex 136 35.4 19.5
      vertex 164 35.34011402961667 18.58631665445964
    endloop
  endfacet
  facet normal 0 0.9978589232386035 0.06540312923014303
    outer loop
      vertex 136 35.4 19.5
      vertex 136 35.34011402961667 20.41368334554036
      vertex 164 35.4 19.5
    endloop
  endfacet
  facet normal 0 0.9978589232386035 -0.06540312923014303
    outer loop
      vertex 136 35.4 19.5
      vertex 164 35.4 19.5
      vertex 164 35.34011402961667 18.58631665445964
    endloop
  endfacet
  facet normal 0 0.9978589232386035 0.06540312923014303
    outer loop
      vertex 136 35.34011402961667 20.41368334554036
      vertex 164 35.34011402961667 20.41368334554036
      vertex 164 35.4 19.5
    endloop
  endfacet
  facet normal 0 0.98078528040323 0.19509032201612997
    outer loop
      vertex 136 35.34011402961667 20.41368334554036
      vertex 136 35.161480784023475 21.311733315717646
      vertex 164 35.34011402961667 20.41368334554036
    endloop
  endfacet
  facet normal 0 0.9469301294951048 0.3214394653031644
    outer loop
      vertex 136 35.161480784023475 21.311733315717646
      vertex 136 34.867156727579 22.17878402655563
      vertex 164 35.161480784023475 21.311733315717646
    endloop
  endfacet
  facet normal 0 0.8968727415326914 0.44228869021899514
    outer loop
      vertex 136 34.867156727579 22.17878402655563
      vertex 136 34.46217782649107 23
      vertex 164 34.867156727579 22.17878402655563
    endloop
  endfacet
  facet normal 0 0.98078528040323 0.19509032201612997
    outer loop
      vertex 136 35.161480784023475 21.311733315717646
      vertex 164 35.161480784023475 21.311733315717646
      vertex 164 35.34011402961667 20.41368334554036
    endloop
  endfacet
  facet normal 0 0.9469301294951048 0.3214394653031644
    outer loop
      vertex 136 34.867156727579 22.17878402655563
      vertex 164 34.867156727579 22.17878402655563
      vertex 164 35.161480784023475 21.311733315717646
    endloop
  endfacet
  facet normal 1 0 0
    outer loop
      vertex 164 32.66133000306104 13.946526617961354
      vertex 164 31.877332974640645 18.568251437630927
      vertex 164 31.9 13.43782217350893
    endloop
  endfacet
  facet normal 1 0 0
    outer loop
      vertex 164 31.9 13.43782217350893
      vertex 164 31.256072025048447 17.308458855568606
      vertex 164 30.94558441227157 16.954415587728427
    endloop
  endfacet
  facet normal 1 0 0
    outer loop
      vertex 164 31.9 13.43782217350893
      vertex 164 31.51769145362398 17.7
      vertex 164 31.256072025048447 17.308458855568606
    endloop
  endfacet
  facet normal 1 0 0
    outer loop
      vertex 164 31.9 13.43782217350893
      vertex 164 31.72596631704063 18.122339643485677
      vertex 164 31.51769145362398 17.7
    endloop
  endfacet
  facet normal 1 0 0
    outer loop
      vertex 164 31.9 13.43782217350893
      vertex 164 31.877332974640645 18.568251437630927
      vertex 164 31.72596631704063 18.122339643485677
    endloop
  endfacet
  facet normal 1 0 0
    outer loop
      vertex 164 34.46217782649107 16
      vertex 164 33.953473382038645 23.761330003061044
      vertex 164 33.953473382038645 15.238669996938956
    endloop
  endfacet
  facet normal 1 0 0
    outer loop
      vertex 164 34.46217782649107 16
      vertex 164 34.867156727579 16.82121597344437
      vertex 164 34.46217782649107 23
    endloop
  endfacet
  facet normal 1 0 0
    outer loop
      vertex 164 32.66133000306104 13.946526617961354
      vertex 164 31.969201500945715 19.030105708007813
      vertex 164 31.877332974640645 18.568251437630927
    endloop
  endfacet
  facet normal 1 0 0
    outer loop
      vertex 164 32.66133000306104 13.946526617961354
      vertex 164 32 19.5
      vertex 164 31.969201500945715 19.030105708007813
    endloop
  endfacet
  facet normal 1 0 0
    outer loop
      vertex 164 33.349747468305836 14.550252531694166
      vertex 164 33.953473382038645 15.238669996938956
      vertex 164 33.349747468305836 24.449747468305834
    endloop
  endfacet
  facet normal 1 0 0
    outer loop
      vertex 164 32.66133000306104 13.946526617961354
      vertex 164 33.349747468305836 14.550252531694166
      vertex 164 32.66133000306104 25.053473382038646
    endloop
  endfacet
  facet normal 1 0 0
    outer loop
      vertex 164 35.34011402961667 18.58631665445964
      vertex 164 35.4 19.5
      vertex 164 35.34011402961667 20.41368334554036
    endloop
  endfacet
  facet normal 1 0 0
    outer loop
      vertex 164 34.867156727579 16.82121597344437
      vertex 164 35.161480784023475 17.688266684282354
      vertex 164 34.867156727579 22.17878402655563
    endloop
  endfacet
  facet normal 1 0 0
    outer loop
      vertex 164 35.161480784023475 17.688266684282354
      vertex 164 35.34011402961667 18.58631665445964
      vertex 164 35.161480784023475 21.311733315717646
    endloop
  endfacet
  facet normal 1 0 0
    outer loop
      vertex 164 35.34011402961667 18.58631665445964
      vertex 164 35.34011402961667 20.41368334554036
      vertex 164 35.161480784023475 21.311733315717646
    endloop
  endfacet
  facet normal 1 0 0
    outer loop
      vertex 164 35.161480784023475 17.688266684282354
      vertex 164 35.161480784023475 21.311733315717646
      vertex 164 34.867156727579 22.17878402655563
    endloop
  endfacet
  facet normal 1 0 0
    outer loop
      vertex 164 32.66133000306104 13.946526617961354
      vertex 164 31.9 25.56217782649107
      vertex 164 32 19.5
    endloop
  endfacet
  facet normal 1 0 0
    outer loop
      vertex 164 34.867156727579 16.82121597344437
      vertex 164 34.867156727579 22.17878402655563
      vertex 164 34.46217782649107 23
    endloop
  endfacet
  facet normal 1 0 0
    outer loop
      vertex 164 34.46217782649107 16
      vertex 164 34.46217782649107 23
      vertex 164 33.953473382038645 23.761330003061044
    endloop
  endfacet
  facet normal 1 0 0
    outer loop
      vertex 164 33.953473382038645 15.238669996938956
      vertex 164 33.953473382038645 23.761330003061044
      vertex 164 33.349747468305836 24.449747468305834
    endloop
  endfacet
  facet normal 1 0 0
    outer loop
      vertex 164 33.349747468305836 14.550252531694166
      vertex 164 33.349747468305836 24.449747468305834
      vertex 164 32.66133000306104 25.053473382038646
    endloop
  endfacet
  facet normal 1 0 0
    outer loop
      vertex 164 32.66133000306104 13.946526617961354
      vertex 164 32.66133000306104 25.053473382038646
      vertex 164 31.9 25.56217782649107
    endloop
  endfacet
  facet normal 1 0 0
    outer loop
      vertex 164 32 19.5
      vertex 164 31.9 25.56217782649107
      vertex 164 31.969201500945715 19.969894291992187
    endloop
  endfacet
  facet normal 1 0 0
    outer loop
      vertex 164 31.969201500945715 19.969894291992187
      vertex 164 31.9 25.56217782649107
      vertex 164 31.877332974640645 20.431748562369073
    endloop
  endfacet
  facet normal 1 0 0
    outer loop
      vertex 164 31.877332974640645 20.431748562369073
      vertex 164 31.9 25.56217782649107
      vertex 164 31.72596631704063 20.877660356514323
    endloop
  endfacet
  facet normal -1 0 0
    outer loop
      vertex 136 30.211733315717645 12.738519215976522
      vertex 136 29.77766035651432 16.17403368295937
      vertex 136 30.2 16.38230854637602
    endloop
  endfacet
  facet normal -1 0 0
    outer loop
      vertex 136 30.211733315717645 12.738519215976522
      vertex 136 30.2 16.38230854637602
      vertex 136 30.591541144431392 16.643927974951552
    endloop
  endfacet
  facet normal -1 0 0
    outer loop
      vertex 136 31.078784026555628 13.032843272420994
      vertex 136 30.591541144431392 16.643927974951552
      vertex 136 30.94558441227157 16.954415587728427
    endloop
  endfacet
  facet normal -1 0 0
    outer loop
      vertex 136 31.078784026555628 13.032843272420994
      vertex 136 30.94558441227157 16.954415587728427
      vertex 136 31.256072025048447 17.308458855568606
    endloop
  endfacet
  facet normal -1 0 0
    outer loop
      vertex 136 31.078784026555628 13.032843272420994
      vertex 136 31.256072025048447 17.308458855568606
      vertex 136 31.51769145362398 17.7
    endloop
  endfacet
  facet normal -1 0 0
    outer loop
      vertex 136 26.588266684282353 12.738519215976522
      vertex 136 26.599999999999998 16.38230854637602
      vertex 136 27.022339643485676 16.17403368295937
    endloop
  endfacet
  facet normal -1 0 0
    outer loop
      vertex 136 25.72121597344437 13.032843272420994
      vertex 136 26.208458855568605 16.643927974951552
      vertex 136 26.599999999999998 16.38230854637602
    endloop
  endfacet
  facet normal -1 0 0
    outer loop
      vertex 136 25.72121597344437 13.032843272420994
      vertex 136 25.854415587728425 16.954415587728427
      vertex 136 26.208458855568605 16.643927974951552
    endloop
  endfacet
  facet normal -1 0 0
    outer loop
      vertex 136 24.9 13.43782217350893
      vertex 136 25.54392797495155 17.308458855568606
      vertex 136 25.854415587728425 16.954415587728427
    endloop
  endfacet
  facet normal -1 0 0
    outer loop
      vertex 136 24.9 13.43782217350893
      vertex 136 24.138669996938955 13.946526617961354
      vertex 136 24.922667025359353 18.568251437630927
    endloop
  endfacet
  facet normal -1 0 0
    outer loop
      vertex 136 24.9 13.43782217350893
      vertex 136 25.28230854637602 17.7
      vertex 136 25.54392797495155 17.308458855568606
    endloop
  endfacet
  facet normal -1 0 0
    outer loop
      vertex 136 24.9 13.43782217350893
      vertex 136 25.074033682959367 18.122339643485677
      vertex 136 25.28230854637602 17.7
    endloop
  endfacet
  facet normal -1 0 0
    outer loop
      vertex 136 24.9 13.43782217350893
      vertex 136 24.922667025359353 18.568251437630927
      vertex 136 25.074033682959367 18.122339643485677
    endloop
  endfacet
  facet normal -1 0 0
    outer loop
      vertex 136 24.138669996938955 13.946526617961354
      vertex 136 24.830798499054282 19.030105708007813
      vertex 136 24.922667025359353 18.568251437630927
    endloop
  endfacet
  facet normal -1 0 0
    outer loop
      vertex 136 24.138669996938955 13.946526617961354
      vertex 136 24.799999999999997 19.5
      vertex 136 24.830798499054282 19.030105708007813
    endloop
  endfacet
  facet normal -1 0 0
    outer loop
      vertex 136 24.138669996938955 13.946526617961354
      vertex 136 23.8265209183141 14.220274012860228
      vertex 136 24.138669996938955 25.053473382038646
    endloop
  endfacet
  facet normal -1 0 0
    outer loop
      vertex 136 23.8265209183141 14.220274012860228
      vertex 136 23.450252531694165 14.550252531694166
      vertex 136 24.138669996938955 25.053473382038646
    endloop
  endfacet
  facet normal -1 0 0
    outer loop
      vertex 136 23.450252531694165 14.550252531694166
      vertex 136 22.846526617961352 15.238669996938956
      vertex 136 23.450252531694165 24.449747468305834
    endloop
  endfacet
  facet normal -1 0 0
    outer loop
      vertex 136 22.846526617961352 15.238669996938956
      vertex 136 22.33782217350893 16
      vertex 136 22.846526617961352 23.761330003061044
    endloop
  endfacet
  facet normal -1 0 0
    outer loop
      vertex 136 22.33782217350893 16
      vertex 136 21.932843272420993 16.82121597344437
      vertex 136 22.33782217350893 23
    endloop
  endfacet
  facet normal 0 -0.7518398074789785 -0.6593458151000677
    outer loop
      vertex 136 23.450252531694165 14.550252531694166
      vertex 164 22.846526617961352 15.238669996938956
      vertex 136 22.846526617961352 15.238669996938956
    endloop
  endfacet
  facet normal 0 -0.8314696123025457 -0.5555702330196016
    outer loop
      vertex 136 22.846526617961352 15.238669996938956
      vertex 164 22.33782217350893 16
      vertex 136 22.33782217350893 16
    endloop
  endfacet
  facet normal 0 -0.8968727415326884 -0.4422886902190014
    outer loop
      vertex 136 22.33782217350893 16
      vertex 164 21.932843272420993 16.82121597344437
      vertex 136 21.932843272420993 16.82121597344437
    endloop
  endfacet
  facet normal 0 -0.8314696123025457 -0.5555702330196016
    outer loop
      vertex 136 22.846526617961352 15.238669996938956
      vertex 164 22.846526617961352 15.238669996938956
      vertex 164 22.33782217350893 16
    endloop
  endfacet
  facet normal 0 -0.8968727415326884 -0.4422886902190014
    outer loop
      vertex 136 22.33782217350893 16
      vertex 164 22.33782217350893 16
      vertex 164 21.932843272420993 16.82121597344437
    endloop
  endfacet
  facet normal 0 -0.9469301294951057 -0.3214394653031616
    outer loop
      vertex 136 21.932843272420993 16.82121597344437
      vertex 164 21.932843272420993 16.82121597344437
      vertex 136 21.702427143758253 17.5
    endloop
  endfacet
  facet normal 0 -0.9469301294951057 -0.3214394653031616
    outer loop
      vertex 136 21.702427143758253 17.5
      vertex 164 21.932843272420993 16.82121597344437
      vertex 164 21.702427143758253 17.5
    endloop
  endfacet
  facet normal -1 0 0
    outer loop
      vertex 136 24.138669996938955 13.946526617961354
      vertex 136 24.9 25.56217782649107
      vertex 136 24.799999999999997 19.5
    endloop
  endfacet
  facet normal -1 0 0
    outer loop
      vertex 136 21.932843272420993 16.82121597344437
      vertex 136 21.702427143758253 17.5
      vertex 136 21.932843272420993 22.17878402655563
    endloop
  endfacet
  facet normal -1 0 0
    outer loop
      vertex 136 21.702427143758253 17.5
      vertex 136 21.638519215976523 17.688266684282354
      vertex 136 21.932843272420993 22.17878402655563
    endloop
  endfacet
  facet normal -1 0 0
    outer loop
      vertex 136 21.638519215976523 17.688266684282354
      vertex 136 21.459885970383326 18.58631665445964
      vertex 136 21.638519215976523 21.311733315717646
    endloop
  endfacet
  facet normal -1 0 0
    outer loop
      vertex 136 21.459885970383326 18.58631665445964
      vertex 136 21.4 19.5
      vertex 136 21.459885970383326 20.41368334554036
    endloop
  endfacet
  facet normal -1 0 0
    outer loop
      vertex 136 21.459885970383326 18.58631665445964
      vertex 136 21.459885970383326 20.41368334554036
      vertex 136 21.638519215976523 21.311733315717646
    endloop
  endfacet
  facet normal -1 0 0
    outer loop
      vertex 136 21.638519215976523 17.688266684282354
      vertex 136 21.638519215976523 21.311733315717646
      vertex 136 21.932843272420993 22.17878402655563
    endloop
  endfacet
  facet normal -1 0 0
    outer loop
      vertex 136 24.138669996938955 13.946526617961354
      vertex 136 24.138669996938955 25.053473382038646
      vertex 136 24.9 25.56217782649107
    endloop
  endfacet
  facet normal -1 0 0
    outer loop
      vertex 136 23.450252531694165 14.550252531694166
      vertex 136 23.450252531694165 24.449747468305834
      vertex 136 24.138669996938955 25.053473382038646
    endloop
  endfacet
  facet normal -1 0 0
    outer loop
      vertex 136 24.799999999999997 19.5
      vertex 136 24.9 25.56217782649107
      vertex 136 24.830798499054282 19.969894291992187
    endloop
  endfacet
  facet normal -1 0 0
    outer loop
      vertex 136 24.830798499054282 19.969894291992187
      vertex 136 24.9 25.56217782649107
      vertex 136 24.922667025359353 20.431748562369073
    endloop
  endfacet
  facet normal -1 0 0
    outer loop
      vertex 136 24.922667025359353 20.431748562369073
      vertex 136 24.9 25.56217782649107
      vertex 136 25.074033682959367 20.877660356514323
    endloop
  endfacet
  facet normal -1 0 0
    outer loop
      vertex 136 22.33782217350893 16
      vertex 136 22.33782217350893 23
      vertex 136 22.846526617961352 23.761330003061044
    endloop
  endfacet
  facet normal -1 0 0
    outer loop
      vertex 136 22.846526617961352 15.238669996938956
      vertex 136 22.846526617961352 23.761330003061044
      vertex 136 23.450252531694165 24.449747468305834
    endloop
  endfacet
  facet normal -1 0 0
    outer loop
      vertex 136 21.932843272420993 16.82121597344437
      vertex 136 21.932843272420993 22.17878402655563
      vertex 136 22.33782217350893 23
    endloop
  endfacet
  facet normal 0 -0.9978589232386035 0.06540312923014303
    outer loop
      vertex 136 21.4 19.5
      vertex 164 21.459885970383326 20.41368334554036
      vertex 136 21.459885970383326 20.41368334554036
    endloop
  endfacet
  facet normal 0 -0.9978589232386035 0.06540312923014303
    outer loop
      vertex 136 21.4 19.5
      vertex 164 21.4 19.5
      vertex 164 21.459885970383326 20.41368334554036
    endloop
  endfacet
  facet normal 0 -0.98078528040323 0.19509032201612997
    outer loop
      vertex 136 21.459885970383326 20.41368334554036
      vertex 164 21.638519215976523 21.311733315717646
      vertex 136 21.638519215976523 21.311733315717646
    endloop
  endfacet
  facet normal 0 -0.9469301294951059 0.3214394653031609
    outer loop
      vertex 136 21.638519215976523 21.311733315717646
      vertex 164 21.932843272420993 22.17878402655563
      vertex 136 21.932843272420993 22.17878402655563
    endloop
  endfacet
  facet normal 0 -0.98078528040323 0.19509032201612997
    outer loop
      vertex 136 21.459885970383326 20.41368334554036
      vertex 164 21.459885970383326 20.41368334554036
      vertex 164 21.638519215976523 21.311733315717646
    endloop
  endfacet
  facet normal 0 -0.9469301294951059 0.3214394653031609
    outer loop
      vertex 136 21.638519215976523 21.311733315717646
      vertex 164 21.638519215976523 21.311733315717646
      vertex 164 21.932843272420993 22.17878402655563
    endloop
  endfacet
  facet normal 0 -0.8968727415326884 0.4422886902190014
    outer loop
      vertex 136 21.932843272420993 22.17878402655563
      vertex 164 21.932843272420993 22.17878402655563
      vertex 164 22.33782217350893 23
    endloop
  endfacet
  facet normal 1 0 0
    outer loop
      vertex 164 30.211733315717645 12.738519215976522
      vertex 164 30.2 16.38230854637602
      vertex 164 29.77766035651432 16.17403368295937
    endloop
  endfacet
  facet normal 1 0 0
    outer loop
      vertex 164 31.078784026555628 13.032843272420994
      vertex 164 30.591541144431392 16.643927974951552
      vertex 164 30.2 16.38230854637602
    endloop
  endfacet
  facet normal 1 0 0
    outer loop
      vertex 164 31.078784026555628 13.032843272420994
      vertex 164 30.94558441227157 16.954415587728427
      vertex 164 30.591541144431392 16.643927974951552
    endloop
  endfacet
  facet normal 1 0 0
    outer loop
      vertex 164 26.588266684282353 12.738519215976522
      vertex 164 27.022339643485676 16.17403368295937
      vertex 164 26.599999999999998 16.38230854637602
    endloop
  endfacet
  facet normal 1 0 0
    outer loop
      vertex 164 26.588266684282353 12.738519215976522
      vertex 164 26.599999999999998 16.38230854637602
      vertex 164 26.208458855568605 16.643927974951552
    endloop
  endfacet
  facet normal 1 0 0
    outer loop
      vertex 164 24.9 13.43782217350893
      vertex 164 24.830798499054282 19.030105708007813
      vertex 164 24.89328485084025 13.844906456887065
    endloop
  endfacet
  facet normal 1 0 0
    outer loop
      vertex 164 25.72121597344437 13.032843272420994
      vertex 164 26.208458855568605 16.643927974951552
      vertex 164 25.854415587728425 16.954415587728427
    endloop
  endfacet
  facet normal 1 0 0
    outer loop
      vertex 164 25.72121597344437 13.032843272420994
      vertex 164 25.854415587728425 16.954415587728427
      vertex 164 25.54392797495155 17.308458855568606
    endloop
  endfacet
  facet normal 1 0 0
    outer loop
      vertex 164 25.72121597344437 13.032843272420994
      vertex 164 25.54392797495155 17.308458855568606
      vertex 164 25.28230854637602 17.7
    endloop
  endfacet
  facet normal 1 0 0
    outer loop
      vertex 164 24.9 13.43782217350893
      vertex 164 25.28230854637602 17.7
      vertex 164 25.074033682959367 18.122339643485677
    endloop
  endfacet
  facet normal 1 0 0
    outer loop
      vertex 164 24.9 13.43782217350893
      vertex 164 25.074033682959367 18.122339643485677
      vertex 164 24.922667025359353 18.568251437630927
    endloop
  endfacet
  facet normal 1 0 0
    outer loop
      vertex 164 24.9 13.43782217350893
      vertex 164 24.922667025359353 18.568251437630927
      vertex 164 24.830798499054282 19.030105708007813
    endloop
  endfacet
  facet normal 1 0 0
    outer loop
      vertex 164 24.89328485084025 13.844906456887065
      vertex 164 24.830798499054282 19.030105708007813
      vertex 164 24.799999999999997 19.5
    endloop
  endfacet
  facet normal 1 0 0
    outer loop
      vertex 164 24.89328485084025 13.844906456887065
      vertex 164 24.138669996938955 25.053473382038646
      vertex 164 24.138669996938955 13.946526617961354
    endloop
  endfacet
  facet normal 1 0 0
    outer loop
      vertex 164 24.138669996938955 13.946526617961354
      vertex 164 23.450252531694165 24.449747468305834
      vertex 164 23.8265209183141 14.220274012860228
    endloop
  endfacet
  facet normal 1 0 0
    outer loop
      vertex 164 23.8265209183141 14.220274012860228
      vertex 164 23.450252531694165 24.449747468305834
      vertex 164 23.450252531694165 14.550252531694166
    endloop
  endfacet
  facet normal 1 0 0
    outer loop
      vertex 164 23.450252531694165 14.550252531694166
      vertex 164 22.846526617961352 23.761330003061044
      vertex 164 22.846526617961352 15.238669996938956
    endloop
  endfacet
  facet normal 1 0 0
    outer loop
      vertex 164 22.846526617961352 15.238669996938956
      vertex 164 22.33782217350893 23
      vertex 164 22.33782217350893 16
    endloop
  endfacet
  facet normal 1 0 0
    outer loop
      vertex 164 22.33782217350893 16
      vertex 164 21.932843272420993 22.17878402655563
      vertex 164 21.932843272420993 16.82121597344437
    endloop
  endfacet
  facet normal 1 0 0
    outer loop
      vertex 164 21.932843272420993 16.82121597344437
      vertex 164 21.638519215976523 21.311733315717646
      vertex 164 21.702427143758253 17.5
    endloop
  endfacet
  facet normal 1 0 0
    outer loop
      vertex 164 24.89328485084025 13.844906456887065
      vertex 164 24.799999999999997 19.5
      vertex 164 24.138669996938955 25.053473382038646
    endloop
  endfacet
  facet normal 1 0 0
    outer loop
      vertex 164 21.702427143758253 17.5
      vertex 164 21.638519215976523 21.311733315717646
      vertex 164 21.638519215976523 17.688266684282354
    endloop
  endfacet
  facet normal 1 0 0
    outer loop
      vertex 164 21.638519215976523 17.688266684282354
      vertex 164 21.459885970383326 20.41368334554036
      vertex 164 21.459885970383326 18.58631665445964
    endloop
  endfacet
  facet normal 1 0 0
    outer loop
      vertex 164 21.459885970383326 18.58631665445964
      vertex 164 21.459885970383326 20.41368334554036
      vertex 164 21.4 19.5
    endloop
  endfacet
  facet normal 1 0 0
    outer loop
      vertex 164 21.638519215976523 17.688266684282354
      vertex 164 21.638519215976523 21.311733315717646
      vertex 164 21.459885970383326 20.41368334554036
    endloop
  endfacet
  facet normal 1 0 0
    outer loop
      vertex 164 21.932843272420993 16.82121597344437
      vertex 164 21.932843272420993 22.17878402655563
      vertex 164 21.638519215976523 21.311733315717646
    endloop
  endfacet
  facet normal 1 0 0
    outer loop
      vertex 164 22.33782217350893 16
      vertex 164 22.33782217350893 23
      vertex 164 21.932843272420993 22.17878402655563
    endloop
  endfacet
  facet normal 1 0 0
    outer loop
      vertex 164 24.799999999999997 19.5
      vertex 164 24.830798499054282 19.969894291992187
      vertex 164 24.138669996938955 25.053473382038646
    endloop
  endfacet
  facet normal 1 0 0
    outer loop
      vertex 164 24.138669996938955 13.946526617961354
      vertex 164 24.138669996938955 25.053473382038646
      vertex 164 23.450252531694165 24.449747468305834
    endloop
  endfacet
  facet normal 1 0 0
    outer loop
      vertex 164 24.922667025359353 20.431748562369073
      vertex 164 25.074033682959367 20.877660356514323
      vertex 164 24.9 25.56217782649107
    endloop
  endfacet
  facet normal 1 0 0
    outer loop
      vertex 164 24.830798499054282 19.969894291992187
      vertex 164 24.922667025359353 20.431748562369073
      vertex 164 24.138669996938955 25.053473382038646
    endloop
  endfacet
  facet normal 1 0 0
    outer loop
      vertex 164 23.450252531694165 14.550252531694166
      vertex 164 23.450252531694165 24.449747468305834
      vertex 164 22.846526617961352 23.761330003061044
    endloop
  endfacet
  facet normal 1 0 0
    outer loop
      vertex 164 22.846526617961352 15.238669996938956
      vertex 164 22.846526617961352 23.761330003061044
      vertex 164 22.33782217350893 23
    endloop
  endfacet
  facet normal -1 0 0
    outer loop
      vertex 136 31.72596631704063 20.877660356514323
      vertex 136 31.51769145362398 21.3
      vertex 136 31.9 25.56217782649107
    endloop
  endfacet
  facet normal -1 0 0
    outer loop
      vertex 136 31.51769145362398 21.3
      vertex 136 31.256072025048447 21.691541144431394
      vertex 136 31.9 25.56217782649107
    endloop
  endfacet
  facet normal -1 0 0
    outer loop
      vertex 136 31.256072025048447 21.691541144431394
      vertex 136 30.94558441227157 22.045584412271573
      vertex 136 31.9 25.56217782649107
    endloop
  endfacet
  facet normal -1 0 0
    outer loop
      vertex 136 31.877332974640645 20.431748562369073
      vertex 136 31.9 25.56217782649107
      vertex 136 32.66133000306104 25.053473382038646
    endloop
  endfacet
  facet normal 0 0.8314696123025439 0.5555702330196043
    outer loop
      vertex 136 34.46217782649107 23
      vertex 136 33.953473382038645 23.761330003061044
      vertex 164 34.46217782649107 23
    endloop
  endfacet
  facet normal 0 0.8968727415326914 0.44228869021899514
    outer loop
      vertex 164 34.867156727579 22.17878402655563
      vertex 136 34.46217782649107 23
      vertex 164 34.46217782649107 23
    endloop
  endfacet
  facet normal 0 0.8314696123025439 0.5555702330196043
    outer loop
      vertex 136 33.953473382038645 23.761330003061044
      vertex 164 33.953473382038645 23.761330003061044
      vertex 164 34.46217782649107 23
    endloop
  endfacet
  facet normal 0 0.7518398074789804 0.6593458151000655
    outer loop
      vertex 136 33.953473382038645 23.761330003061044
      vertex 136 33.349747468305836 24.449747468305834
      vertex 164 33.953473382038645 23.761330003061044
    endloop
  endfacet
  facet normal 0 0.7518398074789804 0.6593458151000655
    outer loop
      vertex 136 33.349747468305836 24.449747468305834
      vertex 164 33.349747468305836 24.449747468305834
      vertex 164 33.953473382038645 23.761330003061044
    endloop
  endfacet
  facet normal 0 0.6593458151000638 0.7518398074789818
    outer loop
      vertex 136 33.349747468305836 24.449747468305834
      vertex 136 32.66133000306104 25.053473382038646
      vertex 164 32.66133000306104 25.053473382038646
    endloop
  endfacet
  facet normal 0 0.5555702330196034 0.8314696123025445
    outer loop
      vertex 136 32.66133000306104 25.053473382038646
      vertex 136 31.9 25.56217782649107
      vertex 164 31.9 25.56217782649107
    endloop
  endfacet
  facet normal 0 0.4422886902190014 0.8968727415326884
    outer loop
      vertex 136 31.9 25.56217782649107
      vertex 136 31.078784026555628 25.967156727579006
      vertex 164 31.078784026555628 25.967156727579006
    endloop
  endfacet
  facet normal 0 0.6593458151000638 0.7518398074789818
    outer loop
      vertex 136 33.349747468305836 24.449747468305834
      vertex 164 32.66133000306104 25.053473382038646
      vertex 164 33.349747468305836 24.449747468305834
    endloop
  endfacet
  facet normal 0 0.5555702330196034 0.8314696123025445
    outer loop
      vertex 136 32.66133000306104 25.053473382038646
      vertex 164 31.9 25.56217782649107
      vertex 164 32.66133000306104 25.053473382038646
    endloop
  endfacet
  facet normal 0 0.4422886902190014 0.8968727415326884
    outer loop
      vertex 136 31.9 25.56217782649107
      vertex 164 31.078784026555628 25.967156727579006
      vertex 164 31.9 25.56217782649107
    endloop
  endfacet
  facet normal 1 0 0
    outer loop
      vertex 164 31.72596631704063 20.877660356514323
      vertex 164 31.9 25.56217782649107
      vertex 164 31.51769145362398 21.3
    endloop
  endfacet
  facet normal 1 0 0
    outer loop
      vertex 164 31.51769145362398 21.3
      vertex 164 31.9 25.56217782649107
      vertex 164 31.078784026555628 25.967156727579006
    endloop
  endfacet
  facet normal -1 0 0
    outer loop
      vertex 136 30.94558441227157 22.045584412271573
      vertex 136 30.591541144431392 22.356072025048448
      vertex 136 31.078784026555628 25.967156727579006
    endloop
  endfacet
  facet normal -1 0 0
    outer loop
      vertex 136 30.591541144431392 22.356072025048448
      vertex 136 30.2 22.61769145362398
      vertex 136 31.078784026555628 25.967156727579006
    endloop
  endfacet
  facet normal -1 0 0
    outer loop
      vertex 136 30.2 22.61769145362398
      vertex 136 29.77766035651432 22.82596631704063
      vertex 136 30.211733315717645 26.261480784023476
    endloop
  endfacet
  facet normal -1 0 0
    outer loop
      vertex 136 29.77766035651432 22.82596631704063
      vertex 136 29.33174856236907 22.977332974640646
      vertex 136 30.211733315717645 26.261480784023476
    endloop
  endfacet
  facet normal -1 0 0
    outer loop
      vertex 136 29.33174856236907 22.977332974640646
      vertex 136 28.869894291992182 23.069201500945717
      vertex 136 30.211733315717645 26.261480784023476
    endloop
  endfacet
  facet normal -1 0 0
    outer loop
      vertex 136 28.869894291992182 23.069201500945717
      vertex 136 28.4 23.1
      vertex 136 28.4 26.5
    endloop
  endfacet
  facet normal -1 0 0
    outer loop
      vertex 136 28.4 23.1
      vertex 136 27.93010570800781 23.069201500945717
      vertex 136 28.4 26.5
    endloop
  endfacet
  facet normal -1 0 0
    outer loop
      vertex 136 27.93010570800781 23.069201500945717
      vertex 136 27.468251437630926 22.977332974640646
      vertex 136 27.48631665445964 26.440114029616673
    endloop
  endfacet
  facet normal -1 0 0
    outer loop
      vertex 136 26.208458855568605 22.356072025048448
      vertex 136 26.588266684282353 26.261480784023476
      vertex 136 26.599999999999998 22.61769145362398
    endloop
  endfacet
  facet normal -1 0 0
    outer loop
      vertex 136 27.022339643485676 22.82596631704063
      vertex 136 26.599999999999998 22.61769145362398
      vertex 136 26.588266684282353 26.261480784023476
    endloop
  endfacet
  facet normal -1 0 0
    outer loop
      vertex 136 27.468251437630926 22.977332974640646
      vertex 136 27.022339643485676 22.82596631704063
      vertex 136 27.48631665445964 26.440114029616673
    endloop
  endfacet
  facet normal -1 0 0
    outer loop
      vertex 136 30.94558441227157 22.045584412271573
      vertex 136 31.078784026555628 25.967156727579006
      vertex 136 31.9 25.56217782649107
    endloop
  endfacet
  facet normal -1 0 0
    outer loop
      vertex 136 30.2 22.61769145362398
      vertex 136 30.211733315717645 26.261480784023476
      vertex 136 31.078784026555628 25.967156727579006
    endloop
  endfacet
  facet normal -1 0 0
    outer loop
      vertex 136 28.869894291992182 23.069201500945717
      vertex 136 29.313683345540362 26.440114029616673
      vertex 136 30.211733315717645 26.261480784023476
    endloop
  endfacet
  facet normal -1 0 0
    outer loop
      vertex 136 28.869894291992182 23.069201500945717
      vertex 136 28.4 26.5
      vertex 136 29.313683345540362 26.440114029616673
    endloop
  endfacet
  facet normal -1 0 0
    outer loop
      vertex 136 27.022339643485676 22.82596631704063
      vertex 136 26.588266684282353 26.261480784023476
      vertex 136 27.48631665445964 26.440114029616673
    endloop
  endfacet
  facet normal -1 0 0
    outer loop
      vertex 136 26.208458855568605 22.356072025048448
      vertex 136 25.72121597344437 25.967156727579006
      vertex 136 26.588266684282353 26.261480784023476
    endloop
  endfacet
  facet normal -1 0 0
    outer loop
      vertex 136 27.93010570800781 23.069201500945717
      vertex 136 27.48631665445964 26.440114029616673
      vertex 136 28.4 26.5
    endloop
  endfacet
  facet normal 0 0.3214394653031609 0.9469301294951059
    outer loop
      vertex 136 31.078784026555628 25.967156727579006
      vertex 136 30.211733315717645 26.261480784023476
      vertex 164 30.211733315717645 26.261480784023476
    endloop
  endfacet
  facet normal 0 0.3214394653031609 0.9469301294951059
    outer loop
      vertex 136 31.078784026555628 25.967156727579006
      vertex 164 30.211733315717645 26.261480784023476
      vertex 164 31.078784026555628 25.967156727579006
    endloop
  endfacet
  facet normal 0 -0.3214394653031609 0.9469301294951059
    outer loop
      vertex 136 26.588266684282353 26.261480784023476
      vertex 164 25.72121597344437 25.967156727579006
      vertex 164 26.588266684282353 26.261480784023476
    endloop
  endfacet
  facet normal -1 0 0
    outer loop
      vertex 136 25.074033682959367 20.877660356514323
      vertex 136 24.9 25.56217782649107
      vertex 136 25.28230854637602 21.3
    endloop
  endfacet
  facet normal -1 0 0
    outer loop
      vertex 136 25.28230854637602 21.3
      vertex 136 25.72121597344437 25.967156727579006
      vertex 136 25.54392797495155 21.691541144431394
    endloop
  endfacet
  facet normal -1 0 0
    outer loop
      vertex 136 25.54392797495155 21.691541144431394
      vertex 136 25.72121597344437 25.967156727579006
      vertex 136 25.854415587728425 22.045584412271573
    endloop
  endfacet
  facet normal -1 0 0
    outer loop
      vertex 136 26.208458855568605 22.356072025048448
      vertex 136 25.854415587728425 22.045584412271573
      vertex 136 25.72121597344437 25.967156727579006
    endloop
  endfacet
  facet normal -1 0 0
    outer loop
      vertex 136 25.28230854637602 21.3
      vertex 136 24.9 25.56217782649107
      vertex 136 25.72121597344437 25.967156727579006
    endloop
  endfacet
  facet normal 0 -0.8968727415326884 0.4422886902190014
    outer loop
      vertex 136 21.932843272420993 22.17878402655563
      vertex 164 22.33782217350893 23
      vertex 136 22.33782217350893 23
    endloop
  endfacet
  facet normal 0 -0.8314696123025457 0.5555702330196016
    outer loop
      vertex 136 22.33782217350893 23
      vertex 164 22.846526617961352 23.761330003061044
      vertex 136 22.846526617961352 23.761330003061044
    endloop
  endfacet
  facet normal 0 -0.7518398074789785 0.6593458151000677
    outer loop
      vertex 136 22.846526617961352 23.761330003061044
      vertex 164 23.450252531694165 24.449747468305834
      vertex 136 23.450252531694165 24.449747468305834
    endloop
  endfacet
  facet normal 0 -0.8314696123025457 0.5555702330196016
    outer loop
      vertex 136 22.33782217350893 23
      vertex 164 22.33782217350893 23
      vertex 164 22.846526617961352 23.761330003061044
    endloop
  endfacet
  facet normal 0 -0.7518398074789785 0.6593458151000677
    outer loop
      vertex 136 22.846526617961352 23.761330003061044
      vertex 164 22.846526617961352 23.761330003061044
      vertex 164 23.450252531694165 24.449747468305834
    endloop
  endfacet
  facet normal 0 -0.6593458151000677 0.7518398074789785
    outer loop
      vertex 136 24.138669996938955 25.053473382038646
      vertex 136 23.450252531694165 24.449747468305834
      vertex 164 23.450252531694165 24.449747468305834
    endloop
  endfacet
  facet normal 0 -0.5555702330196016 0.8314696123025457
    outer loop
      vertex 136 24.138669996938955 25.053473382038646
      vertex 164 24.138669996938955 25.053473382038646
      vertex 136 24.9 25.56217782649107
    endloop
  endfacet
  facet normal 0 -0.4422886902190014 0.8968727415326884
    outer loop
      vertex 136 24.9 25.56217782649107
      vertex 164 24.9 25.56217782649107
      vertex 136 25.72121597344437 25.967156727579006
    endloop
  endfacet
  facet normal 0 -0.3214394653031609 0.9469301294951059
    outer loop
      vertex 136 25.72121597344437 25.967156727579006
      vertex 164 25.72121597344437 25.967156727579006
      vertex 136 26.588266684282353 26.261480784023476
    endloop
  endfacet
  facet normal 0 -0.6593458151000677 0.7518398074789785
    outer loop
      vertex 136 24.138669996938955 25.053473382038646
      vertex 164 23.450252531694165 24.449747468305834
      vertex 164 24.138669996938955 25.053473382038646
    endloop
  endfacet
  facet normal 0 -0.4422886902190014 0.8968727415326884
    outer loop
      vertex 136 25.72121597344437 25.967156727579006
      vertex 164 24.9 25.56217782649107
      vertex 164 25.72121597344437 25.967156727579006
    endloop
  endfacet
  facet normal 0 -0.5555702330196016 0.8314696123025457
    outer loop
      vertex 136 24.9 25.56217782649107
      vertex 164 24.138669996938955 25.053473382038646
      vertex 164 24.9 25.56217782649107
    endloop
  endfacet
  facet normal 0 0.19509032201613072 0.98078528040323
    outer loop
      vertex 136 30.211733315717645 26.261480784023476
      vertex 136 29.313683345540362 26.440114029616673
      vertex 164 29.313683345540362 26.440114029616673
    endloop
  endfacet
  facet normal 0 0.19509032201613072 0.98078528040323
    outer loop
      vertex 136 30.211733315717645 26.261480784023476
      vertex 164 29.313683345540362 26.440114029616673
      vertex 164 30.211733315717645 26.261480784023476
    endloop
  endfacet
  facet normal 0 0.06540312923014277 0.9978589232386035
    outer loop
      vertex 136 29.313683345540362 26.440114029616673
      vertex 164 28.4 26.5
      vertex 164 29.313683345540362 26.440114029616673
    endloop
  endfacet
  facet normal 0 0.06540312923014277 0.9978589232386035
    outer loop
      vertex 136 29.313683345540362 26.440114029616673
      vertex 136 28.4 26.5
      vertex 164 28.4 26.5
    endloop
  endfacet
  facet normal 0 -0.06540312923014303 0.9978589232386035
    outer loop
      vertex 136 28.4 26.5
      vertex 136 27.48631665445964 26.440114029616673
      vertex 164 27.48631665445964 26.440114029616673
    endloop
  endfacet
  facet normal 0 -0.19509032201612997 0.98078528040323
    outer loop
      vertex 136 27.48631665445964 26.440114029616673
      vertex 136 26.588266684282353 26.261480784023476
      vertex 164 26.588266684282353 26.261480784023476
    endloop
  endfacet
  facet normal 0 -0.06540312923014303 0.9978589232386035
    outer loop
      vertex 136 28.4 26.5
      vertex 164 27.48631665445964 26.440114029616673
      vertex 164 28.4 26.5
    endloop
  endfacet
  facet normal 0 -0.19509032201612997 0.98078528040323
    outer loop
      vertex 136 27.48631665445964 26.440114029616673
      vertex 164 26.588266684282353 26.261480784023476
      vertex 164 27.48631665445964 26.440114029616673
    endloop
  endfacet
  facet normal 1 0 0
    outer loop
      vertex 164 31.51769145362398 21.3
      vertex 164 31.078784026555628 25.967156727579006
      vertex 164 31.256072025048447 21.691541144431394
    endloop
  endfacet
  facet normal 1 0 0
    outer loop
      vertex 164 31.256072025048447 21.691541144431394
      vertex 164 31.078784026555628 25.967156727579006
      vertex 164 30.94558441227157 22.045584412271573
    endloop
  endfacet
  facet normal 1 0 0
    outer loop
      vertex 164 30.94558441227157 22.045584412271573
      vertex 164 31.078784026555628 25.967156727579006
      vertex 164 30.591541144431392 22.356072025048448
    endloop
  endfacet
  facet normal 1 0 0
    outer loop
      vertex 164 30.591541144431392 22.356072025048448
      vertex 164 30.211733315717645 26.261480784023476
      vertex 164 30.2 22.61769145362398
    endloop
  endfacet
  facet normal 1 0 0
    outer loop
      vertex 164 30.2 22.61769145362398
      vertex 164 30.211733315717645 26.261480784023476
      vertex 164 29.77766035651432 22.82596631704063
    endloop
  endfacet
  facet normal 1 0 0
    outer loop
      vertex 164 29.77766035651432 22.82596631704063
      vertex 164 29.313683345540362 26.440114029616673
      vertex 164 29.33174856236907 22.977332974640646
    endloop
  endfacet
  facet normal 1 0 0
    outer loop
      vertex 164 29.33174856236907 22.977332974640646
      vertex 164 29.313683345540362 26.440114029616673
      vertex 164 28.869894291992182 23.069201500945717
    endloop
  endfacet
  facet normal 1 0 0
    outer loop
      vertex 164 28.869894291992182 23.069201500945717
      vertex 164 28.4 26.5
      vertex 164 28.4 23.1
    endloop
  endfacet
  facet normal 1 0 0
    outer loop
      vertex 164 28.4 23.1
      vertex 164 28.4 26.5
      vertex 164 27.93010570800781 23.069201500945717
    endloop
  endfacet
  facet normal 1 0 0
    outer loop
      vertex 164 26.208458855568605 22.356072025048448
      vertex 164 26.599999999999998 22.61769145362398
      vertex 164 25.72121597344437 25.967156727579006
    endloop
  endfacet
  facet normal 1 0 0
    outer loop
      vertex 164 27.022339643485676 22.82596631704063
      vertex 164 26.588266684282353 26.261480784023476
      vertex 164 26.599999999999998 22.61769145362398
    endloop
  endfacet
  facet normal 1 0 0
    outer loop
      vertex 164 27.93010570800781 23.069201500945717
      vertex 164 26.588266684282353 26.261480784023476
      vertex 164 27.468251437630926 22.977332974640646
    endloop
  endfacet
  facet normal 1 0 0
    outer loop
      vertex 164 27.468251437630926 22.977332974640646
      vertex 164 26.588266684282353 26.261480784023476
      vertex 164 27.022339643485676 22.82596631704063
    endloop
  endfacet
  facet normal 1 0 0
    outer loop
      vertex 164 30.591541144431392 22.356072025048448
      vertex 164 31.078784026555628 25.967156727579006
      vertex 164 30.211733315717645 26.261480784023476
    endloop
  endfacet
  facet normal 1 0 0
    outer loop
      vertex 164 29.77766035651432 22.82596631704063
      vertex 164 30.211733315717645 26.261480784023476
      vertex 164 29.313683345540362 26.440114029616673
    endloop
  endfacet
  facet normal 1 0 0
    outer loop
      vertex 164 28.869894291992182 23.069201500945717
      vertex 164 29.313683345540362 26.440114029616673
      vertex 164 28.4 26.5
    endloop
  endfacet
  facet normal 1 0 0
    outer loop
      vertex 164 27.93010570800781 23.069201500945717
      vertex 164 27.48631665445964 26.440114029616673
      vertex 164 26.588266684282353 26.261480784023476
    endloop
  endfacet
  facet normal 1 0 0
    outer loop
      vertex 164 26.599999999999998 22.61769145362398
      vertex 164 26.588266684282353 26.261480784023476
      vertex 164 25.72121597344437 25.967156727579006
    endloop
  endfacet
  facet normal 1 0 0
    outer loop
      vertex 164 27.93010570800781 23.069201500945717
      vertex 164 28.4 26.5
      vertex 164 27.48631665445964 26.440114029616673
    endloop
  endfacet
  facet normal 1 0 0
    outer loop
      vertex 164 25.074033682959367 20.877660356514323
      vertex 164 25.28230854637602 21.3
      vertex 164 24.9 25.56217782649107
    endloop
  endfacet
  facet normal 1 0 0
    outer loop
      vertex 164 25.28230854637602 21.3
      vertex 164 25.54392797495155 21.691541144431394
      vertex 164 24.9 25.56217782649107
    endloop
  endfacet
  facet normal 1 0 0
    outer loop
      vertex 164 25.54392797495155 21.691541144431394
      vertex 164 25.854415587728425 22.045584412271573
      vertex 164 24.9 25.56217782649107
    endloop
  endfacet
  facet normal 1 0 0
    outer loop
      vertex 164 26.208458855568605 22.356072025048448
      vertex 164 25.72121597344437 25.967156727579006
      vertex 164 25.854415587728425 22.045584412271573
    endloop
  endfacet
  facet normal 1 0 0
    outer loop
      vertex 164 24.922667025359353 20.431748562369073
      vertex 164 24.9 25.56217782649107
      vertex 164 24.138669996938955 25.053473382038646
    endloop
  endfacet
  facet normal 1 0 0
    outer loop
      vertex 164 25.854415587728425 22.045584412271573
      vertex 164 25.72121597344437 25.967156727579006
      vertex 164 24.9 25.56217782649107
    endloop
  endfacet
  facet normal 0 -0.8968727415326904 0.4422886902189971
    outer loop
      vertex 62 31.51769145362398 17.7
      vertex 90 31.51769145362398 17.7
      vertex 62 31.72596631704063 18.122339643485677
    endloop
  endfacet
  facet normal 0 -0.9469301294951051 0.32143946530316314
    outer loop
      vertex 62 31.72596631704063 18.122339643485677
      vertex 90 31.72596631704063 18.122339643485677
      vertex 62 31.877332974640645 18.568251437630927
    endloop
  endfacet
  facet normal 0 -0.9807852804032307 0.19509032201612708
    outer loop
      vertex 62 31.877332974640645 18.568251437630927
      vertex 90 31.877332974640645 18.568251437630927
      vertex 62 31.969201500945715 19.030105708007813
    endloop
  endfacet
  facet normal 0 -0.831469612302545 0.5555702330196025
    outer loop
      vertex 62 31.51769145362398 17.7
      vertex 90 31.256072025048447 17.308458855568606
      vertex 90 31.51769145362398 17.7
    endloop
  endfacet
  facet normal 0 -0.8968727415326904 0.4422886902189971
    outer loop
      vertex 62 31.72596631704063 18.122339643485677
      vertex 90 31.51769145362398 17.7
      vertex 90 31.72596631704063 18.122339643485677
    endloop
  endfacet
  facet normal 0 -0.9469301294951051 0.32143946530316314
    outer loop
      vertex 62 31.877332974640645 18.568251437630927
      vertex 90 31.72596631704063 18.122339643485677
      vertex 90 31.877332974640645 18.568251437630927
    endloop
  endfacet
  facet normal 0 -0.9978589232386031 0.06540312923014792
    outer loop
      vertex 62 31.969201500945715 19.030105708007813
      vertex 90 31.969201500945715 19.030105708007813
      vertex 62 32 19.5
    endloop
  endfacet
  facet normal 0 -0.9978589232386031 -0.06540312923014792
    outer loop
      vertex 62 32 19.5
      vertex 90 32 19.5
      vertex 62 31.969201500945715 19.969894291992187
    endloop
  endfacet
  facet normal 0 -0.9807852804032307 -0.19509032201612708
    outer loop
      vertex 62 31.969201500945715 19.969894291992187
      vertex 90 31.969201500945715 19.969894291992187
      vertex 62 31.877332974640645 20.431748562369073
    endloop
  endfacet
  facet normal 0 -0.9469301294951051 -0.32143946530316314
    outer loop
      vertex 62 31.877332974640645 20.431748562369073
      vertex 90 31.877332974640645 20.431748562369073
      vertex 62 31.72596631704063 20.877660356514323
    endloop
  endfacet
  facet normal 0 -0.8968727415326904 -0.4422886902189971
    outer loop
      vertex 62 31.72596631704063 20.877660356514323
      vertex 90 31.72596631704063 20.877660356514323
      vertex 62 31.51769145362398 21.3
    endloop
  endfacet
  facet normal 0 -0.831469612302545 -0.5555702330196025
    outer loop
      vertex 62 31.51769145362398 21.3
      vertex 90 31.51769145362398 21.3
      vertex 62 31.256072025048447 21.691541144431394
    endloop
  endfacet
  facet normal 0 -0.9807852804032307 0.19509032201612708
    outer loop
      vertex 62 31.969201500945715 19.030105708007813
      vertex 90 31.877332974640645 18.568251437630927
      vertex 90 31.969201500945715 19.030105708007813
    endloop
  endfacet
  facet normal 0 -0.9978589232386031 0.06540312923014792
    outer loop
      vertex 62 32 19.5
      vertex 90 31.969201500945715 19.030105708007813
      vertex 90 32 19.5
    endloop
  endfacet
  facet normal 0 -0.9978589232386031 -0.06540312923014792
    outer loop
      vertex 62 31.969201500945715 19.969894291992187
      vertex 90 32 19.5
      vertex 90 31.969201500945715 19.969894291992187
    endloop
  endfacet
  facet normal 0 -0.9807852804032307 -0.19509032201612708
    outer loop
      vertex 62 31.877332974640645 20.431748562369073
      vertex 90 31.969201500945715 19.969894291992187
      vertex 90 31.877332974640645 20.431748562369073
    endloop
  endfacet
  facet normal 0 -0.9469301294951051 -0.32143946530316314
    outer loop
      vertex 62 31.72596631704063 20.877660356514323
      vertex 90 31.877332974640645 20.431748562369073
      vertex 90 31.72596631704063 20.877660356514323
    endloop
  endfacet
  facet normal 0 -0.8968727415326904 -0.4422886902189971
    outer loop
      vertex 62 31.51769145362398 21.3
      vertex 90 31.72596631704063 20.877660356514323
      vertex 90 31.51769145362398 21.3
    endloop
  endfacet
  facet normal 0 -0.6593458151000653 0.7518398074789804
    outer loop
      vertex 62 30.591541144431392 16.643927974951552
      vertex 90 30.591541144431392 16.643927974951552
      vertex 62 30.94558441227157 16.954415587728427
    endloop
  endfacet
  facet normal 0 -0.5555702330196025 0.831469612302545
    outer loop
      vertex 62 30.2 16.38230854637602
      vertex 90 30.2 16.38230854637602
      vertex 62 30.591541144431392 16.643927974951552
    endloop
  endfacet
  facet normal 0 -0.32143946530316314 0.9469301294951051
    outer loop
      vertex 62 29.77766035651432 16.17403368295937
      vertex 62 29.33174856236907 16.022667025359354
      vertex 90 29.33174856236907 16.022667025359354
    endloop
  endfacet
  facet normal 0 -0.4422886902189971 0.8968727415326904
    outer loop
      vertex 62 30.2 16.38230854637602
      vertex 62 29.77766035651432 16.17403368295937
      vertex 90 29.77766035651432 16.17403368295937
    endloop
  endfacet
  facet normal 0 -0.19509032201612564 0.9807852804032309
    outer loop
      vertex 62 28.869894291992182 15.930798499054283
      vertex 90 28.869894291992182 15.930798499054283
      vertex 62 29.33174856236907 16.022667025359354
    endloop
  endfacet
  facet normal 0 -0.0654031292301484 0.9978589232386031
    outer loop
      vertex 62 28.869894291992182 15.930798499054283
      vertex 62 28.4 15.899999999999999
      vertex 90 28.4 15.899999999999999
    endloop
  endfacet
  facet normal 0 0.06540312923014792 0.9978589232386031
    outer loop
      vertex 62 28.4 15.899999999999999
      vertex 62 27.93010570800781 15.930798499054283
      vertex 90 27.93010570800781 15.930798499054283
    endloop
  endfacet
  facet normal 0 0.19509032201612708 0.9807852804032307
    outer loop
      vertex 62 27.93010570800781 15.930798499054283
      vertex 62 27.468251437630926 16.022667025359354
      vertex 90 27.468251437630926 16.022667025359354
    endloop
  endfacet
  facet normal 0 0.32143946530316314 0.9469301294951051
    outer loop
      vertex 62 27.468251437630926 16.022667025359354
      vertex 62 27.022339643485676 16.17403368295937
      vertex 90 27.022339643485676 16.17403368295937
    endloop
  endfacet
  facet normal 0 0.4422886902189971 0.8968727415326904
    outer loop
      vertex 62 27.022339643485676 16.17403368295937
      vertex 62 26.599999999999998 16.38230854637602
      vertex 90 26.599999999999998 16.38230854637602
    endloop
  endfacet
  facet normal 0 0.5555702330196025 0.831469612302545
    outer loop
      vertex 62 26.599999999999998 16.38230854637602
      vertex 62 26.208458855568605 16.643927974951552
      vertex 90 26.208458855568605 16.643927974951552
    endloop
  endfacet
  facet normal 0 -0.7518398074789804 0.6593458151000653
    outer loop
      vertex 62 30.94558441227157 16.954415587728427
      vertex 90 30.94558441227157 16.954415587728427
      vertex 62 31.256072025048447 17.308458855568606
    endloop
  endfacet
  facet normal 0 -0.831469612302545 0.5555702330196025
    outer loop
      vertex 62 31.51769145362398 17.7
      vertex 62 31.256072025048447 17.308458855568606
      vertex 90 31.256072025048447 17.308458855568606
    endloop
  endfacet
  facet normal 0 -0.4422886902189971 0.8968727415326904
    outer loop
      vertex 62 30.2 16.38230854637602
      vertex 90 29.77766035651432 16.17403368295937
      vertex 90 30.2 16.38230854637602
    endloop
  endfacet
  facet normal 0 -0.6593458151000653 0.7518398074789804
    outer loop
      vertex 62 30.94558441227157 16.954415587728427
      vertex 90 30.591541144431392 16.643927974951552
      vertex 90 30.94558441227157 16.954415587728427
    endloop
  endfacet
  facet normal 0 -0.5555702330196025 0.831469612302545
    outer loop
      vertex 62 30.591541144431392 16.643927974951552
      vertex 90 30.2 16.38230854637602
      vertex 90 30.591541144431392 16.643927974951552
    endloop
  endfacet
  facet normal 0 -0.32143946530316314 0.9469301294951051
    outer loop
      vertex 62 29.77766035651432 16.17403368295937
      vertex 90 29.33174856236907 16.022667025359354
      vertex 90 29.77766035651432 16.17403368295937
    endloop
  endfacet
  facet normal 0 -0.19509032201612564 0.9807852804032309
    outer loop
      vertex 62 29.33174856236907 16.022667025359354
      vertex 90 28.869894291992182 15.930798499054283
      vertex 90 29.33174856236907 16.022667025359354
    endloop
  endfacet
  facet normal 0 -0.0654031292301484 0.9978589232386031
    outer loop
      vertex 62 28.869894291992182 15.930798499054283
      vertex 90 28.4 15.899999999999999
      vertex 90 28.869894291992182 15.930798499054283
    endloop
  endfacet
  facet normal 0 0.06540312923014792 0.9978589232386031
    outer loop
      vertex 62 28.4 15.899999999999999
      vertex 90 27.93010570800781 15.930798499054283
      vertex 90 28.4 15.899999999999999
    endloop
  endfacet
  facet normal 0 0.19509032201612708 0.9807852804032307
    outer loop
      vertex 62 27.93010570800781 15.930798499054283
      vertex 90 27.468251437630926 16.022667025359354
      vertex 90 27.93010570800781 15.930798499054283
    endloop
  endfacet
  facet normal 0 0.32143946530316314 0.9469301294951051
    outer loop
      vertex 62 27.468251437630926 16.022667025359354
      vertex 90 27.022339643485676 16.17403368295937
      vertex 90 27.468251437630926 16.022667025359354
    endloop
  endfacet
  facet normal 0 0.4422886902189971 0.8968727415326904
    outer loop
      vertex 62 27.022339643485676 16.17403368295937
      vertex 90 26.599999999999998 16.38230854637602
      vertex 90 27.022339643485676 16.17403368295937
    endloop
  endfacet
  facet normal 0 0.5555702330196025 0.831469612302545
    outer loop
      vertex 62 26.599999999999998 16.38230854637602
      vertex 90 26.208458855568605 16.643927974951552
      vertex 90 26.599999999999998 16.38230854637602
    endloop
  endfacet
  facet normal 0 -0.7518398074789804 0.6593458151000653
    outer loop
      vertex 62 31.256072025048447 17.308458855568606
      vertex 90 30.94558441227157 16.954415587728427
      vertex 90 31.256072025048447 17.308458855568606
    endloop
  endfacet
  facet normal 0 0.6593458151000653 0.7518398074789804
    outer loop
      vertex 62 26.208458855568605 16.643927974951552
      vertex 62 25.854415587728425 16.954415587728427
      vertex 90 25.854415587728425 16.954415587728427
    endloop
  endfacet
  facet normal 0 0.7518398074789804 0.6593458151000653
    outer loop
      vertex 62 25.854415587728425 16.954415587728427
      vertex 62 25.54392797495155 17.308458855568606
      vertex 90 25.54392797495155 17.308458855568606
    endloop
  endfacet
  facet normal 0 0.831469612302545 0.5555702330196025
    outer loop
      vertex 62 25.54392797495155 17.308458855568606
      vertex 62 25.28230854637602 17.7
      vertex 90 25.28230854637602 17.7
    endloop
  endfacet
  facet normal 0 0.8968727415326904 0.4422886902189971
    outer loop
      vertex 62 25.28230854637602 17.7
      vertex 62 25.074033682959367 18.122339643485677
      vertex 90 25.074033682959367 18.122339643485677
    endloop
  endfacet
  facet normal 0 0.9469301294951051 0.32143946530316314
    outer loop
      vertex 62 25.074033682959367 18.122339643485677
      vertex 62 24.922667025359353 18.568251437630927
      vertex 90 24.922667025359353 18.568251437630927
    endloop
  endfacet
  facet normal 0 0.6593458151000653 0.7518398074789804
    outer loop
      vertex 62 26.208458855568605 16.643927974951552
      vertex 90 25.854415587728425 16.954415587728427
      vertex 90 26.208458855568605 16.643927974951552
    endloop
  endfacet
  facet normal 0 0.7518398074789804 0.6593458151000653
    outer loop
      vertex 62 25.854415587728425 16.954415587728427
      vertex 90 25.54392797495155 17.308458855568606
      vertex 90 25.854415587728425 16.954415587728427
    endloop
  endfacet
  facet normal 0 0.831469612302545 0.5555702330196025
    outer loop
      vertex 62 25.54392797495155 17.308458855568606
      vertex 90 25.28230854637602 17.7
      vertex 90 25.54392797495155 17.308458855568606
    endloop
  endfacet
  facet normal 0 0.8968727415326904 0.4422886902189971
    outer loop
      vertex 62 25.28230854637602 17.7
      vertex 90 25.074033682959367 18.122339643485677
      vertex 90 25.28230854637602 17.7
    endloop
  endfacet
  facet normal 0 0.9469301294951051 0.32143946530316314
    outer loop
      vertex 62 25.074033682959367 18.122339643485677
      vertex 90 24.922667025359353 18.568251437630927
      vertex 90 25.074033682959367 18.122339643485677
    endloop
  endfacet
  facet normal 0 0.9807852804032307 0.19509032201612708
    outer loop
      vertex 62 24.922667025359353 18.568251437630927
      vertex 90 24.830798499054282 19.030105708007813
      vertex 90 24.922667025359353 18.568251437630927
    endloop
  endfacet
  facet normal 0 -0.7518398074789804 -0.6593458151000653
    outer loop
      vertex 62 31.256072025048447 21.691541144431394
      vertex 90 31.256072025048447 21.691541144431394
      vertex 62 30.94558441227157 22.045584412271573
    endloop
  endfacet
  facet normal 0 -0.6593458151000653 -0.7518398074789804
    outer loop
      vertex 62 30.94558441227157 22.045584412271573
      vertex 90 30.94558441227157 22.045584412271573
      vertex 62 30.591541144431392 22.356072025048448
    endloop
  endfacet
  facet normal 0 -0.5555702330196025 -0.831469612302545
    outer loop
      vertex 62 30.591541144431392 22.356072025048448
      vertex 90 30.591541144431392 22.356072025048448
      vertex 62 30.2 22.61769145362398
    endloop
  endfacet
  facet normal 0 -0.831469612302545 -0.5555702330196025
    outer loop
      vertex 62 31.256072025048447 21.691541144431394
      vertex 90 31.51769145362398 21.3
      vertex 90 31.256072025048447 21.691541144431394
    endloop
  endfacet
  facet normal 0 -0.7518398074789804 -0.6593458151000653
    outer loop
      vertex 62 30.94558441227157 22.045584412271573
      vertex 90 31.256072025048447 21.691541144431394
      vertex 90 30.94558441227157 22.045584412271573
    endloop
  endfacet
  facet normal 0 -0.6593458151000653 -0.7518398074789804
    outer loop
      vertex 62 30.591541144431392 22.356072025048448
      vertex 90 30.94558441227157 22.045584412271573
      vertex 90 30.591541144431392 22.356072025048448
    endloop
  endfacet
  facet normal 0 0.5555702330196025 -0.831469612302545
    outer loop
      vertex 62 26.208458855568605 22.356072025048448
      vertex 90 26.599999999999998 22.61769145362398
      vertex 90 26.208458855568605 22.356072025048448
    endloop
  endfacet
  facet normal 0 0.9807852804032307 0.19509032201612708
    outer loop
      vertex 62 24.922667025359353 18.568251437630927
      vertex 62 24.830798499054282 19.030105708007813
      vertex 90 24.830798499054282 19.030105708007813
    endloop
  endfacet
  facet normal 0 0.9978589232386031 0.06540312923014792
    outer loop
      vertex 62 24.830798499054282 19.030105708007813
      vertex 62 24.799999999999997 19.5
      vertex 90 24.799999999999997 19.5
    endloop
  endfacet
  facet normal 0 0.9978589232386031 -0.06540312923014792
    outer loop
      vertex 62 24.799999999999997 19.5
      vertex 62 24.830798499054282 19.969894291992187
      vertex 90 24.830798499054282 19.969894291992187
    endloop
  endfacet
  facet normal 0 0.9807852804032307 -0.19509032201612708
    outer loop
      vertex 62 24.830798499054282 19.969894291992187
      vertex 62 24.922667025359353 20.431748562369073
      vertex 90 24.922667025359353 20.431748562369073
    endloop
  endfacet
  facet normal 0 0.9469301294951051 -0.32143946530316314
    outer loop
      vertex 62 24.922667025359353 20.431748562369073
      vertex 62 25.074033682959367 20.877660356514323
      vertex 90 25.074033682959367 20.877660356514323
    endloop
  endfacet
  facet normal 0 0.8968727415326904 -0.4422886902189971
    outer loop
      vertex 62 25.074033682959367 20.877660356514323
      vertex 62 25.28230854637602 21.3
      vertex 90 25.28230854637602 21.3
    endloop
  endfacet
  facet normal 0 0.831469612302545 -0.5555702330196025
    outer loop
      vertex 62 25.28230854637602 21.3
      vertex 62 25.54392797495155 21.691541144431394
      vertex 90 25.54392797495155 21.691541144431394
    endloop
  endfacet
  facet normal 0 0.7518398074789804 -0.6593458151000653
    outer loop
      vertex 62 25.54392797495155 21.691541144431394
      vertex 62 25.854415587728425 22.045584412271573
      vertex 90 25.854415587728425 22.045584412271573
    endloop
  endfacet
  facet normal 0 0.6593458151000653 -0.7518398074789804
    outer loop
      vertex 62 26.208458855568605 22.356072025048448
      vertex 90 26.208458855568605 22.356072025048448
      vertex 62 25.854415587728425 22.045584412271573
    endloop
  endfacet
  facet normal 0 0.9978589232386031 0.06540312923014792
    outer loop
      vertex 62 24.830798499054282 19.030105708007813
      vertex 90 24.799999999999997 19.5
      vertex 90 24.830798499054282 19.030105708007813
    endloop
  endfacet
  facet normal 0 0.9978589232386031 -0.06540312923014792
    outer loop
      vertex 62 24.799999999999997 19.5
      vertex 90 24.830798499054282 19.969894291992187
      vertex 90 24.799999999999997 19.5
    endloop
  endfacet
  facet normal 0 0.9807852804032307 -0.19509032201612708
    outer loop
      vertex 62 24.830798499054282 19.969894291992187
      vertex 90 24.922667025359353 20.431748562369073
      vertex 90 24.830798499054282 19.969894291992187
    endloop
  endfacet
  facet normal 0 0.9469301294951051 -0.32143946530316314
    outer loop
      vertex 62 24.922667025359353 20.431748562369073
      vertex 90 25.074033682959367 20.877660356514323
      vertex 90 24.922667025359353 20.431748562369073
    endloop
  endfacet
  facet normal 0 0.8968727415326904 -0.4422886902189971
    outer loop
      vertex 62 25.074033682959367 20.877660356514323
      vertex 90 25.28230854637602 21.3
      vertex 90 25.074033682959367 20.877660356514323
    endloop
  endfacet
  facet normal 0 0.831469612302545 -0.5555702330196025
    outer loop
      vertex 62 25.28230854637602 21.3
      vertex 90 25.54392797495155 21.691541144431394
      vertex 90 25.28230854637602 21.3
    endloop
  endfacet
  facet normal 0 0.7518398074789804 -0.6593458151000653
    outer loop
      vertex 62 25.54392797495155 21.691541144431394
      vertex 90 25.854415587728425 22.045584412271573
      vertex 90 25.54392797495155 21.691541144431394
    endloop
  endfacet
  facet normal 0 0.6593458151000653 -0.7518398074789804
    outer loop
      vertex 62 25.854415587728425 22.045584412271573
      vertex 90 26.208458855568605 22.356072025048448
      vertex 90 25.854415587728425 22.045584412271573
    endloop
  endfacet
  facet normal 0 -0.4422886902189971 -0.8968727415326904
    outer loop
      vertex 62 30.2 22.61769145362398
      vertex 90 30.2 22.61769145362398
      vertex 62 29.77766035651432 22.82596631704063
    endloop
  endfacet
  facet normal 0 -0.32143946530316314 -0.9469301294951051
    outer loop
      vertex 62 29.77766035651432 22.82596631704063
      vertex 90 29.77766035651432 22.82596631704063
      vertex 62 29.33174856236907 22.977332974640646
    endloop
  endfacet
  facet normal 0 -0.19509032201612564 -0.9807852804032309
    outer loop
      vertex 62 29.33174856236907 22.977332974640646
      vertex 90 29.33174856236907 22.977332974640646
      vertex 62 28.869894291992182 23.069201500945717
    endloop
  endfacet
  facet normal 0 -0.0654031292301484 -0.9978589232386031
    outer loop
      vertex 62 28.869894291992182 23.069201500945717
      vertex 90 28.869894291992182 23.069201500945717
      vertex 62 28.4 23.1
    endloop
  endfacet
  facet normal 0 0.06540312923014792 -0.9978589232386031
    outer loop
      vertex 62 28.4 23.1
      vertex 90 28.4 23.1
      vertex 62 27.93010570800781 23.069201500945717
    endloop
  endfacet
  facet normal 0 0.19509032201612708 -0.9807852804032307
    outer loop
      vertex 62 27.93010570800781 23.069201500945717
      vertex 90 27.93010570800781 23.069201500945717
      vertex 62 27.468251437630926 22.977332974640646
    endloop
  endfacet
  facet normal 0 0.32143946530316314 -0.9469301294951051
    outer loop
      vertex 62 27.468251437630926 22.977332974640646
      vertex 90 27.468251437630926 22.977332974640646
      vertex 62 27.022339643485676 22.82596631704063
    endloop
  endfacet
  facet normal 0 0.4422886902189971 -0.8968727415326904
    outer loop
      vertex 62 27.022339643485676 22.82596631704063
      vertex 90 27.022339643485676 22.82596631704063
      vertex 62 26.599999999999998 22.61769145362398
    endloop
  endfacet
  facet normal 0 0.5555702330196025 -0.831469612302545
    outer loop
      vertex 62 26.208458855568605 22.356072025048448
      vertex 62 26.599999999999998 22.61769145362398
      vertex 90 26.599999999999998 22.61769145362398
    endloop
  endfacet
  facet normal 0 -0.5555702330196025 -0.831469612302545
    outer loop
      vertex 62 30.2 22.61769145362398
      vertex 90 30.591541144431392 22.356072025048448
      vertex 90 30.2 22.61769145362398
    endloop
  endfacet
  facet normal 0 -0.4422886902189971 -0.8968727415326904
    outer loop
      vertex 62 29.77766035651432 22.82596631704063
      vertex 90 30.2 22.61769145362398
      vertex 90 29.77766035651432 22.82596631704063
    endloop
  endfacet
  facet normal 0 -0.32143946530316314 -0.9469301294951051
    outer loop
      vertex 62 29.33174856236907 22.977332974640646
      vertex 90 29.77766035651432 22.82596631704063
      vertex 90 29.33174856236907 22.977332974640646
    endloop
  endfacet
  facet normal 0 -0.19509032201612564 -0.9807852804032309
    outer loop
      vertex 62 28.869894291992182 23.069201500945717
      vertex 90 29.33174856236907 22.977332974640646
      vertex 90 28.869894291992182 23.069201500945717
    endloop
  endfacet
  facet normal 0 -0.0654031292301484 -0.9978589232386031
    outer loop
      vertex 62 28.4 23.1
      vertex 90 28.869894291992182 23.069201500945717
      vertex 90 28.4 23.1
    endloop
  endfacet
  facet normal 0 0.06540312923014792 -0.9978589232386031
    outer loop
      vertex 62 27.93010570800781 23.069201500945717
      vertex 90 28.4 23.1
      vertex 90 27.93010570800781 23.069201500945717
    endloop
  endfacet
  facet normal 0 0.19509032201612708 -0.9807852804032307
    outer loop
      vertex 62 27.468251437630926 22.977332974640646
      vertex 90 27.93010570800781 23.069201500945717
      vertex 90 27.468251437630926 22.977332974640646
    endloop
  endfacet
  facet normal 0 0.32143946530316314 -0.9469301294951051
    outer loop
      vertex 62 27.022339643485676 22.82596631704063
      vertex 90 27.468251437630926 22.977332974640646
      vertex 90 27.022339643485676 22.82596631704063
    endloop
  endfacet
  facet normal 0 0.4422886902189971 -0.8968727415326904
    outer loop
      vertex 62 26.599999999999998 22.61769145362398
      vertex 90 27.022339643485676 22.82596631704063
      vertex 90 26.599999999999998 22.61769145362398
    endloop
  endfacet
  facet normal 0 -0.8968727415326904 0.4422886902189971
    outer loop
      vertex 136 31.51769145362398 17.7
      vertex 164 31.51769145362398 17.7
      vertex 136 31.72596631704063 18.122339643485677
    endloop
  endfacet
  facet normal 0 -0.9469301294951051 0.32143946530316314
    outer loop
      vertex 136 31.72596631704063 18.122339643485677
      vertex 164 31.72596631704063 18.122339643485677
      vertex 136 31.877332974640645 18.568251437630927
    endloop
  endfacet
  facet normal 0 -0.9807852804032307 0.19509032201612708
    outer loop
      vertex 136 31.877332974640645 18.568251437630927
      vertex 164 31.877332974640645 18.568251437630927
      vertex 136 31.969201500945715 19.030105708007813
    endloop
  endfacet
  facet normal 0 -0.831469612302545 0.5555702330196025
    outer loop
      vertex 136 31.51769145362398 17.7
      vertex 164 31.256072025048447 17.308458855568606
      vertex 164 31.51769145362398 17.7
    endloop
  endfacet
  facet normal 0 -0.8968727415326904 0.4422886902189971
    outer loop
      vertex 136 31.72596631704063 18.122339643485677
      vertex 164 31.51769145362398 17.7
      vertex 164 31.72596631704063 18.122339643485677
    endloop
  endfacet
  facet normal 0 -0.9469301294951051 0.32143946530316314
    outer loop
      vertex 136 31.877332974640645 18.568251437630927
      vertex 164 31.72596631704063 18.122339643485677
      vertex 164 31.877332974640645 18.568251437630927
    endloop
  endfacet
  facet normal 0 -0.9978589232386031 0.06540312923014792
    outer loop
      vertex 136 31.969201500945715 19.030105708007813
      vertex 164 31.969201500945715 19.030105708007813
      vertex 136 32 19.5
    endloop
  endfacet
  facet normal 0 -0.9978589232386031 -0.06540312923014792
    outer loop
      vertex 136 32 19.5
      vertex 164 32 19.5
      vertex 136 31.969201500945715 19.969894291992187
    endloop
  endfacet
  facet normal 0 -0.9807852804032307 -0.19509032201612708
    outer loop
      vertex 136 31.969201500945715 19.969894291992187
      vertex 164 31.969201500945715 19.969894291992187
      vertex 136 31.877332974640645 20.431748562369073
    endloop
  endfacet
  facet normal 0 -0.9469301294951051 -0.32143946530316314
    outer loop
      vertex 136 31.877332974640645 20.431748562369073
      vertex 164 31.877332974640645 20.431748562369073
      vertex 136 31.72596631704063 20.877660356514323
    endloop
  endfacet
  facet normal 0 -0.9807852804032307 0.19509032201612708
    outer loop
      vertex 136 31.969201500945715 19.030105708007813
      vertex 164 31.877332974640645 18.568251437630927
      vertex 164 31.969201500945715 19.030105708007813
    endloop
  endfacet
  facet normal 0 -0.9978589232386031 0.06540312923014792
    outer loop
      vertex 136 32 19.5
      vertex 164 31.969201500945715 19.030105708007813
      vertex 164 32 19.5
    endloop
  endfacet
  facet normal 0 -0.9978589232386031 -0.06540312923014792
    outer loop
      vertex 136 31.969201500945715 19.969894291992187
      vertex 164 32 19.5
      vertex 164 31.969201500945715 19.969894291992187
    endloop
  endfacet
  facet normal 0 -0.9807852804032307 -0.19509032201612708
    outer loop
      vertex 136 31.877332974640645 20.431748562369073
      vertex 164 31.969201500945715 19.969894291992187
      vertex 164 31.877332974640645 20.431748562369073
    endloop
  endfacet
  facet normal 0 -0.8968727415326904 -0.4422886902189971
    outer loop
      vertex 136 31.72596631704063 20.877660356514323
      vertex 164 31.72596631704063 20.877660356514323
      vertex 136 31.51769145362398 21.3
    endloop
  endfacet
  facet normal 0 -0.831469612302545 -0.5555702330196025
    outer loop
      vertex 136 31.51769145362398 21.3
      vertex 164 31.51769145362398 21.3
      vertex 136 31.256072025048447 21.691541144431394
    endloop
  endfacet
  facet normal 0 -0.9469301294951051 -0.32143946530316314
    outer loop
      vertex 136 31.72596631704063 20.877660356514323
      vertex 164 31.877332974640645 20.431748562369073
      vertex 164 31.72596631704063 20.877660356514323
    endloop
  endfacet
  facet normal 0 -0.8968727415326904 -0.4422886902189971
    outer loop
      vertex 136 31.51769145362398 21.3
      vertex 164 31.72596631704063 20.877660356514323
      vertex 164 31.51769145362398 21.3
    endloop
  endfacet
  facet normal 0 -0.6593458151000653 0.7518398074789804
    outer loop
      vertex 136 30.591541144431392 16.643927974951552
      vertex 164 30.591541144431392 16.643927974951552
      vertex 136 30.94558441227157 16.954415587728427
    endloop
  endfacet
  facet normal 0 -0.5555702330196025 0.831469612302545
    outer loop
      vertex 136 30.2 16.38230854637602
      vertex 164 30.2 16.38230854637602
      vertex 136 30.591541144431392 16.643927974951552
    endloop
  endfacet
  facet normal 0 -0.32143946530316314 0.9469301294951051
    outer loop
      vertex 136 29.77766035651432 16.17403368295937
      vertex 136 29.33174856236907 16.022667025359354
      vertex 164 29.33174856236907 16.022667025359354
    endloop
  endfacet
  facet normal 0 -0.4422886902189971 0.8968727415326904
    outer loop
      vertex 136 30.2 16.38230854637602
      vertex 136 29.77766035651432 16.17403368295937
      vertex 164 29.77766035651432 16.17403368295937
    endloop
  endfacet
  facet normal 0 -0.19509032201612564 0.9807852804032309
    outer loop
      vertex 136 28.869894291992182 15.930798499054283
      vertex 164 28.869894291992182 15.930798499054283
      vertex 136 29.33174856236907 16.022667025359354
    endloop
  endfacet
  facet normal 0 -0.4422886902189971 0.8968727415326904
    outer loop
      vertex 136 30.2 16.38230854637602
      vertex 164 29.77766035651432 16.17403368295937
      vertex 164 30.2 16.38230854637602
    endloop
  endfacet
  facet normal 0 -0.6593458151000653 0.7518398074789804
    outer loop
      vertex 136 30.94558441227157 16.954415587728427
      vertex 164 30.591541144431392 16.643927974951552
      vertex 164 30.94558441227157 16.954415587728427
    endloop
  endfacet
  facet normal 0 -0.5555702330196025 0.831469612302545
    outer loop
      vertex 136 30.591541144431392 16.643927974951552
      vertex 164 30.2 16.38230854637602
      vertex 164 30.591541144431392 16.643927974951552
    endloop
  endfacet
  facet normal 0 -0.32143946530316314 0.9469301294951051
    outer loop
      vertex 136 29.77766035651432 16.17403368295937
      vertex 164 29.33174856236907 16.022667025359354
      vertex 164 29.77766035651432 16.17403368295937
    endloop
  endfacet
  facet normal 0 -0.19509032201612564 0.9807852804032309
    outer loop
      vertex 136 29.33174856236907 16.022667025359354
      vertex 164 28.869894291992182 15.930798499054283
      vertex 164 29.33174856236907 16.022667025359354
    endloop
  endfacet
  facet normal 0 -0.0654031292301484 0.9978589232386031
    outer loop
      vertex 136 28.869894291992182 15.930798499054283
      vertex 136 28.4 15.899999999999999
      vertex 164 28.4 15.899999999999999
    endloop
  endfacet
  facet normal 0 0.06540312923014792 0.9978589232386031
    outer loop
      vertex 136 28.4 15.899999999999999
      vertex 136 27.93010570800781 15.930798499054283
      vertex 164 27.93010570800781 15.930798499054283
    endloop
  endfacet
  facet normal 0 0.19509032201612708 0.9807852804032307
    outer loop
      vertex 136 27.93010570800781 15.930798499054283
      vertex 136 27.468251437630926 16.022667025359354
      vertex 164 27.468251437630926 16.022667025359354
    endloop
  endfacet
  facet normal 0 0.32143946530316314 0.9469301294951051
    outer loop
      vertex 136 27.468251437630926 16.022667025359354
      vertex 136 27.022339643485676 16.17403368295937
      vertex 164 27.022339643485676 16.17403368295937
    endloop
  endfacet
  facet normal 0 0.4422886902189971 0.8968727415326904
    outer loop
      vertex 136 27.022339643485676 16.17403368295937
      vertex 136 26.599999999999998 16.38230854637602
      vertex 164 26.599999999999998 16.38230854637602
    endloop
  endfacet
  facet normal 0 0.5555702330196025 0.831469612302545
    outer loop
      vertex 136 26.599999999999998 16.38230854637602
      vertex 136 26.208458855568605 16.643927974951552
      vertex 164 26.208458855568605 16.643927974951552
    endloop
  endfacet
  facet normal 0 -0.0654031292301484 0.9978589232386031
    outer loop
      vertex 136 28.869894291992182 15.930798499054283
      vertex 164 28.4 15.899999999999999
      vertex 164 28.869894291992182 15.930798499054283
    endloop
  endfacet
  facet normal 0 0.06540312923014792 0.9978589232386031
    outer loop
      vertex 136 28.4 15.899999999999999
      vertex 164 27.93010570800781 15.930798499054283
      vertex 164 28.4 15.899999999999999
    endloop
  endfacet
  facet normal 0 0.19509032201612708 0.9807852804032307
    outer loop
      vertex 136 27.93010570800781 15.930798499054283
      vertex 164 27.468251437630926 16.022667025359354
      vertex 164 27.93010570800781 15.930798499054283
    endloop
  endfacet
  facet normal 0 0.32143946530316314 0.9469301294951051
    outer loop
      vertex 136 27.468251437630926 16.022667025359354
      vertex 164 27.022339643485676 16.17403368295937
      vertex 164 27.468251437630926 16.022667025359354
    endloop
  endfacet
  facet normal 0 0.4422886902189971 0.8968727415326904
    outer loop
      vertex 136 27.022339643485676 16.17403368295937
      vertex 164 26.599999999999998 16.38230854637602
      vertex 164 27.022339643485676 16.17403368295937
    endloop
  endfacet
  facet normal 0 0.5555702330196025 0.831469612302545
    outer loop
      vertex 136 26.599999999999998 16.38230854637602
      vertex 164 26.208458855568605 16.643927974951552
      vertex 164 26.599999999999998 16.38230854637602
    endloop
  endfacet
  facet normal 0 -0.7518398074789804 0.6593458151000653
    outer loop
      vertex 136 30.94558441227157 16.954415587728427
      vertex 164 30.94558441227157 16.954415587728427
      vertex 136 31.256072025048447 17.308458855568606
    endloop
  endfacet
  facet normal 0 -0.831469612302545 0.5555702330196025
    outer loop
      vertex 136 31.51769145362398 17.7
      vertex 136 31.256072025048447 17.308458855568606
      vertex 164 31.256072025048447 17.308458855568606
    endloop
  endfacet
  facet normal 0 -0.7518398074789804 0.6593458151000653
    outer loop
      vertex 136 31.256072025048447 17.308458855568606
      vertex 164 30.94558441227157 16.954415587728427
      vertex 164 31.256072025048447 17.308458855568606
    endloop
  endfacet
  facet normal 0 0.6593458151000653 0.7518398074789804
    outer loop
      vertex 136 26.208458855568605 16.643927974951552
      vertex 136 25.854415587728425 16.954415587728427
      vertex 164 25.854415587728425 16.954415587728427
    endloop
  endfacet
  facet normal 0 0.6593458151000653 0.7518398074789804
    outer loop
      vertex 136 26.208458855568605 16.643927974951552
      vertex 164 25.854415587728425 16.954415587728427
      vertex 164 26.208458855568605 16.643927974951552
    endloop
  endfacet
  facet normal 0 0.7518398074789804 0.6593458151000653
    outer loop
      vertex 136 25.854415587728425 16.954415587728427
      vertex 136 25.54392797495155 17.308458855568606
      vertex 164 25.54392797495155 17.308458855568606
    endloop
  endfacet
  facet normal 0 0.831469612302545 0.5555702330196025
    outer loop
      vertex 136 25.54392797495155 17.308458855568606
      vertex 136 25.28230854637602 17.7
      vertex 164 25.28230854637602 17.7
    endloop
  endfacet
  facet normal 0 0.8968727415326904 0.4422886902189971
    outer loop
      vertex 136 25.28230854637602 17.7
      vertex 136 25.074033682959367 18.122339643485677
      vertex 164 25.074033682959367 18.122339643485677
    endloop
  endfacet
  facet normal 0 0.9469301294951051 0.32143946530316314
    outer loop
      vertex 136 25.074033682959367 18.122339643485677
      vertex 136 24.922667025359353 18.568251437630927
      vertex 164 24.922667025359353 18.568251437630927
    endloop
  endfacet
  facet normal 0 0.7518398074789804 0.6593458151000653
    outer loop
      vertex 136 25.854415587728425 16.954415587728427
      vertex 164 25.54392797495155 17.308458855568606
      vertex 164 25.854415587728425 16.954415587728427
    endloop
  endfacet
  facet normal 0 0.831469612302545 0.5555702330196025
    outer loop
      vertex 136 25.54392797495155 17.308458855568606
      vertex 164 25.28230854637602 17.7
      vertex 164 25.54392797495155 17.308458855568606
    endloop
  endfacet
  facet normal 0 0.8968727415326904 0.4422886902189971
    outer loop
      vertex 136 25.28230854637602 17.7
      vertex 164 25.074033682959367 18.122339643485677
      vertex 164 25.28230854637602 17.7
    endloop
  endfacet
  facet normal 0 0.9469301294951051 0.32143946530316314
    outer loop
      vertex 136 25.074033682959367 18.122339643485677
      vertex 164 24.922667025359353 18.568251437630927
      vertex 164 25.074033682959367 18.122339643485677
    endloop
  endfacet
  facet normal 0 0.9807852804032307 0.19509032201612708
    outer loop
      vertex 136 24.922667025359353 18.568251437630927
      vertex 164 24.830798499054282 19.030105708007813
      vertex 164 24.922667025359353 18.568251437630927
    endloop
  endfacet
  facet normal 0 -0.7518398074789804 -0.6593458151000653
    outer loop
      vertex 136 31.256072025048447 21.691541144431394
      vertex 164 31.256072025048447 21.691541144431394
      vertex 136 30.94558441227157 22.045584412271573
    endloop
  endfacet
  facet normal 0 -0.6593458151000653 -0.7518398074789804
    outer loop
      vertex 136 30.94558441227157 22.045584412271573
      vertex 164 30.94558441227157 22.045584412271573
      vertex 136 30.591541144431392 22.356072025048448
    endloop
  endfacet
  facet normal 0 -0.5555702330196025 -0.831469612302545
    outer loop
      vertex 136 30.591541144431392 22.356072025048448
      vertex 164 30.591541144431392 22.356072025048448
      vertex 136 30.2 22.61769145362398
    endloop
  endfacet
  facet normal 0 -0.831469612302545 -0.5555702330196025
    outer loop
      vertex 164 31.51769145362398 21.3
      vertex 164 31.256072025048447 21.691541144431394
      vertex 136 31.256072025048447 21.691541144431394
    endloop
  endfacet
  facet normal 0 -0.7518398074789804 -0.6593458151000653
    outer loop
      vertex 136 30.94558441227157 22.045584412271573
      vertex 164 31.256072025048447 21.691541144431394
      vertex 164 30.94558441227157 22.045584412271573
    endloop
  endfacet
  facet normal 0 -0.6593458151000653 -0.7518398074789804
    outer loop
      vertex 136 30.591541144431392 22.356072025048448
      vertex 164 30.94558441227157 22.045584412271573
      vertex 164 30.591541144431392 22.356072025048448
    endloop
  endfacet
  facet normal 0 0.5555702330196025 -0.831469612302545
    outer loop
      vertex 136 26.208458855568605 22.356072025048448
      vertex 164 26.599999999999998 22.61769145362398
      vertex 164 26.208458855568605 22.356072025048448
    endloop
  endfacet
  facet normal 0 0.9807852804032307 0.19509032201612708
    outer loop
      vertex 136 24.922667025359353 18.568251437630927
      vertex 136 24.830798499054282 19.030105708007813
      vertex 164 24.830798499054282 19.030105708007813
    endloop
  endfacet
  facet normal 0 0.9978589232386031 0.06540312923014792
    outer loop
      vertex 136 24.830798499054282 19.030105708007813
      vertex 136 24.799999999999997 19.5
      vertex 164 24.799999999999997 19.5
    endloop
  endfacet
  facet normal 0 0.9978589232386031 -0.06540312923014792
    outer loop
      vertex 136 24.799999999999997 19.5
      vertex 136 24.830798499054282 19.969894291992187
      vertex 164 24.830798499054282 19.969894291992187
    endloop
  endfacet
  facet normal 0 0.9807852804032307 -0.19509032201612708
    outer loop
      vertex 136 24.830798499054282 19.969894291992187
      vertex 136 24.922667025359353 20.431748562369073
      vertex 164 24.922667025359353 20.431748562369073
    endloop
  endfacet
  facet normal 0 0.9978589232386031 0.06540312923014792
    outer loop
      vertex 136 24.830798499054282 19.030105708007813
      vertex 164 24.799999999999997 19.5
      vertex 164 24.830798499054282 19.030105708007813
    endloop
  endfacet
  facet normal 0 0.9978589232386031 -0.06540312923014792
    outer loop
      vertex 136 24.799999999999997 19.5
      vertex 164 24.830798499054282 19.969894291992187
      vertex 164 24.799999999999997 19.5
    endloop
  endfacet
  facet normal 0 0.9807852804032307 -0.19509032201612708
    outer loop
      vertex 136 24.830798499054282 19.969894291992187
      vertex 164 24.922667025359353 20.431748562369073
      vertex 164 24.830798499054282 19.969894291992187
    endloop
  endfacet
  facet normal 0 0.9469301294951051 -0.32143946530316314
    outer loop
      vertex 136 24.922667025359353 20.431748562369073
      vertex 164 25.074033682959367 20.877660356514323
      vertex 164 24.922667025359353 20.431748562369073
    endloop
  endfacet
  facet normal 0 0.9469301294951051 -0.32143946530316314
    outer loop
      vertex 136 24.922667025359353 20.431748562369073
      vertex 136 25.074033682959367 20.877660356514323
      vertex 164 25.074033682959367 20.877660356514323
    endloop
  endfacet
  facet normal 0 0.8968727415326904 -0.4422886902189971
    outer loop
      vertex 136 25.074033682959367 20.877660356514323
      vertex 136 25.28230854637602 21.3
      vertex 164 25.28230854637602 21.3
    endloop
  endfacet
  facet normal 0 0.831469612302545 -0.5555702330196025
    outer loop
      vertex 136 25.28230854637602 21.3
      vertex 136 25.54392797495155 21.691541144431394
      vertex 164 25.54392797495155 21.691541144431394
    endloop
  endfacet
  facet normal 0 0.7518398074789804 -0.6593458151000653
    outer loop
      vertex 136 25.54392797495155 21.691541144431394
      vertex 136 25.854415587728425 22.045584412271573
      vertex 164 25.854415587728425 22.045584412271573
    endloop
  endfacet
  facet normal 0 0.6593458151000653 -0.7518398074789804
    outer loop
      vertex 136 26.208458855568605 22.356072025048448
      vertex 164 26.208458855568605 22.356072025048448
      vertex 136 25.854415587728425 22.045584412271573
    endloop
  endfacet
  facet normal 0 0.8968727415326904 -0.4422886902189971
    outer loop
      vertex 136 25.074033682959367 20.877660356514323
      vertex 164 25.28230854637602 21.3
      vertex 164 25.074033682959367 20.877660356514323
    endloop
  endfacet
  facet normal 0 0.831469612302545 -0.5555702330196025
    outer loop
      vertex 136 25.28230854637602 21.3
      vertex 164 25.54392797495155 21.691541144431394
      vertex 164 25.28230854637602 21.3
    endloop
  endfacet
  facet normal 0 0.7518398074789804 -0.6593458151000653
    outer loop
      vertex 136 25.54392797495155 21.691541144431394
      vertex 164 25.854415587728425 22.045584412271573
      vertex 164 25.54392797495155 21.691541144431394
    endloop
  endfacet
  facet normal 0 0.6593458151000653 -0.7518398074789804
    outer loop
      vertex 136 25.854415587728425 22.045584412271573
      vertex 164 26.208458855568605 22.356072025048448
      vertex 164 25.854415587728425 22.045584412271573
    endloop
  endfacet
  facet normal 0 -0.4422886902189971 -0.8968727415326904
    outer loop
      vertex 136 30.2 22.61769145362398
      vertex 164 30.2 22.61769145362398
      vertex 136 29.77766035651432 22.82596631704063
    endloop
  endfacet
  facet normal 0 -0.32143946530316314 -0.9469301294951051
    outer loop
      vertex 136 29.77766035651432 22.82596631704063
      vertex 164 29.77766035651432 22.82596631704063
      vertex 136 29.33174856236907 22.977332974640646
    endloop
  endfacet
  facet normal 0 -0.19509032201612564 -0.9807852804032309
    outer loop
      vertex 136 29.33174856236907 22.977332974640646
      vertex 164 29.33174856236907 22.977332974640646
      vertex 136 28.869894291992182 23.069201500945717
    endloop
  endfacet
  facet normal 0 -0.5555702330196025 -0.831469612302545
    outer loop
      vertex 164 30.591541144431392 22.356072025048448
      vertex 164 30.2 22.61769145362398
      vertex 136 30.2 22.61769145362398
    endloop
  endfacet
  facet normal 0 -0.4422886902189971 -0.8968727415326904
    outer loop
      vertex 136 29.77766035651432 22.82596631704063
      vertex 164 30.2 22.61769145362398
      vertex 164 29.77766035651432 22.82596631704063
    endloop
  endfacet
  facet normal 0 -0.32143946530316314 -0.9469301294951051
    outer loop
      vertex 136 29.33174856236907 22.977332974640646
      vertex 164 29.77766035651432 22.82596631704063
      vertex 164 29.33174856236907 22.977332974640646
    endloop
  endfacet
  facet normal 0 -0.19509032201612564 -0.9807852804032309
    outer loop
      vertex 136 28.869894291992182 23.069201500945717
      vertex 164 29.33174856236907 22.977332974640646
      vertex 164 28.869894291992182 23.069201500945717
    endloop
  endfacet
  facet normal 0 -0.0654031292301484 -0.9978589232386031
    outer loop
      vertex 136 28.869894291992182 23.069201500945717
      vertex 164 28.869894291992182 23.069201500945717
      vertex 136 28.4 23.1
    endloop
  endfacet
  facet normal 0 0.06540312923014792 -0.9978589232386031
    outer loop
      vertex 136 28.4 23.1
      vertex 164 28.4 23.1
      vertex 136 27.93010570800781 23.069201500945717
    endloop
  endfacet
  facet normal 0 0.19509032201612708 -0.9807852804032307
    outer loop
      vertex 136 27.93010570800781 23.069201500945717
      vertex 164 27.93010570800781 23.069201500945717
      vertex 136 27.468251437630926 22.977332974640646
    endloop
  endfacet
  facet normal 0 0.32143946530316314 -0.9469301294951051
    outer loop
      vertex 136 27.468251437630926 22.977332974640646
      vertex 164 27.468251437630926 22.977332974640646
      vertex 136 27.022339643485676 22.82596631704063
    endloop
  endfacet
  facet normal 0 0.4422886902189971 -0.8968727415326904
    outer loop
      vertex 136 27.022339643485676 22.82596631704063
      vertex 164 27.022339643485676 22.82596631704063
      vertex 136 26.599999999999998 22.61769145362398
    endloop
  endfacet
  facet normal 0 0.5555702330196025 -0.831469612302545
    outer loop
      vertex 136 26.208458855568605 22.356072025048448
      vertex 136 26.599999999999998 22.61769145362398
      vertex 164 26.599999999999998 22.61769145362398
    endloop
  endfacet
  facet normal 0 -0.0654031292301484 -0.9978589232386031
    outer loop
      vertex 136 28.4 23.1
      vertex 164 28.869894291992182 23.069201500945717
      vertex 164 28.4 23.1
    endloop
  endfacet
  facet normal 0 0.06540312923014792 -0.9978589232386031
    outer loop
      vertex 136 27.93010570800781 23.069201500945717
      vertex 164 28.4 23.1
      vertex 164 27.93010570800781 23.069201500945717
    endloop
  endfacet
  facet normal 0 0.19509032201612708 -0.9807852804032307
    outer loop
      vertex 136 27.468251437630926 22.977332974640646
      vertex 164 27.93010570800781 23.069201500945717
      vertex 164 27.468251437630926 22.977332974640646
    endloop
  endfacet
  facet normal 0 0.32143946530316314 -0.9469301294951051
    outer loop
      vertex 136 27.022339643485676 22.82596631704063
      vertex 164 27.468251437630926 22.977332974640646
      vertex 164 27.022339643485676 22.82596631704063
    endloop
  endfacet
  facet normal 0 0.4422886902189971 -0.8968727415326904
    outer loop
      vertex 136 26.599999999999998 22.61769145362398
      vertex 164 27.022339643485676 22.82596631704063
      vertex 164 26.599999999999998 22.61769145362398
    endloop
  endfacet
  facet normal -1 0 0
    outer loop
      vertex 196 31.9 13.43782217350893
      vertex 196 31.078784026555628 13.032843272420994
      vertex 196 31.51769145362398 17.7
    endloop
  endfacet
  facet normal 0 0.4422886902190014 -0.8968727415326883
    outer loop
      vertex 196 31.9 13.43782217350893
      vertex 220 31.9 13.43782217350893
      vertex 196 31.078784026555628 13.032843272420994
    endloop
  endfacet
  facet normal 0 0.5555702330196034 -0.8314696123025445
    outer loop
      vertex 196 32.66133000306104 13.946526617961354
      vertex 220 32.66133000306104 13.946526617961354
      vertex 196 31.9 13.43782217350893
    endloop
  endfacet
  facet normal 0 0.6593458151000637 -0.7518398074789817
    outer loop
      vertex 196 32.66133000306104 13.946526617961354
      vertex 196 33.349747468305836 14.550252531694166
      vertex 220 33.349747468305836 14.550252531694166
    endloop
  endfacet
  facet normal 0 0.7518398074789803 -0.6593458151000654
    outer loop
      vertex 196 33.349747468305836 14.550252531694166
      vertex 196 33.953473382038645 15.238669996938956
      vertex 220 33.349747468305836 14.550252531694166
    endloop
  endfacet
  facet normal 0 0.4422886902190014 -0.8968727415326883
    outer loop
      vertex 220 31.9 13.43782217350893
      vertex 220 31.078784026555628 13.032843272420994
      vertex 196 31.078784026555628 13.032843272420994
    endloop
  endfacet
  facet normal 0 0.5555702330196034 -0.8314696123025445
    outer loop
      vertex 196 31.9 13.43782217350893
      vertex 220 32.66133000306104 13.946526617961354
      vertex 220 31.9 13.43782217350893
    endloop
  endfacet
  facet normal 0 0.6593458151000637 -0.7518398074789817
    outer loop
      vertex 196 32.66133000306104 13.946526617961354
      vertex 220 33.349747468305836 14.550252531694166
      vertex 220 32.66133000306104 13.946526617961354
    endloop
  endfacet
  facet normal 0 0.32143946530316264 -0.9469301294951052
    outer loop
      vertex 196 31.078784026555628 13.032843272420994
      vertex 220 31.078784026555628 13.032843272420994
      vertex 196 30.211733315717645 12.738519215976522
    endloop
  endfacet
  facet normal 0 0.19509032201612808 -0.9807852804032304
    outer loop
      vertex 196 30.211733315717645 12.738519215976522
      vertex 220 30.211733315717645 12.738519215976522
      vertex 196 29.4 12.577055420466186
    endloop
  endfacet
  facet normal -1 0 0
    outer loop
      vertex 196 29.4 12.577055420466186
      vertex 196 29.313683345540362 12.559885970383327
      vertex 196 29.77766035651432 16.17403368295937
    endloop
  endfacet
  facet normal -1 0 0
    outer loop
      vertex 196 30.211733315717645 12.738519215976522
      vertex 196 29.4 12.577055420466186
      vertex 196 29.77766035651432 16.17403368295937
    endloop
  endfacet
  facet normal -1 0 0
    outer loop
      vertex 196 29.313683345540362 12.559885970383327
      vertex 196 28.4 12.5
      vertex 196 28.869894291992182 15.930798499054283
    endloop
  endfacet
  facet normal -1 0 0
    outer loop
      vertex 196 31.078784026555628 13.032843272420994
      vertex 196 30.211733315717645 12.738519215976522
      vertex 196 30.591541144431392 16.643927974951552
    endloop
  endfacet
  facet normal -1 0 0
    outer loop
      vertex 196 29.313683345540362 12.559885970383327
      vertex 196 29.33174856236907 16.022667025359354
      vertex 196 29.77766035651432 16.17403368295937
    endloop
  endfacet
  facet normal -1 0 0
    outer loop
      vertex 196 29.313683345540362 12.559885970383327
      vertex 196 28.869894291992182 15.930798499054283
      vertex 196 29.33174856236907 16.022667025359354
    endloop
  endfacet
  facet normal -1 0 0
    outer loop
      vertex 196 28.4 12.5
      vertex 196 27.48631665445964 12.559885970383327
      vertex 196 27.93010570800781 15.930798499054283
    endloop
  endfacet
  facet normal -1 0 0
    outer loop
      vertex 196 27.48631665445964 12.559885970383327
      vertex 196 26.588266684282353 12.738519215976522
      vertex 196 27.93010570800781 15.930798499054283
    endloop
  endfacet
  facet normal -1 0 0
    outer loop
      vertex 196 26.588266684282353 12.738519215976522
      vertex 196 25.72121597344437 13.032843272420994
      vertex 196 26.599999999999998 16.38230854637602
    endloop
  endfacet
  facet normal -1 0 0
    outer loop
      vertex 196 28.4 12.5
      vertex 196 28.4 15.899999999999999
      vertex 196 28.869894291992182 15.930798499054283
    endloop
  endfacet
  facet normal -1 0 0
    outer loop
      vertex 196 28.4 12.5
      vertex 196 27.93010570800781 15.930798499054283
      vertex 196 28.4 15.899999999999999
    endloop
  endfacet
  facet normal -1 0 0
    outer loop
      vertex 196 26.588266684282353 12.738519215976522
      vertex 196 27.468251437630926 16.022667025359354
      vertex 196 27.93010570800781 15.930798499054283
    endloop
  endfacet
  facet normal -1 0 0
    outer loop
      vertex 196 26.588266684282353 12.738519215976522
      vertex 196 27.022339643485676 16.17403368295937
      vertex 196 27.468251437630926 16.022667025359354
    endloop
  endfacet
  facet normal 0 0.32143946530316264 -0.9469301294951052
    outer loop
      vertex 196 30.211733315717645 12.738519215976522
      vertex 220 31.078784026555628 13.032843272420994
      vertex 220 30.211733315717645 12.738519215976522
    endloop
  endfacet
  facet normal 0 0.19509032201612808 -0.9807852804032304
    outer loop
      vertex 196 29.4 12.577055420466186
      vertex 220 30.211733315717645 12.738519215976522
      vertex 220 29.4 12.577055420466186
    endloop
  endfacet
  facet normal 1 0 0
    outer loop
      vertex 220 31.078784026555628 13.032843272420994
      vertex 220 30.2 16.38230854637602
      vertex 220 30.211733315717645 12.738519215976522
    endloop
  endfacet
  facet normal 1 0 0
    outer loop
      vertex 220 30.211733315717645 12.738519215976522
      vertex 220 28.869894291992182 15.930798499054283
      vertex 220 29.4 12.577055420466186
    endloop
  endfacet
  facet normal 1 0 0
    outer loop
      vertex 220 29.4 12.577055420466186
      vertex 220 28.869894291992182 15.930798499054283
      vertex 220 29.313683345540362 12.559885970383327
    endloop
  endfacet
  facet normal 1 0 0
    outer loop
      vertex 220 29.313683345540362 12.559885970383327
      vertex 220 28.869894291992182 15.930798499054283
      vertex 220 28.4 12.5
    endloop
  endfacet
  facet normal 1 0 0
    outer loop
      vertex 220 31.9 13.43782217350893
      vertex 220 30.94558441227157 16.954415587728427
      vertex 220 31.078784026555628 13.032843272420994
    endloop
  endfacet
  facet normal 1 0 0
    outer loop
      vertex 220 30.211733315717645 12.738519215976522
      vertex 220 29.77766035651432 16.17403368295937
      vertex 220 29.33174856236907 16.022667025359354
    endloop
  endfacet
  facet normal 1 0 0
    outer loop
      vertex 220 30.211733315717645 12.738519215976522
      vertex 220 29.33174856236907 16.022667025359354
      vertex 220 28.869894291992182 15.930798499054283
    endloop
  endfacet
  facet normal 1 0 0
    outer loop
      vertex 220 28.4 12.5
      vertex 220 27.93010570800781 15.930798499054283
      vertex 220 27.48631665445964 12.559885970383327
    endloop
  endfacet
  facet normal 1 0 0
    outer loop
      vertex 220 27.48631665445964 12.559885970383327
      vertex 220 27.022339643485676 16.17403368295937
      vertex 220 26.588266684282353 12.738519215976522
    endloop
  endfacet
  facet normal 1 0 0
    outer loop
      vertex 220 28.4 12.5
      vertex 220 28.869894291992182 15.930798499054283
      vertex 220 28.4 15.899999999999999
    endloop
  endfacet
  facet normal 1 0 0
    outer loop
      vertex 220 28.4 12.5
      vertex 220 28.4 15.899999999999999
      vertex 220 27.93010570800781 15.930798499054283
    endloop
  endfacet
  facet normal 1 0 0
    outer loop
      vertex 220 27.48631665445964 12.559885970383327
      vertex 220 27.93010570800781 15.930798499054283
      vertex 220 27.468251437630926 16.022667025359354
    endloop
  endfacet
  facet normal 1 0 0
    outer loop
      vertex 220 26.588266684282353 12.738519215976522
      vertex 220 26.208458855568605 16.643927974951552
      vertex 220 25.72121597344437 13.032843272420994
    endloop
  endfacet
  facet normal 1 0 0
    outer loop
      vertex 220 27.48631665445964 12.559885970383327
      vertex 220 27.468251437630926 16.022667025359354
      vertex 220 27.022339643485676 16.17403368295937
    endloop
  endfacet
  facet normal -1 0 0
    outer loop
      vertex 196 25.72121597344437 13.032843272420994
      vertex 196 24.9 13.43782217350893
      vertex 196 25.854415587728425 16.954415587728427
    endloop
  endfacet
  facet normal 0 -0.6593458151000658 -0.75183980747898
    outer loop
      vertex 196 23.8265209183141 14.220274012860228
      vertex 220 23.8265209183141 14.220274012860228
      vertex 196 23.450252531694165 14.550252531694166
    endloop
  endfacet
  facet normal 0 -0.6593458151000658 -0.75183980747898
    outer loop
      vertex 196 23.450252531694165 14.550252531694166
      vertex 220 23.8265209183141 14.220274012860228
      vertex 220 23.450252531694165 14.550252531694166
    endloop
  endfacet
  facet normal 1 0 0
    outer loop
      vertex 220 24.89328485084025 13.844906456887065
      vertex 220 24.138669996938955 13.946526617961354
      vertex 220 24.528269882821434 13.686204296878886
    endloop
  endfacet
  facet normal 1 0 0
    outer loop
      vertex 220 25.72121597344437 13.032843272420994
      vertex 220 25.28230854637602 17.7
      vertex 220 24.9 13.43782217350893
    endloop
  endfacet
  facet normal 0 -0.7518398074789785 -0.6593458151000677
    outer loop
      vertex 196 23.450252531694165 14.550252531694166
      vertex 220 23.450252531694165 14.550252531694166
      vertex 220 22.846526617961352 15.238669996938956
    endloop
  endfacet
  facet normal 0 0.8314696123025438 -0.5555702330196042
    outer loop
      vertex 196 34.46217782649107 16
      vertex 220 33.953473382038645 15.238669996938956
      vertex 196 33.953473382038645 15.238669996938956
    endloop
  endfacet
  facet normal 0 0.8968727415326914 -0.44228869021899514
    outer loop
      vertex 196 34.46217782649107 16
      vertex 196 34.867156727579 16.82121597344437
      vertex 220 34.46217782649107 16
    endloop
  endfacet
  facet normal -1 0 0
    outer loop
      vertex 196 31.9 13.43782217350893
      vertex 196 31.51769145362398 17.7
      vertex 196 31.72596631704063 18.122339643485677
    endloop
  endfacet
  facet normal -1 0 0
    outer loop
      vertex 196 31.9 13.43782217350893
      vertex 196 31.72596631704063 18.122339643485677
      vertex 196 31.877332974640645 18.568251437630927
    endloop
  endfacet
  facet normal -1 0 0
    outer loop
      vertex 196 34.46217782649107 16
      vertex 196 33.953473382038645 15.238669996938956
      vertex 196 34.46217782649107 23
    endloop
  endfacet
  facet normal -1 0 0
    outer loop
      vertex 196 34.46217782649107 16
      vertex 196 34.867156727579 22.17878402655563
      vertex 196 34.867156727579 16.82121597344437
    endloop
  endfacet
  facet normal -1 0 0
    outer loop
      vertex 196 34.867156727579 16.82121597344437
      vertex 196 35.161480784023475 21.311733315717646
      vertex 196 35.161480784023475 17.688266684282354
    endloop
  endfacet
  facet normal 0 0.9469301294951047 -0.32143946530316436
    outer loop
      vertex 196 34.867156727579 16.82121597344437
      vertex 196 35.161480784023475 17.688266684282354
      vertex 220 34.867156727579 16.82121597344437
    endloop
  endfacet
  facet normal 0 0.9807852804032301 -0.19509032201612997
    outer loop
      vertex 196 35.161480784023475 17.688266684282354
      vertex 196 35.34011402961667 18.58631665445964
      vertex 220 35.161480784023475 17.688266684282354
    endloop
  endfacet
  facet normal -1 0 0
    outer loop
      vertex 196 32.66133000306104 13.946526617961354
      vertex 196 33.349747468305836 24.449747468305834
      vertex 196 33.349747468305836 14.550252531694166
    endloop
  endfacet
  facet normal -1 0 0
    outer loop
      vertex 196 31.9 13.43782217350893
      vertex 196 31.877332974640645 18.568251437630927
      vertex 196 31.969201500945715 19.030105708007813
    endloop
  endfacet
  facet normal -1 0 0
    outer loop
      vertex 196 31.9 13.43782217350893
      vertex 196 31.969201500945715 19.030105708007813
      vertex 196 32 19.5
    endloop
  endfacet
  facet normal -1 0 0
    outer loop
      vertex 196 32.66133000306104 13.946526617961354
      vertex 196 31.9 13.43782217350893
      vertex 196 32.66133000306104 25.053473382038646
    endloop
  endfacet
  facet normal -1 0 0
    outer loop
      vertex 196 33.349747468305836 14.550252531694166
      vertex 196 33.953473382038645 23.761330003061044
      vertex 196 33.953473382038645 15.238669996938956
    endloop
  endfacet
  facet normal 0 0.8314696123025438 -0.5555702330196042
    outer loop
      vertex 196 34.46217782649107 16
      vertex 220 34.46217782649107 16
      vertex 220 33.953473382038645 15.238669996938956
    endloop
  endfacet
  facet normal 0 0.8968727415326914 -0.44228869021899514
    outer loop
      vertex 196 34.867156727579 16.82121597344437
      vertex 220 34.867156727579 16.82121597344437
      vertex 220 34.46217782649107 16
    endloop
  endfacet
  facet normal 0 0.7518398074789803 -0.6593458151000654
    outer loop
      vertex 220 33.349747468305836 14.550252531694166
      vertex 196 33.953473382038645 15.238669996938956
      vertex 220 33.953473382038645 15.238669996938956
    endloop
  endfacet
  facet normal 1 0 0
    outer loop
      vertex 220 32.66133000306104 13.946526617961354
      vertex 220 31.877332974640645 18.568251437630927
      vertex 220 31.9 13.43782217350893
    endloop
  endfacet
  facet normal 1 0 0
    outer loop
      vertex 220 31.9 13.43782217350893
      vertex 220 31.256072025048447 17.308458855568606
      vertex 220 30.94558441227157 16.954415587728427
    endloop
  endfacet
  facet normal 1 0 0
    outer loop
      vertex 220 31.9 13.43782217350893
      vertex 220 31.51769145362398 17.7
      vertex 220 31.256072025048447 17.308458855568606
    endloop
  endfacet
  facet normal 1 0 0
    outer loop
      vertex 220 31.9 13.43782217350893
      vertex 220 31.72596631704063 18.122339643485677
      vertex 220 31.51769145362398 17.7
    endloop
  endfacet
  facet normal 1 0 0
    outer loop
      vertex 220 31.9 13.43782217350893
      vertex 220 31.877332974640645 18.568251437630927
      vertex 220 31.72596631704063 18.122339643485677
    endloop
  endfacet
  facet normal 0 0.9469301294951047 -0.32143946530316436
    outer loop
      vertex 196 35.161480784023475 17.688266684282354
      vertex 220 35.161480784023475 17.688266684282354
      vertex 220 34.867156727579 16.82121597344437
    endloop
  endfacet
  facet normal 0 0.9807852804032301 -0.19509032201612997
    outer loop
      vertex 196 35.34011402961667 18.58631665445964
      vertex 220 35.34011402961667 18.58631665445964
      vertex 220 35.161480784023475 17.688266684282354
    endloop
  endfacet
  facet normal 1 0 0
    outer loop
      vertex 220 34.46217782649107 16
      vertex 220 33.953473382038645 23.761330003061044
      vertex 220 33.953473382038645 15.238669996938956
    endloop
  endfacet
  facet normal 1 0 0
    outer loop
      vertex 220 34.46217782649107 16
      vertex 220 34.867156727579 16.82121597344437
      vertex 220 34.46217782649107 23
    endloop
  endfacet
  facet normal 1 0 0
    outer loop
      vertex 220 32.66133000306104 13.946526617961354
      vertex 220 31.969201500945715 19.030105708007813
      vertex 220 31.877332974640645 18.568251437630927
    endloop
  endfacet
  facet normal 1 0 0
    outer loop
      vertex 220 32.66133000306104 13.946526617961354
      vertex 220 32 19.5
      vertex 220 31.969201500945715 19.030105708007813
    endloop
  endfacet
  facet normal 1 0 0
    outer loop
      vertex 220 33.349747468305836 14.550252531694166
      vertex 220 33.953473382038645 15.238669996938956
      vertex 220 33.349747468305836 24.449747468305834
    endloop
  endfacet
  facet normal 1 0 0
    outer loop
      vertex 220 32.66133000306104 13.946526617961354
      vertex 220 33.349747468305836 14.550252531694166
      vertex 220 32.66133000306104 25.053473382038646
    endloop
  endfacet
  facet normal -1 0 0
    outer loop
      vertex 196 35.161480784023475 17.688266684282354
      vertex 196 35.34011402961667 20.41368334554036
      vertex 196 35.34011402961667 18.58631665445964
    endloop
  endfacet
  facet normal -1 0 0
    outer loop
      vertex 196 35.34011402961667 18.58631665445964
      vertex 196 35.34011402961667 20.41368334554036
      vertex 196 35.4 19.5
    endloop
  endfacet
  facet normal -1 0 0
    outer loop
      vertex 196 35.161480784023475 17.688266684282354
      vertex 196 35.161480784023475 21.311733315717646
      vertex 196 35.34011402961667 20.41368334554036
    endloop
  endfacet
  facet normal -1 0 0
    outer loop
      vertex 196 34.867156727579 16.82121597344437
      vertex 196 34.867156727579 22.17878402655563
      vertex 196 35.161480784023475 21.311733315717646
    endloop
  endfacet
  facet normal -1 0 0
    outer loop
      vertex 196 34.46217782649107 16
      vertex 196 34.46217782649107 23
      vertex 196 34.867156727579 22.17878402655563
    endloop
  endfacet
  facet normal 0 0.9978589232386035 -0.06540312923014303
    outer loop
      vertex 196 35.34011402961667 18.58631665445964
      vertex 196 35.4 19.5
      vertex 220 35.34011402961667 18.58631665445964
    endloop
  endfacet
  facet normal 0 0.9978589232386035 0.06540312923014303
    outer loop
      vertex 196 35.4 19.5
      vertex 196 35.34011402961667 20.41368334554036
      vertex 220 35.4 19.5
    endloop
  endfacet
  facet normal -1 0 0
    outer loop
      vertex 196 31.9 13.43782217350893
      vertex 196 32 19.5
      vertex 196 32.66133000306104 25.053473382038646
    endloop
  endfacet
  facet normal -1 0 0
    outer loop
      vertex 196 33.953473382038645 15.238669996938956
      vertex 196 33.953473382038645 23.761330003061044
      vertex 196 34.46217782649107 23
    endloop
  endfacet
  facet normal 0 0.9807852804032301 0.19509032201612997
    outer loop
      vertex 196 35.34011402961667 20.41368334554036
      vertex 196 35.161480784023475 21.311733315717646
      vertex 220 35.34011402961667 20.41368334554036
    endloop
  endfacet
  facet normal 0 0.9469301294951047 0.32143946530316436
    outer loop
      vertex 196 35.161480784023475 21.311733315717646
      vertex 196 34.867156727579 22.17878402655563
      vertex 220 35.161480784023475 21.311733315717646
    endloop
  endfacet
  facet normal 0 0.8968727415326914 0.44228869021899514
    outer loop
      vertex 196 34.867156727579 22.17878402655563
      vertex 196 34.46217782649107 23
      vertex 220 34.867156727579 22.17878402655563
    endloop
  endfacet
  facet normal -1 0 0
    outer loop
      vertex 196 33.349747468305836 14.550252531694166
      vertex 196 33.349747468305836 24.449747468305834
      vertex 196 33.953473382038645 23.761330003061044
    endloop
  endfacet
  facet normal -1 0 0
    outer loop
      vertex 196 32.66133000306104 13.946526617961354
      vertex 196 32.66133000306104 25.053473382038646
      vertex 196 33.349747468305836 24.449747468305834
    endloop
  endfacet
  facet normal -1 0 0
    outer loop
      vertex 196 32 19.5
      vertex 196 31.969201500945715 19.969894291992187
      vertex 196 32.66133000306104 25.053473382038646
    endloop
  endfacet
  facet normal -1 0 0
    outer loop
      vertex 196 31.969201500945715 19.969894291992187
      vertex 196 31.877332974640645 20.431748562369073
      vertex 196 32.66133000306104 25.053473382038646
    endloop
  endfacet
  facet normal -1 0 0
    outer loop
      vertex 196 31.877332974640645 20.431748562369073
      vertex 196 31.72596631704063 20.877660356514323
      vertex 196 31.9 25.56217782649107
    endloop
  endfacet
  facet normal 0 0.9978589232386035 -0.06540312923014303
    outer loop
      vertex 220 35.34011402961667 18.58631665445964
      vertex 196 35.4 19.5
      vertex 220 35.4 19.5
    endloop
  endfacet
  facet normal 0 0.9978589232386035 0.06540312923014303
    outer loop
      vertex 196 35.34011402961667 20.41368334554036
      vertex 220 35.34011402961667 20.41368334554036
      vertex 220 35.4 19.5
    endloop
  endfacet
  facet normal 1 0 0
    outer loop
      vertex 220 35.34011402961667 18.58631665445964
      vertex 220 35.4 19.5
      vertex 220 35.34011402961667 20.41368334554036
    endloop
  endfacet
  facet normal 1 0 0
    outer loop
      vertex 220 34.867156727579 16.82121597344437
      vertex 220 35.161480784023475 17.688266684282354
      vertex 220 34.867156727579 22.17878402655563
    endloop
  endfacet
  facet normal 1 0 0
    outer loop
      vertex 220 35.161480784023475 17.688266684282354
      vertex 220 35.34011402961667 18.58631665445964
      vertex 220 35.161480784023475 21.311733315717646
    endloop
  endfacet
  facet normal 1 0 0
    outer loop
      vertex 220 35.34011402961667 18.58631665445964
      vertex 220 35.34011402961667 20.41368334554036
      vertex 220 35.161480784023475 21.311733315717646
    endloop
  endfacet
  facet normal 1 0 0
    outer loop
      vertex 220 35.161480784023475 17.688266684282354
      vertex 220 35.161480784023475 21.311733315717646
      vertex 220 34.867156727579 22.17878402655563
    endloop
  endfacet
  facet normal 1 0 0
    outer loop
      vertex 220 32.66133000306104 13.946526617961354
      vertex 220 31.9 25.56217782649107
      vertex 220 32 19.5
    endloop
  endfacet
  facet normal 0 0.9807852804032301 0.19509032201612997
    outer loop
      vertex 196 35.161480784023475 21.311733315717646
      vertex 220 35.161480784023475 21.311733315717646
      vertex 220 35.34011402961667 20.41368334554036
    endloop
  endfacet
  facet normal 0 0.9469301294951047 0.32143946530316436
    outer loop
      vertex 196 34.867156727579 22.17878402655563
      vertex 220 34.867156727579 22.17878402655563
      vertex 220 35.161480784023475 21.311733315717646
    endloop
  endfacet
  facet normal 1 0 0
    outer loop
      vertex 220 34.867156727579 16.82121597344437
      vertex 220 34.867156727579 22.17878402655563
      vertex 220 34.46217782649107 23
    endloop
  endfacet
  facet normal 1 0 0
    outer loop
      vertex 220 34.46217782649107 16
      vertex 220 34.46217782649107 23
      vertex 220 33.953473382038645 23.761330003061044
    endloop
  endfacet
  facet normal 1 0 0
    outer loop
      vertex 220 33.953473382038645 15.238669996938956
      vertex 220 33.953473382038645 23.761330003061044
      vertex 220 33.349747468305836 24.449747468305834
    endloop
  endfacet
  facet normal 1 0 0
    outer loop
      vertex 220 33.349747468305836 14.550252531694166
      vertex 220 33.349747468305836 24.449747468305834
      vertex 220 32.66133000306104 25.053473382038646
    endloop
  endfacet
  facet normal 1 0 0
    outer loop
      vertex 220 32.66133000306104 13.946526617961354
      vertex 220 32.66133000306104 25.053473382038646
      vertex 220 31.9 25.56217782649107
    endloop
  endfacet
  facet normal 1 0 0
    outer loop
      vertex 220 32 19.5
      vertex 220 31.9 25.56217782649107
      vertex 220 31.969201500945715 19.969894291992187
    endloop
  endfacet
  facet normal 1 0 0
    outer loop
      vertex 220 31.969201500945715 19.969894291992187
      vertex 220 31.9 25.56217782649107
      vertex 220 31.877332974640645 20.431748562369073
    endloop
  endfacet
  facet normal 1 0 0
    outer loop
      vertex 220 31.877332974640645 20.431748562369073
      vertex 220 31.9 25.56217782649107
      vertex 220 31.72596631704063 20.877660356514323
    endloop
  endfacet
  facet normal -1 0 0
    outer loop
      vertex 196 30.211733315717645 12.738519215976522
      vertex 196 29.77766035651432 16.17403368295937
      vertex 196 30.2 16.38230854637602
    endloop
  endfacet
  facet normal -1 0 0
    outer loop
      vertex 196 30.211733315717645 12.738519215976522
      vertex 196 30.2 16.38230854637602
      vertex 196 30.591541144431392 16.643927974951552
    endloop
  endfacet
  facet normal -1 0 0
    outer loop
      vertex 196 31.078784026555628 13.032843272420994
      vertex 196 30.591541144431392 16.643927974951552
      vertex 196 30.94558441227157 16.954415587728427
    endloop
  endfacet
  facet normal -1 0 0
    outer loop
      vertex 196 31.078784026555628 13.032843272420994
      vertex 196 30.94558441227157 16.954415587728427
      vertex 196 31.256072025048447 17.308458855568606
    endloop
  endfacet
  facet normal -1 0 0
    outer loop
      vertex 196 31.078784026555628 13.032843272420994
      vertex 196 31.256072025048447 17.308458855568606
      vertex 196 31.51769145362398 17.7
    endloop
  endfacet
  facet normal -1 0 0
    outer loop
      vertex 196 26.588266684282353 12.738519215976522
      vertex 196 26.599999999999998 16.38230854637602
      vertex 196 27.022339643485676 16.17403368295937
    endloop
  endfacet
  facet normal -1 0 0
    outer loop
      vertex 196 25.72121597344437 13.032843272420994
      vertex 196 26.208458855568605 16.643927974951552
      vertex 196 26.599999999999998 16.38230854637602
    endloop
  endfacet
  facet normal 1 0 0
    outer loop
      vertex 220 30.211733315717645 12.738519215976522
      vertex 220 30.2 16.38230854637602
      vertex 220 29.77766035651432 16.17403368295937
    endloop
  endfacet
  facet normal 1 0 0
    outer loop
      vertex 220 31.078784026555628 13.032843272420994
      vertex 220 30.591541144431392 16.643927974951552
      vertex 220 30.2 16.38230854637602
    endloop
  endfacet
  facet normal 1 0 0
    outer loop
      vertex 220 31.078784026555628 13.032843272420994
      vertex 220 30.94558441227157 16.954415587728427
      vertex 220 30.591541144431392 16.643927974951552
    endloop
  endfacet
  facet normal 1 0 0
    outer loop
      vertex 220 26.588266684282353 12.738519215976522
      vertex 220 27.022339643485676 16.17403368295937
      vertex 220 26.599999999999998 16.38230854637602
    endloop
  endfacet
  facet normal 1 0 0
    outer loop
      vertex 220 26.588266684282353 12.738519215976522
      vertex 220 26.599999999999998 16.38230854637602
      vertex 220 26.208458855568605 16.643927974951552
    endloop
  endfacet
  facet normal -1 0 0
    outer loop
      vertex 196 25.72121597344437 13.032843272420994
      vertex 196 25.854415587728425 16.954415587728427
      vertex 196 26.208458855568605 16.643927974951552
    endloop
  endfacet
  facet normal -1 0 0
    outer loop
      vertex 196 24.9 13.43782217350893
      vertex 196 25.54392797495155 17.308458855568606
      vertex 196 25.854415587728425 16.954415587728427
    endloop
  endfacet
  facet normal -1 0 0
    outer loop
      vertex 196 24.9 13.43782217350893
      vertex 196 24.138669996938955 13.946526617961354
      vertex 196 24.922667025359353 18.568251437630927
    endloop
  endfacet
  facet normal -1 0 0
    outer loop
      vertex 196 24.9 13.43782217350893
      vertex 196 25.28230854637602 17.7
      vertex 196 25.54392797495155 17.308458855568606
    endloop
  endfacet
  facet normal -1 0 0
    outer loop
      vertex 196 24.9 13.43782217350893
      vertex 196 25.074033682959367 18.122339643485677
      vertex 196 25.28230854637602 17.7
    endloop
  endfacet
  facet normal -1 0 0
    outer loop
      vertex 196 24.9 13.43782217350893
      vertex 196 24.922667025359353 18.568251437630927
      vertex 196 25.074033682959367 18.122339643485677
    endloop
  endfacet
  facet normal 0 -0.7518398074789785 -0.6593458151000677
    outer loop
      vertex 196 23.450252531694165 14.550252531694166
      vertex 220 22.846526617961352 15.238669996938956
      vertex 196 22.846526617961352 15.238669996938956
    endloop
  endfacet
  facet normal 0 -0.8314696123025457 -0.5555702330196016
    outer loop
      vertex 196 22.846526617961352 15.238669996938956
      vertex 220 22.33782217350893 16
      vertex 196 22.33782217350893 16
    endloop
  endfacet
  facet normal 0 -0.8968727415326883 -0.4422886902190014
    outer loop
      vertex 196 22.33782217350893 16
      vertex 220 21.932843272420993 16.82121597344437
      vertex 196 21.932843272420993 16.82121597344437
    endloop
  endfacet
  facet normal -1 0 0
    outer loop
      vertex 196 24.138669996938955 13.946526617961354
      vertex 196 24.830798499054282 19.030105708007813
      vertex 196 24.922667025359353 18.568251437630927
    endloop
  endfacet
  facet normal -1 0 0
    outer loop
      vertex 196 24.138669996938955 13.946526617961354
      vertex 196 24.799999999999997 19.5
      vertex 196 24.830798499054282 19.030105708007813
    endloop
  endfacet
  facet normal -1 0 0
    outer loop
      vertex 196 24.138669996938955 13.946526617961354
      vertex 196 23.8265209183141 14.220274012860228
      vertex 196 24.138669996938955 25.053473382038646
    endloop
  endfacet
  facet normal -1 0 0
    outer loop
      vertex 196 23.8265209183141 14.220274012860228
      vertex 196 23.450252531694165 14.550252531694166
      vertex 196 24.138669996938955 25.053473382038646
    endloop
  endfacet
  facet normal -1 0 0
    outer loop
      vertex 196 23.450252531694165 14.550252531694166
      vertex 196 22.846526617961352 15.238669996938956
      vertex 196 23.450252531694165 24.449747468305834
    endloop
  endfacet
  facet normal -1 0 0
    outer loop
      vertex 196 22.846526617961352 15.238669996938956
      vertex 196 22.33782217350893 16
      vertex 196 22.846526617961352 23.761330003061044
    endloop
  endfacet
  facet normal -1 0 0
    outer loop
      vertex 196 22.33782217350893 16
      vertex 196 21.932843272420993 16.82121597344437
      vertex 196 22.33782217350893 23
    endloop
  endfacet
  facet normal 0 -0.9469301294951057 -0.3214394653031616
    outer loop
      vertex 196 21.932843272420993 16.82121597344437
      vertex 220 21.932843272420993 16.82121597344437
      vertex 196 21.702427143758253 17.5
    endloop
  endfacet
  facet normal 1 0 0
    outer loop
      vertex 220 24.9 13.43782217350893
      vertex 220 24.830798499054282 19.030105708007813
      vertex 220 24.89328485084025 13.844906456887065
    endloop
  endfacet
  facet normal 1 0 0
    outer loop
      vertex 220 25.72121597344437 13.032843272420994
      vertex 220 26.208458855568605 16.643927974951552
      vertex 220 25.854415587728425 16.954415587728427
    endloop
  endfacet
  facet normal 1 0 0
    outer loop
      vertex 220 25.72121597344437 13.032843272420994
      vertex 220 25.854415587728425 16.954415587728427
      vertex 220 25.54392797495155 17.308458855568606
    endloop
  endfacet
  facet normal 1 0 0
    outer loop
      vertex 220 25.72121597344437 13.032843272420994
      vertex 220 25.54392797495155 17.308458855568606
      vertex 220 25.28230854637602 17.7
    endloop
  endfacet
  facet normal 1 0 0
    outer loop
      vertex 220 24.9 13.43782217350893
      vertex 220 25.28230854637602 17.7
      vertex 220 25.074033682959367 18.122339643485677
    endloop
  endfacet
  facet normal 1 0 0
    outer loop
      vertex 220 24.9 13.43782217350893
      vertex 220 25.074033682959367 18.122339643485677
      vertex 220 24.922667025359353 18.568251437630927
    endloop
  endfacet
  facet normal 0 -0.8314696123025457 -0.5555702330196016
    outer loop
      vertex 196 22.846526617961352 15.238669996938956
      vertex 220 22.846526617961352 15.238669996938956
      vertex 220 22.33782217350893 16
    endloop
  endfacet
  facet normal 0 -0.8968727415326883 -0.4422886902190014
    outer loop
      vertex 196 22.33782217350893 16
      vertex 220 22.33782217350893 16
      vertex 220 21.932843272420993 16.82121597344437
    endloop
  endfacet
  facet normal 1 0 0
    outer loop
      vertex 220 24.9 13.43782217350893
      vertex 220 24.922667025359353 18.568251437630927
      vertex 220 24.830798499054282 19.030105708007813
    endloop
  endfacet
  facet normal 1 0 0
    outer loop
      vertex 220 24.89328485084025 13.844906456887065
      vertex 220 24.830798499054282 19.030105708007813
      vertex 220 24.799999999999997 19.5
    endloop
  endfacet
  facet normal 1 0 0
    outer loop
      vertex 220 24.89328485084025 13.844906456887065
      vertex 220 24.138669996938955 25.053473382038646
      vertex 220 24.138669996938955 13.946526617961354
    endloop
  endfacet
  facet normal 1 0 0
    outer loop
      vertex 220 24.138669996938955 13.946526617961354
      vertex 220 23.450252531694165 24.449747468305834
      vertex 220 23.8265209183141 14.220274012860228
    endloop
  endfacet
  facet normal 1 0 0
    outer loop
      vertex 220 23.8265209183141 14.220274012860228
      vertex 220 23.450252531694165 24.449747468305834
      vertex 220 23.450252531694165 14.550252531694166
    endloop
  endfacet
  facet normal 0 -0.9469301294951057 -0.3214394653031616
    outer loop
      vertex 196 21.702427143758253 17.5
      vertex 220 21.932843272420993 16.82121597344437
      vertex 220 21.702427143758253 17.5
    endloop
  endfacet
  facet normal 1 0 0
    outer loop
      vertex 220 23.450252531694165 14.550252531694166
      vertex 220 22.846526617961352 23.761330003061044
      vertex 220 22.846526617961352 15.238669996938956
    endloop
  endfacet
  facet normal 1 0 0
    outer loop
      vertex 220 22.846526617961352 15.238669996938956
      vertex 220 22.33782217350893 23
      vertex 220 22.33782217350893 16
    endloop
  endfacet
  facet normal 1 0 0
    outer loop
      vertex 220 22.33782217350893 16
      vertex 220 21.932843272420993 22.17878402655563
      vertex 220 21.932843272420993 16.82121597344437
    endloop
  endfacet
  facet normal 1 0 0
    outer loop
      vertex 220 21.932843272420993 16.82121597344437
      vertex 220 21.638519215976523 21.311733315717646
      vertex 220 21.702427143758253 17.5
    endloop
  endfacet
  facet normal -1 0 0
    outer loop
      vertex 196 24.138669996938955 13.946526617961354
      vertex 196 24.9 25.56217782649107
      vertex 196 24.799999999999997 19.5
    endloop
  endfacet
  facet normal -1 0 0
    outer loop
      vertex 196 21.932843272420993 16.82121597344437
      vertex 196 21.702427143758253 17.5
      vertex 196 21.932843272420993 22.17878402655563
    endloop
  endfacet
  facet normal -1 0 0
    outer loop
      vertex 196 21.702427143758253 17.5
      vertex 196 21.638519215976523 17.688266684282354
      vertex 196 21.932843272420993 22.17878402655563
    endloop
  endfacet
  facet normal -1 0 0
    outer loop
      vertex 196 21.638519215976523 17.688266684282354
      vertex 196 21.459885970383326 18.58631665445964
      vertex 196 21.638519215976523 21.311733315717646
    endloop
  endfacet
  facet normal -1 0 0
    outer loop
      vertex 196 21.459885970383326 18.58631665445964
      vertex 196 21.4 19.5
      vertex 196 21.459885970383326 20.41368334554036
    endloop
  endfacet
  facet normal -1 0 0
    outer loop
      vertex 196 21.459885970383326 18.58631665445964
      vertex 196 21.459885970383326 20.41368334554036
      vertex 196 21.638519215976523 21.311733315717646
    endloop
  endfacet
  facet normal -1 0 0
    outer loop
      vertex 196 21.638519215976523 17.688266684282354
      vertex 196 21.638519215976523 21.311733315717646
      vertex 196 21.932843272420993 22.17878402655563
    endloop
  endfacet
  facet normal 0 -0.9978589232386035 0.06540312923014303
    outer loop
      vertex 196 21.4 19.5
      vertex 220 21.459885970383326 20.41368334554036
      vertex 196 21.459885970383326 20.41368334554036
    endloop
  endfacet
  facet normal -1 0 0
    outer loop
      vertex 196 24.138669996938955 13.946526617961354
      vertex 196 24.138669996938955 25.053473382038646
      vertex 196 24.9 25.56217782649107
    endloop
  endfacet
  facet normal -1 0 0
    outer loop
      vertex 196 23.450252531694165 14.550252531694166
      vertex 196 23.450252531694165 24.449747468305834
      vertex 196 24.138669996938955 25.053473382038646
    endloop
  endfacet
  facet normal -1 0 0
    outer loop
      vertex 196 24.799999999999997 19.5
      vertex 196 24.9 25.56217782649107
      vertex 196 24.830798499054282 19.969894291992187
    endloop
  endfacet
  facet normal -1 0 0
    outer loop
      vertex 196 24.830798499054282 19.969894291992187
      vertex 196 24.9 25.56217782649107
      vertex 196 24.922667025359353 20.431748562369073
    endloop
  endfacet
  facet normal -1 0 0
    outer loop
      vertex 196 24.922667025359353 20.431748562369073
      vertex 196 24.9 25.56217782649107
      vertex 196 25.074033682959367 20.877660356514323
    endloop
  endfacet
  facet normal -1 0 0
    outer loop
      vertex 196 22.33782217350893 16
      vertex 196 22.33782217350893 23
      vertex 196 22.846526617961352 23.761330003061044
    endloop
  endfacet
  facet normal -1 0 0
    outer loop
      vertex 196 22.846526617961352 15.238669996938956
      vertex 196 22.846526617961352 23.761330003061044
      vertex 196 23.450252531694165 24.449747468305834
    endloop
  endfacet
  facet normal -1 0 0
    outer loop
      vertex 196 21.932843272420993 16.82121597344437
      vertex 196 21.932843272420993 22.17878402655563
      vertex 196 22.33782217350893 23
    endloop
  endfacet
  facet normal 0 -0.9807852804032301 0.19509032201612997
    outer loop
      vertex 196 21.459885970383326 20.41368334554036
      vertex 220 21.638519215976523 21.311733315717646
      vertex 196 21.638519215976523 21.311733315717646
    endloop
  endfacet
  facet normal 0 -0.9469301294951059 0.3214394653031609
    outer loop
      vertex 196 21.638519215976523 21.311733315717646
      vertex 220 21.932843272420993 22.17878402655563
      vertex 196 21.932843272420993 22.17878402655563
    endloop
  endfacet
  facet normal 1 0 0
    outer loop
      vertex 220 24.89328485084025 13.844906456887065
      vertex 220 24.799999999999997 19.5
      vertex 220 24.138669996938955 25.053473382038646
    endloop
  endfacet
  facet normal 0 -0.9978589232386035 0.06540312923014303
    outer loop
      vertex 196 21.4 19.5
      vertex 220 21.4 19.5
      vertex 220 21.459885970383326 20.41368334554036
    endloop
  endfacet
  facet normal 1 0 0
    outer loop
      vertex 220 21.702427143758253 17.5
      vertex 220 21.638519215976523 21.311733315717646
      vertex 220 21.638519215976523 17.688266684282354
    endloop
  endfacet
  facet normal 1 0 0
    outer loop
      vertex 220 21.638519215976523 17.688266684282354
      vertex 220 21.459885970383326 20.41368334554036
      vertex 220 21.459885970383326 18.58631665445964
    endloop
  endfacet
  facet normal 1 0 0
    outer loop
      vertex 220 21.459885970383326 18.58631665445964
      vertex 220 21.459885970383326 20.41368334554036
      vertex 220 21.4 19.5
    endloop
  endfacet
  facet normal 1 0 0
    outer loop
      vertex 220 21.638519215976523 17.688266684282354
      vertex 220 21.638519215976523 21.311733315717646
      vertex 220 21.459885970383326 20.41368334554036
    endloop
  endfacet
  facet normal 1 0 0
    outer loop
      vertex 220 21.932843272420993 16.82121597344437
      vertex 220 21.932843272420993 22.17878402655563
      vertex 220 21.638519215976523 21.311733315717646
    endloop
  endfacet
  facet normal 1 0 0
    outer loop
      vertex 220 22.33782217350893 16
      vertex 220 22.33782217350893 23
      vertex 220 21.932843272420993 22.17878402655563
    endloop
  endfacet
  facet normal 1 0 0
    outer loop
      vertex 220 24.799999999999997 19.5
      vertex 220 24.830798499054282 19.969894291992187
      vertex 220 24.138669996938955 25.053473382038646
    endloop
  endfacet
  facet normal 1 0 0
    outer loop
      vertex 220 24.138669996938955 13.946526617961354
      vertex 220 24.138669996938955 25.053473382038646
      vertex 220 23.450252531694165 24.449747468305834
    endloop
  endfacet
  facet normal 1 0 0
    outer loop
      vertex 220 24.922667025359353 20.431748562369073
      vertex 220 25.074033682959367 20.877660356514323
      vertex 220 24.9 25.56217782649107
    endloop
  endfacet
  facet normal 1 0 0
    outer loop
      vertex 220 24.830798499054282 19.969894291992187
      vertex 220 24.922667025359353 20.431748562369073
      vertex 220 24.138669996938955 25.053473382038646
    endloop
  endfacet
  facet normal 0 -0.9807852804032301 0.19509032201612997
    outer loop
      vertex 196 21.459885970383326 20.41368334554036
      vertex 220 21.459885970383326 20.41368334554036
      vertex 220 21.638519215976523 21.311733315717646
    endloop
  endfacet
  facet normal 0 -0.9469301294951059 0.3214394653031609
    outer loop
      vertex 196 21.638519215976523 21.311733315717646
      vertex 220 21.638519215976523 21.311733315717646
      vertex 220 21.932843272420993 22.17878402655563
    endloop
  endfacet
  facet normal 0 -0.8968727415326883 0.4422886902190014
    outer loop
      vertex 196 21.932843272420993 22.17878402655563
      vertex 220 21.932843272420993 22.17878402655563
      vertex 220 22.33782217350893 23
    endloop
  endfacet
  facet normal 1 0 0
    outer loop
      vertex 220 23.450252531694165 14.550252531694166
      vertex 220 23.450252531694165 24.449747468305834
      vertex 220 22.846526617961352 23.761330003061044
    endloop
  endfacet
  facet normal 1 0 0
    outer loop
      vertex 220 22.846526617961352 15.238669996938956
      vertex 220 22.846526617961352 23.761330003061044
      vertex 220 22.33782217350893 23
    endloop
  endfacet
  facet normal 0 0.8314696123025438 0.5555702330196042
    outer loop
      vertex 196 34.46217782649107 23
      vertex 196 33.953473382038645 23.761330003061044
      vertex 220 34.46217782649107 23
    endloop
  endfacet
  facet normal -1 0 0
    outer loop
      vertex 196 31.72596631704063 20.877660356514323
      vertex 196 31.51769145362398 21.3
      vertex 196 31.9 25.56217782649107
    endloop
  endfacet
  facet normal -1 0 0
    outer loop
      vertex 196 31.51769145362398 21.3
      vertex 196 31.256072025048447 21.691541144431394
      vertex 196 31.9 25.56217782649107
    endloop
  endfacet
  facet normal -1 0 0
    outer loop
      vertex 196 31.256072025048447 21.691541144431394
      vertex 196 30.94558441227157 22.045584412271573
      vertex 196 31.9 25.56217782649107
    endloop
  endfacet
  facet normal -1 0 0
    outer loop
      vertex 196 31.877332974640645 20.431748562369073
      vertex 196 31.9 25.56217782649107
      vertex 196 32.66133000306104 25.053473382038646
    endloop
  endfacet
  facet normal 0 0.7518398074789803 0.6593458151000654
    outer loop
      vertex 196 33.953473382038645 23.761330003061044
      vertex 196 33.349747468305836 24.449747468305834
      vertex 220 33.953473382038645 23.761330003061044
    endloop
  endfacet
  facet normal 0 0.6593458151000637 0.7518398074789817
    outer loop
      vertex 196 33.349747468305836 24.449747468305834
      vertex 196 32.66133000306104 25.053473382038646
      vertex 220 32.66133000306104 25.053473382038646
    endloop
  endfacet
  facet normal 0 0.5555702330196034 0.8314696123025445
    outer loop
      vertex 196 32.66133000306104 25.053473382038646
      vertex 196 31.9 25.56217782649107
      vertex 220 31.9 25.56217782649107
    endloop
  endfacet
  facet normal 0 0.4422886902190014 0.8968727415326883
    outer loop
      vertex 196 31.9 25.56217782649107
      vertex 196 31.078784026555628 25.967156727579006
      vertex 220 31.078784026555628 25.967156727579006
    endloop
  endfacet
  facet normal 0 0.8968727415326914 0.44228869021899514
    outer loop
      vertex 220 34.867156727579 22.17878402655563
      vertex 196 34.46217782649107 23
      vertex 220 34.46217782649107 23
    endloop
  endfacet
  facet normal 0 0.8314696123025438 0.5555702330196042
    outer loop
      vertex 196 33.953473382038645 23.761330003061044
      vertex 220 33.953473382038645 23.761330003061044
      vertex 220 34.46217782649107 23
    endloop
  endfacet
  facet normal 0 0.7518398074789803 0.6593458151000654
    outer loop
      vertex 196 33.349747468305836 24.449747468305834
      vertex 220 33.349747468305836 24.449747468305834
      vertex 220 33.953473382038645 23.761330003061044
    endloop
  endfacet
  facet normal 1 0 0
    outer loop
      vertex 220 31.72596631704063 20.877660356514323
      vertex 220 31.9 25.56217782649107
      vertex 220 31.51769145362398 21.3
    endloop
  endfacet
  facet normal 1 0 0
    outer loop
      vertex 220 31.51769145362398 21.3
      vertex 220 31.9 25.56217782649107
      vertex 220 31.078784026555628 25.967156727579006
    endloop
  endfacet
  facet normal 0 0.6593458151000637 0.7518398074789817
    outer loop
      vertex 196 33.349747468305836 24.449747468305834
      vertex 220 32.66133000306104 25.053473382038646
      vertex 220 33.349747468305836 24.449747468305834
    endloop
  endfacet
  facet normal 0 0.5555702330196034 0.8314696123025445
    outer loop
      vertex 196 32.66133000306104 25.053473382038646
      vertex 220 31.9 25.56217782649107
      vertex 220 32.66133000306104 25.053473382038646
    endloop
  endfacet
  facet normal 0 0.4422886902190014 0.8968727415326883
    outer loop
      vertex 196 31.9 25.56217782649107
      vertex 220 31.078784026555628 25.967156727579006
      vertex 220 31.9 25.56217782649107
    endloop
  endfacet
  facet normal -1 0 0
    outer loop
      vertex 196 30.94558441227157 22.045584412271573
      vertex 196 30.591541144431392 22.356072025048448
      vertex 196 31.078784026555628 25.967156727579006
    endloop
  endfacet
  facet normal -1 0 0
    outer loop
      vertex 196 30.591541144431392 22.356072025048448
      vertex 196 30.2 22.61769145362398
      vertex 196 31.078784026555628 25.967156727579006
    endloop
  endfacet
  facet normal -1 0 0
    outer loop
      vertex 196 30.2 22.61769145362398
      vertex 196 29.77766035651432 22.82596631704063
      vertex 196 30.211733315717645 26.261480784023476
    endloop
  endfacet
  facet normal -1 0 0
    outer loop
      vertex 196 29.77766035651432 22.82596631704063
      vertex 196 29.33174856236907 22.977332974640646
      vertex 196 30.211733315717645 26.261480784023476
    endloop
  endfacet
  facet normal -1 0 0
    outer loop
      vertex 196 29.33174856236907 22.977332974640646
      vertex 196 28.869894291992182 23.069201500945717
      vertex 196 30.211733315717645 26.261480784023476
    endloop
  endfacet
  facet normal -1 0 0
    outer loop
      vertex 196 28.869894291992182 23.069201500945717
      vertex 196 28.4 23.1
      vertex 196 28.4 26.5
    endloop
  endfacet
  facet normal -1 0 0
    outer loop
      vertex 196 28.4 23.1
      vertex 196 27.93010570800781 23.069201500945717
      vertex 196 28.4 26.5
    endloop
  endfacet
  facet normal -1 0 0
    outer loop
      vertex 196 27.93010570800781 23.069201500945717
      vertex 196 27.468251437630926 22.977332974640646
      vertex 196 27.48631665445964 26.440114029616673
    endloop
  endfacet
  facet normal -1 0 0
    outer loop
      vertex 196 26.208458855568605 22.356072025048448
      vertex 196 26.588266684282353 26.261480784023476
      vertex 196 26.599999999999998 22.61769145362398
    endloop
  endfacet
  facet normal -1 0 0
    outer loop
      vertex 196 27.022339643485676 22.82596631704063
      vertex 196 26.599999999999998 22.61769145362398
      vertex 196 26.588266684282353 26.261480784023476
    endloop
  endfacet
  facet normal -1 0 0
    outer loop
      vertex 196 27.468251437630926 22.977332974640646
      vertex 196 27.022339643485676 22.82596631704063
      vertex 196 27.48631665445964 26.440114029616673
    endloop
  endfacet
  facet normal -1 0 0
    outer loop
      vertex 196 30.94558441227157 22.045584412271573
      vertex 196 31.078784026555628 25.967156727579006
      vertex 196 31.9 25.56217782649107
    endloop
  endfacet
  facet normal -1 0 0
    outer loop
      vertex 196 30.2 22.61769145362398
      vertex 196 30.211733315717645 26.261480784023476
      vertex 196 31.078784026555628 25.967156727579006
    endloop
  endfacet
  facet normal -1 0 0
    outer loop
      vertex 196 28.869894291992182 23.069201500945717
      vertex 196 29.313683345540362 26.440114029616673
      vertex 196 30.211733315717645 26.261480784023476
    endloop
  endfacet
  facet normal -1 0 0
    outer loop
      vertex 196 28.869894291992182 23.069201500945717
      vertex 196 28.4 26.5
      vertex 196 29.313683345540362 26.440114029616673
    endloop
  endfacet
  facet normal 0 0.3214394653031609 0.9469301294951059
    outer loop
      vertex 196 31.078784026555628 25.967156727579006
      vertex 196 30.211733315717645 26.261480784023476
      vertex 220 30.211733315717645 26.261480784023476
    endloop
  endfacet
  facet normal -1 0 0
    outer loop
      vertex 196 27.022339643485676 22.82596631704063
      vertex 196 26.588266684282353 26.261480784023476
      vertex 196 27.48631665445964 26.440114029616673
    endloop
  endfacet
  facet normal -1 0 0
    outer loop
      vertex 196 26.208458855568605 22.356072025048448
      vertex 196 25.72121597344437 25.967156727579006
      vertex 196 26.588266684282353 26.261480784023476
    endloop
  endfacet
  facet normal -1 0 0
    outer loop
      vertex 196 27.93010570800781 23.069201500945717
      vertex 196 27.48631665445964 26.440114029616673
      vertex 196 28.4 26.5
    endloop
  endfacet
  facet normal 1 0 0
    outer loop
      vertex 220 31.51769145362398 21.3
      vertex 220 31.078784026555628 25.967156727579006
      vertex 220 31.256072025048447 21.691541144431394
    endloop
  endfacet
  facet normal 1 0 0
    outer loop
      vertex 220 31.256072025048447 21.691541144431394
      vertex 220 31.078784026555628 25.967156727579006
      vertex 220 30.94558441227157 22.045584412271573
    endloop
  endfacet
  facet normal 1 0 0
    outer loop
      vertex 220 30.94558441227157 22.045584412271573
      vertex 220 31.078784026555628 25.967156727579006
      vertex 220 30.591541144431392 22.356072025048448
    endloop
  endfacet
  facet normal 1 0 0
    outer loop
      vertex 220 30.591541144431392 22.356072025048448
      vertex 220 30.211733315717645 26.261480784023476
      vertex 220 30.2 22.61769145362398
    endloop
  endfacet
  facet normal 1 0 0
    outer loop
      vertex 220 30.2 22.61769145362398
      vertex 220 30.211733315717645 26.261480784023476
      vertex 220 29.77766035651432 22.82596631704063
    endloop
  endfacet
  facet normal 1 0 0
    outer loop
      vertex 220 29.77766035651432 22.82596631704063
      vertex 220 29.313683345540362 26.440114029616673
      vertex 220 29.33174856236907 22.977332974640646
    endloop
  endfacet
  facet normal 1 0 0
    outer loop
      vertex 220 29.33174856236907 22.977332974640646
      vertex 220 29.313683345540362 26.440114029616673
      vertex 220 28.869894291992182 23.069201500945717
    endloop
  endfacet
  facet normal 1 0 0
    outer loop
      vertex 220 28.869894291992182 23.069201500945717
      vertex 220 28.4 26.5
      vertex 220 28.4 23.1
    endloop
  endfacet
  facet normal 1 0 0
    outer loop
      vertex 220 28.4 23.1
      vertex 220 28.4 26.5
      vertex 220 27.93010570800781 23.069201500945717
    endloop
  endfacet
  facet normal 1 0 0
    outer loop
      vertex 220 26.208458855568605 22.356072025048448
      vertex 220 26.599999999999998 22.61769145362398
      vertex 220 25.72121597344437 25.967156727579006
    endloop
  endfacet
  facet normal 1 0 0
    outer loop
      vertex 220 27.022339643485676 22.82596631704063
      vertex 220 26.588266684282353 26.261480784023476
      vertex 220 26.599999999999998 22.61769145362398
    endloop
  endfacet
  facet normal 1 0 0
    outer loop
      vertex 220 27.93010570800781 23.069201500945717
      vertex 220 26.588266684282353 26.261480784023476
      vertex 220 27.468251437630926 22.977332974640646
    endloop
  endfacet
  facet normal 1 0 0
    outer loop
      vertex 220 27.468251437630926 22.977332974640646
      vertex 220 26.588266684282353 26.261480784023476
      vertex 220 27.022339643485676 22.82596631704063
    endloop
  endfacet
  facet normal 0 0.3214394653031609 0.9469301294951059
    outer loop
      vertex 196 31.078784026555628 25.967156727579006
      vertex 220 30.211733315717645 26.261480784023476
      vertex 220 31.078784026555628 25.967156727579006
    endloop
  endfacet
  facet normal 1 0 0
    outer loop
      vertex 220 30.591541144431392 22.356072025048448
      vertex 220 31.078784026555628 25.967156727579006
      vertex 220 30.211733315717645 26.261480784023476
    endloop
  endfacet
  facet normal 1 0 0
    outer loop
      vertex 220 29.77766035651432 22.82596631704063
      vertex 220 30.211733315717645 26.261480784023476
      vertex 220 29.313683345540362 26.440114029616673
    endloop
  endfacet
  facet normal 1 0 0
    outer loop
      vertex 220 28.869894291992182 23.069201500945717
      vertex 220 29.313683345540362 26.440114029616673
      vertex 220 28.4 26.5
    endloop
  endfacet
  facet normal 0 -0.3214394653031609 0.9469301294951059
    outer loop
      vertex 220 25.72121597344437 25.967156727579006
      vertex 220 26.588266684282353 26.261480784023476
      vertex 196 26.588266684282353 26.261480784023476
    endloop
  endfacet
  facet normal 1 0 0
    outer loop
      vertex 220 27.93010570800781 23.069201500945717
      vertex 220 27.48631665445964 26.440114029616673
      vertex 220 26.588266684282353 26.261480784023476
    endloop
  endfacet
  facet normal 1 0 0
    outer loop
      vertex 220 26.599999999999998 22.61769145362398
      vertex 220 26.588266684282353 26.261480784023476
      vertex 220 25.72121597344437 25.967156727579006
    endloop
  endfacet
  facet normal 1 0 0
    outer loop
      vertex 220 27.93010570800781 23.069201500945717
      vertex 220 28.4 26.5
      vertex 220 27.48631665445964 26.440114029616673
    endloop
  endfacet
  facet normal -1 0 0
    outer loop
      vertex 196 25.074033682959367 20.877660356514323
      vertex 196 24.9 25.56217782649107
      vertex 196 25.28230854637602 21.3
    endloop
  endfacet
  facet normal -1 0 0
    outer loop
      vertex 196 25.28230854637602 21.3
      vertex 196 25.72121597344437 25.967156727579006
      vertex 196 25.54392797495155 21.691541144431394
    endloop
  endfacet
  facet normal -1 0 0
    outer loop
      vertex 196 25.54392797495155 21.691541144431394
      vertex 196 25.72121597344437 25.967156727579006
      vertex 196 25.854415587728425 22.045584412271573
    endloop
  endfacet
  facet normal -1 0 0
    outer loop
      vertex 196 26.208458855568605 22.356072025048448
      vertex 196 25.854415587728425 22.045584412271573
      vertex 196 25.72121597344437 25.967156727579006
    endloop
  endfacet
  facet normal -1 0 0
    outer loop
      vertex 196 25.28230854637602 21.3
      vertex 196 24.9 25.56217782649107
      vertex 196 25.72121597344437 25.967156727579006
    endloop
  endfacet
  facet normal 0 -0.8968727415326883 0.4422886902190014
    outer loop
      vertex 196 21.932843272420993 22.17878402655563
      vertex 220 22.33782217350893 23
      vertex 196 22.33782217350893 23
    endloop
  endfacet
  facet normal 0 -0.8314696123025457 0.5555702330196016
    outer loop
      vertex 196 22.33782217350893 23
      vertex 220 22.846526617961352 23.761330003061044
      vertex 196 22.846526617961352 23.761330003061044
    endloop
  endfacet
  facet normal 0 -0.7518398074789785 0.6593458151000677
    outer loop
      vertex 196 22.846526617961352 23.761330003061044
      vertex 220 23.450252531694165 24.449747468305834
      vertex 196 23.450252531694165 24.449747468305834
    endloop
  endfacet
  facet normal 0 -0.6593458151000677 0.7518398074789785
    outer loop
      vertex 196 24.138669996938955 25.053473382038646
      vertex 196 23.450252531694165 24.449747468305834
      vertex 220 23.450252531694165 24.449747468305834
    endloop
  endfacet
  facet normal 0 -0.5555702330196016 0.8314696123025457
    outer loop
      vertex 196 24.138669996938955 25.053473382038646
      vertex 220 24.138669996938955 25.053473382038646
      vertex 196 24.9 25.56217782649107
    endloop
  endfacet
  facet normal 0 -0.4422886902190014 0.8968727415326883
    outer loop
      vertex 196 24.9 25.56217782649107
      vertex 220 24.9 25.56217782649107
      vertex 196 25.72121597344437 25.967156727579006
    endloop
  endfacet
  facet normal 0 -0.3214394653031609 0.9469301294951059
    outer loop
      vertex 196 25.72121597344437 25.967156727579006
      vertex 220 25.72121597344437 25.967156727579006
      vertex 196 26.588266684282353 26.261480784023476
    endloop
  endfacet
  facet normal 1 0 0
    outer loop
      vertex 220 25.074033682959367 20.877660356514323
      vertex 220 25.28230854637602 21.3
      vertex 220 24.9 25.56217782649107
    endloop
  endfacet
  facet normal 1 0 0
    outer loop
      vertex 220 25.28230854637602 21.3
      vertex 220 25.54392797495155 21.691541144431394
      vertex 220 24.9 25.56217782649107
    endloop
  endfacet
  facet normal 1 0 0
    outer loop
      vertex 220 25.54392797495155 21.691541144431394
      vertex 220 25.854415587728425 22.045584412271573
      vertex 220 24.9 25.56217782649107
    endloop
  endfacet
  facet normal 1 0 0
    outer loop
      vertex 220 26.208458855568605 22.356072025048448
      vertex 220 25.72121597344437 25.967156727579006
      vertex 220 25.854415587728425 22.045584412271573
    endloop
  endfacet
  facet normal 1 0 0
    outer loop
      vertex 220 24.922667025359353 20.431748562369073
      vertex 220 24.9 25.56217782649107
      vertex 220 24.138669996938955 25.053473382038646
    endloop
  endfacet
  facet normal 0 -0.8314696123025457 0.5555702330196016
    outer loop
      vertex 196 22.33782217350893 23
      vertex 220 22.33782217350893 23
      vertex 220 22.846526617961352 23.761330003061044
    endloop
  endfacet
  facet normal 0 -0.7518398074789785 0.6593458151000677
    outer loop
      vertex 196 22.846526617961352 23.761330003061044
      vertex 220 22.846526617961352 23.761330003061044
      vertex 220 23.450252531694165 24.449747468305834
    endloop
  endfacet
  facet normal 0 -0.6593458151000677 0.7518398074789785
    outer loop
      vertex 196 24.138669996938955 25.053473382038646
      vertex 220 23.450252531694165 24.449747468305834
      vertex 220 24.138669996938955 25.053473382038646
    endloop
  endfacet
  facet normal 0 -0.4422886902190014 0.8968727415326883
    outer loop
      vertex 196 25.72121597344437 25.967156727579006
      vertex 220 24.9 25.56217782649107
      vertex 220 25.72121597344437 25.967156727579006
    endloop
  endfacet
  facet normal 0 -0.5555702330196016 0.8314696123025457
    outer loop
      vertex 196 24.9 25.56217782649107
      vertex 220 24.138669996938955 25.053473382038646
      vertex 220 24.9 25.56217782649107
    endloop
  endfacet
  facet normal 1 0 0
    outer loop
      vertex 220 25.854415587728425 22.045584412271573
      vertex 220 25.72121597344437 25.967156727579006
      vertex 220 24.9 25.56217782649107
    endloop
  endfacet
  facet normal 0 0.19509032201613072 0.9807852804032299
    outer loop
      vertex 196 30.211733315717645 26.261480784023476
      vertex 196 29.313683345540362 26.440114029616673
      vertex 220 29.313683345540362 26.440114029616673
    endloop
  endfacet
  facet normal 0 0.06540312923014277 0.9978589232386035
    outer loop
      vertex 196 29.313683345540362 26.440114029616673
      vertex 196 28.4 26.5
      vertex 220 28.4 26.5
    endloop
  endfacet
  facet normal 0 -0.06540312923014303 0.9978589232386035
    outer loop
      vertex 196 28.4 26.5
      vertex 196 27.48631665445964 26.440114029616673
      vertex 220 27.48631665445964 26.440114029616673
    endloop
  endfacet
  facet normal 0 -0.19509032201612997 0.9807852804032301
    outer loop
      vertex 196 27.48631665445964 26.440114029616673
      vertex 196 26.588266684282353 26.261480784023476
      vertex 220 26.588266684282353 26.261480784023476
    endloop
  endfacet
  facet normal 0 0.19509032201613072 0.9807852804032299
    outer loop
      vertex 196 30.211733315717645 26.261480784023476
      vertex 220 29.313683345540362 26.440114029616673
      vertex 220 30.211733315717645 26.261480784023476
    endloop
  endfacet
  facet normal 0 0.06540312923014277 0.9978589232386035
    outer loop
      vertex 196 29.313683345540362 26.440114029616673
      vertex 220 28.4 26.5
      vertex 220 29.313683345540362 26.440114029616673
    endloop
  endfacet
  facet normal 0 -0.06540312923014303 0.9978589232386035
    outer loop
      vertex 196 28.4 26.5
      vertex 220 27.48631665445964 26.440114029616673
      vertex 220 28.4 26.5
    endloop
  endfacet
  facet normal 0 -0.19509032201612997 0.9807852804032301
    outer loop
      vertex 196 27.48631665445964 26.440114029616673
      vertex 220 26.588266684282353 26.261480784023476
      vertex 220 27.48631665445964 26.440114029616673
    endloop
  endfacet
  facet normal 0 -0.8968727415326905 0.4422886902189971
    outer loop
      vertex 196 31.51769145362398 17.7
      vertex 220 31.51769145362398 17.7
      vertex 196 31.72596631704063 18.122339643485677
    endloop
  endfacet
  facet normal 0 -0.9469301294951051 0.32143946530316314
    outer loop
      vertex 196 31.72596631704063 18.122339643485677
      vertex 220 31.72596631704063 18.122339643485677
      vertex 196 31.877332974640645 18.568251437630927
    endloop
  endfacet
  facet normal 0 -0.9807852804032307 0.19509032201612708
    outer loop
      vertex 196 31.877332974640645 18.568251437630927
      vertex 220 31.877332974640645 18.568251437630927
      vertex 196 31.969201500945715 19.030105708007813
    endloop
  endfacet
  facet normal 0 -0.831469612302545 0.5555702330196025
    outer loop
      vertex 196 31.51769145362398 17.7
      vertex 220 31.256072025048447 17.308458855568606
      vertex 220 31.51769145362398 17.7
    endloop
  endfacet
  facet normal 0 -0.8968727415326905 0.4422886902189971
    outer loop
      vertex 196 31.72596631704063 18.122339643485677
      vertex 220 31.51769145362398 17.7
      vertex 220 31.72596631704063 18.122339643485677
    endloop
  endfacet
  facet normal 0 -0.9469301294951051 0.32143946530316314
    outer loop
      vertex 196 31.877332974640645 18.568251437630927
      vertex 220 31.72596631704063 18.122339643485677
      vertex 220 31.877332974640645 18.568251437630927
    endloop
  endfacet
  facet normal 0 -0.9978589232386031 0.06540312923014792
    outer loop
      vertex 196 31.969201500945715 19.030105708007813
      vertex 220 31.969201500945715 19.030105708007813
      vertex 196 32 19.5
    endloop
  endfacet
  facet normal 0 -0.9978589232386031 -0.06540312923014792
    outer loop
      vertex 196 32 19.5
      vertex 220 32 19.5
      vertex 196 31.969201500945715 19.969894291992187
    endloop
  endfacet
  facet normal 0 -0.9807852804032307 -0.19509032201612708
    outer loop
      vertex 196 31.969201500945715 19.969894291992187
      vertex 220 31.969201500945715 19.969894291992187
      vertex 196 31.877332974640645 20.431748562369073
    endloop
  endfacet
  facet normal 0 -0.9469301294951051 -0.32143946530316314
    outer loop
      vertex 196 31.877332974640645 20.431748562369073
      vertex 220 31.877332974640645 20.431748562369073
      vertex 196 31.72596631704063 20.877660356514323
    endloop
  endfacet
  facet normal 0 -0.8968727415326905 -0.4422886902189971
    outer loop
      vertex 196 31.72596631704063 20.877660356514323
      vertex 220 31.72596631704063 20.877660356514323
      vertex 196 31.51769145362398 21.3
    endloop
  endfacet
  facet normal 0 -0.831469612302545 -0.5555702330196025
    outer loop
      vertex 196 31.51769145362398 21.3
      vertex 220 31.51769145362398 21.3
      vertex 196 31.256072025048447 21.691541144431394
    endloop
  endfacet
  facet normal 0 -0.9807852804032307 0.19509032201612708
    outer loop
      vertex 220 31.877332974640645 18.568251437630927
      vertex 220 31.969201500945715 19.030105708007813
      vertex 196 31.969201500945715 19.030105708007813
    endloop
  endfacet
  facet normal 0 -0.9978589232386031 0.06540312923014792
    outer loop
      vertex 196 32 19.5
      vertex 220 31.969201500945715 19.030105708007813
      vertex 220 32 19.5
    endloop
  endfacet
  facet normal 0 -0.9978589232386031 -0.06540312923014792
    outer loop
      vertex 196 31.969201500945715 19.969894291992187
      vertex 220 32 19.5
      vertex 220 31.969201500945715 19.969894291992187
    endloop
  endfacet
  facet normal 0 -0.9807852804032307 -0.19509032201612708
    outer loop
      vertex 196 31.877332974640645 20.431748562369073
      vertex 220 31.969201500945715 19.969894291992187
      vertex 220 31.877332974640645 20.431748562369073
    endloop
  endfacet
  facet normal 0 -0.9469301294951051 -0.32143946530316314
    outer loop
      vertex 196 31.72596631704063 20.877660356514323
      vertex 220 31.877332974640645 20.431748562369073
      vertex 220 31.72596631704063 20.877660356514323
    endloop
  endfacet
  facet normal 0 -0.8968727415326905 -0.4422886902189971
    outer loop
      vertex 196 31.51769145362398 21.3
      vertex 220 31.72596631704063 20.877660356514323
      vertex 220 31.51769145362398 21.3
    endloop
  endfacet
  facet normal 0 -0.6593458151000654 0.7518398074789805
    outer loop
      vertex 196 30.591541144431392 16.643927974951552
      vertex 220 30.591541144431392 16.643927974951552
      vertex 196 30.94558441227157 16.954415587728427
    endloop
  endfacet
  facet normal 0 -0.5555702330196025 0.831469612302545
    outer loop
      vertex 196 30.2 16.38230854637602
      vertex 220 30.2 16.38230854637602
      vertex 196 30.591541144431392 16.643927974951552
    endloop
  endfacet
  facet normal 0 -0.32143946530316314 0.9469301294951051
    outer loop
      vertex 196 29.77766035651432 16.17403368295937
      vertex 196 29.33174856236907 16.022667025359354
      vertex 220 29.33174856236907 16.022667025359354
    endloop
  endfacet
  facet normal 0 -0.4422886902189971 0.8968727415326905
    outer loop
      vertex 196 30.2 16.38230854637602
      vertex 196 29.77766035651432 16.17403368295937
      vertex 220 29.77766035651432 16.17403368295937
    endloop
  endfacet
  facet normal 0 -0.19509032201612564 0.9807852804032309
    outer loop
      vertex 196 28.869894291992182 15.930798499054283
      vertex 220 28.869894291992182 15.930798499054283
      vertex 196 29.33174856236907 16.022667025359354
    endloop
  endfacet
  facet normal 0 -0.0654031292301484 0.9978589232386031
    outer loop
      vertex 196 28.869894291992182 15.930798499054283
      vertex 196 28.4 15.899999999999999
      vertex 220 28.4 15.899999999999999
    endloop
  endfacet
  facet normal 0 0.06540312923014792 0.9978589232386031
    outer loop
      vertex 196 28.4 15.899999999999999
      vertex 196 27.93010570800781 15.930798499054283
      vertex 220 27.93010570800781 15.930798499054283
    endloop
  endfacet
  facet normal 0 0.19509032201612708 0.9807852804032307
    outer loop
      vertex 196 27.93010570800781 15.930798499054283
      vertex 196 27.468251437630926 16.022667025359354
      vertex 220 27.468251437630926 16.022667025359354
    endloop
  endfacet
  facet normal 0 0.32143946530316314 0.9469301294951051
    outer loop
      vertex 196 27.468251437630926 16.022667025359354
      vertex 196 27.022339643485676 16.17403368295937
      vertex 220 27.022339643485676 16.17403368295937
    endloop
  endfacet
  facet normal 0 0.4422886902189971 0.8968727415326905
    outer loop
      vertex 196 27.022339643485676 16.17403368295937
      vertex 196 26.599999999999998 16.38230854637602
      vertex 220 26.599999999999998 16.38230854637602
    endloop
  endfacet
  facet normal 0 0.5555702330196025 0.831469612302545
    outer loop
      vertex 196 26.599999999999998 16.38230854637602
      vertex 196 26.208458855568605 16.643927974951552
      vertex 220 26.208458855568605 16.643927974951552
    endloop
  endfacet
  facet normal 0 -0.7518398074789805 0.6593458151000654
    outer loop
      vertex 196 30.94558441227157 16.954415587728427
      vertex 220 30.94558441227157 16.954415587728427
      vertex 196 31.256072025048447 17.308458855568606
    endloop
  endfacet
  facet normal 0 -0.831469612302545 0.5555702330196025
    outer loop
      vertex 196 31.51769145362398 17.7
      vertex 196 31.256072025048447 17.308458855568606
      vertex 220 31.256072025048447 17.308458855568606
    endloop
  endfacet
  facet normal 0 -0.4422886902189971 0.8968727415326905
    outer loop
      vertex 196 30.2 16.38230854637602
      vertex 220 29.77766035651432 16.17403368295937
      vertex 220 30.2 16.38230854637602
    endloop
  endfacet
  facet normal 0 -0.6593458151000654 0.7518398074789805
    outer loop
      vertex 196 30.94558441227157 16.954415587728427
      vertex 220 30.591541144431392 16.643927974951552
      vertex 220 30.94558441227157 16.954415587728427
    endloop
  endfacet
  facet normal 0 -0.5555702330196025 0.831469612302545
    outer loop
      vertex 196 30.591541144431392 16.643927974951552
      vertex 220 30.2 16.38230854637602
      vertex 220 30.591541144431392 16.643927974951552
    endloop
  endfacet
  facet normal 0 -0.32143946530316314 0.9469301294951051
    outer loop
      vertex 196 29.77766035651432 16.17403368295937
      vertex 220 29.33174856236907 16.022667025359354
      vertex 220 29.77766035651432 16.17403368295937
    endloop
  endfacet
  facet normal 0 -0.19509032201612564 0.9807852804032309
    outer loop
      vertex 196 29.33174856236907 16.022667025359354
      vertex 220 28.869894291992182 15.930798499054283
      vertex 220 29.33174856236907 16.022667025359354
    endloop
  endfacet
  facet normal 0 -0.0654031292301484 0.9978589232386031
    outer loop
      vertex 196 28.869894291992182 15.930798499054283
      vertex 220 28.4 15.899999999999999
      vertex 220 28.869894291992182 15.930798499054283
    endloop
  endfacet
  facet normal 0 0.06540312923014792 0.9978589232386031
    outer loop
      vertex 196 28.4 15.899999999999999
      vertex 220 27.93010570800781 15.930798499054283
      vertex 220 28.4 15.899999999999999
    endloop
  endfacet
  facet normal 0 0.19509032201612708 0.9807852804032307
    outer loop
      vertex 196 27.93010570800781 15.930798499054283
      vertex 220 27.468251437630926 16.022667025359354
      vertex 220 27.93010570800781 15.930798499054283
    endloop
  endfacet
  facet normal 0 0.32143946530316314 0.9469301294951051
    outer loop
      vertex 196 27.468251437630926 16.022667025359354
      vertex 220 27.022339643485676 16.17403368295937
      vertex 220 27.468251437630926 16.022667025359354
    endloop
  endfacet
  facet normal 0 0.4422886902189971 0.8968727415326905
    outer loop
      vertex 196 27.022339643485676 16.17403368295937
      vertex 220 26.599999999999998 16.38230854637602
      vertex 220 27.022339643485676 16.17403368295937
    endloop
  endfacet
  facet normal 0 0.5555702330196025 0.831469612302545
    outer loop
      vertex 196 26.599999999999998 16.38230854637602
      vertex 220 26.208458855568605 16.643927974951552
      vertex 220 26.599999999999998 16.38230854637602
    endloop
  endfacet
  facet normal 0 -0.7518398074789805 0.6593458151000654
    outer loop
      vertex 196 31.256072025048447 17.308458855568606
      vertex 220 30.94558441227157 16.954415587728427
      vertex 220 31.256072025048447 17.308458855568606
    endloop
  endfacet
  facet normal 0 0.6593458151000654 0.7518398074789805
    outer loop
      vertex 196 26.208458855568605 16.643927974951552
      vertex 196 25.854415587728425 16.954415587728427
      vertex 220 25.854415587728425 16.954415587728427
    endloop
  endfacet
  facet normal 0 0.7518398074789805 0.6593458151000654
    outer loop
      vertex 196 25.854415587728425 16.954415587728427
      vertex 196 25.54392797495155 17.308458855568606
      vertex 220 25.54392797495155 17.308458855568606
    endloop
  endfacet
  facet normal 0 0.831469612302545 0.5555702330196025
    outer loop
      vertex 196 25.54392797495155 17.308458855568606
      vertex 196 25.28230854637602 17.7
      vertex 220 25.28230854637602 17.7
    endloop
  endfacet
  facet normal 0 0.8968727415326905 0.4422886902189971
    outer loop
      vertex 196 25.28230854637602 17.7
      vertex 196 25.074033682959367 18.122339643485677
      vertex 220 25.074033682959367 18.122339643485677
    endloop
  endfacet
  facet normal 0 0.9469301294951051 0.32143946530316314
    outer loop
      vertex 196 25.074033682959367 18.122339643485677
      vertex 196 24.922667025359353 18.568251437630927
      vertex 220 24.922667025359353 18.568251437630927
    endloop
  endfacet
  facet normal 0 0.6593458151000654 0.7518398074789805
    outer loop
      vertex 196 26.208458855568605 16.643927974951552
      vertex 220 25.854415587728425 16.954415587728427
      vertex 220 26.208458855568605 16.643927974951552
    endloop
  endfacet
  facet normal 0 0.7518398074789805 0.6593458151000654
    outer loop
      vertex 196 25.854415587728425 16.954415587728427
      vertex 220 25.54392797495155 17.308458855568606
      vertex 220 25.854415587728425 16.954415587728427
    endloop
  endfacet
  facet normal 0 0.831469612302545 0.5555702330196025
    outer loop
      vertex 196 25.54392797495155 17.308458855568606
      vertex 220 25.28230854637602 17.7
      vertex 220 25.54392797495155 17.308458855568606
    endloop
  endfacet
  facet normal 0 0.8968727415326905 0.4422886902189971
    outer loop
      vertex 196 25.28230854637602 17.7
      vertex 220 25.074033682959367 18.122339643485677
      vertex 220 25.28230854637602 17.7
    endloop
  endfacet
  facet normal 0 0.9469301294951051 0.32143946530316314
    outer loop
      vertex 196 25.074033682959367 18.122339643485677
      vertex 220 24.922667025359353 18.568251437630927
      vertex 220 25.074033682959367 18.122339643485677
    endloop
  endfacet
  facet normal 0 0.9807852804032307 0.19509032201612708
    outer loop
      vertex 196 24.922667025359353 18.568251437630927
      vertex 220 24.830798499054282 19.030105708007813
      vertex 220 24.922667025359353 18.568251437630927
    endloop
  endfacet
  facet normal 0 -0.7518398074789805 -0.6593458151000654
    outer loop
      vertex 196 31.256072025048447 21.691541144431394
      vertex 220 31.256072025048447 21.691541144431394
      vertex 196 30.94558441227157 22.045584412271573
    endloop
  endfacet
  facet normal 0 -0.6593458151000654 -0.7518398074789805
    outer loop
      vertex 196 30.94558441227157 22.045584412271573
      vertex 220 30.94558441227157 22.045584412271573
      vertex 196 30.591541144431392 22.356072025048448
    endloop
  endfacet
  facet normal 0 -0.5555702330196025 -0.831469612302545
    outer loop
      vertex 196 30.591541144431392 22.356072025048448
      vertex 220 30.591541144431392 22.356072025048448
      vertex 196 30.2 22.61769145362398
    endloop
  endfacet
  facet normal 0 -0.831469612302545 -0.5555702330196025
    outer loop
      vertex 220 31.51769145362398 21.3
      vertex 220 31.256072025048447 21.691541144431394
      vertex 196 31.256072025048447 21.691541144431394
    endloop
  endfacet
  facet normal 0 -0.7518398074789805 -0.6593458151000654
    outer loop
      vertex 196 30.94558441227157 22.045584412271573
      vertex 220 31.256072025048447 21.691541144431394
      vertex 220 30.94558441227157 22.045584412271573
    endloop
  endfacet
  facet normal 0 -0.6593458151000654 -0.7518398074789805
    outer loop
      vertex 196 30.591541144431392 22.356072025048448
      vertex 220 30.94558441227157 22.045584412271573
      vertex 220 30.591541144431392 22.356072025048448
    endloop
  endfacet
  facet normal 0 0.5555702330196025 -0.831469612302545
    outer loop
      vertex 196 26.208458855568605 22.356072025048448
      vertex 220 26.599999999999998 22.61769145362398
      vertex 220 26.208458855568605 22.356072025048448
    endloop
  endfacet
  facet normal 0 0.9807852804032307 0.19509032201612708
    outer loop
      vertex 196 24.922667025359353 18.568251437630927
      vertex 196 24.830798499054282 19.030105708007813
      vertex 220 24.830798499054282 19.030105708007813
    endloop
  endfacet
  facet normal 0 0.9978589232386031 0.06540312923014792
    outer loop
      vertex 196 24.830798499054282 19.030105708007813
      vertex 196 24.799999999999997 19.5
      vertex 220 24.799999999999997 19.5
    endloop
  endfacet
  facet normal 0 0.9978589232386031 -0.06540312923014792
    outer loop
      vertex 196 24.799999999999997 19.5
      vertex 196 24.830798499054282 19.969894291992187
      vertex 220 24.830798499054282 19.969894291992187
    endloop
  endfacet
  facet normal 0 0.9807852804032307 -0.19509032201612708
    outer loop
      vertex 196 24.830798499054282 19.969894291992187
      vertex 196 24.922667025359353 20.431748562369073
      vertex 220 24.922667025359353 20.431748562369073
    endloop
  endfacet
  facet normal 0 0.9469301294951051 -0.32143946530316314
    outer loop
      vertex 196 24.922667025359353 20.431748562369073
      vertex 196 25.074033682959367 20.877660356514323
      vertex 220 25.074033682959367 20.877660356514323
    endloop
  endfacet
  facet normal 0 0.8968727415326905 -0.4422886902189971
    outer loop
      vertex 196 25.074033682959367 20.877660356514323
      vertex 196 25.28230854637602 21.3
      vertex 220 25.28230854637602 21.3
    endloop
  endfacet
  facet normal 0 0.831469612302545 -0.5555702330196025
    outer loop
      vertex 196 25.28230854637602 21.3
      vertex 196 25.54392797495155 21.691541144431394
      vertex 220 25.54392797495155 21.691541144431394
    endloop
  endfacet
  facet normal 0 0.7518398074789805 -0.6593458151000654
    outer loop
      vertex 196 25.54392797495155 21.691541144431394
      vertex 196 25.854415587728425 22.045584412271573
      vertex 220 25.854415587728425 22.045584412271573
    endloop
  endfacet
  facet normal 0 0.6593458151000654 -0.7518398074789805
    outer loop
      vertex 196 26.208458855568605 22.356072025048448
      vertex 220 26.208458855568605 22.356072025048448
      vertex 196 25.854415587728425 22.045584412271573
    endloop
  endfacet
  facet normal 0 0.9978589232386031 0.06540312923014792
    outer loop
      vertex 196 24.830798499054282 19.030105708007813
      vertex 220 24.799999999999997 19.5
      vertex 220 24.830798499054282 19.030105708007813
    endloop
  endfacet
  facet normal 0 0.9978589232386031 -0.06540312923014792
    outer loop
      vertex 196 24.799999999999997 19.5
      vertex 220 24.830798499054282 19.969894291992187
      vertex 220 24.799999999999997 19.5
    endloop
  endfacet
  facet normal 0 0.9807852804032307 -0.19509032201612708
    outer loop
      vertex 196 24.830798499054282 19.969894291992187
      vertex 220 24.922667025359353 20.431748562369073
      vertex 220 24.830798499054282 19.969894291992187
    endloop
  endfacet
  facet normal 0 0.9469301294951051 -0.32143946530316314
    outer loop
      vertex 196 24.922667025359353 20.431748562369073
      vertex 220 25.074033682959367 20.877660356514323
      vertex 220 24.922667025359353 20.431748562369073
    endloop
  endfacet
  facet normal 0 0.8968727415326905 -0.4422886902189971
    outer loop
      vertex 196 25.074033682959367 20.877660356514323
      vertex 220 25.28230854637602 21.3
      vertex 220 25.074033682959367 20.877660356514323
    endloop
  endfacet
  facet normal 0 0.831469612302545 -0.5555702330196025
    outer loop
      vertex 196 25.28230854637602 21.3
      vertex 220 25.54392797495155 21.691541144431394
      vertex 220 25.28230854637602 21.3
    endloop
  endfacet
  facet normal 0 0.7518398074789805 -0.6593458151000654
    outer loop
      vertex 196 25.54392797495155 21.691541144431394
      vertex 220 25.854415587728425 22.045584412271573
      vertex 220 25.54392797495155 21.691541144431394
    endloop
  endfacet
  facet normal 0 0.6593458151000654 -0.7518398074789805
    outer loop
      vertex 220 26.208458855568605 22.356072025048448
      vertex 220 25.854415587728425 22.045584412271573
      vertex 196 25.854415587728425 22.045584412271573
    endloop
  endfacet
  facet normal 0 -0.4422886902189971 -0.8968727415326905
    outer loop
      vertex 196 30.2 22.61769145362398
      vertex 220 30.2 22.61769145362398
      vertex 196 29.77766035651432 22.82596631704063
    endloop
  endfacet
  facet normal 0 -0.32143946530316314 -0.9469301294951051
    outer loop
      vertex 196 29.77766035651432 22.82596631704063
      vertex 220 29.77766035651432 22.82596631704063
      vertex 196 29.33174856236907 22.977332974640646
    endloop
  endfacet
  facet normal 0 -0.19509032201612564 -0.9807852804032309
    outer loop
      vertex 196 29.33174856236907 22.977332974640646
      vertex 220 29.33174856236907 22.977332974640646
      vertex 196 28.869894291992182 23.069201500945717
    endloop
  endfacet
  facet normal 0 -0.0654031292301484 -0.9978589232386031
    outer loop
      vertex 196 28.869894291992182 23.069201500945717
      vertex 220 28.869894291992182 23.069201500945717
      vertex 196 28.4 23.1
    endloop
  endfacet
  facet normal 0 0.06540312923014792 -0.9978589232386031
    outer loop
      vertex 196 28.4 23.1
      vertex 220 28.4 23.1
      vertex 196 27.93010570800781 23.069201500945717
    endloop
  endfacet
  facet normal 0 0.19509032201612708 -0.9807852804032307
    outer loop
      vertex 196 27.93010570800781 23.069201500945717
      vertex 220 27.93010570800781 23.069201500945717
      vertex 196 27.468251437630926 22.977332974640646
    endloop
  endfacet
  facet normal 0 0.32143946530316314 -0.9469301294951051
    outer loop
      vertex 196 27.468251437630926 22.977332974640646
      vertex 220 27.468251437630926 22.977332974640646
      vertex 196 27.022339643485676 22.82596631704063
    endloop
  endfacet
  facet normal 0 0.4422886902189971 -0.8968727415326905
    outer loop
      vertex 196 27.022339643485676 22.82596631704063
      vertex 220 27.022339643485676 22.82596631704063
      vertex 196 26.599999999999998 22.61769145362398
    endloop
  endfacet
  facet normal 0 0.5555702330196025 -0.831469612302545
    outer loop
      vertex 196 26.208458855568605 22.356072025048448
      vertex 196 26.599999999999998 22.61769145362398
      vertex 220 26.599999999999998 22.61769145362398
    endloop
  endfacet
  facet normal 0 -0.5555702330196025 -0.831469612302545
    outer loop
      vertex 220 30.591541144431392 22.356072025048448
      vertex 220 30.2 22.61769145362398
      vertex 196 30.2 22.61769145362398
    endloop
  endfacet
  facet normal 0 -0.4422886902189971 -0.8968727415326905
    outer loop
      vertex 196 29.77766035651432 22.82596631704063
      vertex 220 30.2 22.61769145362398
      vertex 220 29.77766035651432 22.82596631704063
    endloop
  endfacet
  facet normal 0 -0.32143946530316314 -0.9469301294951051
    outer loop
      vertex 196 29.33174856236907 22.977332974640646
      vertex 220 29.77766035651432 22.82596631704063
      vertex 220 29.33174856236907 22.977332974640646
    endloop
  endfacet
  facet normal 0 -0.19509032201612564 -0.9807852804032309
    outer loop
      vertex 196 28.869894291992182 23.069201500945717
      vertex 220 29.33174856236907 22.977332974640646
      vertex 220 28.869894291992182 23.069201500945717
    endloop
  endfacet
  facet normal 0 -0.0654031292301484 -0.9978589232386031
    outer loop
      vertex 196 28.4 23.1
      vertex 220 28.869894291992182 23.069201500945717
      vertex 220 28.4 23.1
    endloop
  endfacet
  facet normal 0 0.06540312923014792 -0.9978589232386031
    outer loop
      vertex 196 27.93010570800781 23.069201500945717
      vertex 220 28.4 23.1
      vertex 220 27.93010570800781 23.069201500945717
    endloop
  endfacet
  facet normal 0 0.19509032201612708 -0.9807852804032307
    outer loop
      vertex 196 27.468251437630926 22.977332974640646
      vertex 220 27.93010570800781 23.069201500945717
      vertex 220 27.468251437630926 22.977332974640646
    endloop
  endfacet
  facet normal 0 0.32143946530316314 -0.9469301294951051
    outer loop
      vertex 196 27.022339643485676 22.82596631704063
      vertex 220 27.468251437630926 22.977332974640646
      vertex 220 27.022339643485676 22.82596631704063
    endloop
  endfacet
  facet normal 0 0.4422886902189971 -0.8968727415326905
    outer loop
      vertex 196 26.599999999999998 22.61769145362398
      vertex 220 27.022339643485676 22.82596631704063
      vertex 220 26.599999999999998 22.61769145362398
    endloop
  endfacet
  facet normal -1 0 0
    outer loop
      vertex 62 21.702427143758253 17.5
      vertex 62 20.599999999999998 17.5
      vertex 62 21.638519215976523 17.688266684282354
    endloop
  endfacet
  facet normal -1 0 0
    outer loop
      vertex 62 21.638519215976523 17.688266684282354
      vertex 62 20.599999999999998 17.5
      vertex 62 21.459885970383326 18.58631665445964
    endloop
  endfacet
  facet normal -1 0 0
    outer loop
      vertex 62 21.459885970383326 18.58631665445964
      vertex 62 20.599999999999998 17.5
      vertex 62 21.4 19.5
    endloop
  endfacet
  facet normal 0 0 -1
    outer loop
      vertex 62 21.702427143758253 17.5
      vertex 90 20.599999999999998 17.5
      vertex 62 20.599999999999998 17.5
    endloop
  endfacet
  facet normal 0 0 -1
    outer loop
      vertex 62 21.702427143758253 17.5
      vertex 90 21.702427143758253 17.5
      vertex 90 20.599999999999998 17.5
    endloop
  endfacet
  facet normal 1 0 0
    outer loop
      vertex 90 21.702427143758253 17.5
      vertex 90 21.638519215976523 17.688266684282354
      vertex 90 20.599999999999998 17.5
    endloop
  endfacet
  facet normal 1 0 0
    outer loop
      vertex 90 21.638519215976523 17.688266684282354
      vertex 90 20.599999999999998 19.5
      vertex 90 20.599999999999998 17.5
    endloop
  endfacet
  facet normal 1 0 0
    outer loop
      vertex 90 21.638519215976523 17.688266684282354
      vertex 90 21.459885970383326 18.58631665445964
      vertex 90 20.599999999999998 19.5
    endloop
  endfacet
  facet normal 0 0 1
    outer loop
      vertex 62 21.4 19.5
      vertex 62 20.599999999999998 19.5
      vertex 90 21.4 19.5
    endloop
  endfacet
  facet normal 1 0 0
    outer loop
      vertex 90 21.459885970383326 18.58631665445964
      vertex 90 21.4 19.5
      vertex 90 20.599999999999998 19.5
    endloop
  endfacet
  facet normal -1 0 0
    outer loop
      vertex 62 21.4 19.5
      vertex 62 20.599999999999998 17.5
      vertex 62 20.599999999999998 19.5
    endloop
  endfacet
  facet normal 0 0 1
    outer loop
      vertex 90 21.4 19.5
      vertex 62 20.599999999999998 19.5
      vertex 90 20.599999999999998 19.5
    endloop
  endfacet
  facet normal -1 0 0
    outer loop
      vertex 136 21.702427143758253 17.5
      vertex 136 20.599999999999998 17.5
      vertex 136 21.638519215976523 17.688266684282354
    endloop
  endfacet
  facet normal -1 0 0
    outer loop
      vertex 136 21.638519215976523 17.688266684282354
      vertex 136 20.599999999999998 17.5
      vertex 136 21.459885970383326 18.58631665445964
    endloop
  endfacet
  facet normal -1 0 0
    outer loop
      vertex 136 21.459885970383326 18.58631665445964
      vertex 136 20.599999999999998 17.5
      vertex 136 21.4 19.5
    endloop
  endfacet
  facet normal 0 0 -1
    outer loop
      vertex 136 21.702427143758253 17.5
      vertex 164 20.599999999999998 17.5
      vertex 136 20.599999999999998 17.5
    endloop
  endfacet
  facet normal 0 0 -1
    outer loop
      vertex 136 21.702427143758253 17.5
      vertex 164 21.702427143758253 17.5
      vertex 164 20.599999999999998 17.5
    endloop
  endfacet
  facet normal 0 0 1
    outer loop
      vertex 136 21.4 19.5
      vertex 136 20.599999999999998 19.5
      vertex 164 21.4 19.5
    endloop
  endfacet
  facet normal 1 0 0
    outer loop
      vertex 164 21.702427143758253 17.5
      vertex 164 21.638519215976523 17.688266684282354
      vertex 164 20.599999999999998 17.5
    endloop
  endfacet
  facet normal 1 0 0
    outer loop
      vertex 164 21.638519215976523 17.688266684282354
      vertex 164 20.599999999999998 19.5
      vertex 164 20.599999999999998 17.5
    endloop
  endfacet
  facet normal 1 0 0
    outer loop
      vertex 164 21.638519215976523 17.688266684282354
      vertex 164 21.459885970383326 18.58631665445964
      vertex 164 20.599999999999998 19.5
    endloop
  endfacet
  facet normal 1 0 0
    outer loop
      vertex 164 21.459885970383326 18.58631665445964
      vertex 164 21.4 19.5
      vertex 164 20.599999999999998 19.5
    endloop
  endfacet
  facet normal -1 0 0
    outer loop
      vertex 136 21.4 19.5
      vertex 136 20.599999999999998 17.5
      vertex 136 20.599999999999998 19.5
    endloop
  endfacet
  facet normal 0 0 1
    outer loop
      vertex 164 21.4 19.5
      vertex 136 20.599999999999998 19.5
      vertex 164 20.599999999999998 19.5
    endloop
  endfacet
  facet normal -1 0 0
    outer loop
      vertex 196 21.702427143758253 17.5
      vertex 196 20.599999999999998 17.5
      vertex 196 21.638519215976523 17.688266684282354
    endloop
  endfacet
  facet normal -1 0 0
    outer loop
      vertex 196 21.638519215976523 17.688266684282354
      vertex 196 20.599999999999998 17.5
      vertex 196 21.459885970383326 18.58631665445964
    endloop
  endfacet
  facet normal -1 0 0
    outer loop
      vertex 196 21.459885970383326 18.58631665445964
      vertex 196 20.599999999999998 17.5
      vertex 196 21.4 19.5
    endloop
  endfacet
  facet normal 0 0 -1
    outer loop
      vertex 196 21.702427143758253 17.5
      vertex 220 20.599999999999998 17.5
      vertex 196 20.599999999999998 17.5
    endloop
  endfacet
  facet normal 0 0 -1
    outer loop
      vertex 196 21.702427143758253 17.5
      vertex 220 21.702427143758253 17.5
      vertex 220 20.599999999999998 17.5
    endloop
  endfacet
  facet normal 1 0 0
    outer loop
      vertex 220 21.702427143758253 17.5
      vertex 220 21.638519215976523 17.688266684282354
      vertex 220 20.599999999999998 17.5
    endloop
  endfacet
  facet normal 1 0 0
    outer loop
      vertex 220 21.638519215976523 17.688266684282354
      vertex 220 20.599999999999998 19.5
      vertex 220 20.599999999999998 17.5
    endloop
  endfacet
  facet normal 1 0 0
    outer loop
      vertex 220 21.638519215976523 17.688266684282354
      vertex 220 21.459885970383326 18.58631665445964
      vertex 220 20.599999999999998 19.5
    endloop
  endfacet
  facet normal 0 0 1
    outer loop
      vertex 196 21.4 19.5
      vertex 196 20.599999999999998 19.5
      vertex 220 21.4 19.5
    endloop
  endfacet
  facet normal 1 0 0
    outer loop
      vertex 220 21.459885970383326 18.58631665445964
      vertex 220 21.4 19.5
      vertex 220 20.599999999999998 19.5
    endloop
  endfacet
  facet normal -1 0 0
    outer loop
      vertex 196 21.4 19.5
      vertex 196 20.599999999999998 17.5
      vertex 196 20.599999999999998 19.5
    endloop
  endfacet
  facet normal 0 0 1
    outer loop
      vertex 220 21.4 19.5
      vertex 196 20.599999999999998 19.5
      vertex 220 20.599999999999998 19.5
    endloop
  endfacet
  facet normal -1 0 0
    outer loop
      vertex 0.5 20.599999999999998 3.5
      vertex 0.5 18.599999999999998 3.5
      vertex 0.5 18.599999999999998 4
    endloop
  endfacet
  facet normal 0 -1 0
    outer loop
      vertex 0.5 18.599999999999998 4
      vertex 113.96889952153109 18.599999999999998 4
      vertex 62 18.599999999999998 10.5
    endloop
  endfacet
  facet normal -1 0 0
    outer loop
      vertex 0.5 20.599999999999998 3.5
      vertex 0.5 18.599999999999998 19.5
      vertex 0.5 20.599999999999998 4
    endloop
  endfacet
  facet normal -1 0 0
    outer loop
      vertex 0.5 20.599999999999998 3.5
      vertex 0.5 18.599999999999998 4
      vertex 0.5 18.599999999999998 19.5
    endloop
  endfacet
  facet normal -1 0 0
    outer loop
      vertex 0.5 20.599999999999998 4
      vertex 0.5 18.599999999999998 19.5
      vertex 0.5 20.599999999999998 19.5
    endloop
  endfacet
  facet normal 0 1 0
    outer loop
      vertex 0.5 20.599999999999998 4
      vertex 0.5 20.599999999999998 19.5
      vertex 62 20.599999999999998 13.869565217391305
    endloop
  endfacet
  facet normal 0 -1 0
    outer loop
      vertex 0.5 18.599999999999998 4
      vertex 62 18.599999999999998 13.652173913043478
      vertex 0.5 18.599999999999998 19.5
    endloop
  endfacet
  facet normal 0 1 0
    outer loop
      vertex 0.5 20.599999999999998 4
      vertex 62 20.599999999999998 13.869565217391305
      vertex 62 20.599999999999998 10.637254901960784
    endloop
  endfacet
  facet normal 0 -1 0
    outer loop
      vertex 0.5 18.599999999999998 4
      vertex 62 18.599999999999998 10.5
      vertex 62 18.599999999999998 13.652173913043478
    endloop
  endfacet
  facet normal 0 1 0
    outer loop
      vertex 0.5 20.599999999999998 4
      vertex 62 20.599999999999998 10.637254901960784
      vertex 255.5 20.599999999999998 4
    endloop
  endfacet
  facet normal 0 -1 0
    outer loop
      vertex 62 18.599999999999998 10.5
      vertex 113.96889952153109 18.599999999999998 4
      vertex 90 18.599999999999998 10.5
    endloop
  endfacet
  facet normal 0 -1 0
    outer loop
      vertex 113.96889952153109 18.599999999999998 4
      vertex 90 18.599999999999998 13.652173913043478
      vertex 90 18.599999999999998 10.5
    endloop
  endfacet
  facet normal 0 -1 0
    outer loop
      vertex 113.96889952153109 18.599999999999998 4
      vertex 136 18.599999999999998 13.652173913043478
      vertex 90 18.599999999999998 13.652173913043478
    endloop
  endfacet
  facet normal 0 1 0
    outer loop
      vertex 90 20.599999999999998 10.637254901960784
      vertex 90 20.599999999999998 13.869565217391305
      vertex 136 20.599999999999998 13.869565217391305
    endloop
  endfacet
  facet normal 0 1 0
    outer loop
      vertex 90 20.599999999999998 10.637254901960784
      vertex 136 20.599999999999998 13.869565217391305
      vertex 136 20.599999999999998 10.637254901960784
    endloop
  endfacet
  facet normal 0 0 1
    outer loop
      vertex 0.5 20.599999999999998 19.5
      vertex 0.5 18.599999999999998 19.5
      vertex 62 20.599999999999998 19.5
    endloop
  endfacet
  facet normal 0 1 0
    outer loop
      vertex 62 20.599999999999998 13.869565217391305
      vertex 0.5 20.599999999999998 19.5
      vertex 90 20.599999999999998 13.869565217391305
    endloop
  endfacet
  facet normal 0 -1 0
    outer loop
      vertex 62 18.599999999999998 13.652173913043478
      vertex 90 18.599999999999998 13.652173913043478
      vertex 0.5 18.599999999999998 19.5
    endloop
  endfacet
  facet normal 0 1 0
    outer loop
      vertex 0.5 20.599999999999998 19.5
      vertex 62 20.599999999999998 19.5
      vertex 62 20.599999999999998 17.5
    endloop
  endfacet
  facet normal 0 0 1
    outer loop
      vertex 0.5 18.599999999999998 19.5
      vertex 90 20.599999999999998 19.5
      vertex 62 20.599999999999998 19.5
    endloop
  endfacet
  facet normal 0 1 0
    outer loop
      vertex 90 20.599999999999998 13.869565217391305
      vertex 0.5 20.599999999999998 19.5
      vertex 136 20.599999999999998 13.869565217391305
    endloop
  endfacet
  facet normal 0 -1 0
    outer loop
      vertex 90 18.599999999999998 13.652173913043478
      vertex 136 18.599999999999998 13.652173913043478
      vertex 0.5 18.599999999999998 19.5
    endloop
  endfacet
  facet normal 0 1 0
    outer loop
      vertex 0.5 20.599999999999998 19.5
      vertex 62 20.599999999999998 17.5
      vertex 136 20.599999999999998 13.869565217391305
    endloop
  endfacet
  facet normal 0 0 1
    outer loop
      vertex 0.5 18.599999999999998 19.5
      vertex 136 20.599999999999998 19.5
      vertex 90 20.599999999999998 19.5
    endloop
  endfacet
  facet normal 0 -1 0
    outer loop
      vertex 0.5 18.599999999999998 19.5
      vertex 136 18.599999999999998 13.652173913043478
      vertex 164 18.599999999999998 13.652173913043478
    endloop
  endfacet
  facet normal 0 1 0
    outer loop
      vertex 62 20.599999999999998 17.5
      vertex 90 20.599999999999998 17.5
      vertex 136 20.599999999999998 13.869565217391305
    endloop
  endfacet
  facet normal 0 1 0
    outer loop
      vertex 90 20.599999999999998 17.5
      vertex 90 20.599999999999998 19.5
      vertex 136 20.599999999999998 17.5
    endloop
  endfacet
  facet normal 0 -1 0
    outer loop
      vertex 0.5 18.599999999999998 19.5
      vertex 164 18.599999999999998 13.652173913043478
      vertex 196 18.599999999999998 13.652173913043478
    endloop
  endfacet
  facet normal 0 1 0
    outer loop
      vertex 90 20.599999999999998 17.5
      vertex 136 20.599999999999998 17.5
      vertex 136 20.599999999999998 13.869565217391305
    endloop
  endfacet
  facet normal 0 0 1
    outer loop
      vertex 0.5 18.599999999999998 19.5
      vertex 164 20.599999999999998 19.5
      vertex 136 20.599999999999998 19.5
    endloop
  endfacet
  facet normal 0 1 0
    outer loop
      vertex 90 20.599999999999998 19.5
      vertex 136 20.599999999999998 19.5
      vertex 136 20.599999999999998 17.5
    endloop
  endfacet
  facet normal 0 0 1
    outer loop
      vertex 0.5 18.599999999999998 19.5
      vertex 196 20.599999999999998 19.5
      vertex 164 20.599999999999998 19.5
    endloop
  endfacet
  facet normal 0 1 0
    outer loop
      vertex 62 20.599999999999998 10.637254901960784
      vertex 90 20.599999999999998 10.637254901960784
      vertex 255.5 20.599999999999998 4
    endloop
  endfacet
  facet normal 0 -1 0
    outer loop
      vertex 113.96889952153109 18.599999999999998 4
      vertex 164 18.599999999999998 10.5
      vertex 136 18.599999999999998 10.5
    endloop
  endfacet
  facet normal 0 -1 0
    outer loop
      vertex 113.96889952153109 18.599999999999998 4
      vertex 136 18.599999999999998 10.5
      vertex 136 18.599999999999998 13.652173913043478
    endloop
  endfacet
  facet normal 0 1 0
    outer loop
      vertex 90 20.599999999999998 10.637254901960784
      vertex 136 20.599999999999998 10.637254901960784
      vertex 255.5 20.599999999999998 4
    endloop
  endfacet
  facet normal 0 -1 0
    outer loop
      vertex 113.96889952153109 18.599999999999998 4
      vertex 196 18.599999999999998 13.652173913043478
      vertex 164 18.599999999999998 10.5
    endloop
  endfacet
  facet normal 0 -1 0
    outer loop
      vertex 113.96889952153109 18.599999999999998 4
      vertex 220 18.599999999999998 10.5
      vertex 196 18.599999999999998 10.5
    endloop
  endfacet
  facet normal 0 -1 0
    outer loop
      vertex 113.96889952153109 18.599999999999998 4
      vertex 196 18.599999999999998 10.5
      vertex 196 18.599999999999998 13.652173913043478
    endloop
  endfacet
  facet normal 0 1 0
    outer loop
      vertex 136 20.599999999999998 10.637254901960784
      vertex 164 20.599999999999998 10.637254901960784
      vertex 255.5 20.599999999999998 4
    endloop
  endfacet
  facet normal 0 -1 0
    outer loop
      vertex 164 18.599999999999998 10.5
      vertex 196 18.599999999999998 13.652173913043478
      vertex 164 18.599999999999998 13.652173913043478
    endloop
  endfacet
  facet normal 0 1 0
    outer loop
      vertex 164 20.599999999999998 13.869565217391305
      vertex 136 20.599999999999998 17.5
      vertex 196 20.599999999999998 10.637254901960784
    endloop
  endfacet
  facet normal 0 1 0
    outer loop
      vertex 196 20.599999999999998 10.637254901960784
      vertex 164 20.599999999999998 17.5
      vertex 196 20.599999999999998 13.869565217391305
    endloop
  endfacet
  facet normal 0 -1 0
    outer loop
      vertex 113.96889952153109 18.599999999999998 4
      vertex 255.5 18.599999999999998 4
      vertex 220 18.599999999999998 10.5
    endloop
  endfacet
  facet normal 0 1 0
    outer loop
      vertex 164 20.599999999999998 10.637254901960784
      vertex 164 20.599999999999998 13.869565217391305
      vertex 255.5 20.599999999999998 4
    endloop
  endfacet
  facet normal 0 1 0
    outer loop
      vertex 164 20.599999999999998 13.869565217391305
      vertex 196 20.599999999999998 10.637254901960784
      vertex 255.5 20.599999999999998 4
    endloop
  endfacet
  facet normal 0 1 0
    outer loop
      vertex 255.5 20.599999999999998 4
      vertex 196 20.599999999999998 10.637254901960784
      vertex 220 20.599999999999998 10.637254901960784
    endloop
  endfacet
  facet normal 0 1 0
    outer loop
      vertex 255.5 20.599999999999998 4
      vertex 220 20.599999999999998 10.637254901960784
      vertex 220 20.599999999999998 13.869565217391305
    endloop
  endfacet
  facet normal 0 -1 0
    outer loop
      vertex 255.5 18.599999999999998 4
      vertex 220 18.599999999999998 13.652173913043478
      vertex 220 18.599999999999998 10.5
    endloop
  endfacet
  facet normal 1 0 0
    outer loop
      vertex 255.5 20.599999999999998 4
      vertex 255.5 20.599999999999998 19.5
      vertex 255.5 18.599999999999998 4
    endloop
  endfacet
  facet normal 0 1 0
    outer loop
      vertex 255.5 20.599999999999998 4
      vertex 220 20.599999999999998 13.869565217391305
      vertex 220 20.599999999999998 17.5
    endloop
  endfacet
  facet normal 0 -1 0
    outer loop
      vertex 255.5 18.599999999999998 4
      vertex 255.5 18.599999999999998 19.5
      vertex 220 18.599999999999998 13.652173913043478
    endloop
  endfacet
  facet normal 0 1 0
    outer loop
      vertex 255.5 20.599999999999998 4
      vertex 220 20.599999999999998 17.5
      vertex 255.5 20.599999999999998 19.5
    endloop
  endfacet
  facet normal 1 0 0
    outer loop
      vertex 255.5 18.599999999999998 4
      vertex 255.5 20.599999999999998 19.5
      vertex 255.5 18.599999999999998 19.5
    endloop
  endfacet
  facet normal 0 -1 0
    outer loop
      vertex 0.5 18.599999999999998 19.5
      vertex 196 18.599999999999998 13.652173913043478
      vertex 220 18.599999999999998 13.652173913043478
    endloop
  endfacet
  facet normal 0 1 0
    outer loop
      vertex 136 20.599999999999998 13.869565217391305
      vertex 136 20.599999999999998 17.5
      vertex 164 20.599999999999998 13.869565217391305
    endloop
  endfacet
  facet normal 0 -1 0
    outer loop
      vertex 0.5 18.599999999999998 19.5
      vertex 220 18.599999999999998 13.652173913043478
      vertex 255.5 18.599999999999998 19.5
    endloop
  endfacet
  facet normal 0 0 1
    outer loop
      vertex 0.5 18.599999999999998 19.5
      vertex 220 20.599999999999998 19.5
      vertex 196 20.599999999999998 19.5
    endloop
  endfacet
  facet normal 0 0 1
    outer loop
      vertex 0.5 18.599999999999998 19.5
      vertex 255.5 20.599999999999998 19.5
      vertex 220 20.599999999999998 19.5
    endloop
  endfacet
  facet normal 0 1 0
    outer loop
      vertex 196 20.599999999999998 10.637254901960784
      vertex 136 20.599999999999998 17.5
      vertex 164 20.599999999999998 17.5
    endloop
  endfacet
  facet normal 0 1 0
    outer loop
      vertex 164 20.599999999999998 17.5
      vertex 164 20.599999999999998 19.5
      vertex 196 20.599999999999998 17.5
    endloop
  endfacet
  facet normal 0 1 0
    outer loop
      vertex 196 20.599999999999998 13.869565217391305
      vertex 164 20.599999999999998 17.5
      vertex 196 20.599999999999998 17.5
    endloop
  endfacet
  facet normal 0 0 1
    outer loop
      vertex 0.5 18.599999999999998 19.5
      vertex 255.5 18.599999999999998 19.5
      vertex 255.5 20.599999999999998 19.5
    endloop
  endfacet
  facet normal 0 1 0
    outer loop
      vertex 164 20.599999999999998 19.5
      vertex 196 20.599999999999998 19.5
      vertex 196 20.599999999999998 17.5
    endloop
  endfacet
  facet normal 0 1 0
    outer loop
      vertex 196 20.599999999999998 13.869565217391305
      vertex 196 20.599999999999998 17.5
      vertex 220 20.599999999999998 17.5
    endloop
  endfacet
  facet normal 0 1 0
    outer loop
      vertex 196 20.599999999999998 13.869565217391305
      vertex 220 20.599999999999998 17.5
      vertex 220 20.599999999999998 13.869565217391305
    endloop
  endfacet
  facet normal 0 1 0
    outer loop
      vertex 220 20.599999999999998 17.5
      vertex 220 20.599999999999998 19.5
      vertex 255.5 20.599999999999998 19.5
    endloop
  endfacet
  facet normal -1 0 0
    outer loop
      vertex 0.5 41.8 0
      vertex 0.5 25.799999999999997 3.5
      vertex 0.5 41.8 3.5
    endloop
  endfacet
  facet normal -1 0 0
    outer loop
      vertex 0.5 41.8 0
      vertex 0.5 20.599999999999998 3.5
      vertex 0.5 25.799999999999997 3.5
    endloop
  endfacet
  facet normal -1 0 0
    outer loop
      vertex 0.5 41.8 0
      vertex 0.5 18.599999999999998 3.5
      vertex 0.5 20.599999999999998 3.5
    endloop
  endfacet
  facet normal -1 0 0
    outer loop
      vertex 0.5 41.8 0
      vertex 0.5 10.830589358170492 0.1356196503155973
      vertex 0.5 11.061700935788387 0.33829906421161304
    endloop
  endfacet
  facet normal -1 0 0
    outer loop
      vertex 0.5 41.8 0
      vertex 0.5 10.627620207977486 0
      vertex 0.5 10.830589358170492 0.1356196503155973
    endloop
  endfacet
  facet normal 0 0 -1
    outer loop
      vertex 0.5 41.8 0
      vertex 3.6 10.627620207977486 0
      vertex 0.5 10.627620207977486 0
    endloop
  endfacet
  facet normal -1 0 0
    outer loop
      vertex 0.5 41.8 0
      vertex 0.5 11.061700935788387 0.33829906421161304
      vertex 0.5 11.264380349684401 0.5694106418295064
    endloop
  endfacet
  facet normal -1 0 0
    outer loop
      vertex 0.5 41.8 0
      vertex 0.5 11.264380349684401 0.5694106418295064
      vertex 0.5 11.435159698893429 0.825
    endloop
  endfacet
  facet normal -1 0 0
    outer loop
      vertex 0.5 41.8 0
      vertex 0.5 11.435159698893429 0.825
      vertex 0.5 11.571116901401524 1.100693933942039
    endloop
  endfacet
  facet normal -1 0 0
    outer loop
      vertex 0.5 41.8 0
      vertex 0.5 11.571116901401524 1.100693933942039
      vertex 0.5 11.669925691779312 1.3917752440090763
    endloop
  endfacet
  facet normal -1 0 0
    outer loop
      vertex 0.5 41.8 0
      vertex 0.5 11.669925691779312 1.3917752440090763
      vertex 0.5 11.729895424228452 1.6932634482828788
    endloop
  endfacet
  facet normal -1 0 0
    outer loop
      vertex 0.5 41.8 0
      vertex 0.5 11.729895424228452 1.6932634482828788
      vertex 0.5 11.75 2
    endloop
  endfacet
  facet normal -1 0 0
    outer loop
      vertex 0.5 41.8 0
      vertex 0.5 11.75 2
      vertex 0.5 11.729895424228452 2.306736551717121
    endloop
  endfacet
  facet normal -1 0 0
    outer loop
      vertex 0.5 41.8 0
      vertex 0.5 11.729895424228452 2.306736551717121
      vertex 0.5 11.669925691779312 2.608224755990924
    endloop
  endfacet
  facet normal -1 0 0
    outer loop
      vertex 0.5 41.8 0
      vertex 0.5 11.669925691779312 2.608224755990924
      vertex 0.5 11.571116901401524 2.899306066057961
    endloop
  endfacet
  facet normal -1 0 0
    outer loop
      vertex 0.5 41.8 0
      vertex 0.5 11.435159698893429 3.175
      vertex 0.5 18.599999999999998 3.5
    endloop
  endfacet
  facet normal -1 0 0
    outer loop
      vertex 0.5 41.8 0
      vertex 0.5 11.571116901401524 2.899306066057961
      vertex 0.5 11.435159698893429 3.175
    endloop
  endfacet
  facet normal -1 0 0
    outer loop
      vertex 0.5 25.799999999999997 3.5
      vertex 0.5 20.599999999999998 3.5
      vertex 0.5 20.599999999999998 4
    endloop
  endfacet
  facet normal -1 0 0
    outer loop
      vertex 0.5 25.799999999999997 3.5
      vertex 0.5 20.599999999999998 4
      vertex 0.5 25.799999999999997 4
    endloop
  endfacet
  facet normal 0 1 0
    outer loop
      vertex 0.5 41.8 0
      vertex 0.5 41.8 3.5
      vertex 255.5 41.8 3.5
    endloop
  endfacet
  facet normal 0 0 1
    outer loop
      vertex 0.5 25.799999999999997 4
      vertex 0.5 20.599999999999998 4
      vertex 255.5 20.599999999999998 4
    endloop
  endfacet
  facet normal -1 0 0
    outer loop
      vertex 0.5 18.599999999999998 3.5
      vertex 0.5 11.435159698893429 3.175
      vertex 0.5 11.264380349684401 3.4305893581704936
    endloop
  endfacet
  facet normal -1 0 0
    outer loop
      vertex 0.5 18.599999999999998 3.5
      vertex 0.5 11.264380349684401 3.4305893581704936
      vertex 0.5 11.061700935788387 3.661700935788387
    endloop
  endfacet
  facet normal -1 0 0
    outer loop
      vertex 0.5 18.599999999999998 3.5
      vertex 0.5 11.061700935788387 3.661700935788387
      vertex 0.5 10.830589358170492 3.864380349684403
    endloop
  endfacet
  facet normal -1 0 0
    outer loop
      vertex 0.5 18.599999999999998 3.5
      vertex 0.5 11.600000000000001 4
      vertex 0.5 18.599999999999998 4
    endloop
  endfacet
  facet normal -1 0 0
    outer loop
      vertex 0.5 18.599999999999998 3.5
      vertex 0.5 10.830589358170492 3.864380349684403
      vertex 0.5 11.600000000000001 4
    endloop
  endfacet
  facet normal 0 0 1
    outer loop
      vertex 0.5 18.599999999999998 4
      vertex 0.5 11.600000000000001 4
      vertex 5.5 11.600000000000001 4
    endloop
  endfacet
  facet normal -1 0 0
    outer loop
      vertex 0.5 11.600000000000001 4
      vertex 0.5 10.830589358170492 3.864380349684403
      vertex 0.5 10.627620207977486 4
    endloop
  endfacet
  facet normal 0 0 1
    outer loop
      vertex 0.5 18.599999999999998 4
      vertex 5.5 11.600000000000001 4
      vertex 113.96889952153109 18.599999999999998 4
    endloop
  endfacet
  facet normal -1 0 0
    outer loop
      vertex 0.5 5.014213562373094 0.5857864376269049
      vertex 0.5 7.969410641829505 0.1356196503155973
      vertex 0.5 8.172379792022511 0
    endloop
  endfacet
  facet normal -1 0 0
    outer loop
      vertex 0.5 5.186706680582475 0.7824771419825587
      vertex 0.5 7.73829906421161 0.33829906421161304
      vertex 0.5 7.969410641829505 0.1356196503155973
    endloop
  endfacet
  facet normal -1 0 0
    outer loop
      vertex 0.5 5.447759065022574 1.2346331352698203
      vertex 0.5 7.535619650315596 0.5694106418295064
      vertex 0.5 7.73829906421161 0.33829906421161304
    endloop
  endfacet
  facet normal -1 0 0
    outer loop
      vertex 0.5 4.8175228580174405 0.41329331941752967
      vertex 0.5 5.014213562373094 0.5857864376269049
      vertex 0.5 8.172379792022511 0
    endloop
  endfacet
  facet normal -1 0 0
    outer loop
      vertex 0.5 4.365366864730184 0.15224093497742652
      vertex 0.5 8.172379792022511 0
      vertex 0.5 4.117638090205041 0.06814834742186338
    endloop
  endfacet
  facet normal -1 0 0
    outer loop
      vertex 0.5 4.600000000000001 0.2679491924311228
      vertex 0.5 4.8175228580174405 0.41329331941752967
      vertex 0.5 8.172379792022511 0
    endloop
  endfacet
  facet normal -1 0 0
    outer loop
      vertex 0.5 4.600000000000001 0.2679491924311228
      vertex 0.5 8.172379792022511 0
      vertex 0.5 4.365366864730184 0.15224093497742652
    endloop
  endfacet
  facet normal -1 0 0
    outer loop
      vertex 0.5 4.117638090205041 0.06814834742186338
      vertex 0.5 8.172379792022511 0
      vertex 0.5 3.8610523844401072 0.017110277252379236
    endloop
  endfacet
  facet normal -1 0 0
    outer loop
      vertex 0.5 5.014213562373094 0.5857864376269049
      vertex 0.5 5.186706680582475 0.7824771419825587
      vertex 0.5 7.969410641829505 0.1356196503155973
    endloop
  endfacet
  facet normal -1 0 0
    outer loop
      vertex 0.5 5.332050807568876 1
      vertex 0.5 7.73829906421161 0.33829906421161304
      vertex 0.5 5.186706680582475 0.7824771419825587
    endloop
  endfacet
  facet normal -1 0 0
    outer loop
      vertex 0.5 5.332050807568876 1
      vertex 0.5 5.447759065022574 1.2346331352698203
      vertex 0.5 7.73829906421161 0.33829906421161304
    endloop
  endfacet
  facet normal 0 0 -1
    outer loop
      vertex 5.5 0 0
      vertex 0.9998651120483215 8.172379792022511 0
      vertex 3.6 8.172379792022511 0
    endloop
  endfacet
  facet normal -1 0 0
    outer loop
      vertex 0.5 5.5318516525781405 1.4823619097949585
      vertex 0.5 7.364840301106568 0.825
      vertex 0.5 7.535619650315596 0.5694106418295064
    endloop
  endfacet
  facet normal -1 0 0
    outer loop
      vertex 0.5 5.600000000000001 2
      vertex 0.5 7.228883098598473 1.100693933942039
      vertex 0.5 7.364840301106568 0.825
    endloop
  endfacet
  facet normal -1 0 0
    outer loop
      vertex 0.5 5.5318516525781405 2.5176380902050415
      vertex 0.5 7.130074308220685 1.3917752440090763
      vertex 0.5 7.228883098598473 1.100693933942039
    endloop
  endfacet
  facet normal -1 0 0
    outer loop
      vertex 0.5 5.5318516525781405 2.5176380902050415
      vertex 0.5 7.070104575771545 1.6932634482828788
      vertex 0.5 7.130074308220685 1.3917752440090763
    endloop
  endfacet
  facet normal -1 0 0
    outer loop
      vertex 0.5 5.447759065022574 1.2346331352698203
      vertex 0.5 5.5318516525781405 1.4823619097949585
      vertex 0.5 7.535619650315596 0.5694106418295064
    endloop
  endfacet
  facet normal -1 0 0
    outer loop
      vertex 0.5 5.5318516525781405 1.4823619097949585
      vertex 0.5 5.582889722747623 1.7389476155598969
      vertex 0.5 7.364840301106568 0.825
    endloop
  endfacet
  facet normal -1 0 0
    outer loop
      vertex 0.5 5.582889722747623 1.7389476155598969
      vertex 0.5 5.600000000000001 2
      vertex 0.5 7.364840301106568 0.825
    endloop
  endfacet
  facet normal -1 0 0
    outer loop
      vertex 0.5 5.600000000000001 2
      vertex 0.5 5.582889722747623 2.261052384440103
      vertex 0.5 7.228883098598473 1.100693933942039
    endloop
  endfacet
  facet normal -1 0 0
    outer loop
      vertex 0.5 5.5318516525781405 2.5176380902050415
      vertex 0.5 7.049999999999997 2
      vertex 0.5 7.070104575771545 1.6932634482828788
    endloop
  endfacet
  facet normal -1 0 0
    outer loop
      vertex 0.5 5.5318516525781405 2.5176380902050415
      vertex 0.5 7.070104575771545 2.306736551717121
      vertex 0.5 7.049999999999997 2
    endloop
  endfacet
  facet normal -1 0 0
    outer loop
      vertex 0.5 5.5318516525781405 2.5176380902050415
      vertex 0.5 7.130074308220685 2.608224755990924
      vertex 0.5 7.070104575771545 2.306736551717121
    endloop
  endfacet
  facet normal -1 0 0
    outer loop
      vertex 0.5 5.582889722747623 2.261052384440103
      vertex 0.5 5.5318516525781405 2.5176380902050415
      vertex 0.5 7.228883098598473 1.100693933942039
    endloop
  endfacet
  facet normal -1 0 0
    outer loop
      vertex 0.5 5.5318516525781405 2.5176380902050415
      vertex 0.5 5.447759065022574 2.7653668647301797
      vertex 0.5 7.130074308220685 2.608224755990924
    endloop
  endfacet
  facet normal -1 0 0
    outer loop
      vertex 0.5 5.447759065022574 2.7653668647301797
      vertex 0.5 5.332050807568876 3
      vertex 0.5 7.130074308220685 2.608224755990924
    endloop
  endfacet
  facet normal -1 0 0
    outer loop
      vertex 0.5 5.332050807568876 3
      vertex 0.5 7.228883098598473 2.899306066057961
      vertex 0.5 7.130074308220685 2.608224755990924
    endloop
  endfacet
  facet normal -1 0 0
    outer loop
      vertex 0.5 5.186706680582475 3.2175228580174413
      vertex 0.5 7.364840301106568 3.175
      vertex 0.5 7.228883098598473 2.899306066057961
    endloop
  endfacet
  facet normal -1 0 0
    outer loop
      vertex 0.5 4.8175228580174405 3.58670668058247
      vertex 0.5 7.535619650315596 3.4305893581704936
      vertex 0.5 7.364840301106568 3.175
    endloop
  endfacet
  facet normal -1 0 0
    outer loop
      vertex 0.5 4.8175228580174405 3.58670668058247
      vertex 0.5 7.73829906421161 3.661700935788387
      vertex 0.5 7.535619650315596 3.4305893581704936
    endloop
  endfacet
  facet normal -1 0 0
    outer loop
      vertex 0.5 5.332050807568876 3
      vertex 0.5 5.186706680582475 3.2175228580174413
      vertex 0.5 7.228883098598473 2.899306066057961
    endloop
  endfacet
  facet normal -1 0 0
    outer loop
      vertex 0.5 5.186706680582475 3.2175228580174413
      vertex 0.5 5.014213562373094 3.414213562373095
      vertex 0.5 7.364840301106568 3.175
    endloop
  endfacet
  facet normal -1 0 0
    outer loop
      vertex 0.5 5.014213562373094 3.414213562373095
      vertex 0.5 4.8175228580174405 3.58670668058247
      vertex 0.5 7.364840301106568 3.175
    endloop
  endfacet
  facet normal -1 0 0
    outer loop
      vertex 0.5 4.8175228580174405 3.58670668058247
      vertex 0.5 4.600000000000001 3.7320508075688767
      vertex 0.5 7.73829906421161 3.661700935788387
    endloop
  endfacet
  facet normal -1 0 0
    outer loop
      vertex 0.5 4.600000000000001 3.7320508075688767
      vertex 0.5 4.365366864730184 3.847759065022574
      vertex 0.5 7.73829906421161 3.661700935788387
    endloop
  endfacet
  facet normal -1 0 0
    outer loop
      vertex 0.5 3.8610523844401072 0.017110277252379236
      vertex 0.5 8.172379792022511 0
      vertex 0.5 3.6000000000000014 0
    endloop
  endfacet
  facet normal -1 0 0
    outer loop
      vertex 0.5 3.6000000000000014 0
      vertex 0.5 0 0
      vertex 0.5 3.3389476155598956 0.017110277252379236
    endloop
  endfacet
  facet normal -1 0 0
    outer loop
      vertex 0.5 3.3389476155598956 0.017110277252379236
      vertex 0.5 0 0
      vertex 0.5 3.0823619097949617 0.06814834742186338
    endloop
  endfacet
  facet normal -1 0 0
    outer loop
      vertex 0.5 3.0823619097949617 0.06814834742186338
      vertex 0.5 0 0
      vertex 0.5 2.8346331352698186 0.15224093497742652
    endloop
  endfacet
  facet normal -1 0 0
    outer loop
      vertex 0.5 2.8346331352698186 0.15224093497742652
      vertex 0.5 0 0
      vertex 0.5 2.6000000000000014 0.2679491924311228
    endloop
  endfacet
  facet normal -1 0 0
    outer loop
      vertex 0.5 2.6000000000000014 0.2679491924311228
      vertex 0.5 0 0
      vertex 0.5 2.3824771419825623 0.41329331941752967
    endloop
  endfacet
  facet normal -1 0 0
    outer loop
      vertex 0.5 2.3824771419825623 0.41329331941752967
      vertex 0.5 0 0
      vertex 0.5 2.185786437626909 0.5857864376269049
    endloop
  endfacet
  facet normal -1 0 0
    outer loop
      vertex 0.5 2.185786437626909 0.5857864376269049
      vertex 0.5 0 0
      vertex 0.5 2.013293319417528 0.7824771419825587
    endloop
  endfacet
  facet normal -1 0 0
    outer loop
      vertex 0.5 2.013293319417528 0.7824771419825587
      vertex 0.5 0 0
      vertex 0.5 1.8679491924311264 1
    endloop
  endfacet
  facet normal -1 0 0
    outer loop
      vertex 0.5 0 0
      vertex 0.5 1.7522409349774293 1.2346331352698203
      vertex 0.5 1.8679491924311264 1
    endloop
  endfacet
  facet normal -1 0 0
    outer loop
      vertex 0.5 0 0
      vertex 0.5 1.6681483474218624 1.4823619097949585
      vertex 0.5 1.7522409349774293 1.2346331352698203
    endloop
  endfacet
  facet normal -1 0 0
    outer loop
      vertex 0.5 0 0
      vertex 0.5 1.6171102772523795 1.7389476155598969
      vertex 0.5 1.6681483474218624 1.4823619097949585
    endloop
  endfacet
  facet normal -1 0 0
    outer loop
      vertex 0.5 0 0
      vertex 0.5 1.6000000000000014 2
      vertex 0.5 1.6171102772523795 1.7389476155598969
    endloop
  endfacet
  facet normal -1 0 0
    outer loop
      vertex 0.5 0 0
      vertex 0.5 1.6171102772523795 2.261052384440103
      vertex 0.5 1.6000000000000014 2
    endloop
  endfacet
  facet normal 0 -1 0
    outer loop
      vertex 0.5 0 0
      vertex 5.5 0 0
      vertex 0.5 0 4
    endloop
  endfacet
  facet normal -1 0 0
    outer loop
      vertex 0.5 0 0
      vertex 0.5 0 4
      vertex 0.5 1.6171102772523795 2.261052384440103
    endloop
  endfacet
  facet normal -1 0 0
    outer loop
      vertex 0.5 2.013293319417528 3.2175228580174413
      vertex 0.5 0 4
      vertex 0.5 2.185786437626909 3.414213562373095
    endloop
  endfacet
  facet normal -1 0 0
    outer loop
      vertex 0.5 2.185786437626909 3.414213562373095
      vertex 0.5 0 4
      vertex 0.5 2.3824771419825623 3.58670668058247
    endloop
  endfacet
  facet normal -1 0 0
    outer loop
      vertex 0.5 1.6171102772523795 2.261052384440103
      vertex 0.5 0 4
      vertex 0.5 1.6681483474218624 2.5176380902050415
    endloop
  endfacet
  facet normal -1 0 0
    outer loop
      vertex 0.5 1.6681483474218624 2.5176380902050415
      vertex 0.5 0 4
      vertex 0.5 1.7522409349774293 2.7653668647301797
    endloop
  endfacet
  facet normal -1 0 0
    outer loop
      vertex 0.5 1.7522409349774293 2.7653668647301797
      vertex 0.5 0 4
      vertex 0.5 1.8679491924311264 3
    endloop
  endfacet
  facet normal -1 0 0
    outer loop
      vertex 0.5 2.013293319417528 3.2175228580174413
      vertex 0.5 1.8679491924311264 3
      vertex 0.5 0 4
    endloop
  endfacet
  facet normal -1 0 0
    outer loop
      vertex 0.5 4.117638090205041 3.9318516525781364
      vertex 0.5 7.969410641829505 3.864380349684403
      vertex 0.5 7.73829906421161 3.661700935788387
    endloop
  endfacet
  facet normal -1 0 0
    outer loop
      vertex 0.5 3.8610523844401072 3.982889722747621
      vertex 0.5 8.172379792022511 4
      vertex 0.5 7.969410641829505 3.864380349684403
    endloop
  endfacet
  facet normal -1 0 0
    outer loop
      vertex 0.5 4.365366864730184 3.847759065022574
      vertex 0.5 4.117638090205041 3.9318516525781364
      vertex 0.5 7.73829906421161 3.661700935788387
    endloop
  endfacet
  facet normal -1 0 0
    outer loop
      vertex 0.5 4.117638090205041 3.9318516525781364
      vertex 0.5 3.8610523844401072 3.982889722747621
      vertex 0.5 7.969410641829505 3.864380349684403
    endloop
  endfacet
  facet normal 0 0 1
    outer loop
      vertex 5.5 11.600000000000001 4
      vertex 5.5 0 4
      vertex 5.800000000000001 5 4
    endloop
  endfacet
  facet normal -1 0 0
    outer loop
      vertex 0.5 3.8610523844401072 3.982889722747621
      vertex 0.5 3.6000000000000014 4
      vertex 0.5 8.172379792022511 4
    endloop
  endfacet
  facet normal -1 0 0
    outer loop
      vertex 0.5 3.3389476155598956 3.982889722747621
      vertex 0.5 3.0823619097949617 3.9318516525781364
      vertex 0.5 0 4
    endloop
  endfacet
  facet normal -1 0 0
    outer loop
      vertex 0.5 3.0823619097949617 3.9318516525781364
      vertex 0.5 2.8346331352698186 3.847759065022574
      vertex 0.5 0 4
    endloop
  endfacet
  facet normal -1 0 0
    outer loop
      vertex 0.5 3.3389476155598956 3.982889722747621
      vertex 0.5 0 4
      vertex 0.5 3.6000000000000014 4
    endloop
  endfacet
  facet normal -1 0 0
    outer loop
      vertex 0.5 2.6000000000000014 3.7320508075688767
      vertex 0.5 0 4
      vertex 0.5 2.8346331352698186 3.847759065022574
    endloop
  endfacet
  facet normal -1 0 0
    outer loop
      vertex 0.5 2.3824771419825623 3.58670668058247
      vertex 0.5 0 4
      vertex 0.5 2.6000000000000014 3.7320508075688767
    endloop
  endfacet
  facet normal 0 0 1
    outer loop
      vertex 5.800000000000001 5 4
      vertex 5.5 0 4
      vertex 5.800000000000001 1.2000000000000028 4
    endloop
  endfacet
  facet normal 0 0 -1
    outer loop
      vertex 0.5 41.8 0
      vertex 255.5 0 0
      vertex 3.6 10.627620207977486 0
    endloop
  endfacet
  facet normal 0 0 1
    outer loop
      vertex 5.5 11.600000000000001 4
      vertex 250.2 5 4
      vertex 113.96889952153109 18.599999999999998 4
    endloop
  endfacet
  facet normal 0 0 -1
    outer loop
      vertex 255.5 0 0
      vertex 3.6 8.172379792022511 0
      vertex 3.6 10.627620207977486 0
    endloop
  endfacet
  facet normal 0 0 -1
    outer loop
      vertex 5.5 0 0
      vertex 3.6 8.172379792022511 0
      vertex 255.5 0 0
    endloop
  endfacet
  facet normal 0 -1 0
    outer loop
      vertex 5.5 0 0
      vertex 255.5 0 0
      vertex 0.5 0 4
    endloop
  endfacet
  facet normal 0 -1 0
    outer loop
      vertex 0.5 0 4
      vertex 255.5 0 0
      vertex 5.5 0 4
    endloop
  endfacet
  facet normal 0 0 1
    outer loop
      vertex 5.5 11.600000000000001 4
      vertex 5.800000000000001 5 4
      vertex 250.2 5 4
    endloop
  endfacet
  facet normal 0 0 1
    outer loop
      vertex 5.5 0 4
      vertex 250.5 0 4
      vertex 5.800000000000001 1.2000000000000028 4
    endloop
  endfacet
  facet normal 0 1 0
    outer loop
      vertex 0.5 41.8 0
      vertex 255.5 41.8 3.5
      vertex 255.5 41.8 0
    endloop
  endfacet
  facet normal 0 0 -1
    outer loop
      vertex 0.5 41.8 0
      vertex 255.5 41.8 0
      vertex 255.5 9.399999999999999 0
    endloop
  endfacet
  facet normal 0 0 1
    outer loop
      vertex 0.5 25.799999999999997 4
      vertex 255.5 20.599999999999998 4
      vertex 255.5 25.799999999999997 4
    endloop
  endfacet
  facet normal 1 0 0
    outer loop
      vertex 255.5 41.8 0
      vertex 255.5 41.8 3.5
      vertex 255.5 25.799999999999997 3.5
    endloop
  endfacet
  facet normal 1 0 0
    outer loop
      vertex 255.5 41.8 0
      vertex 255.5 25.799999999999997 3.5
      vertex 255.5 10.617522858017438 0.41329331941752967
    endloop
  endfacet
  facet normal 1 0 0
    outer loop
      vertex 255.5 41.8 0
      vertex 255.5 10.617522858017438 0.41329331941752967
      vertex 255.5 10.399999999999999 0.2679491924311228
    endloop
  endfacet
  facet normal 1 0 0
    outer loop
      vertex 255.5 25.799999999999997 3.5
      vertex 255.5 25.799999999999997 4
      vertex 255.5 20.599999999999998 4
    endloop
  endfacet
  facet normal 0 0 -1
    outer loop
      vertex 0.5 41.8 0
      vertex 255.5 9.399999999999999 0
      vertex 252.4 4.827620207977489 0
    endloop
  endfacet
  facet normal 0 0 -1
    outer loop
      vertex 0.5 41.8 0
      vertex 252.4 4.827620207977489 0
      vertex 252.4 2.372379792022514 0
    endloop
  endfacet
  facet normal 0 0 -1
    outer loop
      vertex 0.5 41.8 0
      vertex 252.4 2.372379792022514 0
      vertex 255.5 0 0
    endloop
  endfacet
  facet normal 0 -1 0
    outer loop
      vertex 5.5 0 4
      vertex 255.5 0 0
      vertex 250.5 0 4
    endloop
  endfacet
  facet normal 0 0 1
    outer loop
      vertex 5.800000000000001 1.2000000000000028 4
      vertex 250.5 0 4
      vertex 250.2 1.2000000000000028 4
    endloop
  endfacet
  facet normal 0 0 1
    outer loop
      vertex 113.96889952153109 18.599999999999998 4
      vertex 255.5 11.600000000000001 4
      vertex 255.5 18.599999999999998 4
    endloop
  endfacet
  facet normal 0 0 1
    outer loop
      vertex 113.96889952153109 18.599999999999998 4
      vertex 250.5 11.600000000000001 4
      vertex 255.5 11.600000000000001 4
    endloop
  endfacet
  facet normal 0 0 1
    outer loop
      vertex 113.96889952153109 18.599999999999998 4
      vertex 250.2 5 4
      vertex 250.5 11.600000000000001 4
    endloop
  endfacet
  facet normal 1 0 0
    outer loop
      vertex 255.5 41.8 0
      vertex 255.5 10.165366864730181 0.15224093497742652
      vertex 255.5 9.917638090205038 0.06814834742186338
    endloop
  endfacet
  facet normal 1 0 0
    outer loop
      vertex 255.5 41.8 0
      vertex 255.5 10.399999999999999 0.2679491924311228
      vertex 255.5 10.165366864730181 0.15224093497742652
    endloop
  endfacet
  facet normal 1 0 0
    outer loop
      vertex 255.5 41.8 0
      vertex 255.5 9.917638090205038 0.06814834742186338
      vertex 255.5 9.661052384440104 0.017110277252379236
    endloop
  endfacet
  facet normal 1 0 0
    outer loop
      vertex 255.5 41.8 0
      vertex 255.5 9.661052384440104 0.017110277252379236
      vertex 255.5 9.399999999999999 0
    endloop
  endfacet
  facet normal 1 0 0
    outer loop
      vertex 255.5 25.799999999999997 3.5
      vertex 255.5 10.81421356237309 0.5857864376269049
      vertex 255.5 10.617522858017438 0.41329331941752967
    endloop
  endfacet
  facet normal 1 0 0
    outer loop
      vertex 255.5 25.799999999999997 3.5
      vertex 255.5 10.986706680582472 0.7824771419825587
      vertex 255.5 10.81421356237309 0.5857864376269049
    endloop
  endfacet
  facet normal 1 0 0
    outer loop
      vertex 255.5 25.799999999999997 3.5
      vertex 255.5 11.132050807568874 1
      vertex 255.5 10.986706680582472 0.7824771419825587
    endloop
  endfacet
  facet normal 1 0 0
    outer loop
      vertex 255.5 25.799999999999997 3.5
      vertex 255.5 20.599999999999998 4
      vertex 255.5 11.331851652578138 1.4823619097949585
    endloop
  endfacet
  facet normal 1 0 0
    outer loop
      vertex 255.5 25.799999999999997 3.5
      vertex 255.5 11.24775906502257 1.2346331352698203
      vertex 255.5 11.132050807568874 1
    endloop
  endfacet
  facet normal 1 0 0
    outer loop
      vertex 255.5 25.799999999999997 3.5
      vertex 255.5 11.331851652578138 1.4823619097949585
      vertex 255.5 11.24775906502257 1.2346331352698203
    endloop
  endfacet
  facet normal 1 0 0
    outer loop
      vertex 255.5 11.399999999999999 2
      vertex 255.5 20.599999999999998 4
      vertex 255.5 18.599999999999998 4
    endloop
  endfacet
  facet normal 1 0 0
    outer loop
      vertex 255.5 11.331851652578138 1.4823619097949585
      vertex 255.5 20.599999999999998 4
      vertex 255.5 11.38288972274762 1.7389476155598969
    endloop
  endfacet
  facet normal 1 0 0
    outer loop
      vertex 255.5 11.38288972274762 1.7389476155598969
      vertex 255.5 20.599999999999998 4
      vertex 255.5 11.399999999999999 2
    endloop
  endfacet
  facet normal 1 0 0
    outer loop
      vertex 255.5 11.399999999999999 2
      vertex 255.5 18.599999999999998 4
      vertex 255.5 11.38288972274762 2.261052384440103
    endloop
  endfacet
  facet normal 1 0 0
    outer loop
      vertex 255.5 11.38288972274762 2.261052384440103
      vertex 255.5 18.599999999999998 4
      vertex 255.5 11.331851652578138 2.5176380902050415
    endloop
  endfacet
  facet normal 1 0 0
    outer loop
      vertex 255.5 11.331851652578138 2.5176380902050415
      vertex 255.5 18.599999999999998 4
      vertex 255.5 11.24775906502257 2.7653668647301797
    endloop
  endfacet
  facet normal 1 0 0
    outer loop
      vertex 255.5 11.24775906502257 2.7653668647301797
      vertex 255.5 18.599999999999998 4
      vertex 255.5 11.132050807568874 3
    endloop
  endfacet
  facet normal 1 0 0
    outer loop
      vertex 255.5 11.132050807568874 3
      vertex 255.5 18.599999999999998 4
      vertex 255.5 11.600000000000001 4
    endloop
  endfacet
  facet normal 1 0 0
    outer loop
      vertex 255.5 11.132050807568874 3
      vertex 255.5 11.600000000000001 4
      vertex 255.5 10.986706680582472 3.2175228580174413
    endloop
  endfacet
  facet normal 1 0 0
    outer loop
      vertex 255.5 10.986706680582472 3.2175228580174413
      vertex 255.5 11.600000000000001 4
      vertex 255.5 10.81421356237309 3.414213562373095
    endloop
  endfacet
  facet normal 1 0 0
    outer loop
      vertex 255.5 10.81421356237309 3.414213562373095
      vertex 255.5 11.600000000000001 4
      vertex 255.5 10.617522858017438 3.58670668058247
    endloop
  endfacet
  facet normal 1 0 0
    outer loop
      vertex 255.5 10.617522858017438 3.58670668058247
      vertex 255.5 11.600000000000001 4
      vertex 255.5 10.399999999999999 3.7320508075688767
    endloop
  endfacet
  facet normal 1 0 0
    outer loop
      vertex 255.5 11.600000000000001 4
      vertex 255.5 10.165366864730181 3.847759065022574
      vertex 255.5 10.399999999999999 3.7320508075688767
    endloop
  endfacet
  facet normal 1 0 0
    outer loop
      vertex 255.5 11.600000000000001 4
      vertex 255.5 9.917638090205038 3.9318516525781364
      vertex 255.5 10.165366864730181 3.847759065022574
    endloop
  endfacet
  facet normal 1 0 0
    outer loop
      vertex 255.5 9.399999999999999 0
      vertex 255.5 9.138947615559893 0.017110277252379236
      vertex 255.5 4.827620207977489 0
    endloop
  endfacet
  facet normal 1 0 0
    outer loop
      vertex 255.5 9.138947615559893 0.017110277252379236
      vertex 255.5 8.882361909794959 0.06814834742186338
      vertex 255.5 4.827620207977489 0
    endloop
  endfacet
  facet normal 1 0 0
    outer loop
      vertex 255.5 8.882361909794959 0.06814834742186338
      vertex 255.5 8.634633135269816 0.15224093497742652
      vertex 255.5 4.827620207977489 0
    endloop
  endfacet
  facet normal 1 0 0
    outer loop
      vertex 255.5 8.634633135269816 0.15224093497742652
      vertex 255.5 8.399999999999999 0.2679491924311228
      vertex 255.5 4.827620207977489 0
    endloop
  endfacet
  facet normal 1 0 0
    outer loop
      vertex 255.5 8.399999999999999 0.2679491924311228
      vertex 255.5 8.18247714198256 0.41329331941752967
      vertex 255.5 5.030589358170495 0.1356196503155973
    endloop
  endfacet
  facet normal 1 0 0
    outer loop
      vertex 255.5 8.18247714198256 0.41329331941752967
      vertex 255.5 7.985786437626906 0.5857864376269049
      vertex 255.5 5.030589358170495 0.1356196503155973
    endloop
  endfacet
  facet normal 1 0 0
    outer loop
      vertex 255.5 7.985786437626906 0.5857864376269049
      vertex 255.5 7.813293319417525 0.7824771419825587
      vertex 255.5 5.26170093578839 0.33829906421161304
    endloop
  endfacet
  facet normal 1 0 0
    outer loop
      vertex 255.5 7.813293319417525 0.7824771419825587
      vertex 255.5 7.667949192431124 1
      vertex 255.5 5.464380349684404 0.5694106418295064
    endloop
  endfacet
  facet normal 0 0 -1
    outer loop
      vertex 255.5 9.399999999999999 0
      vertex 255.5 4.827620207977489 0
      vertex 252.4 4.827620207977489 0
    endloop
  endfacet
  facet normal 1 0 0
    outer loop
      vertex 255.5 8.399999999999999 0.2679491924311228
      vertex 255.5 5.030589358170495 0.1356196503155973
      vertex 255.5 4.827620207977489 0
    endloop
  endfacet
  facet normal 1 0 0
    outer loop
      vertex 255.5 7.985786437626906 0.5857864376269049
      vertex 255.5 5.26170093578839 0.33829906421161304
      vertex 255.5 5.030589358170495 0.1356196503155973
    endloop
  endfacet
  facet normal 1 0 0
    outer loop
      vertex 255.5 7.813293319417525 0.7824771419825587
      vertex 255.5 5.464380349684404 0.5694106418295064
      vertex 255.5 5.26170093578839 0.33829906421161304
    endloop
  endfacet
  facet normal 1 0 0
    outer loop
      vertex 255.5 7.667949192431124 1
      vertex 255.5 5.635159698893432 0.825
      vertex 255.5 5.464380349684404 0.5694106418295064
    endloop
  endfacet
  facet normal 1 0 0
    outer loop
      vertex 255.5 7.667949192431124 1
      vertex 255.5 7.552240934977426 1.2346331352698203
      vertex 255.5 5.635159698893432 0.825
    endloop
  endfacet
  facet normal 1 0 0
    outer loop
      vertex 255.5 7.552240934977426 1.2346331352698203
      vertex 255.5 7.4681483474218595 1.4823619097949585
      vertex 255.5 5.771116901401527 1.100693933942039
    endloop
  endfacet
  facet normal 1 0 0
    outer loop
      vertex 255.5 7.4681483474218595 1.4823619097949585
      vertex 255.5 7.417110277252377 1.7389476155598969
      vertex 255.5 5.771116901401527 1.100693933942039
    endloop
  endfacet
  facet normal 1 0 0
    outer loop
      vertex 255.5 7.417110277252377 1.7389476155598969
      vertex 255.5 7.399999999999999 2
      vertex 255.5 5.869925691779315 1.3917752440090763
    endloop
  endfacet
  facet normal 1 0 0
    outer loop
      vertex 255.5 7.552240934977426 1.2346331352698203
      vertex 255.5 5.771116901401527 1.100693933942039
      vertex 255.5 5.635159698893432 0.825
    endloop
  endfacet
  facet normal 1 0 0
    outer loop
      vertex 255.5 7.417110277252377 1.7389476155598969
      vertex 255.5 5.869925691779315 1.3917752440090763
      vertex 255.5 5.771116901401527 1.100693933942039
    endloop
  endfacet
  facet normal 1 0 0
    outer loop
      vertex 255.5 7.399999999999999 2
      vertex 255.5 5.929895424228455 1.6932634482828788
      vertex 255.5 5.869925691779315 1.3917752440090763
    endloop
  endfacet
  facet normal 1 0 0
    outer loop
      vertex 255.5 7.399999999999999 2
      vertex 255.5 7.417110277252377 2.261052384440103
      vertex 255.5 5.929895424228455 1.6932634482828788
    endloop
  endfacet
  facet normal 1 0 0
    outer loop
      vertex 255.5 7.417110277252377 2.261052384440103
      vertex 255.5 7.4681483474218595 2.5176380902050415
      vertex 255.5 5.950000000000003 2
    endloop
  endfacet
  facet normal 1 0 0
    outer loop
      vertex 255.5 7.4681483474218595 2.5176380902050415
      vertex 255.5 7.552240934977426 2.7653668647301797
      vertex 255.5 5.950000000000003 2
    endloop
  endfacet
  facet normal 1 0 0
    outer loop
      vertex 255.5 7.417110277252377 2.261052384440103
      vertex 255.5 5.950000000000003 2
      vertex 255.5 5.929895424228455 1.6932634482828788
    endloop
  endfacet
  facet normal 1 0 0
    outer loop
      vertex 255.5 7.552240934977426 2.7653668647301797
      vertex 255.5 5.929895424228455 2.306736551717121
      vertex 255.5 5.950000000000003 2
    endloop
  endfacet
  facet normal 1 0 0
    outer loop
      vertex 255.5 7.552240934977426 2.7653668647301797
      vertex 255.5 5.869925691779315 2.608224755990924
      vertex 255.5 5.929895424228455 2.306736551717121
    endloop
  endfacet
  facet normal 1 0 0
    outer loop
      vertex 255.5 7.552240934977426 2.7653668647301797
      vertex 255.5 5.771116901401527 2.899306066057961
      vertex 255.5 5.869925691779315 2.608224755990924
    endloop
  endfacet
  facet normal 1 0 0
    outer loop
      vertex 255.5 7.552240934977426 2.7653668647301797
      vertex 255.5 7.667949192431124 3
      vertex 255.5 5.771116901401527 2.899306066057961
    endloop
  endfacet
  facet normal 1 0 0
    outer loop
      vertex 255.5 7.667949192431124 3
      vertex 255.5 7.813293319417525 3.2175228580174413
      vertex 255.5 5.635159698893432 3.175
    endloop
  endfacet
  facet normal 1 0 0
    outer loop
      vertex 255.5 8.18247714198256 3.58670668058247
      vertex 255.5 8.399999999999999 3.7320508075688767
      vertex 255.5 5.26170093578839 3.661700935788387
    endloop
  endfacet
  facet normal 1 0 0
    outer loop
      vertex 255.5 7.985786437626906 3.414213562373095
      vertex 255.5 5.464380349684404 3.4305893581704936
      vertex 255.5 7.813293319417525 3.2175228580174413
    endloop
  endfacet
  facet normal 1 0 0
    outer loop
      vertex 255.5 7.985786437626906 3.414213562373095
      vertex 255.5 8.18247714198256 3.58670668058247
      vertex 255.5 5.26170093578839 3.661700935788387
    endloop
  endfacet
  facet normal 1 0 0
    outer loop
      vertex 255.5 7.667949192431124 3
      vertex 255.5 5.635159698893432 3.175
      vertex 255.5 5.771116901401527 2.899306066057961
    endloop
  endfacet
  facet normal 1 0 0
    outer loop
      vertex 255.5 7.813293319417525 3.2175228580174413
      vertex 255.5 5.464380349684404 3.4305893581704936
      vertex 255.5 5.635159698893432 3.175
    endloop
  endfacet
  facet normal 1 0 0
    outer loop
      vertex 255.5 7.985786437626906 3.414213562373095
      vertex 255.5 5.26170093578839 3.661700935788387
      vertex 255.5 5.464380349684404 3.4305893581704936
    endloop
  endfacet
  facet normal 0 0 -1
    outer loop
      vertex 255.5 0 0
      vertex 252.4 2.372379792022514 0
      vertex 255.5 2.372379792022514 0
    endloop
  endfacet
  facet normal 1 0 0
    outer loop
      vertex 255.5 0 0
      vertex 255.5 2.372379792022514 0
      vertex 255.5 2.169410641829508 0.1356196503155973
    endloop
  endfacet
  facet normal 1 0 0
    outer loop
      vertex 255.5 0 0
      vertex 255.5 2.169410641829508 0.1356196503155973
      vertex 255.5 1.9382990642116127 0.33829906421161304
    endloop
  endfacet
  facet normal 1 0 0
    outer loop
      vertex 255.5 0 0
      vertex 255.5 1.9382990642116127 0.33829906421161304
      vertex 255.5 1.7356196503155985 0.5694106418295064
    endloop
  endfacet
  facet normal 1 0 0
    outer loop
      vertex 255.5 0 0
      vertex 255.5 1.7356196503155985 0.5694106418295064
      vertex 255.5 1.564840301106571 0.825
    endloop
  endfacet
  facet normal 1 0 0
    outer loop
      vertex 255.5 0 0
      vertex 255.5 1.564840301106571 0.825
      vertex 255.5 1.428883098598476 1.100693933942039
    endloop
  endfacet
  facet normal 1 0 0
    outer loop
      vertex 255.5 0 0
      vertex 255.5 1.428883098598476 1.100693933942039
      vertex 255.5 1.3300743082206878 1.3917752440090763
    endloop
  endfacet
  facet normal 1 0 0
    outer loop
      vertex 255.5 0 0
      vertex 255.5 1.3300743082206878 1.3917752440090763
      vertex 255.5 1.2701045757715477 1.6932634482828788
    endloop
  endfacet
  facet normal 0 -1 0
    outer loop
      vertex 255.5 0 0
      vertex 255.5 0 4
      vertex 250.5 0 4
    endloop
  endfacet
  facet normal 1 0 0
    outer loop
      vertex 255.5 0 0
      vertex 255.5 1.2701045757715477 1.6932634482828788
      vertex 255.5 0 4
    endloop
  endfacet
  facet normal 1 0 0
    outer loop
      vertex 255.5 0 4
      vertex 255.5 1.2701045757715477 1.6932634482828788
      vertex 255.5 1.25 2
    endloop
  endfacet
  facet normal 1 0 0
    outer loop
      vertex 255.5 0 4
      vertex 255.5 1.25 2
      vertex 255.5 1.2701045757715477 2.306736551717121
    endloop
  endfacet
  facet normal 1 0 0
    outer loop
      vertex 255.5 0 4
      vertex 255.5 1.2701045757715477 2.306736551717121
      vertex 255.5 1.3300743082206878 2.608224755990924
    endloop
  endfacet
  facet normal 1 0 0
    outer loop
      vertex 255.5 0 4
      vertex 255.5 1.3300743082206878 2.608224755990924
      vertex 255.5 1.428883098598476 2.899306066057961
    endloop
  endfacet
  facet normal 1 0 0
    outer loop
      vertex 255.5 0 4
      vertex 255.5 1.428883098598476 2.899306066057961
      vertex 255.5 1.564840301106571 3.175
    endloop
  endfacet
  facet normal 1 0 0
    outer loop
      vertex 255.5 0 4
      vertex 255.5 1.564840301106571 3.175
      vertex 255.5 1.7356196503155985 3.4305893581704936
    endloop
  endfacet
  facet normal 1 0 0
    outer loop
      vertex 255.5 0 4
      vertex 255.5 1.7356196503155985 3.4305893581704936
      vertex 255.5 1.9382990642116127 3.661700935788387
    endloop
  endfacet
  facet normal 1 0 0
    outer loop
      vertex 255.5 11.600000000000001 4
      vertex 255.5 9.661052384440104 3.982889722747621
      vertex 255.5 9.917638090205038 3.9318516525781364
    endloop
  endfacet
  facet normal 1 0 0
    outer loop
      vertex 255.5 11.600000000000001 4
      vertex 255.5 9.399999999999999 4
      vertex 255.5 9.661052384440104 3.982889722747621
    endloop
  endfacet
  facet normal 1 0 0
    outer loop
      vertex 255.5 9.138947615559893 3.982889722747621
      vertex 255.5 5.030589358170495 3.864380349684403
      vertex 255.5 8.882361909794959 3.9318516525781364
    endloop
  endfacet
  facet normal 1 0 0
    outer loop
      vertex 255.5 8.882361909794959 3.9318516525781364
      vertex 255.5 5.030589358170495 3.864380349684403
      vertex 255.5 8.634633135269816 3.847759065022574
    endloop
  endfacet
  facet normal 1 0 0
    outer loop
      vertex 255.5 8.399999999999999 3.7320508075688767
      vertex 255.5 8.634633135269816 3.847759065022574
      vertex 255.5 5.030589358170495 3.864380349684403
    endloop
  endfacet
  facet normal 1 0 0
    outer loop
      vertex 255.5 9.399999999999999 4
      vertex 255.5 4.827620207977489 4
      vertex 255.5 9.138947615559893 3.982889722747621
    endloop
  endfacet
  facet normal 0 0 1
    outer loop
      vertex 250.5 11.600000000000001 4
      vertex 250.2 5 4
      vertex 250.5 0 4
    endloop
  endfacet
  facet normal 1 0 0
    outer loop
      vertex 255.5 8.399999999999999 3.7320508075688767
      vertex 255.5 5.030589358170495 3.864380349684403
      vertex 255.5 5.26170093578839 3.661700935788387
    endloop
  endfacet
  facet normal 1 0 0
    outer loop
      vertex 255.5 9.138947615559893 3.982889722747621
      vertex 255.5 4.827620207977489 4
      vertex 255.5 5.030589358170495 3.864380349684403
    endloop
  endfacet
  facet normal 0 0 1
    outer loop
      vertex 250.2 5 4
      vertex 250.2 1.2000000000000028 4
      vertex 250.5 0 4
    endloop
  endfacet
  facet normal 1 0 0
    outer loop
      vertex 255.5 0 4
      vertex 255.5 1.9382990642116127 3.661700935788387
      vertex 255.5 2.169410641829508 3.864380349684403
    endloop
  endfacet
  facet normal 1 0 0
    outer loop
      vertex 255.5 0 4
      vertex 255.5 2.169410641829508 3.864380349684403
      vertex 255.5 2.372379792022514 4
    endloop
  endfacet
  facet normal 0 0 -1
    outer loop
      vertex 0.5 3.6000000000000014 0
      vertex 0.5 8.172379792022511 0
      vertex 0.9998651120483215 8.172379792022511 0
    endloop
  endfacet
  facet normal 0 0 -1
    outer loop
      vertex 0.5 3.6000000000000014 0
      vertex 0.9998651120483215 8.172379792022511 0
      vertex 5.5 0 0
    endloop
  endfacet
  facet normal 0 0 -1
    outer loop
      vertex 0.5 3.6000000000000014 0
      vertex 5.5 0 0
      vertex 0.5 0 0
    endloop
  endfacet
  facet normal 0 1 0
    outer loop
      vertex 0.5 11.600000000000001 4
      vertex 0.5 11.600000000000001 30
      vertex 5.5 11.600000000000001 4
    endloop
  endfacet
  facet normal -1 0 0
    outer loop
      vertex 0.5 11.600000000000001 4
      vertex 0.5 10.627620207977486 4
      vertex 0.5 0 30
    endloop
  endfacet
  facet normal -1 0 0
    outer loop
      vertex 0.5 0 30
      vertex 0.5 10.627620207977486 4
      vertex 0.5 10.574999999999996 4.03515969889343
    endloop
  endfacet
  facet normal -1 0 0
    outer loop
      vertex 0.5 0 30
      vertex 0.5 10.574999999999996 4.03515969889343
      vertex 0.5 10.299306066057959 4.171116901401524
    endloop
  endfacet
  facet normal -1 0 0
    outer loop
      vertex 0.5 0 30
      vertex 0.5 10.299306066057959 4.171116901401524
      vertex 0.5 10.008224755990923 4.26992569177931
    endloop
  endfacet
  facet normal -1 0 0
    outer loop
      vertex 0.5 0 30
      vertex 0.5 10.008224755990923 4.26992569177931
      vertex 0.5 9.706736551717121 4.329895424228455
    endloop
  endfacet
  facet normal 1 0 0
    outer loop
      vertex 5.5 11.600000000000001 4
      vertex 5.5 11.600000000000001 30
      vertex 5.5 0 4
    endloop
  endfacet
  facet normal -1 0 0
    outer loop
      vertex 0.5 0 30
      vertex 0.5 9.093263448282876 4.329895424228455
      vertex 0.5 8.791775244009074 4.26992569177931
    endloop
  endfacet
  facet normal -1 0 0
    outer loop
      vertex 0.5 0 30
      vertex 0.5 9.706736551717121 4.329895424228455
      vertex 0.5 9.399999999999999 4.35
    endloop
  endfacet
  facet normal -1 0 0
    outer loop
      vertex 0.5 0 30
      vertex 0.5 9.399999999999999 4.35
      vertex 0.5 9.093263448282876 4.329895424228455
    endloop
  endfacet
  facet normal -1 0 0
    outer loop
      vertex 0.5 0 30
      vertex 0.5 8.500693933942038 4.171116901401524
      vertex 0.5 8.225000000000001 4.03515969889343
    endloop
  endfacet
  facet normal -1 0 0
    outer loop
      vertex 0.5 0 30
      vertex 0.5 8.791775244009074 4.26992569177931
      vertex 0.5 8.500693933942038 4.171116901401524
    endloop
  endfacet
  facet normal -1 0 0
    outer loop
      vertex 0.5 0 30
      vertex 0.5 8.225000000000001 4.03515969889343
      vertex 0.5 8.172379792022511 4
    endloop
  endfacet
  facet normal -1 0 0
    outer loop
      vertex 0.5 3.6000000000000014 4
      vertex 0.5 0 30
      vertex 0.5 8.172379792022511 4
    endloop
  endfacet
  facet normal -1 0 0
    outer loop
      vertex 0.5 3.6000000000000014 4
      vertex 0.5 0 4
      vertex 0.5 0 30
    endloop
  endfacet
  facet normal 0 -1 0
    outer loop
      vertex 0.5 0 4
      vertex 5.5 0 4
      vertex 5.5 0 30
    endloop
  endfacet
  facet normal 0 1 0
    outer loop
      vertex 5.5 11.600000000000001 4
      vertex 0.5 11.600000000000001 30
      vertex 5.5 11.600000000000001 30
    endloop
  endfacet
  facet normal -1 0 0
    outer loop
      vertex 0.5 11.600000000000001 4
      vertex 0.5 0 30
      vertex 0.5 11.600000000000001 30
    endloop
  endfacet
  facet normal 1 0 0
    outer loop
      vertex 5.5 0 4
      vertex 5.5 11.600000000000001 30
      vertex 5.5 0 30
    endloop
  endfacet
  facet normal 0 -1 0
    outer loop
      vertex 0.5 0 4
      vertex 5.5 0 30
      vertex 0.5 0 30
    endloop
  endfacet
  facet normal 0 0 1
    outer loop
      vertex 0.5 11.600000000000001 30
      vertex 0.5 0 30
      vertex 5.5 11.600000000000001 30
    endloop
  endfacet
  facet normal 0 0 1
    outer loop
      vertex 5.5 11.600000000000001 30
      vertex 0.5 0 30
      vertex 5.5 0 30
    endloop
  endfacet
  facet normal 0 1 0
    outer loop
      vertex 250.5 11.600000000000001 4
      vertex 250.5 11.600000000000001 30
      vertex 255.5 11.600000000000001 4
    endloop
  endfacet
  facet normal 1 0 0
    outer loop
      vertex 255.5 11.600000000000001 4
      vertex 255.5 11.600000000000001 30
      vertex 255.5 9.399999999999999 4
    endloop
  endfacet
  facet normal 1 0 0
    outer loop
      vertex 255.5 9.399999999999999 4
      vertex 255.5 11.600000000000001 30
      vertex 255.5 4.827620207977489 4
    endloop
  endfacet
  facet normal 1 0 0
    outer loop
      vertex 255.5 11.600000000000001 30
      vertex 255.5 4.774999999999999 4.03515969889343
      vertex 255.5 4.827620207977489 4
    endloop
  endfacet
  facet normal 1 0 0
    outer loop
      vertex 255.5 11.600000000000001 30
      vertex 255.5 4.499306066057962 4.171116901401524
      vertex 255.5 4.774999999999999 4.03515969889343
    endloop
  endfacet
  facet normal 1 0 0
    outer loop
      vertex 255.5 11.600000000000001 30
      vertex 255.5 4.208224755990926 4.26992569177931
      vertex 255.5 4.499306066057962 4.171116901401524
    endloop
  endfacet
  facet normal 1 0 0
    outer loop
      vertex 255.5 11.600000000000001 30
      vertex 255.5 3.906736551717124 4.329895424228455
      vertex 255.5 4.208224755990926 4.26992569177931
    endloop
  endfacet
  facet normal 1 0 0
    outer loop
      vertex 255.5 11.600000000000001 30
      vertex 255.5 2.9917752440090766 4.26992569177931
      vertex 255.5 3.293263448282879 4.329895424228455
    endloop
  endfacet
  facet normal 1 0 0
    outer loop
      vertex 255.5 11.600000000000001 30
      vertex 255.5 3.6000000000000014 4.35
      vertex 255.5 3.906736551717124 4.329895424228455
    endloop
  endfacet
  facet normal 1 0 0
    outer loop
      vertex 255.5 11.600000000000001 30
      vertex 255.5 3.293263448282879 4.329895424228455
      vertex 255.5 3.6000000000000014 4.35
    endloop
  endfacet
  facet normal 1 0 0
    outer loop
      vertex 255.5 11.600000000000001 30
      vertex 255.5 2.4250000000000043 4.03515969889343
      vertex 255.5 2.7006939339420413 4.171116901401524
    endloop
  endfacet
  facet normal 1 0 0
    outer loop
      vertex 255.5 11.600000000000001 30
      vertex 255.5 2.7006939339420413 4.171116901401524
      vertex 255.5 2.9917752440090766 4.26992569177931
    endloop
  endfacet
  facet normal 1 0 0
    outer loop
      vertex 255.5 11.600000000000001 30
      vertex 255.5 2.372379792022514 4
      vertex 255.5 2.4250000000000043 4.03515969889343
    endloop
  endfacet
  facet normal 1 0 0
    outer loop
      vertex 255.5 0 4
      vertex 255.5 2.372379792022514 4
      vertex 255.5 11.600000000000001 30
    endloop
  endfacet
  facet normal -1 0 0
    outer loop
      vertex 250.5 11.600000000000001 4
      vertex 250.5 0 4
      vertex 250.5 0 30
    endloop
  endfacet
  facet normal 0 -1 0
    outer loop
      vertex 250.5 0 4
      vertex 255.5 0 4
      vertex 255.5 0 30
    endloop
  endfacet
  facet normal 0 1 0
    outer loop
      vertex 255.5 11.600000000000001 4
      vertex 250.5 11.600000000000001 30
      vertex 255.5 11.600000000000001 30
    endloop
  endfacet
  facet normal -1 0 0
    outer loop
      vertex 250.5 11.600000000000001 4
      vertex 250.5 0 30
      vertex 250.5 11.600000000000001 30
    endloop
  endfacet
  facet normal 1 0 0
    outer loop
      vertex 255.5 0 4
      vertex 255.5 11.600000000000001 30
      vertex 255.5 0 30
    endloop
  endfacet
  facet normal 0 -1 0
    outer loop
      vertex 250.5 0 4
      vertex 255.5 0 30
      vertex 250.5 0 30
    endloop
  endfacet
  facet normal 0 0 1
    outer loop
      vertex 250.5 11.600000000000001 30
      vertex 250.5 0 30
      vertex 255.5 11.600000000000001 30
    endloop
  endfacet
  facet normal 0 0 1
    outer loop
      vertex 255.5 11.600000000000001 30
      vertex 250.5 0 30
      vertex 255.5 0 30
    endloop
  endfacet
  facet normal 1 0 0
    outer loop
      vertex 5.800000000000001 5 2
      vertex 5.800000000000001 5 4
      vertex 5.800000000000001 1.2000000000000028 2
    endloop
  endfacet
  facet normal 1 0 0
    outer loop
      vertex 5.800000000000001 1.2000000000000028 2
      vertex 5.800000000000001 5 4
      vertex 5.800000000000001 1.2000000000000028 4
    endloop
  endfacet
  facet normal 0 -1 0
    outer loop
      vertex 5.800000000000001 5 2
      vertex 250.2 5 4
      vertex 5.800000000000001 5 4
    endloop
  endfacet
  facet normal 0 0 1
    outer loop
      vertex 5.800000000000001 5 2
      vertex 5.800000000000001 1.2000000000000028 2
      vertex 250.2 1.2000000000000028 2
    endloop
  endfacet
  facet normal 0 1 0
    outer loop
      vertex 5.800000000000001 1.2000000000000028 2
      vertex 5.800000000000001 1.2000000000000028 4
      vertex 250.2 1.2000000000000028 2
    endloop
  endfacet
  facet normal 0 -1 0
    outer loop
      vertex 5.800000000000001 5 2
      vertex 250.2 5 2
      vertex 250.2 5 4
    endloop
  endfacet
  facet normal 0 0 1
    outer loop
      vertex 5.800000000000001 5 2
      vertex 250.2 1.2000000000000028 2
      vertex 250.2 5 2
    endloop
  endfacet
  facet normal 0 1 0
    outer loop
      vertex 5.800000000000001 1.2000000000000028 4
      vertex 250.2 1.2000000000000028 4
      vertex 250.2 1.2000000000000028 2
    endloop
  endfacet
  facet normal -1 0 0
    outer loop
      vertex 250.2 5 2
      vertex 250.2 1.2000000000000028 4
      vertex 250.2 5 4
    endloop
  endfacet
  facet normal -1 0 0
    outer loop
      vertex 250.2 5 2
      vertex 250.2 1.2000000000000028 2
      vertex 250.2 1.2000000000000028 4
    endloop
  endfacet
  facet normal 0 0 1
    outer loop
      vertex 0.5 41.8 3.5
      vertex 0.5 25.799999999999997 3.5
      vertex 255.5 41.8 3.5
    endloop
  endfacet
  facet normal 0 1 0
    outer loop
      vertex 0.5 25.799999999999997 3.5
      vertex 0.5 25.799999999999997 4
      vertex 255.5 25.799999999999997 3.5
    endloop
  endfacet
  facet normal 0 0 1
    outer loop
      vertex 0.5 25.799999999999997 3.5
      vertex 255.5 25.799999999999997 3.5
      vertex 255.5 41.8 3.5
    endloop
  endfacet
  facet normal 0 1 0
    outer loop
      vertex 0.5 25.799999999999997 4
      vertex 255.5 25.799999999999997 4
      vertex 255.5 25.799999999999997 3.5
    endloop
  endfacet
  facet normal 0 0.5555702330196057 -0.8314696123025428
    outer loop
      vertex 255.5 10.617522858017438 0.41329331941752967
      vertex 258.5 10.399999999999999 0.2679491924311228
      vertex 255.5 10.399999999999999 0.2679491924311228
    endloop
  endfacet
  facet normal 0 0.5555702330196057 -0.8314696123025428
    outer loop
      vertex 255.5 10.617522858017438 0.41329331941752967
      vertex 258.5 10.617522858017438 0.41329331941752967
      vertex 258.5 10.399999999999999 0.2679491924311228
    endloop
  endfacet
  facet normal 0 0.7518398074789664 -0.6593458151000815
    outer loop
      vertex 255.5 10.81421356237309 0.5857864376269049
      vertex 258.5 10.986706680582472 0.7824771419825587
      vertex 258.5 10.81421356237309 0.5857864376269049
    endloop
  endfacet
  facet normal 0 0.6593458151000698 -0.7518398074789766
    outer loop
      vertex 255.5 10.617522858017438 0.41329331941752967
      vertex 255.5 10.81421356237309 0.5857864376269049
      vertex 258.5 10.617522858017438 0.41329331941752967
    endloop
  endfacet
  facet normal 0 0.6593458151000698 -0.7518398074789766
    outer loop
      vertex 258.5 10.617522858017438 0.41329331941752967
      vertex 255.5 10.81421356237309 0.5857864376269049
      vertex 258.5 10.81421356237309 0.5857864376269049
    endloop
  endfacet
  facet normal 0 0.7518398074789664 -0.6593458151000815
    outer loop
      vertex 255.5 10.81421356237309 0.5857864376269049
      vertex 255.5 10.986706680582472 0.7824771419825587
      vertex 258.5 10.986706680582472 0.7824771419825587
    endloop
  endfacet
  facet normal 0 0.8314696123025549 -0.5555702330195879
    outer loop
      vertex 255.5 10.986706680582472 0.7824771419825587
      vertex 255.5 11.132050807568874 1
      vertex 258.5 11.132050807568874 1
    endloop
  endfacet
  facet normal 0 0.8314696123025549 -0.5555702330195879
    outer loop
      vertex 255.5 10.986706680582472 0.7824771419825587
      vertex 258.5 11.132050807568874 1
      vertex 258.5 10.986706680582472 0.7824771419825587
    endloop
  endfacet
  facet normal 0 0.8968727415326868 -0.4422886902190044
    outer loop
      vertex 255.5 11.132050807568874 1
      vertex 255.5 11.24775906502257 1.2346331352698203
      vertex 258.5 11.24775906502257 1.2346331352698203
    endloop
  endfacet
  facet normal 0 0.8968727415326868 -0.4422886902190044
    outer loop
      vertex 255.5 11.132050807568874 1
      vertex 258.5 11.24775906502257 1.2346331352698203
      vertex 258.5 11.132050807568874 1
    endloop
  endfacet
  facet normal 0 0.9469301294951012 -0.32143946530317463
    outer loop
      vertex 255.5 11.24775906502257 1.2346331352698203
      vertex 255.5 11.331851652578138 1.4823619097949585
      vertex 258.5 11.331851652578138 1.4823619097949585
    endloop
  endfacet
  facet normal 0 0.9469301294951012 -0.32143946530317463
    outer loop
      vertex 255.5 11.24775906502257 1.2346331352698203
      vertex 258.5 11.331851652578138 1.4823619097949585
      vertex 258.5 11.24775906502257 1.2346331352698203
    endloop
  endfacet
  facet normal 0 0.9807852804032315 -0.19509032201612297
    outer loop
      vertex 255.5 11.331851652578138 1.4823619097949585
      vertex 258.5 11.38288972274762 1.7389476155598969
      vertex 258.5 11.331851652578138 1.4823619097949585
    endloop
  endfacet
  facet normal 0 0.9807852804032315 -0.19509032201612297
    outer loop
      vertex 255.5 11.331851652578138 1.4823619097949585
      vertex 255.5 11.38288972274762 1.7389476155598969
      vertex 258.5 11.38288972274762 1.7389476155598969
    endloop
  endfacet
  facet normal 0 0.9978589232386038 -0.06540312923013908
    outer loop
      vertex 255.5 11.38288972274762 1.7389476155598969
      vertex 258.5 11.399999999999999 2
      vertex 258.5 11.38288972274762 1.7389476155598969
    endloop
  endfacet
  facet normal 0 0.9978589232386038 -0.06540312923013908
    outer loop
      vertex 255.5 11.38288972274762 1.7389476155598969
      vertex 255.5 11.399999999999999 2
      vertex 258.5 11.399999999999999 2
    endloop
  endfacet
  facet normal 0 0.9978589232386038 0.06540312923013908
    outer loop
      vertex 255.5 11.399999999999999 2
      vertex 258.5 11.38288972274762 2.261052384440103
      vertex 258.5 11.399999999999999 2
    endloop
  endfacet
  facet normal 0 0.9978589232386038 0.06540312923013908
    outer loop
      vertex 255.5 11.399999999999999 2
      vertex 255.5 11.38288972274762 2.261052384440103
      vertex 258.5 11.38288972274762 2.261052384440103
    endloop
  endfacet
  facet normal 0 0.9807852804032315 0.19509032201612297
    outer loop
      vertex 255.5 11.38288972274762 2.261052384440103
      vertex 255.5 11.331851652578138 2.5176380902050415
      vertex 258.5 11.331851652578138 2.5176380902050415
    endloop
  endfacet
  facet normal 0 0.9807852804032315 0.19509032201612297
    outer loop
      vertex 255.5 11.38288972274762 2.261052384440103
      vertex 258.5 11.331851652578138 2.5176380902050415
      vertex 258.5 11.38288972274762 2.261052384440103
    endloop
  endfacet
  facet normal 0 0.9469301294951012 0.32143946530317463
    outer loop
      vertex 255.5 11.331851652578138 2.5176380902050415
      vertex 255.5 11.24775906502257 2.7653668647301797
      vertex 258.5 11.24775906502257 2.7653668647301797
    endloop
  endfacet
  facet normal 0 0.9469301294951012 0.32143946530317463
    outer loop
      vertex 255.5 11.331851652578138 2.5176380902050415
      vertex 258.5 11.24775906502257 2.7653668647301797
      vertex 258.5 11.331851652578138 2.5176380902050415
    endloop
  endfacet
  facet normal 0 0.8968727415326868 0.4422886902190044
    outer loop
      vertex 255.5 11.24775906502257 2.7653668647301797
      vertex 255.5 11.132050807568874 3
      vertex 258.5 11.132050807568874 3
    endloop
  endfacet
  facet normal 0 0.8968727415326868 0.4422886902190044
    outer loop
      vertex 255.5 11.24775906502257 2.7653668647301797
      vertex 258.5 11.132050807568874 3
      vertex 258.5 11.24775906502257 2.7653668647301797
    endloop
  endfacet
  facet normal 0 0.8314696123025549 0.5555702330195879
    outer loop
      vertex 255.5 11.132050807568874 3
      vertex 255.5 10.986706680582472 3.2175228580174413
      vertex 258.5 10.986706680582472 3.2175228580174413
    endloop
  endfacet
  facet normal 0 0.8314696123025549 0.5555702330195879
    outer loop
      vertex 255.5 11.132050807568874 3
      vertex 258.5 10.986706680582472 3.2175228580174413
      vertex 258.5 11.132050807568874 3
    endloop
  endfacet
  facet normal 0 0.751839807478966 0.659345815100082
    outer loop
      vertex 255.5 10.986706680582472 3.2175228580174413
      vertex 255.5 10.81421356237309 3.414213562373095
      vertex 258.5 10.81421356237309 3.414213562373095
    endloop
  endfacet
  facet normal 0 0.751839807478966 0.659345815100082
    outer loop
      vertex 255.5 10.986706680582472 3.2175228580174413
      vertex 258.5 10.81421356237309 3.414213562373095
      vertex 258.5 10.986706680582472 3.2175228580174413
    endloop
  endfacet
  facet normal 0 0.6593458151000693 0.751839807478977
    outer loop
      vertex 255.5 10.81421356237309 3.414213562373095
      vertex 255.5 10.617522858017438 3.58670668058247
      vertex 258.5 10.81421356237309 3.414213562373095
    endloop
  endfacet
  facet normal 0 0.5555702330196057 0.8314696123025428
    outer loop
      vertex 255.5 10.617522858017438 3.58670668058247
      vertex 255.5 10.399999999999999 3.7320508075688767
      vertex 258.5 10.617522858017438 3.58670668058247
    endloop
  endfacet
  facet normal 0 0.6593458151000693 0.751839807478977
    outer loop
      vertex 255.5 10.617522858017438 3.58670668058247
      vertex 258.5 10.617522858017438 3.58670668058247
      vertex 258.5 10.81421356237309 3.414213562373095
    endloop
  endfacet
  facet normal 0 0.5555702330196057 0.8314696123025428
    outer loop
      vertex 258.5 10.617522858017438 3.58670668058247
      vertex 255.5 10.399999999999999 3.7320508075688767
      vertex 258.5 10.399999999999999 3.7320508075688767
    endloop
  endfacet
  facet normal 0 0.4422886902190064 -0.8968727415326858
    outer loop
      vertex 255.5 10.165366864730181 0.15224093497742652
      vertex 255.5 10.399999999999999 0.2679491924311228
      vertex 258.5 10.165366864730181 0.15224093497742652
    endloop
  endfacet
  facet normal 0 0.4422886902190064 -0.8968727415326858
    outer loop
      vertex 255.5 10.399999999999999 0.2679491924311228
      vertex 258.5 10.399999999999999 0.2679491924311228
      vertex 258.5 10.165366864730181 0.15224093497742652
    endloop
  endfacet
  facet normal 0 0.321439465303156 -0.9469301294951076
    outer loop
      vertex 255.5 10.165366864730181 0.15224093497742652
      vertex 258.5 9.917638090205038 0.06814834742186338
      vertex 255.5 9.917638090205038 0.06814834742186338
    endloop
  endfacet
  facet normal 0 0.19509032201613113 -0.98078528040323
    outer loop
      vertex 255.5 9.917638090205038 0.06814834742186338
      vertex 258.5 9.917638090205038 0.06814834742186338
      vertex 258.5 9.661052384440104 0.017110277252379236
    endloop
  endfacet
  facet normal 0 0.321439465303156 -0.9469301294951076
    outer loop
      vertex 255.5 10.165366864730181 0.15224093497742652
      vertex 258.5 10.165366864730181 0.15224093497742652
      vertex 258.5 9.917638090205038 0.06814834742186338
    endloop
  endfacet
  facet normal 1 0 0
    outer loop
      vertex 258.5 10.617522858017438 0.41329331941752967
      vertex 258.5 8.399999999999999 0.2679491924311228
      vertex 258.5 10.399999999999999 0.2679491924311228
    endloop
  endfacet
  facet normal 0 0.19509032201613113 -0.98078528040323
    outer loop
      vertex 255.5 9.917638090205038 0.06814834742186338
      vertex 258.5 9.661052384440104 0.017110277252379236
      vertex 255.5 9.661052384440104 0.017110277252379236
    endloop
  endfacet
  facet normal 0 0.06540312923014263 -0.9978589232386036
    outer loop
      vertex 255.5 9.661052384440104 0.017110277252379236
      vertex 258.5 9.399999999999999 0
      vertex 255.5 9.399999999999999 0
    endloop
  endfacet
  facet normal 1 0 0
    outer loop
      vertex 258.5 10.165366864730181 0.15224093497742652
      vertex 258.5 8.882361909794959 0.06814834742186338
      vertex 258.5 9.917638090205038 0.06814834742186338
    endloop
  endfacet
  facet normal 0 0.06540312923014263 -0.9978589232386036
    outer loop
      vertex 255.5 9.661052384440104 0.017110277252379236
      vertex 258.5 9.661052384440104 0.017110277252379236
      vertex 258.5 9.399999999999999 0
    endloop
  endfacet
  facet normal 1 0 0
    outer loop
      vertex 258.5 9.917638090205038 0.06814834742186338
      vertex 258.5 9.138947615559893 0.017110277252379236
      vertex 258.5 9.661052384440104 0.017110277252379236
    endloop
  endfacet
  facet normal 1 0 0
    outer loop
      vertex 258.5 10.165366864730181 0.15224093497742652
      vertex 258.5 10.399999999999999 0.2679491924311228
      vertex 258.5 8.634633135269816 0.15224093497742652
    endloop
  endfacet
  facet normal 0 -0.06540312923014263 -0.9978589232386036
    outer loop
      vertex 255.5 9.399999999999999 0
      vertex 258.5 9.138947615559893 0.017110277252379236
      vertex 255.5 9.138947615559893 0.017110277252379236
    endloop
  endfacet
  facet normal 0 -0.06540312923014263 -0.9978589232386036
    outer loop
      vertex 255.5 9.399999999999999 0
      vertex 258.5 9.399999999999999 0
      vertex 258.5 9.138947615559893 0.017110277252379236
    endloop
  endfacet
  facet normal 1 0 0
    outer loop
      vertex 258.5 9.661052384440104 0.017110277252379236
      vertex 258.5 9.138947615559893 0.017110277252379236
      vertex 258.5 9.399999999999999 0
    endloop
  endfacet
  facet normal 1 0 0
    outer loop
      vertex 258.5 9.917638090205038 0.06814834742186338
      vertex 258.5 8.882361909794959 0.06814834742186338
      vertex 258.5 9.138947615559893 0.017110277252379236
    endloop
  endfacet
  facet normal 1 0 0
    outer loop
      vertex 258.5 10.165366864730181 0.15224093497742652
      vertex 258.5 8.634633135269816 0.15224093497742652
      vertex 258.5 8.882361909794959 0.06814834742186338
    endloop
  endfacet
  facet normal 1 0 0
    outer loop
      vertex 258.5 10.399999999999999 0.2679491924311228
      vertex 258.5 8.399999999999999 0.2679491924311228
      vertex 258.5 8.634633135269816 0.15224093497742652
    endloop
  endfacet
  facet normal 1 0 0
    outer loop
      vertex 258.5 10.617522858017438 0.41329331941752967
      vertex 258.5 10.81421356237309 0.5857864376269049
      vertex 258.5 8.18247714198256 0.41329331941752967
    endloop
  endfacet
  facet normal 1 0 0
    outer loop
      vertex 258.5 10.81421356237309 0.5857864376269049
      vertex 258.5 10.986706680582472 0.7824771419825587
      vertex 258.5 7.985786437626906 0.5857864376269049
    endloop
  endfacet
  facet normal 1 0 0
    outer loop
      vertex 258.5 10.986706680582472 0.7824771419825587
      vertex 258.5 11.132050807568874 1
      vertex 258.5 7.813293319417525 0.7824771419825587
    endloop
  endfacet
  facet normal 0 -0.19509032201613113 -0.98078528040323
    outer loop
      vertex 255.5 9.138947615559893 0.017110277252379236
      vertex 258.5 8.882361909794959 0.06814834742186338
      vertex 255.5 8.882361909794959 0.06814834742186338
    endloop
  endfacet
  facet normal 0 -0.19509032201613113 -0.98078528040323
    outer loop
      vertex 255.5 9.138947615559893 0.017110277252379236
      vertex 258.5 9.138947615559893 0.017110277252379236
      vertex 258.5 8.882361909794959 0.06814834742186338
    endloop
  endfacet
  facet normal 0 -0.321439465303156 -0.9469301294951076
    outer loop
      vertex 255.5 8.882361909794959 0.06814834742186338
      vertex 258.5 8.634633135269816 0.15224093497742652
      vertex 255.5 8.634633135269816 0.15224093497742652
    endloop
  endfacet
  facet normal 0 -0.321439465303156 -0.9469301294951076
    outer loop
      vertex 255.5 8.882361909794959 0.06814834742186338
      vertex 258.5 8.882361909794959 0.06814834742186338
      vertex 258.5 8.634633135269816 0.15224093497742652
    endloop
  endfacet
  facet normal 0 -0.4422886902190064 -0.8968727415326858
    outer loop
      vertex 255.5 8.634633135269816 0.15224093497742652
      vertex 258.5 8.634633135269816 0.15224093497742652
      vertex 258.5 8.399999999999999 0.2679491924311228
    endloop
  endfacet
  facet normal 1 0 0
    outer loop
      vertex 258.5 10.617522858017438 0.41329331941752967
      vertex 258.5 8.18247714198256 0.41329331941752967
      vertex 258.5 8.399999999999999 0.2679491924311228
    endloop
  endfacet
  facet normal 0 -0.4422886902190064 -0.8968727415326858
    outer loop
      vertex 255.5 8.634633135269816 0.15224093497742652
      vertex 258.5 8.399999999999999 0.2679491924311228
      vertex 255.5 8.399999999999999 0.2679491924311228
    endloop
  endfacet
  facet normal 0 -0.5555702330196057 -0.8314696123025428
    outer loop
      vertex 255.5 8.399999999999999 0.2679491924311228
      vertex 258.5 8.18247714198256 0.41329331941752967
      vertex 255.5 8.18247714198256 0.41329331941752967
    endloop
  endfacet
  facet normal 0 -0.5555702330196057 -0.8314696123025428
    outer loop
      vertex 255.5 8.399999999999999 0.2679491924311228
      vertex 258.5 8.399999999999999 0.2679491924311228
      vertex 258.5 8.18247714198256 0.41329331941752967
    endloop
  endfacet
  facet normal 1 0 0
    outer loop
      vertex 258.5 10.81421356237309 0.5857864376269049
      vertex 258.5 7.985786437626906 0.5857864376269049
      vertex 258.5 8.18247714198256 0.41329331941752967
    endloop
  endfacet
  facet normal 1 0 0
    outer loop
      vertex 258.5 10.986706680582472 0.7824771419825587
      vertex 258.5 7.813293319417525 0.7824771419825587
      vertex 258.5 7.985786437626906 0.5857864376269049
    endloop
  endfacet
  facet normal 1 0 0
    outer loop
      vertex 258.5 11.132050807568874 1
      vertex 258.5 7.667949192431124 1
      vertex 258.5 7.813293319417525 0.7824771419825587
    endloop
  endfacet
  facet normal 0 -0.6593458151000698 -0.7518398074789766
    outer loop
      vertex 255.5 8.18247714198256 0.41329331941752967
      vertex 258.5 7.985786437626906 0.5857864376269049
      vertex 255.5 7.985786437626906 0.5857864376269049
    endloop
  endfacet
  facet normal 0 -0.7518398074789664 -0.6593458151000815
    outer loop
      vertex 255.5 7.985786437626906 0.5857864376269049
      vertex 258.5 7.985786437626906 0.5857864376269049
      vertex 255.5 7.813293319417525 0.7824771419825587
    endloop
  endfacet
  facet normal 0 -0.6593458151000698 -0.7518398074789766
    outer loop
      vertex 255.5 8.18247714198256 0.41329331941752967
      vertex 258.5 8.18247714198256 0.41329331941752967
      vertex 258.5 7.985786437626906 0.5857864376269049
    endloop
  endfacet
  facet normal 0 -0.7518398074789664 -0.6593458151000815
    outer loop
      vertex 258.5 7.985786437626906 0.5857864376269049
      vertex 258.5 7.813293319417525 0.7824771419825587
      vertex 255.5 7.813293319417525 0.7824771419825587
    endloop
  endfacet
  facet normal 1 0 0
    outer loop
      vertex 258.5 11.132050807568874 1
      vertex 258.5 11.24775906502257 1.2346331352698203
      vertex 258.5 7.667949192431124 1
    endloop
  endfacet
  facet normal 1 0 0
    outer loop
      vertex 258.5 11.24775906502257 1.2346331352698203
      vertex 258.5 11.331851652578138 1.4823619097949585
      vertex 258.5 7.552240934977426 1.2346331352698203
    endloop
  endfacet
  facet normal 1 0 0
    outer loop
      vertex 258.5 11.331851652578138 1.4823619097949585
      vertex 258.5 11.38288972274762 1.7389476155598969
      vertex 258.5 7.4681483474218595 1.4823619097949585
    endloop
  endfacet
  facet normal 1 0 0
    outer loop
      vertex 258.5 11.38288972274762 1.7389476155598969
      vertex 258.5 11.399999999999999 2
      vertex 258.5 7.417110277252377 1.7389476155598969
    endloop
  endfacet
  facet normal 1 0 0
    outer loop
      vertex 258.5 11.24775906502257 1.2346331352698203
      vertex 258.5 7.552240934977426 1.2346331352698203
      vertex 258.5 7.667949192431124 1
    endloop
  endfacet
  facet normal 1 0 0
    outer loop
      vertex 258.5 11.331851652578138 1.4823619097949585
      vertex 258.5 7.4681483474218595 1.4823619097949585
      vertex 258.5 7.552240934977426 1.2346331352698203
    endloop
  endfacet
  facet normal 1 0 0
    outer loop
      vertex 258.5 11.38288972274762 1.7389476155598969
      vertex 258.5 7.417110277252377 1.7389476155598969
      vertex 258.5 7.4681483474218595 1.4823619097949585
    endloop
  endfacet
  facet normal 0 -0.8314696123025549 -0.5555702330195879
    outer loop
      vertex 255.5 7.813293319417525 0.7824771419825587
      vertex 258.5 7.813293319417525 0.7824771419825587
      vertex 255.5 7.667949192431124 1
    endloop
  endfacet
  facet normal 0 -0.8314696123025549 -0.5555702330195879
    outer loop
      vertex 258.5 7.813293319417525 0.7824771419825587
      vertex 258.5 7.667949192431124 1
      vertex 255.5 7.667949192431124 1
    endloop
  endfacet
  facet normal 0 -0.8968727415326868 -0.4422886902190044
    outer loop
      vertex 255.5 7.667949192431124 1
      vertex 258.5 7.667949192431124 1
      vertex 255.5 7.552240934977426 1.2346331352698203
    endloop
  endfacet
  facet normal 0 -0.8968727415326868 -0.4422886902190044
    outer loop
      vertex 255.5 7.552240934977426 1.2346331352698203
      vertex 258.5 7.667949192431124 1
      vertex 258.5 7.552240934977426 1.2346331352698203
    endloop
  endfacet
  facet normal 0 -0.9469301294951012 -0.32143946530317463
    outer loop
      vertex 255.5 7.552240934977426 1.2346331352698203
      vertex 258.5 7.552240934977426 1.2346331352698203
      vertex 255.5 7.4681483474218595 1.4823619097949585
    endloop
  endfacet
  facet normal 0 -0.9469301294951012 -0.32143946530317463
    outer loop
      vertex 258.5 7.552240934977426 1.2346331352698203
      vertex 258.5 7.4681483474218595 1.4823619097949585
      vertex 255.5 7.4681483474218595 1.4823619097949585
    endloop
  endfacet
  facet normal 0 -0.9807852804032315 -0.19509032201612297
    outer loop
      vertex 255.5 7.4681483474218595 1.4823619097949585
      vertex 258.5 7.4681483474218595 1.4823619097949585
      vertex 255.5 7.417110277252377 1.7389476155598969
    endloop
  endfacet
  facet normal 0 -0.9978589232386038 -0.06540312923013908
    outer loop
      vertex 255.5 7.417110277252377 1.7389476155598969
      vertex 258.5 7.417110277252377 1.7389476155598969
      vertex 255.5 7.399999999999999 2
    endloop
  endfacet
  facet normal 0 -0.9807852804032315 -0.19509032201612297
    outer loop
      vertex 255.5 7.417110277252377 1.7389476155598969
      vertex 258.5 7.4681483474218595 1.4823619097949585
      vertex 258.5 7.417110277252377 1.7389476155598969
    endloop
  endfacet
  facet normal 1 0 0
    outer loop
      vertex 258.5 11.399999999999999 2
      vertex 258.5 11.38288972274762 2.261052384440103
      vertex 258.5 7.399999999999999 2
    endloop
  endfacet
  facet normal 1 0 0
    outer loop
      vertex 258.5 11.38288972274762 2.261052384440103
      vertex 258.5 11.331851652578138 2.5176380902050415
      vertex 258.5 7.417110277252377 2.261052384440103
    endloop
  endfacet
  facet normal 1 0 0
    outer loop
      vertex 258.5 11.331851652578138 2.5176380902050415
      vertex 258.5 11.24775906502257 2.7653668647301797
      vertex 258.5 7.4681483474218595 2.5176380902050415
    endloop
  endfacet
  facet normal 1 0 0
    outer loop
      vertex 258.5 11.399999999999999 2
      vertex 258.5 7.399999999999999 2
      vertex 258.5 7.417110277252377 1.7389476155598969
    endloop
  endfacet
  facet normal 1 0 0
    outer loop
      vertex 258.5 11.38288972274762 2.261052384440103
      vertex 258.5 7.417110277252377 2.261052384440103
      vertex 258.5 7.399999999999999 2
    endloop
  endfacet
  facet normal 1 0 0
    outer loop
      vertex 258.5 11.331851652578138 2.5176380902050415
      vertex 258.5 7.4681483474218595 2.5176380902050415
      vertex 258.5 7.417110277252377 2.261052384440103
    endloop
  endfacet
  facet normal 1 0 0
    outer loop
      vertex 258.5 11.24775906502257 2.7653668647301797
      vertex 258.5 7.552240934977426 2.7653668647301797
      vertex 258.5 7.4681483474218595 2.5176380902050415
    endloop
  endfacet
  facet normal 1 0 0
    outer loop
      vertex 258.5 11.24775906502257 2.7653668647301797
      vertex 258.5 11.132050807568874 3
      vertex 258.5 7.552240934977426 2.7653668647301797
    endloop
  endfacet
  facet normal 1 0 0
    outer loop
      vertex 258.5 11.132050807568874 3
      vertex 258.5 10.986706680582472 3.2175228580174413
      vertex 258.5 7.667949192431124 3
    endloop
  endfacet
  facet normal 1 0 0
    outer loop
      vertex 258.5 10.986706680582472 3.2175228580174413
      vertex 258.5 10.81421356237309 3.414213562373095
      vertex 258.5 7.813293319417525 3.2175228580174413
    endloop
  endfacet
  facet normal 1 0 0
    outer loop
      vertex 258.5 10.81421356237309 3.414213562373095
      vertex 258.5 10.617522858017438 3.58670668058247
      vertex 258.5 7.985786437626906 3.414213562373095
    endloop
  endfacet
  facet normal 1 0 0
    outer loop
      vertex 258.5 10.617522858017438 3.58670668058247
      vertex 258.5 10.399999999999999 3.7320508075688767
      vertex 258.5 8.18247714198256 3.58670668058247
    endloop
  endfacet
  facet normal 1 0 0
    outer loop
      vertex 258.5 11.132050807568874 3
      vertex 258.5 7.667949192431124 3
      vertex 258.5 7.552240934977426 2.7653668647301797
    endloop
  endfacet
  facet normal 1 0 0
    outer loop
      vertex 258.5 10.986706680582472 3.2175228580174413
      vertex 258.5 7.813293319417525 3.2175228580174413
      vertex 258.5 7.667949192431124 3
    endloop
  endfacet
  facet normal 1 0 0
    outer loop
      vertex 258.5 10.81421356237309 3.414213562373095
      vertex 258.5 7.985786437626906 3.414213562373095
      vertex 258.5 7.813293319417525 3.2175228580174413
    endloop
  endfacet
  facet normal 1 0 0
    outer loop
      vertex 258.5 10.617522858017438 3.58670668058247
      vertex 258.5 8.18247714198256 3.58670668058247
      vertex 258.5 7.985786437626906 3.414213562373095
    endloop
  endfacet
  facet normal 1 0 0
    outer loop
      vertex 258.5 10.399999999999999 3.7320508075688767
      vertex 258.5 8.399999999999999 3.7320508075688767
      vertex 258.5 8.18247714198256 3.58670668058247
    endloop
  endfacet
  facet normal 0 -0.751839807478966 0.659345815100082
    outer loop
      vertex 255.5 7.985786437626906 3.414213562373095
      vertex 255.5 7.813293319417525 3.2175228580174413
      vertex 258.5 7.813293319417525 3.2175228580174413
    endloop
  endfacet
  facet normal 0 -0.751839807478966 0.659345815100082
    outer loop
      vertex 255.5 7.985786437626906 3.414213562373095
      vertex 258.5 7.813293319417525 3.2175228580174413
      vertex 258.5 7.985786437626906 3.414213562373095
    endloop
  endfacet
  facet normal 0 -0.6593458151000693 0.751839807478977
    outer loop
      vertex 255.5 7.985786437626906 3.414213562373095
      vertex 258.5 7.985786437626906 3.414213562373095
      vertex 258.5 8.18247714198256 3.58670668058247
    endloop
  endfacet
  facet normal 0 -0.5555702330196057 0.8314696123025428
    outer loop
      vertex 255.5 8.18247714198256 3.58670668058247
      vertex 258.5 8.399999999999999 3.7320508075688767
      vertex 255.5 8.399999999999999 3.7320508075688767
    endloop
  endfacet
  facet normal 0 -0.5555702330196057 0.8314696123025428
    outer loop
      vertex 255.5 8.18247714198256 3.58670668058247
      vertex 258.5 8.18247714198256 3.58670668058247
      vertex 258.5 8.399999999999999 3.7320508075688767
    endloop
  endfacet
  facet normal 0 -0.6593458151000693 0.751839807478977
    outer loop
      vertex 255.5 7.985786437626906 3.414213562373095
      vertex 258.5 8.18247714198256 3.58670668058247
      vertex 255.5 8.18247714198256 3.58670668058247
    endloop
  endfacet
  facet normal 0 -0.9978589232386038 0.06540312923013908
    outer loop
      vertex 255.5 7.399999999999999 2
      vertex 258.5 7.399999999999999 2
      vertex 255.5 7.417110277252377 2.261052384440103
    endloop
  endfacet
  facet normal 0 -0.9978589232386038 -0.06540312923013908
    outer loop
      vertex 258.5 7.417110277252377 1.7389476155598969
      vertex 258.5 7.399999999999999 2
      vertex 255.5 7.399999999999999 2
    endloop
  endfacet
  facet normal 0 -0.9978589232386038 0.06540312923013908
    outer loop
      vertex 255.5 7.417110277252377 2.261052384440103
      vertex 258.5 7.399999999999999 2
      vertex 258.5 7.417110277252377 2.261052384440103
    endloop
  endfacet
  facet normal 0 -0.9807852804032315 0.19509032201612297
    outer loop
      vertex 255.5 7.417110277252377 2.261052384440103
      vertex 258.5 7.417110277252377 2.261052384440103
      vertex 255.5 7.4681483474218595 2.5176380902050415
    endloop
  endfacet
  facet normal 0 -0.9807852804032315 0.19509032201612297
    outer loop
      vertex 258.5 7.417110277252377 2.261052384440103
      vertex 258.5 7.4681483474218595 2.5176380902050415
      vertex 255.5 7.4681483474218595 2.5176380902050415
    endloop
  endfacet
  facet normal 0 -0.9469301294951012 0.32143946530317463
    outer loop
      vertex 255.5 7.552240934977426 2.7653668647301797
      vertex 258.5 7.4681483474218595 2.5176380902050415
      vertex 258.5 7.552240934977426 2.7653668647301797
    endloop
  endfacet
  facet normal 0 -0.9469301294951012 0.32143946530317463
    outer loop
      vertex 255.5 7.4681483474218595 2.5176380902050415
      vertex 258.5 7.4681483474218595 2.5176380902050415
      vertex 255.5 7.552240934977426 2.7653668647301797
    endloop
  endfacet
  facet normal 0 -0.8968727415326868 0.4422886902190044
    outer loop
      vertex 255.5 7.552240934977426 2.7653668647301797
      vertex 258.5 7.552240934977426 2.7653668647301797
      vertex 255.5 7.667949192431124 3
    endloop
  endfacet
  facet normal 0 -0.8968727415326868 0.4422886902190044
    outer loop
      vertex 258.5 7.552240934977426 2.7653668647301797
      vertex 258.5 7.667949192431124 3
      vertex 255.5 7.667949192431124 3
    endloop
  endfacet
  facet normal 0 -0.8314696123025549 0.5555702330195879
    outer loop
      vertex 255.5 7.667949192431124 3
      vertex 258.5 7.667949192431124 3
      vertex 255.5 7.813293319417525 3.2175228580174413
    endloop
  endfacet
  facet normal 0 -0.8314696123025549 0.5555702330195879
    outer loop
      vertex 255.5 7.813293319417525 3.2175228580174413
      vertex 258.5 7.667949192431124 3
      vertex 258.5 7.813293319417525 3.2175228580174413
    endloop
  endfacet
  facet normal 0 0.44228869021900913 0.8968727415326845
    outer loop
      vertex 255.5 10.399999999999999 3.7320508075688767
      vertex 255.5 10.165366864730181 3.847759065022574
      vertex 258.5 10.399999999999999 3.7320508075688767
    endloop
  endfacet
  facet normal 0 0.44228869021900913 0.8968727415326845
    outer loop
      vertex 258.5 10.399999999999999 3.7320508075688767
      vertex 255.5 10.165366864730181 3.847759065022574
      vertex 258.5 10.165366864730181 3.847759065022574
    endloop
  endfacet
  facet normal 0 0.3214394653031537 0.9469301294951085
    outer loop
      vertex 255.5 10.165366864730181 3.847759065022574
      vertex 255.5 9.917638090205038 3.9318516525781364
      vertex 258.5 10.165366864730181 3.847759065022574
    endloop
  endfacet
  facet normal 0 0.19509032201613274 0.9807852804032295
    outer loop
      vertex 255.5 9.917638090205038 3.9318516525781364
      vertex 255.5 9.661052384440104 3.982889722747621
      vertex 258.5 9.917638090205038 3.9318516525781364
    endloop
  endfacet
  facet normal 0 0.3214394653031537 0.9469301294951085
    outer loop
      vertex 255.5 9.917638090205038 3.9318516525781364
      vertex 258.5 9.917638090205038 3.9318516525781364
      vertex 258.5 10.165366864730181 3.847759065022574
    endloop
  endfacet
  facet normal 1 0 0
    outer loop
      vertex 258.5 10.399999999999999 3.7320508075688767
      vertex 258.5 10.165366864730181 3.847759065022574
      vertex 258.5 8.399999999999999 3.7320508075688767
    endloop
  endfacet
  facet normal 0 0.19509032201613274 0.9807852804032295
    outer loop
      vertex 258.5 9.917638090205038 3.9318516525781364
      vertex 255.5 9.661052384440104 3.982889722747621
      vertex 258.5 9.661052384440104 3.982889722747621
    endloop
  endfacet
  facet normal 1 0 0
    outer loop
      vertex 258.5 10.165366864730181 3.847759065022574
      vertex 258.5 9.917638090205038 3.9318516525781364
      vertex 258.5 8.634633135269816 3.847759065022574
    endloop
  endfacet
  facet normal 1 0 0
    outer loop
      vertex 258.5 9.917638090205038 3.9318516525781364
      vertex 258.5 9.661052384440104 3.982889722747621
      vertex 258.5 8.882361909794959 3.9318516525781364
    endloop
  endfacet
  facet normal 1 0 0
    outer loop
      vertex 258.5 9.917638090205038 3.9318516525781364
      vertex 258.5 8.882361909794959 3.9318516525781364
      vertex 258.5 8.634633135269816 3.847759065022574
    endloop
  endfacet
  facet normal 1 0 0
    outer loop
      vertex 258.5 9.661052384440104 3.982889722747621
      vertex 258.5 9.138947615559893 3.982889722747621
      vertex 258.5 8.882361909794959 3.9318516525781364
    endloop
  endfacet
  facet normal 0 0.06540312923014178 0.9978589232386036
    outer loop
      vertex 255.5 9.661052384440104 3.982889722747621
      vertex 255.5 9.399999999999999 4
      vertex 258.5 9.661052384440104 3.982889722747621
    endloop
  endfacet
  facet normal 0 0.06540312923014178 0.9978589232386036
    outer loop
      vertex 255.5 9.399999999999999 4
      vertex 258.5 9.399999999999999 4
      vertex 258.5 9.661052384440104 3.982889722747621
    endloop
  endfacet
  facet normal 0 -0.06540312923014178 0.9978589232386036
    outer loop
      vertex 255.5 9.399999999999999 4
      vertex 255.5 9.138947615559893 3.982889722747621
      vertex 258.5 9.399999999999999 4
    endloop
  endfacet
  facet normal 1 0 0
    outer loop
      vertex 258.5 9.661052384440104 3.982889722747621
      vertex 258.5 9.399999999999999 4
      vertex 258.5 9.138947615559893 3.982889722747621
    endloop
  endfacet
  facet normal 0 -0.06540312923014178 0.9978589232386036
    outer loop
      vertex 258.5 9.399999999999999 4
      vertex 255.5 9.138947615559893 3.982889722747621
      vertex 258.5 9.138947615559893 3.982889722747621
    endloop
  endfacet
  facet normal 0 -0.19509032201613274 0.9807852804032295
    outer loop
      vertex 255.5 9.138947615559893 3.982889722747621
      vertex 255.5 8.882361909794959 3.9318516525781364
      vertex 258.5 9.138947615559893 3.982889722747621
    endloop
  endfacet
  facet normal 1 0 0
    outer loop
      vertex 258.5 8.399999999999999 3.7320508075688767
      vertex 258.5 10.165366864730181 3.847759065022574
      vertex 258.5 8.634633135269816 3.847759065022574
    endloop
  endfacet
  facet normal 0 -0.19509032201613274 0.9807852804032295
    outer loop
      vertex 255.5 8.882361909794959 3.9318516525781364
      vertex 258.5 8.882361909794959 3.9318516525781364
      vertex 258.5 9.138947615559893 3.982889722747621
    endloop
  endfacet
  facet normal 0 -0.44228869021900913 0.8968727415326845
    outer loop
      vertex 255.5 8.399999999999999 3.7320508075688767
      vertex 258.5 8.634633135269816 3.847759065022574
      vertex 255.5 8.634633135269816 3.847759065022574
    endloop
  endfacet
  facet normal 0 -0.3214394653031537 0.9469301294951085
    outer loop
      vertex 255.5 8.882361909794959 3.9318516525781364
      vertex 255.5 8.634633135269816 3.847759065022574
      vertex 258.5 8.882361909794959 3.9318516525781364
    endloop
  endfacet
  facet normal 0 -0.3214394653031537 0.9469301294951085
    outer loop
      vertex 255.5 8.634633135269816 3.847759065022574
      vertex 258.5 8.634633135269816 3.847759065022574
      vertex 258.5 8.882361909794959 3.9318516525781364
    endloop
  endfacet
  facet normal 0 -0.44228869021900913 0.8968727415326845
    outer loop
      vertex 255.5 8.399999999999999 3.7320508075688767
      vertex 258.5 8.399999999999999 3.7320508075688767
      vertex 258.5 8.634633135269816 3.847759065022574
    endloop
  endfacet
  facet normal 0 0.8314696123025549 -0.5555702330195879
    outer loop
      vertex -2.5 5.332050807568876 1
      vertex 0.5 5.332050807568876 1
      vertex -2.5 5.186706680582475 0.7824771419825587
    endloop
  endfacet
  facet normal 0 0.8314696123025549 -0.5555702330195879
    outer loop
      vertex 0.5 5.332050807568876 1
      vertex 0.5 5.186706680582475 0.7824771419825587
      vertex -2.5 5.186706680582475 0.7824771419825587
    endloop
  endfacet
  facet normal 0 0.8968727415326868 -0.4422886902190044
    outer loop
      vertex -2.5 5.332050807568876 1
      vertex -2.5 5.447759065022574 1.2346331352698203
      vertex 0.5 5.447759065022574 1.2346331352698203
    endloop
  endfacet
  facet normal 0 0.8968727415326868 -0.4422886902190044
    outer loop
      vertex -2.5 5.332050807568876 1
      vertex 0.5 5.447759065022574 1.2346331352698203
      vertex 0.5 5.332050807568876 1
    endloop
  endfacet
  facet normal 0 0.9469301294951012 -0.32143946530317463
    outer loop
      vertex -2.5 5.447759065022574 1.2346331352698203
      vertex -2.5 5.5318516525781405 1.4823619097949585
      vertex 0.5 5.5318516525781405 1.4823619097949585
    endloop
  endfacet
  facet normal 0 0.9469301294951012 -0.32143946530317463
    outer loop
      vertex -2.5 5.447759065022574 1.2346331352698203
      vertex 0.5 5.5318516525781405 1.4823619097949585
      vertex 0.5 5.447759065022574 1.2346331352698203
    endloop
  endfacet
  facet normal 0 0.9807852804032315 -0.19509032201612297
    outer loop
      vertex -2.5 5.5318516525781405 1.4823619097949585
      vertex 0.5 5.582889722747623 1.7389476155598969
      vertex 0.5 5.5318516525781405 1.4823619097949585
    endloop
  endfacet
  facet normal 0 0.9807852804032315 -0.19509032201612297
    outer loop
      vertex -2.5 5.5318516525781405 1.4823619097949585
      vertex -2.5 5.582889722747623 1.7389476155598969
      vertex 0.5 5.582889722747623 1.7389476155598969
    endloop
  endfacet
  facet normal 0 0.9978589232386038 -0.06540312923013908
    outer loop
      vertex -2.5 5.582889722747623 1.7389476155598969
      vertex 0.5 5.600000000000001 2
      vertex 0.5 5.582889722747623 1.7389476155598969
    endloop
  endfacet
  facet normal 0 0.9978589232386038 -0.06540312923013908
    outer loop
      vertex -2.5 5.582889722747623 1.7389476155598969
      vertex -2.5 5.600000000000001 2
      vertex 0.5 5.600000000000001 2
    endloop
  endfacet
  facet normal 0 0.9978589232386038 0.06540312923013908
    outer loop
      vertex -2.5 5.600000000000001 2
      vertex 0.5 5.582889722747623 2.261052384440103
      vertex 0.5 5.600000000000001 2
    endloop
  endfacet
  facet normal 0 0.9978589232386038 0.06540312923013908
    outer loop
      vertex -2.5 5.600000000000001 2
      vertex -2.5 5.582889722747623 2.261052384440103
      vertex 0.5 5.582889722747623 2.261052384440103
    endloop
  endfacet
  facet normal 0 0.9807852804032315 0.19509032201612297
    outer loop
      vertex -2.5 5.582889722747623 2.261052384440103
      vertex 0.5 5.5318516525781405 2.5176380902050415
      vertex 0.5 5.582889722747623 2.261052384440103
    endloop
  endfacet
  facet normal 0 0.9807852804032315 0.19509032201612297
    outer loop
      vertex -2.5 5.582889722747623 2.261052384440103
      vertex -2.5 5.5318516525781405 2.5176380902050415
      vertex 0.5 5.5318516525781405 2.5176380902050415
    endloop
  endfacet
  facet normal 0 0.9469301294951012 0.32143946530317463
    outer loop
      vertex -2.5 5.5318516525781405 2.5176380902050415
      vertex -2.5 5.447759065022574 2.7653668647301797
      vertex 0.5 5.447759065022574 2.7653668647301797
    endloop
  endfacet
  facet normal 0 0.9469301294951012 0.32143946530317463
    outer loop
      vertex -2.5 5.5318516525781405 2.5176380902050415
      vertex 0.5 5.447759065022574 2.7653668647301797
      vertex 0.5 5.5318516525781405 2.5176380902050415
    endloop
  endfacet
  facet normal 0 0.8968727415326868 0.4422886902190044
    outer loop
      vertex -2.5 5.447759065022574 2.7653668647301797
      vertex -2.5 5.332050807568876 3
      vertex 0.5 5.332050807568876 3
    endloop
  endfacet
  facet normal 0 0.8968727415326868 0.4422886902190044
    outer loop
      vertex -2.5 5.447759065022574 2.7653668647301797
      vertex 0.5 5.332050807568876 3
      vertex 0.5 5.447759065022574 2.7653668647301797
    endloop
  endfacet
  facet normal 0 0.8314696123025549 0.5555702330195879
    outer loop
      vertex -2.5 5.332050807568876 3
      vertex -2.5 5.186706680582475 3.2175228580174413
      vertex 0.5 5.186706680582475 3.2175228580174413
    endloop
  endfacet
  facet normal 0 0.8314696123025549 0.5555702330195879
    outer loop
      vertex -2.5 5.332050807568876 3
      vertex 0.5 5.186706680582475 3.2175228580174413
      vertex 0.5 5.332050807568876 3
    endloop
  endfacet
  facet normal 0 0.5555702330196057 -0.8314696123025428
    outer loop
      vertex -2.5 4.600000000000001 0.2679491924311228
      vertex -2.5 4.8175228580174405 0.41329331941752967
      vertex 0.5 4.600000000000001 0.2679491924311228
    endloop
  endfacet
  facet normal 0 0.5555702330196057 -0.8314696123025428
    outer loop
      vertex -2.5 4.8175228580174405 0.41329331941752967
      vertex 0.5 4.8175228580174405 0.41329331941752967
      vertex 0.5 4.600000000000001 0.2679491924311228
    endloop
  endfacet
  facet normal 0 0.4422886902190064 -0.8968727415326858
    outer loop
      vertex -2.5 4.600000000000001 0.2679491924311228
      vertex 0.5 4.365366864730184 0.15224093497742652
      vertex -2.5 4.365366864730184 0.15224093497742652
    endloop
  endfacet
  facet normal 0 0.4422886902190064 -0.8968727415326858
    outer loop
      vertex -2.5 4.600000000000001 0.2679491924311228
      vertex 0.5 4.600000000000001 0.2679491924311228
      vertex 0.5 4.365366864730184 0.15224093497742652
    endloop
  endfacet
  facet normal 0 0.321439465303156 -0.9469301294951076
    outer loop
      vertex -2.5 4.365366864730184 0.15224093497742652
      vertex 0.5 4.365366864730184 0.15224093497742652
      vertex 0.5 4.117638090205041 0.06814834742186338
    endloop
  endfacet
  facet normal 0 0.321439465303156 -0.9469301294951076
    outer loop
      vertex -2.5 4.365366864730184 0.15224093497742652
      vertex 0.5 4.117638090205041 0.06814834742186338
      vertex -2.5 4.117638090205041 0.06814834742186338
    endloop
  endfacet
  facet normal 0 0.19509032201613113 -0.98078528040323
    outer loop
      vertex -2.5 4.117638090205041 0.06814834742186338
      vertex 0.5 3.8610523844401072 0.017110277252379236
      vertex -2.5 3.8610523844401072 0.017110277252379236
    endloop
  endfacet
  facet normal 0 0.19509032201613113 -0.98078528040323
    outer loop
      vertex -2.5 4.117638090205041 0.06814834742186338
      vertex 0.5 4.117638090205041 0.06814834742186338
      vertex 0.5 3.8610523844401072 0.017110277252379236
    endloop
  endfacet
  facet normal -1 0 0
    outer loop
      vertex -2.5 4.600000000000001 0.2679491924311228
      vertex -2.5 2.3824771419825623 0.41329331941752967
      vertex -2.5 4.8175228580174405 0.41329331941752967
    endloop
  endfacet
  facet normal 0 0.6593458151000698 -0.7518398074789766
    outer loop
      vertex 0.5 4.8175228580174405 0.41329331941752967
      vertex -2.5 5.014213562373094 0.5857864376269049
      vertex 0.5 5.014213562373094 0.5857864376269049
    endloop
  endfacet
  facet normal 0 0.7518398074789664 -0.6593458151000815
    outer loop
      vertex -2.5 5.014213562373094 0.5857864376269049
      vertex 0.5 5.186706680582475 0.7824771419825587
      vertex 0.5 5.014213562373094 0.5857864376269049
    endloop
  endfacet
  facet normal 0 0.6593458151000698 -0.7518398074789766
    outer loop
      vertex -2.5 4.8175228580174405 0.41329331941752967
      vertex -2.5 5.014213562373094 0.5857864376269049
      vertex 0.5 4.8175228580174405 0.41329331941752967
    endloop
  endfacet
  facet normal 0 0.7518398074789664 -0.6593458151000815
    outer loop
      vertex -2.5 5.014213562373094 0.5857864376269049
      vertex -2.5 5.186706680582475 0.7824771419825587
      vertex 0.5 5.186706680582475 0.7824771419825587
    endloop
  endfacet
  facet normal -1 0 0
    outer loop
      vertex -2.5 4.8175228580174405 0.41329331941752967
      vertex -2.5 2.185786437626909 0.5857864376269049
      vertex -2.5 5.014213562373094 0.5857864376269049
    endloop
  endfacet
  facet normal -1 0 0
    outer loop
      vertex -2.5 5.014213562373094 0.5857864376269049
      vertex -2.5 2.013293319417528 0.7824771419825587
      vertex -2.5 5.186706680582475 0.7824771419825587
    endloop
  endfacet
  facet normal -1 0 0
    outer loop
      vertex -2.5 5.332050807568876 1
      vertex -2.5 5.186706680582475 0.7824771419825587
      vertex -2.5 1.8679491924311264 1
    endloop
  endfacet
  facet normal -1 0 0
    outer loop
      vertex -2.5 4.117638090205041 0.06814834742186338
      vertex -2.5 3.8610523844401072 0.017110277252379236
      vertex -2.5 3.0823619097949617 0.06814834742186338
    endloop
  endfacet
  facet normal -1 0 0
    outer loop
      vertex -2.5 3.8610523844401072 0.017110277252379236
      vertex -2.5 3.6000000000000014 0
      vertex -2.5 3.3389476155598956 0.017110277252379236
    endloop
  endfacet
  facet normal 0 0.06540312923014263 -0.9978589232386036
    outer loop
      vertex -2.5 3.8610523844401072 0.017110277252379236
      vertex 0.5 3.6000000000000014 0
      vertex -2.5 3.6000000000000014 0
    endloop
  endfacet
  facet normal -1 0 0
    outer loop
      vertex -2.5 4.365366864730184 0.15224093497742652
      vertex -2.5 4.117638090205041 0.06814834742186338
      vertex -2.5 2.8346331352698186 0.15224093497742652
    endloop
  endfacet
  facet normal -1 0 0
    outer loop
      vertex -2.5 4.600000000000001 0.2679491924311228
      vertex -2.5 4.365366864730184 0.15224093497742652
      vertex -2.5 2.6000000000000014 0.2679491924311228
    endloop
  endfacet
  facet normal 0 0.06540312923014263 -0.9978589232386036
    outer loop
      vertex -2.5 3.8610523844401072 0.017110277252379236
      vertex 0.5 3.8610523844401072 0.017110277252379236
      vertex 0.5 3.6000000000000014 0
    endloop
  endfacet
  facet normal -1 0 0
    outer loop
      vertex -2.5 3.8610523844401072 0.017110277252379236
      vertex -2.5 3.3389476155598956 0.017110277252379236
      vertex -2.5 3.0823619097949617 0.06814834742186338
    endloop
  endfacet
  facet normal -1 0 0
    outer loop
      vertex -2.5 4.117638090205041 0.06814834742186338
      vertex -2.5 3.0823619097949617 0.06814834742186338
      vertex -2.5 2.8346331352698186 0.15224093497742652
    endloop
  endfacet
  facet normal 0 -0.06540312923014263 -0.9978589232386036
    outer loop
      vertex -2.5 3.6000000000000014 0
      vertex 0.5 3.3389476155598956 0.017110277252379236
      vertex -2.5 3.3389476155598956 0.017110277252379236
    endloop
  endfacet
  facet normal -1 0 0
    outer loop
      vertex -2.5 4.365366864730184 0.15224093497742652
      vertex -2.5 2.8346331352698186 0.15224093497742652
      vertex -2.5 2.6000000000000014 0.2679491924311228
    endloop
  endfacet
  facet normal 0 -0.06540312923014263 -0.9978589232386036
    outer loop
      vertex -2.5 3.6000000000000014 0
      vertex 0.5 3.6000000000000014 0
      vertex 0.5 3.3389476155598956 0.017110277252379236
    endloop
  endfacet
  facet normal 0 -0.19509032201613113 -0.98078528040323
    outer loop
      vertex -2.5 3.3389476155598956 0.017110277252379236
      vertex 0.5 3.0823619097949617 0.06814834742186338
      vertex -2.5 3.0823619097949617 0.06814834742186338
    endloop
  endfacet
  facet normal 0 -0.19509032201613113 -0.98078528040323
    outer loop
      vertex -2.5 3.3389476155598956 0.017110277252379236
      vertex 0.5 3.3389476155598956 0.017110277252379236
      vertex 0.5 3.0823619097949617 0.06814834742186338
    endloop
  endfacet
  facet normal 0 -0.321439465303156 -0.9469301294951076
    outer loop
      vertex -2.5 3.0823619097949617 0.06814834742186338
      vertex 0.5 3.0823619097949617 0.06814834742186338
      vertex 0.5 2.8346331352698186 0.15224093497742652
    endloop
  endfacet
  facet normal 0 -0.321439465303156 -0.9469301294951076
    outer loop
      vertex -2.5 3.0823619097949617 0.06814834742186338
      vertex 0.5 2.8346331352698186 0.15224093497742652
      vertex -2.5 2.8346331352698186 0.15224093497742652
    endloop
  endfacet
  facet normal 0 -0.4422886902190064 -0.8968727415326858
    outer loop
      vertex -2.5 2.8346331352698186 0.15224093497742652
      vertex 0.5 2.6000000000000014 0.2679491924311228
      vertex -2.5 2.6000000000000014 0.2679491924311228
    endloop
  endfacet
  facet normal 0 -0.4422886902190064 -0.8968727415326858
    outer loop
      vertex -2.5 2.8346331352698186 0.15224093497742652
      vertex 0.5 2.8346331352698186 0.15224093497742652
      vertex 0.5 2.6000000000000014 0.2679491924311228
    endloop
  endfacet
  facet normal -1 0 0
    outer loop
      vertex -2.5 4.600000000000001 0.2679491924311228
      vertex -2.5 2.6000000000000014 0.2679491924311228
      vertex -2.5 2.3824771419825623 0.41329331941752967
    endloop
  endfacet
  facet normal -1 0 0
    outer loop
      vertex -2.5 4.8175228580174405 0.41329331941752967
      vertex -2.5 2.3824771419825623 0.41329331941752967
      vertex -2.5 2.185786437626909 0.5857864376269049
    endloop
  endfacet
  facet normal -1 0 0
    outer loop
      vertex -2.5 5.014213562373094 0.5857864376269049
      vertex -2.5 2.185786437626909 0.5857864376269049
      vertex -2.5 2.013293319417528 0.7824771419825587
    endloop
  endfacet
  facet normal -1 0 0
    outer loop
      vertex -2.5 5.186706680582475 0.7824771419825587
      vertex -2.5 2.013293319417528 0.7824771419825587
      vertex -2.5 1.8679491924311264 1
    endloop
  endfacet
  facet normal -1 0 0
    outer loop
      vertex -2.5 5.332050807568876 1
      vertex -2.5 1.7522409349774293 1.2346331352698203
      vertex -2.5 5.447759065022574 1.2346331352698203
    endloop
  endfacet
  facet normal -1 0 0
    outer loop
      vertex -2.5 5.447759065022574 1.2346331352698203
      vertex -2.5 1.6681483474218624 1.4823619097949585
      vertex -2.5 5.5318516525781405 1.4823619097949585
    endloop
  endfacet
  facet normal -1 0 0
    outer loop
      vertex -2.5 5.5318516525781405 1.4823619097949585
      vertex -2.5 1.6171102772523795 1.7389476155598969
      vertex -2.5 5.582889722747623 1.7389476155598969
    endloop
  endfacet
  facet normal -1 0 0
    outer loop
      vertex -2.5 5.332050807568876 1
      vertex -2.5 1.8679491924311264 1
      vertex -2.5 1.7522409349774293 1.2346331352698203
    endloop
  endfacet
  facet normal -1 0 0
    outer loop
      vertex -2.5 5.447759065022574 1.2346331352698203
      vertex -2.5 1.7522409349774293 1.2346331352698203
      vertex -2.5 1.6681483474218624 1.4823619097949585
    endloop
  endfacet
  facet normal -1 0 0
    outer loop
      vertex -2.5 5.5318516525781405 1.4823619097949585
      vertex -2.5 1.6681483474218624 1.4823619097949585
      vertex -2.5 1.6171102772523795 1.7389476155598969
    endloop
  endfacet
  facet normal -1 0 0
    outer loop
      vertex -2.5 5.582889722747623 1.7389476155598969
      vertex -2.5 1.6171102772523795 1.7389476155598969
      vertex -2.5 1.6000000000000014 2
    endloop
  endfacet
  facet normal 0 -0.5555702330196057 -0.8314696123025428
    outer loop
      vertex -2.5 2.6000000000000014 0.2679491924311228
      vertex 0.5 2.3824771419825623 0.41329331941752967
      vertex -2.5 2.3824771419825623 0.41329331941752967
    endloop
  endfacet
  facet normal 0 -0.5555702330196057 -0.8314696123025428
    outer loop
      vertex -2.5 2.6000000000000014 0.2679491924311228
      vertex 0.5 2.6000000000000014 0.2679491924311228
      vertex 0.5 2.3824771419825623 0.41329331941752967
    endloop
  endfacet
  facet normal 0 -0.6593458151000698 -0.7518398074789766
    outer loop
      vertex -2.5 2.3824771419825623 0.41329331941752967
      vertex 0.5 2.3824771419825623 0.41329331941752967
      vertex 0.5 2.185786437626909 0.5857864376269049
    endloop
  endfacet
  facet normal 0 -0.6593458151000698 -0.7518398074789766
    outer loop
      vertex -2.5 2.3824771419825623 0.41329331941752967
      vertex 0.5 2.185786437626909 0.5857864376269049
      vertex -2.5 2.185786437626909 0.5857864376269049
    endloop
  endfacet
  facet normal 0 -0.7518398074789664 -0.6593458151000815
    outer loop
      vertex -2.5 2.185786437626909 0.5857864376269049
      vertex 0.5 2.185786437626909 0.5857864376269049
      vertex -2.5 2.013293319417528 0.7824771419825587
    endloop
  endfacet
  facet normal 0 -0.8314696123025549 -0.5555702330195879
    outer loop
      vertex -2.5 2.013293319417528 0.7824771419825587
      vertex 0.5 2.013293319417528 0.7824771419825587
      vertex -2.5 1.8679491924311264 1
    endloop
  endfacet
  facet normal 0 -0.7518398074789664 -0.6593458151000815
    outer loop
      vertex -2.5 2.013293319417528 0.7824771419825587
      vertex 0.5 2.185786437626909 0.5857864376269049
      vertex 0.5 2.013293319417528 0.7824771419825587
    endloop
  endfacet
  facet normal 0 -0.8314696123025549 -0.5555702330195879
    outer loop
      vertex 0.5 2.013293319417528 0.7824771419825587
      vertex 0.5 1.8679491924311264 1
      vertex -2.5 1.8679491924311264 1
    endloop
  endfacet
  facet normal 0 -0.8968727415326868 -0.4422886902190044
    outer loop
      vertex -2.5 1.8679491924311264 1
      vertex 0.5 1.8679491924311264 1
      vertex -2.5 1.7522409349774293 1.2346331352698203
    endloop
  endfacet
  facet normal 0 -0.8968727415326868 -0.4422886902190044
    outer loop
      vertex -2.5 1.7522409349774293 1.2346331352698203
      vertex 0.5 1.8679491924311264 1
      vertex 0.5 1.7522409349774293 1.2346331352698203
    endloop
  endfacet
  facet normal 0 -0.9469301294951012 -0.32143946530317463
    outer loop
      vertex -2.5 1.7522409349774293 1.2346331352698203
      vertex 0.5 1.7522409349774293 1.2346331352698203
      vertex -2.5 1.6681483474218624 1.4823619097949585
    endloop
  endfacet
  facet normal 0 -0.9469301294951012 -0.32143946530317463
    outer loop
      vertex 0.5 1.7522409349774293 1.2346331352698203
      vertex 0.5 1.6681483474218624 1.4823619097949585
      vertex -2.5 1.6681483474218624 1.4823619097949585
    endloop
  endfacet
  facet normal 0 -0.9807852804032315 -0.19509032201612297
    outer loop
      vertex -2.5 1.6681483474218624 1.4823619097949585
      vertex 0.5 1.6681483474218624 1.4823619097949585
      vertex -2.5 1.6171102772523795 1.7389476155598969
    endloop
  endfacet
  facet normal 0 -0.9807852804032315 -0.19509032201612297
    outer loop
      vertex -2.5 1.6171102772523795 1.7389476155598969
      vertex 0.5 1.6681483474218624 1.4823619097949585
      vertex 0.5 1.6171102772523795 1.7389476155598969
    endloop
  endfacet
  facet normal 0 -0.9978589232386038 -0.06540312923013908
    outer loop
      vertex -2.5 1.6171102772523795 1.7389476155598969
      vertex 0.5 1.6171102772523795 1.7389476155598969
      vertex -2.5 1.6000000000000014 2
    endloop
  endfacet
  facet normal -1 0 0
    outer loop
      vertex -2.5 5.582889722747623 1.7389476155598969
      vertex -2.5 1.6000000000000014 2
      vertex -2.5 5.600000000000001 2
    endloop
  endfacet
  facet normal -1 0 0
    outer loop
      vertex -2.5 5.600000000000001 2
      vertex -2.5 1.6171102772523795 2.261052384440103
      vertex -2.5 5.582889722747623 2.261052384440103
    endloop
  endfacet
  facet normal -1 0 0
    outer loop
      vertex -2.5 5.582889722747623 2.261052384440103
      vertex -2.5 1.6681483474218624 2.5176380902050415
      vertex -2.5 5.5318516525781405 2.5176380902050415
    endloop
  endfacet
  facet normal -1 0 0
    outer loop
      vertex -2.5 5.5318516525781405 2.5176380902050415
      vertex -2.5 1.7522409349774293 2.7653668647301797
      vertex -2.5 5.447759065022574 2.7653668647301797
    endloop
  endfacet
  facet normal -1 0 0
    outer loop
      vertex -2.5 5.600000000000001 2
      vertex -2.5 1.6000000000000014 2
      vertex -2.5 1.6171102772523795 2.261052384440103
    endloop
  endfacet
  facet normal -1 0 0
    outer loop
      vertex -2.5 5.582889722747623 2.261052384440103
      vertex -2.5 1.6171102772523795 2.261052384440103
      vertex -2.5 1.6681483474218624 2.5176380902050415
    endloop
  endfacet
  facet normal -1 0 0
    outer loop
      vertex -2.5 5.5318516525781405 2.5176380902050415
      vertex -2.5 1.6681483474218624 2.5176380902050415
      vertex -2.5 1.7522409349774293 2.7653668647301797
    endloop
  endfacet
  facet normal -1 0 0
    outer loop
      vertex -2.5 5.447759065022574 2.7653668647301797
      vertex -2.5 1.8679491924311264 3
      vertex -2.5 5.332050807568876 3
    endloop
  endfacet
  facet normal -1 0 0
    outer loop
      vertex -2.5 5.332050807568876 3
      vertex -2.5 2.013293319417528 3.2175228580174413
      vertex -2.5 5.186706680582475 3.2175228580174413
    endloop
  endfacet
  facet normal 0 0.751839807478966 0.659345815100082
    outer loop
      vertex -2.5 5.186706680582475 3.2175228580174413
      vertex -2.5 5.014213562373094 3.414213562373095
      vertex 0.5 5.014213562373094 3.414213562373095
    endloop
  endfacet
  facet normal 0 0.6593458151000693 0.751839807478977
    outer loop
      vertex -2.5 5.014213562373094 3.414213562373095
      vertex -2.5 4.8175228580174405 3.58670668058247
      vertex 0.5 5.014213562373094 3.414213562373095
    endloop
  endfacet
  facet normal 0 0.751839807478966 0.659345815100082
    outer loop
      vertex -2.5 5.186706680582475 3.2175228580174413
      vertex 0.5 5.014213562373094 3.414213562373095
      vertex 0.5 5.186706680582475 3.2175228580174413
    endloop
  endfacet
  facet normal 0 0.5555702330196057 0.8314696123025428
    outer loop
      vertex -2.5 4.8175228580174405 3.58670668058247
      vertex -2.5 4.600000000000001 3.7320508075688767
      vertex 0.5 4.8175228580174405 3.58670668058247
    endloop
  endfacet
  facet normal 0 0.6593458151000693 0.751839807478977
    outer loop
      vertex -2.5 4.8175228580174405 3.58670668058247
      vertex 0.5 4.8175228580174405 3.58670668058247
      vertex 0.5 5.014213562373094 3.414213562373095
    endloop
  endfacet
  facet normal 0 0.5555702330196057 0.8314696123025428
    outer loop
      vertex -2.5 4.600000000000001 3.7320508075688767
      vertex 0.5 4.600000000000001 3.7320508075688767
      vertex 0.5 4.8175228580174405 3.58670668058247
    endloop
  endfacet
  facet normal -1 0 0
    outer loop
      vertex -2.5 5.186706680582475 3.2175228580174413
      vertex -2.5 2.185786437626909 3.414213562373095
      vertex -2.5 5.014213562373094 3.414213562373095
    endloop
  endfacet
  facet normal -1 0 0
    outer loop
      vertex -2.5 5.014213562373094 3.414213562373095
      vertex -2.5 2.3824771419825623 3.58670668058247
      vertex -2.5 4.8175228580174405 3.58670668058247
    endloop
  endfacet
  facet normal -1 0 0
    outer loop
      vertex -2.5 4.8175228580174405 3.58670668058247
      vertex -2.5 2.6000000000000014 3.7320508075688767
      vertex -2.5 4.600000000000001 3.7320508075688767
    endloop
  endfacet
  facet normal -1 0 0
    outer loop
      vertex -2.5 5.447759065022574 2.7653668647301797
      vertex -2.5 1.7522409349774293 2.7653668647301797
      vertex -2.5 1.8679491924311264 3
    endloop
  endfacet
  facet normal -1 0 0
    outer loop
      vertex -2.5 5.332050807568876 3
      vertex -2.5 1.8679491924311264 3
      vertex -2.5 2.013293319417528 3.2175228580174413
    endloop
  endfacet
  facet normal -1 0 0
    outer loop
      vertex -2.5 4.8175228580174405 3.58670668058247
      vertex -2.5 2.3824771419825623 3.58670668058247
      vertex -2.5 2.6000000000000014 3.7320508075688767
    endloop
  endfacet
  facet normal -1 0 0
    outer loop
      vertex -2.5 5.186706680582475 3.2175228580174413
      vertex -2.5 2.013293319417528 3.2175228580174413
      vertex -2.5 2.185786437626909 3.414213562373095
    endloop
  endfacet
  facet normal -1 0 0
    outer loop
      vertex -2.5 5.014213562373094 3.414213562373095
      vertex -2.5 2.185786437626909 3.414213562373095
      vertex -2.5 2.3824771419825623 3.58670668058247
    endloop
  endfacet
  facet normal 0 -0.9978589232386038 0.06540312923013908
    outer loop
      vertex -2.5 1.6000000000000014 2
      vertex 0.5 1.6000000000000014 2
      vertex -2.5 1.6171102772523795 2.261052384440103
    endloop
  endfacet
  facet normal 0 -0.9978589232386038 -0.06540312923013908
    outer loop
      vertex 0.5 1.6171102772523795 1.7389476155598969
      vertex 0.5 1.6000000000000014 2
      vertex -2.5 1.6000000000000014 2
    endloop
  endfacet
  facet normal 0 -0.9978589232386038 0.06540312923013908
    outer loop
      vertex -2.5 1.6171102772523795 2.261052384440103
      vertex 0.5 1.6000000000000014 2
      vertex 0.5 1.6171102772523795 2.261052384440103
    endloop
  endfacet
  facet normal 0 -0.9807852804032315 0.19509032201612297
    outer loop
      vertex -2.5 1.6171102772523795 2.261052384440103
      vertex 0.5 1.6171102772523795 2.261052384440103
      vertex -2.5 1.6681483474218624 2.5176380902050415
    endloop
  endfacet
  facet normal 0 -0.9807852804032315 0.19509032201612297
    outer loop
      vertex 0.5 1.6171102772523795 2.261052384440103
      vertex 0.5 1.6681483474218624 2.5176380902050415
      vertex -2.5 1.6681483474218624 2.5176380902050415
    endloop
  endfacet
  facet normal 0 -0.9469301294951012 0.32143946530317463
    outer loop
      vertex -2.5 1.6681483474218624 2.5176380902050415
      vertex 0.5 1.6681483474218624 2.5176380902050415
      vertex -2.5 1.7522409349774293 2.7653668647301797
    endloop
  endfacet
  facet normal 0 -0.9469301294951012 0.32143946530317463
    outer loop
      vertex -2.5 1.7522409349774293 2.7653668647301797
      vertex 0.5 1.6681483474218624 2.5176380902050415
      vertex 0.5 1.7522409349774293 2.7653668647301797
    endloop
  endfacet
  facet normal 0 -0.8314696123025549 0.5555702330195879
    outer loop
      vertex -2.5 2.013293319417528 3.2175228580174413
      vertex 0.5 1.8679491924311264 3
      vertex 0.5 2.013293319417528 3.2175228580174413
    endloop
  endfacet
  facet normal 0 -0.8968727415326868 0.4422886902190044
    outer loop
      vertex -2.5 1.7522409349774293 2.7653668647301797
      vertex 0.5 1.7522409349774293 2.7653668647301797
      vertex -2.5 1.8679491924311264 3
    endloop
  endfacet
  facet normal 0 -0.8968727415326868 0.4422886902190044
    outer loop
      vertex 0.5 1.7522409349774293 2.7653668647301797
      vertex 0.5 1.8679491924311264 3
      vertex -2.5 1.8679491924311264 3
    endloop
  endfacet
  facet normal 0 -0.8314696123025549 0.5555702330195879
    outer loop
      vertex -2.5 2.013293319417528 3.2175228580174413
      vertex -2.5 1.8679491924311264 3
      vertex 0.5 1.8679491924311264 3
    endloop
  endfacet
  facet normal 0 -0.751839807478966 0.659345815100082
    outer loop
      vertex -2.5 2.013293319417528 3.2175228580174413
      vertex 0.5 2.013293319417528 3.2175228580174413
      vertex -2.5 2.185786437626909 3.414213562373095
    endloop
  endfacet
  facet normal 0 -0.751839807478966 0.659345815100082
    outer loop
      vertex 0.5 2.013293319417528 3.2175228580174413
      vertex 0.5 2.185786437626909 3.414213562373095
      vertex -2.5 2.185786437626909 3.414213562373095
    endloop
  endfacet
  facet normal 0 -0.6593458151000693 0.751839807478977
    outer loop
      vertex -2.5 2.185786437626909 3.414213562373095
      vertex 0.5 2.185786437626909 3.414213562373095
      vertex 0.5 2.3824771419825623 3.58670668058247
    endloop
  endfacet
  facet normal 0 -0.6593458151000693 0.751839807478977
    outer loop
      vertex -2.5 2.185786437626909 3.414213562373095
      vertex 0.5 2.3824771419825623 3.58670668058247
      vertex -2.5 2.3824771419825623 3.58670668058247
    endloop
  endfacet
  facet normal 0 -0.5555702330196057 0.8314696123025428
    outer loop
      vertex -2.5 2.3824771419825623 3.58670668058247
      vertex 0.5 2.6000000000000014 3.7320508075688767
      vertex -2.5 2.6000000000000014 3.7320508075688767
    endloop
  endfacet
  facet normal 0 -0.5555702330196057 0.8314696123025428
    outer loop
      vertex -2.5 2.3824771419825623 3.58670668058247
      vertex 0.5 2.3824771419825623 3.58670668058247
      vertex 0.5 2.6000000000000014 3.7320508075688767
    endloop
  endfacet
  facet normal 0 0.44228869021900913 0.8968727415326845
    outer loop
      vertex -2.5 4.600000000000001 3.7320508075688767
      vertex -2.5 4.365366864730184 3.847759065022574
      vertex 0.5 4.600000000000001 3.7320508075688767
    endloop
  endfacet
  facet normal 0 0.3214394653031537 0.9469301294951085
    outer loop
      vertex -2.5 4.365366864730184 3.847759065022574
      vertex -2.5 4.117638090205041 3.9318516525781364
      vertex 0.5 4.365366864730184 3.847759065022574
    endloop
  endfacet
  facet normal 0 0.44228869021900913 0.8968727415326845
    outer loop
      vertex 0.5 4.600000000000001 3.7320508075688767
      vertex -2.5 4.365366864730184 3.847759065022574
      vertex 0.5 4.365366864730184 3.847759065022574
    endloop
  endfacet
  facet normal -1 0 0
    outer loop
      vertex -2.5 4.600000000000001 3.7320508075688767
      vertex -2.5 2.8346331352698186 3.847759065022574
      vertex -2.5 4.365366864730184 3.847759065022574
    endloop
  endfacet
  facet normal 0 0.19509032201613274 0.9807852804032295
    outer loop
      vertex -2.5 4.117638090205041 3.9318516525781364
      vertex -2.5 3.8610523844401072 3.982889722747621
      vertex 0.5 4.117638090205041 3.9318516525781364
    endloop
  endfacet
  facet normal 0 0.3214394653031537 0.9469301294951085
    outer loop
      vertex -2.5 4.117638090205041 3.9318516525781364
      vertex 0.5 4.117638090205041 3.9318516525781364
      vertex 0.5 4.365366864730184 3.847759065022574
    endloop
  endfacet
  facet normal 0 0.19509032201613274 0.9807852804032295
    outer loop
      vertex 0.5 4.117638090205041 3.9318516525781364
      vertex -2.5 3.8610523844401072 3.982889722747621
      vertex 0.5 3.8610523844401072 3.982889722747621
    endloop
  endfacet
  facet normal -1 0 0
    outer loop
      vertex -2.5 4.365366864730184 3.847759065022574
      vertex -2.5 3.0823619097949617 3.9318516525781364
      vertex -2.5 4.117638090205041 3.9318516525781364
    endloop
  endfacet
  facet normal -1 0 0
    outer loop
      vertex -2.5 4.117638090205041 3.9318516525781364
      vertex -2.5 3.3389476155598956 3.982889722747621
      vertex -2.5 3.8610523844401072 3.982889722747621
    endloop
  endfacet
  facet normal -1 0 0
    outer loop
      vertex -2.5 4.600000000000001 3.7320508075688767
      vertex -2.5 2.6000000000000014 3.7320508075688767
      vertex -2.5 2.8346331352698186 3.847759065022574
    endloop
  endfacet
  facet normal -1 0 0
    outer loop
      vertex -2.5 4.117638090205041 3.9318516525781364
      vertex -2.5 3.0823619097949617 3.9318516525781364
      vertex -2.5 3.3389476155598956 3.982889722747621
    endloop
  endfacet
  facet normal -1 0 0
    outer loop
      vertex -2.5 4.365366864730184 3.847759065022574
      vertex -2.5 2.8346331352698186 3.847759065022574
      vertex -2.5 3.0823619097949617 3.9318516525781364
    endloop
  endfacet
  facet normal 0 0.06540312923014178 0.9978589232386036
    outer loop
      vertex -2.5 3.8610523844401072 3.982889722747621
      vertex -2.5 3.6000000000000014 4
      vertex 0.5 3.8610523844401072 3.982889722747621
    endloop
  endfacet
  facet normal -1 0 0
    outer loop
      vertex -2.5 3.8610523844401072 3.982889722747621
      vertex -2.5 3.3389476155598956 3.982889722747621
      vertex -2.5 3.6000000000000014 4
    endloop
  endfacet
  facet normal 0 0.06540312923014178 0.9978589232386036
    outer loop
      vertex -2.5 3.6000000000000014 4
      vertex 0.5 3.6000000000000014 4
      vertex 0.5 3.8610523844401072 3.982889722747621
    endloop
  endfacet
  facet normal 0 -0.06540312923014178 0.9978589232386036
    outer loop
      vertex -2.5 3.3389476155598956 3.982889722747621
      vertex 0.5 3.6000000000000014 4
      vertex -2.5 3.6000000000000014 4
    endloop
  endfacet
  facet normal 0 -0.06540312923014178 0.9978589232386036
    outer loop
      vertex -2.5 3.3389476155598956 3.982889722747621
      vertex 0.5 3.3389476155598956 3.982889722747621
      vertex 0.5 3.6000000000000014 4
    endloop
  endfacet
  facet normal 0 -0.19509032201613274 0.9807852804032295
    outer loop
      vertex -2.5 3.3389476155598956 3.982889722747621
      vertex -2.5 3.0823619097949617 3.9318516525781364
      vertex 0.5 3.3389476155598956 3.982889722747621
    endloop
  endfacet
  facet normal 0 -0.3214394653031537 0.9469301294951085
    outer loop
      vertex -2.5 3.0823619097949617 3.9318516525781364
      vertex -2.5 2.8346331352698186 3.847759065022574
      vertex 0.5 3.0823619097949617 3.9318516525781364
    endloop
  endfacet
  facet normal 0 -0.19509032201613274 0.9807852804032295
    outer loop
      vertex 0.5 3.3389476155598956 3.982889722747621
      vertex -2.5 3.0823619097949617 3.9318516525781364
      vertex 0.5 3.0823619097949617 3.9318516525781364
    endloop
  endfacet
  facet normal 0 -0.44228869021900913 0.8968727415326845
    outer loop
      vertex -2.5 2.6000000000000014 3.7320508075688767
      vertex 0.5 2.8346331352698186 3.847759065022574
      vertex -2.5 2.8346331352698186 3.847759065022574
    endloop
  endfacet
  facet normal 0 -0.44228869021900913 0.8968727415326845
    outer loop
      vertex -2.5 2.6000000000000014 3.7320508075688767
      vertex 0.5 2.6000000000000014 3.7320508075688767
      vertex 0.5 2.8346331352698186 3.847759065022574
    endloop
  endfacet
  facet normal 0 -0.3214394653031537 0.9469301294951085
    outer loop
      vertex -2.5 2.8346331352698186 3.847759065022574
      vertex 0.5 2.8346331352698186 3.847759065022574
      vertex 0.5 3.0823619097949617 3.9318516525781364
    endloop
  endfacet
  facet normal 0 -0.7518398074789805 0.6593458151000653
    outer loop
      vertex 252.4 5.26170093578839 0.33829906421161304
      vertex 255.5 5.26170093578839 0.33829906421161304
      vertex 252.4 5.464380349684404 0.5694106418295064
    endloop
  endfacet
  facet normal 0 -0.8314696123025463 0.5555702330196006
    outer loop
      vertex 252.4 5.464380349684404 0.5694106418295064
      vertex 255.5 5.464380349684404 0.5694106418295064
      vertex 252.4 5.635159698893432 0.825
    endloop
  endfacet
  facet normal 0 -0.8968727415326857 0.44228869021900663
    outer loop
      vertex 252.4 5.635159698893432 0.825
      vertex 255.5 5.635159698893432 0.825
      vertex 252.4 5.771116901401527 1.100693933942039
    endloop
  endfacet
  facet normal 0 -0.7518398074789805 0.6593458151000653
    outer loop
      vertex 252.4 5.464380349684404 0.5694106418295064
      vertex 255.5 5.26170093578839 0.33829906421161304
      vertex 255.5 5.464380349684404 0.5694106418295064
    endloop
  endfacet
  facet normal 0 -0.8314696123025463 0.5555702330196006
    outer loop
      vertex 252.4 5.635159698893432 0.825
      vertex 255.5 5.464380349684404 0.5694106418295064
      vertex 255.5 5.635159698893432 0.825
    endloop
  endfacet
  facet normal 0 -0.9469301294951042 0.32143946530316586
    outer loop
      vertex 252.4 5.771116901401527 1.100693933942039
      vertex 255.5 5.771116901401527 1.100693933942039
      vertex 252.4 5.869925691779315 1.3917752440090763
    endloop
  endfacet
  facet normal 0 -0.9807852804032329 0.19509032201611634
    outer loop
      vertex 252.4 5.869925691779315 1.3917752440090763
      vertex 255.5 5.869925691779315 1.3917752440090763
      vertex 252.4 5.929895424228455 1.6932634482828788
    endloop
  endfacet
  facet normal 0 -0.9978589232386031 0.06540312923015
    outer loop
      vertex 252.4 5.929895424228455 1.6932634482828788
      vertex 255.5 5.929895424228455 1.6932634482828788
      vertex 252.4 5.950000000000003 2
    endloop
  endfacet
  facet normal 0 -0.8968727415326857 0.44228869021900663
    outer loop
      vertex 252.4 5.771116901401527 1.100693933942039
      vertex 255.5 5.635159698893432 0.825
      vertex 255.5 5.771116901401527 1.100693933942039
    endloop
  endfacet
  facet normal 0 -0.9469301294951042 0.32143946530316586
    outer loop
      vertex 252.4 5.869925691779315 1.3917752440090763
      vertex 255.5 5.771116901401527 1.100693933942039
      vertex 255.5 5.869925691779315 1.3917752440090763
    endloop
  endfacet
  facet normal 0 -0.9807852804032329 0.19509032201611634
    outer loop
      vertex 252.4 5.929895424228455 1.6932634482828788
      vertex 255.5 5.869925691779315 1.3917752440090763
      vertex 255.5 5.929895424228455 1.6932634482828788
    endloop
  endfacet
  facet normal 0 -0.9978589232386031 -0.06540312923015
    outer loop
      vertex 252.4 5.950000000000003 2
      vertex 255.5 5.950000000000003 2
      vertex 252.4 5.929895424228455 2.306736551717121
    endloop
  endfacet
  facet normal 0 -0.9807852804032329 -0.1950903220161162
    outer loop
      vertex 252.4 5.929895424228455 2.306736551717121
      vertex 255.5 5.929895424228455 2.306736551717121
      vertex 252.4 5.869925691779315 2.608224755990924
    endloop
  endfacet
  facet normal 0 -0.9469301294951041 -0.3214394653031661
    outer loop
      vertex 252.4 5.869925691779315 2.608224755990924
      vertex 255.5 5.869925691779315 2.608224755990924
      vertex 252.4 5.771116901401527 2.899306066057961
    endloop
  endfacet
  facet normal 0 -0.9978589232386031 0.06540312923015
    outer loop
      vertex 252.4 5.950000000000003 2
      vertex 255.5 5.929895424228455 1.6932634482828788
      vertex 255.5 5.950000000000003 2
    endloop
  endfacet
  facet normal 0 -0.9978589232386031 -0.06540312923015
    outer loop
      vertex 252.4 5.929895424228455 2.306736551717121
      vertex 255.5 5.950000000000003 2
      vertex 255.5 5.929895424228455 2.306736551717121
    endloop
  endfacet
  facet normal 0 -0.9807852804032329 -0.1950903220161162
    outer loop
      vertex 252.4 5.869925691779315 2.608224755990924
      vertex 255.5 5.929895424228455 2.306736551717121
      vertex 255.5 5.869925691779315 2.608224755990924
    endloop
  endfacet
  facet normal 0 -0.9469301294951041 -0.3214394653031661
    outer loop
      vertex 252.4 5.771116901401527 2.899306066057961
      vertex 255.5 5.869925691779315 2.608224755990924
      vertex 255.5 5.771116901401527 2.899306066057961
    endloop
  endfacet
  facet normal 0 -0.8968727415326856 -0.4422886902190069
    outer loop
      vertex 252.4 5.771116901401527 2.899306066057961
      vertex 255.5 5.771116901401527 2.899306066057961
      vertex 252.4 5.635159698893432 3.175
    endloop
  endfacet
  facet normal 0 -0.8314696123025466 -0.5555702330196003
    outer loop
      vertex 252.4 5.635159698893432 3.175
      vertex 255.5 5.635159698893432 3.175
      vertex 252.4 5.464380349684404 3.4305893581704936
    endloop
  endfacet
  facet normal 0 -0.7518398074789805 -0.6593458151000653
    outer loop
      vertex 252.4 5.464380349684404 3.4305893581704936
      vertex 255.5 5.464380349684404 3.4305893581704936
      vertex 252.4 5.26170093578839 3.661700935788387
    endloop
  endfacet
  facet normal 0 -0.8968727415326856 -0.4422886902190069
    outer loop
      vertex 252.4 5.635159698893432 3.175
      vertex 255.5 5.771116901401527 2.899306066057961
      vertex 255.5 5.635159698893432 3.175
    endloop
  endfacet
  facet normal 0 -0.8314696123025466 -0.5555702330196003
    outer loop
      vertex 252.4 5.464380349684404 3.4305893581704936
      vertex 255.5 5.635159698893432 3.175
      vertex 255.5 5.464380349684404 3.4305893581704936
    endloop
  endfacet
  facet normal 0 -0.7518398074789805 -0.6593458151000653
    outer loop
      vertex 252.4 5.26170093578839 3.661700935788387
      vertex 255.5 5.464380349684404 3.4305893581704936
      vertex 255.5 5.26170093578839 3.661700935788387
    endloop
  endfacet
  facet normal 0 -0.5555702330195936 0.8314696123025509
    outer loop
      vertex 252.4 5.030589358170495 0.1356196503155973
      vertex 252.4 4.827620207977489 0
      vertex 255.5 5.030589358170495 0.1356196503155973
    endloop
  endfacet
  facet normal 0 -0.6593458151000653 0.7518398074789805
    outer loop
      vertex 252.4 5.030589358170495 0.1356196503155973
      vertex 255.5 5.030589358170495 0.1356196503155973
      vertex 252.4 5.26170093578839 0.33829906421161304
    endloop
  endfacet
  facet normal 1 0 0
    outer loop
      vertex 252.4 5.030589358170495 0.1356196503155973
      vertex 252.4 2.372379792022514 0
      vertex 252.4 4.827620207977489 0
    endloop
  endfacet
  facet normal 1 0 0
    outer loop
      vertex 252.4 5.030589358170495 0.1356196503155973
      vertex 252.4 5.26170093578839 0.33829906421161304
      vertex 252.4 1.9382990642116127 0.33829906421161304
    endloop
  endfacet
  facet normal 1 0 0
    outer loop
      vertex 252.4 5.26170093578839 0.33829906421161304
      vertex 252.4 5.464380349684404 0.5694106418295064
      vertex 252.4 1.7356196503155985 0.5694106418295064
    endloop
  endfacet
  facet normal 1 0 0
    outer loop
      vertex 252.4 5.464380349684404 0.5694106418295064
      vertex 252.4 5.635159698893432 0.825
      vertex 252.4 1.564840301106571 0.825
    endloop
  endfacet
  facet normal 0 -0.5555702330195936 0.8314696123025509
    outer loop
      vertex 255.5 4.827620207977489 0
      vertex 255.5 5.030589358170495 0.1356196503155973
      vertex 252.4 4.827620207977489 0
    endloop
  endfacet
  facet normal 0 -0.6593458151000653 0.7518398074789805
    outer loop
      vertex 252.4 5.26170093578839 0.33829906421161304
      vertex 255.5 5.030589358170495 0.1356196503155973
      vertex 255.5 5.26170093578839 0.33829906421161304
    endloop
  endfacet
  facet normal 1 0 0
    outer loop
      vertex 252.4 5.030589358170495 0.1356196503155973
      vertex 252.4 2.169410641829508 0.1356196503155973
      vertex 252.4 2.372379792022514 0
    endloop
  endfacet
  facet normal 1 0 0
    outer loop
      vertex 252.4 5.030589358170495 0.1356196503155973
      vertex 252.4 1.9382990642116127 0.33829906421161304
      vertex 252.4 2.169410641829508 0.1356196503155973
    endloop
  endfacet
  facet normal 1 0 0
    outer loop
      vertex 252.4 5.26170093578839 0.33829906421161304
      vertex 252.4 1.7356196503155985 0.5694106418295064
      vertex 252.4 1.9382990642116127 0.33829906421161304
    endloop
  endfacet
  facet normal 1 0 0
    outer loop
      vertex 252.4 5.464380349684404 0.5694106418295064
      vertex 252.4 1.564840301106571 0.825
      vertex 252.4 1.7356196503155985 0.5694106418295064
    endloop
  endfacet
  facet normal 1 0 0
    outer loop
      vertex 252.4 5.635159698893432 0.825
      vertex 252.4 1.428883098598476 1.100693933942039
      vertex 252.4 1.564840301106571 0.825
    endloop
  endfacet
  facet normal 1 0 0
    outer loop
      vertex 252.4 5.635159698893432 0.825
      vertex 252.4 5.771116901401527 1.100693933942039
      vertex 252.4 1.428883098598476 1.100693933942039
    endloop
  endfacet
  facet normal 1 0 0
    outer loop
      vertex 252.4 5.771116901401527 1.100693933942039
      vertex 252.4 5.869925691779315 1.3917752440090763
      vertex 252.4 1.3300743082206878 1.3917752440090763
    endloop
  endfacet
  facet normal 1 0 0
    outer loop
      vertex 252.4 5.869925691779315 1.3917752440090763
      vertex 252.4 5.929895424228455 1.6932634482828788
      vertex 252.4 1.2701045757715477 1.6932634482828788
    endloop
  endfacet
  facet normal 1 0 0
    outer loop
      vertex 252.4 5.771116901401527 1.100693933942039
      vertex 252.4 1.3300743082206878 1.3917752440090763
      vertex 252.4 1.428883098598476 1.100693933942039
    endloop
  endfacet
  facet normal 1 0 0
    outer loop
      vertex 252.4 5.869925691779315 1.3917752440090763
      vertex 252.4 1.2701045757715477 1.6932634482828788
      vertex 252.4 1.3300743082206878 1.3917752440090763
    endloop
  endfacet
  facet normal 1 0 0
    outer loop
      vertex 252.4 5.929895424228455 1.6932634482828788
      vertex 252.4 1.25 2
      vertex 252.4 1.2701045757715477 1.6932634482828788
    endloop
  endfacet
  facet normal 0 0.5555702330195936 0.8314696123025509
    outer loop
      vertex 252.4 2.169410641829508 0.1356196503155973
      vertex 255.5 2.372379792022514 0
      vertex 252.4 2.372379792022514 0
    endloop
  endfacet
  facet normal 0 0.6593458151000653 0.7518398074789805
    outer loop
      vertex 252.4 2.169410641829508 0.1356196503155973
      vertex 252.4 1.9382990642116127 0.33829906421161304
      vertex 255.5 1.9382990642116127 0.33829906421161304
    endloop
  endfacet
  facet normal 0 0.7518398074789805 0.6593458151000653
    outer loop
      vertex 252.4 1.9382990642116127 0.33829906421161304
      vertex 252.4 1.7356196503155985 0.5694106418295064
      vertex 255.5 1.7356196503155985 0.5694106418295064
    endloop
  endfacet
  facet normal 0 0.8314696123025463 0.5555702330196006
    outer loop
      vertex 252.4 1.7356196503155985 0.5694106418295064
      vertex 252.4 1.564840301106571 0.825
      vertex 255.5 1.564840301106571 0.825
    endloop
  endfacet
  facet normal 0 0.5555702330195936 0.8314696123025509
    outer loop
      vertex 252.4 2.169410641829508 0.1356196503155973
      vertex 255.5 2.169410641829508 0.1356196503155973
      vertex 255.5 2.372379792022514 0
    endloop
  endfacet
  facet normal 0 0.6593458151000653 0.7518398074789805
    outer loop
      vertex 252.4 2.169410641829508 0.1356196503155973
      vertex 255.5 1.9382990642116127 0.33829906421161304
      vertex 255.5 2.169410641829508 0.1356196503155973
    endloop
  endfacet
  facet normal 0 0.7518398074789805 0.6593458151000653
    outer loop
      vertex 252.4 1.9382990642116127 0.33829906421161304
      vertex 255.5 1.7356196503155985 0.5694106418295064
      vertex 255.5 1.9382990642116127 0.33829906421161304
    endloop
  endfacet
  facet normal 0 0.8314696123025463 0.5555702330196006
    outer loop
      vertex 252.4 1.7356196503155985 0.5694106418295064
      vertex 255.5 1.564840301106571 0.825
      vertex 255.5 1.7356196503155985 0.5694106418295064
    endloop
  endfacet
  facet normal 0 0.8968727415326857 0.44228869021900663
    outer loop
      vertex 252.4 1.564840301106571 0.825
      vertex 255.5 1.428883098598476 1.100693933942039
      vertex 255.5 1.564840301106571 0.825
    endloop
  endfacet
  facet normal 0 0.8968727415326857 0.44228869021900663
    outer loop
      vertex 252.4 1.564840301106571 0.825
      vertex 252.4 1.428883098598476 1.100693933942039
      vertex 255.5 1.428883098598476 1.100693933942039
    endloop
  endfacet
  facet normal 0 0.9469301294951042 0.32143946530316586
    outer loop
      vertex 252.4 1.428883098598476 1.100693933942039
      vertex 252.4 1.3300743082206878 1.3917752440090763
      vertex 255.5 1.3300743082206878 1.3917752440090763
    endloop
  endfacet
  facet normal 0 0.9469301294951042 0.32143946530316586
    outer loop
      vertex 252.4 1.428883098598476 1.100693933942039
      vertex 255.5 1.3300743082206878 1.3917752440090763
      vertex 255.5 1.428883098598476 1.100693933942039
    endloop
  endfacet
  facet normal 0 0.9807852804032329 0.19509032201611634
    outer loop
      vertex 252.4 1.3300743082206878 1.3917752440090763
      vertex 255.5 1.2701045757715477 1.6932634482828788
      vertex 255.5 1.3300743082206878 1.3917752440090763
    endloop
  endfacet
  facet normal 0 0.9807852804032329 0.19509032201611634
    outer loop
      vertex 252.4 1.3300743082206878 1.3917752440090763
      vertex 252.4 1.2701045757715477 1.6932634482828788
      vertex 255.5 1.2701045757715477 1.6932634482828788
    endloop
  endfacet
  facet normal 0 0.9978589232386031 0.06540312923015
    outer loop
      vertex 252.4 1.2701045757715477 1.6932634482828788
      vertex 255.5 1.25 2
      vertex 255.5 1.2701045757715477 1.6932634482828788
    endloop
  endfacet
  facet normal 1 0 0
    outer loop
      vertex 252.4 5.929895424228455 1.6932634482828788
      vertex 252.4 5.950000000000003 2
      vertex 252.4 1.25 2
    endloop
  endfacet
  facet normal 1 0 0
    outer loop
      vertex 252.4 5.950000000000003 2
      vertex 252.4 5.929895424228455 2.306736551717121
      vertex 252.4 1.2701045757715477 2.306736551717121
    endloop
  endfacet
  facet normal 1 0 0
    outer loop
      vertex 252.4 5.929895424228455 2.306736551717121
      vertex 252.4 5.869925691779315 2.608224755990924
      vertex 252.4 1.3300743082206878 2.608224755990924
    endloop
  endfacet
  facet normal 1 0 0
    outer loop
      vertex 252.4 5.869925691779315 2.608224755990924
      vertex 252.4 5.771116901401527 2.899306066057961
      vertex 252.4 1.428883098598476 2.899306066057961
    endloop
  endfacet
  facet normal 1 0 0
    outer loop
      vertex 252.4 5.950000000000003 2
      vertex 252.4 1.2701045757715477 2.306736551717121
      vertex 252.4 1.25 2
    endloop
  endfacet
  facet normal 1 0 0
    outer loop
      vertex 252.4 5.929895424228455 2.306736551717121
      vertex 252.4 1.3300743082206878 2.608224755990924
      vertex 252.4 1.2701045757715477 2.306736551717121
    endloop
  endfacet
  facet normal 1 0 0
    outer loop
      vertex 252.4 5.869925691779315 2.608224755990924
      vertex 252.4 1.428883098598476 2.899306066057961
      vertex 252.4 1.3300743082206878 2.608224755990924
    endloop
  endfacet
  facet normal 1 0 0
    outer loop
      vertex 252.4 5.771116901401527 2.899306066057961
      vertex 252.4 5.635159698893432 3.175
      vertex 252.4 1.564840301106571 3.175
    endloop
  endfacet
  facet normal 0 -0.6593458151000657 -0.7518398074789802
    outer loop
      vertex 252.4 5.26170093578839 3.661700935788387
      vertex 255.5 5.26170093578839 3.661700935788387
      vertex 252.4 5.030589358170495 3.864380349684403
    endloop
  endfacet
  facet normal 1 0 0
    outer loop
      vertex 252.4 5.635159698893432 3.175
      vertex 252.4 5.464380349684404 3.4305893581704936
      vertex 252.4 1.7356196503155985 3.4305893581704936
    endloop
  endfacet
  facet normal 1 0 0
    outer loop
      vertex 252.4 5.464380349684404 3.4305893581704936
      vertex 252.4 5.26170093578839 3.661700935788387
      vertex 252.4 1.9382990642116127 3.661700935788387
    endloop
  endfacet
  facet normal 1 0 0
    outer loop
      vertex 252.4 5.771116901401527 2.899306066057961
      vertex 252.4 1.564840301106571 3.175
      vertex 252.4 1.428883098598476 2.899306066057961
    endloop
  endfacet
  facet normal 1 0 0
    outer loop
      vertex 252.4 5.635159698893432 3.175
      vertex 252.4 1.7356196503155985 3.4305893581704936
      vertex 252.4 1.564840301106571 3.175
    endloop
  endfacet
  facet normal 1 0 0
    outer loop
      vertex 252.4 5.464380349684404 3.4305893581704936
      vertex 252.4 1.9382990642116127 3.661700935788387
      vertex 252.4 1.7356196503155985 3.4305893581704936
    endloop
  endfacet
  facet normal 1 0 0
    outer loop
      vertex 252.4 5.26170093578839 3.661700935788387
      vertex 252.4 2.169410641829508 3.864380349684403
      vertex 252.4 1.9382990642116127 3.661700935788387
    endloop
  endfacet
  facet normal 0 0.9807852804032329 -0.1950903220161162
    outer loop
      vertex 252.4 1.2701045757715477 2.306736551717121
      vertex 252.4 1.3300743082206878 2.608224755990924
      vertex 255.5 1.3300743082206878 2.608224755990924
    endloop
  endfacet
  facet normal 0 0.9469301294951041 -0.3214394653031661
    outer loop
      vertex 252.4 1.3300743082206878 2.608224755990924
      vertex 252.4 1.428883098598476 2.899306066057961
      vertex 255.5 1.428883098598476 2.899306066057961
    endloop
  endfacet
  facet normal 0 0.9469301294951041 -0.3214394653031661
    outer loop
      vertex 252.4 1.3300743082206878 2.608224755990924
      vertex 255.5 1.428883098598476 2.899306066057961
      vertex 255.5 1.3300743082206878 2.608224755990924
    endloop
  endfacet
  facet normal 0 0.9978589232386031 0.06540312923015
    outer loop
      vertex 252.4 1.2701045757715477 1.6932634482828788
      vertex 252.4 1.25 2
      vertex 255.5 1.25 2
    endloop
  endfacet
  facet normal 0 0.9978589232386031 -0.06540312923015
    outer loop
      vertex 252.4 1.25 2
      vertex 252.4 1.2701045757715477 2.306736551717121
      vertex 255.5 1.2701045757715477 2.306736551717121
    endloop
  endfacet
  facet normal 0 0.9978589232386031 -0.06540312923015
    outer loop
      vertex 252.4 1.25 2
      vertex 255.5 1.2701045757715477 2.306736551717121
      vertex 255.5 1.25 2
    endloop
  endfacet
  facet normal 0 0.9807852804032329 -0.1950903220161162
    outer loop
      vertex 252.4 1.2701045757715477 2.306736551717121
      vertex 255.5 1.3300743082206878 2.608224755990924
      vertex 255.5 1.2701045757715477 2.306736551717121
    endloop
  endfacet
  facet normal 0 0.8968727415326856 -0.4422886902190069
    outer loop
      vertex 252.4 1.428883098598476 2.899306066057961
      vertex 252.4 1.564840301106571 3.175
      vertex 255.5 1.564840301106571 3.175
    endloop
  endfacet
  facet normal 0 0.8314696123025466 -0.5555702330196003
    outer loop
      vertex 252.4 1.564840301106571 3.175
      vertex 252.4 1.7356196503155985 3.4305893581704936
      vertex 255.5 1.7356196503155985 3.4305893581704936
    endloop
  endfacet
  facet normal 0 0.7518398074789805 -0.6593458151000653
    outer loop
      vertex 252.4 1.7356196503155985 3.4305893581704936
      vertex 252.4 1.9382990642116127 3.661700935788387
      vertex 255.5 1.9382990642116127 3.661700935788387
    endloop
  endfacet
  facet normal 0 0.8968727415326856 -0.4422886902190069
    outer loop
      vertex 252.4 1.428883098598476 2.899306066057961
      vertex 255.5 1.564840301106571 3.175
      vertex 255.5 1.428883098598476 2.899306066057961
    endloop
  endfacet
  facet normal 0 0.8314696123025466 -0.5555702330196003
    outer loop
      vertex 252.4 1.564840301106571 3.175
      vertex 255.5 1.7356196503155985 3.4305893581704936
      vertex 255.5 1.564840301106571 3.175
    endloop
  endfacet
  facet normal 0 0.6593458151000657 -0.7518398074789802
    outer loop
      vertex 252.4 1.9382990642116127 3.661700935788387
      vertex 255.5 2.169410641829508 3.864380349684403
      vertex 255.5 1.9382990642116127 3.661700935788387
    endloop
  endfacet
  facet normal 0 0.7518398074789805 -0.6593458151000653
    outer loop
      vertex 252.4 1.7356196503155985 3.4305893581704936
      vertex 255.5 1.9382990642116127 3.661700935788387
      vertex 255.5 1.7356196503155985 3.4305893581704936
    endloop
  endfacet
  facet normal 0 -0.5555702330195963 -0.8314696123025491
    outer loop
      vertex 252.4 5.030589358170495 3.864380349684403
      vertex 255.5 5.030589358170495 3.864380349684403
      vertex 252.4 4.774999999999999 4.03515969889343
    endloop
  endfacet
  facet normal 0 -0.4422886902190045 -0.8968727415326867
    outer loop
      vertex 252.4 4.774999999999999 4.03515969889343
      vertex 255.5 4.774999999999999 4.03515969889343
      vertex 252.4 4.499306066057962 4.171116901401524
    endloop
  endfacet
  facet normal 1 0 0
    outer loop
      vertex 252.4 5.26170093578839 3.661700935788387
      vertex 252.4 5.030589358170495 3.864380349684403
      vertex 252.4 2.169410641829508 3.864380349684403
    endloop
  endfacet
  facet normal 1 0 0
    outer loop
      vertex 252.4 5.030589358170495 3.864380349684403
      vertex 252.4 4.774999999999999 4.03515969889343
      vertex 252.4 2.4250000000000043 4.03515969889343
    endloop
  endfacet
  facet normal 0 -0.3214394653031627 -0.9469301294951052
    outer loop
      vertex 252.4 4.499306066057962 4.171116901401524
      vertex 255.5 4.499306066057962 4.171116901401524
      vertex 252.4 4.208224755990926 4.26992569177931
    endloop
  endfacet
  facet normal 1 0 0
    outer loop
      vertex 252.4 4.774999999999999 4.03515969889343
      vertex 252.4 4.499306066057962 4.171116901401524
      vertex 252.4 2.7006939339420413 4.171116901401524
    endloop
  endfacet
  facet normal 0 -0.19509032201613036 -0.98078528040323
    outer loop
      vertex 252.4 4.208224755990926 4.26992569177931
      vertex 255.5 4.208224755990926 4.26992569177931
      vertex 252.4 3.906736551717124 4.329895424228455
    endloop
  endfacet
  facet normal 0 -0.6593458151000657 -0.7518398074789802
    outer loop
      vertex 252.4 5.030589358170495 3.864380349684403
      vertex 255.5 5.26170093578839 3.661700935788387
      vertex 255.5 5.030589358170495 3.864380349684403
    endloop
  endfacet
  facet normal -3.8970307412071245e-16 -0.5555702330195931 -0.8314696123025515
    outer loop
      vertex 252.4 4.774999999999999 4.03515969889343
      vertex 255.5 5.030589358170495 3.864380349684403
      vertex 255.5 4.827620207977489 4
    endloop
  endfacet
  facet normal 0 -0.5555702330196088 -0.8314696123025408
    outer loop
      vertex 252.4 4.774999999999999 4.03515969889343
      vertex 255.5 4.827620207977489 4
      vertex 255.5 4.774999999999999 4.03515969889343
    endloop
  endfacet
  facet normal 0 -0.4422886902190045 -0.8968727415326867
    outer loop
      vertex 252.4 4.499306066057962 4.171116901401524
      vertex 255.5 4.774999999999999 4.03515969889343
      vertex 255.5 4.499306066057962 4.171116901401524
    endloop
  endfacet
  facet normal 0 -0.3214394653031627 -0.9469301294951052
    outer loop
      vertex 252.4 4.208224755990926 4.26992569177931
      vertex 255.5 4.499306066057962 4.171116901401524
      vertex 255.5 4.208224755990926 4.26992569177931
    endloop
  endfacet
  facet normal 0 -0.19509032201613036 -0.98078528040323
    outer loop
      vertex 252.4 3.906736551717124 4.329895424228455
      vertex 255.5 4.208224755990926 4.26992569177931
      vertex 255.5 3.906736551717124 4.329895424228455
    endloop
  endfacet
  facet normal 1 0 0
    outer loop
      vertex 252.4 4.774999999999999 4.03515969889343
      vertex 252.4 2.7006939339420413 4.171116901401524
      vertex 252.4 2.4250000000000043 4.03515969889343
    endloop
  endfacet
  facet normal 1 0 0
    outer loop
      vertex 252.4 4.499306066057962 4.171116901401524
      vertex 252.4 2.9917752440090766 4.26992569177931
      vertex 252.4 2.7006939339420413 4.171116901401524
    endloop
  endfacet
  facet normal 1 0 0
    outer loop
      vertex 252.4 5.030589358170495 3.864380349684403
      vertex 252.4 2.4250000000000043 4.03515969889343
      vertex 252.4 2.169410641829508 3.864380349684403
    endloop
  endfacet
  facet normal 1 0 0
    outer loop
      vertex 252.4 4.499306066057962 4.171116901401524
      vertex 252.4 4.208224755990926 4.26992569177931
      vertex 252.4 2.9917752440090766 4.26992569177931
    endloop
  endfacet
  facet normal 1 0 0
    outer loop
      vertex 252.4 4.208224755990926 4.26992569177931
      vertex 252.4 3.906736551717124 4.329895424228455
      vertex 252.4 3.293263448282879 4.329895424228455
    endloop
  endfacet
  facet normal 1 0 0
    outer loop
      vertex 252.4 3.906736551717124 4.329895424228455
      vertex 252.4 3.6000000000000014 4.35
      vertex 252.4 3.293263448282879 4.329895424228455
    endloop
  endfacet
  facet normal 0 -0.06540312923014109 -0.9978589232386037
    outer loop
      vertex 252.4 3.906736551717124 4.329895424228455
      vertex 255.5 3.906736551717124 4.329895424228455
      vertex 252.4 3.6000000000000014 4.35
    endloop
  endfacet
  facet normal 1 0 0
    outer loop
      vertex 252.4 4.208224755990926 4.26992569177931
      vertex 252.4 3.293263448282879 4.329895424228455
      vertex 252.4 2.9917752440090766 4.26992569177931
    endloop
  endfacet
  facet normal 0 0.06540312923014109 -0.9978589232386037
    outer loop
      vertex 252.4 3.6000000000000014 4.35
      vertex 255.5 3.6000000000000014 4.35
      vertex 252.4 3.293263448282879 4.329895424228455
    endloop
  endfacet
  facet normal 0 0.19509032201613036 -0.98078528040323
    outer loop
      vertex 252.4 3.293263448282879 4.329895424228455
      vertex 255.5 3.293263448282879 4.329895424228455
      vertex 252.4 2.9917752440090766 4.26992569177931
    endloop
  endfacet
  facet normal 0 0.3214394653031627 -0.9469301294951052
    outer loop
      vertex 252.4 2.7006939339420413 4.171116901401524
      vertex 252.4 2.9917752440090766 4.26992569177931
      vertex 255.5 2.9917752440090766 4.26992569177931
    endloop
  endfacet
  facet normal 0 0.3214394653031627 -0.9469301294951052
    outer loop
      vertex 252.4 2.7006939339420413 4.171116901401524
      vertex 255.5 2.9917752440090766 4.26992569177931
      vertex 255.5 2.7006939339420413 4.171116901401524
    endloop
  endfacet
  facet normal 0 -0.06540312923014109 -0.9978589232386037
    outer loop
      vertex 252.4 3.6000000000000014 4.35
      vertex 255.5 3.906736551717124 4.329895424228455
      vertex 255.5 3.6000000000000014 4.35
    endloop
  endfacet
  facet normal 0 0.06540312923014109 -0.9978589232386037
    outer loop
      vertex 252.4 3.293263448282879 4.329895424228455
      vertex 255.5 3.6000000000000014 4.35
      vertex 255.5 3.293263448282879 4.329895424228455
    endloop
  endfacet
  facet normal 0 0.19509032201613036 -0.98078528040323
    outer loop
      vertex 252.4 2.9917752440090766 4.26992569177931
      vertex 255.5 3.293263448282879 4.329895424228455
      vertex 255.5 2.9917752440090766 4.26992569177931
    endloop
  endfacet
  facet normal 0 0.5555702330195963 -0.8314696123025491
    outer loop
      vertex 252.4 2.169410641829508 3.864380349684403
      vertex 252.4 2.4250000000000043 4.03515969889343
      vertex 255.5 2.4250000000000043 4.03515969889343
    endloop
  endfacet
  facet normal 0 0.6593458151000657 -0.7518398074789802
    outer loop
      vertex 252.4 1.9382990642116127 3.661700935788387
      vertex 252.4 2.169410641829508 3.864380349684403
      vertex 255.5 2.169410641829508 3.864380349684403
    endloop
  endfacet
  facet normal 0 0.4422886902190045 -0.8968727415326867
    outer loop
      vertex 252.4 2.7006939339420413 4.171116901401524
      vertex 255.5 2.7006939339420413 4.171116901401524
      vertex 252.4 2.4250000000000043 4.03515969889343
    endloop
  endfacet
  facet normal -1.4854966103114979e-15 0.5555702330196091 -0.8314696123025407
    outer loop
      vertex 252.4 2.169410641829508 3.864380349684403
      vertex 255.5 2.4250000000000043 4.03515969889343
      vertex 255.5 2.372379792022514 4
    endloop
  endfacet
  facet normal 0 0.555570233019593 -0.8314696123025515
    outer loop
      vertex 252.4 2.169410641829508 3.864380349684403
      vertex 255.5 2.372379792022514 4
      vertex 255.5 2.169410641829508 3.864380349684403
    endloop
  endfacet
  facet normal 0 0.4422886902190045 -0.8968727415326867
    outer loop
      vertex 252.4 2.4250000000000043 4.03515969889343
      vertex 255.5 2.7006939339420413 4.171116901401524
      vertex 255.5 2.4250000000000043 4.03515969889343
    endloop
  endfacet
  facet normal 0 -0.7518398074789806 0.6593458151000653
    outer loop
      vertex 3.6 11.061700935788387 0.33829906421161304
      vertex 0.5 11.264380349684401 0.5694106418295064
      vertex 0.5 11.061700935788387 0.33829906421161304
    endloop
  endfacet
  facet normal 0 -0.6593458151000654 0.7518398074789805
    outer loop
      vertex 3.6 10.830589358170492 0.1356196503155973
      vertex 0.5 11.061700935788387 0.33829906421161304
      vertex 0.5 10.830589358170492 0.1356196503155973
    endloop
  endfacet
  facet normal 0 -0.5555702330195936 0.831469612302551
    outer loop
      vertex 3.6 10.830589358170492 0.1356196503155973
      vertex 0.5 10.830589358170492 0.1356196503155973
      vertex 0.5 10.627620207977486 0
    endloop
  endfacet
  facet normal 0 -0.8314696123025462 0.5555702330196006
    outer loop
      vertex 3.6 11.264380349684401 0.5694106418295064
      vertex 0.5 11.435159698893429 0.825
      vertex 0.5 11.264380349684401 0.5694106418295064
    endloop
  endfacet
  facet normal 0 -0.8968727415326857 0.4422886902190066
    outer loop
      vertex 3.6 11.435159698893429 0.825
      vertex 0.5 11.571116901401524 1.100693933942039
      vertex 0.5 11.435159698893429 0.825
    endloop
  endfacet
  facet normal 0 -0.5555702330195936 0.831469612302551
    outer loop
      vertex 3.6 10.830589358170492 0.1356196503155973
      vertex 0.5 10.627620207977486 0
      vertex 3.6 10.627620207977486 0
    endloop
  endfacet
  facet normal 0 -0.6593458151000654 0.7518398074789805
    outer loop
      vertex 3.6 10.830589358170492 0.1356196503155973
      vertex 3.6 11.061700935788387 0.33829906421161304
      vertex 0.5 11.061700935788387 0.33829906421161304
    endloop
  endfacet
  facet normal 0 -0.7518398074789806 0.6593458151000653
    outer loop
      vertex 3.6 11.061700935788387 0.33829906421161304
      vertex 3.6 11.264380349684401 0.5694106418295064
      vertex 0.5 11.264380349684401 0.5694106418295064
    endloop
  endfacet
  facet normal 0 -0.8314696123025462 0.5555702330196006
    outer loop
      vertex 3.6 11.264380349684401 0.5694106418295064
      vertex 3.6 11.435159698893429 0.825
      vertex 0.5 11.435159698893429 0.825
    endloop
  endfacet
  facet normal 0 -0.9469301294951041 0.3214394653031659
    outer loop
      vertex 3.6 11.571116901401524 1.100693933942039
      vertex 0.5 11.669925691779312 1.3917752440090763
      vertex 0.5 11.571116901401524 1.100693933942039
    endloop
  endfacet
  facet normal 0 -0.9807852804032328 0.1950903220161163
    outer loop
      vertex 3.6 11.669925691779312 1.3917752440090763
      vertex 0.5 11.729895424228452 1.6932634482828788
      vertex 0.5 11.669925691779312 1.3917752440090763
    endloop
  endfacet
  facet normal 0 -0.997858923238603 0.06540312923014999
    outer loop
      vertex 3.6 11.729895424228452 1.6932634482828788
      vertex 0.5 11.75 2
      vertex 0.5 11.729895424228452 1.6932634482828788
    endloop
  endfacet
  facet normal 0 -0.8968727415326857 0.4422886902190066
    outer loop
      vertex 3.6 11.435159698893429 0.825
      vertex 3.6 11.571116901401524 1.100693933942039
      vertex 0.5 11.571116901401524 1.100693933942039
    endloop
  endfacet
  facet normal 0 -0.9469301294951041 0.3214394653031659
    outer loop
      vertex 3.6 11.571116901401524 1.100693933942039
      vertex 3.6 11.669925691779312 1.3917752440090763
      vertex 0.5 11.669925691779312 1.3917752440090763
    endloop
  endfacet
  facet normal 0 -0.9807852804032328 0.1950903220161163
    outer loop
      vertex 3.6 11.669925691779312 1.3917752440090763
      vertex 3.6 11.729895424228452 1.6932634482828788
      vertex 0.5 11.729895424228452 1.6932634482828788
    endloop
  endfacet
  facet normal 0 -0.997858923238603 -0.06540312923014999
    outer loop
      vertex 3.6 11.75 2
      vertex 0.5 11.729895424228452 2.306736551717121
      vertex 0.5 11.75 2
    endloop
  endfacet
  facet normal 0 -0.9807852804032329 -0.1950903220161162
    outer loop
      vertex 3.6 11.729895424228452 2.306736551717121
      vertex 0.5 11.669925691779312 2.608224755990924
      vertex 0.5 11.729895424228452 2.306736551717121
    endloop
  endfacet
  facet normal 0 -0.9469301294951041 -0.32143946530316614
    outer loop
      vertex 3.6 11.669925691779312 2.608224755990924
      vertex 0.5 11.571116901401524 2.899306066057961
      vertex 0.5 11.669925691779312 2.608224755990924
    endloop
  endfacet
  facet normal 0 -0.997858923238603 0.06540312923014999
    outer loop
      vertex 3.6 11.729895424228452 1.6932634482828788
      vertex 3.6 11.75 2
      vertex 0.5 11.75 2
    endloop
  endfacet
  facet normal 0 -0.997858923238603 -0.06540312923014999
    outer loop
      vertex 3.6 11.75 2
      vertex 3.6 11.729895424228452 2.306736551717121
      vertex 0.5 11.729895424228452 2.306736551717121
    endloop
  endfacet
  facet normal 0 -0.9807852804032329 -0.1950903220161162
    outer loop
      vertex 3.6 11.729895424228452 2.306736551717121
      vertex 3.6 11.669925691779312 2.608224755990924
      vertex 0.5 11.669925691779312 2.608224755990924
    endloop
  endfacet
  facet normal 0 -0.9469301294951041 -0.32143946530316614
    outer loop
      vertex 3.6 11.669925691779312 2.608224755990924
      vertex 3.6 11.571116901401524 2.899306066057961
      vertex 0.5 11.571116901401524 2.899306066057961
    endloop
  endfacet
  facet normal 0 -0.8968727415326856 -0.44228869021900685
    outer loop
      vertex 3.6 11.571116901401524 2.899306066057961
      vertex 0.5 11.435159698893429 3.175
      vertex 0.5 11.571116901401524 2.899306066057961
    endloop
  endfacet
  facet normal 0 -0.8314696123025465 -0.5555702330196003
    outer loop
      vertex 3.6 11.435159698893429 3.175
      vertex 0.5 11.264380349684401 3.4305893581704936
      vertex 0.5 11.435159698893429 3.175
    endloop
  endfacet
  facet normal 0 -0.7518398074789806 -0.6593458151000653
    outer loop
      vertex 3.6 11.264380349684401 3.4305893581704936
      vertex 0.5 11.061700935788387 3.661700935788387
      vertex 0.5 11.264380349684401 3.4305893581704936
    endloop
  endfacet
  facet normal 0 -0.6593458151000657 -0.7518398074789802
    outer loop
      vertex 3.6 11.061700935788387 3.661700935788387
      vertex 0.5 10.830589358170492 3.864380349684403
      vertex 0.5 11.061700935788387 3.661700935788387
    endloop
  endfacet
  facet normal 0 -0.8968727415326856 -0.44228869021900685
    outer loop
      vertex 3.6 11.571116901401524 2.899306066057961
      vertex 3.6 11.435159698893429 3.175
      vertex 0.5 11.435159698893429 3.175
    endloop
  endfacet
  facet normal 0 -0.8314696123025465 -0.5555702330196003
    outer loop
      vertex 3.6 11.435159698893429 3.175
      vertex 3.6 11.264380349684401 3.4305893581704936
      vertex 0.5 11.264380349684401 3.4305893581704936
    endloop
  endfacet
  facet normal 0 -0.7518398074789806 -0.6593458151000653
    outer loop
      vertex 3.6 11.264380349684401 3.4305893581704936
      vertex 3.6 11.061700935788387 3.661700935788387
      vertex 0.5 11.061700935788387 3.661700935788387
    endloop
  endfacet
  facet normal 0 -0.555570233019593 -0.8314696123025515
    outer loop
      vertex 3.6 10.830589358170492 3.864380349684403
      vertex 0.5 10.627620207977486 4
      vertex 0.5 10.830589358170492 3.864380349684403
    endloop
  endfacet
  facet normal 1.485496610311495e-15 -0.5555702330196091 -0.8314696123025408
    outer loop
      vertex 3.6 10.830589358170492 3.864380349684403
      vertex 0.5 10.574999999999996 4.03515969889343
      vertex 0.5 10.627620207977486 4
    endloop
  endfacet
  facet normal 0 -0.4422886902190045 -0.8968727415326867
    outer loop
      vertex 3.6 10.574999999999996 4.03515969889343
      vertex 0.5 10.299306066057959 4.171116901401524
      vertex 0.5 10.574999999999996 4.03515969889343
    endloop
  endfacet
  facet normal 0 -0.6593458151000657 -0.7518398074789802
    outer loop
      vertex 3.6 11.061700935788387 3.661700935788387
      vertex 3.6 10.830589358170492 3.864380349684403
      vertex 0.5 10.830589358170492 3.864380349684403
    endloop
  endfacet
  facet normal 0 -0.5555702330195963 -0.8314696123025492
    outer loop
      vertex 3.6 10.830589358170492 3.864380349684403
      vertex 3.6 10.574999999999996 4.03515969889343
      vertex 0.5 10.574999999999996 4.03515969889343
    endloop
  endfacet
  facet normal -1 0 0
    outer loop
      vertex 3.6 10.830589358170492 0.1356196503155973
      vertex 3.6 10.627620207977486 0
      vertex 3.6 7.969410641829505 0.1356196503155973
    endloop
  endfacet
  facet normal -1 0 0
    outer loop
      vertex 3.6 10.830589358170492 0.1356196503155973
      vertex 3.6 7.969410641829505 0.1356196503155973
      vertex 3.6 11.061700935788387 0.33829906421161304
    endloop
  endfacet
  facet normal -1 0 0
    outer loop
      vertex 3.6 11.061700935788387 0.33829906421161304
      vertex 3.6 7.73829906421161 0.33829906421161304
      vertex 3.6 11.264380349684401 0.5694106418295064
    endloop
  endfacet
  facet normal -1 0 0
    outer loop
      vertex 3.6 11.264380349684401 0.5694106418295064
      vertex 3.6 7.535619650315596 0.5694106418295064
      vertex 3.6 11.435159698893429 0.825
    endloop
  endfacet
  facet normal -1 0 0
    outer loop
      vertex 3.6 11.435159698893429 0.825
      vertex 3.6 7.364840301106568 0.825
      vertex 3.6 11.571116901401524 1.100693933942039
    endloop
  endfacet
  facet normal 0 0.5555702330195936 0.831469612302551
    outer loop
      vertex 0.5 8.172379792022511 0
      vertex 0.5 7.969410641829505 0.1356196503155973
      vertex 0.9998651120483215 8.172379792022511 0
    endloop
  endfacet
  facet normal -1 0 0
    outer loop
      vertex 3.6 7.969410641829505 0.1356196503155973
      vertex 3.6 10.627620207977486 0
      vertex 3.6 8.172379792022511 0
    endloop
  endfacet
  facet normal -1 0 0
    outer loop
      vertex 3.6 11.061700935788387 0.33829906421161304
      vertex 3.6 7.969410641829505 0.1356196503155973
      vertex 3.6 7.73829906421161 0.33829906421161304
    endloop
  endfacet
  facet normal 0 0.5555702330195936 0.831469612302551
    outer loop
      vertex 3.6 7.969410641829505 0.1356196503155973
      vertex 0.9998651120483215 8.172379792022511 0
      vertex 0.5 7.969410641829505 0.1356196503155973
    endloop
  endfacet
  facet normal 0 0.6593458151000654 0.7518398074789805
    outer loop
      vertex 3.6 7.969410641829505 0.1356196503155973
      vertex 0.5 7.969410641829505 0.1356196503155973
      vertex 3.6 7.73829906421161 0.33829906421161304
    endloop
  endfacet
  facet normal 0 0.5555702330195936 0.8314696123025509
    outer loop
      vertex 3.6 7.969410641829505 0.1356196503155973
      vertex 3.6 8.172379792022511 0
      vertex 0.9998651120483215 8.172379792022511 0
    endloop
  endfacet
  facet normal -1 0 0
    outer loop
      vertex 3.6 11.264380349684401 0.5694106418295064
      vertex 3.6 7.73829906421161 0.33829906421161304
      vertex 3.6 7.535619650315596 0.5694106418295064
    endloop
  endfacet
  facet normal -1 0 0
    outer loop
      vertex 3.6 7.535619650315596 0.5694106418295064
      vertex 3.6 7.364840301106568 0.825
      vertex 3.6 11.435159698893429 0.825
    endloop
  endfacet
  facet normal -1 0 0
    outer loop
      vertex 3.6 11.571116901401524 1.100693933942039
      vertex 3.6 7.228883098598473 1.100693933942039
      vertex 3.6 11.669925691779312 1.3917752440090763
    endloop
  endfacet
  facet normal -1 0 0
    outer loop
      vertex 3.6 11.669925691779312 1.3917752440090763
      vertex 3.6 7.130074308220685 1.3917752440090763
      vertex 3.6 11.729895424228452 1.6932634482828788
    endloop
  endfacet
  facet normal -1 0 0
    outer loop
      vertex 3.6 11.729895424228452 1.6932634482828788
      vertex 3.6 7.070104575771545 1.6932634482828788
      vertex 3.6 11.75 2
    endloop
  endfacet
  facet normal -1 0 0
    outer loop
      vertex 3.6 11.571116901401524 1.100693933942039
      vertex 3.6 7.364840301106568 0.825
      vertex 3.6 7.228883098598473 1.100693933942039
    endloop
  endfacet
  facet normal -1 0 0
    outer loop
      vertex 3.6 11.669925691779312 1.3917752440090763
      vertex 3.6 7.228883098598473 1.100693933942039
      vertex 3.6 7.130074308220685 1.3917752440090763
    endloop
  endfacet
  facet normal -1 0 0
    outer loop
      vertex 3.6 11.729895424228452 1.6932634482828788
      vertex 3.6 7.130074308220685 1.3917752440090763
      vertex 3.6 7.070104575771545 1.6932634482828788
    endloop
  endfacet
  facet normal 0 0.6593458151000654 0.7518398074789805
    outer loop
      vertex 3.6 7.73829906421161 0.33829906421161304
      vertex 0.5 7.969410641829505 0.1356196503155973
      vertex 0.5 7.73829906421161 0.33829906421161304
    endloop
  endfacet
  facet normal 0 0.7518398074789806 0.6593458151000653
    outer loop
      vertex 3.6 7.535619650315596 0.5694106418295064
      vertex 0.5 7.73829906421161 0.33829906421161304
      vertex 0.5 7.535619650315596 0.5694106418295064
    endloop
  endfacet
  facet normal 0 0.8314696123025462 0.5555702330196006
    outer loop
      vertex 3.6 7.364840301106568 0.825
      vertex 0.5 7.535619650315596 0.5694106418295064
      vertex 0.5 7.364840301106568 0.825
    endloop
  endfacet
  facet normal 0 0.7518398074789806 0.6593458151000653
    outer loop
      vertex 3.6 7.73829906421161 0.33829906421161304
      vertex 0.5 7.73829906421161 0.33829906421161304
      vertex 3.6 7.535619650315596 0.5694106418295064
    endloop
  endfacet
  facet normal 0 0.8314696123025462 0.5555702330196006
    outer loop
      vertex 3.6 7.535619650315596 0.5694106418295064
      vertex 0.5 7.535619650315596 0.5694106418295064
      vertex 3.6 7.364840301106568 0.825
    endloop
  endfacet
  facet normal 0 0.8968727415326857 0.4422886902190066
    outer loop
      vertex 3.6 7.364840301106568 0.825
      vertex 0.5 7.364840301106568 0.825
      vertex 3.6 7.228883098598473 1.100693933942039
    endloop
  endfacet
  facet normal 0 0.8968727415326857 0.4422886902190066
    outer loop
      vertex 3.6 7.228883098598473 1.100693933942039
      vertex 0.5 7.364840301106568 0.825
      vertex 0.5 7.228883098598473 1.100693933942039
    endloop
  endfacet
  facet normal 0 0.9469301294951041 0.3214394653031659
    outer loop
      vertex 3.6 7.130074308220685 1.3917752440090763
      vertex 0.5 7.228883098598473 1.100693933942039
      vertex 0.5 7.130074308220685 1.3917752440090763
    endloop
  endfacet
  facet normal 0 0.9807852804032328 0.1950903220161163
    outer loop
      vertex 3.6 7.070104575771545 1.6932634482828788
      vertex 0.5 7.130074308220685 1.3917752440090763
      vertex 0.5 7.070104575771545 1.6932634482828788
    endloop
  endfacet
  facet normal 0 0.9469301294951041 0.3214394653031659
    outer loop
      vertex 3.6 7.228883098598473 1.100693933942039
      vertex 0.5 7.228883098598473 1.100693933942039
      vertex 3.6 7.130074308220685 1.3917752440090763
    endloop
  endfacet
  facet normal 0 0.9807852804032328 0.1950903220161163
    outer loop
      vertex 3.6 7.130074308220685 1.3917752440090763
      vertex 0.5 7.130074308220685 1.3917752440090763
      vertex 3.6 7.070104575771545 1.6932634482828788
    endloop
  endfacet
  facet normal 0 0.997858923238603 0.06540312923014999
    outer loop
      vertex 3.6 7.070104575771545 1.6932634482828788
      vertex 0.5 7.070104575771545 1.6932634482828788
      vertex 3.6 7.049999999999997 2
    endloop
  endfacet
  facet normal -1 0 0
    outer loop
      vertex 3.6 11.75 2
      vertex 3.6 7.049999999999997 2
      vertex 3.6 11.729895424228452 2.306736551717121
    endloop
  endfacet
  facet normal -1 0 0
    outer loop
      vertex 3.6 11.729895424228452 2.306736551717121
      vertex 3.6 7.070104575771545 2.306736551717121
      vertex 3.6 11.669925691779312 2.608224755990924
    endloop
  endfacet
  facet normal -1 0 0
    outer loop
      vertex 3.6 11.669925691779312 2.608224755990924
      vertex 3.6 7.130074308220685 2.608224755990924
      vertex 3.6 11.571116901401524 2.899306066057961
    endloop
  endfacet
  facet normal -1 0 0
    outer loop
      vertex 3.6 7.070104575771545 1.6932634482828788
      vertex 3.6 7.049999999999997 2
      vertex 3.6 11.75 2
    endloop
  endfacet
  facet normal -1 0 0
    outer loop
      vertex 3.6 11.729895424228452 2.306736551717121
      vertex 3.6 7.049999999999997 2
      vertex 3.6 7.070104575771545 2.306736551717121
    endloop
  endfacet
  facet normal -1 0 0
    outer loop
      vertex 3.6 11.669925691779312 2.608224755990924
      vertex 3.6 7.070104575771545 2.306736551717121
      vertex 3.6 7.130074308220685 2.608224755990924
    endloop
  endfacet
  facet normal -1 0 0
    outer loop
      vertex 3.6 11.571116901401524 2.899306066057961
      vertex 3.6 7.130074308220685 2.608224755990924
      vertex 3.6 7.228883098598473 2.899306066057961
    endloop
  endfacet
  facet normal -1 0 0
    outer loop
      vertex 3.6 11.571116901401524 2.899306066057961
      vertex 3.6 7.228883098598473 2.899306066057961
      vertex 3.6 11.435159698893429 3.175
    endloop
  endfacet
  facet normal -1 0 0
    outer loop
      vertex 3.6 11.435159698893429 3.175
      vertex 3.6 7.364840301106568 3.175
      vertex 3.6 11.264380349684401 3.4305893581704936
    endloop
  endfacet
  facet normal -1 0 0
    outer loop
      vertex 3.6 11.264380349684401 3.4305893581704936
      vertex 3.6 7.535619650315596 3.4305893581704936
      vertex 3.6 11.061700935788387 3.661700935788387
    endloop
  endfacet
  facet normal -1 0 0
    outer loop
      vertex 3.6 11.061700935788387 3.661700935788387
      vertex 3.6 7.73829906421161 3.661700935788387
      vertex 3.6 10.830589358170492 3.864380349684403
    endloop
  endfacet
  facet normal -1 0 0
    outer loop
      vertex 3.6 7.228883098598473 2.899306066057961
      vertex 3.6 7.364840301106568 3.175
      vertex 3.6 11.435159698893429 3.175
    endloop
  endfacet
  facet normal -1 0 0
    outer loop
      vertex 3.6 11.264380349684401 3.4305893581704936
      vertex 3.6 7.364840301106568 3.175
      vertex 3.6 7.535619650315596 3.4305893581704936
    endloop
  endfacet
  facet normal -1 0 0
    outer loop
      vertex 3.6 11.061700935788387 3.661700935788387
      vertex 3.6 7.535619650315596 3.4305893581704936
      vertex 3.6 7.73829906421161 3.661700935788387
    endloop
  endfacet
  facet normal 0 0.997858923238603 0.06540312923014999
    outer loop
      vertex 3.6 7.049999999999997 2
      vertex 0.5 7.070104575771545 1.6932634482828788
      vertex 0.5 7.049999999999997 2
    endloop
  endfacet
  facet normal 0 0.997858923238603 -0.06540312923014999
    outer loop
      vertex 3.6 7.070104575771545 2.306736551717121
      vertex 0.5 7.049999999999997 2
      vertex 0.5 7.070104575771545 2.306736551717121
    endloop
  endfacet
  facet normal 0 0.9469301294951041 -0.32143946530316614
    outer loop
      vertex 3.6 7.228883098598473 2.899306066057961
      vertex 0.5 7.130074308220685 2.608224755990924
      vertex 0.5 7.228883098598473 2.899306066057961
    endloop
  endfacet
  facet normal 0 0.9807852804032329 -0.1950903220161162
    outer loop
      vertex 3.6 7.130074308220685 2.608224755990924
      vertex 0.5 7.070104575771545 2.306736551717121
      vertex 0.5 7.130074308220685 2.608224755990924
    endloop
  endfacet
  facet normal 0 0.997858923238603 -0.06540312923014999
    outer loop
      vertex 3.6 7.049999999999997 2
      vertex 0.5 7.049999999999997 2
      vertex 3.6 7.070104575771545 2.306736551717121
    endloop
  endfacet
  facet normal 0 0.9807852804032329 -0.1950903220161162
    outer loop
      vertex 3.6 7.070104575771545 2.306736551717121
      vertex 0.5 7.070104575771545 2.306736551717121
      vertex 3.6 7.130074308220685 2.608224755990924
    endloop
  endfacet
  facet normal 0 0.9469301294951041 -0.32143946530316614
    outer loop
      vertex 3.6 7.130074308220685 2.608224755990924
      vertex 0.5 7.130074308220685 2.608224755990924
      vertex 3.6 7.228883098598473 2.899306066057961
    endloop
  endfacet
  facet normal 0 0.8968727415326856 -0.44228869021900685
    outer loop
      vertex 3.6 7.364840301106568 3.175
      vertex 0.5 7.228883098598473 2.899306066057961
      vertex 0.5 7.364840301106568 3.175
    endloop
  endfacet
  facet normal 0 0.8314696123025465 -0.5555702330196003
    outer loop
      vertex 3.6 7.535619650315596 3.4305893581704936
      vertex 0.5 7.364840301106568 3.175
      vertex 0.5 7.535619650315596 3.4305893581704936
    endloop
  endfacet
  facet normal 0 0.7518398074789806 -0.6593458151000653
    outer loop
      vertex 3.6 7.73829906421161 3.661700935788387
      vertex 0.5 7.535619650315596 3.4305893581704936
      vertex 0.5 7.73829906421161 3.661700935788387
    endloop
  endfacet
  facet normal 0 0.8968727415326856 -0.44228869021900685
    outer loop
      vertex 3.6 7.228883098598473 2.899306066057961
      vertex 0.5 7.228883098598473 2.899306066057961
      vertex 3.6 7.364840301106568 3.175
    endloop
  endfacet
  facet normal 0 0.8314696123025465 -0.5555702330196003
    outer loop
      vertex 3.6 7.364840301106568 3.175
      vertex 0.5 7.364840301106568 3.175
      vertex 3.6 7.535619650315596 3.4305893581704936
    endloop
  endfacet
  facet normal 0 0.7518398074789806 -0.6593458151000653
    outer loop
      vertex 3.6 7.535619650315596 3.4305893581704936
      vertex 0.5 7.535619650315596 3.4305893581704936
      vertex 3.6 7.73829906421161 3.661700935788387
    endloop
  endfacet
  facet normal 0 0.6593458151000657 -0.7518398074789802
    outer loop
      vertex 3.6 7.73829906421161 3.661700935788387
      vertex 0.5 7.73829906421161 3.661700935788387
      vertex 3.6 7.969410641829505 3.864380349684403
    endloop
  endfacet
  facet normal 0 -0.32143946530316264 -0.9469301294951052
    outer loop
      vertex 3.6 10.299306066057959 4.171116901401524
      vertex 0.5 10.008224755990923 4.26992569177931
      vertex 0.5 10.299306066057959 4.171116901401524
    endloop
  endfacet
  facet normal 0 -0.19509032201613036 -0.98078528040323
    outer loop
      vertex 3.6 10.008224755990923 4.26992569177931
      vertex 0.5 9.706736551717121 4.329895424228455
      vertex 0.5 10.008224755990923 4.26992569177931
    endloop
  endfacet
  facet normal 0 -0.06540312923014109 -0.9978589232386036
    outer loop
      vertex 3.6 9.706736551717121 4.329895424228455
      vertex 0.5 9.399999999999999 4.35
      vertex 0.5 9.706736551717121 4.329895424228455
    endloop
  endfacet
  facet normal 0 0.06540312923014109 -0.9978589232386036
    outer loop
      vertex 3.6 9.399999999999999 4.35
      vertex 0.5 9.093263448282876 4.329895424228455
      vertex 0.5 9.399999999999999 4.35
    endloop
  endfacet
  facet normal 0 -0.4422886902190045 -0.8968727415326867
    outer loop
      vertex 3.6 10.574999999999996 4.03515969889343
      vertex 3.6 10.299306066057959 4.171116901401524
      vertex 0.5 10.299306066057959 4.171116901401524
    endloop
  endfacet
  facet normal -1 0 0
    outer loop
      vertex 3.6 10.830589358170492 3.864380349684403
      vertex 3.6 7.969410641829505 3.864380349684403
      vertex 3.6 10.574999999999996 4.03515969889343
    endloop
  endfacet
  facet normal -1 0 0
    outer loop
      vertex 3.6 10.574999999999996 4.03515969889343
      vertex 3.6 8.225000000000001 4.03515969889343
      vertex 3.6 10.299306066057959 4.171116901401524
    endloop
  endfacet
  facet normal -1 0 0
    outer loop
      vertex 3.6 10.299306066057959 4.171116901401524
      vertex 3.6 8.500693933942038 4.171116901401524
      vertex 3.6 10.008224755990923 4.26992569177931
    endloop
  endfacet
  facet normal 0 -0.32143946530316264 -0.9469301294951052
    outer loop
      vertex 3.6 10.299306066057959 4.171116901401524
      vertex 3.6 10.008224755990923 4.26992569177931
      vertex 0.5 10.008224755990923 4.26992569177931
    endloop
  endfacet
  facet normal 0 -0.19509032201613036 -0.98078528040323
    outer loop
      vertex 3.6 10.008224755990923 4.26992569177931
      vertex 3.6 9.706736551717121 4.329895424228455
      vertex 0.5 9.706736551717121 4.329895424228455
    endloop
  endfacet
  facet normal 0 -0.06540312923014109 -0.9978589232386036
    outer loop
      vertex 3.6 9.706736551717121 4.329895424228455
      vertex 3.6 9.399999999999999 4.35
      vertex 0.5 9.399999999999999 4.35
    endloop
  endfacet
  facet normal -1 0 0
    outer loop
      vertex 3.6 10.008224755990923 4.26992569177931
      vertex 3.6 8.791775244009074 4.26992569177931
      vertex 3.6 9.706736551717121 4.329895424228455
    endloop
  endfacet
  facet normal 0 0.06540312923014109 -0.9978589232386036
    outer loop
      vertex 3.6 9.399999999999999 4.35
      vertex 3.6 9.093263448282876 4.329895424228455
      vertex 0.5 9.093263448282876 4.329895424228455
    endloop
  endfacet
  facet normal -1 0 0
    outer loop
      vertex 3.6 9.706736551717121 4.329895424228455
      vertex 3.6 8.791775244009074 4.26992569177931
      vertex 3.6 9.093263448282876 4.329895424228455
    endloop
  endfacet
  facet normal -1 0 0
    outer loop
      vertex 3.6 9.706736551717121 4.329895424228455
      vertex 3.6 9.093263448282876 4.329895424228455
      vertex 3.6 9.399999999999999 4.35
    endloop
  endfacet
  facet normal 0 0.6593458151000657 -0.7518398074789802
    outer loop
      vertex 3.6 7.969410641829505 3.864380349684403
      vertex 0.5 7.73829906421161 3.661700935788387
      vertex 0.5 7.969410641829505 3.864380349684403
    endloop
  endfacet
  facet normal 3.897030741207116e-16 0.555570233019593 -0.8314696123025513
    outer loop
      vertex 3.6 8.225000000000001 4.03515969889343
      vertex 0.5 7.969410641829505 3.864380349684403
      vertex 0.5 8.172379792022511 4
    endloop
  endfacet
  facet normal 0 0.5555702330196088 -0.8314696123025408
    outer loop
      vertex 3.6 8.225000000000001 4.03515969889343
      vertex 0.5 8.172379792022511 4
      vertex 0.5 8.225000000000001 4.03515969889343
    endloop
  endfacet
  facet normal 0 0.4422886902190045 -0.8968727415326867
    outer loop
      vertex 3.6 8.500693933942038 4.171116901401524
      vertex 0.5 8.225000000000001 4.03515969889343
      vertex 0.5 8.500693933942038 4.171116901401524
    endloop
  endfacet
  facet normal 0 0.19509032201613036 -0.98078528040323
    outer loop
      vertex 3.6 9.093263448282876 4.329895424228455
      vertex 0.5 8.791775244009074 4.26992569177931
      vertex 0.5 9.093263448282876 4.329895424228455
    endloop
  endfacet
  facet normal 0 0.32143946530316264 -0.9469301294951052
    outer loop
      vertex 3.6 8.791775244009074 4.26992569177931
      vertex 0.5 8.500693933942038 4.171116901401524
      vertex 0.5 8.791775244009074 4.26992569177931
    endloop
  endfacet
  facet normal -1 0 0
    outer loop
      vertex 3.6 10.830589358170492 3.864380349684403
      vertex 3.6 7.73829906421161 3.661700935788387
      vertex 3.6 7.969410641829505 3.864380349684403
    endloop
  endfacet
  facet normal -1 0 0
    outer loop
      vertex 3.6 10.574999999999996 4.03515969889343
      vertex 3.6 7.969410641829505 3.864380349684403
      vertex 3.6 8.225000000000001 4.03515969889343
    endloop
  endfacet
  facet normal -1 0 0
    outer loop
      vertex 3.6 10.299306066057959 4.171116901401524
      vertex 3.6 8.225000000000001 4.03515969889343
      vertex 3.6 8.500693933942038 4.171116901401524
    endloop
  endfacet
  facet normal 0 0.32143946530316264 -0.9469301294951052
    outer loop
      vertex 3.6 8.500693933942038 4.171116901401524
      vertex 0.5 8.500693933942038 4.171116901401524
      vertex 3.6 8.791775244009074 4.26992569177931
    endloop
  endfacet
  facet normal 0 0.5555702330195963 -0.8314696123025492
    outer loop
      vertex 3.6 7.969410641829505 3.864380349684403
      vertex 0.5 7.969410641829505 3.864380349684403
      vertex 3.6 8.225000000000001 4.03515969889343
    endloop
  endfacet
  facet normal 0 0.4422886902190045 -0.8968727415326867
    outer loop
      vertex 3.6 8.225000000000001 4.03515969889343
      vertex 0.5 8.225000000000001 4.03515969889343
      vertex 3.6 8.500693933942038 4.171116901401524
    endloop
  endfacet
  facet normal 0 0.19509032201613036 -0.98078528040323
    outer loop
      vertex 3.6 9.093263448282876 4.329895424228455
      vertex 3.6 8.791775244009074 4.26992569177931
      vertex 0.5 8.791775244009074 4.26992569177931
    endloop
  endfacet
  facet normal -1 0 0
    outer loop
      vertex 3.6 10.008224755990923 4.26992569177931
      vertex 3.6 8.500693933942038 4.171116901401524
      vertex 3.6 8.791775244009074 4.26992569177931
    endloop
  endfacet
endsolid OpenSCAD_Model
