solid OpenSCAD_Model
  facet normal 0.0653986 -0.997859 0
    outer loop
      vertex 0 -5.5 0
      vertex 0.717894 -5.45295 2.5
      vertex 0 -5.5 2.5
    endloop
  endfacet
  facet normal 0.0653986 -0.997859 0
    outer loop
      vertex 0.717894 -5.45295 2.5
      vertex 0 -5.5 0
      vertex 0.717894 -5.45295 0
    endloop
  endfacet
  facet normal 0.980784 0.195099 0
    outer loop
      vertex 5.45295 0.717894 2.5
      vertex 5.31259 1.4235 0
      vertex 5.31259 1.4235 2.5
    endloop
  endfacet
  facet normal 0.980784 0.195099 0
    outer loop
      vertex 5.31259 1.4235 0
      vertex 5.45295 0.717894 2.5
      vertex 5.45295 0.717894 0
    endloop
  endfacet
  facet normal 0.997859 0.0653986 0
    outer loop
      vertex 5.5 0 2.5
      vertex 5.45295 0.717894 0
      vertex 5.45295 0.717894 2.5
    endloop
  endfacet
  facet normal 0.997859 0.0653986 0
    outer loop
      vertex 5.45295 0.717894 0
      vertex 5.5 0 2.5
      vertex 5.5 0 0
    endloop
  endfacet
  facet normal 0.946933 0.321431 0
    outer loop
      vertex 5.31259 1.4235 2.5
      vertex 5.08134 2.10476 0
      vertex 5.08134 2.10476 2.5
    endloop
  endfacet
  facet normal 0.946933 0.321431 0
    outer loop
      vertex 5.08134 2.10476 0
      vertex 5.31259 1.4235 2.5
      vertex 5.31259 1.4235 0
    endloop
  endfacet
  facet normal -0.997859 -0.0653986 0
    outer loop
      vertex -5.45295 -0.717894 0
      vertex -5.5 0 2.5
      vertex -5.5 0 0
    endloop
  endfacet
  facet normal -0.997859 -0.0653986 0
    outer loop
      vertex -5.5 0 2.5
      vertex -5.45295 -0.717894 0
      vertex -5.45295 -0.717894 2.5
    endloop
  endfacet
  facet normal 0.946933 -0.321431 0
    outer loop
      vertex 5.08134 -2.10476 2.5
      vertex 5.31259 -1.4235 0
      vertex 5.31259 -1.4235 2.5
    endloop
  endfacet
  facet normal 0.946933 -0.321431 0
    outer loop
      vertex 5.31259 -1.4235 0
      vertex 5.08134 -2.10476 2.5
      vertex 5.08134 -2.10476 0
    endloop
  endfacet
  facet normal 0 0 1
    outer loop
      vertex 3.625 0 2.5
      vertex 5.5 0 2.5
      vertex 5.45295 0.717894 2.5
    endloop
  endfacet
  facet normal 0 0 1
    outer loop
      vertex 3.59399 0.473157 2.5
      vertex 5.45295 0.717894 2.5
      vertex 5.31259 1.4235 2.5
    endloop
  endfacet
  facet normal 0 0 1
    outer loop
      vertex 5.5 0 2.5
      vertex 3.625 0 2.5
      vertex 5.45295 -0.717894 2.5
    endloop
  endfacet
  facet normal 0 0 1
    outer loop
      vertex 3.50148 0.938218 2.5
      vertex 5.31259 1.4235 2.5
      vertex 5.08134 2.10476 2.5
    endloop
  endfacet
  facet normal -0 0 1
    outer loop
      vertex 3.59399 -0.473157 2.5
      vertex 5.45295 -0.717894 2.5
      vertex 3.625 0 2.5
    endloop
  endfacet
  facet normal 0 0 1
    outer loop
      vertex 3.34906 1.38723 2.5
      vertex 5.08134 2.10476 2.5
      vertex 4.76314 2.75 2.5
    endloop
  endfacet
  facet normal 0 0 1
    outer loop
      vertex 5.45295 -0.717894 2.5
      vertex 3.59399 -0.473157 2.5
      vertex 5.31259 -1.4235 2.5
    endloop
  endfacet
  facet normal 0 0 1
    outer loop
      vertex 3.13934 1.8125 2.5
      vertex 4.76314 2.75 2.5
      vertex 4.36344 3.34819 2.5
    endloop
  endfacet
  facet normal -0 0 1
    outer loop
      vertex 3.50148 -0.938218 2.5
      vertex 5.31259 -1.4235 2.5
      vertex 3.59399 -0.473157 2.5
    endloop
  endfacet
  facet normal 0 0 1
    outer loop
      vertex 2.87591 2.20676 2.5
      vertex 4.36344 3.34819 2.5
      vertex 3.88909 3.88909 2.5
    endloop
  endfacet
  facet normal 0 0 1
    outer loop
      vertex 5.31259 -1.4235 2.5
      vertex 3.50148 -0.938218 2.5
      vertex 5.08134 -2.10476 2.5
    endloop
  endfacet
  facet normal -0 0 1
    outer loop
      vertex 3.34906 -1.38723 2.5
      vertex 5.08134 -2.10476 2.5
      vertex 3.50148 -0.938218 2.5
    endloop
  endfacet
  facet normal 0 0 1
    outer loop
      vertex 5.45295 0.717894 2.5
      vertex 3.59399 0.473157 2.5
      vertex 3.625 0 2.5
    endloop
  endfacet
  facet normal 0 0 1
    outer loop
      vertex 5.31259 1.4235 2.5
      vertex 3.50148 0.938218 2.5
      vertex 3.59399 0.473157 2.5
    endloop
  endfacet
  facet normal 0 0 1
    outer loop
      vertex 5.08134 2.10476 2.5
      vertex 3.34906 1.38723 2.5
      vertex 3.50148 0.938218 2.5
    endloop
  endfacet
  facet normal 0 0 1
    outer loop
      vertex 2.56326 2.56326 2.5
      vertex 3.88909 3.88909 2.5
      vertex 3.34819 4.36344 2.5
    endloop
  endfacet
  facet normal 0 0 1
    outer loop
      vertex 4.76314 2.75 2.5
      vertex 3.13934 1.8125 2.5
      vertex 3.34906 1.38723 2.5
    endloop
  endfacet
  facet normal 0 0 1
    outer loop
      vertex 4.36344 3.34819 2.5
      vertex 2.87591 2.20676 2.5
      vertex 3.13934 1.8125 2.5
    endloop
  endfacet
  facet normal 0 0 1
    outer loop
      vertex 2.20676 2.87591 2.5
      vertex 3.34819 4.36344 2.5
      vertex 2.75 4.76314 2.5
    endloop
  endfacet
  facet normal 0 0 1
    outer loop
      vertex 3.88909 3.88909 2.5
      vertex 2.56326 2.56326 2.5
      vertex 2.87591 2.20676 2.5
    endloop
  endfacet
  facet normal 0 0 1
    outer loop
      vertex 3.34819 4.36344 2.5
      vertex 2.20676 2.87591 2.5
      vertex 2.56326 2.56326 2.5
    endloop
  endfacet
  facet normal 0 0 1
    outer loop
      vertex 1.8125 3.13934 2.5
      vertex 2.75 4.76314 2.5
      vertex 2.10476 5.08134 2.5
    endloop
  endfacet
  facet normal 0 0 1
    outer loop
      vertex 2.75 4.76314 2.5
      vertex 1.8125 3.13934 2.5
      vertex 2.20676 2.87591 2.5
    endloop
  endfacet
  facet normal 0 0 1
    outer loop
      vertex 1.38723 3.34906 2.5
      vertex 2.10476 5.08134 2.5
      vertex 1.4235 5.31259 2.5
    endloop
  endfacet
  facet normal 0 0 1
    outer loop
      vertex 2.10476 5.08134 2.5
      vertex 1.38723 3.34906 2.5
      vertex 1.8125 3.13934 2.5
    endloop
  endfacet
  facet normal 0 0 1
    outer loop
      vertex 1.4235 5.31259 2.5
      vertex 0.938218 3.50148 2.5
      vertex 1.38723 3.34906 2.5
    endloop
  endfacet
  facet normal 0 0 1
    outer loop
      vertex 0.717894 5.45295 2.5
      vertex 0.938218 3.50148 2.5
      vertex 1.4235 5.31259 2.5
    endloop
  endfacet
  facet normal 0 0 1
    outer loop
      vertex 0.717894 5.45295 2.5
      vertex 0.473157 3.59399 2.5
      vertex 0.938218 3.50148 2.5
    endloop
  endfacet
  facet normal 0 0 1
    outer loop
      vertex 0 5.5 2.5
      vertex 0.473157 3.59399 2.5
      vertex 0.717894 5.45295 2.5
    endloop
  endfacet
  facet normal 0 0 1
    outer loop
      vertex 0 5.5 2.5
      vertex 0 3.625 2.5
      vertex 0.473157 3.59399 2.5
    endloop
  endfacet
  facet normal 0 0 1
    outer loop
      vertex 0 5.5 2.5
      vertex -0.473157 3.59399 2.5
      vertex 0 3.625 2.5
    endloop
  endfacet
  facet normal -0 0 1
    outer loop
      vertex -0.717894 5.45295 2.5
      vertex -0.473157 3.59399 2.5
      vertex 0 5.5 2.5
    endloop
  endfacet
  facet normal 0 0 1
    outer loop
      vertex -0.717894 5.45295 2.5
      vertex -0.938218 3.50148 2.5
      vertex -0.473157 3.59399 2.5
    endloop
  endfacet
  facet normal -0 0 1
    outer loop
      vertex -1.4235 5.31259 2.5
      vertex -0.938218 3.50148 2.5
      vertex -0.717894 5.45295 2.5
    endloop
  endfacet
  facet normal 0 0 1
    outer loop
      vertex -0.938218 3.50148 2.5
      vertex -1.4235 5.31259 2.5
      vertex -1.38723 3.34906 2.5
    endloop
  endfacet
  facet normal -0 0 1
    outer loop
      vertex -2.10476 5.08134 2.5
      vertex -1.38723 3.34906 2.5
      vertex -1.4235 5.31259 2.5
    endloop
  endfacet
  facet normal 0 0 1
    outer loop
      vertex -1.38723 3.34906 2.5
      vertex -2.10476 5.08134 2.5
      vertex -1.8125 3.13934 2.5
    endloop
  endfacet
  facet normal -0 0 1
    outer loop
      vertex -2.75 4.76314 2.5
      vertex -1.8125 3.13934 2.5
      vertex -2.10476 5.08134 2.5
    endloop
  endfacet
  facet normal 0 0 1
    outer loop
      vertex -1.8125 3.13934 2.5
      vertex -2.75 4.76314 2.5
      vertex -2.20676 2.87591 2.5
    endloop
  endfacet
  facet normal -0 0 1
    outer loop
      vertex -3.34819 4.36344 2.5
      vertex -2.20676 2.87591 2.5
      vertex -2.75 4.76314 2.5
    endloop
  endfacet
  facet normal 0 0 1
    outer loop
      vertex -2.20676 2.87591 2.5
      vertex -3.34819 4.36344 2.5
      vertex -2.56326 2.56326 2.5
    endloop
  endfacet
  facet normal -0 0 1
    outer loop
      vertex -3.88909 3.88909 2.5
      vertex -2.56326 2.56326 2.5
      vertex -3.34819 4.36344 2.5
    endloop
  endfacet
  facet normal 0 0 1
    outer loop
      vertex -2.56326 2.56326 2.5
      vertex -3.88909 3.88909 2.5
      vertex -2.87591 2.20676 2.5
    endloop
  endfacet
  facet normal -0 0 1
    outer loop
      vertex -4.36344 3.34819 2.5
      vertex -2.87591 2.20676 2.5
      vertex -3.88909 3.88909 2.5
    endloop
  endfacet
  facet normal 0 0 1
    outer loop
      vertex -2.87591 2.20676 2.5
      vertex -4.36344 3.34819 2.5
      vertex -3.13934 1.8125 2.5
    endloop
  endfacet
  facet normal -0 0 1
    outer loop
      vertex -4.76314 2.75 2.5
      vertex -3.13934 1.8125 2.5
      vertex -4.36344 3.34819 2.5
    endloop
  endfacet
  facet normal 0 0 1
    outer loop
      vertex -3.13934 1.8125 2.5
      vertex -4.76314 2.75 2.5
      vertex -3.34906 1.38723 2.5
    endloop
  endfacet
  facet normal -0 0 1
    outer loop
      vertex -5.08134 2.10476 2.5
      vertex -3.34906 1.38723 2.5
      vertex -4.76314 2.75 2.5
    endloop
  endfacet
  facet normal 0 0 1
    outer loop
      vertex 5.08134 -2.10476 2.5
      vertex 3.34906 -1.38723 2.5
      vertex 4.76314 -2.75 2.5
    endloop
  endfacet
  facet normal -0 0 1
    outer loop
      vertex 3.13934 -1.8125 2.5
      vertex 4.76314 -2.75 2.5
      vertex 3.34906 -1.38723 2.5
    endloop
  endfacet
  facet normal 0 0 1
    outer loop
      vertex 4.76314 -2.75 2.5
      vertex 3.13934 -1.8125 2.5
      vertex 4.36344 -3.34819 2.5
    endloop
  endfacet
  facet normal -0 0 1
    outer loop
      vertex 2.87591 -2.20676 2.5
      vertex 4.36344 -3.34819 2.5
      vertex 3.13934 -1.8125 2.5
    endloop
  endfacet
  facet normal 0 0 1
    outer loop
      vertex 4.36344 -3.34819 2.5
      vertex 2.87591 -2.20676 2.5
      vertex 3.88909 -3.88909 2.5
    endloop
  endfacet
  facet normal -0 0 1
    outer loop
      vertex 2.56326 -2.56326 2.5
      vertex 3.88909 -3.88909 2.5
      vertex 2.87591 -2.20676 2.5
    endloop
  endfacet
  facet normal 0 0 1
    outer loop
      vertex 3.88909 -3.88909 2.5
      vertex 2.56326 -2.56326 2.5
      vertex 3.34819 -4.36344 2.5
    endloop
  endfacet
  facet normal -0 0 1
    outer loop
      vertex 2.20676 -2.87591 2.5
      vertex 3.34819 -4.36344 2.5
      vertex 2.56326 -2.56326 2.5
    endloop
  endfacet
  facet normal 0 0 1
    outer loop
      vertex 3.34819 -4.36344 2.5
      vertex 2.20676 -2.87591 2.5
      vertex 2.75 -4.76314 2.5
    endloop
  endfacet
  facet normal -0 0 1
    outer loop
      vertex 1.8125 -3.13934 2.5
      vertex 2.75 -4.76314 2.5
      vertex 2.20676 -2.87591 2.5
    endloop
  endfacet
  facet normal 0 0 1
    outer loop
      vertex 2.75 -4.76314 2.5
      vertex 1.8125 -3.13934 2.5
      vertex 2.10476 -5.08134 2.5
    endloop
  endfacet
  facet normal -0 0 1
    outer loop
      vertex 1.38723 -3.34906 2.5
      vertex 2.10476 -5.08134 2.5
      vertex 1.8125 -3.13934 2.5
    endloop
  endfacet
  facet normal 0 0 1
    outer loop
      vertex 2.10476 -5.08134 2.5
      vertex 1.38723 -3.34906 2.5
      vertex 1.4235 -5.31259 2.5
    endloop
  endfacet
  facet normal -0 0 1
    outer loop
      vertex 0.938218 -3.50148 2.5
      vertex 1.4235 -5.31259 2.5
      vertex 1.38723 -3.34906 2.5
    endloop
  endfacet
  facet normal 0 0 1
    outer loop
      vertex 0.938218 -3.50148 2.5
      vertex 0.717894 -5.45295 2.5
      vertex 1.4235 -5.31259 2.5
    endloop
  endfacet
  facet normal -0 0 1
    outer loop
      vertex 0.473157 -3.59399 2.5
      vertex 0.717894 -5.45295 2.5
      vertex 0.938218 -3.50148 2.5
    endloop
  endfacet
  facet normal -0 0 1
    outer loop
      vertex 0 -3.625 2.5
      vertex 0.717894 -5.45295 2.5
      vertex 0.473157 -3.59399 2.5
    endloop
  endfacet
  facet normal 0 0 1
    outer loop
      vertex 0 -3.625 2.5
      vertex 0 -5.5 2.5
      vertex 0.717894 -5.45295 2.5
    endloop
  endfacet
  facet normal 0 0 1
    outer loop
      vertex -0.473157 -3.59399 2.5
      vertex 0 -5.5 2.5
      vertex 0 -3.625 2.5
    endloop
  endfacet
  facet normal 0 0 1
    outer loop
      vertex -0.473157 -3.59399 2.5
      vertex -0.717894 -5.45295 2.5
      vertex 0 -5.5 2.5
    endloop
  endfacet
  facet normal 0 0 1
    outer loop
      vertex -0.938218 -3.50148 2.5
      vertex -0.717894 -5.45295 2.5
      vertex -0.473157 -3.59399 2.5
    endloop
  endfacet
  facet normal 0 0 1
    outer loop
      vertex -1.4235 -5.31259 2.5
      vertex -0.938218 -3.50148 2.5
      vertex -1.38723 -3.34906 2.5
    endloop
  endfacet
  facet normal 0 0 1
    outer loop
      vertex -0.938218 -3.50148 2.5
      vertex -1.4235 -5.31259 2.5
      vertex -0.717894 -5.45295 2.5
    endloop
  endfacet
  facet normal 0 0 1
    outer loop
      vertex -2.10476 -5.08134 2.5
      vertex -1.38723 -3.34906 2.5
      vertex -1.8125 -3.13934 2.5
    endloop
  endfacet
  facet normal 0 0 1
    outer loop
      vertex -1.38723 -3.34906 2.5
      vertex -2.10476 -5.08134 2.5
      vertex -1.4235 -5.31259 2.5
    endloop
  endfacet
  facet normal 0 0 1
    outer loop
      vertex -2.75 -4.76314 2.5
      vertex -1.8125 -3.13934 2.5
      vertex -2.20676 -2.87591 2.5
    endloop
  endfacet
  facet normal 0 0 1
    outer loop
      vertex -3.34819 -4.36344 2.5
      vertex -2.20676 -2.87591 2.5
      vertex -2.56326 -2.56326 2.5
    endloop
  endfacet
  facet normal 0 0 1
    outer loop
      vertex -1.8125 -3.13934 2.5
      vertex -2.75 -4.76314 2.5
      vertex -2.10476 -5.08134 2.5
    endloop
  endfacet
  facet normal 0 0 1
    outer loop
      vertex -3.88909 -3.88909 2.5
      vertex -2.56326 -2.56326 2.5
      vertex -2.87591 -2.20676 2.5
    endloop
  endfacet
  facet normal 0 0 1
    outer loop
      vertex -4.36344 -3.34819 2.5
      vertex -2.87591 -2.20676 2.5
      vertex -3.13934 -1.8125 2.5
    endloop
  endfacet
  facet normal 0 0 1
    outer loop
      vertex -2.20676 -2.87591 2.5
      vertex -3.34819 -4.36344 2.5
      vertex -2.75 -4.76314 2.5
    endloop
  endfacet
  facet normal 0 0 1
    outer loop
      vertex -4.76314 -2.75 2.5
      vertex -3.13934 -1.8125 2.5
      vertex -3.34906 -1.38723 2.5
    endloop
  endfacet
  facet normal 0 0 1
    outer loop
      vertex -5.08134 -2.10476 2.5
      vertex -3.34906 -1.38723 2.5
      vertex -3.50148 -0.938218 2.5
    endloop
  endfacet
  facet normal 0 0 1
    outer loop
      vertex -5.31259 -1.4235 2.5
      vertex -3.50148 -0.938218 2.5
      vertex -3.59399 -0.473157 2.5
    endloop
  endfacet
  facet normal 0 0 1
    outer loop
      vertex -5.45295 -0.717894 2.5
      vertex -3.59399 -0.473157 2.5
      vertex -3.625 0 2.5
    endloop
  endfacet
  facet normal 0 0 1
    outer loop
      vertex -3.34906 1.38723 2.5
      vertex -5.08134 2.10476 2.5
      vertex -3.50148 0.938218 2.5
    endloop
  endfacet
  facet normal 0 0 1
    outer loop
      vertex -2.56326 -2.56326 2.5
      vertex -3.88909 -3.88909 2.5
      vertex -3.34819 -4.36344 2.5
    endloop
  endfacet
  facet normal -0 0 1
    outer loop
      vertex -5.31259 1.4235 2.5
      vertex -3.50148 0.938218 2.5
      vertex -5.08134 2.10476 2.5
    endloop
  endfacet
  facet normal 0 0 1
    outer loop
      vertex -2.87591 -2.20676 2.5
      vertex -4.36344 -3.34819 2.5
      vertex -3.88909 -3.88909 2.5
    endloop
  endfacet
  facet normal 0 0 1
    outer loop
      vertex -3.50148 0.938218 2.5
      vertex -5.31259 1.4235 2.5
      vertex -3.59399 0.473157 2.5
    endloop
  endfacet
  facet normal 0 0 1
    outer loop
      vertex -3.13934 -1.8125 2.5
      vertex -4.76314 -2.75 2.5
      vertex -4.36344 -3.34819 2.5
    endloop
  endfacet
  facet normal -0 0 1
    outer loop
      vertex -5.45295 0.717894 2.5
      vertex -3.59399 0.473157 2.5
      vertex -5.31259 1.4235 2.5
    endloop
  endfacet
  facet normal 0 0 1
    outer loop
      vertex -3.34906 -1.38723 2.5
      vertex -5.08134 -2.10476 2.5
      vertex -4.76314 -2.75 2.5
    endloop
  endfacet
  facet normal 0 0 1
    outer loop
      vertex -3.59399 0.473157 2.5
      vertex -5.45295 0.717894 2.5
      vertex -3.625 0 2.5
    endloop
  endfacet
  facet normal 0 0 1
    outer loop
      vertex -3.50148 -0.938218 2.5
      vertex -5.31259 -1.4235 2.5
      vertex -5.08134 -2.10476 2.5
    endloop
  endfacet
  facet normal 0 0 1
    outer loop
      vertex -5.5 0 2.5
      vertex -3.625 0 2.5
      vertex -5.45295 0.717894 2.5
    endloop
  endfacet
  facet normal 0 0 1
    outer loop
      vertex -3.59399 -0.473157 2.5
      vertex -5.45295 -0.717894 2.5
      vertex -5.31259 -1.4235 2.5
    endloop
  endfacet
  facet normal 0 0 1
    outer loop
      vertex -3.625 0 2.5
      vertex -5.5 0 2.5
      vertex -5.45295 -0.717894 2.5
    endloop
  endfacet
  facet normal -0.442292 0.896871 0
    outer loop
      vertex -2.10476 5.08134 0
      vertex -2.75 4.76314 2.5
      vertex -2.10476 5.08134 2.5
    endloop
  endfacet
  facet normal -0.442292 0.896871 0
    outer loop
      vertex -2.75 4.76314 2.5
      vertex -2.10476 5.08134 0
      vertex -2.75 4.76314 0
    endloop
  endfacet
  facet normal -0.659341 -0.751844 0
    outer loop
      vertex -3.88909 -3.88909 0
      vertex -3.34819 -4.36344 2.5
      vertex -3.88909 -3.88909 2.5
    endloop
  endfacet
  facet normal -0.659341 -0.751844 -0
    outer loop
      vertex -3.34819 -4.36344 2.5
      vertex -3.88909 -3.88909 0
      vertex -3.34819 -4.36344 0
    endloop
  endfacet
  facet normal 0.896871 -0.442292 0
    outer loop
      vertex 4.76314 -2.75 2.5
      vertex 5.08134 -2.10476 0
      vertex 5.08134 -2.10476 2.5
    endloop
  endfacet
  facet normal 0.896871 -0.442292 0
    outer loop
      vertex 5.08134 -2.10476 0
      vertex 4.76314 -2.75 2.5
      vertex 4.76314 -2.75 0
    endloop
  endfacet
  facet normal -0.751844 -0.659341 0
    outer loop
      vertex -3.88909 -3.88909 0
      vertex -4.36344 -3.34819 2.5
      vertex -4.36344 -3.34819 0
    endloop
  endfacet
  facet normal -0.751844 -0.659341 0
    outer loop
      vertex -4.36344 -3.34819 2.5
      vertex -3.88909 -3.88909 0
      vertex -3.88909 -3.88909 2.5
    endloop
  endfacet
  facet normal -0.659341 0.751844 0
    outer loop
      vertex -3.34819 4.36344 0
      vertex -3.88909 3.88909 2.5
      vertex -3.34819 4.36344 2.5
    endloop
  endfacet
  facet normal -0.659341 0.751844 0
    outer loop
      vertex -3.88909 3.88909 2.5
      vertex -3.34819 4.36344 0
      vertex -3.88909 3.88909 0
    endloop
  endfacet
  facet normal 0.442292 0.896871 -0
    outer loop
      vertex 2.75 4.76314 0
      vertex 2.10476 5.08134 2.5
      vertex 2.75 4.76314 2.5
    endloop
  endfacet
  facet normal 0.442292 0.896871 0
    outer loop
      vertex 2.10476 5.08134 2.5
      vertex 2.75 4.76314 0
      vertex 2.10476 5.08134 0
    endloop
  endfacet
  facet normal 0.997859 -0.0653986 0
    outer loop
      vertex 5.45295 -0.717894 2.5
      vertex 5.5 0 0
      vertex 5.5 0 2.5
    endloop
  endfacet
  facet normal 0.997859 -0.0653986 0
    outer loop
      vertex 5.5 0 0
      vertex 5.45295 -0.717894 2.5
      vertex 5.45295 -0.717894 0
    endloop
  endfacet
  facet normal 0.831468 -0.555572 0
    outer loop
      vertex 4.36344 -3.34819 2.5
      vertex 4.76314 -2.75 0
      vertex 4.76314 -2.75 2.5
    endloop
  endfacet
  facet normal 0.831468 -0.555572 0
    outer loop
      vertex 4.76314 -2.75 0
      vertex 4.36344 -3.34819 2.5
      vertex 4.36344 -3.34819 0
    endloop
  endfacet
  facet normal 0.195099 -0.980784 0
    outer loop
      vertex 0.717894 -5.45295 0
      vertex 1.4235 -5.31259 2.5
      vertex 0.717894 -5.45295 2.5
    endloop
  endfacet
  facet normal 0.195099 -0.980784 0
    outer loop
      vertex 1.4235 -5.31259 2.5
      vertex 0.717894 -5.45295 0
      vertex 1.4235 -5.31259 0
    endloop
  endfacet
  facet normal 0.659341 0.751844 -0
    outer loop
      vertex 3.88909 3.88909 0
      vertex 3.34819 4.36344 2.5
      vertex 3.88909 3.88909 2.5
    endloop
  endfacet
  facet normal 0.659341 0.751844 0
    outer loop
      vertex 3.34819 4.36344 2.5
      vertex 3.88909 3.88909 0
      vertex 3.34819 4.36344 0
    endloop
  endfacet
  facet normal -0.195099 0.980784 0
    outer loop
      vertex -0.717894 5.45295 0
      vertex -1.4235 5.31259 2.5
      vertex -0.717894 5.45295 2.5
    endloop
  endfacet
  facet normal -0.195099 0.980784 0
    outer loop
      vertex -1.4235 5.31259 2.5
      vertex -0.717894 5.45295 0
      vertex -1.4235 5.31259 0
    endloop
  endfacet
  facet normal -0.980784 0.195099 0
    outer loop
      vertex -5.45295 0.717894 0
      vertex -5.31259 1.4235 2.5
      vertex -5.31259 1.4235 0
    endloop
  endfacet
  facet normal -0.980784 0.195099 0
    outer loop
      vertex -5.31259 1.4235 2.5
      vertex -5.45295 0.717894 0
      vertex -5.45295 0.717894 2.5
    endloop
  endfacet
  facet normal -0.946933 -0.321431 0
    outer loop
      vertex -5.08134 -2.10476 0
      vertex -5.31259 -1.4235 2.5
      vertex -5.31259 -1.4235 0
    endloop
  endfacet
  facet normal -0.946933 -0.321431 0
    outer loop
      vertex -5.31259 -1.4235 2.5
      vertex -5.08134 -2.10476 0
      vertex -5.08134 -2.10476 2.5
    endloop
  endfacet
  facet normal 0.442292 -0.896871 0
    outer loop
      vertex 2.10476 -5.08134 0
      vertex 2.75 -4.76314 2.5
      vertex 2.10476 -5.08134 2.5
    endloop
  endfacet
  facet normal 0.442292 -0.896871 0
    outer loop
      vertex 2.75 -4.76314 2.5
      vertex 2.10476 -5.08134 0
      vertex 2.75 -4.76314 0
    endloop
  endfacet
  facet normal 0.751844 -0.659341 0
    outer loop
      vertex 3.88909 -3.88909 2.5
      vertex 4.36344 -3.34819 0
      vertex 4.36344 -3.34819 2.5
    endloop
  endfacet
  facet normal 0.751844 -0.659341 0
    outer loop
      vertex 4.36344 -3.34819 0
      vertex 3.88909 -3.88909 2.5
      vertex 3.88909 -3.88909 0
    endloop
  endfacet
  facet normal 0.321431 -0.946933 0
    outer loop
      vertex 1.4235 -5.31259 0
      vertex 2.10476 -5.08134 2.5
      vertex 1.4235 -5.31259 2.5
    endloop
  endfacet
  facet normal 0.321431 -0.946933 0
    outer loop
      vertex 2.10476 -5.08134 2.5
      vertex 1.4235 -5.31259 0
      vertex 2.10476 -5.08134 0
    endloop
  endfacet
  facet normal 0.980784 -0.195099 0
    outer loop
      vertex 5.31259 -1.4235 2.5
      vertex 5.45295 -0.717894 0
      vertex 5.45295 -0.717894 2.5
    endloop
  endfacet
  facet normal 0.980784 -0.195099 0
    outer loop
      vertex 5.45295 -0.717894 0
      vertex 5.31259 -1.4235 2.5
      vertex 5.31259 -1.4235 0
    endloop
  endfacet
  facet normal -0.980784 -0.195099 0
    outer loop
      vertex -5.31259 -1.4235 0
      vertex -5.45295 -0.717894 2.5
      vertex -5.45295 -0.717894 0
    endloop
  endfacet
  facet normal -0.980784 -0.195099 0
    outer loop
      vertex -5.45295 -0.717894 2.5
      vertex -5.31259 -1.4235 0
      vertex -5.31259 -1.4235 2.5
    endloop
  endfacet
  facet normal 0.0653986 0.997859 -0
    outer loop
      vertex 0.717894 5.45295 0
      vertex 0 5.5 2.5
      vertex 0.717894 5.45295 2.5
    endloop
  endfacet
  facet normal 0.0653986 0.997859 0
    outer loop
      vertex 0 5.5 2.5
      vertex 0.717894 5.45295 0
      vertex 0 5.5 0
    endloop
  endfacet
  facet normal 0.896871 0.442292 0
    outer loop
      vertex 5.08134 2.10476 2.5
      vertex 4.76314 2.75 0
      vertex 4.76314 2.75 2.5
    endloop
  endfacet
  facet normal 0.896871 0.442292 0
    outer loop
      vertex 4.76314 2.75 0
      vertex 5.08134 2.10476 2.5
      vertex 5.08134 2.10476 0
    endloop
  endfacet
  facet normal -0.946933 0.321431 0
    outer loop
      vertex -5.31259 1.4235 0
      vertex -5.08134 2.10476 2.5
      vertex -5.08134 2.10476 0
    endloop
  endfacet
  facet normal -0.946933 0.321431 0
    outer loop
      vertex -5.08134 2.10476 2.5
      vertex -5.31259 1.4235 0
      vertex -5.31259 1.4235 2.5
    endloop
  endfacet
  facet normal -0.321431 -0.946933 0
    outer loop
      vertex -2.10476 -5.08134 0
      vertex -1.4235 -5.31259 2.5
      vertex -2.10476 -5.08134 2.5
    endloop
  endfacet
  facet normal -0.321431 -0.946933 -0
    outer loop
      vertex -1.4235 -5.31259 2.5
      vertex -2.10476 -5.08134 0
      vertex -1.4235 -5.31259 0
    endloop
  endfacet
  facet normal 0 0 -1
    outer loop
      vertex 5.45295 -0.717894 0
      vertex 5.45295 0.717894 0
      vertex 5.5 0 0
    endloop
  endfacet
  facet normal 0 0 -1
    outer loop
      vertex 5.31259 -1.4235 0
      vertex 5.45295 0.717894 0
      vertex 5.45295 -0.717894 0
    endloop
  endfacet
  facet normal 0 0 -1
    outer loop
      vertex 5.31259 -1.4235 0
      vertex 5.31259 1.4235 0
      vertex 5.45295 0.717894 0
    endloop
  endfacet
  facet normal 0 0 -1
    outer loop
      vertex 5.08134 -2.10476 0
      vertex 5.31259 1.4235 0
      vertex 5.31259 -1.4235 0
    endloop
  endfacet
  facet normal 0 0 -1
    outer loop
      vertex 5.08134 -2.10476 0
      vertex 5.08134 2.10476 0
      vertex 5.31259 1.4235 0
    endloop
  endfacet
  facet normal 0 0 -1
    outer loop
      vertex 4.76314 -2.75 0
      vertex 5.08134 2.10476 0
      vertex 5.08134 -2.10476 0
    endloop
  endfacet
  facet normal 0 0 -1
    outer loop
      vertex 4.76314 -2.75 0
      vertex 4.76314 2.75 0
      vertex 5.08134 2.10476 0
    endloop
  endfacet
  facet normal 0 0 -1
    outer loop
      vertex 4.36344 -3.34819 0
      vertex 4.76314 2.75 0
      vertex 4.76314 -2.75 0
    endloop
  endfacet
  facet normal 0 0 -1
    outer loop
      vertex 4.36344 -3.34819 0
      vertex 4.36344 3.34819 0
      vertex 4.76314 2.75 0
    endloop
  endfacet
  facet normal 0 0 -1
    outer loop
      vertex 3.88909 -3.88909 0
      vertex 4.36344 3.34819 0
      vertex 4.36344 -3.34819 0
    endloop
  endfacet
  facet normal 0 0 -1
    outer loop
      vertex 3.88909 -3.88909 0
      vertex 3.88909 3.88909 0
      vertex 4.36344 3.34819 0
    endloop
  endfacet
  facet normal 0 0 -1
    outer loop
      vertex 3.34819 -4.36344 0
      vertex 3.88909 3.88909 0
      vertex 3.88909 -3.88909 0
    endloop
  endfacet
  facet normal 0 0 -1
    outer loop
      vertex 3.34819 -4.36344 0
      vertex 3.34819 4.36344 0
      vertex 3.88909 3.88909 0
    endloop
  endfacet
  facet normal 0 0 -1
    outer loop
      vertex 2.75 -4.76314 0
      vertex 3.34819 4.36344 0
      vertex 3.34819 -4.36344 0
    endloop
  endfacet
  facet normal 0 0 -1
    outer loop
      vertex 2.75 -4.76314 0
      vertex 2.75 4.76314 0
      vertex 3.34819 4.36344 0
    endloop
  endfacet
  facet normal 0 0 -1
    outer loop
      vertex 2.10476 -5.08134 0
      vertex 2.75 4.76314 0
      vertex 2.75 -4.76314 0
    endloop
  endfacet
  facet normal 0 0 -1
    outer loop
      vertex 2.10476 -5.08134 0
      vertex 2.10476 5.08134 0
      vertex 2.75 4.76314 0
    endloop
  endfacet
  facet normal 0 0 -1
    outer loop
      vertex 1.4235 -5.31259 0
      vertex 2.10476 5.08134 0
      vertex 2.10476 -5.08134 0
    endloop
  endfacet
  facet normal 0 0 -1
    outer loop
      vertex 1.4235 -5.31259 0
      vertex 1.4235 5.31259 0
      vertex 2.10476 5.08134 0
    endloop
  endfacet
  facet normal 0 0 -1
    outer loop
      vertex 0.717894 -5.45295 0
      vertex 1.4235 5.31259 0
      vertex 1.4235 -5.31259 0
    endloop
  endfacet
  facet normal 0 0 -1
    outer loop
      vertex 0.717894 -5.45295 0
      vertex 0.717894 5.45295 0
      vertex 1.4235 5.31259 0
    endloop
  endfacet
  facet normal 0 0 -1
    outer loop
      vertex 0 -5.5 0
      vertex 0.717894 5.45295 0
      vertex 0.717894 -5.45295 0
    endloop
  endfacet
  facet normal 0 0 -1
    outer loop
      vertex 0 -5.5 0
      vertex 0 5.5 0
      vertex 0.717894 5.45295 0
    endloop
  endfacet
  facet normal 0 0 -1
    outer loop
      vertex -0.717894 -5.45295 0
      vertex 0 5.5 0
      vertex 0 -5.5 0
    endloop
  endfacet
  facet normal 0 0 -1
    outer loop
      vertex -0.717894 -5.45295 0
      vertex -0.717894 5.45295 0
      vertex 0 5.5 0
    endloop
  endfacet
  facet normal 0 0 -1
    outer loop
      vertex -1.4235 -5.31259 0
      vertex -0.717894 5.45295 0
      vertex -0.717894 -5.45295 0
    endloop
  endfacet
  facet normal 0 0 -1
    outer loop
      vertex -1.4235 -5.31259 0
      vertex -1.4235 5.31259 0
      vertex -0.717894 5.45295 0
    endloop
  endfacet
  facet normal 0 0 -1
    outer loop
      vertex -2.10476 -5.08134 0
      vertex -1.4235 5.31259 0
      vertex -1.4235 -5.31259 0
    endloop
  endfacet
  facet normal 0 0 -1
    outer loop
      vertex -2.10476 -5.08134 0
      vertex -2.10476 5.08134 0
      vertex -1.4235 5.31259 0
    endloop
  endfacet
  facet normal 0 0 -1
    outer loop
      vertex -2.75 -4.76314 0
      vertex -2.10476 5.08134 0
      vertex -2.10476 -5.08134 0
    endloop
  endfacet
  facet normal 0 0 -1
    outer loop
      vertex -2.75 -4.76314 0
      vertex -2.75 4.76314 0
      vertex -2.10476 5.08134 0
    endloop
  endfacet
  facet normal 0 0 -1
    outer loop
      vertex -3.34819 -4.36344 0
      vertex -2.75 4.76314 0
      vertex -2.75 -4.76314 0
    endloop
  endfacet
  facet normal 0 0 -1
    outer loop
      vertex -3.34819 -4.36344 0
      vertex -3.34819 4.36344 0
      vertex -2.75 4.76314 0
    endloop
  endfacet
  facet normal 0 0 -1
    outer loop
      vertex -3.88909 -3.88909 0
      vertex -3.34819 4.36344 0
      vertex -3.34819 -4.36344 0
    endloop
  endfacet
  facet normal 0 0 -1
    outer loop
      vertex -3.88909 -3.88909 0
      vertex -3.88909 3.88909 0
      vertex -3.34819 4.36344 0
    endloop
  endfacet
  facet normal 0 0 -1
    outer loop
      vertex -4.36344 -3.34819 0
      vertex -3.88909 3.88909 0
      vertex -3.88909 -3.88909 0
    endloop
  endfacet
  facet normal 0 0 -1
    outer loop
      vertex -4.36344 -3.34819 0
      vertex -4.36344 3.34819 0
      vertex -3.88909 3.88909 0
    endloop
  endfacet
  facet normal 0 0 -1
    outer loop
      vertex -4.76314 -2.75 0
      vertex -4.36344 3.34819 0
      vertex -4.36344 -3.34819 0
    endloop
  endfacet
  facet normal 0 0 -1
    outer loop
      vertex -4.76314 -2.75 0
      vertex -4.76314 2.75 0
      vertex -4.36344 3.34819 0
    endloop
  endfacet
  facet normal 0 0 -1
    outer loop
      vertex -5.08134 -2.10476 0
      vertex -4.76314 2.75 0
      vertex -4.76314 -2.75 0
    endloop
  endfacet
  facet normal 0 0 -1
    outer loop
      vertex -5.08134 -2.10476 0
      vertex -5.08134 2.10476 0
      vertex -4.76314 2.75 0
    endloop
  endfacet
  facet normal 0 0 -1
    outer loop
      vertex -5.31259 -1.4235 0
      vertex -5.08134 2.10476 0
      vertex -5.08134 -2.10476 0
    endloop
  endfacet
  facet normal 0 0 -1
    outer loop
      vertex -5.31259 -1.4235 0
      vertex -5.31259 1.4235 0
      vertex -5.08134 2.10476 0
    endloop
  endfacet
  facet normal 0 0 -1
    outer loop
      vertex -5.45295 -0.717894 0
      vertex -5.31259 1.4235 0
      vertex -5.31259 -1.4235 0
    endloop
  endfacet
  facet normal 0 0 -1
    outer loop
      vertex -5.45295 -0.717894 0
      vertex -5.45295 0.717894 0
      vertex -5.31259 1.4235 0
    endloop
  endfacet
  facet normal 0 -0 -1
    outer loop
      vertex -5.45295 0.717894 0
      vertex -5.45295 -0.717894 0
      vertex -5.5 0 0
    endloop
  endfacet
  facet normal -0.555572 -0.831468 0
    outer loop
      vertex -3.34819 -4.36344 0
      vertex -2.75 -4.76314 2.5
      vertex -3.34819 -4.36344 2.5
    endloop
  endfacet
  facet normal -0.555572 -0.831468 -0
    outer loop
      vertex -2.75 -4.76314 2.5
      vertex -3.34819 -4.36344 0
      vertex -2.75 -4.76314 0
    endloop
  endfacet
  facet normal -0.831468 0.555572 0
    outer loop
      vertex -4.76314 2.75 0
      vertex -4.36344 3.34819 2.5
      vertex -4.36344 3.34819 0
    endloop
  endfacet
  facet normal -0.831468 0.555572 0
    outer loop
      vertex -4.36344 3.34819 2.5
      vertex -4.76314 2.75 0
      vertex -4.76314 2.75 2.5
    endloop
  endfacet
  facet normal -0.321431 0.946933 0
    outer loop
      vertex -1.4235 5.31259 0
      vertex -2.10476 5.08134 2.5
      vertex -1.4235 5.31259 2.5
    endloop
  endfacet
  facet normal -0.321431 0.946933 0
    outer loop
      vertex -2.10476 5.08134 2.5
      vertex -1.4235 5.31259 0
      vertex -2.10476 5.08134 0
    endloop
  endfacet
  facet normal -0.896871 0.442292 0
    outer loop
      vertex -5.08134 2.10476 0
      vertex -4.76314 2.75 2.5
      vertex -4.76314 2.75 0
    endloop
  endfacet
  facet normal -0.896871 0.442292 0
    outer loop
      vertex -4.76314 2.75 2.5
      vertex -5.08134 2.10476 0
      vertex -5.08134 2.10476 2.5
    endloop
  endfacet
  facet normal -0.0653986 0.997859 0
    outer loop
      vertex 0 5.5 0
      vertex -0.717894 5.45295 2.5
      vertex 0 5.5 2.5
    endloop
  endfacet
  facet normal -0.0653986 0.997859 0
    outer loop
      vertex -0.717894 5.45295 2.5
      vertex 0 5.5 0
      vertex -0.717894 5.45295 0
    endloop
  endfacet
  facet normal -0.896871 -0.442292 0
    outer loop
      vertex -4.76314 -2.75 0
      vertex -5.08134 -2.10476 2.5
      vertex -5.08134 -2.10476 0
    endloop
  endfacet
  facet normal -0.896871 -0.442292 0
    outer loop
      vertex -5.08134 -2.10476 2.5
      vertex -4.76314 -2.75 0
      vertex -4.76314 -2.75 2.5
    endloop
  endfacet
  facet normal -0.442292 -0.896871 0
    outer loop
      vertex -2.75 -4.76314 0
      vertex -2.10476 -5.08134 2.5
      vertex -2.75 -4.76314 2.5
    endloop
  endfacet
  facet normal -0.442292 -0.896871 -0
    outer loop
      vertex -2.10476 -5.08134 2.5
      vertex -2.75 -4.76314 0
      vertex -2.10476 -5.08134 0
    endloop
  endfacet
  facet normal -0.751844 0.659341 0
    outer loop
      vertex -4.36344 3.34819 0
      vertex -3.88909 3.88909 2.5
      vertex -3.88909 3.88909 0
    endloop
  endfacet
  facet normal -0.751844 0.659341 0
    outer loop
      vertex -3.88909 3.88909 2.5
      vertex -4.36344 3.34819 0
      vertex -4.36344 3.34819 2.5
    endloop
  endfacet
  facet normal 0.555572 0.831468 -0
    outer loop
      vertex 3.34819 4.36344 0
      vertex 2.75 4.76314 2.5
      vertex 3.34819 4.36344 2.5
    endloop
  endfacet
  facet normal 0.555572 0.831468 0
    outer loop
      vertex 2.75 4.76314 2.5
      vertex 3.34819 4.36344 0
      vertex 2.75 4.76314 0
    endloop
  endfacet
  facet normal 0.831468 0.555572 0
    outer loop
      vertex 4.76314 2.75 2.5
      vertex 4.36344 3.34819 0
      vertex 4.36344 3.34819 2.5
    endloop
  endfacet
  facet normal 0.831468 0.555572 0
    outer loop
      vertex 4.36344 3.34819 0
      vertex 4.76314 2.75 2.5
      vertex 4.76314 2.75 0
    endloop
  endfacet
  facet normal -0.555572 0.831468 0
    outer loop
      vertex -2.75 4.76314 0
      vertex -3.34819 4.36344 2.5
      vertex -2.75 4.76314 2.5
    endloop
  endfacet
  facet normal -0.555572 0.831468 0
    outer loop
      vertex -3.34819 4.36344 2.5
      vertex -2.75 4.76314 0
      vertex -3.34819 4.36344 0
    endloop
  endfacet
  facet normal -0.997859 0.0653986 0
    outer loop
      vertex -5.5 0 0
      vertex -5.45295 0.717894 2.5
      vertex -5.45295 0.717894 0
    endloop
  endfacet
  facet normal -0.997859 0.0653986 0
    outer loop
      vertex -5.45295 0.717894 2.5
      vertex -5.5 0 0
      vertex -5.5 0 2.5
    endloop
  endfacet
  facet normal 0.321431 0.946933 -0
    outer loop
      vertex 2.10476 5.08134 0
      vertex 1.4235 5.31259 2.5
      vertex 2.10476 5.08134 2.5
    endloop
  endfacet
  facet normal 0.321431 0.946933 0
    outer loop
      vertex 1.4235 5.31259 2.5
      vertex 2.10476 5.08134 0
      vertex 1.4235 5.31259 0
    endloop
  endfacet
  facet normal -0.0653986 -0.997859 0
    outer loop
      vertex -0.717894 -5.45295 0
      vertex 0 -5.5 2.5
      vertex -0.717894 -5.45295 2.5
    endloop
  endfacet
  facet normal -0.0653986 -0.997859 -0
    outer loop
      vertex 0 -5.5 2.5
      vertex -0.717894 -5.45295 0
      vertex 0 -5.5 0
    endloop
  endfacet
  facet normal -0.831468 -0.555572 0
    outer loop
      vertex -4.36344 -3.34819 0
      vertex -4.76314 -2.75 2.5
      vertex -4.76314 -2.75 0
    endloop
  endfacet
  facet normal -0.831468 -0.555572 0
    outer loop
      vertex -4.76314 -2.75 2.5
      vertex -4.36344 -3.34819 0
      vertex -4.36344 -3.34819 2.5
    endloop
  endfacet
  facet normal 0.751844 0.659341 0
    outer loop
      vertex 4.36344 3.34819 2.5
      vertex 3.88909 3.88909 0
      vertex 3.88909 3.88909 2.5
    endloop
  endfacet
  facet normal 0.751844 0.659341 0
    outer loop
      vertex 3.88909 3.88909 0
      vertex 4.36344 3.34819 2.5
      vertex 4.36344 3.34819 0
    endloop
  endfacet
  facet normal -0.195099 -0.980784 0
    outer loop
      vertex -1.4235 -5.31259 0
      vertex -0.717894 -5.45295 2.5
      vertex -1.4235 -5.31259 2.5
    endloop
  endfacet
  facet normal -0.195099 -0.980784 -0
    outer loop
      vertex -0.717894 -5.45295 2.5
      vertex -1.4235 -5.31259 0
      vertex -0.717894 -5.45295 0
    endloop
  endfacet
  facet normal 0.659341 -0.751844 0
    outer loop
      vertex 3.34819 -4.36344 0
      vertex 3.88909 -3.88909 2.5
      vertex 3.34819 -4.36344 2.5
    endloop
  endfacet
  facet normal 0.659341 -0.751844 0
    outer loop
      vertex 3.88909 -3.88909 2.5
      vertex 3.34819 -4.36344 0
      vertex 3.88909 -3.88909 0
    endloop
  endfacet
  facet normal 0.555572 -0.831468 0
    outer loop
      vertex 2.75 -4.76314 0
      vertex 3.34819 -4.36344 2.5
      vertex 2.75 -4.76314 2.5
    endloop
  endfacet
  facet normal 0.555572 -0.831468 0
    outer loop
      vertex 3.34819 -4.36344 2.5
      vertex 2.75 -4.76314 0
      vertex 3.34819 -4.36344 0
    endloop
  endfacet
  facet normal 0.195099 0.980784 -0
    outer loop
      vertex 1.4235 5.31259 0
      vertex 0.717894 5.45295 2.5
      vertex 1.4235 5.31259 2.5
    endloop
  endfacet
  facet normal 0.195099 0.980784 0
    outer loop
      vertex 0.717894 5.45295 2.5
      vertex 1.4235 5.31259 0
      vertex 0.717894 5.45295 0
    endloop
  endfacet
  facet normal 0.997821 0.0653915 0.00875323
    outer loop
      vertex 3.625 0 2.5
      vertex 3.5371 0.08301 11.9
      vertex 3.54254 0 11.9
    endloop
  endfacet
  facet normal 0.997821 0.0653957 0.00875319
    outer loop
      vertex 3.5371 0.08301 11.9
      vertex 3.625 0 2.5
      vertex 3.59399 0.473157 2.5
    endloop
  endfacet
  facet normal 0.997824 0.065348 0.00875364
    outer loop
      vertex 3.53166 0.0456555 12.8
      vertex 3.525 0 13.9
      vertex 3.53465 0 12.8
    endloop
  endfacet
  facet normal 0.0653924 -0.997821 0.00875342
    outer loop
      vertex 0.468577 -3.5592 6.5
      vertex 0.307137 -3.56978 6.5
      vertex 0.473157 -3.59399 2.5
    endloop
  endfacet
  facet normal -0.321439 -0.94689 0.00876034
    outer loop
      vertex -1.30933 -3.2803 12.8
      vertex -0.912336 -3.40489 13.9
      vertex -1.34896 -3.25667 13.9
    endloop
  endfacet
  facet normal -0.32142 -0.946896 0.00875271
    outer loop
      vertex -0.912336 -3.40489 13.9
      vertex -1.30933 -3.2803 12.8
      vertex -0.914834 -3.41421 12.8
    endloop
  endfacet
  facet normal -0.321424 -0.946895 0.00875316
    outer loop
      vertex -0.916877 -3.42183 11.9
      vertex -1.2769 -3.29962 11.9
      vertex -0.938218 -3.50148 2.5
    endloop
  endfacet
  facet normal 0.980746 -0.195091 0.00875318
    outer loop
      vertex 3.50148 -0.938218 2.5
      vertex 3.43806 -0.835287 11.9
      vertex 3.42183 -0.916877 11.9
    endloop
  endfacet
  facet normal 0.980746 -0.19509 0.00875317
    outer loop
      vertex 3.43806 -0.835287 11.9
      vertex 3.50148 -0.938218 2.5
      vertex 3.59399 -0.473157 2.5
    endloop
  endfacet
  facet normal 0.980774 -0.194953 0.00875255
    outer loop
      vertex 3.42313 -0.869959 12.8
      vertex 3.40489 -0.912336 13.9
      vertex 3.41421 -0.914834 12.8
    endloop
  endfacet
  facet normal 0.751797 0.659337 0.00874903
    outer loop
      vertex 2.49255 2.49255 13.9
      vertex 2.77406 2.18616 12.8
      vertex 2.49937 2.49937 12.8
    endloop
  endfacet
  facet normal 0.751813 0.659319 0.00875824
    outer loop
      vertex 2.77406 2.18616 12.8
      vertex 2.49255 2.49255 13.9
      vertex 2.79657 2.14588 13.9
    endloop
  endfacet
  facet normal 0.751816 0.659315 0.00875201
    outer loop
      vertex 2.56326 2.56326 2.5
      vertex 2.50496 2.50496 11.9
      vertex 2.75564 2.21911 11.9
    endloop
  endfacet
  facet normal 0.442334 0.896808 0.00875303
    outer loop
      vertex 1.8125 3.13934 2.5
      vertex 1.69666 3.10473 11.9
      vertex 1.77127 3.06793 11.9
    endloop
  endfacet
  facet normal 0.442272 0.896838 0.00875238
    outer loop
      vertex 1.69666 3.10473 11.9
      vertex 1.8125 3.13934 2.5
      vertex 1.38723 3.34906 2.5
    endloop
  endfacet
  facet normal 0.442206 0.896871 0.00875388
    outer loop
      vertex 1.76732 3.0611 12.8
      vertex 1.72629 3.08133 12.8
      vertex 1.7625 3.05274 13.9
    endloop
  endfacet
  facet normal 0.94689 0.32144 0.00875305
    outer loop
      vertex 3.29962 1.2769 11.9
      vertex 3.34906 1.38723 2.5
      vertex 3.27288 1.35567 11.9
    endloop
  endfacet
  facet normal 0.946893 0.321429 0.00875294
    outer loop
      vertex 3.34906 1.38723 2.5
      vertex 3.29962 1.2769 11.9
      vertex 3.50148 0.938218 2.5
    endloop
  endfacet
  facet normal 0.946862 0.321522 0.00875675
    outer loop
      vertex 3.26559 1.35265 12.8
      vertex 3.25667 1.34896 13.9
      vertex 3.2803 1.30933 12.8
    endloop
  endfacet
  facet normal 0.83148 0.555486 0.00875189
    outer loop
      vertex 2.80422 2.15176 12.8
      vertex 2.79657 2.14588 13.9
      vertex 2.82964 2.11371 12.8
    endloop
  endfacet
  facet normal 0.831389 0.555622 0.00875337
    outer loop
      vertex 2.85671 2.0874 11.9
      vertex 2.87591 2.20676 2.5
      vertex 2.81049 2.15656 11.9
    endloop
  endfacet
  facet normal 0.831444 0.55554 0.00875244
    outer loop
      vertex 2.87591 2.20676 2.5
      vertex 2.85671 2.0874 11.9
      vertex 3.13934 1.8125 2.5
    endloop
  endfacet
  facet normal -0.0653924 -0.997821 0.00875342
    outer loop
      vertex -0.468577 -3.5592 6.5
      vertex -0.473157 -3.59399 2.5
      vertex -0.307137 -3.56978 6.5
    endloop
  endfacet
  facet normal -0.55554 0.831444 0.00875244
    outer loop
      vertex -2.20676 2.87591 2.5
      vertex -2.0874 2.85671 11.9
      vertex -1.8125 3.13934 2.5
    endloop
  endfacet
  facet normal -0.555622 0.831389 0.00875337
    outer loop
      vertex -2.0874 2.85671 11.9
      vertex -2.20676 2.87591 2.5
      vertex -2.15656 2.81049 11.9
    endloop
  endfacet
  facet normal -0.555486 0.83148 0.00875189
    outer loop
      vertex -2.11371 2.82964 12.8
      vertex -2.15176 2.80422 12.8
      vertex -2.14588 2.79657 13.9
    endloop
  endfacet
  facet normal -0.442272 0.896838 0.00875238
    outer loop
      vertex -1.8125 3.13934 2.5
      vertex -1.69666 3.10473 11.9
      vertex -1.38723 3.34906 2.5
    endloop
  endfacet
  facet normal -0.442334 0.896808 0.00875303
    outer loop
      vertex -1.69666 3.10473 11.9
      vertex -1.8125 3.13934 2.5
      vertex -1.77127 3.06793 11.9
    endloop
  endfacet
  facet normal -0.442206 0.896871 0.00875388
    outer loop
      vertex -1.72629 3.08133 12.8
      vertex -1.76732 3.0611 12.8
      vertex -1.7625 3.05274 13.9
    endloop
  endfacet
  facet normal -0.321522 0.946862 0.00875675
    outer loop
      vertex -1.30933 3.2803 12.8
      vertex -1.35265 3.26559 12.8
      vertex -1.34896 3.25667 13.9
    endloop
  endfacet
  facet normal -0.321429 0.946893 0.00875294
    outer loop
      vertex -1.38723 3.34906 2.5
      vertex -1.2769 3.29962 11.9
      vertex -0.938218 3.50148 2.5
    endloop
  endfacet
  facet normal -0.32144 0.94689 0.00875305
    outer loop
      vertex -1.2769 3.29962 11.9
      vertex -1.38723 3.34906 2.5
      vertex -1.35567 3.27288 11.9
    endloop
  endfacet
  facet normal 0.321522 -0.946862 0.00875675
    outer loop
      vertex 1.34896 -3.25667 13.9
      vertex 1.30933 -3.2803 12.8
      vertex 1.35265 -3.26559 12.8
    endloop
  endfacet
  facet normal 0.321429 -0.946893 0.00875294
    outer loop
      vertex 1.38723 -3.34906 2.5
      vertex 1.2769 -3.29962 11.9
      vertex 0.938218 -3.50148 2.5
    endloop
  endfacet
  facet normal 0.32144 -0.94689 0.00875305
    outer loop
      vertex 1.2769 -3.29962 11.9
      vertex 1.38723 -3.34906 2.5
      vertex 1.35567 -3.27288 11.9
    endloop
  endfacet
  facet normal -0.997821 -0.0653915 0.00875323
    outer loop
      vertex -3.625 0 2.5
      vertex -3.5371 -0.08301 11.9
      vertex -3.54254 0 11.9
    endloop
  endfacet
  facet normal -0.997821 -0.0653957 0.00875319
    outer loop
      vertex -3.5371 -0.08301 11.9
      vertex -3.625 0 2.5
      vertex -3.59399 -0.473157 2.5
    endloop
  endfacet
  facet normal -0.997824 -0.065348 0.00875364
    outer loop
      vertex -3.525 0 13.9
      vertex -3.53465 0 12.8
      vertex -3.53166 -0.0456555 12.8
    endloop
  endfacet
  facet normal 0.195091 0.980746 0.00875318
    outer loop
      vertex 0.938218 3.50148 2.5
      vertex 0.835287 3.43806 11.9
      vertex 0.916877 3.42183 11.9
    endloop
  endfacet
  facet normal 0.19509 0.980746 0.00875317
    outer loop
      vertex 0.835287 3.43806 11.9
      vertex 0.938218 3.50148 2.5
      vertex 0.473157 3.59399 2.5
    endloop
  endfacet
  facet normal 0.194953 0.980774 0.00875255
    outer loop
      vertex 0.914834 3.41421 12.8
      vertex 0.869959 3.42313 12.8
      vertex 0.912336 3.40489 13.9
    endloop
  endfacet
  facet normal -0.751813 -0.659319 0.00875824
    outer loop
      vertex -2.77406 -2.18616 12.8
      vertex -2.49255 -2.49255 13.9
      vertex -2.79657 -2.14588 13.9
    endloop
  endfacet
  facet normal -0.751797 -0.659337 0.00874903
    outer loop
      vertex -2.49255 -2.49255 13.9
      vertex -2.77406 -2.18616 12.8
      vertex -2.49937 -2.49937 12.8
    endloop
  endfacet
  facet normal -0.751816 -0.659315 0.00875201
    outer loop
      vertex -2.50496 -2.50496 11.9
      vertex -2.75564 -2.21911 11.9
      vertex -2.56326 -2.56326 2.5
    endloop
  endfacet
  facet normal -0.0653957 -0.997821 0.00875356
    outer loop
      vertex 0 -3.625 2.5
      vertex -0.307137 -3.56978 6.5
      vertex -0.473157 -3.59399 2.5
    endloop
  endfacet
  facet normal -0.065398 -0.997821 0.00875338
    outer loop
      vertex -0.307137 -3.56978 6.5
      vertex 0 -3.625 2.5
      vertex 0 -3.58991 6.5
    endloop
  endfacet
  facet normal 0.659287 -0.75184 0.00875336
    outer loop
      vertex 2.20676 -2.87591 2.5
      vertex 2.21911 -2.75564 11.9
      vertex 2.15656 -2.81049 11.9
    endloop
  endfacet
  facet normal 0.65933 -0.751803 0.00875283
    outer loop
      vertex 2.21911 -2.75564 11.9
      vertex 2.20676 -2.87591 2.5
      vertex 2.56326 -2.56326 2.5
    endloop
  endfacet
  facet normal 0.659222 -0.751898 0.00875295
    outer loop
      vertex 2.18616 -2.77406 12.8
      vertex 2.14588 -2.79657 13.9
      vertex 2.15176 -2.80422 12.8
    endloop
  endfacet
  facet normal 0.555554 0.831434 0.00874849
    outer loop
      vertex 2.11371 2.82964 12.8
      vertex 1.7625 3.05274 13.9
      vertex 2.14588 2.79657 13.9
    endloop
  endfacet
  facet normal 0.555565 0.831427 0.00875323
    outer loop
      vertex 1.7625 3.05274 13.9
      vertex 2.11371 2.82964 12.8
      vertex 1.76732 3.0611 12.8
    endloop
  endfacet
  facet normal 0.555528 0.831452 0.00875302
    outer loop
      vertex 1.8125 3.13934 2.5
      vertex 1.77127 3.06793 11.9
      vertex 2.0874 2.85671 11.9
    endloop
  endfacet
  facet normal -0.065398 0.997821 0.00875338
    outer loop
      vertex 0 3.625 2.5
      vertex -0.307137 3.56978 6.5
      vertex 0 3.58991 6.5
    endloop
  endfacet
  facet normal -0.0653957 0.997821 0.00875356
    outer loop
      vertex -0.307137 3.56978 6.5
      vertex 0 3.625 2.5
      vertex -0.473157 3.59399 2.5
    endloop
  endfacet
  facet normal 0.896837 -0.442274 0.00875616
    outer loop
      vertex 3.25667 -1.34896 13.9
      vertex 3.08133 -1.72629 12.8
      vertex 3.26559 -1.35265 12.8
    endloop
  endfacet
  facet normal 0.896843 -0.442262 0.00875129
    outer loop
      vertex 3.08133 -1.72629 12.8
      vertex 3.25667 -1.34896 13.9
      vertex 3.05274 -1.7625 13.9
    endloop
  endfacet
  facet normal 0.896846 -0.442256 0.00875312
    outer loop
      vertex 3.27288 -1.35567 11.9
      vertex 3.10473 -1.69666 11.9
      vertex 3.34906 -1.38723 2.5
    endloop
  endfacet
  facet normal 0.997821 -0.0653915 0.00875323
    outer loop
      vertex 3.5371 -0.08301 11.9
      vertex 3.625 0 2.5
      vertex 3.54254 0 11.9
    endloop
  endfacet
  facet normal 0.997821 -0.0653957 0.00875319
    outer loop
      vertex 3.625 0 2.5
      vertex 3.5371 -0.08301 11.9
      vertex 3.59399 -0.473157 2.5
    endloop
  endfacet
  facet normal 0.997824 -0.065348 0.00875364
    outer loop
      vertex 3.53465 0 12.8
      vertex 3.525 0 13.9
      vertex 3.53166 -0.0456555 12.8
    endloop
  endfacet
  facet normal 0.751816 -0.659315 0.00875201
    outer loop
      vertex 2.75564 -2.21911 11.9
      vertex 2.50496 -2.50496 11.9
      vertex 2.56326 -2.56326 2.5
    endloop
  endfacet
  facet normal 0.751813 -0.659319 0.00875824
    outer loop
      vertex 2.49255 -2.49255 13.9
      vertex 2.77406 -2.18616 12.8
      vertex 2.79657 -2.14588 13.9
    endloop
  endfacet
  facet normal 0.751797 -0.659337 0.00874903
    outer loop
      vertex 2.77406 -2.18616 12.8
      vertex 2.49255 -2.49255 13.9
      vertex 2.49937 -2.49937 12.8
    endloop
  endfacet
  facet normal 0.55554 -0.831444 0.00875244
    outer loop
      vertex 2.20676 -2.87591 2.5
      vertex 2.0874 -2.85671 11.9
      vertex 1.8125 -3.13934 2.5
    endloop
  endfacet
  facet normal 0.555622 -0.831389 0.00875337
    outer loop
      vertex 2.0874 -2.85671 11.9
      vertex 2.20676 -2.87591 2.5
      vertex 2.15656 -2.81049 11.9
    endloop
  endfacet
  facet normal 0.555486 -0.83148 0.00875189
    outer loop
      vertex 2.14588 -2.79657 13.9
      vertex 2.11371 -2.82964 12.8
      vertex 2.15176 -2.80422 12.8
    endloop
  endfacet
  facet normal 0.555528 -0.831452 0.00875302
    outer loop
      vertex 2.0874 -2.85671 11.9
      vertex 1.77127 -3.06793 11.9
      vertex 1.8125 -3.13934 2.5
    endloop
  endfacet
  facet normal 0.555565 -0.831427 0.00875323
    outer loop
      vertex 2.11371 -2.82964 12.8
      vertex 1.7625 -3.05274 13.9
      vertex 1.76732 -3.0611 12.8
    endloop
  endfacet
  facet normal 0.555554 -0.831434 0.00874849
    outer loop
      vertex 1.7625 -3.05274 13.9
      vertex 2.11371 -2.82964 12.8
      vertex 2.14588 -2.79657 13.9
    endloop
  endfacet
  facet normal 0.980744 0.1951 0.00875273
    outer loop
      vertex 3.59399 0.473157 2.5
      vertex 3.43806 0.835287 11.9
      vertex 3.51224 0.462394 11.9
    endloop
  endfacet
  facet normal 0.98075 0.195073 0.0087475
    outer loop
      vertex 3.49484 0.460104 13.9
      vertex 3.42313 0.869959 12.8
      vertex 3.40489 0.912336 13.9
    endloop
  endfacet
  facet normal 0.980745 0.195095 0.00875578
    outer loop
      vertex 3.42313 0.869959 12.8
      vertex 3.49484 0.460104 13.9
      vertex 3.50441 0.461363 12.8
    endloop
  endfacet
  facet normal 0.32144 0.94689 0.00875305
    outer loop
      vertex 1.38723 3.34906 2.5
      vertex 1.2769 3.29962 11.9
      vertex 1.35567 3.27288 11.9
    endloop
  endfacet
  facet normal 0.321429 0.946893 0.00875294
    outer loop
      vertex 1.2769 3.29962 11.9
      vertex 1.38723 3.34906 2.5
      vertex 0.938218 3.50148 2.5
    endloop
  endfacet
  facet normal 0.321522 0.946862 0.00875675
    outer loop
      vertex 1.35265 3.26559 12.8
      vertex 1.30933 3.2803 12.8
      vertex 1.34896 3.25667 13.9
    endloop
  endfacet
  facet normal 0.896808 0.442334 0.00875303
    outer loop
      vertex 3.10473 1.69666 11.9
      vertex 3.13934 1.8125 2.5
      vertex 3.06793 1.77127 11.9
    endloop
  endfacet
  facet normal 0.896838 0.442272 0.00875238
    outer loop
      vertex 3.13934 1.8125 2.5
      vertex 3.10473 1.69666 11.9
      vertex 3.34906 1.38723 2.5
    endloop
  endfacet
  facet normal 0.896871 0.442206 0.00875388
    outer loop
      vertex 3.0611 1.76732 12.8
      vertex 3.05274 1.7625 13.9
      vertex 3.08133 1.72629 12.8
    endloop
  endfacet
  facet normal 0.896846 0.442256 0.00875312
    outer loop
      vertex 3.34906 1.38723 2.5
      vertex 3.10473 1.69666 11.9
      vertex 3.27288 1.35567 11.9
    endloop
  endfacet
  facet normal 0.896843 0.442262 0.00875129
    outer loop
      vertex 3.25667 1.34896 13.9
      vertex 3.08133 1.72629 12.8
      vertex 3.05274 1.7625 13.9
    endloop
  endfacet
  facet normal 0.896837 0.442274 0.00875616
    outer loop
      vertex 3.08133 1.72629 12.8
      vertex 3.25667 1.34896 13.9
      vertex 3.26559 1.35265 12.8
    endloop
  endfacet
  facet normal -0.980745 0.195095 0.00875578
    outer loop
      vertex -3.49484 0.460104 13.9
      vertex -3.42313 0.869959 12.8
      vertex -3.50441 0.461363 12.8
    endloop
  endfacet
  facet normal -0.98075 0.195073 0.0087475
    outer loop
      vertex -3.42313 0.869959 12.8
      vertex -3.49484 0.460104 13.9
      vertex -3.40489 0.912336 13.9
    endloop
  endfacet
  facet normal -0.980744 0.1951 0.00875273
    outer loop
      vertex -3.43806 0.835287 11.9
      vertex -3.59399 0.473157 2.5
      vertex -3.51224 0.462394 11.9
    endloop
  endfacet
  facet normal -0.751797 0.659337 0.00874903
    outer loop
      vertex -2.77406 2.18616 12.8
      vertex -2.49255 2.49255 13.9
      vertex -2.49937 2.49937 12.8
    endloop
  endfacet
  facet normal -0.751813 0.659319 0.00875824
    outer loop
      vertex -2.49255 2.49255 13.9
      vertex -2.77406 2.18616 12.8
      vertex -2.79657 2.14588 13.9
    endloop
  endfacet
  facet normal -0.751816 0.659315 0.00875201
    outer loop
      vertex -2.56326 2.56326 2.5
      vertex -2.75564 2.21911 11.9
      vertex -2.50496 2.50496 11.9
    endloop
  endfacet
  facet normal -0.980744 -0.1951 0.00875273
    outer loop
      vertex -3.51224 -0.462394 11.9
      vertex -3.59399 -0.473157 2.5
      vertex -3.43806 -0.835287 11.9
    endloop
  endfacet
  facet normal -0.980745 -0.195095 0.00875578
    outer loop
      vertex -3.42313 -0.869959 12.8
      vertex -3.49484 -0.460104 13.9
      vertex -3.50441 -0.461363 12.8
    endloop
  endfacet
  facet normal -0.98075 -0.195073 0.0087475
    outer loop
      vertex -3.49484 -0.460104 13.9
      vertex -3.42313 -0.869959 12.8
      vertex -3.40489 -0.912336 13.9
    endloop
  endfacet
  facet normal -0.896837 -0.442274 0.00875616
    outer loop
      vertex -3.08133 -1.72629 12.8
      vertex -3.25667 -1.34896 13.9
      vertex -3.26559 -1.35265 12.8
    endloop
  endfacet
  facet normal -0.896843 -0.442262 0.00875129
    outer loop
      vertex -3.25667 -1.34896 13.9
      vertex -3.08133 -1.72629 12.8
      vertex -3.05274 -1.7625 13.9
    endloop
  endfacet
  facet normal -0.896846 -0.442256 0.00875312
    outer loop
      vertex -3.27288 -1.35567 11.9
      vertex -3.34906 -1.38723 2.5
      vertex -3.10473 -1.69666 11.9
    endloop
  endfacet
  facet normal -0.83148 -0.555486 0.00875189
    outer loop
      vertex -2.79657 -2.14588 13.9
      vertex -2.82964 -2.11371 12.8
      vertex -2.80422 -2.15176 12.8
    endloop
  endfacet
  facet normal -0.831444 -0.55554 0.00875244
    outer loop
      vertex -2.87591 -2.20676 2.5
      vertex -2.85671 -2.0874 11.9
      vertex -3.13934 -1.8125 2.5
    endloop
  endfacet
  facet normal -0.831389 -0.555622 0.00875337
    outer loop
      vertex -2.85671 -2.0874 11.9
      vertex -2.87591 -2.20676 2.5
      vertex -2.81049 -2.15656 11.9
    endloop
  endfacet
  facet normal -0.442334 -0.896808 0.00875303
    outer loop
      vertex -1.8125 -3.13934 2.5
      vertex -1.69666 -3.10473 11.9
      vertex -1.77127 -3.06793 11.9
    endloop
  endfacet
  facet normal -0.442272 -0.896838 0.00875238
    outer loop
      vertex -1.69666 -3.10473 11.9
      vertex -1.8125 -3.13934 2.5
      vertex -1.38723 -3.34906 2.5
    endloop
  endfacet
  facet normal -0.442206 -0.896871 0.00875388
    outer loop
      vertex -1.7625 -3.05274 13.9
      vertex -1.76732 -3.0611 12.8
      vertex -1.72629 -3.08133 12.8
    endloop
  endfacet
  facet normal 0.751898 0.659222 0.00875295
    outer loop
      vertex 2.80422 2.15176 12.8
      vertex 2.77406 2.18616 12.8
      vertex 2.79657 2.14588 13.9
    endloop
  endfacet
  facet normal 0.751803 0.65933 0.00875283
    outer loop
      vertex 2.75564 2.21911 11.9
      vertex 2.87591 2.20676 2.5
      vertex 2.56326 2.56326 2.5
    endloop
  endfacet
  facet normal 0.75184 0.659287 0.00875336
    outer loop
      vertex 2.87591 2.20676 2.5
      vertex 2.75564 2.21911 11.9
      vertex 2.81049 2.15656 11.9
    endloop
  endfacet
  facet normal 0.321424 0.946895 0.00875316
    outer loop
      vertex 0.938218 3.50148 2.5
      vertex 0.916877 3.42183 11.9
      vertex 1.2769 3.29962 11.9
    endloop
  endfacet
  facet normal 0.321439 0.94689 0.00876034
    outer loop
      vertex 1.30933 3.2803 12.8
      vertex 0.912336 3.40489 13.9
      vertex 1.34896 3.25667 13.9
    endloop
  endfacet
  facet normal 0.32142 0.946896 0.00875271
    outer loop
      vertex 0.912336 3.40489 13.9
      vertex 1.30933 3.2803 12.8
      vertex 0.914834 3.41421 12.8
    endloop
  endfacet
  facet normal 0.896871 -0.442206 0.00875388
    outer loop
      vertex 3.08133 -1.72629 12.8
      vertex 3.05274 -1.7625 13.9
      vertex 3.0611 -1.76732 12.8
    endloop
  endfacet
  facet normal 0.896808 -0.442334 0.00875303
    outer loop
      vertex 3.13934 -1.8125 2.5
      vertex 3.10473 -1.69666 11.9
      vertex 3.06793 -1.77127 11.9
    endloop
  endfacet
  facet normal 0.896838 -0.442272 0.00875238
    outer loop
      vertex 3.10473 -1.69666 11.9
      vertex 3.13934 -1.8125 2.5
      vertex 3.34906 -1.38723 2.5
    endloop
  endfacet
  facet normal -0.195092 -0.980746 0.00875225
    outer loop
      vertex -0.835287 -3.43806 11.9
      vertex -0.549999 -3.543 6.5
      vertex -0.549999 -3.49481 11.9
    endloop
  endfacet
  facet normal -0.195131 -0.980738 0.00875339
    outer loop
      vertex -0.549999 -3.543 6.5
      vertex -0.473157 -3.59399 2.5
      vertex -0.468577 -3.5592 6.5
    endloop
  endfacet
  facet normal -0.195035 -0.980757 0.00875549
    outer loop
      vertex -0.473157 -3.59399 2.5
      vertex -0.549999 -3.543 6.5
      vertex -0.835287 -3.43806 11.9
    endloop
  endfacet
  facet normal -0.195074 -0.980749 0.00874746
    outer loop
      vertex -0.869959 -3.42313 12.8
      vertex -0.549999 -3.47696 13.9
      vertex -0.912336 -3.40489 13.9
    endloop
  endfacet
  facet normal -0.195101 -0.980744 0.00875537
    outer loop
      vertex -0.549999 -3.47696 13.9
      vertex -0.869959 -3.42313 12.8
      vertex -0.549999 -3.48678 12.8
    endloop
  endfacet
  facet normal 0.980744 -0.1951 0.00875273
    outer loop
      vertex 3.51224 -0.462394 11.9
      vertex 3.43806 -0.835287 11.9
      vertex 3.59399 -0.473157 2.5
    endloop
  endfacet
  facet normal 0.980745 -0.195095 0.00875578
    outer loop
      vertex 3.49484 -0.460104 13.9
      vertex 3.42313 -0.869959 12.8
      vertex 3.50441 -0.461363 12.8
    endloop
  endfacet
  facet normal 0.98075 -0.195073 0.0087475
    outer loop
      vertex 3.42313 -0.869959 12.8
      vertex 3.49484 -0.460104 13.9
      vertex 3.40489 -0.912336 13.9
    endloop
  endfacet
  facet normal 0.19509 -0.980746 0.00875317
    outer loop
      vertex 0.938218 -3.50148 2.5
      vertex 0.835287 -3.43806 11.9
      vertex 0.473157 -3.59399 2.5
    endloop
  endfacet
  facet normal 0.195091 -0.980746 0.00875318
    outer loop
      vertex 0.835287 -3.43806 11.9
      vertex 0.938218 -3.50148 2.5
      vertex 0.916877 -3.42183 11.9
    endloop
  endfacet
  facet normal 0.194953 -0.980774 0.00875255
    outer loop
      vertex 0.912336 -3.40489 13.9
      vertex 0.869959 -3.42313 12.8
      vertex 0.914834 -3.41421 12.8
    endloop
  endfacet
  facet normal -0.65933 -0.751803 0.00875283
    outer loop
      vertex -2.20676 -2.87591 2.5
      vertex -2.21911 -2.75564 11.9
      vertex -2.56326 -2.56326 2.5
    endloop
  endfacet
  facet normal -0.659287 -0.75184 0.00875336
    outer loop
      vertex -2.21911 -2.75564 11.9
      vertex -2.20676 -2.87591 2.5
      vertex -2.15656 -2.81049 11.9
    endloop
  endfacet
  facet normal -0.659222 -0.751898 0.00875295
    outer loop
      vertex -2.14588 -2.79657 13.9
      vertex -2.18616 -2.77406 12.8
      vertex -2.15176 -2.80422 12.8
    endloop
  endfacet
  facet normal 0.94689 0.321439 0.00876034
    outer loop
      vertex 3.40489 0.912336 13.9
      vertex 3.2803 1.30933 12.8
      vertex 3.25667 1.34896 13.9
    endloop
  endfacet
  facet normal 0.946896 0.32142 0.00875271
    outer loop
      vertex 3.2803 1.30933 12.8
      vertex 3.40489 0.912336 13.9
      vertex 3.41421 0.914834 12.8
    endloop
  endfacet
  facet normal 0.946895 0.321424 0.00875316
    outer loop
      vertex 3.50148 0.938218 2.5
      vertex 3.29962 1.2769 11.9
      vertex 3.42183 0.916877 11.9
    endloop
  endfacet
  facet normal 0.980746 0.195091 0.00875318
    outer loop
      vertex 3.43806 0.835287 11.9
      vertex 3.50148 0.938218 2.5
      vertex 3.42183 0.916877 11.9
    endloop
  endfacet
  facet normal 0.980746 0.19509 0.00875317
    outer loop
      vertex 3.50148 0.938218 2.5
      vertex 3.43806 0.835287 11.9
      vertex 3.59399 0.473157 2.5
    endloop
  endfacet
  facet normal 0.980774 0.194953 0.00875255
    outer loop
      vertex 3.41421 0.914834 12.8
      vertex 3.40489 0.912336 13.9
      vertex 3.42313 0.869959 12.8
    endloop
  endfacet
  facet normal -0.195131 0.980738 0.00875339
    outer loop
      vertex -0.468577 3.5592 6.5
      vertex -0.473157 3.59399 2.5
      vertex -0.549999 3.543 6.5
    endloop
  endfacet
  facet normal -0.195092 0.980746 0.00875225
    outer loop
      vertex -0.549999 3.543 6.5
      vertex -0.835287 3.43806 11.9
      vertex -0.549999 3.49481 11.9
    endloop
  endfacet
  facet normal -0.195035 0.980757 0.00875549
    outer loop
      vertex -0.835287 3.43806 11.9
      vertex -0.549999 3.543 6.5
      vertex -0.473157 3.59399 2.5
    endloop
  endfacet
  facet normal -0.195101 0.980744 0.00875537
    outer loop
      vertex -0.869959 3.42313 12.8
      vertex -0.549999 3.47696 13.9
      vertex -0.549999 3.48678 12.8
    endloop
  endfacet
  facet normal -0.195074 0.980749 0.00874746
    outer loop
      vertex -0.549999 3.47696 13.9
      vertex -0.869959 3.42313 12.8
      vertex -0.912336 3.40489 13.9
    endloop
  endfacet
  facet normal 0.997822 0.0653845 0.00875273
    outer loop
      vertex 3.59399 0.473157 2.5
      vertex 3.51224 0.462394 11.9
      vertex 3.5371 0.08301 11.9
    endloop
  endfacet
  facet normal 0.99782 0.065408 0.0087559
    outer loop
      vertex 3.49484 0.460104 13.9
      vertex 3.53166 0.0456555 12.8
      vertex 3.50441 0.461363 12.8
    endloop
  endfacet
  facet normal 0.99782 0.0654075 0.00875609
    outer loop
      vertex 3.53166 0.0456555 12.8
      vertex 3.49484 0.460104 13.9
      vertex 3.525 0 13.9
    endloop
  endfacet
  facet normal 0.659222 0.751898 0.00875295
    outer loop
      vertex 2.15176 2.80422 12.8
      vertex 2.14588 2.79657 13.9
      vertex 2.18616 2.77406 12.8
    endloop
  endfacet
  facet normal 0.65933 0.751803 0.00875283
    outer loop
      vertex 2.20676 2.87591 2.5
      vertex 2.21911 2.75564 11.9
      vertex 2.56326 2.56326 2.5
    endloop
  endfacet
  facet normal 0.659287 0.75184 0.00875336
    outer loop
      vertex 2.21911 2.75564 11.9
      vertex 2.20676 2.87591 2.5
      vertex 2.15656 2.81049 11.9
    endloop
  endfacet
  facet normal 0.94689 -0.32144 0.00875305
    outer loop
      vertex 3.34906 -1.38723 2.5
      vertex 3.29962 -1.2769 11.9
      vertex 3.27288 -1.35567 11.9
    endloop
  endfacet
  facet normal 0.946893 -0.321429 0.00875294
    outer loop
      vertex 3.29962 -1.2769 11.9
      vertex 3.34906 -1.38723 2.5
      vertex 3.50148 -0.938218 2.5
    endloop
  endfacet
  facet normal 0.946862 -0.321522 0.00875675
    outer loop
      vertex 3.2803 -1.30933 12.8
      vertex 3.25667 -1.34896 13.9
      vertex 3.26559 -1.35265 12.8
    endloop
  endfacet
  facet normal 0.831427 -0.555565 0.00875323
    outer loop
      vertex 3.05274 -1.7625 13.9
      vertex 2.82964 -2.11371 12.8
      vertex 3.0611 -1.76732 12.8
    endloop
  endfacet
  facet normal 0.831434 -0.555554 0.00874849
    outer loop
      vertex 2.82964 -2.11371 12.8
      vertex 3.05274 -1.7625 13.9
      vertex 2.79657 -2.14588 13.9
    endloop
  endfacet
  facet normal 0.831452 -0.555528 0.00875302
    outer loop
      vertex 3.06793 -1.77127 11.9
      vertex 2.85671 -2.0874 11.9
      vertex 3.13934 -1.8125 2.5
    endloop
  endfacet
  facet normal 0.831434 0.555554 0.00874849
    outer loop
      vertex 3.05274 1.7625 13.9
      vertex 2.82964 2.11371 12.8
      vertex 2.79657 2.14588 13.9
    endloop
  endfacet
  facet normal 0.831427 0.555565 0.00875323
    outer loop
      vertex 2.82964 2.11371 12.8
      vertex 3.05274 1.7625 13.9
      vertex 3.0611 1.76732 12.8
    endloop
  endfacet
  facet normal 0.831452 0.555528 0.00875302
    outer loop
      vertex 3.13934 1.8125 2.5
      vertex 2.85671 2.0874 11.9
      vertex 3.06793 1.77127 11.9
    endloop
  endfacet
  facet normal -0.94689 0.32144 0.00875305
    outer loop
      vertex -3.34906 1.38723 2.5
      vertex -3.29962 1.2769 11.9
      vertex -3.27288 1.35567 11.9
    endloop
  endfacet
  facet normal -0.946893 0.321429 0.00875294
    outer loop
      vertex -3.29962 1.2769 11.9
      vertex -3.34906 1.38723 2.5
      vertex -3.50148 0.938218 2.5
    endloop
  endfacet
  facet normal -0.946862 0.321522 0.00875675
    outer loop
      vertex -3.26559 1.35265 12.8
      vertex -3.2803 1.30933 12.8
      vertex -3.25667 1.34896 13.9
    endloop
  endfacet
  facet normal -0.946895 0.321424 0.00875316
    outer loop
      vertex -3.29962 1.2769 11.9
      vertex -3.50148 0.938218 2.5
      vertex -3.42183 0.916877 11.9
    endloop
  endfacet
  facet normal -0.946896 0.32142 0.00875271
    outer loop
      vertex -3.40489 0.912336 13.9
      vertex -3.2803 1.30933 12.8
      vertex -3.41421 0.914834 12.8
    endloop
  endfacet
  facet normal -0.94689 0.321439 0.00876034
    outer loop
      vertex -3.2803 1.30933 12.8
      vertex -3.40489 0.912336 13.9
      vertex -3.25667 1.34896 13.9
    endloop
  endfacet
  facet normal 0.83148 -0.555486 0.00875189
    outer loop
      vertex 2.82964 -2.11371 12.8
      vertex 2.79657 -2.14588 13.9
      vertex 2.80422 -2.15176 12.8
    endloop
  endfacet
  facet normal 0.831389 -0.555622 0.00875337
    outer loop
      vertex 2.87591 -2.20676 2.5
      vertex 2.85671 -2.0874 11.9
      vertex 2.81049 -2.15656 11.9
    endloop
  endfacet
  facet normal 0.831444 -0.55554 0.00875244
    outer loop
      vertex 2.85671 -2.0874 11.9
      vertex 2.87591 -2.20676 2.5
      vertex 3.13934 -1.8125 2.5
    endloop
  endfacet
  facet normal 0.195074 0.980749 0.00874746
    outer loop
      vertex 0.869959 3.42313 12.8
      vertex 0.549999 3.47696 13.9
      vertex 0.912336 3.40489 13.9
    endloop
  endfacet
  facet normal 0.195101 0.980744 0.00875537
    outer loop
      vertex 0.549999 3.47696 13.9
      vertex 0.869959 3.42313 12.8
      vertex 0.549999 3.48678 12.8
    endloop
  endfacet
  facet normal 0.195092 0.980746 0.00875225
    outer loop
      vertex 0.835287 3.43806 11.9
      vertex 0.549999 3.543 6.5
      vertex 0.549999 3.49481 11.9
    endloop
  endfacet
  facet normal 0.195131 0.980738 0.00875339
    outer loop
      vertex 0.549999 3.543 6.5
      vertex 0.473157 3.59399 2.5
      vertex 0.468577 3.5592 6.5
    endloop
  endfacet
  facet normal 0.195035 0.980757 0.00875549
    outer loop
      vertex 0.473157 3.59399 2.5
      vertex 0.549999 3.543 6.5
      vertex 0.835287 3.43806 11.9
    endloop
  endfacet
  facet normal -0.195091 -0.980746 0.00875318
    outer loop
      vertex -0.938218 -3.50148 2.5
      vertex -0.835287 -3.43806 11.9
      vertex -0.916877 -3.42183 11.9
    endloop
  endfacet
  facet normal -0.19509 -0.980746 0.00875317
    outer loop
      vertex -0.835287 -3.43806 11.9
      vertex -0.938218 -3.50148 2.5
      vertex -0.473157 -3.59399 2.5
    endloop
  endfacet
  facet normal -0.194953 -0.980774 0.00875255
    outer loop
      vertex -0.912336 -3.40489 13.9
      vertex -0.914834 -3.41421 12.8
      vertex -0.869959 -3.42313 12.8
    endloop
  endfacet
  facet normal -0.896871 0.442206 0.00875388
    outer loop
      vertex -3.0611 1.76732 12.8
      vertex -3.08133 1.72629 12.8
      vertex -3.05274 1.7625 13.9
    endloop
  endfacet
  facet normal -0.896808 0.442334 0.00875303
    outer loop
      vertex -3.13934 1.8125 2.5
      vertex -3.10473 1.69666 11.9
      vertex -3.06793 1.77127 11.9
    endloop
  endfacet
  facet normal -0.896838 0.442272 0.00875238
    outer loop
      vertex -3.10473 1.69666 11.9
      vertex -3.13934 1.8125 2.5
      vertex -3.34906 1.38723 2.5
    endloop
  endfacet
  facet normal -0.831389 0.555622 0.00875337
    outer loop
      vertex -2.87591 2.20676 2.5
      vertex -2.85671 2.0874 11.9
      vertex -2.81049 2.15656 11.9
    endloop
  endfacet
  facet normal -0.831444 0.55554 0.00875244
    outer loop
      vertex -2.85671 2.0874 11.9
      vertex -2.87591 2.20676 2.5
      vertex -3.13934 1.8125 2.5
    endloop
  endfacet
  facet normal -0.83148 0.555486 0.00875189
    outer loop
      vertex -2.80422 2.15176 12.8
      vertex -2.82964 2.11371 12.8
      vertex -2.79657 2.14588 13.9
    endloop
  endfacet
  facet normal 0.442256 0.896846 0.00875312
    outer loop
      vertex 1.38723 3.34906 2.5
      vertex 1.35567 3.27288 11.9
      vertex 1.69666 3.10473 11.9
    endloop
  endfacet
  facet normal 0.442262 0.896843 0.00875129
    outer loop
      vertex 1.72629 3.08133 12.8
      vertex 1.34896 3.25667 13.9
      vertex 1.7625 3.05274 13.9
    endloop
  endfacet
  facet normal 0.442274 0.896837 0.00875616
    outer loop
      vertex 1.34896 3.25667 13.9
      vertex 1.72629 3.08133 12.8
      vertex 1.35265 3.26559 12.8
    endloop
  endfacet
  facet normal 0.946895 -0.321424 0.00875316
    outer loop
      vertex 3.42183 -0.916877 11.9
      vertex 3.29962 -1.2769 11.9
      vertex 3.50148 -0.938218 2.5
    endloop
  endfacet
  facet normal 0.946896 -0.32142 0.00875271
    outer loop
      vertex 3.40489 -0.912336 13.9
      vertex 3.2803 -1.30933 12.8
      vertex 3.41421 -0.914834 12.8
    endloop
  endfacet
  facet normal 0.94689 -0.321439 0.00876034
    outer loop
      vertex 3.2803 -1.30933 12.8
      vertex 3.40489 -0.912336 13.9
      vertex 3.25667 -1.34896 13.9
    endloop
  endfacet
  facet normal 0.0653957 0.997821 0.00875356
    outer loop
      vertex 0 3.625 2.5
      vertex 0.307137 3.56978 6.5
      vertex 0.473157 3.59399 2.5
    endloop
  endfacet
  facet normal 0.065398 0.997821 0.00875338
    outer loop
      vertex 0.307137 3.56978 6.5
      vertex 0 3.625 2.5
      vertex 0 3.58991 6.5
    endloop
  endfacet
  facet normal -0.442274 0.896837 0.00875616
    outer loop
      vertex -1.72629 3.08133 12.8
      vertex -1.34896 3.25667 13.9
      vertex -1.35265 3.26559 12.8
    endloop
  endfacet
  facet normal -0.442262 0.896843 0.00875129
    outer loop
      vertex -1.34896 3.25667 13.9
      vertex -1.72629 3.08133 12.8
      vertex -1.7625 3.05274 13.9
    endloop
  endfacet
  facet normal -0.442256 0.896846 0.00875312
    outer loop
      vertex -1.38723 3.34906 2.5
      vertex -1.69666 3.10473 11.9
      vertex -1.35567 3.27288 11.9
    endloop
  endfacet
  facet normal -0.19509 0.980746 0.00875317
    outer loop
      vertex -0.938218 3.50148 2.5
      vertex -0.835287 3.43806 11.9
      vertex -0.473157 3.59399 2.5
    endloop
  endfacet
  facet normal -0.195091 0.980746 0.00875318
    outer loop
      vertex -0.835287 3.43806 11.9
      vertex -0.938218 3.50148 2.5
      vertex -0.916877 3.42183 11.9
    endloop
  endfacet
  facet normal -0.194953 0.980774 0.00875255
    outer loop
      vertex -0.869959 3.42313 12.8
      vertex -0.914834 3.41421 12.8
      vertex -0.912336 3.40489 13.9
    endloop
  endfacet
  facet normal -0.555528 -0.831452 0.00875302
    outer loop
      vertex -1.77127 -3.06793 11.9
      vertex -2.0874 -2.85671 11.9
      vertex -1.8125 -3.13934 2.5
    endloop
  endfacet
  facet normal -0.555554 -0.831434 0.00874849
    outer loop
      vertex -2.11371 -2.82964 12.8
      vertex -1.7625 -3.05274 13.9
      vertex -2.14588 -2.79657 13.9
    endloop
  endfacet
  facet normal -0.555565 -0.831427 0.00875323
    outer loop
      vertex -1.7625 -3.05274 13.9
      vertex -2.11371 -2.82964 12.8
      vertex -1.76732 -3.0611 12.8
    endloop
  endfacet
  facet normal -0.997821 0.0653957 0.00875319
    outer loop
      vertex -3.625 0 2.5
      vertex -3.5371 0.08301 11.9
      vertex -3.59399 0.473157 2.5
    endloop
  endfacet
  facet normal -0.997821 0.0653915 0.00875323
    outer loop
      vertex -3.5371 0.08301 11.9
      vertex -3.625 0 2.5
      vertex -3.54254 0 11.9
    endloop
  endfacet
  facet normal -0.997824 0.065348 0.00875364
    outer loop
      vertex -3.53166 0.0456555 12.8
      vertex -3.53465 0 12.8
      vertex -3.525 0 13.9
    endloop
  endfacet
  facet normal 0.555486 0.83148 0.00875189
    outer loop
      vertex 2.15176 2.80422 12.8
      vertex 2.11371 2.82964 12.8
      vertex 2.14588 2.79657 13.9
    endloop
  endfacet
  facet normal 0.555622 0.831389 0.00875337
    outer loop
      vertex 2.20676 2.87591 2.5
      vertex 2.0874 2.85671 11.9
      vertex 2.15656 2.81049 11.9
    endloop
  endfacet
  facet normal 0.55554 0.831444 0.00875244
    outer loop
      vertex 2.0874 2.85671 11.9
      vertex 2.20676 2.87591 2.5
      vertex 1.8125 3.13934 2.5
    endloop
  endfacet
  facet normal 0.659337 0.751797 0.00874903
    outer loop
      vertex 2.18616 2.77406 12.8
      vertex 2.49255 2.49255 13.9
      vertex 2.49937 2.49937 12.8
    endloop
  endfacet
  facet normal 0.659319 0.751813 0.00875824
    outer loop
      vertex 2.49255 2.49255 13.9
      vertex 2.18616 2.77406 12.8
      vertex 2.14588 2.79657 13.9
    endloop
  endfacet
  facet normal 0.659315 0.751816 0.00875201
    outer loop
      vertex 2.56326 2.56326 2.5
      vertex 2.21911 2.75564 11.9
      vertex 2.50496 2.50496 11.9
    endloop
  endfacet
  facet normal -0.442262 -0.896843 0.00875129
    outer loop
      vertex -1.72629 -3.08133 12.8
      vertex -1.34896 -3.25667 13.9
      vertex -1.7625 -3.05274 13.9
    endloop
  endfacet
  facet normal -0.442274 -0.896837 0.00875616
    outer loop
      vertex -1.34896 -3.25667 13.9
      vertex -1.72629 -3.08133 12.8
      vertex -1.35265 -3.26559 12.8
    endloop
  endfacet
  facet normal -0.442256 -0.896846 0.00875312
    outer loop
      vertex -1.35567 -3.27288 11.9
      vertex -1.69666 -3.10473 11.9
      vertex -1.38723 -3.34906 2.5
    endloop
  endfacet
  facet normal 0.32142 -0.946896 0.00875271
    outer loop
      vertex 1.30933 -3.2803 12.8
      vertex 0.912336 -3.40489 13.9
      vertex 0.914834 -3.41421 12.8
    endloop
  endfacet
  facet normal 0.321439 -0.94689 0.00876034
    outer loop
      vertex 0.912336 -3.40489 13.9
      vertex 1.30933 -3.2803 12.8
      vertex 1.34896 -3.25667 13.9
    endloop
  endfacet
  facet normal 0.321424 -0.946895 0.00875316
    outer loop
      vertex 1.2769 -3.29962 11.9
      vertex 0.916877 -3.42183 11.9
      vertex 0.938218 -3.50148 2.5
    endloop
  endfacet
  facet normal 0.065398 -0.997821 0.00875338
    outer loop
      vertex 0 -3.625 2.5
      vertex 0.307137 -3.56978 6.5
      vertex 0 -3.58991 6.5
    endloop
  endfacet
  facet normal 0.0653957 -0.997821 0.00875356
    outer loop
      vertex 0.307137 -3.56978 6.5
      vertex 0 -3.625 2.5
      vertex 0.473157 -3.59399 2.5
    endloop
  endfacet
  facet normal 0.0653924 0.997821 0.00875342
    outer loop
      vertex 0.473157 3.59399 2.5
      vertex 0.307137 3.56978 6.5
      vertex 0.468577 3.5592 6.5
    endloop
  endfacet
  facet normal -0.659337 -0.751797 0.00874903
    outer loop
      vertex -2.18616 -2.77406 12.8
      vertex -2.49255 -2.49255 13.9
      vertex -2.49937 -2.49937 12.8
    endloop
  endfacet
  facet normal -0.659319 -0.751813 0.00875824
    outer loop
      vertex -2.49255 -2.49255 13.9
      vertex -2.18616 -2.77406 12.8
      vertex -2.14588 -2.79657 13.9
    endloop
  endfacet
  facet normal -0.659315 -0.751816 0.00875201
    outer loop
      vertex -2.50496 -2.50496 11.9
      vertex -2.56326 -2.56326 2.5
      vertex -2.21911 -2.75564 11.9
    endloop
  endfacet
  facet normal -0.555528 0.831452 0.00875302
    outer loop
      vertex -1.8125 3.13934 2.5
      vertex -2.0874 2.85671 11.9
      vertex -1.77127 3.06793 11.9
    endloop
  endfacet
  facet normal -0.555565 0.831427 0.00875323
    outer loop
      vertex -2.11371 2.82964 12.8
      vertex -1.7625 3.05274 13.9
      vertex -1.76732 3.0611 12.8
    endloop
  endfacet
  facet normal -0.555554 0.831434 0.00874849
    outer loop
      vertex -1.7625 3.05274 13.9
      vertex -2.11371 2.82964 12.8
      vertex -2.14588 2.79657 13.9
    endloop
  endfacet
  facet normal 0.659315 -0.751816 0.00875201
    outer loop
      vertex 2.50496 -2.50496 11.9
      vertex 2.21911 -2.75564 11.9
      vertex 2.56326 -2.56326 2.5
    endloop
  endfacet
  facet normal 0.659319 -0.751813 0.00875824
    outer loop
      vertex 2.18616 -2.77406 12.8
      vertex 2.49255 -2.49255 13.9
      vertex 2.14588 -2.79657 13.9
    endloop
  endfacet
  facet normal 0.659337 -0.751797 0.00874903
    outer loop
      vertex 2.49255 -2.49255 13.9
      vertex 2.18616 -2.77406 12.8
      vertex 2.49937 -2.49937 12.8
    endloop
  endfacet
  facet normal -0.32142 0.946896 0.00875271
    outer loop
      vertex -1.30933 3.2803 12.8
      vertex -0.912336 3.40489 13.9
      vertex -0.914834 3.41421 12.8
    endloop
  endfacet
  facet normal -0.321439 0.94689 0.00876034
    outer loop
      vertex -0.912336 3.40489 13.9
      vertex -1.30933 3.2803 12.8
      vertex -1.34896 3.25667 13.9
    endloop
  endfacet
  facet normal -0.321424 0.946895 0.00875316
    outer loop
      vertex -0.938218 3.50148 2.5
      vertex -1.2769 3.29962 11.9
      vertex -0.916877 3.42183 11.9
    endloop
  endfacet
  facet normal 0.75184 -0.659287 0.00875336
    outer loop
      vertex 2.75564 -2.21911 11.9
      vertex 2.87591 -2.20676 2.5
      vertex 2.81049 -2.15656 11.9
    endloop
  endfacet
  facet normal 0.751803 -0.65933 0.00875283
    outer loop
      vertex 2.87591 -2.20676 2.5
      vertex 2.75564 -2.21911 11.9
      vertex 2.56326 -2.56326 2.5
    endloop
  endfacet
  facet normal 0.751898 -0.659222 0.00875295
    outer loop
      vertex 2.79657 -2.14588 13.9
      vertex 2.77406 -2.18616 12.8
      vertex 2.80422 -2.15176 12.8
    endloop
  endfacet
  facet normal -0.751803 0.65933 0.00875283
    outer loop
      vertex -2.87591 2.20676 2.5
      vertex -2.75564 2.21911 11.9
      vertex -2.56326 2.56326 2.5
    endloop
  endfacet
  facet normal -0.75184 0.659287 0.00875336
    outer loop
      vertex -2.75564 2.21911 11.9
      vertex -2.87591 2.20676 2.5
      vertex -2.81049 2.15656 11.9
    endloop
  endfacet
  facet normal -0.751898 0.659222 0.00875295
    outer loop
      vertex -2.77406 2.18616 12.8
      vertex -2.80422 2.15176 12.8
      vertex -2.79657 2.14588 13.9
    endloop
  endfacet
  facet normal 0.997822 -0.0653845 0.00875273
    outer loop
      vertex 3.5371 -0.08301 11.9
      vertex 3.51224 -0.462394 11.9
      vertex 3.59399 -0.473157 2.5
    endloop
  endfacet
  facet normal 0.99782 -0.0654075 0.00875609
    outer loop
      vertex 3.49484 -0.460104 13.9
      vertex 3.53166 -0.0456555 12.8
      vertex 3.525 0 13.9
    endloop
  endfacet
  facet normal 0.99782 -0.065408 0.0087559
    outer loop
      vertex 3.53166 -0.0456555 12.8
      vertex 3.49484 -0.460104 13.9
      vertex 3.50441 -0.461363 12.8
    endloop
  endfacet
  facet normal -0.0653924 0.997821 0.00875342
    outer loop
      vertex -0.307137 3.56978 6.5
      vertex -0.473157 3.59399 2.5
      vertex -0.468577 3.5592 6.5
    endloop
  endfacet
  facet normal 0.195092 -0.980746 0.00875225
    outer loop
      vertex 0.549999 -3.543 6.5
      vertex 0.835287 -3.43806 11.9
      vertex 0.549999 -3.49481 11.9
    endloop
  endfacet
  facet normal 0.195035 -0.980757 0.00875549
    outer loop
      vertex 0.835287 -3.43806 11.9
      vertex 0.549999 -3.543 6.5
      vertex 0.473157 -3.59399 2.5
    endloop
  endfacet
  facet normal 0.195131 -0.980738 0.00875339
    outer loop
      vertex 0.468577 -3.5592 6.5
      vertex 0.473157 -3.59399 2.5
      vertex 0.549999 -3.543 6.5
    endloop
  endfacet
  facet normal 0.195101 -0.980744 0.00875537
    outer loop
      vertex 0.869959 -3.42313 12.8
      vertex 0.549999 -3.47696 13.9
      vertex 0.549999 -3.48678 12.8
    endloop
  endfacet
  facet normal 0.195074 -0.980749 0.00874746
    outer loop
      vertex 0.549999 -3.47696 13.9
      vertex 0.869959 -3.42313 12.8
      vertex 0.912336 -3.40489 13.9
    endloop
  endfacet
  facet normal -0.946896 -0.32142 0.00875271
    outer loop
      vertex -3.2803 -1.30933 12.8
      vertex -3.40489 -0.912336 13.9
      vertex -3.41421 -0.914834 12.8
    endloop
  endfacet
  facet normal -0.94689 -0.321439 0.00876034
    outer loop
      vertex -3.40489 -0.912336 13.9
      vertex -3.2803 -1.30933 12.8
      vertex -3.25667 -1.34896 13.9
    endloop
  endfacet
  facet normal -0.946895 -0.321424 0.00875316
    outer loop
      vertex -3.42183 -0.916877 11.9
      vertex -3.50148 -0.938218 2.5
      vertex -3.29962 -1.2769 11.9
    endloop
  endfacet
  facet normal -0.555622 -0.831389 0.00875337
    outer loop
      vertex -2.20676 -2.87591 2.5
      vertex -2.0874 -2.85671 11.9
      vertex -2.15656 -2.81049 11.9
    endloop
  endfacet
  facet normal -0.55554 -0.831444 0.00875244
    outer loop
      vertex -2.0874 -2.85671 11.9
      vertex -2.20676 -2.87591 2.5
      vertex -1.8125 -3.13934 2.5
    endloop
  endfacet
  facet normal -0.555486 -0.83148 0.00875189
    outer loop
      vertex -2.14588 -2.79657 13.9
      vertex -2.15176 -2.80422 12.8
      vertex -2.11371 -2.82964 12.8
    endloop
  endfacet
  facet normal -0.751898 -0.659222 0.00875295
    outer loop
      vertex -2.79657 -2.14588 13.9
      vertex -2.80422 -2.15176 12.8
      vertex -2.77406 -2.18616 12.8
    endloop
  endfacet
  facet normal -0.75184 -0.659287 0.00875336
    outer loop
      vertex -2.87591 -2.20676 2.5
      vertex -2.75564 -2.21911 11.9
      vertex -2.81049 -2.15656 11.9
    endloop
  endfacet
  facet normal -0.751803 -0.65933 0.00875283
    outer loop
      vertex -2.75564 -2.21911 11.9
      vertex -2.87591 -2.20676 2.5
      vertex -2.56326 -2.56326 2.5
    endloop
  endfacet
  facet normal -0.831427 0.555565 0.00875323
    outer loop
      vertex -3.05274 1.7625 13.9
      vertex -2.82964 2.11371 12.8
      vertex -3.0611 1.76732 12.8
    endloop
  endfacet
  facet normal -0.831434 0.555554 0.00874849
    outer loop
      vertex -2.82964 2.11371 12.8
      vertex -3.05274 1.7625 13.9
      vertex -2.79657 2.14588 13.9
    endloop
  endfacet
  facet normal -0.831452 0.555528 0.00875302
    outer loop
      vertex -2.85671 2.0874 11.9
      vertex -3.13934 1.8125 2.5
      vertex -3.06793 1.77127 11.9
    endloop
  endfacet
  facet normal 0.442274 -0.896837 0.00875616
    outer loop
      vertex 1.72629 -3.08133 12.8
      vertex 1.34896 -3.25667 13.9
      vertex 1.35265 -3.26559 12.8
    endloop
  endfacet
  facet normal 0.442262 -0.896843 0.00875129
    outer loop
      vertex 1.34896 -3.25667 13.9
      vertex 1.72629 -3.08133 12.8
      vertex 1.7625 -3.05274 13.9
    endloop
  endfacet
  facet normal 0.442256 -0.896846 0.00875312
    outer loop
      vertex 1.69666 -3.10473 11.9
      vertex 1.35567 -3.27288 11.9
      vertex 1.38723 -3.34906 2.5
    endloop
  endfacet
  facet normal -0.980746 -0.19509 0.00875317
    outer loop
      vertex -3.50148 -0.938218 2.5
      vertex -3.43806 -0.835287 11.9
      vertex -3.59399 -0.473157 2.5
    endloop
  endfacet
  facet normal -0.980746 -0.195091 0.00875318
    outer loop
      vertex -3.43806 -0.835287 11.9
      vertex -3.50148 -0.938218 2.5
      vertex -3.42183 -0.916877 11.9
    endloop
  endfacet
  facet normal -0.980774 -0.194953 0.00875255
    outer loop
      vertex -3.40489 -0.912336 13.9
      vertex -3.42313 -0.869959 12.8
      vertex -3.41421 -0.914834 12.8
    endloop
  endfacet
  facet normal -0.997822 -0.0653845 0.00875273
    outer loop
      vertex -3.5371 -0.08301 11.9
      vertex -3.59399 -0.473157 2.5
      vertex -3.51224 -0.462394 11.9
    endloop
  endfacet
  facet normal -0.99782 -0.0654075 0.00875609
    outer loop
      vertex -3.53166 -0.0456555 12.8
      vertex -3.49484 -0.460104 13.9
      vertex -3.525 0 13.9
    endloop
  endfacet
  facet normal -0.99782 -0.065408 0.0087559
    outer loop
      vertex -3.49484 -0.460104 13.9
      vertex -3.53166 -0.0456555 12.8
      vertex -3.50441 -0.461363 12.8
    endloop
  endfacet
  facet normal -0.946893 -0.321429 0.00875294
    outer loop
      vertex -3.34906 -1.38723 2.5
      vertex -3.29962 -1.2769 11.9
      vertex -3.50148 -0.938218 2.5
    endloop
  endfacet
  facet normal -0.94689 -0.32144 0.00875305
    outer loop
      vertex -3.29962 -1.2769 11.9
      vertex -3.34906 -1.38723 2.5
      vertex -3.27288 -1.35567 11.9
    endloop
  endfacet
  facet normal -0.946862 -0.321522 0.00875675
    outer loop
      vertex -3.25667 -1.34896 13.9
      vertex -3.2803 -1.30933 12.8
      vertex -3.26559 -1.35265 12.8
    endloop
  endfacet
  facet normal -0.896871 -0.442206 0.00875388
    outer loop
      vertex -3.05274 -1.7625 13.9
      vertex -3.08133 -1.72629 12.8
      vertex -3.0611 -1.76732 12.8
    endloop
  endfacet
  facet normal -0.896838 -0.442272 0.00875238
    outer loop
      vertex -3.13934 -1.8125 2.5
      vertex -3.10473 -1.69666 11.9
      vertex -3.34906 -1.38723 2.5
    endloop
  endfacet
  facet normal -0.896808 -0.442334 0.00875303
    outer loop
      vertex -3.10473 -1.69666 11.9
      vertex -3.13934 -1.8125 2.5
      vertex -3.06793 -1.77127 11.9
    endloop
  endfacet
  facet normal -0.659287 0.75184 0.00875336
    outer loop
      vertex -2.20676 2.87591 2.5
      vertex -2.21911 2.75564 11.9
      vertex -2.15656 2.81049 11.9
    endloop
  endfacet
  facet normal -0.65933 0.751803 0.00875283
    outer loop
      vertex -2.21911 2.75564 11.9
      vertex -2.20676 2.87591 2.5
      vertex -2.56326 2.56326 2.5
    endloop
  endfacet
  facet normal -0.659222 0.751898 0.00875295
    outer loop
      vertex -2.15176 2.80422 12.8
      vertex -2.18616 2.77406 12.8
      vertex -2.14588 2.79657 13.9
    endloop
  endfacet
  facet normal -0.659319 0.751813 0.00875824
    outer loop
      vertex -2.18616 2.77406 12.8
      vertex -2.49255 2.49255 13.9
      vertex -2.14588 2.79657 13.9
    endloop
  endfacet
  facet normal -0.659337 0.751797 0.00874903
    outer loop
      vertex -2.49255 2.49255 13.9
      vertex -2.18616 2.77406 12.8
      vertex -2.49937 2.49937 12.8
    endloop
  endfacet
  facet normal -0.659315 0.751816 0.00875201
    outer loop
      vertex -2.21911 2.75564 11.9
      vertex -2.56326 2.56326 2.5
      vertex -2.50496 2.50496 11.9
    endloop
  endfacet
  facet normal 0.442272 -0.896838 0.00875238
    outer loop
      vertex 1.8125 -3.13934 2.5
      vertex 1.69666 -3.10473 11.9
      vertex 1.38723 -3.34906 2.5
    endloop
  endfacet
  facet normal 0.442334 -0.896808 0.00875303
    outer loop
      vertex 1.69666 -3.10473 11.9
      vertex 1.8125 -3.13934 2.5
      vertex 1.77127 -3.06793 11.9
    endloop
  endfacet
  facet normal 0.442206 -0.896871 0.00875388
    outer loop
      vertex 1.7625 -3.05274 13.9
      vertex 1.72629 -3.08133 12.8
      vertex 1.76732 -3.0611 12.8
    endloop
  endfacet
  facet normal -0.980746 0.195091 0.00875318
    outer loop
      vertex -3.50148 0.938218 2.5
      vertex -3.43806 0.835287 11.9
      vertex -3.42183 0.916877 11.9
    endloop
  endfacet
  facet normal -0.980746 0.19509 0.00875317
    outer loop
      vertex -3.43806 0.835287 11.9
      vertex -3.50148 0.938218 2.5
      vertex -3.59399 0.473157 2.5
    endloop
  endfacet
  facet normal -0.980774 0.194953 0.00875255
    outer loop
      vertex -3.41421 0.914834 12.8
      vertex -3.42313 0.869959 12.8
      vertex -3.40489 0.912336 13.9
    endloop
  endfacet
  facet normal -0.896837 0.442274 0.00875616
    outer loop
      vertex -3.25667 1.34896 13.9
      vertex -3.08133 1.72629 12.8
      vertex -3.26559 1.35265 12.8
    endloop
  endfacet
  facet normal -0.896843 0.442262 0.00875129
    outer loop
      vertex -3.08133 1.72629 12.8
      vertex -3.25667 1.34896 13.9
      vertex -3.05274 1.7625 13.9
    endloop
  endfacet
  facet normal -0.896846 0.442256 0.00875312
    outer loop
      vertex -3.10473 1.69666 11.9
      vertex -3.34906 1.38723 2.5
      vertex -3.27288 1.35567 11.9
    endloop
  endfacet
  facet normal 0 0 1
    outer loop
      vertex -1.34896 3.25667 13.9
      vertex -0.549999 3.47696 13.9
      vertex -0.912336 3.40489 13.9
    endloop
  endfacet
  facet normal 0 0 1
    outer loop
      vertex -0.549999 3.47696 13.9
      vertex -1.34896 3.25667 13.9
      vertex -0.549999 -3.47696 13.9
    endloop
  endfacet
  facet normal -0 0 1
    outer loop
      vertex -1.34896 -3.25667 13.9
      vertex -0.549999 -3.47696 13.9
      vertex -1.34896 3.25667 13.9
    endloop
  endfacet
  facet normal 0 0 1
    outer loop
      vertex -0.549999 -3.47696 13.9
      vertex -1.34896 -3.25667 13.9
      vertex -0.912336 -3.40489 13.9
    endloop
  endfacet
  facet normal -0 0 1
    outer loop
      vertex -1.7625 3.05274 13.9
      vertex -1.34896 -3.25667 13.9
      vertex -1.34896 3.25667 13.9
    endloop
  endfacet
  facet normal 0 0 1
    outer loop
      vertex -1.7625 3.05274 13.9
      vertex -1.7625 -3.05274 13.9
      vertex -1.34896 -3.25667 13.9
    endloop
  endfacet
  facet normal -0 0 1
    outer loop
      vertex -2.14588 2.79657 13.9
      vertex -1.7625 -3.05274 13.9
      vertex -1.7625 3.05274 13.9
    endloop
  endfacet
  facet normal 0 0 1
    outer loop
      vertex -2.14588 2.79657 13.9
      vertex -2.14588 -2.79657 13.9
      vertex -1.7625 -3.05274 13.9
    endloop
  endfacet
  facet normal -0 0 1
    outer loop
      vertex -2.49255 2.49255 13.9
      vertex -2.14588 -2.79657 13.9
      vertex -2.14588 2.79657 13.9
    endloop
  endfacet
  facet normal 0 0 1
    outer loop
      vertex -2.49255 2.49255 13.9
      vertex -2.49255 -2.49255 13.9
      vertex -2.14588 -2.79657 13.9
    endloop
  endfacet
  facet normal -0 0 1
    outer loop
      vertex -2.79657 2.14588 13.9
      vertex -2.49255 -2.49255 13.9
      vertex -2.49255 2.49255 13.9
    endloop
  endfacet
  facet normal 0 0 1
    outer loop
      vertex -2.79657 2.14588 13.9
      vertex -2.79657 -2.14588 13.9
      vertex -2.49255 -2.49255 13.9
    endloop
  endfacet
  facet normal -0 0 1
    outer loop
      vertex -3.05274 1.7625 13.9
      vertex -2.79657 -2.14588 13.9
      vertex -2.79657 2.14588 13.9
    endloop
  endfacet
  facet normal 0 0 1
    outer loop
      vertex -3.05274 1.7625 13.9
      vertex -3.05274 -1.7625 13.9
      vertex -2.79657 -2.14588 13.9
    endloop
  endfacet
  facet normal -0 0 1
    outer loop
      vertex -3.25667 1.34896 13.9
      vertex -3.05274 -1.7625 13.9
      vertex -3.05274 1.7625 13.9
    endloop
  endfacet
  facet normal 0 0 1
    outer loop
      vertex -3.25667 1.34896 13.9
      vertex -3.25667 -1.34896 13.9
      vertex -3.05274 -1.7625 13.9
    endloop
  endfacet
  facet normal -0 0 1
    outer loop
      vertex -3.40489 0.912336 13.9
      vertex -3.25667 -1.34896 13.9
      vertex -3.25667 1.34896 13.9
    endloop
  endfacet
  facet normal 0 0 1
    outer loop
      vertex -3.40489 0.912336 13.9
      vertex -3.40489 -0.912336 13.9
      vertex -3.25667 -1.34896 13.9
    endloop
  endfacet
  facet normal -0 0 1
    outer loop
      vertex -3.49484 0.460104 13.9
      vertex -3.40489 -0.912336 13.9
      vertex -3.40489 0.912336 13.9
    endloop
  endfacet
  facet normal 0 0 1
    outer loop
      vertex -3.49484 0.460104 13.9
      vertex -3.49484 -0.460104 13.9
      vertex -3.40489 -0.912336 13.9
    endloop
  endfacet
  facet normal 0 -0 1
    outer loop
      vertex -3.49484 -0.460104 13.9
      vertex -3.49484 0.460104 13.9
      vertex -3.525 0 13.9
    endloop
  endfacet
  facet normal 0 0 1
    outer loop
      vertex 3.49484 0.460104 13.9
      vertex 3.49484 -0.460104 13.9
      vertex 3.525 0 13.9
    endloop
  endfacet
  facet normal 0 0 1
    outer loop
      vertex 3.40489 0.912336 13.9
      vertex 3.49484 -0.460104 13.9
      vertex 3.49484 0.460104 13.9
    endloop
  endfacet
  facet normal 0 0 1
    outer loop
      vertex 3.40489 0.912336 13.9
      vertex 3.40489 -0.912336 13.9
      vertex 3.49484 -0.460104 13.9
    endloop
  endfacet
  facet normal 0 0 1
    outer loop
      vertex 3.25667 1.34896 13.9
      vertex 3.40489 -0.912336 13.9
      vertex 3.40489 0.912336 13.9
    endloop
  endfacet
  facet normal 0 0 1
    outer loop
      vertex 3.25667 1.34896 13.9
      vertex 3.25667 -1.34896 13.9
      vertex 3.40489 -0.912336 13.9
    endloop
  endfacet
  facet normal 0 0 1
    outer loop
      vertex 3.05274 1.7625 13.9
      vertex 3.25667 -1.34896 13.9
      vertex 3.25667 1.34896 13.9
    endloop
  endfacet
  facet normal 0 0 1
    outer loop
      vertex 3.05274 1.7625 13.9
      vertex 3.05274 -1.7625 13.9
      vertex 3.25667 -1.34896 13.9
    endloop
  endfacet
  facet normal 0 0 1
    outer loop
      vertex 2.79657 2.14588 13.9
      vertex 3.05274 -1.7625 13.9
      vertex 3.05274 1.7625 13.9
    endloop
  endfacet
  facet normal 0 0 1
    outer loop
      vertex 2.79657 2.14588 13.9
      vertex 2.79657 -2.14588 13.9
      vertex 3.05274 -1.7625 13.9
    endloop
  endfacet
  facet normal 0 0 1
    outer loop
      vertex 2.49255 2.49255 13.9
      vertex 2.79657 -2.14588 13.9
      vertex 2.79657 2.14588 13.9
    endloop
  endfacet
  facet normal 0 0 1
    outer loop
      vertex 2.49255 2.49255 13.9
      vertex 2.49255 -2.49255 13.9
      vertex 2.79657 -2.14588 13.9
    endloop
  endfacet
  facet normal 0 0 1
    outer loop
      vertex 2.14588 2.79657 13.9
      vertex 2.49255 -2.49255 13.9
      vertex 2.49255 2.49255 13.9
    endloop
  endfacet
  facet normal 0 0 1
    outer loop
      vertex 2.14588 2.79657 13.9
      vertex 2.14588 -2.79657 13.9
      vertex 2.49255 -2.49255 13.9
    endloop
  endfacet
  facet normal 0 0 1
    outer loop
      vertex 1.7625 3.05274 13.9
      vertex 2.14588 -2.79657 13.9
      vertex 2.14588 2.79657 13.9
    endloop
  endfacet
  facet normal 0 0 1
    outer loop
      vertex 1.7625 3.05274 13.9
      vertex 1.7625 -3.05274 13.9
      vertex 2.14588 -2.79657 13.9
    endloop
  endfacet
  facet normal 0 0 1
    outer loop
      vertex 1.34896 3.25667 13.9
      vertex 1.7625 -3.05274 13.9
      vertex 1.7625 3.05274 13.9
    endloop
  endfacet
  facet normal 0 0 1
    outer loop
      vertex 1.34896 3.25667 13.9
      vertex 1.34896 -3.25667 13.9
      vertex 1.7625 -3.05274 13.9
    endloop
  endfacet
  facet normal 0 0 1
    outer loop
      vertex 0.549999 3.47696 13.9
      vertex 1.34896 3.25667 13.9
      vertex 0.912336 3.40489 13.9
    endloop
  endfacet
  facet normal 0 0 1
    outer loop
      vertex 1.34896 3.25667 13.9
      vertex 0.549999 3.47696 13.9
      vertex 1.34896 -3.25667 13.9
    endloop
  endfacet
  facet normal 0 0 1
    outer loop
      vertex 0.549999 -3.47696 13.9
      vertex 1.34896 -3.25667 13.9
      vertex 0.549999 3.47696 13.9
    endloop
  endfacet
  facet normal 0 0 1
    outer loop
      vertex 1.34896 -3.25667 13.9
      vertex 0.549999 -3.47696 13.9
      vertex 0.912336 -3.40489 13.9
    endloop
  endfacet
  facet normal -0.321522 -0.946862 0.00875675
    outer loop
      vertex -1.34896 -3.25667 13.9
      vertex -1.35265 -3.26559 12.8
      vertex -1.30933 -3.2803 12.8
    endloop
  endfacet
  facet normal -0.32144 -0.94689 0.00875305
    outer loop
      vertex -1.38723 -3.34906 2.5
      vertex -1.2769 -3.29962 11.9
      vertex -1.35567 -3.27288 11.9
    endloop
  endfacet
  facet normal -0.321429 -0.946893 0.00875294
    outer loop
      vertex -1.2769 -3.29962 11.9
      vertex -1.38723 -3.34906 2.5
      vertex -0.938218 -3.50148 2.5
    endloop
  endfacet
  facet normal -0.99782 0.065408 0.0087559
    outer loop
      vertex -3.53166 0.0456555 12.8
      vertex -3.49484 0.460104 13.9
      vertex -3.50441 0.461363 12.8
    endloop
  endfacet
  facet normal -0.99782 0.0654075 0.00875609
    outer loop
      vertex -3.49484 0.460104 13.9
      vertex -3.53166 0.0456555 12.8
      vertex -3.525 0 13.9
    endloop
  endfacet
  facet normal -0.997822 0.0653845 0.00875273
    outer loop
      vertex -3.51224 0.462394 11.9
      vertex -3.59399 0.473157 2.5
      vertex -3.5371 0.08301 11.9
    endloop
  endfacet
  facet normal -0.831427 -0.555565 0.00875323
    outer loop
      vertex -2.82964 -2.11371 12.8
      vertex -3.05274 -1.7625 13.9
      vertex -3.0611 -1.76732 12.8
    endloop
  endfacet
  facet normal -0.831434 -0.555554 0.00874849
    outer loop
      vertex -3.05274 -1.7625 13.9
      vertex -2.82964 -2.11371 12.8
      vertex -2.79657 -2.14588 13.9
    endloop
  endfacet
  facet normal -0.831452 -0.555528 0.00875302
    outer loop
      vertex -3.06793 -1.77127 11.9
      vertex -3.13934 -1.8125 2.5
      vertex -2.85671 -2.0874 11.9
    endloop
  endfacet
  facet normal 0.980785 0.195093 0
    outer loop
      vertex 3.69313 0.48621 12.8
      vertex 3.59807 0.964101 11.9
      vertex 3.59807 0.964101 12.8
    endloop
  endfacet
  facet normal 0.980785 0.195093 0
    outer loop
      vertex 3.59807 0.964101 11.9
      vertex 3.69313 0.48621 12.8
      vertex 3.69313 0.48621 11.9
    endloop
  endfacet
  facet normal 0.997859 0.0654074 0
    outer loop
      vertex 3.725 0 12.8
      vertex 3.69313 0.48621 11.9
      vertex 3.69313 0.48621 12.8
    endloop
  endfacet
  facet normal 0.997859 0.0654074 0
    outer loop
      vertex 3.69313 0.48621 11.9
      vertex 3.725 0 12.8
      vertex 3.725 0 11.9
    endloop
  endfacet
  facet normal 0.946933 0.321432 0
    outer loop
      vertex 3.59807 0.964101 12.8
      vertex 3.44145 1.4255 11.9
      vertex 3.44145 1.4255 12.8
    endloop
  endfacet
  facet normal 0.946933 0.321432 0
    outer loop
      vertex 3.44145 1.4255 11.9
      vertex 3.59807 0.964101 12.8
      vertex 3.59807 0.964101 11.9
    endloop
  endfacet
  facet normal 0.442298 0.896868 -0
    outer loop
      vertex 1.8625 3.22594 11.9
      vertex 1.4255 3.44145 12.8
      vertex 1.8625 3.22594 12.8
    endloop
  endfacet
  facet normal 0.442298 0.896868 0
    outer loop
      vertex 1.4255 3.44145 12.8
      vertex 1.8625 3.22594 11.9
      vertex 1.4255 3.44145 11.9
    endloop
  endfacet
  facet normal -0.980785 -0.195093 0
    outer loop
      vertex -3.59807 -0.964101 11.9
      vertex -3.69313 -0.48621 12.8
      vertex -3.69313 -0.48621 11.9
    endloop
  endfacet
  facet normal -0.980785 -0.195093 0
    outer loop
      vertex -3.69313 -0.48621 12.8
      vertex -3.59807 -0.964101 11.9
      vertex -3.59807 -0.964101 12.8
    endloop
  endfacet
  facet normal 0.659354 0.751832 -0
    outer loop
      vertex 2.63397 2.63397 11.9
      vertex 2.26764 2.95524 12.8
      vertex 2.63397 2.63397 12.8
    endloop
  endfacet
  facet normal 0.659354 0.751832 0
    outer loop
      vertex 2.26764 2.95524 12.8
      vertex 2.63397 2.63397 11.9
      vertex 2.26764 2.95524 11.9
    endloop
  endfacet
  facet normal 0.946933 -0.321432 0
    outer loop
      vertex 3.44145 -1.4255 12.8
      vertex 3.59807 -0.964101 11.9
      vertex 3.59807 -0.964101 12.8
    endloop
  endfacet
  facet normal 0.946933 -0.321432 0
    outer loop
      vertex 3.59807 -0.964101 11.9
      vertex 3.44145 -1.4255 12.8
      vertex 3.44145 -1.4255 11.9
    endloop
  endfacet
  facet normal -0.442298 0.896868 0
    outer loop
      vertex -1.4255 3.44145 11.9
      vertex -1.8625 3.22594 12.8
      vertex -1.4255 3.44145 12.8
    endloop
  endfacet
  facet normal -0.442298 0.896868 0
    outer loop
      vertex -1.8625 3.22594 12.8
      vertex -1.4255 3.44145 11.9
      vertex -1.8625 3.22594 11.9
    endloop
  endfacet
  facet normal 0.19509 -0.980785 0
    outer loop
      vertex 0.549999 -3.68044 11.9
      vertex 0.964101 -3.59807 12.8
      vertex 0.549999 -3.68044 12.8
    endloop
  endfacet
  facet normal 0.19509 -0.980785 0
    outer loop
      vertex 0.964101 -3.59807 12.8
      vertex 0.549999 -3.68044 11.9
      vertex 0.964101 -3.59807 11.9
    endloop
  endfacet
  facet normal 0.831475 0.555562 0
    outer loop
      vertex 3.22594 1.8625 12.8
      vertex 2.95524 2.26764 11.9
      vertex 2.95524 2.26764 12.8
    endloop
  endfacet
  facet normal 0.831475 0.555562 0
    outer loop
      vertex 2.95524 2.26764 11.9
      vertex 3.22594 1.8625 12.8
      vertex 3.22594 1.8625 11.9
    endloop
  endfacet
  facet normal 0.896868 0.442298 0
    outer loop
      vertex 3.44145 1.4255 12.8
      vertex 3.22594 1.8625 11.9
      vertex 3.22594 1.8625 12.8
    endloop
  endfacet
  facet normal 0.896868 0.442298 0
    outer loop
      vertex 3.22594 1.8625 11.9
      vertex 3.44145 1.4255 12.8
      vertex 3.44145 1.4255 11.9
    endloop
  endfacet
  facet normal 0.896868 -0.442298 0
    outer loop
      vertex 3.22594 -1.8625 12.8
      vertex 3.44145 -1.4255 11.9
      vertex 3.44145 -1.4255 12.8
    endloop
  endfacet
  facet normal 0.896868 -0.442298 0
    outer loop
      vertex 3.44145 -1.4255 11.9
      vertex 3.22594 -1.8625 12.8
      vertex 3.22594 -1.8625 11.9
    endloop
  endfacet
  facet normal -0.980785 0.195093 0
    outer loop
      vertex -3.69313 0.48621 11.9
      vertex -3.59807 0.964101 12.8
      vertex -3.59807 0.964101 11.9
    endloop
  endfacet
  facet normal -0.980785 0.195093 0
    outer loop
      vertex -3.59807 0.964101 12.8
      vertex -3.69313 0.48621 11.9
      vertex -3.69313 0.48621 12.8
    endloop
  endfacet
  facet normal -0.997859 0.0654074 0
    outer loop
      vertex -3.725 0 11.9
      vertex -3.69313 0.48621 12.8
      vertex -3.69313 0.48621 11.9
    endloop
  endfacet
  facet normal -0.997859 0.0654074 0
    outer loop
      vertex -3.69313 0.48621 12.8
      vertex -3.725 0 11.9
      vertex -3.725 0 12.8
    endloop
  endfacet
  facet normal 0.831475 -0.555562 0
    outer loop
      vertex 2.95524 -2.26764 12.8
      vertex 3.22594 -1.8625 11.9
      vertex 3.22594 -1.8625 12.8
    endloop
  endfacet
  facet normal 0.831475 -0.555562 0
    outer loop
      vertex 3.22594 -1.8625 11.9
      vertex 2.95524 -2.26764 12.8
      vertex 2.95524 -2.26764 11.9
    endloop
  endfacet
  facet normal -0.555562 0.831475 0
    outer loop
      vertex -1.8625 3.22594 11.9
      vertex -2.26764 2.95524 12.8
      vertex -1.8625 3.22594 12.8
    endloop
  endfacet
  facet normal -0.555562 0.831475 0
    outer loop
      vertex -2.26764 2.95524 12.8
      vertex -1.8625 3.22594 11.9
      vertex -2.26764 2.95524 11.9
    endloop
  endfacet
  facet normal -0.831475 -0.555562 0
    outer loop
      vertex -2.95524 -2.26764 11.9
      vertex -3.22594 -1.8625 12.8
      vertex -3.22594 -1.8625 11.9
    endloop
  endfacet
  facet normal -0.831475 -0.555562 0
    outer loop
      vertex -3.22594 -1.8625 12.8
      vertex -2.95524 -2.26764 11.9
      vertex -2.95524 -2.26764 12.8
    endloop
  endfacet
  facet normal -0.19509 0.980785 0
    outer loop
      vertex -0.549999 3.68044 11.9
      vertex -0.964101 3.59807 12.8
      vertex -0.549999 3.68044 12.8
    endloop
  endfacet
  facet normal -0.19509 0.980785 0
    outer loop
      vertex -0.964101 3.59807 12.8
      vertex -0.549999 3.68044 11.9
      vertex -0.964101 3.59807 11.9
    endloop
  endfacet
  facet normal 0.980785 -0.195093 0
    outer loop
      vertex 3.59807 -0.964101 12.8
      vertex 3.69313 -0.48621 11.9
      vertex 3.69313 -0.48621 12.8
    endloop
  endfacet
  facet normal 0.980785 -0.195093 0
    outer loop
      vertex 3.69313 -0.48621 11.9
      vertex 3.59807 -0.964101 12.8
      vertex 3.59807 -0.964101 11.9
    endloop
  endfacet
  facet normal 0.555562 0.831475 -0
    outer loop
      vertex 2.26764 2.95524 11.9
      vertex 1.8625 3.22594 12.8
      vertex 2.26764 2.95524 12.8
    endloop
  endfacet
  facet normal 0.555562 0.831475 0
    outer loop
      vertex 1.8625 3.22594 12.8
      vertex 2.26764 2.95524 11.9
      vertex 1.8625 3.22594 11.9
    endloop
  endfacet
  facet normal 0.659354 -0.751832 0
    outer loop
      vertex 2.26764 -2.95524 11.9
      vertex 2.63397 -2.63397 12.8
      vertex 2.26764 -2.95524 12.8
    endloop
  endfacet
  facet normal 0.659354 -0.751832 0
    outer loop
      vertex 2.63397 -2.63397 12.8
      vertex 2.26764 -2.95524 11.9
      vertex 2.63397 -2.63397 11.9
    endloop
  endfacet
  facet normal -0.659354 0.751832 0
    outer loop
      vertex -2.26764 2.95524 11.9
      vertex -2.63397 2.63397 12.8
      vertex -2.26764 2.95524 12.8
    endloop
  endfacet
  facet normal -0.659354 0.751832 0
    outer loop
      vertex -2.63397 2.63397 12.8
      vertex -2.26764 2.95524 11.9
      vertex -2.63397 2.63397 11.9
    endloop
  endfacet
  facet normal 0.997859 -0.0654074 0
    outer loop
      vertex 3.69313 -0.48621 12.8
      vertex 3.725 0 11.9
      vertex 3.725 0 12.8
    endloop
  endfacet
  facet normal 0.997859 -0.0654074 0
    outer loop
      vertex 3.725 0 11.9
      vertex 3.69313 -0.48621 12.8
      vertex 3.69313 -0.48621 11.9
    endloop
  endfacet
  facet normal -0.321432 0.946933 0
    outer loop
      vertex -0.964101 3.59807 11.9
      vertex -1.4255 3.44145 12.8
      vertex -0.964101 3.59807 12.8
    endloop
  endfacet
  facet normal -0.321432 0.946933 0
    outer loop
      vertex -1.4255 3.44145 12.8
      vertex -0.964101 3.59807 11.9
      vertex -1.4255 3.44145 11.9
    endloop
  endfacet
  facet normal -0.19509 -0.980785 0
    outer loop
      vertex -0.964101 -3.59807 11.9
      vertex -0.549999 -3.68044 12.8
      vertex -0.964101 -3.59807 12.8
    endloop
  endfacet
  facet normal -0.19509 -0.980785 -0
    outer loop
      vertex -0.549999 -3.68044 12.8
      vertex -0.964101 -3.59807 11.9
      vertex -0.549999 -3.68044 11.9
    endloop
  endfacet
  facet normal -0.946933 0.321432 0
    outer loop
      vertex -3.59807 0.964101 11.9
      vertex -3.44145 1.4255 12.8
      vertex -3.44145 1.4255 11.9
    endloop
  endfacet
  facet normal -0.946933 0.321432 0
    outer loop
      vertex -3.44145 1.4255 12.8
      vertex -3.59807 0.964101 11.9
      vertex -3.59807 0.964101 12.8
    endloop
  endfacet
  facet normal 0.751832 -0.659354 0
    outer loop
      vertex 2.63397 -2.63397 12.8
      vertex 2.95524 -2.26764 11.9
      vertex 2.95524 -2.26764 12.8
    endloop
  endfacet
  facet normal 0.751832 -0.659354 0
    outer loop
      vertex 2.95524 -2.26764 11.9
      vertex 2.63397 -2.63397 12.8
      vertex 2.63397 -2.63397 11.9
    endloop
  endfacet
  facet normal -0.659354 -0.751832 0
    outer loop
      vertex -2.63397 -2.63397 11.9
      vertex -2.26764 -2.95524 12.8
      vertex -2.63397 -2.63397 12.8
    endloop
  endfacet
  facet normal -0.659354 -0.751832 -0
    outer loop
      vertex -2.26764 -2.95524 12.8
      vertex -2.63397 -2.63397 11.9
      vertex -2.26764 -2.95524 11.9
    endloop
  endfacet
  facet normal -0.896868 -0.442298 0
    outer loop
      vertex -3.22594 -1.8625 11.9
      vertex -3.44145 -1.4255 12.8
      vertex -3.44145 -1.4255 11.9
    endloop
  endfacet
  facet normal -0.896868 -0.442298 0
    outer loop
      vertex -3.44145 -1.4255 12.8
      vertex -3.22594 -1.8625 11.9
      vertex -3.22594 -1.8625 12.8
    endloop
  endfacet
  facet normal -0.997859 -0.0654074 0
    outer loop
      vertex -3.69313 -0.48621 11.9
      vertex -3.725 0 12.8
      vertex -3.725 0 11.9
    endloop
  endfacet
  facet normal -0.997859 -0.0654074 0
    outer loop
      vertex -3.725 0 12.8
      vertex -3.69313 -0.48621 11.9
      vertex -3.69313 -0.48621 12.8
    endloop
  endfacet
  facet normal 0.751832 0.659354 0
    outer loop
      vertex 2.95524 2.26764 12.8
      vertex 2.63397 2.63397 11.9
      vertex 2.63397 2.63397 12.8
    endloop
  endfacet
  facet normal 0.751832 0.659354 0
    outer loop
      vertex 2.63397 2.63397 11.9
      vertex 2.95524 2.26764 12.8
      vertex 2.95524 2.26764 11.9
    endloop
  endfacet
  facet normal 0.555562 -0.831475 0
    outer loop
      vertex 1.8625 -3.22594 11.9
      vertex 2.26764 -2.95524 12.8
      vertex 1.8625 -3.22594 12.8
    endloop
  endfacet
  facet normal 0.555562 -0.831475 0
    outer loop
      vertex 2.26764 -2.95524 12.8
      vertex 1.8625 -3.22594 11.9
      vertex 2.26764 -2.95524 11.9
    endloop
  endfacet
  facet normal -0.751832 0.659354 0
    outer loop
      vertex -2.95524 2.26764 11.9
      vertex -2.63397 2.63397 12.8
      vertex -2.63397 2.63397 11.9
    endloop
  endfacet
  facet normal -0.751832 0.659354 0
    outer loop
      vertex -2.63397 2.63397 12.8
      vertex -2.95524 2.26764 11.9
      vertex -2.95524 2.26764 12.8
    endloop
  endfacet
  facet normal 0.321432 0.946933 -0
    outer loop
      vertex 1.4255 3.44145 11.9
      vertex 0.964101 3.59807 12.8
      vertex 1.4255 3.44145 12.8
    endloop
  endfacet
  facet normal 0.321432 0.946933 0
    outer loop
      vertex 0.964101 3.59807 12.8
      vertex 1.4255 3.44145 11.9
      vertex 0.964101 3.59807 11.9
    endloop
  endfacet
  facet normal -0.321432 -0.946933 0
    outer loop
      vertex -1.4255 -3.44145 11.9
      vertex -0.964101 -3.59807 12.8
      vertex -1.4255 -3.44145 12.8
    endloop
  endfacet
  facet normal -0.321432 -0.946933 -0
    outer loop
      vertex -0.964101 -3.59807 12.8
      vertex -1.4255 -3.44145 11.9
      vertex -0.964101 -3.59807 11.9
    endloop
  endfacet
  facet normal -0.946933 -0.321432 0
    outer loop
      vertex -3.44145 -1.4255 11.9
      vertex -3.59807 -0.964101 12.8
      vertex -3.59807 -0.964101 11.9
    endloop
  endfacet
  facet normal -0.946933 -0.321432 0
    outer loop
      vertex -3.59807 -0.964101 12.8
      vertex -3.44145 -1.4255 11.9
      vertex -3.44145 -1.4255 12.8
    endloop
  endfacet
  facet normal 0 0 -1
    outer loop
      vertex -0.549999 -3.68044 11.9
      vertex -0.835287 -3.43806 11.9
      vertex -0.549999 -3.49481 11.9
    endloop
  endfacet
  facet normal 0 0 -1
    outer loop
      vertex -0.964101 -3.59807 11.9
      vertex -0.835287 -3.43806 11.9
      vertex -0.549999 -3.68044 11.9
    endloop
  endfacet
  facet normal -0 0 -1
    outer loop
      vertex -0.835287 -3.43806 11.9
      vertex -0.964101 -3.59807 11.9
      vertex -0.916877 -3.42183 11.9
    endloop
  endfacet
  facet normal 0 0 -1
    outer loop
      vertex -0.964101 -3.59807 11.9
      vertex -1.2769 -3.29962 11.9
      vertex -0.916877 -3.42183 11.9
    endloop
  endfacet
  facet normal 0 0 -1
    outer loop
      vertex -1.4255 -3.44145 11.9
      vertex -1.2769 -3.29962 11.9
      vertex -0.964101 -3.59807 11.9
    endloop
  endfacet
  facet normal -0 0 -1
    outer loop
      vertex -1.2769 -3.29962 11.9
      vertex -1.4255 -3.44145 11.9
      vertex -1.35567 -3.27288 11.9
    endloop
  endfacet
  facet normal 0 0 -1
    outer loop
      vertex -1.4255 -3.44145 11.9
      vertex -1.69666 -3.10473 11.9
      vertex -1.35567 -3.27288 11.9
    endloop
  endfacet
  facet normal 0 0 -1
    outer loop
      vertex -1.8625 -3.22594 11.9
      vertex -1.69666 -3.10473 11.9
      vertex -1.4255 -3.44145 11.9
    endloop
  endfacet
  facet normal -0 0 -1
    outer loop
      vertex -1.69666 -3.10473 11.9
      vertex -1.8625 -3.22594 11.9
      vertex -1.77127 -3.06793 11.9
    endloop
  endfacet
  facet normal 0 0 -1
    outer loop
      vertex -1.8625 -3.22594 11.9
      vertex -2.0874 -2.85671 11.9
      vertex -1.77127 -3.06793 11.9
    endloop
  endfacet
  facet normal 0 0 -1
    outer loop
      vertex -2.26764 -2.95524 11.9
      vertex -2.0874 -2.85671 11.9
      vertex -1.8625 -3.22594 11.9
    endloop
  endfacet
  facet normal -0 0 -1
    outer loop
      vertex -2.0874 -2.85671 11.9
      vertex -2.26764 -2.95524 11.9
      vertex -2.15656 -2.81049 11.9
    endloop
  endfacet
  facet normal -0 0 -1
    outer loop
      vertex -2.15656 -2.81049 11.9
      vertex -2.26764 -2.95524 11.9
      vertex -2.21911 -2.75564 11.9
    endloop
  endfacet
  facet normal 0 0 -1
    outer loop
      vertex -2.63397 -2.63397 11.9
      vertex -2.21911 -2.75564 11.9
      vertex -2.26764 -2.95524 11.9
    endloop
  endfacet
  facet normal 0 0 -1
    outer loop
      vertex -2.21911 -2.75564 11.9
      vertex -2.63397 -2.63397 11.9
      vertex -2.50496 -2.50496 11.9
    endloop
  endfacet
  facet normal 0 0 -1
    outer loop
      vertex -2.63397 -2.63397 11.9
      vertex -2.75564 -2.21911 11.9
      vertex -2.50496 -2.50496 11.9
    endloop
  endfacet
  facet normal 0 0 -1
    outer loop
      vertex -2.95524 -2.26764 11.9
      vertex -2.75564 -2.21911 11.9
      vertex -2.63397 -2.63397 11.9
    endloop
  endfacet
  facet normal -0 0 -1
    outer loop
      vertex -2.75564 -2.21911 11.9
      vertex -2.95524 -2.26764 11.9
      vertex -2.81049 -2.15656 11.9
    endloop
  endfacet
  facet normal -0 0 -1
    outer loop
      vertex -2.81049 -2.15656 11.9
      vertex -2.95524 -2.26764 11.9
      vertex -2.85671 -2.0874 11.9
    endloop
  endfacet
  facet normal 0 0 -1
    outer loop
      vertex -3.22594 -1.8625 11.9
      vertex -2.85671 -2.0874 11.9
      vertex -2.95524 -2.26764 11.9
    endloop
  endfacet
  facet normal 0 0 -1
    outer loop
      vertex -2.85671 -2.0874 11.9
      vertex -3.22594 -1.8625 11.9
      vertex -3.06793 -1.77127 11.9
    endloop
  endfacet
  facet normal -0 0 -1
    outer loop
      vertex -3.06793 -1.77127 11.9
      vertex -3.22594 -1.8625 11.9
      vertex -3.10473 -1.69666 11.9
    endloop
  endfacet
  facet normal 0 0 -1
    outer loop
      vertex -3.44145 -1.4255 11.9
      vertex -3.10473 -1.69666 11.9
      vertex -3.22594 -1.8625 11.9
    endloop
  endfacet
  facet normal 0 0 -1
    outer loop
      vertex -3.10473 -1.69666 11.9
      vertex -3.44145 -1.4255 11.9
      vertex -3.27288 -1.35567 11.9
    endloop
  endfacet
  facet normal -0 0 -1
    outer loop
      vertex -3.27288 -1.35567 11.9
      vertex -3.44145 -1.4255 11.9
      vertex -3.29962 -1.2769 11.9
    endloop
  endfacet
  facet normal 0 0 -1
    outer loop
      vertex -3.59807 -0.964101 11.9
      vertex -3.29962 -1.2769 11.9
      vertex -3.44145 -1.4255 11.9
    endloop
  endfacet
  facet normal 0 0 -1
    outer loop
      vertex -3.29962 -1.2769 11.9
      vertex -3.59807 -0.964101 11.9
      vertex -3.42183 -0.916877 11.9
    endloop
  endfacet
  facet normal -0 0 -1
    outer loop
      vertex -3.42183 -0.916877 11.9
      vertex -3.59807 -0.964101 11.9
      vertex -3.43806 -0.835287 11.9
    endloop
  endfacet
  facet normal 0 0 -1
    outer loop
      vertex -3.69313 -0.48621 11.9
      vertex -3.5371 -0.08301 11.9
      vertex -3.51224 -0.462394 11.9
    endloop
  endfacet
  facet normal 0 0 -1
    outer loop
      vertex -3.43806 -0.835287 11.9
      vertex -3.69313 -0.48621 11.9
      vertex -3.51224 -0.462394 11.9
    endloop
  endfacet
  facet normal 0 0 -1
    outer loop
      vertex -3.69313 -0.48621 11.9
      vertex -3.43806 -0.835287 11.9
      vertex -3.59807 -0.964101 11.9
    endloop
  endfacet
  facet normal 0 0 -1
    outer loop
      vertex -0.835287 3.43806 11.9
      vertex -0.549999 3.68044 11.9
      vertex -0.549999 3.49481 11.9
    endloop
  endfacet
  facet normal 0 0 -1
    outer loop
      vertex -0.964101 3.59807 11.9
      vertex -0.835287 3.43806 11.9
      vertex -0.916877 3.42183 11.9
    endloop
  endfacet
  facet normal 0 0 -1
    outer loop
      vertex -0.835287 3.43806 11.9
      vertex -0.964101 3.59807 11.9
      vertex -0.549999 3.68044 11.9
    endloop
  endfacet
  facet normal 0 0 -1
    outer loop
      vertex -1.2769 3.29962 11.9
      vertex -0.964101 3.59807 11.9
      vertex -0.916877 3.42183 11.9
    endloop
  endfacet
  facet normal 0 0 -1
    outer loop
      vertex -1.4255 3.44145 11.9
      vertex -1.2769 3.29962 11.9
      vertex -1.35567 3.27288 11.9
    endloop
  endfacet
  facet normal 0 0 -1
    outer loop
      vertex -1.2769 3.29962 11.9
      vertex -1.4255 3.44145 11.9
      vertex -0.964101 3.59807 11.9
    endloop
  endfacet
  facet normal 0 0 -1
    outer loop
      vertex -1.69666 3.10473 11.9
      vertex -1.4255 3.44145 11.9
      vertex -1.35567 3.27288 11.9
    endloop
  endfacet
  facet normal 0 0 -1
    outer loop
      vertex -1.8625 3.22594 11.9
      vertex -1.69666 3.10473 11.9
      vertex -1.77127 3.06793 11.9
    endloop
  endfacet
  facet normal 0 0 -1
    outer loop
      vertex -1.69666 3.10473 11.9
      vertex -1.8625 3.22594 11.9
      vertex -1.4255 3.44145 11.9
    endloop
  endfacet
  facet normal 0 0 -1
    outer loop
      vertex -2.0874 2.85671 11.9
      vertex -1.8625 3.22594 11.9
      vertex -1.77127 3.06793 11.9
    endloop
  endfacet
  facet normal 0 0 -1
    outer loop
      vertex -2.26764 2.95524 11.9
      vertex -2.0874 2.85671 11.9
      vertex -2.15656 2.81049 11.9
    endloop
  endfacet
  facet normal 0 0 -1
    outer loop
      vertex -2.26764 2.95524 11.9
      vertex -2.15656 2.81049 11.9
      vertex -2.21911 2.75564 11.9
    endloop
  endfacet
  facet normal 0 0 -1
    outer loop
      vertex -2.0874 2.85671 11.9
      vertex -2.26764 2.95524 11.9
      vertex -1.8625 3.22594 11.9
    endloop
  endfacet
  facet normal 0 0 -1
    outer loop
      vertex -2.63397 2.63397 11.9
      vertex -2.21911 2.75564 11.9
      vertex -2.50496 2.50496 11.9
    endloop
  endfacet
  facet normal -0 0 -1
    outer loop
      vertex -2.21911 2.75564 11.9
      vertex -2.63397 2.63397 11.9
      vertex -2.26764 2.95524 11.9
    endloop
  endfacet
  facet normal 0 0 -1
    outer loop
      vertex -2.75564 2.21911 11.9
      vertex -2.63397 2.63397 11.9
      vertex -2.50496 2.50496 11.9
    endloop
  endfacet
  facet normal 0 0 -1
    outer loop
      vertex -2.95524 2.26764 11.9
      vertex -2.75564 2.21911 11.9
      vertex -2.81049 2.15656 11.9
    endloop
  endfacet
  facet normal 0 0 -1
    outer loop
      vertex -2.95524 2.26764 11.9
      vertex -2.81049 2.15656 11.9
      vertex -2.85671 2.0874 11.9
    endloop
  endfacet
  facet normal 0 0 -1
    outer loop
      vertex -2.75564 2.21911 11.9
      vertex -2.95524 2.26764 11.9
      vertex -2.63397 2.63397 11.9
    endloop
  endfacet
  facet normal 0 0 -1
    outer loop
      vertex -3.22594 1.8625 11.9
      vertex -2.85671 2.0874 11.9
      vertex -3.06793 1.77127 11.9
    endloop
  endfacet
  facet normal 0 0 -1
    outer loop
      vertex -3.22594 1.8625 11.9
      vertex -3.06793 1.77127 11.9
      vertex -3.10473 1.69666 11.9
    endloop
  endfacet
  facet normal -0 0 -1
    outer loop
      vertex -2.85671 2.0874 11.9
      vertex -3.22594 1.8625 11.9
      vertex -2.95524 2.26764 11.9
    endloop
  endfacet
  facet normal 0 0 -1
    outer loop
      vertex -3.44145 1.4255 11.9
      vertex -3.10473 1.69666 11.9
      vertex -3.27288 1.35567 11.9
    endloop
  endfacet
  facet normal 0 0 -1
    outer loop
      vertex -3.44145 1.4255 11.9
      vertex -3.27288 1.35567 11.9
      vertex -3.29962 1.2769 11.9
    endloop
  endfacet
  facet normal 0 0 -1
    outer loop
      vertex -3.59807 0.964101 11.9
      vertex -3.29962 1.2769 11.9
      vertex -3.42183 0.916877 11.9
    endloop
  endfacet
  facet normal -0 0 -1
    outer loop
      vertex -3.10473 1.69666 11.9
      vertex -3.44145 1.4255 11.9
      vertex -3.22594 1.8625 11.9
    endloop
  endfacet
  facet normal 0 0 -1
    outer loop
      vertex -3.59807 0.964101 11.9
      vertex -3.42183 0.916877 11.9
      vertex -3.43806 0.835287 11.9
    endloop
  endfacet
  facet normal 0 0 -1
    outer loop
      vertex -3.69313 0.48621 11.9
      vertex -3.43806 0.835287 11.9
      vertex -3.51224 0.462394 11.9
    endloop
  endfacet
  facet normal 0 0 -1
    outer loop
      vertex -3.725 0 11.9
      vertex -3.5371 0.08301 11.9
      vertex -3.54254 0 11.9
    endloop
  endfacet
  facet normal -0 0 -1
    outer loop
      vertex -3.29962 1.2769 11.9
      vertex -3.59807 0.964101 11.9
      vertex -3.44145 1.4255 11.9
    endloop
  endfacet
  facet normal 0 0 -1
    outer loop
      vertex -3.5371 0.08301 11.9
      vertex -3.69313 0.48621 11.9
      vertex -3.51224 0.462394 11.9
    endloop
  endfacet
  facet normal 0 0 -1
    outer loop
      vertex -3.725 0 11.9
      vertex -3.5371 -0.08301 11.9
      vertex -3.69313 -0.48621 11.9
    endloop
  endfacet
  facet normal 0 0 -1
    outer loop
      vertex -3.5371 -0.08301 11.9
      vertex -3.725 0 11.9
      vertex -3.54254 0 11.9
    endloop
  endfacet
  facet normal -0 0 -1
    outer loop
      vertex -3.43806 0.835287 11.9
      vertex -3.69313 0.48621 11.9
      vertex -3.59807 0.964101 11.9
    endloop
  endfacet
  facet normal -0 0 -1
    outer loop
      vertex -3.5371 0.08301 11.9
      vertex -3.725 0 11.9
      vertex -3.69313 0.48621 11.9
    endloop
  endfacet
  facet normal 0 0 -1
    outer loop
      vertex 3.5371 -0.08301 11.9
      vertex 3.725 0 11.9
      vertex 3.69313 -0.48621 11.9
    endloop
  endfacet
  facet normal 0 0 -1
    outer loop
      vertex 3.43806 -0.835287 11.9
      vertex 3.69313 -0.48621 11.9
      vertex 3.59807 -0.964101 11.9
    endloop
  endfacet
  facet normal -0 0 -1
    outer loop
      vertex 3.725 0 11.9
      vertex 3.5371 -0.08301 11.9
      vertex 3.54254 0 11.9
    endloop
  endfacet
  facet normal 0 0 -1
    outer loop
      vertex 3.725 0 11.9
      vertex 3.5371 0.08301 11.9
      vertex 3.69313 0.48621 11.9
    endloop
  endfacet
  facet normal 0 0 -1
    outer loop
      vertex 3.5371 0.08301 11.9
      vertex 3.725 0 11.9
      vertex 3.54254 0 11.9
    endloop
  endfacet
  facet normal 0 0 -1
    outer loop
      vertex 3.69313 -0.48621 11.9
      vertex 3.51224 -0.462394 11.9
      vertex 3.5371 -0.08301 11.9
    endloop
  endfacet
  facet normal 0 0 -1
    outer loop
      vertex 3.29962 -1.2769 11.9
      vertex 3.59807 -0.964101 11.9
      vertex 3.44145 -1.4255 11.9
    endloop
  endfacet
  facet normal -0 0 -1
    outer loop
      vertex 3.69313 -0.48621 11.9
      vertex 3.43806 -0.835287 11.9
      vertex 3.51224 -0.462394 11.9
    endloop
  endfacet
  facet normal 0 0 -1
    outer loop
      vertex 3.59807 -0.964101 11.9
      vertex 3.42183 -0.916877 11.9
      vertex 3.43806 -0.835287 11.9
    endloop
  endfacet
  facet normal -0 0 -1
    outer loop
      vertex 3.59807 -0.964101 11.9
      vertex 3.29962 -1.2769 11.9
      vertex 3.42183 -0.916877 11.9
    endloop
  endfacet
  facet normal 0 0 -1
    outer loop
      vertex 3.44145 -1.4255 11.9
      vertex 3.27288 -1.35567 11.9
      vertex 3.29962 -1.2769 11.9
    endloop
  endfacet
  facet normal 0 0 -1
    outer loop
      vertex 3.10473 -1.69666 11.9
      vertex 3.44145 -1.4255 11.9
      vertex 3.22594 -1.8625 11.9
    endloop
  endfacet
  facet normal -0 0 -1
    outer loop
      vertex 3.44145 -1.4255 11.9
      vertex 3.10473 -1.69666 11.9
      vertex 3.27288 -1.35567 11.9
    endloop
  endfacet
  facet normal 0 0 -1
    outer loop
      vertex 3.22594 -1.8625 11.9
      vertex 3.06793 -1.77127 11.9
      vertex 3.10473 -1.69666 11.9
    endloop
  endfacet
  facet normal 0 0 -1
    outer loop
      vertex 2.85671 -2.0874 11.9
      vertex 3.22594 -1.8625 11.9
      vertex 2.95524 -2.26764 11.9
    endloop
  endfacet
  facet normal -0 0 -1
    outer loop
      vertex 3.22594 -1.8625 11.9
      vertex 2.85671 -2.0874 11.9
      vertex 3.06793 -1.77127 11.9
    endloop
  endfacet
  facet normal 0 0 -1
    outer loop
      vertex 2.95524 -2.26764 11.9
      vertex 2.81049 -2.15656 11.9
      vertex 2.85671 -2.0874 11.9
    endloop
  endfacet
  facet normal 0 0 -1
    outer loop
      vertex 2.95524 -2.26764 11.9
      vertex 2.75564 -2.21911 11.9
      vertex 2.81049 -2.15656 11.9
    endloop
  endfacet
  facet normal 0 0 -1
    outer loop
      vertex 2.63397 -2.63397 11.9
      vertex 2.75564 -2.21911 11.9
      vertex 2.95524 -2.26764 11.9
    endloop
  endfacet
  facet normal 0 0 -1
    outer loop
      vertex 2.63397 -2.63397 11.9
      vertex 2.50496 -2.50496 11.9
      vertex 2.75564 -2.21911 11.9
    endloop
  endfacet
  facet normal 0 0 -1
    outer loop
      vertex 2.21911 -2.75564 11.9
      vertex 2.63397 -2.63397 11.9
      vertex 2.26764 -2.95524 11.9
    endloop
  endfacet
  facet normal -0 0 -1
    outer loop
      vertex 2.63397 -2.63397 11.9
      vertex 2.21911 -2.75564 11.9
      vertex 2.50496 -2.50496 11.9
    endloop
  endfacet
  facet normal 0 0 -1
    outer loop
      vertex 2.26764 -2.95524 11.9
      vertex 2.15656 -2.81049 11.9
      vertex 2.21911 -2.75564 11.9
    endloop
  endfacet
  facet normal 0 0 -1
    outer loop
      vertex 2.26764 -2.95524 11.9
      vertex 2.0874 -2.85671 11.9
      vertex 2.15656 -2.81049 11.9
    endloop
  endfacet
  facet normal 0 0 -1
    outer loop
      vertex 1.8625 -3.22594 11.9
      vertex 2.0874 -2.85671 11.9
      vertex 2.26764 -2.95524 11.9
    endloop
  endfacet
  facet normal 0 0 -1
    outer loop
      vertex 1.8625 -3.22594 11.9
      vertex 1.77127 -3.06793 11.9
      vertex 2.0874 -2.85671 11.9
    endloop
  endfacet
  facet normal 0 0 -1
    outer loop
      vertex 1.8625 -3.22594 11.9
      vertex 1.69666 -3.10473 11.9
      vertex 1.77127 -3.06793 11.9
    endloop
  endfacet
  facet normal 0 0 -1
    outer loop
      vertex 1.4255 -3.44145 11.9
      vertex 1.69666 -3.10473 11.9
      vertex 1.8625 -3.22594 11.9
    endloop
  endfacet
  facet normal 0 0 -1
    outer loop
      vertex 1.4255 -3.44145 11.9
      vertex 1.35567 -3.27288 11.9
      vertex 1.69666 -3.10473 11.9
    endloop
  endfacet
  facet normal 0 0 -1
    outer loop
      vertex 1.4255 -3.44145 11.9
      vertex 1.2769 -3.29962 11.9
      vertex 1.35567 -3.27288 11.9
    endloop
  endfacet
  facet normal 0 0 -1
    outer loop
      vertex 0.964101 -3.59807 11.9
      vertex 1.2769 -3.29962 11.9
      vertex 1.4255 -3.44145 11.9
    endloop
  endfacet
  facet normal 0 0 -1
    outer loop
      vertex 0.964101 -3.59807 11.9
      vertex 0.916877 -3.42183 11.9
      vertex 1.2769 -3.29962 11.9
    endloop
  endfacet
  facet normal 0 0 -1
    outer loop
      vertex 0.964101 -3.59807 11.9
      vertex 0.835287 -3.43806 11.9
      vertex 0.916877 -3.42183 11.9
    endloop
  endfacet
  facet normal 0 0 -1
    outer loop
      vertex 0.549999 -3.68044 11.9
      vertex 0.835287 -3.43806 11.9
      vertex 0.964101 -3.59807 11.9
    endloop
  endfacet
  facet normal 0 0 -1
    outer loop
      vertex 0.835287 -3.43806 11.9
      vertex 0.549999 -3.68044 11.9
      vertex 0.549999 -3.49481 11.9
    endloop
  endfacet
  facet normal 0 0 -1
    outer loop
      vertex 3.51224 0.462394 11.9
      vertex 3.69313 0.48621 11.9
      vertex 3.5371 0.08301 11.9
    endloop
  endfacet
  facet normal 0 0 -1
    outer loop
      vertex 3.43806 0.835287 11.9
      vertex 3.69313 0.48621 11.9
      vertex 3.51224 0.462394 11.9
    endloop
  endfacet
  facet normal 0 0 -1
    outer loop
      vertex 3.69313 0.48621 11.9
      vertex 3.43806 0.835287 11.9
      vertex 3.59807 0.964101 11.9
    endloop
  endfacet
  facet normal 0 0 -1
    outer loop
      vertex 3.42183 0.916877 11.9
      vertex 3.59807 0.964101 11.9
      vertex 3.43806 0.835287 11.9
    endloop
  endfacet
  facet normal 0 0 -1
    outer loop
      vertex 3.29962 1.2769 11.9
      vertex 3.59807 0.964101 11.9
      vertex 3.42183 0.916877 11.9
    endloop
  endfacet
  facet normal 0 0 -1
    outer loop
      vertex 3.59807 0.964101 11.9
      vertex 3.29962 1.2769 11.9
      vertex 3.44145 1.4255 11.9
    endloop
  endfacet
  facet normal 0 0 -1
    outer loop
      vertex 3.27288 1.35567 11.9
      vertex 3.44145 1.4255 11.9
      vertex 3.29962 1.2769 11.9
    endloop
  endfacet
  facet normal 0 0 -1
    outer loop
      vertex 3.10473 1.69666 11.9
      vertex 3.44145 1.4255 11.9
      vertex 3.27288 1.35567 11.9
    endloop
  endfacet
  facet normal 0 0 -1
    outer loop
      vertex 3.44145 1.4255 11.9
      vertex 3.10473 1.69666 11.9
      vertex 3.22594 1.8625 11.9
    endloop
  endfacet
  facet normal 0 0 -1
    outer loop
      vertex 3.06793 1.77127 11.9
      vertex 3.22594 1.8625 11.9
      vertex 3.10473 1.69666 11.9
    endloop
  endfacet
  facet normal 0 0 -1
    outer loop
      vertex 2.85671 2.0874 11.9
      vertex 3.22594 1.8625 11.9
      vertex 3.06793 1.77127 11.9
    endloop
  endfacet
  facet normal 0 0 -1
    outer loop
      vertex 3.22594 1.8625 11.9
      vertex 2.85671 2.0874 11.9
      vertex 2.95524 2.26764 11.9
    endloop
  endfacet
  facet normal 0 0 -1
    outer loop
      vertex 2.81049 2.15656 11.9
      vertex 2.95524 2.26764 11.9
      vertex 2.85671 2.0874 11.9
    endloop
  endfacet
  facet normal 0 0 -1
    outer loop
      vertex 2.75564 2.21911 11.9
      vertex 2.95524 2.26764 11.9
      vertex 2.81049 2.15656 11.9
    endloop
  endfacet
  facet normal 0 0 -1
    outer loop
      vertex 2.75564 2.21911 11.9
      vertex 2.63397 2.63397 11.9
      vertex 2.95524 2.26764 11.9
    endloop
  endfacet
  facet normal 0 0 -1
    outer loop
      vertex 2.50496 2.50496 11.9
      vertex 2.63397 2.63397 11.9
      vertex 2.75564 2.21911 11.9
    endloop
  endfacet
  facet normal 0 0 -1
    outer loop
      vertex 2.21911 2.75564 11.9
      vertex 2.63397 2.63397 11.9
      vertex 2.50496 2.50496 11.9
    endloop
  endfacet
  facet normal 0 0 -1
    outer loop
      vertex 2.63397 2.63397 11.9
      vertex 2.21911 2.75564 11.9
      vertex 2.26764 2.95524 11.9
    endloop
  endfacet
  facet normal 0 0 -1
    outer loop
      vertex 2.15656 2.81049 11.9
      vertex 2.26764 2.95524 11.9
      vertex 2.21911 2.75564 11.9
    endloop
  endfacet
  facet normal 0 0 -1
    outer loop
      vertex 2.0874 2.85671 11.9
      vertex 2.26764 2.95524 11.9
      vertex 2.15656 2.81049 11.9
    endloop
  endfacet
  facet normal 0 0 -1
    outer loop
      vertex 2.0874 2.85671 11.9
      vertex 1.8625 3.22594 11.9
      vertex 2.26764 2.95524 11.9
    endloop
  endfacet
  facet normal 0 0 -1
    outer loop
      vertex 1.77127 3.06793 11.9
      vertex 1.8625 3.22594 11.9
      vertex 2.0874 2.85671 11.9
    endloop
  endfacet
  facet normal 0 0 -1
    outer loop
      vertex 1.69666 3.10473 11.9
      vertex 1.8625 3.22594 11.9
      vertex 1.77127 3.06793 11.9
    endloop
  endfacet
  facet normal 0 0 -1
    outer loop
      vertex 1.69666 3.10473 11.9
      vertex 1.4255 3.44145 11.9
      vertex 1.8625 3.22594 11.9
    endloop
  endfacet
  facet normal 0 0 -1
    outer loop
      vertex 1.35567 3.27288 11.9
      vertex 1.4255 3.44145 11.9
      vertex 1.69666 3.10473 11.9
    endloop
  endfacet
  facet normal 0 0 -1
    outer loop
      vertex 1.2769 3.29962 11.9
      vertex 1.4255 3.44145 11.9
      vertex 1.35567 3.27288 11.9
    endloop
  endfacet
  facet normal 0 0 -1
    outer loop
      vertex 1.2769 3.29962 11.9
      vertex 0.964101 3.59807 11.9
      vertex 1.4255 3.44145 11.9
    endloop
  endfacet
  facet normal 0 0 -1
    outer loop
      vertex 0.916877 3.42183 11.9
      vertex 0.964101 3.59807 11.9
      vertex 1.2769 3.29962 11.9
    endloop
  endfacet
  facet normal 0 0 -1
    outer loop
      vertex 0.835287 3.43806 11.9
      vertex 0.964101 3.59807 11.9
      vertex 0.916877 3.42183 11.9
    endloop
  endfacet
  facet normal 0 0 -1
    outer loop
      vertex 0.549999 3.68044 11.9
      vertex 0.835287 3.43806 11.9
      vertex 0.549999 3.49481 11.9
    endloop
  endfacet
  facet normal 0 0 -1
    outer loop
      vertex 0.835287 3.43806 11.9
      vertex 0.549999 3.68044 11.9
      vertex 0.964101 3.59807 11.9
    endloop
  endfacet
  facet normal 0.442298 -0.896868 0
    outer loop
      vertex 1.4255 -3.44145 11.9
      vertex 1.8625 -3.22594 12.8
      vertex 1.4255 -3.44145 12.8
    endloop
  endfacet
  facet normal 0.442298 -0.896868 0
    outer loop
      vertex 1.8625 -3.22594 12.8
      vertex 1.4255 -3.44145 11.9
      vertex 1.8625 -3.22594 11.9
    endloop
  endfacet
  facet normal -0.751832 -0.659354 0
    outer loop
      vertex -2.63397 -2.63397 11.9
      vertex -2.95524 -2.26764 12.8
      vertex -2.95524 -2.26764 11.9
    endloop
  endfacet
  facet normal -0.751832 -0.659354 0
    outer loop
      vertex -2.95524 -2.26764 12.8
      vertex -2.63397 -2.63397 11.9
      vertex -2.63397 -2.63397 12.8
    endloop
  endfacet
  facet normal 0.321432 -0.946933 0
    outer loop
      vertex 0.964101 -3.59807 11.9
      vertex 1.4255 -3.44145 12.8
      vertex 0.964101 -3.59807 12.8
    endloop
  endfacet
  facet normal 0.321432 -0.946933 0
    outer loop
      vertex 1.4255 -3.44145 12.8
      vertex 0.964101 -3.59807 11.9
      vertex 1.4255 -3.44145 11.9
    endloop
  endfacet
  facet normal -0.555562 -0.831475 0
    outer loop
      vertex -2.26764 -2.95524 11.9
      vertex -1.8625 -3.22594 12.8
      vertex -2.26764 -2.95524 12.8
    endloop
  endfacet
  facet normal -0.555562 -0.831475 -0
    outer loop
      vertex -1.8625 -3.22594 12.8
      vertex -2.26764 -2.95524 11.9
      vertex -1.8625 -3.22594 11.9
    endloop
  endfacet
  facet normal 0.19509 0.980785 -0
    outer loop
      vertex 0.964101 3.59807 11.9
      vertex 0.549999 3.68044 12.8
      vertex 0.964101 3.59807 12.8
    endloop
  endfacet
  facet normal 0.19509 0.980785 0
    outer loop
      vertex 0.549999 3.68044 12.8
      vertex 0.964101 3.59807 11.9
      vertex 0.549999 3.68044 11.9
    endloop
  endfacet
  facet normal -0.442298 -0.896868 0
    outer loop
      vertex -1.8625 -3.22594 11.9
      vertex -1.4255 -3.44145 12.8
      vertex -1.8625 -3.22594 12.8
    endloop
  endfacet
  facet normal -0.442298 -0.896868 -0
    outer loop
      vertex -1.4255 -3.44145 12.8
      vertex -1.8625 -3.22594 11.9
      vertex -1.4255 -3.44145 11.9
    endloop
  endfacet
  facet normal -0.896868 0.442298 0
    outer loop
      vertex -3.44145 1.4255 11.9
      vertex -3.22594 1.8625 12.8
      vertex -3.22594 1.8625 11.9
    endloop
  endfacet
  facet normal -0.896868 0.442298 0
    outer loop
      vertex -3.22594 1.8625 12.8
      vertex -3.44145 1.4255 11.9
      vertex -3.44145 1.4255 12.8
    endloop
  endfacet
  facet normal -0.831475 0.555562 0
    outer loop
      vertex -3.22594 1.8625 11.9
      vertex -2.95524 2.26764 12.8
      vertex -2.95524 2.26764 11.9
    endloop
  endfacet
  facet normal -0.831475 0.555562 0
    outer loop
      vertex -2.95524 2.26764 12.8
      vertex -3.22594 1.8625 11.9
      vertex -3.22594 1.8625 12.8
    endloop
  endfacet
  facet normal -0 0 1
    outer loop
      vertex 3.53166 0.0456555 12.8
      vertex 3.725 0 12.8
      vertex 3.69313 0.48621 12.8
    endloop
  endfacet
  facet normal -0 0 1
    outer loop
      vertex 3.42313 0.869959 12.8
      vertex 3.69313 0.48621 12.8
      vertex 3.59807 0.964101 12.8
    endloop
  endfacet
  facet normal 0 0 1
    outer loop
      vertex 3.725 0 12.8
      vertex 3.53166 0.0456555 12.8
      vertex 3.53465 0 12.8
    endloop
  endfacet
  facet normal 0 0 1
    outer loop
      vertex 3.725 0 12.8
      vertex 3.53166 -0.0456555 12.8
      vertex 3.69313 -0.48621 12.8
    endloop
  endfacet
  facet normal 0 0 1
    outer loop
      vertex 3.53166 -0.0456555 12.8
      vertex 3.725 0 12.8
      vertex 3.53465 0 12.8
    endloop
  endfacet
  facet normal 0 0 1
    outer loop
      vertex 3.69313 0.48621 12.8
      vertex 3.50441 0.461363 12.8
      vertex 3.53166 0.0456555 12.8
    endloop
  endfacet
  facet normal -0 0 1
    outer loop
      vertex 3.2803 1.30933 12.8
      vertex 3.59807 0.964101 12.8
      vertex 3.44145 1.4255 12.8
    endloop
  endfacet
  facet normal 0 0 1
    outer loop
      vertex 3.69313 0.48621 12.8
      vertex 3.42313 0.869959 12.8
      vertex 3.50441 0.461363 12.8
    endloop
  endfacet
  facet normal 0 0 1
    outer loop
      vertex 3.59807 0.964101 12.8
      vertex 3.41421 0.914834 12.8
      vertex 3.42313 0.869959 12.8
    endloop
  endfacet
  facet normal 0 0 1
    outer loop
      vertex 3.59807 0.964101 12.8
      vertex 3.2803 1.30933 12.8
      vertex 3.41421 0.914834 12.8
    endloop
  endfacet
  facet normal 0 0 1
    outer loop
      vertex 3.44145 1.4255 12.8
      vertex 3.26559 1.35265 12.8
      vertex 3.2803 1.30933 12.8
    endloop
  endfacet
  facet normal -0 0 1
    outer loop
      vertex 3.08133 1.72629 12.8
      vertex 3.44145 1.4255 12.8
      vertex 3.22594 1.8625 12.8
    endloop
  endfacet
  facet normal 0 0 1
    outer loop
      vertex 3.44145 1.4255 12.8
      vertex 3.08133 1.72629 12.8
      vertex 3.26559 1.35265 12.8
    endloop
  endfacet
  facet normal 0 0 1
    outer loop
      vertex 3.22594 1.8625 12.8
      vertex 3.0611 1.76732 12.8
      vertex 3.08133 1.72629 12.8
    endloop
  endfacet
  facet normal -0 0 1
    outer loop
      vertex 2.82964 2.11371 12.8
      vertex 3.22594 1.8625 12.8
      vertex 2.95524 2.26764 12.8
    endloop
  endfacet
  facet normal 0 0 1
    outer loop
      vertex 3.22594 1.8625 12.8
      vertex 2.82964 2.11371 12.8
      vertex 3.0611 1.76732 12.8
    endloop
  endfacet
  facet normal 0 0 1
    outer loop
      vertex 2.95524 2.26764 12.8
      vertex 2.80422 2.15176 12.8
      vertex 2.82964 2.11371 12.8
    endloop
  endfacet
  facet normal 0 0 1
    outer loop
      vertex 2.95524 2.26764 12.8
      vertex 2.77406 2.18616 12.8
      vertex 2.80422 2.15176 12.8
    endloop
  endfacet
  facet normal 0 0 1
    outer loop
      vertex 2.63397 2.63397 12.8
      vertex 2.77406 2.18616 12.8
      vertex 2.95524 2.26764 12.8
    endloop
  endfacet
  facet normal 0 0 1
    outer loop
      vertex 2.63397 2.63397 12.8
      vertex 2.49937 2.49937 12.8
      vertex 2.77406 2.18616 12.8
    endloop
  endfacet
  facet normal -0 0 1
    outer loop
      vertex 2.18616 2.77406 12.8
      vertex 2.63397 2.63397 12.8
      vertex 2.26764 2.95524 12.8
    endloop
  endfacet
  facet normal 0 0 1
    outer loop
      vertex 2.63397 2.63397 12.8
      vertex 2.18616 2.77406 12.8
      vertex 2.49937 2.49937 12.8
    endloop
  endfacet
  facet normal 0 0 1
    outer loop
      vertex 2.26764 2.95524 12.8
      vertex 2.15176 2.80422 12.8
      vertex 2.18616 2.77406 12.8
    endloop
  endfacet
  facet normal 0 0 1
    outer loop
      vertex 2.26764 2.95524 12.8
      vertex 2.11371 2.82964 12.8
      vertex 2.15176 2.80422 12.8
    endloop
  endfacet
  facet normal 0 0 1
    outer loop
      vertex 1.8625 3.22594 12.8
      vertex 2.11371 2.82964 12.8
      vertex 2.26764 2.95524 12.8
    endloop
  endfacet
  facet normal 0 0 1
    outer loop
      vertex 1.8625 3.22594 12.8
      vertex 1.76732 3.0611 12.8
      vertex 2.11371 2.82964 12.8
    endloop
  endfacet
  facet normal 0 0 1
    outer loop
      vertex 1.8625 3.22594 12.8
      vertex 1.72629 3.08133 12.8
      vertex 1.76732 3.0611 12.8
    endloop
  endfacet
  facet normal 0 0 1
    outer loop
      vertex 1.4255 3.44145 12.8
      vertex 1.72629 3.08133 12.8
      vertex 1.8625 3.22594 12.8
    endloop
  endfacet
  facet normal 0 0 1
    outer loop
      vertex 1.4255 3.44145 12.8
      vertex 1.35265 3.26559 12.8
      vertex 1.72629 3.08133 12.8
    endloop
  endfacet
  facet normal 0 0 1
    outer loop
      vertex 1.4255 3.44145 12.8
      vertex 1.30933 3.2803 12.8
      vertex 1.35265 3.26559 12.8
    endloop
  endfacet
  facet normal 0 0 1
    outer loop
      vertex 0.964101 3.59807 12.8
      vertex 1.30933 3.2803 12.8
      vertex 1.4255 3.44145 12.8
    endloop
  endfacet
  facet normal 0 0 1
    outer loop
      vertex 0.964101 3.59807 12.8
      vertex 0.914834 3.41421 12.8
      vertex 1.30933 3.2803 12.8
    endloop
  endfacet
  facet normal 0 0 1
    outer loop
      vertex 0.964101 3.59807 12.8
      vertex 0.869959 3.42313 12.8
      vertex 0.914834 3.41421 12.8
    endloop
  endfacet
  facet normal 0 0 1
    outer loop
      vertex 0.549999 3.68044 12.8
      vertex 0.869959 3.42313 12.8
      vertex 0.964101 3.59807 12.8
    endloop
  endfacet
  facet normal 0 0 1
    outer loop
      vertex 0.869959 3.42313 12.8
      vertex 0.549999 3.68044 12.8
      vertex 0.549999 3.48678 12.8
    endloop
  endfacet
  facet normal -0 0 1
    outer loop
      vertex 3.50441 -0.461363 12.8
      vertex 3.69313 -0.48621 12.8
      vertex 3.53166 -0.0456555 12.8
    endloop
  endfacet
  facet normal 0 0 1
    outer loop
      vertex 3.42313 -0.869959 12.8
      vertex 3.69313 -0.48621 12.8
      vertex 3.50441 -0.461363 12.8
    endloop
  endfacet
  facet normal 0 0 1
    outer loop
      vertex 3.69313 -0.48621 12.8
      vertex 3.42313 -0.869959 12.8
      vertex 3.59807 -0.964101 12.8
    endloop
  endfacet
  facet normal -0 0 1
    outer loop
      vertex 3.41421 -0.914834 12.8
      vertex 3.59807 -0.964101 12.8
      vertex 3.42313 -0.869959 12.8
    endloop
  endfacet
  facet normal 0 0 1
    outer loop
      vertex 3.2803 -1.30933 12.8
      vertex 3.59807 -0.964101 12.8
      vertex 3.41421 -0.914834 12.8
    endloop
  endfacet
  facet normal 0 0 1
    outer loop
      vertex 3.59807 -0.964101 12.8
      vertex 3.2803 -1.30933 12.8
      vertex 3.44145 -1.4255 12.8
    endloop
  endfacet
  facet normal -0 0 1
    outer loop
      vertex 3.26559 -1.35265 12.8
      vertex 3.44145 -1.4255 12.8
      vertex 3.2803 -1.30933 12.8
    endloop
  endfacet
  facet normal 0 0 1
    outer loop
      vertex 3.08133 -1.72629 12.8
      vertex 3.44145 -1.4255 12.8
      vertex 3.26559 -1.35265 12.8
    endloop
  endfacet
  facet normal 0 0 1
    outer loop
      vertex 3.44145 -1.4255 12.8
      vertex 3.08133 -1.72629 12.8
      vertex 3.22594 -1.8625 12.8
    endloop
  endfacet
  facet normal -0 0 1
    outer loop
      vertex 3.0611 -1.76732 12.8
      vertex 3.22594 -1.8625 12.8
      vertex 3.08133 -1.72629 12.8
    endloop
  endfacet
  facet normal 0 0 1
    outer loop
      vertex 2.82964 -2.11371 12.8
      vertex 3.22594 -1.8625 12.8
      vertex 3.0611 -1.76732 12.8
    endloop
  endfacet
  facet normal 0 0 1
    outer loop
      vertex 3.22594 -1.8625 12.8
      vertex 2.82964 -2.11371 12.8
      vertex 2.95524 -2.26764 12.8
    endloop
  endfacet
  facet normal -0 0 1
    outer loop
      vertex 2.80422 -2.15176 12.8
      vertex 2.95524 -2.26764 12.8
      vertex 2.82964 -2.11371 12.8
    endloop
  endfacet
  facet normal -0 0 1
    outer loop
      vertex 2.77406 -2.18616 12.8
      vertex 2.95524 -2.26764 12.8
      vertex 2.80422 -2.15176 12.8
    endloop
  endfacet
  facet normal 0 0 1
    outer loop
      vertex 2.77406 -2.18616 12.8
      vertex 2.63397 -2.63397 12.8
      vertex 2.95524 -2.26764 12.8
    endloop
  endfacet
  facet normal -0 0 1
    outer loop
      vertex 2.49937 -2.49937 12.8
      vertex 2.63397 -2.63397 12.8
      vertex 2.77406 -2.18616 12.8
    endloop
  endfacet
  facet normal 0 0 1
    outer loop
      vertex 2.18616 -2.77406 12.8
      vertex 2.63397 -2.63397 12.8
      vertex 2.49937 -2.49937 12.8
    endloop
  endfacet
  facet normal 0 0 1
    outer loop
      vertex 2.63397 -2.63397 12.8
      vertex 2.18616 -2.77406 12.8
      vertex 2.26764 -2.95524 12.8
    endloop
  endfacet
  facet normal -0 0 1
    outer loop
      vertex 2.15176 -2.80422 12.8
      vertex 2.26764 -2.95524 12.8
      vertex 2.18616 -2.77406 12.8
    endloop
  endfacet
  facet normal -0 0 1
    outer loop
      vertex 2.11371 -2.82964 12.8
      vertex 2.26764 -2.95524 12.8
      vertex 2.15176 -2.80422 12.8
    endloop
  endfacet
  facet normal 0 0 1
    outer loop
      vertex 2.11371 -2.82964 12.8
      vertex 1.8625 -3.22594 12.8
      vertex 2.26764 -2.95524 12.8
    endloop
  endfacet
  facet normal -0 0 1
    outer loop
      vertex 1.76732 -3.0611 12.8
      vertex 1.8625 -3.22594 12.8
      vertex 2.11371 -2.82964 12.8
    endloop
  endfacet
  facet normal -0 0 1
    outer loop
      vertex 1.72629 -3.08133 12.8
      vertex 1.8625 -3.22594 12.8
      vertex 1.76732 -3.0611 12.8
    endloop
  endfacet
  facet normal 0 0 1
    outer loop
      vertex 1.72629 -3.08133 12.8
      vertex 1.4255 -3.44145 12.8
      vertex 1.8625 -3.22594 12.8
    endloop
  endfacet
  facet normal -0 0 1
    outer loop
      vertex 1.35265 -3.26559 12.8
      vertex 1.4255 -3.44145 12.8
      vertex 1.72629 -3.08133 12.8
    endloop
  endfacet
  facet normal -0 0 1
    outer loop
      vertex 1.30933 -3.2803 12.8
      vertex 1.4255 -3.44145 12.8
      vertex 1.35265 -3.26559 12.8
    endloop
  endfacet
  facet normal 0 0 1
    outer loop
      vertex 1.30933 -3.2803 12.8
      vertex 0.964101 -3.59807 12.8
      vertex 1.4255 -3.44145 12.8
    endloop
  endfacet
  facet normal -0 0 1
    outer loop
      vertex 0.914834 -3.41421 12.8
      vertex 0.964101 -3.59807 12.8
      vertex 1.30933 -3.2803 12.8
    endloop
  endfacet
  facet normal -0 0 1
    outer loop
      vertex 0.869959 -3.42313 12.8
      vertex 0.964101 -3.59807 12.8
      vertex 0.914834 -3.41421 12.8
    endloop
  endfacet
  facet normal 0 0 1
    outer loop
      vertex 0.549999 -3.68044 12.8
      vertex 0.869959 -3.42313 12.8
      vertex 0.549999 -3.48678 12.8
    endloop
  endfacet
  facet normal 0 0 1
    outer loop
      vertex 0.869959 -3.42313 12.8
      vertex 0.549999 -3.68044 12.8
      vertex 0.964101 -3.59807 12.8
    endloop
  endfacet
  facet normal 0 0 1
    outer loop
      vertex -0.549999 3.68044 12.8
      vertex -0.869959 3.42313 12.8
      vertex -0.549999 3.48678 12.8
    endloop
  endfacet
  facet normal -0 0 1
    outer loop
      vertex -0.964101 3.59807 12.8
      vertex -0.869959 3.42313 12.8
      vertex -0.549999 3.68044 12.8
    endloop
  endfacet
  facet normal 0 0 1
    outer loop
      vertex -0.869959 3.42313 12.8
      vertex -0.964101 3.59807 12.8
      vertex -0.914834 3.41421 12.8
    endloop
  endfacet
  facet normal 0 0 1
    outer loop
      vertex -0.964101 3.59807 12.8
      vertex -1.30933 3.2803 12.8
      vertex -0.914834 3.41421 12.8
    endloop
  endfacet
  facet normal -0 0 1
    outer loop
      vertex -1.4255 3.44145 12.8
      vertex -1.30933 3.2803 12.8
      vertex -0.964101 3.59807 12.8
    endloop
  endfacet
  facet normal 0 0 1
    outer loop
      vertex -1.30933 3.2803 12.8
      vertex -1.4255 3.44145 12.8
      vertex -1.35265 3.26559 12.8
    endloop
  endfacet
  facet normal 0 0 1
    outer loop
      vertex -1.4255 3.44145 12.8
      vertex -1.72629 3.08133 12.8
      vertex -1.35265 3.26559 12.8
    endloop
  endfacet
  facet normal -0 0 1
    outer loop
      vertex -1.8625 3.22594 12.8
      vertex -1.72629 3.08133 12.8
      vertex -1.4255 3.44145 12.8
    endloop
  endfacet
  facet normal 0 0 1
    outer loop
      vertex -1.72629 3.08133 12.8
      vertex -1.8625 3.22594 12.8
      vertex -1.76732 3.0611 12.8
    endloop
  endfacet
  facet normal 0 0 1
    outer loop
      vertex -1.8625 3.22594 12.8
      vertex -2.11371 2.82964 12.8
      vertex -1.76732 3.0611 12.8
    endloop
  endfacet
  facet normal -0 0 1
    outer loop
      vertex -2.26764 2.95524 12.8
      vertex -2.11371 2.82964 12.8
      vertex -1.8625 3.22594 12.8
    endloop
  endfacet
  facet normal 0 0 1
    outer loop
      vertex -2.11371 2.82964 12.8
      vertex -2.26764 2.95524 12.8
      vertex -2.15176 2.80422 12.8
    endloop
  endfacet
  facet normal 0 0 1
    outer loop
      vertex -2.15176 2.80422 12.8
      vertex -2.26764 2.95524 12.8
      vertex -2.18616 2.77406 12.8
    endloop
  endfacet
  facet normal 0 0 1
    outer loop
      vertex -2.63397 2.63397 12.8
      vertex -2.18616 2.77406 12.8
      vertex -2.26764 2.95524 12.8
    endloop
  endfacet
  facet normal 0 0 1
    outer loop
      vertex -2.18616 2.77406 12.8
      vertex -2.63397 2.63397 12.8
      vertex -2.49937 2.49937 12.8
    endloop
  endfacet
  facet normal 0 0 1
    outer loop
      vertex -2.63397 2.63397 12.8
      vertex -2.77406 2.18616 12.8
      vertex -2.49937 2.49937 12.8
    endloop
  endfacet
  facet normal -0 0 1
    outer loop
      vertex -2.95524 2.26764 12.8
      vertex -2.77406 2.18616 12.8
      vertex -2.63397 2.63397 12.8
    endloop
  endfacet
  facet normal 0 0 1
    outer loop
      vertex -2.77406 2.18616 12.8
      vertex -2.95524 2.26764 12.8
      vertex -2.80422 2.15176 12.8
    endloop
  endfacet
  facet normal 0 0 1
    outer loop
      vertex -2.80422 2.15176 12.8
      vertex -2.95524 2.26764 12.8
      vertex -2.82964 2.11371 12.8
    endloop
  endfacet
  facet normal 0 0 1
    outer loop
      vertex -3.22594 1.8625 12.8
      vertex -2.82964 2.11371 12.8
      vertex -2.95524 2.26764 12.8
    endloop
  endfacet
  facet normal 0 0 1
    outer loop
      vertex -2.82964 2.11371 12.8
      vertex -3.22594 1.8625 12.8
      vertex -3.0611 1.76732 12.8
    endloop
  endfacet
  facet normal 0 0 1
    outer loop
      vertex -3.0611 1.76732 12.8
      vertex -3.22594 1.8625 12.8
      vertex -3.08133 1.72629 12.8
    endloop
  endfacet
  facet normal 0 0 1
    outer loop
      vertex -3.44145 1.4255 12.8
      vertex -3.08133 1.72629 12.8
      vertex -3.22594 1.8625 12.8
    endloop
  endfacet
  facet normal 0 0 1
    outer loop
      vertex -3.08133 1.72629 12.8
      vertex -3.44145 1.4255 12.8
      vertex -3.26559 1.35265 12.8
    endloop
  endfacet
  facet normal 0 0 1
    outer loop
      vertex -3.26559 1.35265 12.8
      vertex -3.44145 1.4255 12.8
      vertex -3.2803 1.30933 12.8
    endloop
  endfacet
  facet normal 0 0 1
    outer loop
      vertex -3.59807 0.964101 12.8
      vertex -3.2803 1.30933 12.8
      vertex -3.44145 1.4255 12.8
    endloop
  endfacet
  facet normal 0 0 1
    outer loop
      vertex -3.2803 1.30933 12.8
      vertex -3.59807 0.964101 12.8
      vertex -3.41421 0.914834 12.8
    endloop
  endfacet
  facet normal 0 0 1
    outer loop
      vertex -3.41421 0.914834 12.8
      vertex -3.59807 0.964101 12.8
      vertex -3.42313 0.869959 12.8
    endloop
  endfacet
  facet normal 0 0 1
    outer loop
      vertex -3.69313 0.48621 12.8
      vertex -3.42313 0.869959 12.8
      vertex -3.59807 0.964101 12.8
    endloop
  endfacet
  facet normal 0 0 1
    outer loop
      vertex -3.42313 0.869959 12.8
      vertex -3.69313 0.48621 12.8
      vertex -3.50441 0.461363 12.8
    endloop
  endfacet
  facet normal 0 0 1
    outer loop
      vertex -3.50441 0.461363 12.8
      vertex -3.69313 0.48621 12.8
      vertex -3.53166 0.0456555 12.8
    endloop
  endfacet
  facet normal 0 0 1
    outer loop
      vertex -0.869959 -3.42313 12.8
      vertex -0.549999 -3.68044 12.8
      vertex -0.549999 -3.48678 12.8
    endloop
  endfacet
  facet normal 0 0 1
    outer loop
      vertex -0.964101 -3.59807 12.8
      vertex -0.869959 -3.42313 12.8
      vertex -0.914834 -3.41421 12.8
    endloop
  endfacet
  facet normal 0 0 1
    outer loop
      vertex -0.869959 -3.42313 12.8
      vertex -0.964101 -3.59807 12.8
      vertex -0.549999 -3.68044 12.8
    endloop
  endfacet
  facet normal 0 0 1
    outer loop
      vertex -1.30933 -3.2803 12.8
      vertex -0.964101 -3.59807 12.8
      vertex -0.914834 -3.41421 12.8
    endloop
  endfacet
  facet normal 0 0 1
    outer loop
      vertex -1.4255 -3.44145 12.8
      vertex -1.30933 -3.2803 12.8
      vertex -1.35265 -3.26559 12.8
    endloop
  endfacet
  facet normal 0 0 1
    outer loop
      vertex -1.30933 -3.2803 12.8
      vertex -1.4255 -3.44145 12.8
      vertex -0.964101 -3.59807 12.8
    endloop
  endfacet
  facet normal 0 0 1
    outer loop
      vertex -1.72629 -3.08133 12.8
      vertex -1.4255 -3.44145 12.8
      vertex -1.35265 -3.26559 12.8
    endloop
  endfacet
  facet normal 0 0 1
    outer loop
      vertex -1.8625 -3.22594 12.8
      vertex -1.72629 -3.08133 12.8
      vertex -1.76732 -3.0611 12.8
    endloop
  endfacet
  facet normal 0 0 1
    outer loop
      vertex -1.72629 -3.08133 12.8
      vertex -1.8625 -3.22594 12.8
      vertex -1.4255 -3.44145 12.8
    endloop
  endfacet
  facet normal 0 0 1
    outer loop
      vertex -2.11371 -2.82964 12.8
      vertex -1.8625 -3.22594 12.8
      vertex -1.76732 -3.0611 12.8
    endloop
  endfacet
  facet normal 0 0 1
    outer loop
      vertex -2.26764 -2.95524 12.8
      vertex -2.11371 -2.82964 12.8
      vertex -2.15176 -2.80422 12.8
    endloop
  endfacet
  facet normal 0 0 1
    outer loop
      vertex -2.26764 -2.95524 12.8
      vertex -2.15176 -2.80422 12.8
      vertex -2.18616 -2.77406 12.8
    endloop
  endfacet
  facet normal 0 0 1
    outer loop
      vertex -2.11371 -2.82964 12.8
      vertex -2.26764 -2.95524 12.8
      vertex -1.8625 -3.22594 12.8
    endloop
  endfacet
  facet normal -0 0 1
    outer loop
      vertex -2.63397 -2.63397 12.8
      vertex -2.18616 -2.77406 12.8
      vertex -2.49937 -2.49937 12.8
    endloop
  endfacet
  facet normal 0 0 1
    outer loop
      vertex -2.18616 -2.77406 12.8
      vertex -2.63397 -2.63397 12.8
      vertex -2.26764 -2.95524 12.8
    endloop
  endfacet
  facet normal 0 0 1
    outer loop
      vertex -2.77406 -2.18616 12.8
      vertex -2.63397 -2.63397 12.8
      vertex -2.49937 -2.49937 12.8
    endloop
  endfacet
  facet normal 0 0 1
    outer loop
      vertex -2.95524 -2.26764 12.8
      vertex -2.77406 -2.18616 12.8
      vertex -2.80422 -2.15176 12.8
    endloop
  endfacet
  facet normal 0 0 1
    outer loop
      vertex -2.95524 -2.26764 12.8
      vertex -2.80422 -2.15176 12.8
      vertex -2.82964 -2.11371 12.8
    endloop
  endfacet
  facet normal 0 0 1
    outer loop
      vertex -2.77406 -2.18616 12.8
      vertex -2.95524 -2.26764 12.8
      vertex -2.63397 -2.63397 12.8
    endloop
  endfacet
  facet normal -0 0 1
    outer loop
      vertex -3.22594 -1.8625 12.8
      vertex -2.82964 -2.11371 12.8
      vertex -3.0611 -1.76732 12.8
    endloop
  endfacet
  facet normal 0 0 1
    outer loop
      vertex -3.22594 -1.8625 12.8
      vertex -3.0611 -1.76732 12.8
      vertex -3.08133 -1.72629 12.8
    endloop
  endfacet
  facet normal 0 0 1
    outer loop
      vertex -2.82964 -2.11371 12.8
      vertex -3.22594 -1.8625 12.8
      vertex -2.95524 -2.26764 12.8
    endloop
  endfacet
  facet normal -0 0 1
    outer loop
      vertex -3.44145 -1.4255 12.8
      vertex -3.08133 -1.72629 12.8
      vertex -3.26559 -1.35265 12.8
    endloop
  endfacet
  facet normal 0 0 1
    outer loop
      vertex -3.44145 -1.4255 12.8
      vertex -3.26559 -1.35265 12.8
      vertex -3.2803 -1.30933 12.8
    endloop
  endfacet
  facet normal -0 0 1
    outer loop
      vertex -3.59807 -0.964101 12.8
      vertex -3.2803 -1.30933 12.8
      vertex -3.41421 -0.914834 12.8
    endloop
  endfacet
  facet normal 0 0 1
    outer loop
      vertex -3.59807 -0.964101 12.8
      vertex -3.41421 -0.914834 12.8
      vertex -3.42313 -0.869959 12.8
    endloop
  endfacet
  facet normal 0 0 1
    outer loop
      vertex -3.08133 -1.72629 12.8
      vertex -3.44145 -1.4255 12.8
      vertex -3.22594 -1.8625 12.8
    endloop
  endfacet
  facet normal -0 0 1
    outer loop
      vertex -3.69313 -0.48621 12.8
      vertex -3.42313 -0.869959 12.8
      vertex -3.50441 -0.461363 12.8
    endloop
  endfacet
  facet normal 0 0 1
    outer loop
      vertex -3.69313 -0.48621 12.8
      vertex -3.50441 -0.461363 12.8
      vertex -3.53166 -0.0456555 12.8
    endloop
  endfacet
  facet normal -0 0 1
    outer loop
      vertex -3.725 0 12.8
      vertex -3.53166 -0.0456555 12.8
      vertex -3.53465 0 12.8
    endloop
  endfacet
  facet normal 0 0 1
    outer loop
      vertex -3.725 0 12.8
      vertex -3.53166 0.0456555 12.8
      vertex -3.69313 0.48621 12.8
    endloop
  endfacet
  facet normal 0 0 1
    outer loop
      vertex -3.2803 -1.30933 12.8
      vertex -3.59807 -0.964101 12.8
      vertex -3.44145 -1.4255 12.8
    endloop
  endfacet
  facet normal 0 0 1
    outer loop
      vertex -3.53166 0.0456555 12.8
      vertex -3.725 0 12.8
      vertex -3.53465 0 12.8
    endloop
  endfacet
  facet normal 0 0 1
    outer loop
      vertex -3.42313 -0.869959 12.8
      vertex -3.69313 -0.48621 12.8
      vertex -3.59807 -0.964101 12.8
    endloop
  endfacet
  facet normal 0 0 1
    outer loop
      vertex -3.53166 -0.0456555 12.8
      vertex -3.725 0 12.8
      vertex -3.69313 -0.48621 12.8
    endloop
  endfacet
  facet normal -1 0 0
    outer loop
      vertex 0.549999 -3.48678 12.8
      vertex 0.549999 3.48678 12.8
      vertex 0.549999 3.49481 11.9
    endloop
  endfacet
  facet normal -1 0 0
    outer loop
      vertex 0.549999 3.48678 12.8
      vertex 0.549999 -3.48678 12.8
      vertex 0.549999 3.47696 13.9
    endloop
  endfacet
  facet normal -1 0 0
    outer loop
      vertex 0.549999 -3.49481 11.9
      vertex 0.549999 3.49481 11.9
      vertex 0.549999 3.543 6.5
    endloop
  endfacet
  facet normal -1 -0 0
    outer loop
      vertex 0.549999 3.47696 13.9
      vertex 0.549999 -3.48678 12.8
      vertex 0.549999 -3.47696 13.9
    endloop
  endfacet
  facet normal -1 0 0
    outer loop
      vertex 0.549999 3.49481 11.9
      vertex 0.549999 -3.49481 11.9
      vertex 0.549999 -3.48678 12.8
    endloop
  endfacet
  facet normal -1 0 -0
    outer loop
      vertex 0.549999 -3.49481 11.9
      vertex 0.549999 3.543 6.5
      vertex 0.549999 -3.543 6.5
    endloop
  endfacet
  facet normal -1 0 0
    outer loop
      vertex 0.549999 3.49481 11.9
      vertex 0.549999 3.68044 12.8
      vertex 0.549999 3.68044 11.9
    endloop
  endfacet
  facet normal -1 -0 0
    outer loop
      vertex 0.549999 3.68044 12.8
      vertex 0.549999 3.49481 11.9
      vertex 0.549999 3.48678 12.8
    endloop
  endfacet
  facet normal -1 0 0
    outer loop
      vertex 0.549999 -3.68044 11.9
      vertex 0.549999 -3.48678 12.8
      vertex 0.549999 -3.49481 11.9
    endloop
  endfacet
  facet normal -1 -0 0
    outer loop
      vertex 0.549999 -3.48678 12.8
      vertex 0.549999 -3.68044 11.9
      vertex 0.549999 -3.68044 12.8
    endloop
  endfacet
  facet normal 0 0 1
    outer loop
      vertex 0.307137 3.56978 6.5
      vertex 0.549999 3.543 6.5
      vertex 0.468577 3.5592 6.5
    endloop
  endfacet
  facet normal 0 0 1
    outer loop
      vertex 0.549999 3.543 6.5
      vertex 0.307137 3.56978 6.5
      vertex 0.549999 -3.543 6.5
    endloop
  endfacet
  facet normal 0 0 1
    outer loop
      vertex 0.307137 -3.56978 6.5
      vertex 0.549999 -3.543 6.5
      vertex 0.307137 3.56978 6.5
    endloop
  endfacet
  facet normal 0 0 1
    outer loop
      vertex 0.549999 -3.543 6.5
      vertex 0.307137 -3.56978 6.5
      vertex 0.468577 -3.5592 6.5
    endloop
  endfacet
  facet normal 0 0 1
    outer loop
      vertex -0.307137 3.56978 6.5
      vertex 0.307137 3.56978 6.5
      vertex 0 3.58991 6.5
    endloop
  endfacet
  facet normal 0 0 1
    outer loop
      vertex 0.307137 3.56978 6.5
      vertex -0.307137 3.56978 6.5
      vertex 0.307137 -3.56978 6.5
    endloop
  endfacet
  facet normal 0 0 1
    outer loop
      vertex -0.307137 -3.56978 6.5
      vertex 0.307137 -3.56978 6.5
      vertex -0.307137 3.56978 6.5
    endloop
  endfacet
  facet normal 0 0 1
    outer loop
      vertex 0.307137 -3.56978 6.5
      vertex -0.307137 -3.56978 6.5
      vertex 0 -3.58991 6.5
    endloop
  endfacet
  facet normal 0 0 1
    outer loop
      vertex -0.549999 3.543 6.5
      vertex -0.307137 3.56978 6.5
      vertex -0.468577 3.5592 6.5
    endloop
  endfacet
  facet normal 0 0 1
    outer loop
      vertex -0.307137 3.56978 6.5
      vertex -0.549999 3.543 6.5
      vertex -0.307137 -3.56978 6.5
    endloop
  endfacet
  facet normal -0 0 1
    outer loop
      vertex -0.549999 -3.543 6.5
      vertex -0.307137 -3.56978 6.5
      vertex -0.549999 3.543 6.5
    endloop
  endfacet
  facet normal 0 0 1
    outer loop
      vertex -0.307137 -3.56978 6.5
      vertex -0.549999 -3.543 6.5
      vertex -0.468577 -3.5592 6.5
    endloop
  endfacet
  facet normal 1 0 0
    outer loop
      vertex -0.549999 3.68044 12.8
      vertex -0.549999 3.49481 11.9
      vertex -0.549999 3.68044 11.9
    endloop
  endfacet
  facet normal 1 0 -0
    outer loop
      vertex -0.549999 3.49481 11.9
      vertex -0.549999 3.68044 12.8
      vertex -0.549999 3.48678 12.8
    endloop
  endfacet
  facet normal 1 0 0
    outer loop
      vertex -0.549999 -3.48678 12.8
      vertex -0.549999 3.48678 12.8
      vertex -0.549999 3.47696 13.9
    endloop
  endfacet
  facet normal 1 0 0
    outer loop
      vertex -0.549999 -3.48678 12.8
      vertex -0.549999 3.47696 13.9
      vertex -0.549999 -3.47696 13.9
    endloop
  endfacet
  facet normal 1 0 0
    outer loop
      vertex -0.549999 3.48678 12.8
      vertex -0.549999 -3.48678 12.8
      vertex -0.549999 3.49481 11.9
    endloop
  endfacet
  facet normal 1 0 0
    outer loop
      vertex -0.549999 -3.49481 11.9
      vertex -0.549999 3.49481 11.9
      vertex -0.549999 -3.48678 12.8
    endloop
  endfacet
  facet normal 1 0 0
    outer loop
      vertex -0.549999 3.49481 11.9
      vertex -0.549999 -3.49481 11.9
      vertex -0.549999 3.543 6.5
    endloop
  endfacet
  facet normal 1 0 0
    outer loop
      vertex -0.549999 3.543 6.5
      vertex -0.549999 -3.49481 11.9
      vertex -0.549999 -3.543 6.5
    endloop
  endfacet
  facet normal 1 -0 0
    outer loop
      vertex -0.549999 -3.68044 12.8
      vertex -0.549999 -3.49481 11.9
      vertex -0.549999 -3.48678 12.8
    endloop
  endfacet
  facet normal 1 0 0
    outer loop
      vertex -0.549999 -3.49481 11.9
      vertex -0.549999 -3.68044 12.8
      vertex -0.549999 -3.68044 11.9
    endloop
  endfacet
endsolid OpenSCAD_Model
