solid OpenSCAD_Model
  facet normal 0 0 1
    outer loop
      vertex -2.8 0.5 -0.4
      vertex -33.4171 5.26105 -0.4
      vertex -33.4 5 -0.4
    endloop
  endfacet
  facet normal 0 0 1
    outer loop
      vertex -33.2289 10.1007 -0.4
      vertex -33.4681 5.51764 -0.4
      vertex -33.4171 5.26105 -0.4
    endloop
  endfacet
  facet normal 0 0 1
    outer loop
      vertex -33.6679 6 -0.4
      vertex -33.3648 9.825 -0.4
      vertex -33.5356 9.56941 -0.4
    endloop
  endfacet
  facet normal 0 0 1
    outer loop
      vertex -33.2289 10.1007 -0.4
      vertex -33.5522 5.76537 -0.4
      vertex -33.4681 5.51764 -0.4
    endloop
  endfacet
  facet normal 0 0 1
    outer loop
      vertex -33.3648 9.825 -0.4
      vertex -33.6679 6 -0.4
      vertex -33.5522 5.76537 -0.4
    endloop
  endfacet
  facet normal 0 0 1
    outer loop
      vertex -33.8133 6.21752 -0.4
      vertex -33.5356 9.56941 -0.4
      vertex -33.7383 9.3383 -0.4
    endloop
  endfacet
  facet normal 0 0 1
    outer loop
      vertex -33.5356 9.56941 -0.4
      vertex -33.8133 6.21752 -0.4
      vertex -33.6679 6 -0.4
    endloop
  endfacet
  facet normal 0 0 1
    outer loop
      vertex -33.9858 6.41421 -0.4
      vertex -33.7383 9.3383 -0.4
      vertex -33.9694 9.13562 -0.4
    endloop
  endfacet
  facet normal 0 0 1
    outer loop
      vertex -33.7383 9.3383 -0.4
      vertex -33.9858 6.41421 -0.4
      vertex -33.8133 6.21752 -0.4
    endloop
  endfacet
  facet normal 0 0 1
    outer loop
      vertex -33.9694 9.13562 -0.4
      vertex -34.1825 6.58671 -0.4
      vertex -33.9858 6.41421 -0.4
    endloop
  endfacet
  facet normal -0 0 1
    outer loop
      vertex -34.225 8.96484 -0.4
      vertex -34.1825 6.58671 -0.4
      vertex -33.9694 9.13562 -0.4
    endloop
  endfacet
  facet normal 0 0 1
    outer loop
      vertex -34.225 8.96484 -0.4
      vertex -34.4 6.73205 -0.4
      vertex -34.1825 6.58671 -0.4
    endloop
  endfacet
  facet normal -0 0 1
    outer loop
      vertex -34.5007 8.82888 -0.4
      vertex -34.4 6.73205 -0.4
      vertex -34.225 8.96484 -0.4
    endloop
  endfacet
  facet normal 0 0 1
    outer loop
      vertex -34.5007 8.82888 -0.4
      vertex -34.6346 6.84776 -0.4
      vertex -34.4 6.73205 -0.4
    endloop
  endfacet
  facet normal -0 0 1
    outer loop
      vertex -34.7918 8.73007 -0.4
      vertex -34.6346 6.84776 -0.4
      vertex -34.5007 8.82888 -0.4
    endloop
  endfacet
  facet normal 0 0 1
    outer loop
      vertex -34.7918 8.73007 -0.4
      vertex -34.8824 6.93185 -0.4
      vertex -34.6346 6.84776 -0.4
    endloop
  endfacet
  facet normal -0 0 1
    outer loop
      vertex -35.0933 8.6701 -0.4
      vertex -34.8824 6.93185 -0.4
      vertex -34.7918 8.73007 -0.4
    endloop
  endfacet
  facet normal 0 0 1
    outer loop
      vertex -35.0933 8.6701 -0.4
      vertex -35.1389 6.98289 -0.4
      vertex -34.8824 6.93185 -0.4
    endloop
  endfacet
  facet normal -0 0 1
    outer loop
      vertex -35.4 8.65 -0.4
      vertex -35.1389 6.98289 -0.4
      vertex -35.0933 8.6701 -0.4
    endloop
  endfacet
  facet normal 0 0 1
    outer loop
      vertex -35.4 8.65 -0.4
      vertex -35.4 7 -0.4
      vertex -35.1389 6.98289 -0.4
    endloop
  endfacet
  facet normal 0 0 1
    outer loop
      vertex -35.4 8.65 -0.4
      vertex -35.6611 6.98289 -0.4
      vertex -35.4 7 -0.4
    endloop
  endfacet
  facet normal 0 0 1
    outer loop
      vertex -35.7067 8.6701 -0.4
      vertex -35.6611 6.98289 -0.4
      vertex -35.4 8.65 -0.4
    endloop
  endfacet
  facet normal 0 0 1
    outer loop
      vertex -35.7067 8.6701 -0.4
      vertex -35.9176 6.93185 -0.4
      vertex -35.6611 6.98289 -0.4
    endloop
  endfacet
  facet normal 0 0 1
    outer loop
      vertex -36.0082 8.73007 -0.4
      vertex -35.9176 6.93185 -0.4
      vertex -35.7067 8.6701 -0.4
    endloop
  endfacet
  facet normal 0 0 1
    outer loop
      vertex -36.0082 8.73007 -0.4
      vertex -36.1654 6.84776 -0.4
      vertex -35.9176 6.93185 -0.4
    endloop
  endfacet
  facet normal 0 0 1
    outer loop
      vertex -36.2993 8.82888 -0.4
      vertex -36.1654 6.84776 -0.4
      vertex -36.0082 8.73007 -0.4
    endloop
  endfacet
  facet normal 0 0 1
    outer loop
      vertex -36.2993 8.82888 -0.4
      vertex -36.4 6.73205 -0.4
      vertex -36.1654 6.84776 -0.4
    endloop
  endfacet
  facet normal 0 0 1
    outer loop
      vertex -36.575 8.96484 -0.4
      vertex -36.4 6.73205 -0.4
      vertex -36.2993 8.82888 -0.4
    endloop
  endfacet
  facet normal 0 0 1
    outer loop
      vertex -36.575 8.96484 -0.4
      vertex -36.6175 6.58671 -0.4
      vertex -36.4 6.73205 -0.4
    endloop
  endfacet
  facet normal 0 0 1
    outer loop
      vertex -36.8306 9.13562 -0.4
      vertex -36.6175 6.58671 -0.4
      vertex -36.575 8.96484 -0.4
    endloop
  endfacet
  facet normal 0 0 1
    outer loop
      vertex -36.6175 6.58671 -0.4
      vertex -36.8306 9.13562 -0.4
      vertex -36.8142 6.41421 -0.4
    endloop
  endfacet
  facet normal 0 0 1
    outer loop
      vertex -37.0617 9.3383 -0.4
      vertex -36.8142 6.41421 -0.4
      vertex -36.8306 9.13562 -0.4
    endloop
  endfacet
  facet normal 0 0 1
    outer loop
      vertex -36.8142 6.41421 -0.4
      vertex -37.0617 9.3383 -0.4
      vertex -36.9867 6.21752 -0.4
    endloop
  endfacet
  facet normal 0 0 1
    outer loop
      vertex -37.2644 9.56941 -0.4
      vertex -36.9867 6.21752 -0.4
      vertex -37.0617 9.3383 -0.4
    endloop
  endfacet
  facet normal 0 0 1
    outer loop
      vertex -36.9867 6.21752 -0.4
      vertex -37.2644 9.56941 -0.4
      vertex -37.132 6 -0.4
    endloop
  endfacet
  facet normal 0 0 1
    outer loop
      vertex -37.4352 9.825 -0.4
      vertex -37.132 6 -0.4
      vertex -37.2644 9.56941 -0.4
    endloop
  endfacet
  facet normal 0 0 1
    outer loop
      vertex -37.132 6 -0.4
      vertex -37.4352 9.825 -0.4
      vertex -37.2478 5.76537 -0.4
    endloop
  endfacet
  facet normal 0 0 1
    outer loop
      vertex -37.5711 10.1007 -0.4
      vertex -37.2478 5.76537 -0.4
      vertex -37.4352 9.825 -0.4
    endloop
  endfacet
  facet normal 0 0 1
    outer loop
      vertex -37.2478 5.76537 -0.4
      vertex -37.5711 10.1007 -0.4
      vertex -37.3319 5.51764 -0.4
    endloop
  endfacet
  facet normal 0 0 1
    outer loop
      vertex -42.8 0.5 -0.4
      vertex -37.3319 5.51764 -0.4
      vertex -37.5711 10.1007 -0.4
    endloop
  endfacet
  facet normal 0 0 1
    outer loop
      vertex -5.73422 101.628 -0.4
      vertex -9.05989 40.9137 -0.4
      vertex -9 40 -0.4
    endloop
  endfacet
  facet normal 0 0 1
    outer loop
      vertex -13.3212 46.4672 -0.4
      vertex -8.66472 98.2863 -0.4
      vertex -9.17789 98.1842 -0.4
    endloop
  endfacet
  facet normal 0 0 1
    outer loop
      vertex -8.16927 98.4545 -0.4
      vertex -9.23852 41.8117 -0.4
      vertex -9.05989 40.9137 -0.4
    endloop
  endfacet
  facet normal 0 0 1
    outer loop
      vertex -8.16927 98.4545 -0.4
      vertex -9.53284 42.6788 -0.4
      vertex -9.23852 41.8117 -0.4
    endloop
  endfacet
  facet normal 0 0 1
    outer loop
      vertex -14.1883 46.7615 -0.4
      vertex -9.17789 98.1842 -0.4
      vertex -9.7 98.15 -0.4
    endloop
  endfacet
  facet normal 0 0 1
    outer loop
      vertex -8.16927 98.4545 -0.4
      vertex -9.93782 43.5 -0.4
      vertex -9.53284 42.6788 -0.4
    endloop
  endfacet
  facet normal 0 0 1
    outer loop
      vertex -8.16927 98.4545 -0.4
      vertex -10.4465 44.2613 -0.4
      vertex -9.93782 43.5 -0.4
    endloop
  endfacet
  facet normal 0 0 1
    outer loop
      vertex -8.16927 98.4545 -0.4
      vertex -11.0503 44.9497 -0.4
      vertex -10.4465 44.2613 -0.4
    endloop
  endfacet
  facet normal 0 0 1
    outer loop
      vertex -8.16927 98.4545 -0.4
      vertex -11.7387 45.5535 -0.4
      vertex -11.0503 44.9497 -0.4
    endloop
  endfacet
  facet normal 0 0 1
    outer loop
      vertex -8.16927 98.4545 -0.4
      vertex -12.5 46.0622 -0.4
      vertex -11.7387 45.5535 -0.4
    endloop
  endfacet
  facet normal 0 0 1
    outer loop
      vertex -8.66472 98.2863 -0.4
      vertex -13.3212 46.4672 -0.4
      vertex -12.5 46.0622 -0.4
    endloop
  endfacet
  facet normal 0 0 1
    outer loop
      vertex -9.17789 98.1842 -0.4
      vertex -14.1883 46.7615 -0.4
      vertex -13.3212 46.4672 -0.4
    endloop
  endfacet
  facet normal 0 0 1
    outer loop
      vertex -9.7 98.15 -0.4
      vertex -15.0863 46.9401 -0.4
      vertex -14.1883 46.7615 -0.4
    endloop
  endfacet
  facet normal 0 0 1
    outer loop
      vertex -9.7 98.15 -0.4
      vertex -16 47 -0.4
      vertex -15.0863 46.9401 -0.4
    endloop
  endfacet
  facet normal 0 0 1
    outer loop
      vertex -9.7 98.15 -0.4
      vertex -16.9137 46.9401 -0.4
      vertex -16 47 -0.4
    endloop
  endfacet
  facet normal 0 0 1
    outer loop
      vertex -9.7 98.15 -0.4
      vertex -17.8117 46.7615 -0.4
      vertex -16.9137 46.9401 -0.4
    endloop
  endfacet
  facet normal -0 0 1
    outer loop
      vertex -54.5671 71.2611 -0.4
      vertex -17.8117 46.7615 -0.4
      vertex -9.7 98.15 -0.4
    endloop
  endfacet
  facet normal 0 0 1
    outer loop
      vertex -17.8117 46.7615 -0.4
      vertex -54.5671 71.2611 -0.4
      vertex -18.6788 46.4672 -0.4
    endloop
  endfacet
  facet normal -0 -0 1
    outer loop
      vertex -54.55 71 -0.4
      vertex -18.6788 46.4672 -0.4
      vertex -54.5671 71.2611 -0.4
    endloop
  endfacet
  facet normal -0 0 1
    outer loop
      vertex -54.5671 70.7389 -0.4
      vertex -18.6788 46.4672 -0.4
      vertex -54.55 71 -0.4
    endloop
  endfacet
  facet normal 0 0 1
    outer loop
      vertex -18.6788 46.4672 -0.4
      vertex -54.5671 70.7389 -0.4
      vertex -19.5 46.0622 -0.4
    endloop
  endfacet
  facet normal 0 0 1
    outer loop
      vertex -19.5 46.0622 -0.4
      vertex -54.6181 70.4824 -0.4
      vertex -20.2613 45.5535 -0.4
    endloop
  endfacet
  facet normal -0 0 1
    outer loop
      vertex -54.7022 70.2346 -0.4
      vertex -20.2613 45.5535 -0.4
      vertex -54.6181 70.4824 -0.4
    endloop
  endfacet
  facet normal 0 0 1
    outer loop
      vertex -20.2613 45.5535 -0.4
      vertex -54.7022 70.2346 -0.4
      vertex -20.9497 44.9497 -0.4
    endloop
  endfacet
  facet normal -0 0 1
    outer loop
      vertex -42.8 40.5 -0.4
      vertex -23 40 -0.4
      vertex -22.9401 40.9137 -0.4
    endloop
  endfacet
  facet normal 0 0 1
    outer loop
      vertex -42.8 40.5 -0.4
      vertex -22.9401 40.9137 -0.4
      vertex -22.7615 41.8117 -0.4
    endloop
  endfacet
  facet normal 0 -0 1
    outer loop
      vertex -42.8 40.5 -0.4
      vertex -20.9497 44.9497 -0.4
      vertex -54.7022 70.2346 -0.4
    endloop
  endfacet
  facet normal 0 0 1
    outer loop
      vertex -23 40 -0.4
      vertex -33.0701 11.3067 -0.4
      vertex -33.05 11 -0.4
    endloop
  endfacet
  facet normal 0 0 1
    outer loop
      vertex -23 40 -0.4
      vertex -33.1301 11.6082 -0.4
      vertex -33.0701 11.3067 -0.4
    endloop
  endfacet
  facet normal 0 0 1
    outer loop
      vertex -23 40 -0.4
      vertex -33.2289 11.8993 -0.4
      vertex -33.1301 11.6082 -0.4
    endloop
  endfacet
  facet normal 0 0 1
    outer loop
      vertex -23 40 -0.4
      vertex -33.3648 12.175 -0.4
      vertex -33.2289 11.8993 -0.4
    endloop
  endfacet
  facet normal 0 0 1
    outer loop
      vertex -23 40 -0.4
      vertex -42.8 40.5 -0.4
      vertex -35.0933 13.3299 -0.4
    endloop
  endfacet
  facet normal 0 0 1
    outer loop
      vertex -23 40 -0.4
      vertex -33.5356 12.4306 -0.4
      vertex -33.3648 12.175 -0.4
    endloop
  endfacet
  facet normal 0 0 1
    outer loop
      vertex -23 40 -0.4
      vertex -33.7383 12.6617 -0.4
      vertex -33.5356 12.4306 -0.4
    endloop
  endfacet
  facet normal 0 0 1
    outer loop
      vertex -23 40 -0.4
      vertex -33.9694 12.8644 -0.4
      vertex -33.7383 12.6617 -0.4
    endloop
  endfacet
  facet normal 0 0 1
    outer loop
      vertex -23 40 -0.4
      vertex -34.225 13.0352 -0.4
      vertex -33.9694 12.8644 -0.4
    endloop
  endfacet
  facet normal 0 0 1
    outer loop
      vertex -23 40 -0.4
      vertex -34.5007 13.1711 -0.4
      vertex -34.225 13.0352 -0.4
    endloop
  endfacet
  facet normal 0 0 1
    outer loop
      vertex -23 40 -0.4
      vertex -34.7918 13.2699 -0.4
      vertex -34.5007 13.1711 -0.4
    endloop
  endfacet
  facet normal 0 0 1
    outer loop
      vertex -23 40 -0.4
      vertex -35.0933 13.3299 -0.4
      vertex -34.7918 13.2699 -0.4
    endloop
  endfacet
  facet normal 0 0 1
    outer loop
      vertex -35.0933 13.3299 -0.4
      vertex -42.8 40.5 -0.4
      vertex -35.4 13.35 -0.4
    endloop
  endfacet
  facet normal 0 0 1
    outer loop
      vertex -35.4 13.35 -0.4
      vertex -42.8 40.5 -0.4
      vertex -35.7067 13.3299 -0.4
    endloop
  endfacet
  facet normal 0 0 1
    outer loop
      vertex -35.7067 13.3299 -0.4
      vertex -42.8 40.5 -0.4
      vertex -36.0082 13.2699 -0.4
    endloop
  endfacet
  facet normal 0 0 1
    outer loop
      vertex -36.0082 13.2699 -0.4
      vertex -42.8 40.5 -0.4
      vertex -36.2993 13.1711 -0.4
    endloop
  endfacet
  facet normal 0 0 1
    outer loop
      vertex -36.2993 13.1711 -0.4
      vertex -42.8 40.5 -0.4
      vertex -36.575 13.0352 -0.4
    endloop
  endfacet
  facet normal 0 0 1
    outer loop
      vertex -36.575 13.0352 -0.4
      vertex -42.8 40.5 -0.4
      vertex -36.8306 12.8644 -0.4
    endloop
  endfacet
  facet normal 0 0 1
    outer loop
      vertex -36.8306 12.8644 -0.4
      vertex -42.8 40.5 -0.4
      vertex -37.0617 12.6617 -0.4
    endloop
  endfacet
  facet normal 0 0 1
    outer loop
      vertex -37.0617 12.6617 -0.4
      vertex -42.8 40.5 -0.4
      vertex -37.2644 12.4306 -0.4
    endloop
  endfacet
  facet normal 0 0 1
    outer loop
      vertex -37.2644 12.4306 -0.4
      vertex -42.8 40.5 -0.4
      vertex -37.4352 12.175 -0.4
    endloop
  endfacet
  facet normal 0 0 1
    outer loop
      vertex -37.4352 12.175 -0.4
      vertex -42.8 40.5 -0.4
      vertex -37.5711 11.8993 -0.4
    endloop
  endfacet
  facet normal 0 0 1
    outer loop
      vertex -37.6699 11.6082 -0.4
      vertex -42.8 0.5 -0.4
      vertex -37.7299 11.3067 -0.4
    endloop
  endfacet
  facet normal 0 0 1
    outer loop
      vertex -42.8 0.5 -0.4
      vertex -37.6699 11.6082 -0.4
      vertex -42.8 40.5 -0.4
    endloop
  endfacet
  facet normal 0 0 1
    outer loop
      vertex -37.5711 11.8993 -0.4
      vertex -42.8 40.5 -0.4
      vertex -37.6699 11.6082 -0.4
    endloop
  endfacet
  facet normal 0 0 1
    outer loop
      vertex -54.7022 71.7654 -0.4
      vertex -9.7 98.15 -0.4
      vertex -52.9 98.15 -0.4
    endloop
  endfacet
  facet normal 0 0 1
    outer loop
      vertex -56.2889 72.9829 -0.4
      vertex -52.9 98.15 -0.4
      vertex -53.4221 98.1842 -0.4
    endloop
  endfacet
  facet normal 0 0 1
    outer loop
      vertex -56.55 73 -0.4
      vertex -53.4221 98.1842 -0.4
      vertex -53.9353 98.2863 -0.4
    endloop
  endfacet
  facet normal 0 0 1
    outer loop
      vertex -56.8111 72.9829 -0.4
      vertex -53.9353 98.2863 -0.4
      vertex -54.4307 98.4545 -0.4
    endloop
  endfacet
  facet normal -0 0 1
    outer loop
      vertex -54.6181 70.4824 -0.4
      vertex -19.5 46.0622 -0.4
      vertex -54.5671 70.7389 -0.4
    endloop
  endfacet
  facet normal 0 0 1
    outer loop
      vertex -21.5535 44.2613 -0.4
      vertex -42.8 40.5 -0.4
      vertex -22.0622 43.5 -0.4
    endloop
  endfacet
  facet normal 0 0 1
    outer loop
      vertex -22.0622 43.5 -0.4
      vertex -42.8 40.5 -0.4
      vertex -22.4672 42.6788 -0.4
    endloop
  endfacet
  facet normal 0 0 1
    outer loop
      vertex -22.4672 42.6788 -0.4
      vertex -42.8 40.5 -0.4
      vertex -22.7615 41.8117 -0.4
    endloop
  endfacet
  facet normal -0 0 1
    outer loop
      vertex -54.8179 70 -0.4
      vertex -42.8 40.5 -0.4
      vertex -54.7022 70.2346 -0.4
    endloop
  endfacet
  facet normal -0 0 1
    outer loop
      vertex -54.9633 69.7825 -0.4
      vertex -42.8 40.5 -0.4
      vertex -54.8179 70 -0.4
    endloop
  endfacet
  facet normal -0 0 1
    outer loop
      vertex -55.1358 69.5858 -0.4
      vertex -42.8 40.5 -0.4
      vertex -54.9633 69.7825 -0.4
    endloop
  endfacet
  facet normal -0 0 1
    outer loop
      vertex -55.3325 69.4133 -0.4
      vertex -42.8 40.5 -0.4
      vertex -55.1358 69.5858 -0.4
    endloop
  endfacet
  facet normal -0 0 1
    outer loop
      vertex -55.55 69.268 -0.4
      vertex -42.8 40.5 -0.4
      vertex -55.3325 69.4133 -0.4
    endloop
  endfacet
  facet normal -0 0 1
    outer loop
      vertex -55.7846 69.1522 -0.4
      vertex -42.8 40.5 -0.4
      vertex -55.55 69.268 -0.4
    endloop
  endfacet
  facet normal -0 0 1
    outer loop
      vertex -56.0324 69.0681 -0.4
      vertex -42.8 40.5 -0.4
      vertex -55.7846 69.1522 -0.4
    endloop
  endfacet
  facet normal 0 0 1
    outer loop
      vertex -59.8 40.5 -0.4
      vertex -56.0324 69.0681 -0.4
      vertex -56.2889 69.0171 -0.4
    endloop
  endfacet
  facet normal 0 0 1
    outer loop
      vertex -59.8 40.5 -0.4
      vertex -56.2889 69.0171 -0.4
      vertex -56.55 69 -0.4
    endloop
  endfacet
  facet normal 0 0 1
    outer loop
      vertex -59.8 40.5 -0.4
      vertex -56.55 69 -0.4
      vertex -56.8111 69.0171 -0.4
    endloop
  endfacet
  facet normal 0 0 1
    outer loop
      vertex -59.8 40.5 -0.4
      vertex -56.8111 69.0171 -0.4
      vertex -57.0676 69.0681 -0.4
    endloop
  endfacet
  facet normal 0 0 1
    outer loop
      vertex -59.8 40.5 -0.4
      vertex -57.0676 69.0681 -0.4
      vertex -57.3154 69.1522 -0.4
    endloop
  endfacet
  facet normal 0 0 1
    outer loop
      vertex -59.8 40.5 -0.4
      vertex -57.3154 69.1522 -0.4
      vertex -57.55 69.268 -0.4
    endloop
  endfacet
  facet normal 0 0 1
    outer loop
      vertex -59.8 40.5 -0.4
      vertex -57.55 69.268 -0.4
      vertex -57.7675 69.4133 -0.4
    endloop
  endfacet
  facet normal 0 0 1
    outer loop
      vertex -59.8 40.5 -0.4
      vertex -57.7675 69.4133 -0.4
      vertex -57.9642 69.5858 -0.4
    endloop
  endfacet
  facet normal 0 0 1
    outer loop
      vertex -59.8 40.5 -0.4
      vertex -57.9642 69.5858 -0.4
      vertex -58.1367 69.7825 -0.4
    endloop
  endfacet
  facet normal 0 0 1
    outer loop
      vertex -59.8 40.5 -0.4
      vertex -58.1367 69.7825 -0.4
      vertex -58.2821 70 -0.4
    endloop
  endfacet
  facet normal 0 0 1
    outer loop
      vertex -56.0324 69.0681 -0.4
      vertex -59.8 40.5 -0.4
      vertex -42.8 40.5 -0.4
    endloop
  endfacet
  facet normal 0 0 1
    outer loop
      vertex -58.3978 70.2346 -0.4
      vertex -59.8 40.5 -0.4
      vertex -58.2821 70 -0.4
    endloop
  endfacet
  facet normal 0 0 1
    outer loop
      vertex -58.4818 70.4824 -0.4
      vertex -59.8 40.5 -0.4
      vertex -58.3978 70.2346 -0.4
    endloop
  endfacet
  facet normal 0 0 1
    outer loop
      vertex -58.5329 70.7389 -0.4
      vertex -59.8 40.5 -0.4
      vertex -58.4818 70.4824 -0.4
    endloop
  endfacet
  facet normal 0 0 1
    outer loop
      vertex -58.55 71 -0.4
      vertex -59.8 40.5 -0.4
      vertex -58.5329 70.7389 -0.4
    endloop
  endfacet
  facet normal 0 0 1
    outer loop
      vertex -59.8 40.5 -0.4
      vertex -58.55 71 -0.4
      vertex -59.8 132.5 -0.4
    endloop
  endfacet
  facet normal 0 0 1
    outer loop
      vertex -5.7 102.15 -0.4
      vertex -2.8 168 -0.4
      vertex -5.7 126.35 -0.4
    endloop
  endfacet
  facet normal 0 0 1
    outer loop
      vertex -2.8 168 -0.4
      vertex -5.73422 126.872 -0.4
      vertex -5.7 126.35 -0.4
    endloop
  endfacet
  facet normal 0 0 1
    outer loop
      vertex -5.8 144.5 -0.4
      vertex -2.8 168 -0.4
      vertex -5.8 168 -0.4
    endloop
  endfacet
  facet normal 0 0 1
    outer loop
      vertex -2.8 168 -0.4
      vertex -5.8 144.5 -0.4
      vertex -5.73422 126.872 -0.4
    endloop
  endfacet
  facet normal 0 0 1
    outer loop
      vertex -5.8 144.5 -0.4
      vertex -5.8363 127.385 -0.4
      vertex -5.73422 126.872 -0.4
    endloop
  endfacet
  facet normal 0 0 1
    outer loop
      vertex -5.8 144.5 -0.4
      vertex -6.00448 127.881 -0.4
      vertex -5.8363 127.385 -0.4
    endloop
  endfacet
  facet normal 0 0 1
    outer loop
      vertex -5.8 144.5 -0.4
      vertex -6.2359 128.35 -0.4
      vertex -6.00448 127.881 -0.4
    endloop
  endfacet
  facet normal 0 0 1
    outer loop
      vertex -5.8 144.5 -0.4
      vertex -6.52659 128.785 -0.4
      vertex -6.2359 128.35 -0.4
    endloop
  endfacet
  facet normal 0 0 1
    outer loop
      vertex -5.8 144.5 -0.4
      vertex -6.87157 129.178 -0.4
      vertex -6.52659 128.785 -0.4
    endloop
  endfacet
  facet normal 0 0 1
    outer loop
      vertex -5.8 144.5 -0.4
      vertex -7.26495 129.523 -0.4
      vertex -6.87157 129.178 -0.4
    endloop
  endfacet
  facet normal 0 0 1
    outer loop
      vertex -5.8 144.5 -0.4
      vertex -7.7 129.814 -0.4
      vertex -7.26495 129.523 -0.4
    endloop
  endfacet
  facet normal 0 0 1
    outer loop
      vertex -5.8 144.5 -0.4
      vertex -8.16927 130.046 -0.4
      vertex -7.7 129.814 -0.4
    endloop
  endfacet
  facet normal 0 0 1
    outer loop
      vertex -5.8 144.5 -0.4
      vertex -8.66472 130.214 -0.4
      vertex -8.16927 130.046 -0.4
    endloop
  endfacet
  facet normal 0 0 1
    outer loop
      vertex -5.8 144.5 -0.4
      vertex -9.17789 130.316 -0.4
      vertex -8.66472 130.214 -0.4
    endloop
  endfacet
  facet normal 0 0 1
    outer loop
      vertex -5.8 144.5 -0.4
      vertex -9.7 130.35 -0.4
      vertex -9.17789 130.316 -0.4
    endloop
  endfacet
  facet normal 0 0 1
    outer loop
      vertex -5.8 144.5 -0.4
      vertex -52.9 130.35 -0.4
      vertex -9.7 130.35 -0.4
    endloop
  endfacet
  facet normal -0 0 1
    outer loop
      vertex -59.8 132.5 -0.4
      vertex -52.9 130.35 -0.4
      vertex -5.8 144.5 -0.4
    endloop
  endfacet
  facet normal 0 0 1
    outer loop
      vertex -52.9 130.35 -0.4
      vertex -59.8 132.5 -0.4
      vertex -53.4221 130.316 -0.4
    endloop
  endfacet
  facet normal 0 0 1
    outer loop
      vertex -59.8 132.5 -0.4
      vertex -56.9 102.15 -0.4
      vertex -56.9 126.35 -0.4
    endloop
  endfacet
  facet normal 0 0 1
    outer loop
      vertex -56.9 102.15 -0.4
      vertex -57.3154 72.8478 -0.4
      vertex -57.0676 72.9319 -0.4
    endloop
  endfacet
  facet normal 0 0 1
    outer loop
      vertex -56.9 102.15 -0.4
      vertex -57.55 72.732 -0.4
      vertex -57.3154 72.8478 -0.4
    endloop
  endfacet
  facet normal 0 0 1
    outer loop
      vertex -56.9 102.15 -0.4
      vertex -57.7675 72.5867 -0.4
      vertex -57.55 72.732 -0.4
    endloop
  endfacet
  facet normal 0 0 1
    outer loop
      vertex -56.9 102.15 -0.4
      vertex -57.9642 72.4142 -0.4
      vertex -57.7675 72.5867 -0.4
    endloop
  endfacet
  facet normal 0 0 1
    outer loop
      vertex -56.9 102.15 -0.4
      vertex -58.1367 72.2175 -0.4
      vertex -57.9642 72.4142 -0.4
    endloop
  endfacet
  facet normal 0 0 1
    outer loop
      vertex -56.9 102.15 -0.4
      vertex -58.2821 72 -0.4
      vertex -58.1367 72.2175 -0.4
    endloop
  endfacet
  facet normal 0 0 1
    outer loop
      vertex -56.9 102.15 -0.4
      vertex -58.3978 71.7654 -0.4
      vertex -58.2821 72 -0.4
    endloop
  endfacet
  facet normal 0 -0 1
    outer loop
      vertex -58.5329 71.2611 -0.4
      vertex -56.9 102.15 -0.4
      vertex -59.8 132.5 -0.4
    endloop
  endfacet
  facet normal 0 0 1
    outer loop
      vertex -56.9 102.15 -0.4
      vertex -58.4818 71.5176 -0.4
      vertex -58.3978 71.7654 -0.4
    endloop
  endfacet
  facet normal 0 0 1
    outer loop
      vertex -56.9 102.15 -0.4
      vertex -58.5329 71.2611 -0.4
      vertex -58.4818 71.5176 -0.4
    endloop
  endfacet
  facet normal 0 0 1
    outer loop
      vertex -58.5329 71.2611 -0.4
      vertex -59.8 132.5 -0.4
      vertex -58.55 71 -0.4
    endloop
  endfacet
  facet normal 0 0 1
    outer loop
      vertex -56.8658 126.872 -0.4
      vertex -59.8 132.5 -0.4
      vertex -56.9 126.35 -0.4
    endloop
  endfacet
  facet normal 0 0 1
    outer loop
      vertex -56.7637 127.385 -0.4
      vertex -59.8 132.5 -0.4
      vertex -56.8658 126.872 -0.4
    endloop
  endfacet
  facet normal 0 0 1
    outer loop
      vertex -56.5955 127.881 -0.4
      vertex -59.8 132.5 -0.4
      vertex -56.7637 127.385 -0.4
    endloop
  endfacet
  facet normal 0 0 1
    outer loop
      vertex -56.3641 128.35 -0.4
      vertex -59.8 132.5 -0.4
      vertex -56.5955 127.881 -0.4
    endloop
  endfacet
  facet normal 0 0 1
    outer loop
      vertex -56.0734 128.785 -0.4
      vertex -59.8 132.5 -0.4
      vertex -56.3641 128.35 -0.4
    endloop
  endfacet
  facet normal 0 0 1
    outer loop
      vertex -55.7284 129.178 -0.4
      vertex -59.8 132.5 -0.4
      vertex -56.0734 128.785 -0.4
    endloop
  endfacet
  facet normal 0 0 1
    outer loop
      vertex -55.335 129.523 -0.4
      vertex -59.8 132.5 -0.4
      vertex -55.7284 129.178 -0.4
    endloop
  endfacet
  facet normal 0 0 1
    outer loop
      vertex -54.9 129.814 -0.4
      vertex -59.8 132.5 -0.4
      vertex -55.335 129.523 -0.4
    endloop
  endfacet
  facet normal 0 0 1
    outer loop
      vertex -54.4307 130.046 -0.4
      vertex -59.8 132.5 -0.4
      vertex -54.9 129.814 -0.4
    endloop
  endfacet
  facet normal 0 0 1
    outer loop
      vertex -53.9353 130.214 -0.4
      vertex -59.8 132.5 -0.4
      vertex -54.4307 130.046 -0.4
    endloop
  endfacet
  facet normal 0 0 1
    outer loop
      vertex -53.4221 130.316 -0.4
      vertex -59.8 132.5 -0.4
      vertex -53.9353 130.214 -0.4
    endloop
  endfacet
  facet normal 0 0 1
    outer loop
      vertex -2.8 168 -0.4
      vertex -5.7 102.15 -0.4
      vertex -2.8 0.5 -0.4
    endloop
  endfacet
  facet normal -0 0 1
    outer loop
      vertex -5.73422 101.628 -0.4
      vertex -2.8 0.5 -0.4
      vertex -5.7 102.15 -0.4
    endloop
  endfacet
  facet normal 0 0 1
    outer loop
      vertex -9.05989 40.9137 -0.4
      vertex -5.73422 101.628 -0.4
      vertex -5.8363 101.115 -0.4
    endloop
  endfacet
  facet normal 0 0 1
    outer loop
      vertex -9.05989 40.9137 -0.4
      vertex -5.8363 101.115 -0.4
      vertex -6.00448 100.619 -0.4
    endloop
  endfacet
  facet normal 0 0 1
    outer loop
      vertex -9.05989 40.9137 -0.4
      vertex -6.00448 100.619 -0.4
      vertex -6.2359 100.15 -0.4
    endloop
  endfacet
  facet normal 0 0 1
    outer loop
      vertex -9.05989 40.9137 -0.4
      vertex -6.2359 100.15 -0.4
      vertex -6.52659 99.715 -0.4
    endloop
  endfacet
  facet normal 0 0 1
    outer loop
      vertex -9.05989 40.9137 -0.4
      vertex -6.52659 99.715 -0.4
      vertex -6.87157 99.3216 -0.4
    endloop
  endfacet
  facet normal 0 0 1
    outer loop
      vertex -9.05989 40.9137 -0.4
      vertex -6.87157 99.3216 -0.4
      vertex -7.26495 98.9766 -0.4
    endloop
  endfacet
  facet normal 0 0 1
    outer loop
      vertex -9.05989 40.9137 -0.4
      vertex -7.26495 98.9766 -0.4
      vertex -7.7 98.6859 -0.4
    endloop
  endfacet
  facet normal 0 0 1
    outer loop
      vertex -9.05989 40.9137 -0.4
      vertex -7.7 98.6859 -0.4
      vertex -8.16927 98.4545 -0.4
    endloop
  endfacet
  facet normal 0 0 1
    outer loop
      vertex -12.5 46.0622 -0.4
      vertex -8.16927 98.4545 -0.4
      vertex -8.66472 98.2863 -0.4
    endloop
  endfacet
  facet normal 0 0 1
    outer loop
      vertex -5.73422 101.628 -0.4
      vertex -9 40 -0.4
      vertex -2.8 0.5 -0.4
    endloop
  endfacet
  facet normal -0 0 1
    outer loop
      vertex -9.05989 39.0863 -0.4
      vertex -2.8 0.5 -0.4
      vertex -9 40 -0.4
    endloop
  endfacet
  facet normal -0 0 1
    outer loop
      vertex -9.23852 38.1883 -0.4
      vertex -2.8 0.5 -0.4
      vertex -9.05989 39.0863 -0.4
    endloop
  endfacet
  facet normal -0 0 1
    outer loop
      vertex -9.53284 37.3212 -0.4
      vertex -2.8 0.5 -0.4
      vertex -9.23852 38.1883 -0.4
    endloop
  endfacet
  facet normal -0 0 1
    outer loop
      vertex -9.93782 36.5 -0.4
      vertex -2.8 0.5 -0.4
      vertex -9.53284 37.3212 -0.4
    endloop
  endfacet
  facet normal -0 0 1
    outer loop
      vertex -10.4465 35.7387 -0.4
      vertex -2.8 0.5 -0.4
      vertex -9.93782 36.5 -0.4
    endloop
  endfacet
  facet normal -0 0 1
    outer loop
      vertex -11.0503 35.0503 -0.4
      vertex -2.8 0.5 -0.4
      vertex -10.4465 35.7387 -0.4
    endloop
  endfacet
  facet normal -0 0 1
    outer loop
      vertex -11.7387 34.4465 -0.4
      vertex -2.8 0.5 -0.4
      vertex -11.0503 35.0503 -0.4
    endloop
  endfacet
  facet normal -0 0 1
    outer loop
      vertex -12.5 33.9378 -0.4
      vertex -2.8 0.5 -0.4
      vertex -11.7387 34.4465 -0.4
    endloop
  endfacet
  facet normal -0 0 1
    outer loop
      vertex -13.3212 33.5328 -0.4
      vertex -2.8 0.5 -0.4
      vertex -12.5 33.9378 -0.4
    endloop
  endfacet
  facet normal -0 0 1
    outer loop
      vertex -14.1883 33.2385 -0.4
      vertex -2.8 0.5 -0.4
      vertex -13.3212 33.5328 -0.4
    endloop
  endfacet
  facet normal -0 0 1
    outer loop
      vertex -15.0863 33.0599 -0.4
      vertex -2.8 0.5 -0.4
      vertex -14.1883 33.2385 -0.4
    endloop
  endfacet
  facet normal -0 0 1
    outer loop
      vertex -16 33 -0.4
      vertex -2.8 0.5 -0.4
      vertex -15.0863 33.0599 -0.4
    endloop
  endfacet
  facet normal 0 0 1
    outer loop
      vertex -33.05 11 -0.4
      vertex -16 33 -0.4
      vertex -16.9137 33.0599 -0.4
    endloop
  endfacet
  facet normal 0 0 1
    outer loop
      vertex -33.05 11 -0.4
      vertex -16.9137 33.0599 -0.4
      vertex -17.8117 33.2385 -0.4
    endloop
  endfacet
  facet normal 0 0 1
    outer loop
      vertex -33.05 11 -0.4
      vertex -17.8117 33.2385 -0.4
      vertex -18.6788 33.5328 -0.4
    endloop
  endfacet
  facet normal 0 0 1
    outer loop
      vertex -33.05 11 -0.4
      vertex -18.6788 33.5328 -0.4
      vertex -19.5 33.9378 -0.4
    endloop
  endfacet
  facet normal 0 0 1
    outer loop
      vertex -33.05 11 -0.4
      vertex -19.5 33.9378 -0.4
      vertex -20.2613 34.4465 -0.4
    endloop
  endfacet
  facet normal 0 0 1
    outer loop
      vertex -33.05 11 -0.4
      vertex -20.2613 34.4465 -0.4
      vertex -20.9497 35.0503 -0.4
    endloop
  endfacet
  facet normal 0 0 1
    outer loop
      vertex -33.05 11 -0.4
      vertex -20.9497 35.0503 -0.4
      vertex -21.5535 35.7387 -0.4
    endloop
  endfacet
  facet normal 0 0 1
    outer loop
      vertex -33.05 11 -0.4
      vertex -21.5535 35.7387 -0.4
      vertex -22.0622 36.5 -0.4
    endloop
  endfacet
  facet normal 0 0 1
    outer loop
      vertex -33.05 11 -0.4
      vertex -22.9401 39.0863 -0.4
      vertex -23 40 -0.4
    endloop
  endfacet
  facet normal 0 0 1
    outer loop
      vertex -33.05 11 -0.4
      vertex -22.7615 38.1883 -0.4
      vertex -22.9401 39.0863 -0.4
    endloop
  endfacet
  facet normal 0 0 1
    outer loop
      vertex -33.05 11 -0.4
      vertex -22.4672 37.3212 -0.4
      vertex -22.7615 38.1883 -0.4
    endloop
  endfacet
  facet normal 0 0 1
    outer loop
      vertex -33.05 11 -0.4
      vertex -22.0622 36.5 -0.4
      vertex -22.4672 37.3212 -0.4
    endloop
  endfacet
  facet normal 0 0 1
    outer loop
      vertex -16 33 -0.4
      vertex -33.05 11 -0.4
      vertex -2.8 0.5 -0.4
    endloop
  endfacet
  facet normal -0 0 1
    outer loop
      vertex -33.0701 10.6933 -0.4
      vertex -2.8 0.5 -0.4
      vertex -33.05 11 -0.4
    endloop
  endfacet
  facet normal -0 0 1
    outer loop
      vertex -33.1301 10.3918 -0.4
      vertex -2.8 0.5 -0.4
      vertex -33.0701 10.6933 -0.4
    endloop
  endfacet
  facet normal 0 0 1
    outer loop
      vertex -33.4171 5.26105 -0.4
      vertex -33.1301 10.3918 -0.4
      vertex -33.2289 10.1007 -0.4
    endloop
  endfacet
  facet normal 0 0 1
    outer loop
      vertex -33.5522 5.76537 -0.4
      vertex -33.2289 10.1007 -0.4
      vertex -33.3648 9.825 -0.4
    endloop
  endfacet
  facet normal -0 0 1
    outer loop
      vertex -33.4171 5.26105 -0.4
      vertex -2.8 0.5 -0.4
      vertex -33.1301 10.3918 -0.4
    endloop
  endfacet
  facet normal -0 0 1
    outer loop
      vertex -33.4171 4.73895 -0.4
      vertex -2.8 0.5 -0.4
      vertex -33.4 5 -0.4
    endloop
  endfacet
  facet normal -0 0 1
    outer loop
      vertex -33.4681 4.48236 -0.4
      vertex -2.8 0.5 -0.4
      vertex -33.4171 4.73895 -0.4
    endloop
  endfacet
  facet normal -0 0 1
    outer loop
      vertex -33.5522 4.23463 -0.4
      vertex -2.8 0.5 -0.4
      vertex -33.4681 4.48236 -0.4
    endloop
  endfacet
  facet normal -0 0 1
    outer loop
      vertex -33.6679 4 -0.4
      vertex -2.8 0.5 -0.4
      vertex -33.5522 4.23463 -0.4
    endloop
  endfacet
  facet normal -0 0 1
    outer loop
      vertex -33.8133 3.78248 -0.4
      vertex -2.8 0.5 -0.4
      vertex -33.6679 4 -0.4
    endloop
  endfacet
  facet normal -0 0 1
    outer loop
      vertex -33.9858 3.58579 -0.4
      vertex -2.8 0.5 -0.4
      vertex -33.8133 3.78248 -0.4
    endloop
  endfacet
  facet normal -0 0 1
    outer loop
      vertex -34.1825 3.41329 -0.4
      vertex -2.8 0.5 -0.4
      vertex -33.9858 3.58579 -0.4
    endloop
  endfacet
  facet normal -0 0 1
    outer loop
      vertex -34.4 3.26795 -0.4
      vertex -2.8 0.5 -0.4
      vertex -34.1825 3.41329 -0.4
    endloop
  endfacet
  facet normal -0 0 1
    outer loop
      vertex -34.6346 3.15224 -0.4
      vertex -2.8 0.5 -0.4
      vertex -34.4 3.26795 -0.4
    endloop
  endfacet
  facet normal -0 0 1
    outer loop
      vertex -34.8824 3.06815 -0.4
      vertex -2.8 0.5 -0.4
      vertex -34.6346 3.15224 -0.4
    endloop
  endfacet
  facet normal 0 0 1
    outer loop
      vertex -42.8 0.5 -0.4
      vertex -34.8824 3.06815 -0.4
      vertex -35.1389 3.01711 -0.4
    endloop
  endfacet
  facet normal 0 0 1
    outer loop
      vertex -42.8 0.5 -0.4
      vertex -35.1389 3.01711 -0.4
      vertex -35.4 3 -0.4
    endloop
  endfacet
  facet normal 0 0 1
    outer loop
      vertex -42.8 0.5 -0.4
      vertex -35.4 3 -0.4
      vertex -35.6611 3.01711 -0.4
    endloop
  endfacet
  facet normal 0 0 1
    outer loop
      vertex -37.3319 5.51764 -0.4
      vertex -42.8 0.5 -0.4
      vertex -37.3829 5.26105 -0.4
    endloop
  endfacet
  facet normal 0 0 1
    outer loop
      vertex -42.8 0.5 -0.4
      vertex -37.5711 10.1007 -0.4
      vertex -37.6699 10.3918 -0.4
    endloop
  endfacet
  facet normal 0 0 1
    outer loop
      vertex -42.8 0.5 -0.4
      vertex -37.6699 10.3918 -0.4
      vertex -37.7299 10.6933 -0.4
    endloop
  endfacet
  facet normal 0 0 1
    outer loop
      vertex -42.8 0.5 -0.4
      vertex -37.7299 10.6933 -0.4
      vertex -37.75 11 -0.4
    endloop
  endfacet
  facet normal 0 0 1
    outer loop
      vertex -37.7299 11.3067 -0.4
      vertex -42.8 0.5 -0.4
      vertex -37.75 11 -0.4
    endloop
  endfacet
  facet normal 0 0 1
    outer loop
      vertex -37.3829 5.26105 -0.4
      vertex -42.8 0.5 -0.4
      vertex -37.4 5 -0.4
    endloop
  endfacet
  facet normal 0 0 1
    outer loop
      vertex -34.8824 3.06815 -0.4
      vertex -42.8 0.5 -0.4
      vertex -2.8 0.5 -0.4
    endloop
  endfacet
  facet normal 0 0 1
    outer loop
      vertex -35.9176 3.06815 -0.4
      vertex -42.8 0.5 -0.4
      vertex -35.6611 3.01711 -0.4
    endloop
  endfacet
  facet normal 0 0 1
    outer loop
      vertex -36.1654 3.15224 -0.4
      vertex -42.8 0.5 -0.4
      vertex -35.9176 3.06815 -0.4
    endloop
  endfacet
  facet normal 0 0 1
    outer loop
      vertex -36.4 3.26795 -0.4
      vertex -42.8 0.5 -0.4
      vertex -36.1654 3.15224 -0.4
    endloop
  endfacet
  facet normal 0 0 1
    outer loop
      vertex -36.6175 3.41329 -0.4
      vertex -42.8 0.5 -0.4
      vertex -36.4 3.26795 -0.4
    endloop
  endfacet
  facet normal 0 0 1
    outer loop
      vertex -36.8142 3.58579 -0.4
      vertex -42.8 0.5 -0.4
      vertex -36.6175 3.41329 -0.4
    endloop
  endfacet
  facet normal 0 0 1
    outer loop
      vertex -36.9867 3.78248 -0.4
      vertex -42.8 0.5 -0.4
      vertex -36.8142 3.58579 -0.4
    endloop
  endfacet
  facet normal 0 0 1
    outer loop
      vertex -37.132 4 -0.4
      vertex -42.8 0.5 -0.4
      vertex -36.9867 3.78248 -0.4
    endloop
  endfacet
  facet normal 0 0 1
    outer loop
      vertex -37.2478 4.23463 -0.4
      vertex -42.8 0.5 -0.4
      vertex -37.132 4 -0.4
    endloop
  endfacet
  facet normal 0 0 1
    outer loop
      vertex -37.3319 4.48236 -0.4
      vertex -42.8 0.5 -0.4
      vertex -37.2478 4.23463 -0.4
    endloop
  endfacet
  facet normal 0 0 1
    outer loop
      vertex -37.3829 4.73895 -0.4
      vertex -42.8 0.5 -0.4
      vertex -37.3319 4.48236 -0.4
    endloop
  endfacet
  facet normal 0 0 1
    outer loop
      vertex -37.4 5 -0.4
      vertex -42.8 0.5 -0.4
      vertex -37.3829 4.73895 -0.4
    endloop
  endfacet
  facet normal 0 0 1
    outer loop
      vertex -20.9497 44.9497 -0.4
      vertex -42.8 40.5 -0.4
      vertex -21.5535 44.2613 -0.4
    endloop
  endfacet
  facet normal 0 0 1
    outer loop
      vertex -9.7 98.15 -0.4
      vertex -54.6181 71.5176 -0.4
      vertex -54.5671 71.2611 -0.4
    endloop
  endfacet
  facet normal 0 0 1
    outer loop
      vertex -9.7 98.15 -0.4
      vertex -54.7022 71.7654 -0.4
      vertex -54.6181 71.5176 -0.4
    endloop
  endfacet
  facet normal 0 0 1
    outer loop
      vertex -52.9 98.15 -0.4
      vertex -54.8179 72 -0.4
      vertex -54.7022 71.7654 -0.4
    endloop
  endfacet
  facet normal 0 0 1
    outer loop
      vertex -57.0676 72.9319 -0.4
      vertex -54.4307 98.4545 -0.4
      vertex -54.9 98.6859 -0.4
    endloop
  endfacet
  facet normal 0 0 1
    outer loop
      vertex -52.9 98.15 -0.4
      vertex -54.9633 72.2175 -0.4
      vertex -54.8179 72 -0.4
    endloop
  endfacet
  facet normal 0 0 1
    outer loop
      vertex -52.9 98.15 -0.4
      vertex -55.1358 72.4142 -0.4
      vertex -54.9633 72.2175 -0.4
    endloop
  endfacet
  facet normal 0 0 1
    outer loop
      vertex -52.9 98.15 -0.4
      vertex -55.3325 72.5867 -0.4
      vertex -55.1358 72.4142 -0.4
    endloop
  endfacet
  facet normal 0 0 1
    outer loop
      vertex -57.0676 72.9319 -0.4
      vertex -54.9 98.6859 -0.4
      vertex -55.335 98.9766 -0.4
    endloop
  endfacet
  facet normal 0 0 1
    outer loop
      vertex -52.9 98.15 -0.4
      vertex -55.55 72.732 -0.4
      vertex -55.3325 72.5867 -0.4
    endloop
  endfacet
  facet normal 0 0 1
    outer loop
      vertex -57.0676 72.9319 -0.4
      vertex -55.335 98.9766 -0.4
      vertex -55.7284 99.3216 -0.4
    endloop
  endfacet
  facet normal 0 0 1
    outer loop
      vertex -52.9 98.15 -0.4
      vertex -55.7846 72.8478 -0.4
      vertex -55.55 72.732 -0.4
    endloop
  endfacet
  facet normal 0 0 1
    outer loop
      vertex -52.9 98.15 -0.4
      vertex -56.0324 72.9319 -0.4
      vertex -55.7846 72.8478 -0.4
    endloop
  endfacet
  facet normal 0 0 1
    outer loop
      vertex -57.0676 72.9319 -0.4
      vertex -55.7284 99.3216 -0.4
      vertex -56.0734 99.715 -0.4
    endloop
  endfacet
  facet normal 0 0 1
    outer loop
      vertex -52.9 98.15 -0.4
      vertex -56.2889 72.9829 -0.4
      vertex -56.0324 72.9319 -0.4
    endloop
  endfacet
  facet normal 0 0 1
    outer loop
      vertex -57.0676 72.9319 -0.4
      vertex -56.0734 99.715 -0.4
      vertex -56.3641 100.15 -0.4
    endloop
  endfacet
  facet normal 0 0 1
    outer loop
      vertex -53.4221 98.1842 -0.4
      vertex -56.55 73 -0.4
      vertex -56.2889 72.9829 -0.4
    endloop
  endfacet
  facet normal 0 0 1
    outer loop
      vertex -57.0676 72.9319 -0.4
      vertex -56.3641 100.15 -0.4
      vertex -56.5955 100.619 -0.4
    endloop
  endfacet
  facet normal 0 0 1
    outer loop
      vertex -57.0676 72.9319 -0.4
      vertex -56.5955 100.619 -0.4
      vertex -56.7637 101.115 -0.4
    endloop
  endfacet
  facet normal 0 0 1
    outer loop
      vertex -53.9353 98.2863 -0.4
      vertex -56.8111 72.9829 -0.4
      vertex -56.55 73 -0.4
    endloop
  endfacet
  facet normal 0 0 1
    outer loop
      vertex -57.0676 72.9319 -0.4
      vertex -56.7637 101.115 -0.4
      vertex -56.8658 101.628 -0.4
    endloop
  endfacet
  facet normal 0 0 1
    outer loop
      vertex -57.0676 72.9319 -0.4
      vertex -56.8658 101.628 -0.4
      vertex -56.9 102.15 -0.4
    endloop
  endfacet
  facet normal 0 0 1
    outer loop
      vertex -54.4307 98.4545 -0.4
      vertex -57.0676 72.9319 -0.4
      vertex -56.8111 72.9829 -0.4
    endloop
  endfacet
  facet normal -1 0 0
    outer loop
      vertex -42.8 0.5 -3.4
      vertex -42.8 40.5 -0.4
      vertex -42.8 40.5 -3.4
    endloop
  endfacet
  facet normal -1 -0 0
    outer loop
      vertex -42.8 40.5 -0.4
      vertex -42.8 0.5 -3.4
      vertex -42.8 0.5 -0.4
    endloop
  endfacet
  facet normal 1 -0 0
    outer loop
      vertex -2.8 0.5 -0.4
      vertex -2.8 168 -3.4
      vertex -2.8 168 -0.4
    endloop
  endfacet
  facet normal 1 0 0
    outer loop
      vertex -2.8 168 -3.4
      vertex -2.8 0.5 -0.4
      vertex -2.8 0.5 -3.4
    endloop
  endfacet
  facet normal 0 0 -1
    outer loop
      vertex -7.7 102.15 -3.4
      vertex -2.8 168 -3.4
      vertex -2.8 0.5 -3.4
    endloop
  endfacet
  facet normal 0 0 -1
    outer loop
      vertex -2.8 168 -3.4
      vertex -7.7 102.15 -3.4
      vertex -5.8 144.5 -3.4
    endloop
  endfacet
  facet normal 0 0 -1
    outer loop
      vertex -2.8 0.5 -3.4
      vertex -7.71711 101.889 -3.4
      vertex -7.7 102.15 -3.4
    endloop
  endfacet
  facet normal 0 0 -1
    outer loop
      vertex -2.8 0.5 -3.4
      vertex -7.76815 101.632 -3.4
      vertex -7.71711 101.889 -3.4
    endloop
  endfacet
  facet normal 0 0 -1
    outer loop
      vertex -2.8 0.5 -3.4
      vertex -7.85224 101.385 -3.4
      vertex -7.76815 101.632 -3.4
    endloop
  endfacet
  facet normal 0 0 -1
    outer loop
      vertex -2.8 0.5 -3.4
      vertex -7.96795 101.15 -3.4
      vertex -7.85224 101.385 -3.4
    endloop
  endfacet
  facet normal 0 0 -1
    outer loop
      vertex -2.8 0.5 -3.4
      vertex -8.11329 100.932 -3.4
      vertex -7.96795 101.15 -3.4
    endloop
  endfacet
  facet normal 0 0 -1
    outer loop
      vertex -2.8 0.5 -3.4
      vertex -8.28579 100.736 -3.4
      vertex -8.11329 100.932 -3.4
    endloop
  endfacet
  facet normal 0 0 -1
    outer loop
      vertex -2.8 0.5 -3.4
      vertex -8.48248 100.563 -3.4
      vertex -8.28579 100.736 -3.4
    endloop
  endfacet
  facet normal 0 0 -1
    outer loop
      vertex -2.8 0.5 -3.4
      vertex -8.7 100.418 -3.4
      vertex -8.48248 100.563 -3.4
    endloop
  endfacet
  facet normal 0 0 -1
    outer loop
      vertex -2.8 0.5 -3.4
      vertex -8.93463 100.302 -3.4
      vertex -8.7 100.418 -3.4
    endloop
  endfacet
  facet normal 0 0 -1
    outer loop
      vertex -2.8 0.5 -3.4
      vertex -9.18236 100.218 -3.4
      vertex -8.93463 100.302 -3.4
    endloop
  endfacet
  facet normal 0 0 -1
    outer loop
      vertex -42.8 40.5 -3.4
      vertex -9.18236 100.218 -3.4
      vertex -2.8 0.5 -3.4
    endloop
  endfacet
  facet normal 0 0 -1
    outer loop
      vertex -9.18236 100.218 -3.4
      vertex -42.8 40.5 -3.4
      vertex -9.43895 100.167 -3.4
    endloop
  endfacet
  facet normal 0 0 -1
    outer loop
      vertex -42.8 40.5 -3.4
      vertex -2.8 0.5 -3.4
      vertex -42.8 0.5 -3.4
    endloop
  endfacet
  facet normal 0 0 -1
    outer loop
      vertex -9.43895 100.167 -3.4
      vertex -42.8 40.5 -3.4
      vertex -9.7 100.15 -3.4
    endloop
  endfacet
  facet normal 0 0 -1
    outer loop
      vertex -42.8 40.5 -3.4
      vertex -52.9 100.15 -3.4
      vertex -9.7 100.15 -3.4
    endloop
  endfacet
  facet normal 0 0 -1
    outer loop
      vertex -59.8 40.5 -3.4
      vertex -52.9 100.15 -3.4
      vertex -42.8 40.5 -3.4
    endloop
  endfacet
  facet normal -0 0 -1
    outer loop
      vertex -52.9 100.15 -3.4
      vertex -59.8 40.5 -3.4
      vertex -53.1611 100.167 -3.4
    endloop
  endfacet
  facet normal -0 0 -1
    outer loop
      vertex -53.1611 100.167 -3.4
      vertex -59.8 40.5 -3.4
      vertex -53.4176 100.218 -3.4
    endloop
  endfacet
  facet normal -0 0 -1
    outer loop
      vertex -53.4176 100.218 -3.4
      vertex -59.8 40.5 -3.4
      vertex -53.6654 100.302 -3.4
    endloop
  endfacet
  facet normal -0 0 -1
    outer loop
      vertex -53.6654 100.302 -3.4
      vertex -59.8 40.5 -3.4
      vertex -53.9 100.418 -3.4
    endloop
  endfacet
  facet normal -0 0 -1
    outer loop
      vertex -53.9 100.418 -3.4
      vertex -59.8 40.5 -3.4
      vertex -54.1175 100.563 -3.4
    endloop
  endfacet
  facet normal -0 0 -1
    outer loop
      vertex -54.1175 100.563 -3.4
      vertex -59.8 40.5 -3.4
      vertex -54.3142 100.736 -3.4
    endloop
  endfacet
  facet normal -0 0 -1
    outer loop
      vertex -54.3142 100.736 -3.4
      vertex -59.8 40.5 -3.4
      vertex -54.4867 100.932 -3.4
    endloop
  endfacet
  facet normal -0 0 -1
    outer loop
      vertex -54.4867 100.932 -3.4
      vertex -59.8 40.5 -3.4
      vertex -54.632 101.15 -3.4
    endloop
  endfacet
  facet normal -0 0 -1
    outer loop
      vertex -54.632 101.15 -3.4
      vertex -59.8 40.5 -3.4
      vertex -54.7478 101.385 -3.4
    endloop
  endfacet
  facet normal -0 0 -1
    outer loop
      vertex -54.7478 101.385 -3.4
      vertex -59.8 40.5 -3.4
      vertex -54.8319 101.632 -3.4
    endloop
  endfacet
  facet normal 0 0 -1
    outer loop
      vertex -54.8829 101.889 -3.4
      vertex -59.8 132.5 -3.4
      vertex -54.9 102.15 -3.4
    endloop
  endfacet
  facet normal 0 0 -1
    outer loop
      vertex -59.8 132.5 -3.4
      vertex -54.8829 101.889 -3.4
      vertex -59.8 40.5 -3.4
    endloop
  endfacet
  facet normal -0 0 -1
    outer loop
      vertex -54.8319 101.632 -3.4
      vertex -59.8 40.5 -3.4
      vertex -54.8829 101.889 -3.4
    endloop
  endfacet
  facet normal -0 0 -1
    outer loop
      vertex -2.8 168 -3.4
      vertex -5.8 144.5 -3.4
      vertex -5.8 168 -3.4
    endloop
  endfacet
  facet normal 0 0 -1
    outer loop
      vertex -7.7 126.35 -3.4
      vertex -5.8 144.5 -3.4
      vertex -7.7 102.15 -3.4
    endloop
  endfacet
  facet normal 0 0 -1
    outer loop
      vertex -7.71711 126.611 -3.4
      vertex -5.8 144.5 -3.4
      vertex -7.7 126.35 -3.4
    endloop
  endfacet
  facet normal 0 0 -1
    outer loop
      vertex -7.76815 126.868 -3.4
      vertex -5.8 144.5 -3.4
      vertex -7.71711 126.611 -3.4
    endloop
  endfacet
  facet normal 0 0 -1
    outer loop
      vertex -7.85224 127.115 -3.4
      vertex -5.8 144.5 -3.4
      vertex -7.76815 126.868 -3.4
    endloop
  endfacet
  facet normal 0 0 -1
    outer loop
      vertex -7.96795 127.35 -3.4
      vertex -5.8 144.5 -3.4
      vertex -7.85224 127.115 -3.4
    endloop
  endfacet
  facet normal 0 0 -1
    outer loop
      vertex -8.11329 127.568 -3.4
      vertex -5.8 144.5 -3.4
      vertex -7.96795 127.35 -3.4
    endloop
  endfacet
  facet normal 0 0 -1
    outer loop
      vertex -8.28579 127.764 -3.4
      vertex -5.8 144.5 -3.4
      vertex -8.11329 127.568 -3.4
    endloop
  endfacet
  facet normal 0 0 -1
    outer loop
      vertex -8.48248 127.937 -3.4
      vertex -5.8 144.5 -3.4
      vertex -8.28579 127.764 -3.4
    endloop
  endfacet
  facet normal 0 0 -1
    outer loop
      vertex -8.7 128.082 -3.4
      vertex -5.8 144.5 -3.4
      vertex -8.48248 127.937 -3.4
    endloop
  endfacet
  facet normal 0 0 -1
    outer loop
      vertex -8.93463 128.198 -3.4
      vertex -5.8 144.5 -3.4
      vertex -8.7 128.082 -3.4
    endloop
  endfacet
  facet normal 0 0 -1
    outer loop
      vertex -9.18236 128.282 -3.4
      vertex -5.8 144.5 -3.4
      vertex -8.93463 128.198 -3.4
    endloop
  endfacet
  facet normal 0 0 -1
    outer loop
      vertex -9.43895 128.333 -3.4
      vertex -5.8 144.5 -3.4
      vertex -9.18236 128.282 -3.4
    endloop
  endfacet
  facet normal 0 0 -1
    outer loop
      vertex -9.7 128.35 -3.4
      vertex -5.8 144.5 -3.4
      vertex -9.43895 128.333 -3.4
    endloop
  endfacet
  facet normal 0 0 -1
    outer loop
      vertex -52.9 128.35 -3.4
      vertex -5.8 144.5 -3.4
      vertex -9.7 128.35 -3.4
    endloop
  endfacet
  facet normal 0 0 -1
    outer loop
      vertex -59.8 132.5 -3.4
      vertex -52.9 128.35 -3.4
      vertex -53.1611 128.333 -3.4
    endloop
  endfacet
  facet normal 0 0 -1
    outer loop
      vertex -59.8 132.5 -3.4
      vertex -53.1611 128.333 -3.4
      vertex -53.4176 128.282 -3.4
    endloop
  endfacet
  facet normal 0 0 -1
    outer loop
      vertex -59.8 132.5 -3.4
      vertex -53.4176 128.282 -3.4
      vertex -53.6654 128.198 -3.4
    endloop
  endfacet
  facet normal 0 0 -1
    outer loop
      vertex -52.9 128.35 -3.4
      vertex -59.8 132.5 -3.4
      vertex -5.8 144.5 -3.4
    endloop
  endfacet
  facet normal 0 0 -1
    outer loop
      vertex -53.9 128.082 -3.4
      vertex -59.8 132.5 -3.4
      vertex -53.6654 128.198 -3.4
    endloop
  endfacet
  facet normal 0 0 -1
    outer loop
      vertex -54.1175 127.937 -3.4
      vertex -59.8 132.5 -3.4
      vertex -53.9 128.082 -3.4
    endloop
  endfacet
  facet normal 0 0 -1
    outer loop
      vertex -54.3142 127.764 -3.4
      vertex -59.8 132.5 -3.4
      vertex -54.1175 127.937 -3.4
    endloop
  endfacet
  facet normal 0 0 -1
    outer loop
      vertex -54.4867 127.568 -3.4
      vertex -59.8 132.5 -3.4
      vertex -54.3142 127.764 -3.4
    endloop
  endfacet
  facet normal 0 0 -1
    outer loop
      vertex -54.632 127.35 -3.4
      vertex -59.8 132.5 -3.4
      vertex -54.4867 127.568 -3.4
    endloop
  endfacet
  facet normal 0 0 -1
    outer loop
      vertex -54.7478 127.115 -3.4
      vertex -59.8 132.5 -3.4
      vertex -54.632 127.35 -3.4
    endloop
  endfacet
  facet normal 0 0 -1
    outer loop
      vertex -54.8319 126.868 -3.4
      vertex -59.8 132.5 -3.4
      vertex -54.7478 127.115 -3.4
    endloop
  endfacet
  facet normal 0 0 -1
    outer loop
      vertex -54.8829 126.611 -3.4
      vertex -59.8 132.5 -3.4
      vertex -54.8319 126.868 -3.4
    endloop
  endfacet
  facet normal 0 0 -1
    outer loop
      vertex -54.9 126.35 -3.4
      vertex -59.8 132.5 -3.4
      vertex -54.8829 126.611 -3.4
    endloop
  endfacet
  facet normal 0 0 -1
    outer loop
      vertex -54.9 102.15 -3.4
      vertex -59.8 132.5 -3.4
      vertex -54.9 126.35 -3.4
    endloop
  endfacet
  facet normal 0 -1 0
    outer loop
      vertex -59.8 40.5 -3.4
      vertex -42.8 40.5 -0.4
      vertex -59.8 40.5 -0.4
    endloop
  endfacet
  facet normal 0 -1 -0
    outer loop
      vertex -42.8 40.5 -0.4
      vertex -59.8 40.5 -3.4
      vertex -42.8 40.5 -3.4
    endloop
  endfacet
  facet normal 0 -1 0
    outer loop
      vertex -42.8 0.5 -3.4
      vertex -2.8 0.5 -0.4
      vertex -42.8 0.5 -0.4
    endloop
  endfacet
  facet normal 0 -1 -0
    outer loop
      vertex -2.8 0.5 -0.4
      vertex -42.8 0.5 -3.4
      vertex -2.8 0.5 -3.4
    endloop
  endfacet
  facet normal -1 0 0
    outer loop
      vertex -59.8 40.5 -3.4
      vertex -59.8 132.5 -0.4
      vertex -59.8 132.5 -3.4
    endloop
  endfacet
  facet normal -1 -0 0
    outer loop
      vertex -59.8 132.5 -0.4
      vertex -59.8 40.5 -3.4
      vertex -59.8 40.5 -0.4
    endloop
  endfacet
  facet normal -0.21693 0.976187 0
    outer loop
      vertex -5.8 144.5 -3.4
      vertex -59.8 132.5 -0.4
      vertex -5.8 144.5 -0.4
    endloop
  endfacet
  facet normal -0.21693 0.976187 0
    outer loop
      vertex -59.8 132.5 -0.4
      vertex -5.8 144.5 -3.4
      vertex -59.8 132.5 -3.4
    endloop
  endfacet
  facet normal -1 0 0
    outer loop
      vertex -5.8 144.5 -3.4
      vertex -5.8 168 -0.4
      vertex -5.8 168 -3.4
    endloop
  endfacet
  facet normal -1 -0 0
    outer loop
      vertex -5.8 168 -0.4
      vertex -5.8 144.5 -3.4
      vertex -5.8 144.5 -0.4
    endloop
  endfacet
  facet normal 0 1 -0
    outer loop
      vertex -2.8 168 -3.4
      vertex -5.8 168 -0.4
      vertex -2.8 168 -0.4
    endloop
  endfacet
  facet normal 0 1 0
    outer loop
      vertex -5.8 168 -0.4
      vertex -2.8 168 -3.4
      vertex -5.8 168 -3.4
    endloop
  endfacet
  facet normal -0.946944 -0.3214 0
    outer loop
      vertex -22.4672 37.3212 -0.4
      vertex -22.7615 38.1883 34
      vertex -22.7615 38.1883 -0.4
    endloop
  endfacet
  facet normal -0.946944 -0.3214 0
    outer loop
      vertex -22.7615 38.1883 34
      vertex -22.4672 37.3212 -0.4
      vertex -22.4672 37.3212 34
    endloop
  endfacet
  facet normal 0.195066 0.98079 -0
    outer loop
      vertex -14.1883 46.7615 -0.4
      vertex -15.0863 46.9401 34
      vertex -14.1883 46.7615 34
    endloop
  endfacet
  facet normal 0.195066 0.98079 0
    outer loop
      vertex -15.0863 46.9401 34
      vertex -14.1883 46.7615 -0.4
      vertex -15.0863 46.9401 -0.4
    endloop
  endfacet
  facet normal 0.442314 0.89686 -0
    outer loop
      vertex -12.5 46.0622 -0.4
      vertex -13.3212 46.4672 34
      vertex -12.5 46.0622 34
    endloop
  endfacet
  facet normal 0.442314 0.89686 0
    outer loop
      vertex -13.3212 46.4672 34
      vertex -12.5 46.0622 -0.4
      vertex -13.3212 46.4672 -0.4
    endloop
  endfacet
  facet normal -0.997858 -0.0654172 0
    outer loop
      vertex -22.9401 39.0863 -0.4
      vertex -23 40 34
      vertex -23 40 -0.4
    endloop
  endfacet
  facet normal -0.997858 -0.0654172 0
    outer loop
      vertex -23 40 34
      vertex -22.9401 39.0863 -0.4
      vertex -22.9401 39.0863 34
    endloop
  endfacet
  facet normal -0.98079 0.195066 0
    outer loop
      vertex -22.9401 40.9137 -0.4
      vertex -22.7615 41.8117 34
      vertex -22.7615 41.8117 -0.4
    endloop
  endfacet
  facet normal -0.98079 0.195066 0
    outer loop
      vertex -22.7615 41.8117 34
      vertex -22.9401 40.9137 -0.4
      vertex -22.9401 40.9137 34
    endloop
  endfacet
  facet normal 0.195066 -0.98079 0
    outer loop
      vertex -15.0863 33.0599 -0.4
      vertex -14.1883 33.2385 34
      vertex -15.0863 33.0599 34
    endloop
  endfacet
  facet normal 0.195066 -0.98079 0
    outer loop
      vertex -14.1883 33.2385 34
      vertex -15.0863 33.0599 -0.4
      vertex -14.1883 33.2385 -0.4
    endloop
  endfacet
  facet normal 0.659401 0.751791 -0
    outer loop
      vertex -11.0503 44.9497 -0.4
      vertex -11.7387 45.5535 34
      vertex -11.0503 44.9497 34
    endloop
  endfacet
  facet normal 0.659401 0.751791 0
    outer loop
      vertex -11.7387 45.5535 34
      vertex -11.0503 44.9497 -0.4
      vertex -11.7387 45.5535 -0.4
    endloop
  endfacet
  facet normal 0.997859 0.0654063 0
    outer loop
      vertex -9 40 34
      vertex -9.05989 40.9137 -0.4
      vertex -9.05989 40.9137 34
    endloop
  endfacet
  facet normal 0.997859 0.0654063 0
    outer loop
      vertex -9.05989 40.9137 -0.4
      vertex -9 40 34
      vertex -9 40 -0.4
    endloop
  endfacet
  facet normal 0.896869 -0.442297 0
    outer loop
      vertex -9.93782 36.5 34
      vertex -9.53284 37.3212 -0.4
      vertex -9.53284 37.3212 34
    endloop
  endfacet
  facet normal 0.896869 -0.442297 0
    outer loop
      vertex -9.53284 37.3212 -0.4
      vertex -9.93782 36.5 34
      vertex -9.93782 36.5 -0.4
    endloop
  endfacet
  facet normal -0.555582 -0.831462 0
    outer loop
      vertex -20.2613 34.4465 -0.4
      vertex -19.5 33.9378 34
      vertex -20.2613 34.4465 34
    endloop
  endfacet
  facet normal -0.555582 -0.831462 -0
    outer loop
      vertex -19.5 33.9378 34
      vertex -20.2613 34.4465 -0.4
      vertex -19.5 33.9378 -0.4
    endloop
  endfacet
  facet normal 0.997859 -0.0654063 0
    outer loop
      vertex -9.05989 39.0863 34
      vertex -9 40 -0.4
      vertex -9 40 34
    endloop
  endfacet
  facet normal 0.997859 -0.0654063 0
    outer loop
      vertex -9 40 -0.4
      vertex -9.05989 39.0863 34
      vertex -9.05989 39.0863 -0.4
    endloop
  endfacet
  facet normal -0.0654172 -0.997858 0
    outer loop
      vertex -16.9137 33.0599 -0.4
      vertex -16 33 34
      vertex -16.9137 33.0599 34
    endloop
  endfacet
  facet normal -0.0654172 -0.997858 -0
    outer loop
      vertex -16 33 34
      vertex -16.9137 33.0599 -0.4
      vertex -16 33 -0.4
    endloop
  endfacet
  facet normal 0.980784 -0.195097 0
    outer loop
      vertex -9.23852 38.1883 34
      vertex -9.05989 39.0863 -0.4
      vertex -9.05989 39.0863 34
    endloop
  endfacet
  facet normal 0.980784 -0.195097 0
    outer loop
      vertex -9.05989 39.0863 -0.4
      vertex -9.23852 38.1883 34
      vertex -9.23852 38.1883 -0.4
    endloop
  endfacet
  facet normal -0.89686 0.442314 0
    outer loop
      vertex -22.4672 42.6788 -0.4
      vertex -22.0622 43.5 34
      vertex -22.0622 43.5 -0.4
    endloop
  endfacet
  facet normal -0.89686 0.442314 0
    outer loop
      vertex -22.0622 43.5 34
      vertex -22.4672 42.6788 -0.4
      vertex -22.4672 42.6788 34
    endloop
  endfacet
  facet normal 0.659401 -0.751791 0
    outer loop
      vertex -11.7387 34.4465 -0.4
      vertex -11.0503 35.0503 34
      vertex -11.7387 34.4465 34
    endloop
  endfacet
  facet normal 0.659401 -0.751791 0
    outer loop
      vertex -11.0503 35.0503 34
      vertex -11.7387 34.4465 -0.4
      vertex -11.0503 35.0503 -0.4
    endloop
  endfacet
  facet normal 0.980784 0.195097 0
    outer loop
      vertex -9.05989 40.9137 34
      vertex -9.23852 41.8117 -0.4
      vertex -9.23852 41.8117 34
    endloop
  endfacet
  facet normal 0.980784 0.195097 0
    outer loop
      vertex -9.23852 41.8117 -0.4
      vertex -9.05989 40.9137 34
      vertex -9.05989 40.9137 -0.4
    endloop
  endfacet
  facet normal -0.555582 0.831462 0
    outer loop
      vertex -19.5 46.0622 -0.4
      vertex -20.2613 45.5535 34
      vertex -19.5 46.0622 34
    endloop
  endfacet
  facet normal -0.555582 0.831462 0
    outer loop
      vertex -20.2613 45.5535 34
      vertex -19.5 46.0622 -0.4
      vertex -20.2613 45.5535 -0.4
    endloop
  endfacet
  facet normal 0.896869 0.442297 0
    outer loop
      vertex -9.53284 42.6788 34
      vertex -9.93782 43.5 -0.4
      vertex -9.93782 43.5 34
    endloop
  endfacet
  facet normal 0.896869 0.442297 0
    outer loop
      vertex -9.93782 43.5 -0.4
      vertex -9.53284 42.6788 34
      vertex -9.53284 42.6788 -0.4
    endloop
  endfacet
  facet normal -0.442314 0.89686 0
    outer loop
      vertex -18.6788 46.4672 -0.4
      vertex -19.5 46.0622 34
      vertex -18.6788 46.4672 34
    endloop
  endfacet
  facet normal -0.442314 0.89686 0
    outer loop
      vertex -19.5 46.0622 34
      vertex -18.6788 46.4672 -0.4
      vertex -19.5 46.0622 -0.4
    endloop
  endfacet
  facet normal -0.3214 0.946944 0
    outer loop
      vertex -17.8117 46.7615 -0.4
      vertex -18.6788 46.4672 34
      vertex -17.8117 46.7615 34
    endloop
  endfacet
  facet normal -0.3214 0.946944 0
    outer loop
      vertex -18.6788 46.4672 34
      vertex -17.8117 46.7615 -0.4
      vertex -18.6788 46.4672 -0.4
    endloop
  endfacet
  facet normal 0.831472 0.555567 0
    outer loop
      vertex -9.93782 43.5 34
      vertex -10.4465 44.2613 -0.4
      vertex -10.4465 44.2613 34
    endloop
  endfacet
  facet normal 0.831472 0.555567 0
    outer loop
      vertex -10.4465 44.2613 -0.4
      vertex -9.93782 43.5 34
      vertex -9.93782 43.5 -0.4
    endloop
  endfacet
  facet normal 0.0654172 -0.997858 0
    outer loop
      vertex -16 33 -0.4
      vertex -15.0863 33.0599 34
      vertex -16 33 34
    endloop
  endfacet
  facet normal 0.0654172 -0.997858 0
    outer loop
      vertex -15.0863 33.0599 34
      vertex -16 33 -0.4
      vertex -15.0863 33.0599 -0.4
    endloop
  endfacet
  facet normal 0.751791 -0.659401 0
    outer loop
      vertex -11.0503 35.0503 34
      vertex -10.4465 35.7387 -0.4
      vertex -10.4465 35.7387 34
    endloop
  endfacet
  facet normal 0.751791 -0.659401 0
    outer loop
      vertex -10.4465 35.7387 -0.4
      vertex -11.0503 35.0503 34
      vertex -11.0503 35.0503 -0.4
    endloop
  endfacet
  facet normal -0.751791 -0.659401 0
    outer loop
      vertex -20.9497 35.0503 -0.4
      vertex -21.5535 35.7387 34
      vertex -21.5535 35.7387 -0.4
    endloop
  endfacet
  facet normal -0.751791 -0.659401 0
    outer loop
      vertex -21.5535 35.7387 34
      vertex -20.9497 35.0503 -0.4
      vertex -20.9497 35.0503 34
    endloop
  endfacet
  facet normal -0.946944 0.3214 0
    outer loop
      vertex -22.7615 41.8117 -0.4
      vertex -22.4672 42.6788 34
      vertex -22.4672 42.6788 -0.4
    endloop
  endfacet
  facet normal -0.946944 0.3214 0
    outer loop
      vertex -22.4672 42.6788 34
      vertex -22.7615 41.8117 -0.4
      vertex -22.7615 41.8117 34
    endloop
  endfacet
  facet normal -0.442314 -0.89686 0
    outer loop
      vertex -19.5 33.9378 -0.4
      vertex -18.6788 33.5328 34
      vertex -19.5 33.9378 34
    endloop
  endfacet
  facet normal -0.442314 -0.89686 -0
    outer loop
      vertex -18.6788 33.5328 34
      vertex -19.5 33.9378 -0.4
      vertex -18.6788 33.5328 -0.4
    endloop
  endfacet
  facet normal 0.751791 0.659401 0
    outer loop
      vertex -10.4465 44.2613 34
      vertex -11.0503 44.9497 -0.4
      vertex -11.0503 44.9497 34
    endloop
  endfacet
  facet normal 0.751791 0.659401 0
    outer loop
      vertex -11.0503 44.9497 -0.4
      vertex -10.4465 44.2613 34
      vertex -10.4465 44.2613 -0.4
    endloop
  endfacet
  facet normal 0.831472 -0.555567 0
    outer loop
      vertex -10.4465 35.7387 34
      vertex -9.93782 36.5 -0.4
      vertex -9.93782 36.5 34
    endloop
  endfacet
  facet normal 0.831472 -0.555567 0
    outer loop
      vertex -9.93782 36.5 -0.4
      vertex -10.4465 35.7387 34
      vertex -10.4465 35.7387 -0.4
    endloop
  endfacet
  facet normal 0.442314 -0.89686 0
    outer loop
      vertex -13.3212 33.5328 -0.4
      vertex -12.5 33.9378 34
      vertex -13.3212 33.5328 34
    endloop
  endfacet
  facet normal 0.442314 -0.89686 0
    outer loop
      vertex -12.5 33.9378 34
      vertex -13.3212 33.5328 -0.4
      vertex -12.5 33.9378 -0.4
    endloop
  endfacet
  facet normal 0.3214 -0.946944 0
    outer loop
      vertex -14.1883 33.2385 -0.4
      vertex -13.3212 33.5328 34
      vertex -14.1883 33.2385 34
    endloop
  endfacet
  facet normal 0.3214 -0.946944 0
    outer loop
      vertex -13.3212 33.5328 34
      vertex -14.1883 33.2385 -0.4
      vertex -13.3212 33.5328 -0.4
    endloop
  endfacet
  facet normal -0.0654172 0.997858 0
    outer loop
      vertex -16 47 -0.4
      vertex -16.9137 46.9401 34
      vertex -16 47 34
    endloop
  endfacet
  facet normal -0.0654172 0.997858 0
    outer loop
      vertex -16.9137 46.9401 34
      vertex -16 47 -0.4
      vertex -16.9137 46.9401 -0.4
    endloop
  endfacet
  facet normal -0.659401 0.751791 0
    outer loop
      vertex -20.2613 45.5535 -0.4
      vertex -20.9497 44.9497 34
      vertex -20.2613 45.5535 34
    endloop
  endfacet
  facet normal -0.659401 0.751791 0
    outer loop
      vertex -20.9497 44.9497 34
      vertex -20.2613 45.5535 -0.4
      vertex -20.9497 44.9497 -0.4
    endloop
  endfacet
  facet normal -0.89686 -0.442314 0
    outer loop
      vertex -22.0622 36.5 -0.4
      vertex -22.4672 37.3212 34
      vertex -22.4672 37.3212 -0.4
    endloop
  endfacet
  facet normal -0.89686 -0.442314 0
    outer loop
      vertex -22.4672 37.3212 34
      vertex -22.0622 36.5 -0.4
      vertex -22.0622 36.5 34
    endloop
  endfacet
  facet normal -0.98079 -0.195066 0
    outer loop
      vertex -22.7615 38.1883 -0.4
      vertex -22.9401 39.0863 34
      vertex -22.9401 39.0863 -0.4
    endloop
  endfacet
  facet normal -0.98079 -0.195066 0
    outer loop
      vertex -22.9401 39.0863 34
      vertex -22.7615 38.1883 -0.4
      vertex -22.7615 38.1883 34
    endloop
  endfacet
  facet normal 0.3214 0.946944 -0
    outer loop
      vertex -13.3212 46.4672 -0.4
      vertex -14.1883 46.7615 34
      vertex -13.3212 46.4672 34
    endloop
  endfacet
  facet normal 0.3214 0.946944 0
    outer loop
      vertex -14.1883 46.7615 34
      vertex -13.3212 46.4672 -0.4
      vertex -14.1883 46.7615 -0.4
    endloop
  endfacet
  facet normal -0.997858 0.0654172 0
    outer loop
      vertex -23 40 -0.4
      vertex -22.9401 40.9137 34
      vertex -22.9401 40.9137 -0.4
    endloop
  endfacet
  facet normal -0.997858 0.0654172 0
    outer loop
      vertex -22.9401 40.9137 34
      vertex -23 40 -0.4
      vertex -23 40 34
    endloop
  endfacet
  facet normal 0.555582 -0.831462 0
    outer loop
      vertex -12.5 33.9378 -0.4
      vertex -11.7387 34.4465 34
      vertex -12.5 33.9378 34
    endloop
  endfacet
  facet normal 0.555582 -0.831462 0
    outer loop
      vertex -11.7387 34.4465 34
      vertex -12.5 33.9378 -0.4
      vertex -11.7387 34.4465 -0.4
    endloop
  endfacet
  facet normal 0.0654172 0.997858 -0
    outer loop
      vertex -15.0863 46.9401 -0.4
      vertex -16 47 34
      vertex -15.0863 46.9401 34
    endloop
  endfacet
  facet normal 0.0654172 0.997858 0
    outer loop
      vertex -16 47 34
      vertex -15.0863 46.9401 -0.4
      vertex -16 47 -0.4
    endloop
  endfacet
  facet normal 0.555582 0.831462 -0
    outer loop
      vertex -11.7387 45.5535 -0.4
      vertex -12.5 46.0622 34
      vertex -11.7387 45.5535 34
    endloop
  endfacet
  facet normal 0.555582 0.831462 0
    outer loop
      vertex -12.5 46.0622 34
      vertex -11.7387 45.5535 -0.4
      vertex -12.5 46.0622 -0.4
    endloop
  endfacet
  facet normal 0.946937 0.321419 0
    outer loop
      vertex -9.23852 41.8117 34
      vertex -9.53284 42.6788 -0.4
      vertex -9.53284 42.6788 34
    endloop
  endfacet
  facet normal 0.946937 0.321419 0
    outer loop
      vertex -9.53284 42.6788 -0.4
      vertex -9.23852 41.8117 34
      vertex -9.23852 41.8117 -0.4
    endloop
  endfacet
  facet normal -0.195066 -0.98079 0
    outer loop
      vertex -17.8117 33.2385 -0.4
      vertex -16.9137 33.0599 34
      vertex -17.8117 33.2385 34
    endloop
  endfacet
  facet normal -0.195066 -0.98079 -0
    outer loop
      vertex -16.9137 33.0599 34
      vertex -17.8117 33.2385 -0.4
      vertex -16.9137 33.0599 -0.4
    endloop
  endfacet
  facet normal -0.751791 0.659401 0
    outer loop
      vertex -21.5535 44.2613 -0.4
      vertex -20.9497 44.9497 34
      vertex -20.9497 44.9497 -0.4
    endloop
  endfacet
  facet normal -0.751791 0.659401 0
    outer loop
      vertex -20.9497 44.9497 34
      vertex -21.5535 44.2613 -0.4
      vertex -21.5535 44.2613 34
    endloop
  endfacet
  facet normal -0.195066 0.98079 0
    outer loop
      vertex -16.9137 46.9401 -0.4
      vertex -17.8117 46.7615 34
      vertex -16.9137 46.9401 34
    endloop
  endfacet
  facet normal -0.195066 0.98079 0
    outer loop
      vertex -17.8117 46.7615 34
      vertex -16.9137 46.9401 -0.4
      vertex -17.8117 46.7615 -0.4
    endloop
  endfacet
  facet normal 0.946937 -0.321419 0
    outer loop
      vertex -9.53284 37.3212 34
      vertex -9.23852 38.1883 -0.4
      vertex -9.23852 38.1883 34
    endloop
  endfacet
  facet normal 0.946937 -0.321419 0
    outer loop
      vertex -9.23852 38.1883 -0.4
      vertex -9.53284 37.3212 34
      vertex -9.53284 37.3212 -0.4
    endloop
  endfacet
  facet normal -0.831462 -0.555582 0
    outer loop
      vertex -21.5535 35.7387 -0.4
      vertex -22.0622 36.5 34
      vertex -22.0622 36.5 -0.4
    endloop
  endfacet
  facet normal -0.831462 -0.555582 0
    outer loop
      vertex -22.0622 36.5 34
      vertex -21.5535 35.7387 -0.4
      vertex -21.5535 35.7387 34
    endloop
  endfacet
  facet normal -0.659401 -0.751791 0
    outer loop
      vertex -20.9497 35.0503 -0.4
      vertex -20.2613 34.4465 34
      vertex -20.9497 35.0503 34
    endloop
  endfacet
  facet normal -0.659401 -0.751791 -0
    outer loop
      vertex -20.2613 34.4465 34
      vertex -20.9497 35.0503 -0.4
      vertex -20.2613 34.4465 -0.4
    endloop
  endfacet
  facet normal -0.831462 0.555582 0
    outer loop
      vertex -22.0622 43.5 -0.4
      vertex -21.5535 44.2613 34
      vertex -21.5535 44.2613 -0.4
    endloop
  endfacet
  facet normal -0.831462 0.555582 0
    outer loop
      vertex -21.5535 44.2613 34
      vertex -22.0622 43.5 -0.4
      vertex -22.0622 43.5 34
    endloop
  endfacet
  facet normal -0.3214 -0.946944 0
    outer loop
      vertex -18.6788 33.5328 -0.4
      vertex -17.8117 33.2385 34
      vertex -18.6788 33.5328 34
    endloop
  endfacet
  facet normal -0.3214 -0.946944 -0
    outer loop
      vertex -17.8117 33.2385 34
      vertex -18.6788 33.5328 -0.4
      vertex -17.8117 33.2385 -0.4
    endloop
  endfacet
  facet normal 0 0 1
    outer loop
      vertex -12.4 40 34
      vertex -9 40 34
      vertex -9.05989 40.9137 34
    endloop
  endfacet
  facet normal 0 0 1
    outer loop
      vertex -12.4308 40.4699 34
      vertex -9.05989 40.9137 34
      vertex -9.23852 41.8117 34
    endloop
  endfacet
  facet normal 0 0 1
    outer loop
      vertex -9 40 34
      vertex -12.4 40 34
      vertex -9.05989 39.0863 34
    endloop
  endfacet
  facet normal 0 0 1
    outer loop
      vertex -12.5227 40.9317 34
      vertex -9.23852 41.8117 34
      vertex -9.53284 42.6788 34
    endloop
  endfacet
  facet normal -0 0 1
    outer loop
      vertex -12.4308 39.5301 34
      vertex -9.05989 39.0863 34
      vertex -12.4 40 34
    endloop
  endfacet
  facet normal 0 0 1
    outer loop
      vertex -12.674 41.3777 34
      vertex -9.53284 42.6788 34
      vertex -9.93782 43.5 34
    endloop
  endfacet
  facet normal 0 0 1
    outer loop
      vertex -9.05989 39.0863 34
      vertex -12.4308 39.5301 34
      vertex -9.23852 38.1883 34
    endloop
  endfacet
  facet normal 0 0 1
    outer loop
      vertex -12.8823 41.8 34
      vertex -9.93782 43.5 34
      vertex -10.4465 44.2613 34
    endloop
  endfacet
  facet normal -0 0 1
    outer loop
      vertex -12.5227 39.0683 34
      vertex -9.23852 38.1883 34
      vertex -12.4308 39.5301 34
    endloop
  endfacet
  facet normal 0 0 1
    outer loop
      vertex -13.1439 42.1915 34
      vertex -10.4465 44.2613 34
      vertex -11.0503 44.9497 34
    endloop
  endfacet
  facet normal 0 0 1
    outer loop
      vertex -9.23852 38.1883 34
      vertex -12.5227 39.0683 34
      vertex -9.53284 37.3212 34
    endloop
  endfacet
  facet normal 0 0 1
    outer loop
      vertex -13.4544 42.5456 34
      vertex -11.0503 44.9497 34
      vertex -11.7387 45.5535 34
    endloop
  endfacet
  facet normal -0 0 1
    outer loop
      vertex -12.674 38.6223 34
      vertex -9.53284 37.3212 34
      vertex -12.5227 39.0683 34
    endloop
  endfacet
  facet normal 0 0 1
    outer loop
      vertex -9.53284 37.3212 34
      vertex -12.674 38.6223 34
      vertex -9.93782 36.5 34
    endloop
  endfacet
  facet normal 0 0 1
    outer loop
      vertex -9.05989 40.9137 34
      vertex -12.4308 40.4699 34
      vertex -12.4 40 34
    endloop
  endfacet
  facet normal 0 0 1
    outer loop
      vertex -13.8085 42.8561 34
      vertex -11.7387 45.5535 34
      vertex -12.5 46.0622 34
    endloop
  endfacet
  facet normal 0 0 1
    outer loop
      vertex -9.23852 41.8117 34
      vertex -12.5227 40.9317 34
      vertex -12.4308 40.4699 34
    endloop
  endfacet
  facet normal 0 0 1
    outer loop
      vertex -9.53284 42.6788 34
      vertex -12.674 41.3777 34
      vertex -12.5227 40.9317 34
    endloop
  endfacet
  facet normal 0 0 1
    outer loop
      vertex -9.93782 43.5 34
      vertex -12.8823 41.8 34
      vertex -12.674 41.3777 34
    endloop
  endfacet
  facet normal 0 0 1
    outer loop
      vertex -10.4465 44.2613 34
      vertex -13.1439 42.1915 34
      vertex -12.8823 41.8 34
    endloop
  endfacet
  facet normal 0 0 1
    outer loop
      vertex -14.2 43.1177 34
      vertex -12.5 46.0622 34
      vertex -13.3212 46.4672 34
    endloop
  endfacet
  facet normal 0 0 1
    outer loop
      vertex -11.0503 44.9497 34
      vertex -13.4544 42.5456 34
      vertex -13.1439 42.1915 34
    endloop
  endfacet
  facet normal 0 0 1
    outer loop
      vertex -11.7387 45.5535 34
      vertex -13.8085 42.8561 34
      vertex -13.4544 42.5456 34
    endloop
  endfacet
  facet normal 0 0 1
    outer loop
      vertex -14.6223 43.326 34
      vertex -13.3212 46.4672 34
      vertex -14.1883 46.7615 34
    endloop
  endfacet
  facet normal 0 0 1
    outer loop
      vertex -12.5 46.0622 34
      vertex -14.2 43.1177 34
      vertex -13.8085 42.8561 34
    endloop
  endfacet
  facet normal 0 0 1
    outer loop
      vertex -13.3212 46.4672 34
      vertex -14.6223 43.326 34
      vertex -14.2 43.1177 34
    endloop
  endfacet
  facet normal 0 0 1
    outer loop
      vertex -14.1883 46.7615 34
      vertex -15.0683 43.4773 34
      vertex -14.6223 43.326 34
    endloop
  endfacet
  facet normal 0 0 1
    outer loop
      vertex -15.0863 46.9401 34
      vertex -15.0683 43.4773 34
      vertex -14.1883 46.7615 34
    endloop
  endfacet
  facet normal 0 0 1
    outer loop
      vertex -15.0863 46.9401 34
      vertex -15.5301 43.5692 34
      vertex -15.0683 43.4773 34
    endloop
  endfacet
  facet normal 0 0 1
    outer loop
      vertex -16 47 34
      vertex -15.5301 43.5692 34
      vertex -15.0863 46.9401 34
    endloop
  endfacet
  facet normal 0 0 1
    outer loop
      vertex -16 47 34
      vertex -16 43.6 34
      vertex -15.5301 43.5692 34
    endloop
  endfacet
  facet normal 0 0 1
    outer loop
      vertex -16 47 34
      vertex -16.4699 43.5692 34
      vertex -16 43.6 34
    endloop
  endfacet
  facet normal -0 0 1
    outer loop
      vertex -16.9137 46.9401 34
      vertex -16.4699 43.5692 34
      vertex -16 47 34
    endloop
  endfacet
  facet normal 0 0 1
    outer loop
      vertex -16.9137 46.9401 34
      vertex -16.9317 43.4773 34
      vertex -16.4699 43.5692 34
    endloop
  endfacet
  facet normal -0 0 1
    outer loop
      vertex -17.8117 46.7615 34
      vertex -16.9317 43.4773 34
      vertex -16.9137 46.9401 34
    endloop
  endfacet
  facet normal 0 0 1
    outer loop
      vertex -16.9317 43.4773 34
      vertex -17.8117 46.7615 34
      vertex -17.3777 43.326 34
    endloop
  endfacet
  facet normal -0 0 1
    outer loop
      vertex -18.6788 46.4672 34
      vertex -17.3777 43.326 34
      vertex -17.8117 46.7615 34
    endloop
  endfacet
  facet normal 0 0 1
    outer loop
      vertex -17.3777 43.326 34
      vertex -18.6788 46.4672 34
      vertex -17.8 43.1177 34
    endloop
  endfacet
  facet normal -0 0 1
    outer loop
      vertex -19.5 46.0622 34
      vertex -17.8 43.1177 34
      vertex -18.6788 46.4672 34
    endloop
  endfacet
  facet normal 0 0 1
    outer loop
      vertex -17.8 43.1177 34
      vertex -19.5 46.0622 34
      vertex -18.1915 42.8561 34
    endloop
  endfacet
  facet normal -0 0 1
    outer loop
      vertex -20.2613 45.5535 34
      vertex -18.1915 42.8561 34
      vertex -19.5 46.0622 34
    endloop
  endfacet
  facet normal 0 0 1
    outer loop
      vertex -18.1915 42.8561 34
      vertex -20.2613 45.5535 34
      vertex -18.5456 42.5456 34
    endloop
  endfacet
  facet normal -0 0 1
    outer loop
      vertex -20.9497 44.9497 34
      vertex -18.5456 42.5456 34
      vertex -20.2613 45.5535 34
    endloop
  endfacet
  facet normal 0 0 1
    outer loop
      vertex -18.5456 42.5456 34
      vertex -20.9497 44.9497 34
      vertex -18.8561 42.1915 34
    endloop
  endfacet
  facet normal -0 0 1
    outer loop
      vertex -21.5535 44.2613 34
      vertex -18.8561 42.1915 34
      vertex -20.9497 44.9497 34
    endloop
  endfacet
  facet normal 0 0 1
    outer loop
      vertex -18.8561 42.1915 34
      vertex -21.5535 44.2613 34
      vertex -19.1177 41.8 34
    endloop
  endfacet
  facet normal -0 0 1
    outer loop
      vertex -22.0622 43.5 34
      vertex -19.1177 41.8 34
      vertex -21.5535 44.2613 34
    endloop
  endfacet
  facet normal 0 0 1
    outer loop
      vertex -19.1177 41.8 34
      vertex -22.0622 43.5 34
      vertex -19.326 41.3777 34
    endloop
  endfacet
  facet normal -0 0 1
    outer loop
      vertex -12.8823 38.2 34
      vertex -9.93782 36.5 34
      vertex -12.674 38.6223 34
    endloop
  endfacet
  facet normal 0 0 1
    outer loop
      vertex -9.93782 36.5 34
      vertex -12.8823 38.2 34
      vertex -10.4465 35.7387 34
    endloop
  endfacet
  facet normal -0 0 1
    outer loop
      vertex -13.1439 37.8085 34
      vertex -10.4465 35.7387 34
      vertex -12.8823 38.2 34
    endloop
  endfacet
  facet normal 0 0 1
    outer loop
      vertex -10.4465 35.7387 34
      vertex -13.1439 37.8085 34
      vertex -11.0503 35.0503 34
    endloop
  endfacet
  facet normal -0 0 1
    outer loop
      vertex -13.4544 37.4544 34
      vertex -11.0503 35.0503 34
      vertex -13.1439 37.8085 34
    endloop
  endfacet
  facet normal 0 0 1
    outer loop
      vertex -11.0503 35.0503 34
      vertex -13.4544 37.4544 34
      vertex -11.7387 34.4465 34
    endloop
  endfacet
  facet normal -0 0 1
    outer loop
      vertex -13.8085 37.1439 34
      vertex -11.7387 34.4465 34
      vertex -13.4544 37.4544 34
    endloop
  endfacet
  facet normal 0 0 1
    outer loop
      vertex -11.7387 34.4465 34
      vertex -13.8085 37.1439 34
      vertex -12.5 33.9378 34
    endloop
  endfacet
  facet normal -0 0 1
    outer loop
      vertex -14.2 36.8823 34
      vertex -12.5 33.9378 34
      vertex -13.8085 37.1439 34
    endloop
  endfacet
  facet normal 0 0 1
    outer loop
      vertex -12.5 33.9378 34
      vertex -14.2 36.8823 34
      vertex -13.3212 33.5328 34
    endloop
  endfacet
  facet normal -0 0 1
    outer loop
      vertex -14.6223 36.674 34
      vertex -13.3212 33.5328 34
      vertex -14.2 36.8823 34
    endloop
  endfacet
  facet normal 0 0 1
    outer loop
      vertex -13.3212 33.5328 34
      vertex -14.6223 36.674 34
      vertex -14.1883 33.2385 34
    endloop
  endfacet
  facet normal -0 0 1
    outer loop
      vertex -15.0683 36.5227 34
      vertex -14.1883 33.2385 34
      vertex -14.6223 36.674 34
    endloop
  endfacet
  facet normal 0 0 1
    outer loop
      vertex -15.0683 36.5227 34
      vertex -15.0863 33.0599 34
      vertex -14.1883 33.2385 34
    endloop
  endfacet
  facet normal -0 0 1
    outer loop
      vertex -15.5301 36.4308 34
      vertex -15.0863 33.0599 34
      vertex -15.0683 36.5227 34
    endloop
  endfacet
  facet normal -0 0 1
    outer loop
      vertex -16 36.4 34
      vertex -15.0863 33.0599 34
      vertex -15.5301 36.4308 34
    endloop
  endfacet
  facet normal 0 0 1
    outer loop
      vertex -16 36.4 34
      vertex -16 33 34
      vertex -15.0863 33.0599 34
    endloop
  endfacet
  facet normal 0 0 1
    outer loop
      vertex -16.4699 36.4308 34
      vertex -16 33 34
      vertex -16 36.4 34
    endloop
  endfacet
  facet normal 0 0 1
    outer loop
      vertex -16.4699 36.4308 34
      vertex -16.9137 33.0599 34
      vertex -16 33 34
    endloop
  endfacet
  facet normal 0 0 1
    outer loop
      vertex -16.9317 36.5227 34
      vertex -16.9137 33.0599 34
      vertex -16.4699 36.4308 34
    endloop
  endfacet
  facet normal 0 0 1
    outer loop
      vertex -17.8117 33.2385 34
      vertex -16.9317 36.5227 34
      vertex -17.3777 36.674 34
    endloop
  endfacet
  facet normal 0 0 1
    outer loop
      vertex -18.6788 33.5328 34
      vertex -17.3777 36.674 34
      vertex -17.8 36.8823 34
    endloop
  endfacet
  facet normal 0 0 1
    outer loop
      vertex -16.9317 36.5227 34
      vertex -17.8117 33.2385 34
      vertex -16.9137 33.0599 34
    endloop
  endfacet
  facet normal 0 0 1
    outer loop
      vertex -19.5 33.9378 34
      vertex -17.8 36.8823 34
      vertex -18.1915 37.1439 34
    endloop
  endfacet
  facet normal 0 0 1
    outer loop
      vertex -20.2613 34.4465 34
      vertex -18.1915 37.1439 34
      vertex -18.5456 37.4544 34
    endloop
  endfacet
  facet normal 0 0 1
    outer loop
      vertex -17.3777 36.674 34
      vertex -18.6788 33.5328 34
      vertex -17.8117 33.2385 34
    endloop
  endfacet
  facet normal 0 0 1
    outer loop
      vertex -20.9497 35.0503 34
      vertex -18.5456 37.4544 34
      vertex -18.8561 37.8085 34
    endloop
  endfacet
  facet normal 0 0 1
    outer loop
      vertex -21.5535 35.7387 34
      vertex -18.8561 37.8085 34
      vertex -19.1177 38.2 34
    endloop
  endfacet
  facet normal 0 0 1
    outer loop
      vertex -22.0622 36.5 34
      vertex -19.1177 38.2 34
      vertex -19.326 38.6223 34
    endloop
  endfacet
  facet normal 0 0 1
    outer loop
      vertex -22.4672 37.3212 34
      vertex -19.326 38.6223 34
      vertex -19.4773 39.0683 34
    endloop
  endfacet
  facet normal 0 0 1
    outer loop
      vertex -17.8 36.8823 34
      vertex -19.5 33.9378 34
      vertex -18.6788 33.5328 34
    endloop
  endfacet
  facet normal 0 0 1
    outer loop
      vertex -22.7615 38.1883 34
      vertex -19.4773 39.0683 34
      vertex -19.5692 39.5301 34
    endloop
  endfacet
  facet normal 0 0 1
    outer loop
      vertex -22.9401 39.0863 34
      vertex -19.5692 39.5301 34
      vertex -19.6 40 34
    endloop
  endfacet
  facet normal -0 0 1
    outer loop
      vertex -22.4672 42.6788 34
      vertex -19.326 41.3777 34
      vertex -22.0622 43.5 34
    endloop
  endfacet
  facet normal 0 0 1
    outer loop
      vertex -18.1915 37.1439 34
      vertex -20.2613 34.4465 34
      vertex -19.5 33.9378 34
    endloop
  endfacet
  facet normal 0 0 1
    outer loop
      vertex -19.326 41.3777 34
      vertex -22.4672 42.6788 34
      vertex -19.4773 40.9317 34
    endloop
  endfacet
  facet normal 0 0 1
    outer loop
      vertex -18.5456 37.4544 34
      vertex -20.9497 35.0503 34
      vertex -20.2613 34.4465 34
    endloop
  endfacet
  facet normal -0 0 1
    outer loop
      vertex -22.7615 41.8117 34
      vertex -19.4773 40.9317 34
      vertex -22.4672 42.6788 34
    endloop
  endfacet
  facet normal 0 0 1
    outer loop
      vertex -18.8561 37.8085 34
      vertex -21.5535 35.7387 34
      vertex -20.9497 35.0503 34
    endloop
  endfacet
  facet normal 0 0 1
    outer loop
      vertex -19.4773 40.9317 34
      vertex -22.7615 41.8117 34
      vertex -19.5692 40.4699 34
    endloop
  endfacet
  facet normal 0 0 1
    outer loop
      vertex -19.1177 38.2 34
      vertex -22.0622 36.5 34
      vertex -21.5535 35.7387 34
    endloop
  endfacet
  facet normal -0 0 1
    outer loop
      vertex -22.9401 40.9137 34
      vertex -19.5692 40.4699 34
      vertex -22.7615 41.8117 34
    endloop
  endfacet
  facet normal 0 0 1
    outer loop
      vertex -19.326 38.6223 34
      vertex -22.4672 37.3212 34
      vertex -22.0622 36.5 34
    endloop
  endfacet
  facet normal 0 0 1
    outer loop
      vertex -19.5692 40.4699 34
      vertex -22.9401 40.9137 34
      vertex -19.6 40 34
    endloop
  endfacet
  facet normal 0 0 1
    outer loop
      vertex -19.4773 39.0683 34
      vertex -22.7615 38.1883 34
      vertex -22.4672 37.3212 34
    endloop
  endfacet
  facet normal 0 0 1
    outer loop
      vertex -23 40 34
      vertex -19.6 40 34
      vertex -22.9401 40.9137 34
    endloop
  endfacet
  facet normal 0 0 1
    outer loop
      vertex -19.5692 39.5301 34
      vertex -22.9401 39.0863 34
      vertex -22.7615 38.1883 34
    endloop
  endfacet
  facet normal 0 0 1
    outer loop
      vertex -19.6 40 34
      vertex -23 40 34
      vertex -22.9401 39.0863 34
    endloop
  endfacet
  facet normal -0.946993 -0.321256 0
    outer loop
      vertex -12.5227 40.9317 9.9
      vertex -12.674 41.3777 34
      vertex -12.674 41.3777 9.9
    endloop
  endfacet
  facet normal -0.946993 -0.321256 0
    outer loop
      vertex -12.674 41.3777 34
      vertex -12.5227 40.9317 9.9
      vertex -12.5227 40.9317 34
    endloop
  endfacet
  facet normal -0.831462 -0.555582 0
    outer loop
      vertex -12.8823 41.8 9.9
      vertex -13.1439 42.1915 34
      vertex -13.1439 42.1915 9.9
    endloop
  endfacet
  facet normal -0.831462 -0.555582 0
    outer loop
      vertex -13.1439 42.1915 34
      vertex -12.8823 41.8 9.9
      vertex -12.8823 41.8 34
    endloop
  endfacet
  facet normal -0.321256 -0.946993 0
    outer loop
      vertex -15.0683 43.4773 9.9
      vertex -14.6223 43.326 34
      vertex -15.0683 43.4773 34
    endloop
  endfacet
  facet normal -0.321256 -0.946993 -0
    outer loop
      vertex -14.6223 43.326 34
      vertex -15.0683 43.4773 9.9
      vertex -14.6223 43.326 9.9
    endloop
  endfacet
  facet normal -0.321256 0.946993 0
    outer loop
      vertex -14.6223 36.674 9.9
      vertex -15.0683 36.5227 34
      vertex -14.6223 36.674 34
    endloop
  endfacet
  facet normal -0.321256 0.946993 0
    outer loop
      vertex -15.0683 36.5227 34
      vertex -14.6223 36.674 9.9
      vertex -15.0683 36.5227 9.9
    endloop
  endfacet
  facet normal -0.896835 -0.442365 0
    outer loop
      vertex -12.674 41.3777 9.9
      vertex -12.8823 41.8 34
      vertex -12.8823 41.8 9.9
    endloop
  endfacet
  facet normal -0.896835 -0.442365 0
    outer loop
      vertex -12.8823 41.8 34
      vertex -12.674 41.3777 9.9
      vertex -12.674 41.3777 34
    endloop
  endfacet
  facet normal -0.997859 -0.0654055 0
    outer loop
      vertex -12.4 40 9.9
      vertex -12.4308 40.4699 34
      vertex -12.4308 40.4699 9.9
    endloop
  endfacet
  facet normal -0.997859 -0.0654055 0
    outer loop
      vertex -12.4308 40.4699 34
      vertex -12.4 40 9.9
      vertex -12.4 40 34
    endloop
  endfacet
  facet normal 0.896835 0.442365 0
    outer loop
      vertex -19.1177 38.2 34
      vertex -19.326 38.6223 9.9
      vertex -19.326 38.6223 34
    endloop
  endfacet
  facet normal 0.896835 0.442365 0
    outer loop
      vertex -19.326 38.6223 9.9
      vertex -19.1177 38.2 34
      vertex -19.1177 38.2 9.9
    endloop
  endfacet
  facet normal 0.555582 -0.831462 0
    outer loop
      vertex -18.1915 42.8561 9.9
      vertex -17.8 43.1177 34
      vertex -18.1915 42.8561 34
    endloop
  endfacet
  facet normal 0.555582 -0.831462 0
    outer loop
      vertex -17.8 43.1177 34
      vertex -18.1915 42.8561 9.9
      vertex -17.8 43.1177 9.9
    endloop
  endfacet
  facet normal -0.980768 0.195177 0
    outer loop
      vertex -12.5227 39.0683 9.9
      vertex -12.4308 39.5301 34
      vertex -12.4308 39.5301 9.9
    endloop
  endfacet
  facet normal -0.980768 0.195177 0
    outer loop
      vertex -12.4308 39.5301 34
      vertex -12.5227 39.0683 9.9
      vertex -12.5227 39.0683 34
    endloop
  endfacet
  facet normal 0.659301 -0.751879 0
    outer loop
      vertex -18.5456 42.5456 9.9
      vertex -18.1915 42.8561 34
      vertex -18.5456 42.5456 34
    endloop
  endfacet
  facet normal 0.659301 -0.751879 0
    outer loop
      vertex -18.1915 42.8561 34
      vertex -18.5456 42.5456 9.9
      vertex -18.1915 42.8561 9.9
    endloop
  endfacet
  facet normal -0.555582 0.831462 0
    outer loop
      vertex -13.8085 37.1439 9.9
      vertex -14.2 36.8823 34
      vertex -13.8085 37.1439 34
    endloop
  endfacet
  facet normal -0.555582 0.831462 0
    outer loop
      vertex -14.2 36.8823 34
      vertex -13.8085 37.1439 9.9
      vertex -14.2 36.8823 9.9
    endloop
  endfacet
  facet normal 0.195177 -0.980768 0
    outer loop
      vertex -16.9317 43.4773 9.9
      vertex -16.4699 43.5692 34
      vertex -16.9317 43.4773 34
    endloop
  endfacet
  facet normal 0.195177 -0.980768 0
    outer loop
      vertex -16.4699 43.5692 34
      vertex -16.9317 43.4773 9.9
      vertex -16.4699 43.5692 9.9
    endloop
  endfacet
  facet normal 0.997859 0.0654055 0
    outer loop
      vertex -19.5692 39.5301 34
      vertex -19.6 40 9.9
      vertex -19.6 40 34
    endloop
  endfacet
  facet normal 0.997859 0.0654055 0
    outer loop
      vertex -19.6 40 9.9
      vertex -19.5692 39.5301 34
      vertex -19.5692 39.5301 9.9
    endloop
  endfacet
  facet normal 0.321256 0.946993 -0
    outer loop
      vertex -16.9317 36.5227 9.9
      vertex -17.3777 36.674 34
      vertex -16.9317 36.5227 34
    endloop
  endfacet
  facet normal 0.321256 0.946993 0
    outer loop
      vertex -17.3777 36.674 34
      vertex -16.9317 36.5227 9.9
      vertex -17.3777 36.674 9.9
    endloop
  endfacet
  facet normal -0.195177 0.980768 0
    outer loop
      vertex -15.0683 36.5227 9.9
      vertex -15.5301 36.4308 34
      vertex -15.0683 36.5227 34
    endloop
  endfacet
  facet normal -0.195177 0.980768 0
    outer loop
      vertex -15.5301 36.4308 34
      vertex -15.0683 36.5227 9.9
      vertex -15.5301 36.4308 9.9
    endloop
  endfacet
  facet normal 0.442365 -0.896835 0
    outer loop
      vertex -17.8 43.1177 9.9
      vertex -17.3777 43.326 34
      vertex -17.8 43.1177 34
    endloop
  endfacet
  facet normal 0.442365 -0.896835 0
    outer loop
      vertex -17.3777 43.326 34
      vertex -17.8 43.1177 9.9
      vertex -17.3777 43.326 9.9
    endloop
  endfacet
  facet normal 0.195177 0.980768 -0
    outer loop
      vertex -16.4699 36.4308 9.9
      vertex -16.9317 36.5227 34
      vertex -16.4699 36.4308 34
    endloop
  endfacet
  facet normal 0.195177 0.980768 0
    outer loop
      vertex -16.9317 36.5227 34
      vertex -16.4699 36.4308 9.9
      vertex -16.9317 36.5227 9.9
    endloop
  endfacet
  facet normal -0.442365 0.896835 0
    outer loop
      vertex -14.2 36.8823 9.9
      vertex -14.6223 36.674 34
      vertex -14.2 36.8823 34
    endloop
  endfacet
  facet normal -0.442365 0.896835 0
    outer loop
      vertex -14.6223 36.674 34
      vertex -14.2 36.8823 9.9
      vertex -14.6223 36.674 9.9
    endloop
  endfacet
  facet normal 0.980768 0.195177 0
    outer loop
      vertex -19.4773 39.0683 34
      vertex -19.5692 39.5301 9.9
      vertex -19.5692 39.5301 34
    endloop
  endfacet
  facet normal 0.980768 0.195177 0
    outer loop
      vertex -19.5692 39.5301 9.9
      vertex -19.4773 39.0683 34
      vertex -19.4773 39.0683 9.9
    endloop
  endfacet
  facet normal -0.997859 0.0654055 0
    outer loop
      vertex -12.4308 39.5301 9.9
      vertex -12.4 40 34
      vertex -12.4 40 9.9
    endloop
  endfacet
  facet normal -0.997859 0.0654055 0
    outer loop
      vertex -12.4 40 34
      vertex -12.4308 39.5301 9.9
      vertex -12.4308 39.5301 34
    endloop
  endfacet
  facet normal 0.555582 0.831462 -0
    outer loop
      vertex -17.8 36.8823 9.9
      vertex -18.1915 37.1439 34
      vertex -17.8 36.8823 34
    endloop
  endfacet
  facet normal 0.555582 0.831462 0
    outer loop
      vertex -18.1915 37.1439 34
      vertex -17.8 36.8823 9.9
      vertex -18.1915 37.1439 9.9
    endloop
  endfacet
  facet normal -0.751879 0.659301 0
    outer loop
      vertex -13.4544 37.4544 9.9
      vertex -13.1439 37.8085 34
      vertex -13.1439 37.8085 9.9
    endloop
  endfacet
  facet normal -0.751879 0.659301 0
    outer loop
      vertex -13.1439 37.8085 34
      vertex -13.4544 37.4544 9.9
      vertex -13.4544 37.4544 34
    endloop
  endfacet
  facet normal -0.831462 0.555582 0
    outer loop
      vertex -13.1439 37.8085 9.9
      vertex -12.8823 38.2 34
      vertex -12.8823 38.2 9.9
    endloop
  endfacet
  facet normal -0.831462 0.555582 0
    outer loop
      vertex -12.8823 38.2 34
      vertex -13.1439 37.8085 9.9
      vertex -13.1439 37.8085 34
    endloop
  endfacet
  facet normal -0.442365 -0.896835 0
    outer loop
      vertex -14.6223 43.326 9.9
      vertex -14.2 43.1177 34
      vertex -14.6223 43.326 34
    endloop
  endfacet
  facet normal -0.442365 -0.896835 -0
    outer loop
      vertex -14.2 43.1177 34
      vertex -14.6223 43.326 9.9
      vertex -14.2 43.1177 9.9
    endloop
  endfacet
  facet normal 0.751879 0.659301 0
    outer loop
      vertex -18.5456 37.4544 34
      vertex -18.8561 37.8085 9.9
      vertex -18.8561 37.8085 34
    endloop
  endfacet
  facet normal 0.751879 0.659301 0
    outer loop
      vertex -18.8561 37.8085 9.9
      vertex -18.5456 37.4544 34
      vertex -18.5456 37.4544 9.9
    endloop
  endfacet
  facet normal 0.751879 -0.659301 0
    outer loop
      vertex -18.8561 42.1915 34
      vertex -18.5456 42.5456 9.9
      vertex -18.5456 42.5456 34
    endloop
  endfacet
  facet normal 0.751879 -0.659301 0
    outer loop
      vertex -18.5456 42.5456 9.9
      vertex -18.8561 42.1915 34
      vertex -18.8561 42.1915 9.9
    endloop
  endfacet
  facet normal -0.946993 0.321256 0
    outer loop
      vertex -12.674 38.6223 9.9
      vertex -12.5227 39.0683 34
      vertex -12.5227 39.0683 9.9
    endloop
  endfacet
  facet normal -0.946993 0.321256 0
    outer loop
      vertex -12.5227 39.0683 34
      vertex -12.674 38.6223 9.9
      vertex -12.674 38.6223 34
    endloop
  endfacet
  facet normal -0.980768 -0.195177 0
    outer loop
      vertex -12.4308 40.4699 9.9
      vertex -12.5227 40.9317 34
      vertex -12.5227 40.9317 9.9
    endloop
  endfacet
  facet normal -0.980768 -0.195177 0
    outer loop
      vertex -12.5227 40.9317 34
      vertex -12.4308 40.4699 9.9
      vertex -12.4308 40.4699 34
    endloop
  endfacet
  facet normal 0.831462 0.555582 0
    outer loop
      vertex -18.8561 37.8085 34
      vertex -19.1177 38.2 9.9
      vertex -19.1177 38.2 34
    endloop
  endfacet
  facet normal 0.831462 0.555582 0
    outer loop
      vertex -19.1177 38.2 9.9
      vertex -18.8561 37.8085 34
      vertex -18.8561 37.8085 9.9
    endloop
  endfacet
  facet normal -0.896835 0.442365 0
    outer loop
      vertex -12.8823 38.2 9.9
      vertex -12.674 38.6223 34
      vertex -12.674 38.6223 9.9
    endloop
  endfacet
  facet normal -0.896835 0.442365 0
    outer loop
      vertex -12.674 38.6223 34
      vertex -12.8823 38.2 9.9
      vertex -12.8823 38.2 34
    endloop
  endfacet
  facet normal 0.0654055 0.997859 -0
    outer loop
      vertex -16 36.4 9.9
      vertex -16.4699 36.4308 34
      vertex -16 36.4 34
    endloop
  endfacet
  facet normal 0.0654055 0.997859 0
    outer loop
      vertex -16.4699 36.4308 34
      vertex -16 36.4 9.9
      vertex -16.4699 36.4308 9.9
    endloop
  endfacet
  facet normal -0.0654055 0.997859 0
    outer loop
      vertex -15.5301 36.4308 9.9
      vertex -16 36.4 34
      vertex -15.5301 36.4308 34
    endloop
  endfacet
  facet normal -0.0654055 0.997859 0
    outer loop
      vertex -16 36.4 34
      vertex -15.5301 36.4308 9.9
      vertex -16 36.4 9.9
    endloop
  endfacet
  facet normal -0.195177 -0.980768 0
    outer loop
      vertex -15.5301 43.5692 9.9
      vertex -15.0683 43.4773 34
      vertex -15.5301 43.5692 34
    endloop
  endfacet
  facet normal -0.195177 -0.980768 -0
    outer loop
      vertex -15.0683 43.4773 34
      vertex -15.5301 43.5692 9.9
      vertex -15.0683 43.4773 9.9
    endloop
  endfacet
  facet normal -0.659301 0.751879 0
    outer loop
      vertex -13.4544 37.4544 9.9
      vertex -13.8085 37.1439 34
      vertex -13.4544 37.4544 34
    endloop
  endfacet
  facet normal -0.659301 0.751879 0
    outer loop
      vertex -13.8085 37.1439 34
      vertex -13.4544 37.4544 9.9
      vertex -13.8085 37.1439 9.9
    endloop
  endfacet
  facet normal 0 0 1
    outer loop
      vertex -12.4308 40.4699 9.9
      vertex -12.4308 39.5301 9.9
      vertex -12.4 40 9.9
    endloop
  endfacet
  facet normal 0 0 1
    outer loop
      vertex -12.5227 40.9317 9.9
      vertex -12.4308 39.5301 9.9
      vertex -12.4308 40.4699 9.9
    endloop
  endfacet
  facet normal 0 0 1
    outer loop
      vertex -12.5227 40.9317 9.9
      vertex -12.5227 39.0683 9.9
      vertex -12.4308 39.5301 9.9
    endloop
  endfacet
  facet normal 0 0 1
    outer loop
      vertex -12.674 41.3777 9.9
      vertex -12.5227 39.0683 9.9
      vertex -12.5227 40.9317 9.9
    endloop
  endfacet
  facet normal 0 0 1
    outer loop
      vertex -12.674 41.3777 9.9
      vertex -12.674 38.6223 9.9
      vertex -12.5227 39.0683 9.9
    endloop
  endfacet
  facet normal 0 0 1
    outer loop
      vertex -12.8823 41.8 9.9
      vertex -12.674 38.6223 9.9
      vertex -12.674 41.3777 9.9
    endloop
  endfacet
  facet normal 0 0 1
    outer loop
      vertex -12.8823 41.8 9.9
      vertex -12.8823 38.2 9.9
      vertex -12.674 38.6223 9.9
    endloop
  endfacet
  facet normal 0 0 1
    outer loop
      vertex -13.1439 42.1915 9.9
      vertex -12.8823 38.2 9.9
      vertex -12.8823 41.8 9.9
    endloop
  endfacet
  facet normal 0 0 1
    outer loop
      vertex -13.1439 42.1915 9.9
      vertex -13.1439 37.8085 9.9
      vertex -12.8823 38.2 9.9
    endloop
  endfacet
  facet normal 0 0 1
    outer loop
      vertex -13.4544 42.5456 9.9
      vertex -13.1439 37.8085 9.9
      vertex -13.1439 42.1915 9.9
    endloop
  endfacet
  facet normal 0 0 1
    outer loop
      vertex -13.4544 42.5456 9.9
      vertex -13.4544 37.4544 9.9
      vertex -13.1439 37.8085 9.9
    endloop
  endfacet
  facet normal 0 0 1
    outer loop
      vertex -13.8085 42.8561 9.9
      vertex -13.4544 37.4544 9.9
      vertex -13.4544 42.5456 9.9
    endloop
  endfacet
  facet normal 0 0 1
    outer loop
      vertex -13.8085 42.8561 9.9
      vertex -13.8085 37.1439 9.9
      vertex -13.4544 37.4544 9.9
    endloop
  endfacet
  facet normal 0 0 1
    outer loop
      vertex -14.2 43.1177 9.9
      vertex -13.8085 37.1439 9.9
      vertex -13.8085 42.8561 9.9
    endloop
  endfacet
  facet normal 0 0 1
    outer loop
      vertex -14.2 43.1177 9.9
      vertex -14.2 36.8823 9.9
      vertex -13.8085 37.1439 9.9
    endloop
  endfacet
  facet normal 0 0 1
    outer loop
      vertex -14.6223 43.326 9.9
      vertex -14.2 36.8823 9.9
      vertex -14.2 43.1177 9.9
    endloop
  endfacet
  facet normal 0 0 1
    outer loop
      vertex -14.6223 43.326 9.9
      vertex -14.6223 36.674 9.9
      vertex -14.2 36.8823 9.9
    endloop
  endfacet
  facet normal 0 0 1
    outer loop
      vertex -15.0683 43.4773 9.9
      vertex -14.6223 36.674 9.9
      vertex -14.6223 43.326 9.9
    endloop
  endfacet
  facet normal 0 0 1
    outer loop
      vertex -15.0683 43.4773 9.9
      vertex -15.0683 36.5227 9.9
      vertex -14.6223 36.674 9.9
    endloop
  endfacet
  facet normal 0 0 1
    outer loop
      vertex -15.5301 43.5692 9.9
      vertex -15.0683 36.5227 9.9
      vertex -15.0683 43.4773 9.9
    endloop
  endfacet
  facet normal 0 0 1
    outer loop
      vertex -15.5301 43.5692 9.9
      vertex -15.5301 36.4308 9.9
      vertex -15.0683 36.5227 9.9
    endloop
  endfacet
  facet normal 0 0 1
    outer loop
      vertex -16 43.6 9.9
      vertex -15.5301 36.4308 9.9
      vertex -15.5301 43.5692 9.9
    endloop
  endfacet
  facet normal 0 0 1
    outer loop
      vertex -16 43.6 9.9
      vertex -16 36.4 9.9
      vertex -15.5301 36.4308 9.9
    endloop
  endfacet
  facet normal -0 0 1
    outer loop
      vertex -16.4699 43.5692 9.9
      vertex -16 36.4 9.9
      vertex -16 43.6 9.9
    endloop
  endfacet
  facet normal 0 0 1
    outer loop
      vertex -16.4699 43.5692 9.9
      vertex -16.4699 36.4308 9.9
      vertex -16 36.4 9.9
    endloop
  endfacet
  facet normal -0 0 1
    outer loop
      vertex -16.9317 43.4773 9.9
      vertex -16.4699 36.4308 9.9
      vertex -16.4699 43.5692 9.9
    endloop
  endfacet
  facet normal 0 0 1
    outer loop
      vertex -16.9317 43.4773 9.9
      vertex -16.9317 36.5227 9.9
      vertex -16.4699 36.4308 9.9
    endloop
  endfacet
  facet normal -0 0 1
    outer loop
      vertex -17.3777 43.326 9.9
      vertex -16.9317 36.5227 9.9
      vertex -16.9317 43.4773 9.9
    endloop
  endfacet
  facet normal 0 0 1
    outer loop
      vertex -17.3777 43.326 9.9
      vertex -17.3777 36.674 9.9
      vertex -16.9317 36.5227 9.9
    endloop
  endfacet
  facet normal -0 0 1
    outer loop
      vertex -17.8 43.1177 9.9
      vertex -17.3777 36.674 9.9
      vertex -17.3777 43.326 9.9
    endloop
  endfacet
  facet normal 0 0 1
    outer loop
      vertex -17.8 43.1177 9.9
      vertex -17.8 36.8823 9.9
      vertex -17.3777 36.674 9.9
    endloop
  endfacet
  facet normal -0 0 1
    outer loop
      vertex -18.1915 42.8561 9.9
      vertex -17.8 36.8823 9.9
      vertex -17.8 43.1177 9.9
    endloop
  endfacet
  facet normal 0 0 1
    outer loop
      vertex -18.1915 42.8561 9.9
      vertex -18.1915 37.1439 9.9
      vertex -17.8 36.8823 9.9
    endloop
  endfacet
  facet normal -0 0 1
    outer loop
      vertex -18.5456 42.5456 9.9
      vertex -18.1915 37.1439 9.9
      vertex -18.1915 42.8561 9.9
    endloop
  endfacet
  facet normal 0 0 1
    outer loop
      vertex -18.5456 42.5456 9.9
      vertex -18.5456 37.4544 9.9
      vertex -18.1915 37.1439 9.9
    endloop
  endfacet
  facet normal -0 0 1
    outer loop
      vertex -18.8561 42.1915 9.9
      vertex -18.5456 37.4544 9.9
      vertex -18.5456 42.5456 9.9
    endloop
  endfacet
  facet normal 0 0 1
    outer loop
      vertex -18.8561 42.1915 9.9
      vertex -18.8561 37.8085 9.9
      vertex -18.5456 37.4544 9.9
    endloop
  endfacet
  facet normal -0 0 1
    outer loop
      vertex -19.1177 41.8 9.9
      vertex -18.8561 37.8085 9.9
      vertex -18.8561 42.1915 9.9
    endloop
  endfacet
  facet normal 0 0 1
    outer loop
      vertex -19.1177 41.8 9.9
      vertex -19.1177 38.2 9.9
      vertex -18.8561 37.8085 9.9
    endloop
  endfacet
  facet normal -0 0 1
    outer loop
      vertex -19.326 41.3777 9.9
      vertex -19.1177 38.2 9.9
      vertex -19.1177 41.8 9.9
    endloop
  endfacet
  facet normal 0 0 1
    outer loop
      vertex -19.326 41.3777 9.9
      vertex -19.326 38.6223 9.9
      vertex -19.1177 38.2 9.9
    endloop
  endfacet
  facet normal -0 0 1
    outer loop
      vertex -19.4773 40.9317 9.9
      vertex -19.326 38.6223 9.9
      vertex -19.326 41.3777 9.9
    endloop
  endfacet
  facet normal 0 0 1
    outer loop
      vertex -19.4773 40.9317 9.9
      vertex -19.4773 39.0683 9.9
      vertex -19.326 38.6223 9.9
    endloop
  endfacet
  facet normal -0 0 1
    outer loop
      vertex -19.5692 40.4699 9.9
      vertex -19.4773 39.0683 9.9
      vertex -19.4773 40.9317 9.9
    endloop
  endfacet
  facet normal 0 0 1
    outer loop
      vertex -19.5692 40.4699 9.9
      vertex -19.5692 39.5301 9.9
      vertex -19.4773 39.0683 9.9
    endloop
  endfacet
  facet normal 0 -0 1
    outer loop
      vertex -19.5692 39.5301 9.9
      vertex -19.5692 40.4699 9.9
      vertex -19.6 40 9.9
    endloop
  endfacet
  facet normal -0.555582 -0.831462 0
    outer loop
      vertex -14.2 43.1177 9.9
      vertex -13.8085 42.8561 34
      vertex -14.2 43.1177 34
    endloop
  endfacet
  facet normal -0.555582 -0.831462 -0
    outer loop
      vertex -13.8085 42.8561 34
      vertex -14.2 43.1177 9.9
      vertex -13.8085 42.8561 9.9
    endloop
  endfacet
  facet normal 0.442365 0.896835 -0
    outer loop
      vertex -17.3777 36.674 9.9
      vertex -17.8 36.8823 34
      vertex -17.3777 36.674 34
    endloop
  endfacet
  facet normal 0.442365 0.896835 0
    outer loop
      vertex -17.8 36.8823 34
      vertex -17.3777 36.674 9.9
      vertex -17.8 36.8823 9.9
    endloop
  endfacet
  facet normal 0.321256 -0.946993 0
    outer loop
      vertex -17.3777 43.326 9.9
      vertex -16.9317 43.4773 34
      vertex -17.3777 43.326 34
    endloop
  endfacet
  facet normal 0.321256 -0.946993 0
    outer loop
      vertex -16.9317 43.4773 34
      vertex -17.3777 43.326 9.9
      vertex -16.9317 43.4773 9.9
    endloop
  endfacet
  facet normal 0.946993 0.321256 0
    outer loop
      vertex -19.326 38.6223 34
      vertex -19.4773 39.0683 9.9
      vertex -19.4773 39.0683 34
    endloop
  endfacet
  facet normal 0.946993 0.321256 0
    outer loop
      vertex -19.4773 39.0683 9.9
      vertex -19.326 38.6223 34
      vertex -19.326 38.6223 9.9
    endloop
  endfacet
  facet normal 0.896835 -0.442365 0
    outer loop
      vertex -19.326 41.3777 34
      vertex -19.1177 41.8 9.9
      vertex -19.1177 41.8 34
    endloop
  endfacet
  facet normal 0.896835 -0.442365 0
    outer loop
      vertex -19.1177 41.8 9.9
      vertex -19.326 41.3777 34
      vertex -19.326 41.3777 9.9
    endloop
  endfacet
  facet normal 0.980768 -0.195177 0
    outer loop
      vertex -19.5692 40.4699 34
      vertex -19.4773 40.9317 9.9
      vertex -19.4773 40.9317 34
    endloop
  endfacet
  facet normal 0.980768 -0.195177 0
    outer loop
      vertex -19.4773 40.9317 9.9
      vertex -19.5692 40.4699 34
      vertex -19.5692 40.4699 9.9
    endloop
  endfacet
  facet normal 0.659301 0.751879 -0
    outer loop
      vertex -18.1915 37.1439 9.9
      vertex -18.5456 37.4544 34
      vertex -18.1915 37.1439 34
    endloop
  endfacet
  facet normal 0.659301 0.751879 0
    outer loop
      vertex -18.5456 37.4544 34
      vertex -18.1915 37.1439 9.9
      vertex -18.5456 37.4544 9.9
    endloop
  endfacet
  facet normal -0.659301 -0.751879 0
    outer loop
      vertex -13.8085 42.8561 9.9
      vertex -13.4544 42.5456 34
      vertex -13.8085 42.8561 34
    endloop
  endfacet
  facet normal -0.659301 -0.751879 -0
    outer loop
      vertex -13.4544 42.5456 34
      vertex -13.8085 42.8561 9.9
      vertex -13.4544 42.5456 9.9
    endloop
  endfacet
  facet normal -0.751879 -0.659301 0
    outer loop
      vertex -13.1439 42.1915 9.9
      vertex -13.4544 42.5456 34
      vertex -13.4544 42.5456 9.9
    endloop
  endfacet
  facet normal -0.751879 -0.659301 0
    outer loop
      vertex -13.4544 42.5456 34
      vertex -13.1439 42.1915 9.9
      vertex -13.1439 42.1915 34
    endloop
  endfacet
  facet normal 0.0654055 -0.997859 0
    outer loop
      vertex -16.4699 43.5692 9.9
      vertex -16 43.6 34
      vertex -16.4699 43.5692 34
    endloop
  endfacet
  facet normal 0.0654055 -0.997859 0
    outer loop
      vertex -16 43.6 34
      vertex -16.4699 43.5692 9.9
      vertex -16 43.6 9.9
    endloop
  endfacet
  facet normal -0.0654055 -0.997859 0
    outer loop
      vertex -16 43.6 9.9
      vertex -15.5301 43.5692 34
      vertex -16 43.6 34
    endloop
  endfacet
  facet normal -0.0654055 -0.997859 -0
    outer loop
      vertex -15.5301 43.5692 34
      vertex -16 43.6 9.9
      vertex -15.5301 43.5692 9.9
    endloop
  endfacet
  facet normal 0.946993 -0.321256 0
    outer loop
      vertex -19.4773 40.9317 34
      vertex -19.326 41.3777 9.9
      vertex -19.326 41.3777 34
    endloop
  endfacet
  facet normal 0.946993 -0.321256 0
    outer loop
      vertex -19.326 41.3777 9.9
      vertex -19.4773 40.9317 34
      vertex -19.4773 40.9317 9.9
    endloop
  endfacet
  facet normal 0.997859 -0.0654055 0
    outer loop
      vertex -19.6 40 34
      vertex -19.5692 40.4699 9.9
      vertex -19.5692 40.4699 34
    endloop
  endfacet
  facet normal 0.997859 -0.0654055 0
    outer loop
      vertex -19.5692 40.4699 9.9
      vertex -19.6 40 34
      vertex -19.6 40 9.9
    endloop
  endfacet
  facet normal 0.831462 -0.555582 0
    outer loop
      vertex -19.1177 41.8 34
      vertex -18.8561 42.1915 9.9
      vertex -18.8561 42.1915 34
    endloop
  endfacet
  facet normal 0.831462 -0.555582 0
    outer loop
      vertex -18.8561 42.1915 9.9
      vertex -19.1177 41.8 34
      vertex -19.1177 41.8 9.9
    endloop
  endfacet
  facet normal -0.442344 0.896845 0
    outer loop
      vertex -36.1654 6.84776 -0.4
      vertex -36.4 6.73205 3.5
      vertex -36.1654 6.84776 3.5
    endloop
  endfacet
  facet normal -0.442344 0.896845 0
    outer loop
      vertex -36.4 6.73205 3.5
      vertex -36.1654 6.84776 -0.4
      vertex -36.4 6.73205 -0.4
    endloop
  endfacet
  facet normal 0.980814 0.194947 0
    outer loop
      vertex -33.4171 5.26105 3.5
      vertex -33.4681 5.51764 -0.4
      vertex -33.4681 5.51764 3.5
    endloop
  endfacet
  facet normal 0.980814 0.194947 0
    outer loop
      vertex -33.4681 5.51764 -0.4
      vertex -33.4171 5.26105 3.5
      vertex -33.4171 5.26105 -0.4
    endloop
  endfacet
  facet normal 0.946922 0.321463 0
    outer loop
      vertex -33.4681 5.51764 3.5
      vertex -33.5522 5.76537 -0.4
      vertex -33.5522 5.76537 3.5
    endloop
  endfacet
  facet normal 0.946922 0.321463 0
    outer loop
      vertex -33.5522 5.76537 -0.4
      vertex -33.4681 5.51764 3.5
      vertex -33.4681 5.51764 -0.4
    endloop
  endfacet
  facet normal -0.946922 0.321463 0
    outer loop
      vertex -37.3319 5.51764 -0.4
      vertex -37.2478 5.76537 3.5
      vertex -37.2478 5.76537 -0.4
    endloop
  endfacet
  facet normal -0.946922 0.321463 0
    outer loop
      vertex -37.2478 5.76537 3.5
      vertex -37.3319 5.51764 -0.4
      vertex -37.3319 5.51764 3.5
    endloop
  endfacet
  facet normal -0.946922 -0.321463 0
    outer loop
      vertex -37.2478 4.23463 -0.4
      vertex -37.3319 4.48236 3.5
      vertex -37.3319 4.48236 -0.4
    endloop
  endfacet
  facet normal -0.946922 -0.321463 0
    outer loop
      vertex -37.3319 4.48236 3.5
      vertex -37.2478 4.23463 -0.4
      vertex -37.2478 4.23463 3.5
    endloop
  endfacet
  facet normal 0.5556 0.83145 -0
    outer loop
      vertex -34.1825 6.58671 -0.4
      vertex -34.4 6.73205 3.5
      vertex -34.1825 6.58671 3.5
    endloop
  endfacet
  facet normal 0.5556 0.83145 0
    outer loop
      vertex -34.4 6.73205 3.5
      vertex -34.1825 6.58671 -0.4
      vertex -34.4 6.73205 -0.4
    endloop
  endfacet
  facet normal -0.896731 -0.442575 0
    outer loop
      vertex -37.132 4 -0.4
      vertex -37.2478 4.23463 3.5
      vertex -37.2478 4.23463 -0.4
    endloop
  endfacet
  facet normal -0.896731 -0.442575 0
    outer loop
      vertex -37.2478 4.23463 3.5
      vertex -37.132 4 -0.4
      vertex -37.132 4 3.5
    endloop
  endfacet
  facet normal 0.321348 -0.946961 0
    outer loop
      vertex -34.8824 3.06815 -0.4
      vertex -34.6346 3.15224 3.5
      vertex -34.8824 3.06815 3.5
    endloop
  endfacet
  facet normal 0.321348 -0.946961 0
    outer loop
      vertex -34.6346 3.15224 3.5
      vertex -34.8824 3.06815 -0.4
      vertex -34.6346 3.15224 -0.4
    endloop
  endfacet
  facet normal 0.831368 0.555723 0
    outer loop
      vertex -33.6679 6 3.5
      vertex -33.8133 6.21752 -0.4
      vertex -33.8133 6.21752 3.5
    endloop
  endfacet
  facet normal 0.831368 0.555723 0
    outer loop
      vertex -33.8133 6.21752 -0.4
      vertex -33.6679 6 3.5
      vertex -33.6679 6 -0.4
    endloop
  endfacet
  facet normal 0.896883 0.442268 0
    outer loop
      vertex -33.5522 5.76537 3.5
      vertex -33.6679 6 -0.4
      vertex -33.6679 6 3.5
    endloop
  endfacet
  facet normal 0.896883 0.442268 0
    outer loop
      vertex -33.6679 6 -0.4
      vertex -33.5522 5.76537 3.5
      vertex -33.5522 5.76537 -0.4
    endloop
  endfacet
  facet normal 0.997861 0.0653646 0
    outer loop
      vertex -33.4 5 3.5
      vertex -33.4171 5.26105 -0.4
      vertex -33.4171 5.26105 3.5
    endloop
  endfacet
  facet normal 0.997861 0.0653646 0
    outer loop
      vertex -33.4171 5.26105 -0.4
      vertex -33.4 5 3.5
      vertex -33.4 5 -0.4
    endloop
  endfacet
  facet normal 0.980814 -0.194947 0
    outer loop
      vertex -33.4681 4.48236 3.5
      vertex -33.4171 4.73895 -0.4
      vertex -33.4171 4.73895 3.5
    endloop
  endfacet
  facet normal 0.980814 -0.194947 0
    outer loop
      vertex -33.4171 4.73895 -0.4
      vertex -33.4681 4.48236 3.5
      vertex -33.4681 4.48236 -0.4
    endloop
  endfacet
  facet normal 0.946922 -0.321463 0
    outer loop
      vertex -33.5522 4.23463 3.5
      vertex -33.4681 4.48236 -0.4
      vertex -33.4681 4.48236 3.5
    endloop
  endfacet
  facet normal 0.946922 -0.321463 0
    outer loop
      vertex -33.4681 4.48236 -0.4
      vertex -33.5522 4.23463 3.5
      vertex -33.5522 4.23463 -0.4
    endloop
  endfacet
  facet normal -0.19516 -0.980771 0
    outer loop
      vertex -35.9176 3.06815 -0.4
      vertex -35.6611 3.01711 3.5
      vertex -35.9176 3.06815 3.5
    endloop
  endfacet
  facet normal -0.19516 -0.980771 -0
    outer loop
      vertex -35.6611 3.01711 3.5
      vertex -35.9176 3.06815 -0.4
      vertex -35.6611 3.01711 -0.4
    endloop
  endfacet
  facet normal -0.997861 -0.0653646 0
    outer loop
      vertex -37.3829 4.73895 -0.4
      vertex -37.4 5 3.5
      vertex -37.4 5 -0.4
    endloop
  endfacet
  facet normal -0.997861 -0.0653646 0
    outer loop
      vertex -37.4 5 3.5
      vertex -37.3829 4.73895 -0.4
      vertex -37.3829 4.73895 3.5
    endloop
  endfacet
  facet normal 0.442344 0.896845 -0
    outer loop
      vertex -34.4 6.73205 -0.4
      vertex -34.6346 6.84776 3.5
      vertex -34.4 6.73205 3.5
    endloop
  endfacet
  facet normal 0.442344 0.896845 0
    outer loop
      vertex -34.6346 6.84776 3.5
      vertex -34.4 6.73205 -0.4
      vertex -34.6346 6.84776 -0.4
    endloop
  endfacet
  facet normal -0.659343 0.751842 0
    outer loop
      vertex -36.6175 6.58671 -0.4
      vertex -36.8142 6.41421 3.5
      vertex -36.6175 6.58671 3.5
    endloop
  endfacet
  facet normal -0.659343 0.751842 0
    outer loop
      vertex -36.8142 6.41421 3.5
      vertex -36.6175 6.58671 -0.4
      vertex -36.8142 6.41421 -0.4
    endloop
  endfacet
  facet normal 0.997861 -0.0653646 0
    outer loop
      vertex -33.4171 4.73895 3.5
      vertex -33.4 5 -0.4
      vertex -33.4 5 3.5
    endloop
  endfacet
  facet normal 0.997861 -0.0653646 0
    outer loop
      vertex -33.4 5 -0.4
      vertex -33.4171 4.73895 3.5
      vertex -33.4171 4.73895 -0.4
    endloop
  endfacet
  facet normal -0.442344 -0.896845 0
    outer loop
      vertex -36.4 3.26795 -0.4
      vertex -36.1654 3.15224 3.5
      vertex -36.4 3.26795 3.5
    endloop
  endfacet
  facet normal -0.442344 -0.896845 -0
    outer loop
      vertex -36.1654 3.15224 3.5
      vertex -36.4 3.26795 -0.4
      vertex -36.1654 3.15224 -0.4
    endloop
  endfacet
  facet normal -0.980814 -0.194947 0
    outer loop
      vertex -37.3319 4.48236 -0.4
      vertex -37.3829 4.73895 3.5
      vertex -37.3829 4.73895 -0.4
    endloop
  endfacet
  facet normal -0.980814 -0.194947 0
    outer loop
      vertex -37.3829 4.73895 3.5
      vertex -37.3319 4.48236 -0.4
      vertex -37.3319 4.48236 3.5
    endloop
  endfacet
  facet normal -0.321348 0.946961 0
    outer loop
      vertex -35.9176 6.93185 -0.4
      vertex -36.1654 6.84776 3.5
      vertex -35.9176 6.93185 3.5
    endloop
  endfacet
  facet normal -0.321348 0.946961 0
    outer loop
      vertex -36.1654 6.84776 3.5
      vertex -35.9176 6.93185 -0.4
      vertex -36.1654 6.84776 -0.4
    endloop
  endfacet
  facet normal 0.19516 -0.980771 0
    outer loop
      vertex -35.1389 3.01711 -0.4
      vertex -34.8824 3.06815 3.5
      vertex -35.1389 3.01711 3.5
    endloop
  endfacet
  facet normal 0.19516 -0.980771 0
    outer loop
      vertex -34.8824 3.06815 3.5
      vertex -35.1389 3.01711 -0.4
      vertex -34.8824 3.06815 -0.4
    endloop
  endfacet
  facet normal 0.751826 -0.659362 0
    outer loop
      vertex -33.9858 3.58579 3.5
      vertex -33.8133 3.78248 -0.4
      vertex -33.8133 3.78248 3.5
    endloop
  endfacet
  facet normal 0.751826 -0.659362 0
    outer loop
      vertex -33.8133 3.78248 -0.4
      vertex -33.9858 3.58579 3.5
      vertex -33.9858 3.58579 -0.4
    endloop
  endfacet
  facet normal 0.442344 -0.896845 0
    outer loop
      vertex -34.6346 3.15224 -0.4
      vertex -34.4 3.26795 3.5
      vertex -34.6346 3.15224 3.5
    endloop
  endfacet
  facet normal 0.442344 -0.896845 0
    outer loop
      vertex -34.4 3.26795 3.5
      vertex -34.6346 3.15224 -0.4
      vertex -34.4 3.26795 -0.4
    endloop
  endfacet
  facet normal -0.5556 0.83145 0
    outer loop
      vertex -36.4 6.73205 -0.4
      vertex -36.6175 6.58671 3.5
      vertex -36.4 6.73205 3.5
    endloop
  endfacet
  facet normal -0.5556 0.83145 0
    outer loop
      vertex -36.6175 6.58671 3.5
      vertex -36.4 6.73205 -0.4
      vertex -36.6175 6.58671 -0.4
    endloop
  endfacet
  facet normal -0.5556 -0.83145 0
    outer loop
      vertex -36.6175 3.41329 -0.4
      vertex -36.4 3.26795 3.5
      vertex -36.6175 3.41329 3.5
    endloop
  endfacet
  facet normal -0.5556 -0.83145 -0
    outer loop
      vertex -36.4 3.26795 3.5
      vertex -36.6175 3.41329 -0.4
      vertex -36.4 3.26795 -0.4
    endloop
  endfacet
  facet normal 0.5556 -0.83145 0
    outer loop
      vertex -34.4 3.26795 -0.4
      vertex -34.1825 3.41329 3.5
      vertex -34.4 3.26795 3.5
    endloop
  endfacet
  facet normal 0.5556 -0.83145 0
    outer loop
      vertex -34.1825 3.41329 3.5
      vertex -34.4 3.26795 -0.4
      vertex -34.1825 3.41329 -0.4
    endloop
  endfacet
  facet normal 0.751826 0.659362 0
    outer loop
      vertex -33.8133 6.21752 3.5
      vertex -33.9858 6.41421 -0.4
      vertex -33.9858 6.41421 3.5
    endloop
  endfacet
  facet normal 0.751826 0.659362 0
    outer loop
      vertex -33.9858 6.41421 -0.4
      vertex -33.8133 6.21752 3.5
      vertex -33.8133 6.21752 -0.4
    endloop
  endfacet
  facet normal 0.19516 0.980771 -0
    outer loop
      vertex -34.8824 6.93185 -0.4
      vertex -35.1389 6.98289 3.5
      vertex -34.8824 6.93185 3.5
    endloop
  endfacet
  facet normal 0.19516 0.980771 0
    outer loop
      vertex -35.1389 6.98289 3.5
      vertex -34.8824 6.93185 -0.4
      vertex -35.1389 6.98289 -0.4
    endloop
  endfacet
  facet normal -0.19516 0.980771 0
    outer loop
      vertex -35.6611 6.98289 -0.4
      vertex -35.9176 6.93185 3.5
      vertex -35.6611 6.98289 3.5
    endloop
  endfacet
  facet normal -0.19516 0.980771 0
    outer loop
      vertex -35.9176 6.93185 3.5
      vertex -35.6611 6.98289 -0.4
      vertex -35.9176 6.93185 -0.4
    endloop
  endfacet
  facet normal 0.831368 -0.555723 0
    outer loop
      vertex -33.8133 3.78248 3.5
      vertex -33.6679 4 -0.4
      vertex -33.6679 4 3.5
    endloop
  endfacet
  facet normal 0.831368 -0.555723 0
    outer loop
      vertex -33.6679 4 -0.4
      vertex -33.8133 3.78248 3.5
      vertex -33.8133 3.78248 -0.4
    endloop
  endfacet
  facet normal -0.997861 0.0653646 0
    outer loop
      vertex -37.4 5 -0.4
      vertex -37.3829 5.26105 3.5
      vertex -37.3829 5.26105 -0.4
    endloop
  endfacet
  facet normal -0.997861 0.0653646 0
    outer loop
      vertex -37.3829 5.26105 3.5
      vertex -37.4 5 -0.4
      vertex -37.4 5 3.5
    endloop
  endfacet
  facet normal -0.751826 -0.659362 0
    outer loop
      vertex -36.8142 3.58579 -0.4
      vertex -36.9867 3.78248 3.5
      vertex -36.9867 3.78248 -0.4
    endloop
  endfacet
  facet normal -0.751826 -0.659362 0
    outer loop
      vertex -36.9867 3.78248 3.5
      vertex -36.8142 3.58579 -0.4
      vertex -36.8142 3.58579 3.5
    endloop
  endfacet
  facet normal -0.896731 0.442575 0
    outer loop
      vertex -37.2478 5.76537 -0.4
      vertex -37.132 6 3.5
      vertex -37.132 6 -0.4
    endloop
  endfacet
  facet normal -0.896731 0.442575 0
    outer loop
      vertex -37.132 6 3.5
      vertex -37.2478 5.76537 -0.4
      vertex -37.2478 5.76537 3.5
    endloop
  endfacet
  facet normal 0.0653902 0.99786 -0
    outer loop
      vertex -35.1389 6.98289 -0.4
      vertex -35.4 7 3.5
      vertex -35.1389 6.98289 3.5
    endloop
  endfacet
  facet normal 0.0653902 0.99786 0
    outer loop
      vertex -35.4 7 3.5
      vertex -35.1389 6.98289 -0.4
      vertex -35.4 7 -0.4
    endloop
  endfacet
  facet normal 0.896883 -0.442268 0
    outer loop
      vertex -33.6679 4 3.5
      vertex -33.5522 4.23463 -0.4
      vertex -33.5522 4.23463 3.5
    endloop
  endfacet
  facet normal 0.896883 -0.442268 0
    outer loop
      vertex -33.5522 4.23463 -0.4
      vertex -33.6679 4 3.5
      vertex -33.6679 4 -0.4
    endloop
  endfacet
  facet normal -0.831544 -0.555459 0
    outer loop
      vertex -36.9867 3.78248 -0.4
      vertex -37.132 4 3.5
      vertex -37.132 4 -0.4
    endloop
  endfacet
  facet normal -0.831544 -0.555459 0
    outer loop
      vertex -37.132 4 3.5
      vertex -36.9867 3.78248 -0.4
      vertex -36.9867 3.78248 3.5
    endloop
  endfacet
  facet normal 0.659343 0.751842 -0
    outer loop
      vertex -33.9858 6.41421 -0.4
      vertex -34.1825 6.58671 3.5
      vertex -33.9858 6.41421 3.5
    endloop
  endfacet
  facet normal 0.659343 0.751842 0
    outer loop
      vertex -34.1825 6.58671 3.5
      vertex -33.9858 6.41421 -0.4
      vertex -34.1825 6.58671 -0.4
    endloop
  endfacet
  facet normal 0.321348 0.946961 -0
    outer loop
      vertex -34.6346 6.84776 -0.4
      vertex -34.8824 6.93185 3.5
      vertex -34.6346 6.84776 3.5
    endloop
  endfacet
  facet normal 0.321348 0.946961 0
    outer loop
      vertex -34.8824 6.93185 3.5
      vertex -34.6346 6.84776 -0.4
      vertex -34.8824 6.93185 -0.4
    endloop
  endfacet
  facet normal 0.659343 -0.751842 0
    outer loop
      vertex -34.1825 3.41329 -0.4
      vertex -33.9858 3.58579 3.5
      vertex -34.1825 3.41329 3.5
    endloop
  endfacet
  facet normal 0.659343 -0.751842 0
    outer loop
      vertex -33.9858 3.58579 3.5
      vertex -34.1825 3.41329 -0.4
      vertex -33.9858 3.58579 -0.4
    endloop
  endfacet
  facet normal -0.0653902 -0.99786 0
    outer loop
      vertex -35.6611 3.01711 -0.4
      vertex -35.4 3 3.5
      vertex -35.6611 3.01711 3.5
    endloop
  endfacet
  facet normal -0.0653902 -0.99786 -0
    outer loop
      vertex -35.4 3 3.5
      vertex -35.6611 3.01711 -0.4
      vertex -35.4 3 -0.4
    endloop
  endfacet
  facet normal -0.980814 0.194947 0
    outer loop
      vertex -37.3829 5.26105 -0.4
      vertex -37.3319 5.51764 3.5
      vertex -37.3319 5.51764 -0.4
    endloop
  endfacet
  facet normal -0.980814 0.194947 0
    outer loop
      vertex -37.3319 5.51764 3.5
      vertex -37.3829 5.26105 -0.4
      vertex -37.3829 5.26105 3.5
    endloop
  endfacet
  facet normal -0.831544 0.555459 0
    outer loop
      vertex -37.132 6 -0.4
      vertex -36.9867 6.21752 3.5
      vertex -36.9867 6.21752 -0.4
    endloop
  endfacet
  facet normal -0.831544 0.555459 0
    outer loop
      vertex -36.9867 6.21752 3.5
      vertex -37.132 6 -0.4
      vertex -37.132 6 3.5
    endloop
  endfacet
  facet normal -0.0653902 0.99786 0
    outer loop
      vertex -35.4 7 -0.4
      vertex -35.6611 6.98289 3.5
      vertex -35.4 7 3.5
    endloop
  endfacet
  facet normal -0.0653902 0.99786 0
    outer loop
      vertex -35.6611 6.98289 3.5
      vertex -35.4 7 -0.4
      vertex -35.6611 6.98289 -0.4
    endloop
  endfacet
  facet normal 0.0653902 -0.99786 0
    outer loop
      vertex -35.4 3 -0.4
      vertex -35.1389 3.01711 3.5
      vertex -35.4 3 3.5
    endloop
  endfacet
  facet normal 0.0653902 -0.99786 0
    outer loop
      vertex -35.1389 3.01711 3.5
      vertex -35.4 3 -0.4
      vertex -35.1389 3.01711 -0.4
    endloop
  endfacet
  facet normal -0.659343 -0.751842 0
    outer loop
      vertex -36.8142 3.58579 -0.4
      vertex -36.6175 3.41329 3.5
      vertex -36.8142 3.58579 3.5
    endloop
  endfacet
  facet normal -0.659343 -0.751842 -0
    outer loop
      vertex -36.6175 3.41329 3.5
      vertex -36.8142 3.58579 -0.4
      vertex -36.6175 3.41329 -0.4
    endloop
  endfacet
  facet normal 0 0 1
    outer loop
      vertex -33.4171 5.26105 3.5
      vertex -33.4171 4.73895 3.5
      vertex -33.4 5 3.5
    endloop
  endfacet
  facet normal 0 0 1
    outer loop
      vertex -33.4681 5.51764 3.5
      vertex -33.4171 4.73895 3.5
      vertex -33.4171 5.26105 3.5
    endloop
  endfacet
  facet normal 0 0 1
    outer loop
      vertex -33.4681 5.51764 3.5
      vertex -33.4681 4.48236 3.5
      vertex -33.4171 4.73895 3.5
    endloop
  endfacet
  facet normal 0 0 1
    outer loop
      vertex -33.5522 5.76537 3.5
      vertex -33.4681 4.48236 3.5
      vertex -33.4681 5.51764 3.5
    endloop
  endfacet
  facet normal 0 0 1
    outer loop
      vertex -33.5522 5.76537 3.5
      vertex -33.5522 4.23463 3.5
      vertex -33.4681 4.48236 3.5
    endloop
  endfacet
  facet normal 0 0 1
    outer loop
      vertex -33.6679 6 3.5
      vertex -33.5522 4.23463 3.5
      vertex -33.5522 5.76537 3.5
    endloop
  endfacet
  facet normal 0 0 1
    outer loop
      vertex -33.6679 6 3.5
      vertex -33.6679 4 3.5
      vertex -33.5522 4.23463 3.5
    endloop
  endfacet
  facet normal 0 0 1
    outer loop
      vertex -33.8133 6.21752 3.5
      vertex -33.6679 4 3.5
      vertex -33.6679 6 3.5
    endloop
  endfacet
  facet normal 0 0 1
    outer loop
      vertex -33.8133 6.21752 3.5
      vertex -33.8133 3.78248 3.5
      vertex -33.6679 4 3.5
    endloop
  endfacet
  facet normal 0 0 1
    outer loop
      vertex -33.9858 6.41421 3.5
      vertex -33.8133 3.78248 3.5
      vertex -33.8133 6.21752 3.5
    endloop
  endfacet
  facet normal 0 0 1
    outer loop
      vertex -33.9858 6.41421 3.5
      vertex -33.9858 3.58579 3.5
      vertex -33.8133 3.78248 3.5
    endloop
  endfacet
  facet normal 0 0 1
    outer loop
      vertex -34.1825 6.58671 3.5
      vertex -33.9858 3.58579 3.5
      vertex -33.9858 6.41421 3.5
    endloop
  endfacet
  facet normal 0 0 1
    outer loop
      vertex -34.1825 6.58671 3.5
      vertex -34.1825 3.41329 3.5
      vertex -33.9858 3.58579 3.5
    endloop
  endfacet
  facet normal 0 0 1
    outer loop
      vertex -34.4 6.73205 3.5
      vertex -34.1825 3.41329 3.5
      vertex -34.1825 6.58671 3.5
    endloop
  endfacet
  facet normal 0 0 1
    outer loop
      vertex -34.4 6.73205 3.5
      vertex -34.4 3.26795 3.5
      vertex -34.1825 3.41329 3.5
    endloop
  endfacet
  facet normal 0 0 1
    outer loop
      vertex -34.6346 6.84776 3.5
      vertex -34.4 3.26795 3.5
      vertex -34.4 6.73205 3.5
    endloop
  endfacet
  facet normal 0 0 1
    outer loop
      vertex -34.6346 6.84776 3.5
      vertex -34.6346 3.15224 3.5
      vertex -34.4 3.26795 3.5
    endloop
  endfacet
  facet normal 0 0 1
    outer loop
      vertex -34.8824 6.93185 3.5
      vertex -34.6346 3.15224 3.5
      vertex -34.6346 6.84776 3.5
    endloop
  endfacet
  facet normal 0 0 1
    outer loop
      vertex -34.8824 6.93185 3.5
      vertex -34.8824 3.06815 3.5
      vertex -34.6346 3.15224 3.5
    endloop
  endfacet
  facet normal 0 0 1
    outer loop
      vertex -35.1389 6.98289 3.5
      vertex -34.8824 3.06815 3.5
      vertex -34.8824 6.93185 3.5
    endloop
  endfacet
  facet normal 0 0 1
    outer loop
      vertex -35.1389 6.98289 3.5
      vertex -35.1389 3.01711 3.5
      vertex -34.8824 3.06815 3.5
    endloop
  endfacet
  facet normal 0 0 1
    outer loop
      vertex -35.4 7 3.5
      vertex -35.1389 3.01711 3.5
      vertex -35.1389 6.98289 3.5
    endloop
  endfacet
  facet normal 0 0 1
    outer loop
      vertex -35.4 7 3.5
      vertex -35.4 3 3.5
      vertex -35.1389 3.01711 3.5
    endloop
  endfacet
  facet normal -0 0 1
    outer loop
      vertex -35.6611 6.98289 3.5
      vertex -35.4 3 3.5
      vertex -35.4 7 3.5
    endloop
  endfacet
  facet normal 0 0 1
    outer loop
      vertex -35.6611 6.98289 3.5
      vertex -35.6611 3.01711 3.5
      vertex -35.4 3 3.5
    endloop
  endfacet
  facet normal -0 0 1
    outer loop
      vertex -35.9176 6.93185 3.5
      vertex -35.6611 3.01711 3.5
      vertex -35.6611 6.98289 3.5
    endloop
  endfacet
  facet normal 0 0 1
    outer loop
      vertex -35.9176 6.93185 3.5
      vertex -35.9176 3.06815 3.5
      vertex -35.6611 3.01711 3.5
    endloop
  endfacet
  facet normal -0 0 1
    outer loop
      vertex -36.1654 6.84776 3.5
      vertex -35.9176 3.06815 3.5
      vertex -35.9176 6.93185 3.5
    endloop
  endfacet
  facet normal 0 0 1
    outer loop
      vertex -36.1654 6.84776 3.5
      vertex -36.1654 3.15224 3.5
      vertex -35.9176 3.06815 3.5
    endloop
  endfacet
  facet normal -0 0 1
    outer loop
      vertex -36.4 6.73205 3.5
      vertex -36.1654 3.15224 3.5
      vertex -36.1654 6.84776 3.5
    endloop
  endfacet
  facet normal 0 0 1
    outer loop
      vertex -36.4 6.73205 3.5
      vertex -36.4 3.26795 3.5
      vertex -36.1654 3.15224 3.5
    endloop
  endfacet
  facet normal -0 0 1
    outer loop
      vertex -36.6175 6.58671 3.5
      vertex -36.4 3.26795 3.5
      vertex -36.4 6.73205 3.5
    endloop
  endfacet
  facet normal 0 0 1
    outer loop
      vertex -36.6175 6.58671 3.5
      vertex -36.6175 3.41329 3.5
      vertex -36.4 3.26795 3.5
    endloop
  endfacet
  facet normal -0 0 1
    outer loop
      vertex -36.8142 6.41421 3.5
      vertex -36.6175 3.41329 3.5
      vertex -36.6175 6.58671 3.5
    endloop
  endfacet
  facet normal 0 0 1
    outer loop
      vertex -36.8142 6.41421 3.5
      vertex -36.8142 3.58579 3.5
      vertex -36.6175 3.41329 3.5
    endloop
  endfacet
  facet normal -0 0 1
    outer loop
      vertex -36.9867 6.21752 3.5
      vertex -36.8142 3.58579 3.5
      vertex -36.8142 6.41421 3.5
    endloop
  endfacet
  facet normal 0 0 1
    outer loop
      vertex -36.9867 6.21752 3.5
      vertex -36.9867 3.78248 3.5
      vertex -36.8142 3.58579 3.5
    endloop
  endfacet
  facet normal -0 0 1
    outer loop
      vertex -37.132 6 3.5
      vertex -36.9867 3.78248 3.5
      vertex -36.9867 6.21752 3.5
    endloop
  endfacet
  facet normal 0 0 1
    outer loop
      vertex -37.132 6 3.5
      vertex -37.132 4 3.5
      vertex -36.9867 3.78248 3.5
    endloop
  endfacet
  facet normal -0 0 1
    outer loop
      vertex -37.2478 5.76537 3.5
      vertex -37.132 4 3.5
      vertex -37.132 6 3.5
    endloop
  endfacet
  facet normal 0 0 1
    outer loop
      vertex -37.2478 5.76537 3.5
      vertex -37.2478 4.23463 3.5
      vertex -37.132 4 3.5
    endloop
  endfacet
  facet normal -0 0 1
    outer loop
      vertex -37.3319 5.51764 3.5
      vertex -37.2478 4.23463 3.5
      vertex -37.2478 5.76537 3.5
    endloop
  endfacet
  facet normal 0 0 1
    outer loop
      vertex -37.3319 5.51764 3.5
      vertex -37.3319 4.48236 3.5
      vertex -37.2478 4.23463 3.5
    endloop
  endfacet
  facet normal -0 0 1
    outer loop
      vertex -37.3829 5.26105 3.5
      vertex -37.3319 4.48236 3.5
      vertex -37.3319 5.51764 3.5
    endloop
  endfacet
  facet normal 0 0 1
    outer loop
      vertex -37.3829 5.26105 3.5
      vertex -37.3829 4.73895 3.5
      vertex -37.3319 4.48236 3.5
    endloop
  endfacet
  facet normal 0 -0 1
    outer loop
      vertex -37.3829 4.73895 3.5
      vertex -37.3829 5.26105 3.5
      vertex -37.4 5 3.5
    endloop
  endfacet
  facet normal -0.321348 -0.946961 0
    outer loop
      vertex -36.1654 3.15224 -0.4
      vertex -35.9176 3.06815 3.5
      vertex -36.1654 3.15224 3.5
    endloop
  endfacet
  facet normal -0.321348 -0.946961 -0
    outer loop
      vertex -35.9176 3.06815 3.5
      vertex -36.1654 3.15224 -0.4
      vertex -35.9176 3.06815 -0.4
    endloop
  endfacet
  facet normal -0.751826 0.659362 0
    outer loop
      vertex -36.9867 6.21752 -0.4
      vertex -36.8142 6.41421 3.5
      vertex -36.8142 6.41421 -0.4
    endloop
  endfacet
  facet normal -0.751826 0.659362 0
    outer loop
      vertex -36.8142 6.41421 3.5
      vertex -36.9867 6.21752 -0.4
      vertex -36.9867 6.21752 3.5
    endloop
  endfacet
  facet normal 0.94695 0.321382 0
    outer loop
      vertex -54.6181 71.5176 2.6
      vertex -54.7022 71.7654 -0.4
      vertex -54.7022 71.7654 2.6
    endloop
  endfacet
  facet normal 0.94695 0.321382 0
    outer loop
      vertex -54.7022 71.7654 -0.4
      vertex -54.6181 71.5176 2.6
      vertex -54.6181 71.5176 -0.4
    endloop
  endfacet
  facet normal 0.89686 0.442314 0
    outer loop
      vertex -54.7022 71.7654 2.6
      vertex -54.8179 72 -0.4
      vertex -54.8179 72 2.6
    endloop
  endfacet
  facet normal 0.89686 0.442314 0
    outer loop
      vertex -54.8179 72 -0.4
      vertex -54.7022 71.7654 2.6
      vertex -54.7022 71.7654 -0.4
    endloop
  endfacet
  facet normal 0.0653521 0.997862 -0
    outer loop
      vertex -56.2889 72.9829 -0.4
      vertex -56.55 73 2.6
      vertex -56.2889 72.9829 2.6
    endloop
  endfacet
  facet normal 0.0653521 0.997862 0
    outer loop
      vertex -56.55 73 2.6
      vertex -56.2889 72.9829 -0.4
      vertex -56.55 73 -0.4
    endloop
  endfacet
  facet normal 0.997862 0.0653521 0
    outer loop
      vertex -54.55 71 2.6
      vertex -54.5671 71.2611 -0.4
      vertex -54.5671 71.2611 2.6
    endloop
  endfacet
  facet normal 0.997862 0.0653521 0
    outer loop
      vertex -54.5671 71.2611 -0.4
      vertex -54.55 71 2.6
      vertex -54.55 71 -0.4
    endloop
  endfacet
  facet normal 0.321382 0.94695 -0
    outer loop
      vertex -55.7846 72.8478 -0.4
      vertex -56.0324 72.9319 2.6
      vertex -55.7846 72.8478 2.6
    endloop
  endfacet
  facet normal 0.321382 0.94695 0
    outer loop
      vertex -56.0324 72.9319 2.6
      vertex -55.7846 72.8478 -0.4
      vertex -56.0324 72.9319 -0.4
    endloop
  endfacet
  facet normal -0.195013 0.980801 0
    outer loop
      vertex -56.8111 72.9829 -0.4
      vertex -57.0676 72.9319 2.6
      vertex -56.8111 72.9829 2.6
    endloop
  endfacet
  facet normal -0.195013 0.980801 0
    outer loop
      vertex -57.0676 72.9319 2.6
      vertex -56.8111 72.9829 -0.4
      vertex -57.0676 72.9319 -0.4
    endloop
  endfacet
  facet normal 0.195013 -0.980801 0
    outer loop
      vertex -56.2889 69.0171 -0.4
      vertex -56.0324 69.0681 2.6
      vertex -56.2889 69.0171 2.6
    endloop
  endfacet
  facet normal 0.195013 -0.980801 0
    outer loop
      vertex -56.0324 69.0681 2.6
      vertex -56.2889 69.0171 -0.4
      vertex -56.0324 69.0681 -0.4
    endloop
  endfacet
  facet normal -0.555494 0.831521 0
    outer loop
      vertex -57.55 72.732 -0.4
      vertex -57.7675 72.5867 2.6
      vertex -57.55 72.732 2.6
    endloop
  endfacet
  facet normal -0.555494 0.831521 0
    outer loop
      vertex -57.7675 72.5867 2.6
      vertex -57.55 72.732 -0.4
      vertex -57.7675 72.5867 -0.4
    endloop
  endfacet
  facet normal 0.659343 0.751842 -0
    outer loop
      vertex -55.1358 72.4142 -0.4
      vertex -55.3325 72.5867 2.6
      vertex -55.1358 72.4142 2.6
    endloop
  endfacet
  facet normal 0.659343 0.751842 0
    outer loop
      vertex -55.3325 72.5867 2.6
      vertex -55.1358 72.4142 -0.4
      vertex -55.3325 72.5867 -0.4
    endloop
  endfacet
  facet normal 0.831344 -0.555758 0
    outer loop
      vertex -54.9633 69.7825 2.6
      vertex -54.8179 70 -0.4
      vertex -54.8179 70 2.6
    endloop
  endfacet
  facet normal 0.831344 -0.555758 0
    outer loop
      vertex -54.8179 70 -0.4
      vertex -54.9633 69.7825 2.6
      vertex -54.9633 69.7825 -0.4
    endloop
  endfacet
  facet normal -0.442621 0.896709 0
    outer loop
      vertex -57.3154 72.8478 -0.4
      vertex -57.55 72.732 2.6
      vertex -57.3154 72.8478 2.6
    endloop
  endfacet
  facet normal -0.442621 0.896709 0
    outer loop
      vertex -57.55 72.732 2.6
      vertex -57.3154 72.8478 -0.4
      vertex -57.55 72.732 -0.4
    endloop
  endfacet
  facet normal -0.659343 0.751842 0
    outer loop
      vertex -57.7675 72.5867 -0.4
      vertex -57.9642 72.4142 2.6
      vertex -57.7675 72.5867 2.6
    endloop
  endfacet
  facet normal -0.659343 0.751842 0
    outer loop
      vertex -57.9642 72.4142 2.6
      vertex -57.7675 72.5867 -0.4
      vertex -57.9642 72.4142 -0.4
    endloop
  endfacet
  facet normal -0.0653521 0.997862 0
    outer loop
      vertex -56.55 73 -0.4
      vertex -56.8111 72.9829 2.6
      vertex -56.55 73 2.6
    endloop
  endfacet
  facet normal -0.0653521 0.997862 0
    outer loop
      vertex -56.8111 72.9829 2.6
      vertex -56.55 73 -0.4
      vertex -56.8111 72.9829 -0.4
    endloop
  endfacet
  facet normal -0.321382 -0.94695 0
    outer loop
      vertex -57.3154 69.1522 -0.4
      vertex -57.0676 69.0681 2.6
      vertex -57.3154 69.1522 2.6
    endloop
  endfacet
  facet normal -0.321382 -0.94695 -0
    outer loop
      vertex -57.0676 69.0681 2.6
      vertex -57.3154 69.1522 -0.4
      vertex -57.0676 69.0681 -0.4
    endloop
  endfacet
  facet normal -0.321382 0.94695 0
    outer loop
      vertex -57.0676 72.9319 -0.4
      vertex -57.3154 72.8478 2.6
      vertex -57.0676 72.9319 2.6
    endloop
  endfacet
  facet normal -0.321382 0.94695 0
    outer loop
      vertex -57.3154 72.8478 2.6
      vertex -57.0676 72.9319 -0.4
      vertex -57.3154 72.8478 -0.4
    endloop
  endfacet
  facet normal 0.751842 -0.659343 0
    outer loop
      vertex -55.1358 69.5858 2.6
      vertex -54.9633 69.7825 -0.4
      vertex -54.9633 69.7825 2.6
    endloop
  endfacet
  facet normal 0.751842 -0.659343 0
    outer loop
      vertex -54.9633 69.7825 -0.4
      vertex -55.1358 69.5858 2.6
      vertex -55.1358 69.5858 -0.4
    endloop
  endfacet
  facet normal -0.0653521 -0.997862 0
    outer loop
      vertex -56.8111 69.0171 -0.4
      vertex -56.55 69 2.6
      vertex -56.8111 69.0171 2.6
    endloop
  endfacet
  facet normal -0.0653521 -0.997862 -0
    outer loop
      vertex -56.55 69 2.6
      vertex -56.8111 69.0171 -0.4
      vertex -56.55 69 -0.4
    endloop
  endfacet
  facet normal 0.659343 -0.751842 0
    outer loop
      vertex -55.3325 69.4133 -0.4
      vertex -55.1358 69.5858 2.6
      vertex -55.3325 69.4133 2.6
    endloop
  endfacet
  facet normal 0.659343 -0.751842 0
    outer loop
      vertex -55.1358 69.5858 2.6
      vertex -55.3325 69.4133 -0.4
      vertex -55.1358 69.5858 -0.4
    endloop
  endfacet
  facet normal 0.442621 0.896709 -0
    outer loop
      vertex -55.55 72.732 -0.4
      vertex -55.7846 72.8478 2.6
      vertex -55.55 72.732 2.6
    endloop
  endfacet
  facet normal 0.442621 0.896709 0
    outer loop
      vertex -55.7846 72.8478 2.6
      vertex -55.55 72.732 -0.4
      vertex -55.7846 72.8478 -0.4
    endloop
  endfacet
  facet normal 0.0653521 -0.997862 0
    outer loop
      vertex -56.55 69 -0.4
      vertex -56.2889 69.0171 2.6
      vertex -56.55 69 2.6
    endloop
  endfacet
  facet normal 0.0653521 -0.997862 0
    outer loop
      vertex -56.2889 69.0171 2.6
      vertex -56.55 69 -0.4
      vertex -56.2889 69.0171 -0.4
    endloop
  endfacet
  facet normal 0.555494 0.831521 -0
    outer loop
      vertex -55.3325 72.5867 -0.4
      vertex -55.55 72.732 2.6
      vertex -55.3325 72.5867 2.6
    endloop
  endfacet
  facet normal 0.555494 0.831521 0
    outer loop
      vertex -55.55 72.732 2.6
      vertex -55.3325 72.5867 -0.4
      vertex -55.55 72.732 -0.4
    endloop
  endfacet
  facet normal 0.751842 0.659343 0
    outer loop
      vertex -54.9633 72.2175 2.6
      vertex -55.1358 72.4142 -0.4
      vertex -55.1358 72.4142 2.6
    endloop
  endfacet
  facet normal 0.751842 0.659343 0
    outer loop
      vertex -55.1358 72.4142 -0.4
      vertex -54.9633 72.2175 2.6
      vertex -54.9633 72.2175 -0.4
    endloop
  endfacet
  facet normal -0.751842 0.659343 0
    outer loop
      vertex -58.1367 72.2175 -0.4
      vertex -57.9642 72.4142 2.6
      vertex -57.9642 72.4142 -0.4
    endloop
  endfacet
  facet normal -0.751842 0.659343 0
    outer loop
      vertex -57.9642 72.4142 2.6
      vertex -58.1367 72.2175 -0.4
      vertex -58.1367 72.2175 2.6
    endloop
  endfacet
  facet normal 0.195013 0.980801 -0
    outer loop
      vertex -56.0324 72.9319 -0.4
      vertex -56.2889 72.9829 2.6
      vertex -56.0324 72.9319 2.6
    endloop
  endfacet
  facet normal 0.195013 0.980801 0
    outer loop
      vertex -56.2889 72.9829 2.6
      vertex -56.0324 72.9319 -0.4
      vertex -56.2889 72.9829 -0.4
    endloop
  endfacet
  facet normal -0.555494 -0.831521 0
    outer loop
      vertex -57.7675 69.4133 -0.4
      vertex -57.55 69.268 2.6
      vertex -57.7675 69.4133 2.6
    endloop
  endfacet
  facet normal -0.555494 -0.831521 -0
    outer loop
      vertex -57.55 69.268 2.6
      vertex -57.7675 69.4133 -0.4
      vertex -57.55 69.268 -0.4
    endloop
  endfacet
  facet normal 0.442621 -0.896709 0
    outer loop
      vertex -55.7846 69.1522 -0.4
      vertex -55.55 69.268 2.6
      vertex -55.7846 69.1522 2.6
    endloop
  endfacet
  facet normal 0.442621 -0.896709 0
    outer loop
      vertex -55.55 69.268 2.6
      vertex -55.7846 69.1522 -0.4
      vertex -55.55 69.268 -0.4
    endloop
  endfacet
  facet normal -0.89686 0.442314 0
    outer loop
      vertex -58.3978 71.7654 -0.4
      vertex -58.2821 72 2.6
      vertex -58.2821 72 -0.4
    endloop
  endfacet
  facet normal -0.89686 0.442314 0
    outer loop
      vertex -58.2821 72 2.6
      vertex -58.3978 71.7654 -0.4
      vertex -58.3978 71.7654 2.6
    endloop
  endfacet
  facet normal 0.94695 -0.321382 0
    outer loop
      vertex -54.7022 70.2346 2.6
      vertex -54.6181 70.4824 -0.4
      vertex -54.6181 70.4824 2.6
    endloop
  endfacet
  facet normal 0.94695 -0.321382 0
    outer loop
      vertex -54.6181 70.4824 -0.4
      vertex -54.7022 70.2346 2.6
      vertex -54.7022 70.2346 -0.4
    endloop
  endfacet
  facet normal 0.980801 0.195013 0
    outer loop
      vertex -54.5671 71.2611 2.6
      vertex -54.6181 71.5176 -0.4
      vertex -54.6181 71.5176 2.6
    endloop
  endfacet
  facet normal 0.980801 0.195013 0
    outer loop
      vertex -54.6181 71.5176 -0.4
      vertex -54.5671 71.2611 2.6
      vertex -54.5671 71.2611 -0.4
    endloop
  endfacet
  facet normal 0.997862 -0.0653521 0
    outer loop
      vertex -54.5671 70.7389 2.6
      vertex -54.55 71 -0.4
      vertex -54.55 71 2.6
    endloop
  endfacet
  facet normal 0.997862 -0.0653521 0
    outer loop
      vertex -54.55 71 -0.4
      vertex -54.5671 70.7389 2.6
      vertex -54.5671 70.7389 -0.4
    endloop
  endfacet
  facet normal -0.947066 -0.321039 0
    outer loop
      vertex -58.3978 70.2346 -0.4
      vertex -58.4818 70.4824 2.6
      vertex -58.4818 70.4824 -0.4
    endloop
  endfacet
  facet normal -0.947066 -0.321039 0
    outer loop
      vertex -58.4818 70.4824 2.6
      vertex -58.3978 70.2346 -0.4
      vertex -58.3978 70.2346 2.6
    endloop
  endfacet
  facet normal -0.831344 -0.555758 0
    outer loop
      vertex -58.1367 69.7825 -0.4
      vertex -58.2821 70 2.6
      vertex -58.2821 70 -0.4
    endloop
  endfacet
  facet normal -0.831344 -0.555758 0
    outer loop
      vertex -58.2821 70 2.6
      vertex -58.1367 69.7825 -0.4
      vertex -58.1367 69.7825 2.6
    endloop
  endfacet
  facet normal -0.980727 -0.195381 0
    outer loop
      vertex -58.4818 70.4824 -0.4
      vertex -58.5329 70.7389 2.6
      vertex -58.5329 70.7389 -0.4
    endloop
  endfacet
  facet normal -0.980727 -0.195381 0
    outer loop
      vertex -58.5329 70.7389 2.6
      vertex -58.4818 70.4824 -0.4
      vertex -58.4818 70.4824 2.6
    endloop
  endfacet
  facet normal -0.89686 -0.442314 0
    outer loop
      vertex -58.2821 70 -0.4
      vertex -58.3978 70.2346 2.6
      vertex -58.3978 70.2346 -0.4
    endloop
  endfacet
  facet normal -0.89686 -0.442314 0
    outer loop
      vertex -58.3978 70.2346 2.6
      vertex -58.2821 70 -0.4
      vertex -58.2821 70 2.6
    endloop
  endfacet
  facet normal 0.555494 -0.831521 0
    outer loop
      vertex -55.55 69.268 -0.4
      vertex -55.3325 69.4133 2.6
      vertex -55.55 69.268 2.6
    endloop
  endfacet
  facet normal 0.555494 -0.831521 0
    outer loop
      vertex -55.3325 69.4133 2.6
      vertex -55.55 69.268 -0.4
      vertex -55.3325 69.4133 -0.4
    endloop
  endfacet
  facet normal 0.831344 0.555758 0
    outer loop
      vertex -54.8179 72 2.6
      vertex -54.9633 72.2175 -0.4
      vertex -54.9633 72.2175 2.6
    endloop
  endfacet
  facet normal 0.831344 0.555758 0
    outer loop
      vertex -54.9633 72.2175 -0.4
      vertex -54.8179 72 2.6
      vertex -54.8179 72 -0.4
    endloop
  endfacet
  facet normal 0 0 1
    outer loop
      vertex -54.5671 71.2611 2.6
      vertex -54.5671 70.7389 2.6
      vertex -54.55 71 2.6
    endloop
  endfacet
  facet normal 0 0 1
    outer loop
      vertex -54.6181 71.5176 2.6
      vertex -54.5671 70.7389 2.6
      vertex -54.5671 71.2611 2.6
    endloop
  endfacet
  facet normal 0 0 1
    outer loop
      vertex -54.6181 71.5176 2.6
      vertex -54.6181 70.4824 2.6
      vertex -54.5671 70.7389 2.6
    endloop
  endfacet
  facet normal 0 0 1
    outer loop
      vertex -54.7022 71.7654 2.6
      vertex -54.6181 70.4824 2.6
      vertex -54.6181 71.5176 2.6
    endloop
  endfacet
  facet normal 0 0 1
    outer loop
      vertex -54.7022 71.7654 2.6
      vertex -54.7022 70.2346 2.6
      vertex -54.6181 70.4824 2.6
    endloop
  endfacet
  facet normal 0 0 1
    outer loop
      vertex -54.8179 72 2.6
      vertex -54.7022 70.2346 2.6
      vertex -54.7022 71.7654 2.6
    endloop
  endfacet
  facet normal 0 0 1
    outer loop
      vertex -54.8179 72 2.6
      vertex -54.8179 70 2.6
      vertex -54.7022 70.2346 2.6
    endloop
  endfacet
  facet normal 0 0 1
    outer loop
      vertex -54.9633 72.2175 2.6
      vertex -54.8179 70 2.6
      vertex -54.8179 72 2.6
    endloop
  endfacet
  facet normal 0 0 1
    outer loop
      vertex -54.9633 72.2175 2.6
      vertex -54.9633 69.7825 2.6
      vertex -54.8179 70 2.6
    endloop
  endfacet
  facet normal 0 0 1
    outer loop
      vertex -55.1358 72.4142 2.6
      vertex -54.9633 69.7825 2.6
      vertex -54.9633 72.2175 2.6
    endloop
  endfacet
  facet normal 0 0 1
    outer loop
      vertex -55.1358 72.4142 2.6
      vertex -55.1358 69.5858 2.6
      vertex -54.9633 69.7825 2.6
    endloop
  endfacet
  facet normal 0 0 1
    outer loop
      vertex -55.3325 72.5867 2.6
      vertex -55.1358 69.5858 2.6
      vertex -55.1358 72.4142 2.6
    endloop
  endfacet
  facet normal 0 0 1
    outer loop
      vertex -55.3325 72.5867 2.6
      vertex -55.3325 69.4133 2.6
      vertex -55.1358 69.5858 2.6
    endloop
  endfacet
  facet normal 0 0 1
    outer loop
      vertex -55.55 72.732 2.6
      vertex -55.3325 69.4133 2.6
      vertex -55.3325 72.5867 2.6
    endloop
  endfacet
  facet normal 0 0 1
    outer loop
      vertex -55.55 72.732 2.6
      vertex -55.55 69.268 2.6
      vertex -55.3325 69.4133 2.6
    endloop
  endfacet
  facet normal 0 0 1
    outer loop
      vertex -55.7846 72.8478 2.6
      vertex -55.55 69.268 2.6
      vertex -55.55 72.732 2.6
    endloop
  endfacet
  facet normal 0 0 1
    outer loop
      vertex -55.7846 72.8478 2.6
      vertex -55.7846 69.1522 2.6
      vertex -55.55 69.268 2.6
    endloop
  endfacet
  facet normal 0 0 1
    outer loop
      vertex -56.0324 72.9319 2.6
      vertex -55.7846 69.1522 2.6
      vertex -55.7846 72.8478 2.6
    endloop
  endfacet
  facet normal 0 0 1
    outer loop
      vertex -56.0324 72.9319 2.6
      vertex -56.0324 69.0681 2.6
      vertex -55.7846 69.1522 2.6
    endloop
  endfacet
  facet normal 0 0 1
    outer loop
      vertex -56.2889 72.9829 2.6
      vertex -56.0324 69.0681 2.6
      vertex -56.0324 72.9319 2.6
    endloop
  endfacet
  facet normal 0 0 1
    outer loop
      vertex -56.2889 72.9829 2.6
      vertex -56.2889 69.0171 2.6
      vertex -56.0324 69.0681 2.6
    endloop
  endfacet
  facet normal 0 0 1
    outer loop
      vertex -56.55 73 2.6
      vertex -56.2889 69.0171 2.6
      vertex -56.2889 72.9829 2.6
    endloop
  endfacet
  facet normal 0 0 1
    outer loop
      vertex -56.55 73 2.6
      vertex -56.55 69 2.6
      vertex -56.2889 69.0171 2.6
    endloop
  endfacet
  facet normal -0 0 1
    outer loop
      vertex -56.8111 72.9829 2.6
      vertex -56.55 69 2.6
      vertex -56.55 73 2.6
    endloop
  endfacet
  facet normal 0 0 1
    outer loop
      vertex -56.8111 72.9829 2.6
      vertex -56.8111 69.0171 2.6
      vertex -56.55 69 2.6
    endloop
  endfacet
  facet normal -0 0 1
    outer loop
      vertex -57.0676 72.9319 2.6
      vertex -56.8111 69.0171 2.6
      vertex -56.8111 72.9829 2.6
    endloop
  endfacet
  facet normal 0 0 1
    outer loop
      vertex -57.0676 72.9319 2.6
      vertex -57.0676 69.0681 2.6
      vertex -56.8111 69.0171 2.6
    endloop
  endfacet
  facet normal -0 0 1
    outer loop
      vertex -57.3154 72.8478 2.6
      vertex -57.0676 69.0681 2.6
      vertex -57.0676 72.9319 2.6
    endloop
  endfacet
  facet normal 0 0 1
    outer loop
      vertex -57.3154 72.8478 2.6
      vertex -57.3154 69.1522 2.6
      vertex -57.0676 69.0681 2.6
    endloop
  endfacet
  facet normal -0 0 1
    outer loop
      vertex -57.55 72.732 2.6
      vertex -57.3154 69.1522 2.6
      vertex -57.3154 72.8478 2.6
    endloop
  endfacet
  facet normal 0 0 1
    outer loop
      vertex -57.55 72.732 2.6
      vertex -57.55 69.268 2.6
      vertex -57.3154 69.1522 2.6
    endloop
  endfacet
  facet normal -0 0 1
    outer loop
      vertex -57.7675 72.5867 2.6
      vertex -57.55 69.268 2.6
      vertex -57.55 72.732 2.6
    endloop
  endfacet
  facet normal 0 0 1
    outer loop
      vertex -57.7675 72.5867 2.6
      vertex -57.7675 69.4133 2.6
      vertex -57.55 69.268 2.6
    endloop
  endfacet
  facet normal -0 0 1
    outer loop
      vertex -57.9642 72.4142 2.6
      vertex -57.7675 69.4133 2.6
      vertex -57.7675 72.5867 2.6
    endloop
  endfacet
  facet normal 0 0 1
    outer loop
      vertex -57.9642 72.4142 2.6
      vertex -57.9642 69.5858 2.6
      vertex -57.7675 69.4133 2.6
    endloop
  endfacet
  facet normal -0 0 1
    outer loop
      vertex -58.1367 72.2175 2.6
      vertex -57.9642 69.5858 2.6
      vertex -57.9642 72.4142 2.6
    endloop
  endfacet
  facet normal 0 0 1
    outer loop
      vertex -58.1367 72.2175 2.6
      vertex -58.1367 69.7825 2.6
      vertex -57.9642 69.5858 2.6
    endloop
  endfacet
  facet normal -0 0 1
    outer loop
      vertex -58.2821 72 2.6
      vertex -58.1367 69.7825 2.6
      vertex -58.1367 72.2175 2.6
    endloop
  endfacet
  facet normal 0 0 1
    outer loop
      vertex -58.2821 72 2.6
      vertex -58.2821 70 2.6
      vertex -58.1367 69.7825 2.6
    endloop
  endfacet
  facet normal -0 0 1
    outer loop
      vertex -58.3978 71.7654 2.6
      vertex -58.2821 70 2.6
      vertex -58.2821 72 2.6
    endloop
  endfacet
  facet normal 0 0 1
    outer loop
      vertex -58.3978 71.7654 2.6
      vertex -58.3978 70.2346 2.6
      vertex -58.2821 70 2.6
    endloop
  endfacet
  facet normal -0 0 1
    outer loop
      vertex -58.4818 71.5176 2.6
      vertex -58.3978 70.2346 2.6
      vertex -58.3978 71.7654 2.6
    endloop
  endfacet
  facet normal 0 0 1
    outer loop
      vertex -58.4818 71.5176 2.6
      vertex -58.4818 70.4824 2.6
      vertex -58.3978 70.2346 2.6
    endloop
  endfacet
  facet normal -0 0 1
    outer loop
      vertex -58.5329 71.2611 2.6
      vertex -58.4818 70.4824 2.6
      vertex -58.4818 71.5176 2.6
    endloop
  endfacet
  facet normal 0 0 1
    outer loop
      vertex -58.5329 71.2611 2.6
      vertex -58.5329 70.7389 2.6
      vertex -58.4818 70.4824 2.6
    endloop
  endfacet
  facet normal 0 -0 1
    outer loop
      vertex -58.5329 70.7389 2.6
      vertex -58.5329 71.2611 2.6
      vertex -58.55 71 2.6
    endloop
  endfacet
  facet normal -0.997862 0.0653521 0
    outer loop
      vertex -58.55 71 -0.4
      vertex -58.5329 71.2611 2.6
      vertex -58.5329 71.2611 -0.4
    endloop
  endfacet
  facet normal -0.997862 0.0653521 0
    outer loop
      vertex -58.5329 71.2611 2.6
      vertex -58.55 71 -0.4
      vertex -58.55 71 2.6
    endloop
  endfacet
  facet normal -0.195013 -0.980801 0
    outer loop
      vertex -57.0676 69.0681 -0.4
      vertex -56.8111 69.0171 2.6
      vertex -57.0676 69.0681 2.6
    endloop
  endfacet
  facet normal -0.195013 -0.980801 -0
    outer loop
      vertex -56.8111 69.0171 2.6
      vertex -57.0676 69.0681 -0.4
      vertex -56.8111 69.0171 -0.4
    endloop
  endfacet
  facet normal -0.751842 -0.659343 0
    outer loop
      vertex -57.9642 69.5858 -0.4
      vertex -58.1367 69.7825 2.6
      vertex -58.1367 69.7825 -0.4
    endloop
  endfacet
  facet normal -0.751842 -0.659343 0
    outer loop
      vertex -58.1367 69.7825 2.6
      vertex -57.9642 69.5858 -0.4
      vertex -57.9642 69.5858 2.6
    endloop
  endfacet
  facet normal -0.947066 0.321039 0
    outer loop
      vertex -58.4818 71.5176 -0.4
      vertex -58.3978 71.7654 2.6
      vertex -58.3978 71.7654 -0.4
    endloop
  endfacet
  facet normal -0.947066 0.321039 0
    outer loop
      vertex -58.3978 71.7654 2.6
      vertex -58.4818 71.5176 -0.4
      vertex -58.4818 71.5176 2.6
    endloop
  endfacet
  facet normal 0.980801 -0.195013 0
    outer loop
      vertex -54.6181 70.4824 2.6
      vertex -54.5671 70.7389 -0.4
      vertex -54.5671 70.7389 2.6
    endloop
  endfacet
  facet normal 0.980801 -0.195013 0
    outer loop
      vertex -54.5671 70.7389 -0.4
      vertex -54.6181 70.4824 2.6
      vertex -54.6181 70.4824 -0.4
    endloop
  endfacet
  facet normal 0.89686 -0.442314 0
    outer loop
      vertex -54.8179 70 2.6
      vertex -54.7022 70.2346 -0.4
      vertex -54.7022 70.2346 2.6
    endloop
  endfacet
  facet normal 0.89686 -0.442314 0
    outer loop
      vertex -54.7022 70.2346 -0.4
      vertex -54.8179 70 2.6
      vertex -54.8179 70 -0.4
    endloop
  endfacet
  facet normal 0.321382 -0.94695 0
    outer loop
      vertex -56.0324 69.0681 -0.4
      vertex -55.7846 69.1522 2.6
      vertex -56.0324 69.0681 2.6
    endloop
  endfacet
  facet normal 0.321382 -0.94695 0
    outer loop
      vertex -55.7846 69.1522 2.6
      vertex -56.0324 69.0681 -0.4
      vertex -55.7846 69.1522 -0.4
    endloop
  endfacet
  facet normal -0.980727 0.195381 0
    outer loop
      vertex -58.5329 71.2611 -0.4
      vertex -58.4818 71.5176 2.6
      vertex -58.4818 71.5176 -0.4
    endloop
  endfacet
  facet normal -0.980727 0.195381 0
    outer loop
      vertex -58.4818 71.5176 2.6
      vertex -58.5329 71.2611 -0.4
      vertex -58.5329 71.2611 2.6
    endloop
  endfacet
  facet normal -0.659343 -0.751842 0
    outer loop
      vertex -57.9642 69.5858 -0.4
      vertex -57.7675 69.4133 2.6
      vertex -57.9642 69.5858 2.6
    endloop
  endfacet
  facet normal -0.659343 -0.751842 -0
    outer loop
      vertex -57.7675 69.4133 2.6
      vertex -57.9642 69.5858 -0.4
      vertex -57.7675 69.4133 -0.4
    endloop
  endfacet
  facet normal -0.997862 -0.0653521 0
    outer loop
      vertex -58.5329 70.7389 -0.4
      vertex -58.55 71 2.6
      vertex -58.55 71 -0.4
    endloop
  endfacet
  facet normal -0.997862 -0.0653521 0
    outer loop
      vertex -58.55 71 2.6
      vertex -58.5329 70.7389 -0.4
      vertex -58.5329 70.7389 2.6
    endloop
  endfacet
  facet normal -0.831344 0.555758 0
    outer loop
      vertex -58.2821 72 -0.4
      vertex -58.1367 72.2175 2.6
      vertex -58.1367 72.2175 -0.4
    endloop
  endfacet
  facet normal -0.831344 0.555758 0
    outer loop
      vertex -58.1367 72.2175 2.6
      vertex -58.2821 72 -0.4
      vertex -58.2821 72 2.6
    endloop
  endfacet
  facet normal -0.442621 -0.896709 0
    outer loop
      vertex -57.55 69.268 -0.4
      vertex -57.3154 69.1522 2.6
      vertex -57.55 69.268 2.6
    endloop
  endfacet
  facet normal -0.442621 -0.896709 -0
    outer loop
      vertex -57.3154 69.1522 2.6
      vertex -57.55 69.268 -0.4
      vertex -57.3154 69.1522 -0.4
    endloop
  endfacet
  facet normal 0.321395 -0.946945 0
    outer loop
      vertex -36.2993 13.1711 -2.7
      vertex -36.0082 13.2699 -0.4
      vertex -36.2993 13.1711 -0.4
    endloop
  endfacet
  facet normal 0.321395 -0.946945 0
    outer loop
      vertex -36.0082 13.2699 -0.4
      vertex -36.2993 13.1711 -2.7
      vertex -36.0082 13.2699 -2.7
    endloop
  endfacet
  facet normal -0.89695 -0.442131 0
    outer loop
      vertex -33.2289 11.8993 -2.7
      vertex -33.3648 12.175 -0.4
      vertex -33.3648 12.175 -2.7
    endloop
  endfacet
  facet normal -0.89695 -0.442131 0
    outer loop
      vertex -33.3648 12.175 -0.4
      vertex -33.2289 11.8993 -2.7
      vertex -33.2289 11.8993 -0.4
    endloop
  endfacet
  facet normal 0.997859 -0.0653961 0
    outer loop
      vertex -37.75 11 -0.4
      vertex -37.7299 11.3067 -2.7
      vertex -37.7299 11.3067 -0.4
    endloop
  endfacet
  facet normal 0.997859 -0.0653961 0
    outer loop
      vertex -37.7299 11.3067 -2.7
      vertex -37.75 11 -0.4
      vertex -37.75 11 -2.7
    endloop
  endfacet
  facet normal 0.89695 -0.442131 0
    outer loop
      vertex -37.5711 11.8993 -0.4
      vertex -37.4352 12.175 -2.7
      vertex -37.4352 12.175 -0.4
    endloop
  endfacet
  facet normal 0.89695 -0.442131 0
    outer loop
      vertex -37.4352 12.175 -2.7
      vertex -37.5711 11.8993 -0.4
      vertex -37.5711 11.8993 -2.7
    endloop
  endfacet
  facet normal 0.555601 -0.831449 0
    outer loop
      vertex -36.8306 12.8644 -2.7
      vertex -36.575 13.0352 -0.4
      vertex -36.8306 12.8644 -0.4
    endloop
  endfacet
  facet normal 0.555601 -0.831449 0
    outer loop
      vertex -36.575 13.0352 -0.4
      vertex -36.8306 12.8644 -2.7
      vertex -36.575 13.0352 -2.7
    endloop
  endfacet
  facet normal -0.442288 0.896873 0
    outer loop
      vertex -34.225 8.96484 -2.7
      vertex -34.5007 8.82888 -0.4
      vertex -34.225 8.96484 -0.4
    endloop
  endfacet
  facet normal -0.442288 0.896873 0
    outer loop
      vertex -34.5007 8.82888 -0.4
      vertex -34.225 8.96484 -2.7
      vertex -34.5007 8.82888 -2.7
    endloop
  endfacet
  facet normal 0.75179 -0.659402 0
    outer loop
      vertex -37.2644 12.4306 -0.4
      vertex -37.0617 12.6617 -2.7
      vertex -37.0617 12.6617 -0.4
    endloop
  endfacet
  facet normal 0.75179 -0.659402 0
    outer loop
      vertex -37.0617 12.6617 -2.7
      vertex -37.2644 12.4306 -0.4
      vertex -37.2644 12.4306 -2.7
    endloop
  endfacet
  facet normal -0.980768 -0.195178 0
    outer loop
      vertex -33.0701 11.3067 -2.7
      vertex -33.1301 11.6082 -0.4
      vertex -33.1301 11.6082 -2.7
    endloop
  endfacet
  facet normal -0.980768 -0.195178 0
    outer loop
      vertex -33.1301 11.6082 -0.4
      vertex -33.0701 11.3067 -2.7
      vertex -33.0701 11.3067 -0.4
    endloop
  endfacet
  facet normal 0.442288 0.896873 -0
    outer loop
      vertex -36.2993 8.82888 -2.7
      vertex -36.575 8.96484 -0.4
      vertex -36.2993 8.82888 -0.4
    endloop
  endfacet
  facet normal 0.442288 0.896873 0
    outer loop
      vertex -36.575 8.96484 -0.4
      vertex -36.2993 8.82888 -2.7
      vertex -36.575 8.96484 -2.7
    endloop
  endfacet
  facet normal -0.89695 0.442131 0
    outer loop
      vertex -33.3648 9.825 -2.7
      vertex -33.2289 10.1007 -0.4
      vertex -33.2289 10.1007 -2.7
    endloop
  endfacet
  facet normal -0.89695 0.442131 0
    outer loop
      vertex -33.2289 10.1007 -0.4
      vertex -33.3648 9.825 -2.7
      vertex -33.3648 9.825 -0.4
    endloop
  endfacet
  facet normal -0.195178 -0.980768 0
    outer loop
      vertex -35.0933 13.3299 -2.7
      vertex -34.7918 13.2699 -0.4
      vertex -35.0933 13.3299 -0.4
    endloop
  endfacet
  facet normal -0.195178 -0.980768 -0
    outer loop
      vertex -34.7918 13.2699 -0.4
      vertex -35.0933 13.3299 -2.7
      vertex -34.7918 13.2699 -2.7
    endloop
  endfacet
  facet normal 0.831439 0.555616 0
    outer loop
      vertex -37.2644 9.56941 -0.4
      vertex -37.4352 9.825 -2.7
      vertex -37.4352 9.825 -0.4
    endloop
  endfacet
  facet normal 0.831439 0.555616 0
    outer loop
      vertex -37.4352 9.825 -2.7
      vertex -37.2644 9.56941 -0.4
      vertex -37.2644 9.56941 -2.7
    endloop
  endfacet
  facet normal -0.831439 0.555616 0
    outer loop
      vertex -33.5356 9.56941 -2.7
      vertex -33.3648 9.825 -0.4
      vertex -33.3648 9.825 -2.7
    endloop
  endfacet
  facet normal -0.831439 0.555616 0
    outer loop
      vertex -33.3648 9.825 -0.4
      vertex -33.5356 9.56941 -2.7
      vertex -33.5356 9.56941 -0.4
    endloop
  endfacet
  facet normal -0.997859 -0.0653961 0
    outer loop
      vertex -33.05 11 -2.7
      vertex -33.0701 11.3067 -0.4
      vertex -33.0701 11.3067 -2.7
    endloop
  endfacet
  facet normal -0.997859 -0.0653961 0
    outer loop
      vertex -33.0701 11.3067 -0.4
      vertex -33.05 11 -2.7
      vertex -33.05 11 -0.4
    endloop
  endfacet
  facet normal 0.442131 -0.89695 0
    outer loop
      vertex -36.575 13.0352 -2.7
      vertex -36.2993 13.1711 -0.4
      vertex -36.575 13.0352 -0.4
    endloop
  endfacet
  facet normal 0.442131 -0.89695 0
    outer loop
      vertex -36.2993 13.1711 -0.4
      vertex -36.575 13.0352 -2.7
      vertex -36.2993 13.1711 -2.7
    endloop
  endfacet
  facet normal 0.980768 -0.195178 0
    outer loop
      vertex -37.7299 11.3067 -0.4
      vertex -37.6699 11.6082 -2.7
      vertex -37.6699 11.6082 -0.4
    endloop
  endfacet
  facet normal 0.980768 -0.195178 0
    outer loop
      vertex -37.6699 11.6082 -2.7
      vertex -37.7299 11.3067 -0.4
      vertex -37.7299 11.3067 -2.7
    endloop
  endfacet
  facet normal 0.321424 0.946935 -0
    outer loop
      vertex -36.0082 8.73007 -2.7
      vertex -36.2993 8.82888 -0.4
      vertex -36.0082 8.73007 -0.4
    endloop
  endfacet
  facet normal 0.321424 0.946935 0
    outer loop
      vertex -36.2993 8.82888 -0.4
      vertex -36.0082 8.73007 -2.7
      vertex -36.2993 8.82888 -2.7
    endloop
  endfacet
  facet normal 0.980768 0.195178 0
    outer loop
      vertex -37.6699 10.3918 -0.4
      vertex -37.7299 10.6933 -2.7
      vertex -37.7299 10.6933 -0.4
    endloop
  endfacet
  facet normal 0.980768 0.195178 0
    outer loop
      vertex -37.7299 10.6933 -2.7
      vertex -37.6699 10.3918 -0.4
      vertex -37.6699 10.3918 -2.7
    endloop
  endfacet
  facet normal 0.997859 0.0653961 0
    outer loop
      vertex -37.7299 10.6933 -0.4
      vertex -37.75 11 -2.7
      vertex -37.75 11 -0.4
    endloop
  endfacet
  facet normal 0.997859 0.0653961 0
    outer loop
      vertex -37.75 11 -2.7
      vertex -37.7299 10.6933 -0.4
      vertex -37.7299 10.6933 -2.7
    endloop
  endfacet
  facet normal -0.555601 -0.831449 0
    outer loop
      vertex -34.225 13.0352 -2.7
      vertex -33.9694 12.8644 -0.4
      vertex -34.225 13.0352 -0.4
    endloop
  endfacet
  facet normal -0.555601 -0.831449 -0
    outer loop
      vertex -33.9694 12.8644 -0.4
      vertex -34.225 13.0352 -2.7
      vertex -33.9694 12.8644 -2.7
    endloop
  endfacet
  facet normal 0.659402 -0.75179 0
    outer loop
      vertex -37.0617 12.6617 -2.7
      vertex -36.8306 12.8644 -0.4
      vertex -37.0617 12.6617 -0.4
    endloop
  endfacet
  facet normal 0.659402 -0.75179 0
    outer loop
      vertex -36.8306 12.8644 -0.4
      vertex -37.0617 12.6617 -2.7
      vertex -36.8306 12.8644 -2.7
    endloop
  endfacet
  facet normal 0.195084 0.980787 -0
    outer loop
      vertex -35.7067 8.6701 -2.7
      vertex -36.0082 8.73007 -0.4
      vertex -35.7067 8.6701 -0.4
    endloop
  endfacet
  facet normal 0.195084 0.980787 0
    outer loop
      vertex -36.0082 8.73007 -0.4
      vertex -35.7067 8.6701 -2.7
      vertex -36.0082 8.73007 -2.7
    endloop
  endfacet
  facet normal -0.997859 0.0653961 0
    outer loop
      vertex -33.0701 10.6933 -2.7
      vertex -33.05 11 -0.4
      vertex -33.05 11 -2.7
    endloop
  endfacet
  facet normal -0.997859 0.0653961 0
    outer loop
      vertex -33.05 11 -0.4
      vertex -33.0701 10.6933 -2.7
      vertex -33.0701 10.6933 -0.4
    endloop
  endfacet
  facet normal 0.831449 -0.555601 0
    outer loop
      vertex -37.4352 12.175 -0.4
      vertex -37.2644 12.4306 -2.7
      vertex -37.2644 12.4306 -0.4
    endloop
  endfacet
  facet normal 0.831449 -0.555601 0
    outer loop
      vertex -37.2644 12.4306 -2.7
      vertex -37.4352 12.175 -0.4
      vertex -37.4352 12.175 -2.7
    endloop
  endfacet
  facet normal -0.442131 -0.89695 0
    outer loop
      vertex -34.5007 13.1711 -2.7
      vertex -34.225 13.0352 -0.4
      vertex -34.5007 13.1711 -0.4
    endloop
  endfacet
  facet normal -0.442131 -0.89695 -0
    outer loop
      vertex -34.225 13.0352 -0.4
      vertex -34.5007 13.1711 -2.7
      vertex -34.225 13.0352 -2.7
    endloop
  endfacet
  facet normal -0.75179 -0.659402 0
    outer loop
      vertex -33.5356 12.4306 -2.7
      vertex -33.7383 12.6617 -0.4
      vertex -33.7383 12.6617 -2.7
    endloop
  endfacet
  facet normal -0.75179 -0.659402 0
    outer loop
      vertex -33.7383 12.6617 -0.4
      vertex -33.5356 12.4306 -2.7
      vertex -33.5356 12.4306 -0.4
    endloop
  endfacet
  facet normal 0.555556 0.831479 -0
    outer loop
      vertex -36.575 8.96484 -2.7
      vertex -36.8306 9.13562 -0.4
      vertex -36.575 8.96484 -0.4
    endloop
  endfacet
  facet normal 0.555556 0.831479 0
    outer loop
      vertex -36.8306 9.13562 -0.4
      vertex -36.575 8.96484 -2.7
      vertex -36.8306 9.13562 -2.7
    endloop
  endfacet
  facet normal 0.195178 -0.980768 0
    outer loop
      vertex -36.0082 13.2699 -2.7
      vertex -35.7067 13.3299 -0.4
      vertex -36.0082 13.2699 -0.4
    endloop
  endfacet
  facet normal 0.195178 -0.980768 0
    outer loop
      vertex -35.7067 13.3299 -0.4
      vertex -36.0082 13.2699 -2.7
      vertex -35.7067 13.3299 -2.7
    endloop
  endfacet
  facet normal 0.659366 0.751822 -0
    outer loop
      vertex -36.8306 9.13562 -2.7
      vertex -37.0617 9.3383 -0.4
      vertex -36.8306 9.13562 -0.4
    endloop
  endfacet
  facet normal 0.659366 0.751822 0
    outer loop
      vertex -37.0617 9.3383 -0.4
      vertex -36.8306 9.13562 -2.7
      vertex -37.0617 9.3383 -2.7
    endloop
  endfacet
  facet normal -0.980768 0.195178 0
    outer loop
      vertex -33.1301 10.3918 -2.7
      vertex -33.0701 10.6933 -0.4
      vertex -33.0701 10.6933 -2.7
    endloop
  endfacet
  facet normal -0.980768 0.195178 0
    outer loop
      vertex -33.0701 10.6933 -0.4
      vertex -33.1301 10.3918 -2.7
      vertex -33.1301 10.3918 -0.4
    endloop
  endfacet
  facet normal -0.659402 -0.75179 0
    outer loop
      vertex -33.9694 12.8644 -2.7
      vertex -33.7383 12.6617 -0.4
      vertex -33.9694 12.8644 -0.4
    endloop
  endfacet
  facet normal -0.659402 -0.75179 -0
    outer loop
      vertex -33.7383 12.6617 -0.4
      vertex -33.9694 12.8644 -2.7
      vertex -33.7383 12.6617 -2.7
    endloop
  endfacet
  facet normal -0.0653961 0.997859 0
    outer loop
      vertex -35.0933 8.6701 -2.7
      vertex -35.4 8.65 -0.4
      vertex -35.0933 8.6701 -0.4
    endloop
  endfacet
  facet normal -0.0653961 0.997859 0
    outer loop
      vertex -35.4 8.65 -0.4
      vertex -35.0933 8.6701 -2.7
      vertex -35.4 8.65 -2.7
    endloop
  endfacet
  facet normal 0.751804 0.659386 0
    outer loop
      vertex -37.0617 9.3383 -0.4
      vertex -37.2644 9.56941 -2.7
      vertex -37.2644 9.56941 -0.4
    endloop
  endfacet
  facet normal 0.751804 0.659386 0
    outer loop
      vertex -37.2644 9.56941 -2.7
      vertex -37.0617 9.3383 -0.4
      vertex -37.0617 9.3383 -2.7
    endloop
  endfacet
  facet normal -0.946945 0.321395 0
    outer loop
      vertex -33.2289 10.1007 -2.7
      vertex -33.1301 10.3918 -0.4
      vertex -33.1301 10.3918 -2.7
    endloop
  endfacet
  facet normal -0.946945 0.321395 0
    outer loop
      vertex -33.1301 10.3918 -0.4
      vertex -33.2289 10.1007 -2.7
      vertex -33.2289 10.1007 -0.4
    endloop
  endfacet
  facet normal -0.555556 0.831479 0
    outer loop
      vertex -33.9694 9.13562 -2.7
      vertex -34.225 8.96484 -0.4
      vertex -33.9694 9.13562 -0.4
    endloop
  endfacet
  facet normal -0.555556 0.831479 0
    outer loop
      vertex -34.225 8.96484 -0.4
      vertex -33.9694 9.13562 -2.7
      vertex -34.225 8.96484 -2.7
    endloop
  endfacet
  facet normal -0.195084 0.980787 0
    outer loop
      vertex -34.7918 8.73007 -2.7
      vertex -35.0933 8.6701 -0.4
      vertex -34.7918 8.73007 -0.4
    endloop
  endfacet
  facet normal -0.195084 0.980787 0
    outer loop
      vertex -35.0933 8.6701 -0.4
      vertex -34.7918 8.73007 -2.7
      vertex -35.0933 8.6701 -2.7
    endloop
  endfacet
  facet normal 0.946945 -0.321395 0
    outer loop
      vertex -37.6699 11.6082 -0.4
      vertex -37.5711 11.8993 -2.7
      vertex -37.5711 11.8993 -0.4
    endloop
  endfacet
  facet normal 0.946945 -0.321395 0
    outer loop
      vertex -37.5711 11.8993 -2.7
      vertex -37.6699 11.6082 -0.4
      vertex -37.6699 11.6082 -2.7
    endloop
  endfacet
  facet normal -0.321395 -0.946945 0
    outer loop
      vertex -34.7918 13.2699 -2.7
      vertex -34.5007 13.1711 -0.4
      vertex -34.7918 13.2699 -0.4
    endloop
  endfacet
  facet normal -0.321395 -0.946945 -0
    outer loop
      vertex -34.5007 13.1711 -0.4
      vertex -34.7918 13.2699 -2.7
      vertex -34.5007 13.1711 -2.7
    endloop
  endfacet
  facet normal -0.659366 0.751822 0
    outer loop
      vertex -33.7383 9.3383 -2.7
      vertex -33.9694 9.13562 -0.4
      vertex -33.7383 9.3383 -0.4
    endloop
  endfacet
  facet normal -0.659366 0.751822 0
    outer loop
      vertex -33.9694 9.13562 -0.4
      vertex -33.7383 9.3383 -2.7
      vertex -33.9694 9.13562 -2.7
    endloop
  endfacet
  facet normal -0.0653961 -0.997859 0
    outer loop
      vertex -35.4 13.35 -2.7
      vertex -35.0933 13.3299 -0.4
      vertex -35.4 13.35 -0.4
    endloop
  endfacet
  facet normal -0.0653961 -0.997859 -0
    outer loop
      vertex -35.0933 13.3299 -0.4
      vertex -35.4 13.35 -2.7
      vertex -35.0933 13.3299 -2.7
    endloop
  endfacet
  facet normal 0.946945 0.321395 0
    outer loop
      vertex -37.5711 10.1007 -0.4
      vertex -37.6699 10.3918 -2.7
      vertex -37.6699 10.3918 -0.4
    endloop
  endfacet
  facet normal 0.946945 0.321395 0
    outer loop
      vertex -37.6699 10.3918 -2.7
      vertex -37.5711 10.1007 -0.4
      vertex -37.5711 10.1007 -2.7
    endloop
  endfacet
  facet normal 0.89695 0.442131 0
    outer loop
      vertex -37.4352 9.825 -0.4
      vertex -37.5711 10.1007 -2.7
      vertex -37.5711 10.1007 -0.4
    endloop
  endfacet
  facet normal 0.89695 0.442131 0
    outer loop
      vertex -37.5711 10.1007 -2.7
      vertex -37.4352 9.825 -0.4
      vertex -37.4352 9.825 -2.7
    endloop
  endfacet
  facet normal 0 0 1
    outer loop
      vertex -33.0701 11.3067 -2.7
      vertex -33.0701 10.6933 -2.7
      vertex -33.05 11 -2.7
    endloop
  endfacet
  facet normal 0 0 1
    outer loop
      vertex -33.1301 11.6082 -2.7
      vertex -33.0701 10.6933 -2.7
      vertex -33.0701 11.3067 -2.7
    endloop
  endfacet
  facet normal 0 0 1
    outer loop
      vertex -33.1301 11.6082 -2.7
      vertex -33.1301 10.3918 -2.7
      vertex -33.0701 10.6933 -2.7
    endloop
  endfacet
  facet normal 0 0 1
    outer loop
      vertex -33.2289 11.8993 -2.7
      vertex -33.1301 10.3918 -2.7
      vertex -33.1301 11.6082 -2.7
    endloop
  endfacet
  facet normal 0 0 1
    outer loop
      vertex -33.2289 11.8993 -2.7
      vertex -33.2289 10.1007 -2.7
      vertex -33.1301 10.3918 -2.7
    endloop
  endfacet
  facet normal 0 0 1
    outer loop
      vertex -33.3648 12.175 -2.7
      vertex -33.2289 10.1007 -2.7
      vertex -33.2289 11.8993 -2.7
    endloop
  endfacet
  facet normal 0 0 1
    outer loop
      vertex -33.3648 12.175 -2.7
      vertex -33.3648 9.825 -2.7
      vertex -33.2289 10.1007 -2.7
    endloop
  endfacet
  facet normal 0 0 1
    outer loop
      vertex -33.5356 12.4306 -2.7
      vertex -33.3648 9.825 -2.7
      vertex -33.3648 12.175 -2.7
    endloop
  endfacet
  facet normal 0 0 1
    outer loop
      vertex -33.5356 12.4306 -2.7
      vertex -33.5356 9.56941 -2.7
      vertex -33.3648 9.825 -2.7
    endloop
  endfacet
  facet normal 0 0 1
    outer loop
      vertex -33.7383 12.6617 -2.7
      vertex -33.5356 9.56941 -2.7
      vertex -33.5356 12.4306 -2.7
    endloop
  endfacet
  facet normal 0 0 1
    outer loop
      vertex -33.7383 12.6617 -2.7
      vertex -33.7383 9.3383 -2.7
      vertex -33.5356 9.56941 -2.7
    endloop
  endfacet
  facet normal 0 0 1
    outer loop
      vertex -33.9694 12.8644 -2.7
      vertex -33.7383 9.3383 -2.7
      vertex -33.7383 12.6617 -2.7
    endloop
  endfacet
  facet normal 0 0 1
    outer loop
      vertex -33.9694 12.8644 -2.7
      vertex -33.9694 9.13562 -2.7
      vertex -33.7383 9.3383 -2.7
    endloop
  endfacet
  facet normal 0 0 1
    outer loop
      vertex -34.225 13.0352 -2.7
      vertex -33.9694 9.13562 -2.7
      vertex -33.9694 12.8644 -2.7
    endloop
  endfacet
  facet normal 0 0 1
    outer loop
      vertex -34.225 13.0352 -2.7
      vertex -34.225 8.96484 -2.7
      vertex -33.9694 9.13562 -2.7
    endloop
  endfacet
  facet normal 0 0 1
    outer loop
      vertex -34.5007 13.1711 -2.7
      vertex -34.225 8.96484 -2.7
      vertex -34.225 13.0352 -2.7
    endloop
  endfacet
  facet normal 0 0 1
    outer loop
      vertex -34.5007 13.1711 -2.7
      vertex -34.5007 8.82888 -2.7
      vertex -34.225 8.96484 -2.7
    endloop
  endfacet
  facet normal 0 0 1
    outer loop
      vertex -34.7918 13.2699 -2.7
      vertex -34.5007 8.82888 -2.7
      vertex -34.5007 13.1711 -2.7
    endloop
  endfacet
  facet normal 0 0 1
    outer loop
      vertex -34.7918 13.2699 -2.7
      vertex -34.7918 8.73007 -2.7
      vertex -34.5007 8.82888 -2.7
    endloop
  endfacet
  facet normal 0 0 1
    outer loop
      vertex -35.0933 13.3299 -2.7
      vertex -34.7918 8.73007 -2.7
      vertex -34.7918 13.2699 -2.7
    endloop
  endfacet
  facet normal 0 0 1
    outer loop
      vertex -35.0933 13.3299 -2.7
      vertex -35.0933 8.6701 -2.7
      vertex -34.7918 8.73007 -2.7
    endloop
  endfacet
  facet normal 0 0 1
    outer loop
      vertex -35.4 13.35 -2.7
      vertex -35.0933 8.6701 -2.7
      vertex -35.0933 13.3299 -2.7
    endloop
  endfacet
  facet normal 0 0 1
    outer loop
      vertex -35.4 13.35 -2.7
      vertex -35.4 8.65 -2.7
      vertex -35.0933 8.6701 -2.7
    endloop
  endfacet
  facet normal -0 0 1
    outer loop
      vertex -35.7067 13.3299 -2.7
      vertex -35.4 8.65 -2.7
      vertex -35.4 13.35 -2.7
    endloop
  endfacet
  facet normal 0 0 1
    outer loop
      vertex -35.7067 13.3299 -2.7
      vertex -35.7067 8.6701 -2.7
      vertex -35.4 8.65 -2.7
    endloop
  endfacet
  facet normal -0 0 1
    outer loop
      vertex -36.0082 13.2699 -2.7
      vertex -35.7067 8.6701 -2.7
      vertex -35.7067 13.3299 -2.7
    endloop
  endfacet
  facet normal 0 0 1
    outer loop
      vertex -36.0082 13.2699 -2.7
      vertex -36.0082 8.73007 -2.7
      vertex -35.7067 8.6701 -2.7
    endloop
  endfacet
  facet normal -0 0 1
    outer loop
      vertex -36.2993 13.1711 -2.7
      vertex -36.0082 8.73007 -2.7
      vertex -36.0082 13.2699 -2.7
    endloop
  endfacet
  facet normal 0 0 1
    outer loop
      vertex -36.2993 13.1711 -2.7
      vertex -36.2993 8.82888 -2.7
      vertex -36.0082 8.73007 -2.7
    endloop
  endfacet
  facet normal -0 0 1
    outer loop
      vertex -36.575 13.0352 -2.7
      vertex -36.2993 8.82888 -2.7
      vertex -36.2993 13.1711 -2.7
    endloop
  endfacet
  facet normal 0 0 1
    outer loop
      vertex -36.575 13.0352 -2.7
      vertex -36.575 8.96484 -2.7
      vertex -36.2993 8.82888 -2.7
    endloop
  endfacet
  facet normal -0 0 1
    outer loop
      vertex -36.8306 12.8644 -2.7
      vertex -36.575 8.96484 -2.7
      vertex -36.575 13.0352 -2.7
    endloop
  endfacet
  facet normal 0 0 1
    outer loop
      vertex -36.8306 12.8644 -2.7
      vertex -36.8306 9.13562 -2.7
      vertex -36.575 8.96484 -2.7
    endloop
  endfacet
  facet normal -0 0 1
    outer loop
      vertex -37.0617 12.6617 -2.7
      vertex -36.8306 9.13562 -2.7
      vertex -36.8306 12.8644 -2.7
    endloop
  endfacet
  facet normal 0 0 1
    outer loop
      vertex -37.0617 12.6617 -2.7
      vertex -37.0617 9.3383 -2.7
      vertex -36.8306 9.13562 -2.7
    endloop
  endfacet
  facet normal -0 0 1
    outer loop
      vertex -37.2644 12.4306 -2.7
      vertex -37.0617 9.3383 -2.7
      vertex -37.0617 12.6617 -2.7
    endloop
  endfacet
  facet normal 0 0 1
    outer loop
      vertex -37.2644 12.4306 -2.7
      vertex -37.2644 9.56941 -2.7
      vertex -37.0617 9.3383 -2.7
    endloop
  endfacet
  facet normal -0 0 1
    outer loop
      vertex -37.4352 12.175 -2.7
      vertex -37.2644 9.56941 -2.7
      vertex -37.2644 12.4306 -2.7
    endloop
  endfacet
  facet normal 0 0 1
    outer loop
      vertex -37.4352 12.175 -2.7
      vertex -37.4352 9.825 -2.7
      vertex -37.2644 9.56941 -2.7
    endloop
  endfacet
  facet normal -0 0 1
    outer loop
      vertex -37.5711 11.8993 -2.7
      vertex -37.4352 9.825 -2.7
      vertex -37.4352 12.175 -2.7
    endloop
  endfacet
  facet normal 0 0 1
    outer loop
      vertex -37.5711 11.8993 -2.7
      vertex -37.5711 10.1007 -2.7
      vertex -37.4352 9.825 -2.7
    endloop
  endfacet
  facet normal -0 0 1
    outer loop
      vertex -37.6699 11.6082 -2.7
      vertex -37.5711 10.1007 -2.7
      vertex -37.5711 11.8993 -2.7
    endloop
  endfacet
  facet normal 0 0 1
    outer loop
      vertex -37.6699 11.6082 -2.7
      vertex -37.6699 10.3918 -2.7
      vertex -37.5711 10.1007 -2.7
    endloop
  endfacet
  facet normal -0 0 1
    outer loop
      vertex -37.7299 11.3067 -2.7
      vertex -37.6699 10.3918 -2.7
      vertex -37.6699 11.6082 -2.7
    endloop
  endfacet
  facet normal 0 0 1
    outer loop
      vertex -37.7299 11.3067 -2.7
      vertex -37.7299 10.6933 -2.7
      vertex -37.6699 10.3918 -2.7
    endloop
  endfacet
  facet normal 0 -0 1
    outer loop
      vertex -37.7299 10.6933 -2.7
      vertex -37.7299 11.3067 -2.7
      vertex -37.75 11 -2.7
    endloop
  endfacet
  facet normal -0.321424 0.946935 0
    outer loop
      vertex -34.5007 8.82888 -2.7
      vertex -34.7918 8.73007 -0.4
      vertex -34.5007 8.82888 -0.4
    endloop
  endfacet
  facet normal -0.321424 0.946935 0
    outer loop
      vertex -34.7918 8.73007 -0.4
      vertex -34.5007 8.82888 -2.7
      vertex -34.7918 8.73007 -2.7
    endloop
  endfacet
  facet normal -0.751804 0.659386 0
    outer loop
      vertex -33.7383 9.3383 -2.7
      vertex -33.5356 9.56941 -0.4
      vertex -33.5356 9.56941 -2.7
    endloop
  endfacet
  facet normal -0.751804 0.659386 0
    outer loop
      vertex -33.5356 9.56941 -0.4
      vertex -33.7383 9.3383 -2.7
      vertex -33.7383 9.3383 -0.4
    endloop
  endfacet
  facet normal 0.0653961 0.997859 -0
    outer loop
      vertex -35.4 8.65 -2.7
      vertex -35.7067 8.6701 -0.4
      vertex -35.4 8.65 -0.4
    endloop
  endfacet
  facet normal 0.0653961 0.997859 0
    outer loop
      vertex -35.7067 8.6701 -0.4
      vertex -35.4 8.65 -2.7
      vertex -35.7067 8.6701 -2.7
    endloop
  endfacet
  facet normal 0.0653961 -0.997859 0
    outer loop
      vertex -35.7067 13.3299 -2.7
      vertex -35.4 13.35 -0.4
      vertex -35.7067 13.3299 -0.4
    endloop
  endfacet
  facet normal 0.0653961 -0.997859 0
    outer loop
      vertex -35.4 13.35 -0.4
      vertex -35.7067 13.3299 -2.7
      vertex -35.4 13.35 -2.7
    endloop
  endfacet
  facet normal -0.831449 -0.555601 0
    outer loop
      vertex -33.3648 12.175 -2.7
      vertex -33.5356 12.4306 -0.4
      vertex -33.5356 12.4306 -2.7
    endloop
  endfacet
  facet normal -0.831449 -0.555601 0
    outer loop
      vertex -33.5356 12.4306 -0.4
      vertex -33.3648 12.175 -2.7
      vertex -33.3648 12.175 -0.4
    endloop
  endfacet
  facet normal -0.946945 -0.321395 0
    outer loop
      vertex -33.1301 11.6082 -2.7
      vertex -33.2289 11.8993 -0.4
      vertex -33.2289 11.8993 -2.7
    endloop
  endfacet
  facet normal -0.946945 -0.321395 0
    outer loop
      vertex -33.2289 11.8993 -0.4
      vertex -33.1301 11.6082 -2.7
      vertex -33.1301 11.6082 -0.4
    endloop
  endfacet
  facet normal 0.321039 0.947066 -0
    outer loop
      vertex -53.4176 100.218 -3.4
      vertex -53.6654 100.302 -2.01
      vertex -53.4176 100.218 -2.01
    endloop
  endfacet
  facet normal 0.321039 0.947066 0
    outer loop
      vertex -53.6654 100.302 -2.01
      vertex -53.4176 100.218 -3.4
      vertex -53.6654 100.302 -3.4
    endloop
  endfacet
  facet normal 0 -1 0
    outer loop
      vertex -52.9 128.35 -3.4
      vertex -9.7 128.35 -2.01
      vertex -52.9 128.35 -2.01
    endloop
  endfacet
  facet normal 0 -1 -0
    outer loop
      vertex -9.7 128.35 -2.01
      vertex -52.9 128.35 -3.4
      vertex -9.7 128.35 -3.4
    endloop
  endfacet
  facet normal -0.750676 -0.660671 0
    outer loop
      vertex -8.11329 127.568 -3.4
      vertex -8.28579 127.764 -2.01
      vertex -8.28579 127.764 -3.4
    endloop
  endfacet
  facet normal -0.750676 -0.660671 0
    outer loop
      vertex -8.28579 127.764 -2.01
      vertex -8.11329 127.568 -3.4
      vertex -8.11329 127.568 -2.01
    endloop
  endfacet
  facet normal 0.750676 0.660671 0
    outer loop
      vertex -54.3142 100.736 -2.01
      vertex -54.4867 100.932 -3.4
      vertex -54.4867 100.932 -2.01
    endloop
  endfacet
  facet normal 0.750676 0.660671 0
    outer loop
      vertex -54.4867 100.932 -3.4
      vertex -54.3142 100.736 -2.01
      vertex -54.3142 100.736 -3.4
    endloop
  endfacet
  facet normal 0.0649716 0.997887 -0
    outer loop
      vertex -52.9 100.15 -3.4
      vertex -53.1611 100.167 -2.01
      vertex -52.9 100.15 -2.01
    endloop
  endfacet
  facet normal 0.0649716 0.997887 0
    outer loop
      vertex -53.1611 100.167 -2.01
      vertex -52.9 100.15 -3.4
      vertex -53.1611 100.167 -3.4
    endloop
  endfacet
  facet normal 0 1 -0
    outer loop
      vertex -9.7 100.15 -3.4
      vertex -52.9 100.15 -2.01
      vertex -9.7 100.15 -2.01
    endloop
  endfacet
  facet normal 0 1 0
    outer loop
      vertex -52.9 100.15 -2.01
      vertex -9.7 100.15 -3.4
      vertex -52.9 100.15 -3.4
    endloop
  endfacet
  facet normal 0.946632 -0.322315 0
    outer loop
      vertex -54.8319 126.868 -2.01
      vertex -54.7478 127.115 -3.4
      vertex -54.7478 127.115 -2.01
    endloop
  endfacet
  facet normal 0.946632 -0.322315 0
    outer loop
      vertex -54.7478 127.115 -3.4
      vertex -54.8319 126.868 -2.01
      vertex -54.8319 126.868 -3.4
    endloop
  endfacet
  facet normal 0.980873 -0.194648 0
    outer loop
      vertex -54.8829 126.611 -2.01
      vertex -54.8319 126.868 -3.4
      vertex -54.8319 126.868 -2.01
    endloop
  endfacet
  facet normal 0.980873 -0.194648 0
    outer loop
      vertex -54.8319 126.868 -3.4
      vertex -54.8829 126.611 -2.01
      vertex -54.8829 126.611 -3.4
    endloop
  endfacet
  facet normal -1 0 0
    outer loop
      vertex -7.7 102.15 -3.4
      vertex -7.7 126.35 -2.01
      vertex -7.7 126.35 -3.4
    endloop
  endfacet
  facet normal -1 -0 0
    outer loop
      vertex -7.7 126.35 -2.01
      vertex -7.7 102.15 -3.4
      vertex -7.7 102.15 -2.01
    endloop
  endfacet
  facet normal -0.064984 -0.997886 0
    outer loop
      vertex -9.7 128.35 -3.4
      vertex -9.43895 128.333 -2.01
      vertex -9.7 128.35 -2.01
    endloop
  endfacet
  facet normal -0.064984 -0.997886 -0
    outer loop
      vertex -9.43895 128.333 -2.01
      vertex -9.7 128.35 -3.4
      vertex -9.43895 128.333 -3.4
    endloop
  endfacet
  facet normal -0.980844 -0.194795 0
    outer loop
      vertex -7.71711 126.611 -3.4
      vertex -7.76815 126.868 -2.01
      vertex -7.76815 126.868 -3.4
    endloop
  endfacet
  facet normal -0.980844 -0.194795 0
    outer loop
      vertex -7.76815 126.868 -2.01
      vertex -7.71711 126.611 -3.4
      vertex -7.71711 126.611 -2.01
    endloop
  endfacet
  facet normal 0.660421 0.750895 -0
    outer loop
      vertex -54.1175 100.563 -3.4
      vertex -54.3142 100.736 -2.01
      vertex -54.1175 100.563 -2.01
    endloop
  endfacet
  facet normal 0.660421 0.750895 0
    outer loop
      vertex -54.3142 100.736 -2.01
      vertex -54.1175 100.563 -3.4
      vertex -54.3142 100.736 -3.4
    endloop
  endfacet
  facet normal 0.5547 0.83205 -0
    outer loop
      vertex -53.9 100.418 -3.4
      vertex -54.1175 100.563 -2.01
      vertex -53.9 100.418 -2.01
    endloop
  endfacet
  facet normal 0.5547 0.83205 0
    outer loop
      vertex -54.1175 100.563 -2.01
      vertex -53.9 100.418 -3.4
      vertex -54.1175 100.563 -3.4
    endloop
  endfacet
  facet normal -0.554665 -0.832074 0
    outer loop
      vertex -8.7 128.082 -3.4
      vertex -8.48248 127.937 -2.01
      vertex -8.7 128.082 -2.01
    endloop
  endfacet
  facet normal -0.554665 -0.832074 -0
    outer loop
      vertex -8.48248 127.937 -2.01
      vertex -8.7 128.082 -3.4
      vertex -8.48248 127.937 -3.4
    endloop
  endfacet
  facet normal -0.66044 -0.750879 0
    outer loop
      vertex -8.48248 127.937 -3.4
      vertex -8.28579 127.764 -2.01
      vertex -8.48248 127.937 -2.01
    endloop
  endfacet
  facet normal -0.66044 -0.750879 -0
    outer loop
      vertex -8.28579 127.764 -2.01
      vertex -8.48248 127.937 -3.4
      vertex -8.28579 127.764 -3.4
    endloop
  endfacet
  facet normal -0.832039 -0.554718 0
    outer loop
      vertex -7.96795 127.35 -3.4
      vertex -8.11329 127.568 -2.01
      vertex -8.11329 127.568 -3.4
    endloop
  endfacet
  facet normal -0.832039 -0.554718 0
    outer loop
      vertex -8.11329 127.568 -2.01
      vertex -7.96795 127.35 -3.4
      vertex -7.96795 127.35 -2.01
    endloop
  endfacet
  facet normal 0.195013 -0.980801 0
    outer loop
      vertex -53.4176 128.282 -3.4
      vertex -53.1611 128.333 -2.01
      vertex -53.4176 128.282 -2.01
    endloop
  endfacet
  facet normal 0.195013 -0.980801 0
    outer loop
      vertex -53.1611 128.333 -2.01
      vertex -53.4176 128.282 -3.4
      vertex -53.1611 128.333 -3.4
    endloop
  endfacet
  facet normal -0.554665 0.832074 0
    outer loop
      vertex -8.48248 100.563 -3.4
      vertex -8.7 100.418 -2.01
      vertex -8.48248 100.563 -2.01
    endloop
  endfacet
  facet normal -0.554665 0.832074 0
    outer loop
      vertex -8.7 100.418 -2.01
      vertex -8.48248 100.563 -3.4
      vertex -8.7 100.418 -3.4
    endloop
  endfacet
  facet normal -0.997858 0.0654151 0
    outer loop
      vertex -7.71711 101.889 -3.4
      vertex -7.7 102.15 -2.01
      vertex -7.7 102.15 -3.4
    endloop
  endfacet
  facet normal -0.997858 0.0654151 0
    outer loop
      vertex -7.7 102.15 -2.01
      vertex -7.71711 101.889 -3.4
      vertex -7.71711 101.889 -2.01
    endloop
  endfacet
  facet normal 0.832109 -0.554612 0
    outer loop
      vertex -54.632 127.35 -2.01
      vertex -54.4867 127.568 -3.4
      vertex -54.4867 127.568 -2.01
    endloop
  endfacet
  facet normal 0.832109 -0.554612 0
    outer loop
      vertex -54.4867 127.568 -3.4
      vertex -54.632 127.35 -2.01
      vertex -54.632 127.35 -3.4
    endloop
  endfacet
  facet normal -0.946644 0.322281 0
    outer loop
      vertex -7.85224 101.385 -3.4
      vertex -7.76815 101.632 -2.01
      vertex -7.76815 101.632 -3.4
    endloop
  endfacet
  facet normal -0.946644 0.322281 0
    outer loop
      vertex -7.76815 101.632 -2.01
      vertex -7.85224 101.385 -3.4
      vertex -7.85224 101.385 -2.01
    endloop
  endfacet
  facet normal -0.44319 -0.896428 0
    outer loop
      vertex -8.93463 128.198 -3.4
      vertex -8.7 128.082 -2.01
      vertex -8.93463 128.198 -2.01
    endloop
  endfacet
  facet normal -0.44319 -0.896428 -0
    outer loop
      vertex -8.7 128.082 -2.01
      vertex -8.93463 128.198 -3.4
      vertex -8.7 128.082 -3.4
    endloop
  endfacet
  facet normal -0.064984 0.997886 0
    outer loop
      vertex -9.43895 100.167 -3.4
      vertex -9.7 100.15 -2.01
      vertex -9.43895 100.167 -2.01
    endloop
  endfacet
  facet normal -0.064984 0.997886 0
    outer loop
      vertex -9.7 100.15 -2.01
      vertex -9.43895 100.167 -3.4
      vertex -9.7 100.15 -3.4
    endloop
  endfacet
  facet normal 1 -0 0
    outer loop
      vertex -54.9 102.15 -2.01
      vertex -54.9 126.35 -3.4
      vertex -54.9 126.35 -2.01
    endloop
  endfacet
  facet normal 1 0 0
    outer loop
      vertex -54.9 126.35 -3.4
      vertex -54.9 102.15 -2.01
      vertex -54.9 102.15 -3.4
    endloop
  endfacet
  facet normal -0.750676 0.660671 0
    outer loop
      vertex -8.28579 100.736 -3.4
      vertex -8.11329 100.932 -2.01
      vertex -8.11329 100.932 -3.4
    endloop
  endfacet
  facet normal -0.750676 0.660671 0
    outer loop
      vertex -8.11329 100.932 -2.01
      vertex -8.28579 100.736 -3.4
      vertex -8.28579 100.736 -2.01
    endloop
  endfacet
  facet normal 0.660421 -0.750895 0
    outer loop
      vertex -54.3142 127.764 -3.4
      vertex -54.1175 127.937 -2.01
      vertex -54.3142 127.764 -2.01
    endloop
  endfacet
  facet normal 0.660421 -0.750895 0
    outer loop
      vertex -54.1175 127.937 -2.01
      vertex -54.3142 127.764 -3.4
      vertex -54.1175 127.937 -3.4
    endloop
  endfacet
  facet normal -0.321121 -0.947038 0
    outer loop
      vertex -9.18236 128.282 -3.4
      vertex -8.93463 128.198 -2.01
      vertex -9.18236 128.282 -2.01
    endloop
  endfacet
  facet normal -0.321121 -0.947038 -0
    outer loop
      vertex -8.93463 128.198 -2.01
      vertex -9.18236 128.282 -3.4
      vertex -8.93463 128.198 -3.4
    endloop
  endfacet
  facet normal 0.5547 -0.83205 0
    outer loop
      vertex -54.1175 127.937 -3.4
      vertex -53.9 128.082 -2.01
      vertex -54.1175 127.937 -2.01
    endloop
  endfacet
  facet normal 0.5547 -0.83205 0
    outer loop
      vertex -53.9 128.082 -2.01
      vertex -54.1175 127.937 -3.4
      vertex -53.9 128.082 -3.4
    endloop
  endfacet
  facet normal 0.750676 -0.660671 0
    outer loop
      vertex -54.4867 127.568 -2.01
      vertex -54.3142 127.764 -3.4
      vertex -54.3142 127.764 -2.01
    endloop
  endfacet
  facet normal 0.750676 -0.660671 0
    outer loop
      vertex -54.3142 127.764 -3.4
      vertex -54.4867 127.568 -2.01
      vertex -54.4867 127.568 -3.4
    endloop
  endfacet
  facet normal 0.195013 0.980801 -0
    outer loop
      vertex -53.1611 100.167 -3.4
      vertex -53.4176 100.218 -2.01
      vertex -53.1611 100.167 -2.01
    endloop
  endfacet
  facet normal 0.195013 0.980801 0
    outer loop
      vertex -53.4176 100.218 -2.01
      vertex -53.1611 100.167 -3.4
      vertex -53.4176 100.218 -3.4
    endloop
  endfacet
  facet normal -0.194947 0.980814 0
    outer loop
      vertex -9.18236 100.218 -3.4
      vertex -9.43895 100.167 -2.01
      vertex -9.18236 100.218 -2.01
    endloop
  endfacet
  facet normal -0.194947 0.980814 0
    outer loop
      vertex -9.43895 100.167 -2.01
      vertex -9.18236 100.218 -3.4
      vertex -9.43895 100.167 -3.4
    endloop
  endfacet
  facet normal -0.832039 0.554718 0
    outer loop
      vertex -8.11329 100.932 -3.4
      vertex -7.96795 101.15 -2.01
      vertex -7.96795 101.15 -3.4
    endloop
  endfacet
  facet normal -0.832039 0.554718 0
    outer loop
      vertex -7.96795 101.15 -2.01
      vertex -8.11329 100.932 -3.4
      vertex -8.11329 100.932 -2.01
    endloop
  endfacet
  facet normal 0.443235 0.896405 -0
    outer loop
      vertex -53.6654 100.302 -3.4
      vertex -53.9 100.418 -2.01
      vertex -53.6654 100.302 -2.01
    endloop
  endfacet
  facet normal 0.443235 0.896405 0
    outer loop
      vertex -53.9 100.418 -2.01
      vertex -53.6654 100.302 -3.4
      vertex -53.9 100.418 -3.4
    endloop
  endfacet
  facet normal 0.897008 -0.442015 0
    outer loop
      vertex -54.7478 127.115 -2.01
      vertex -54.632 127.35 -3.4
      vertex -54.632 127.35 -2.01
    endloop
  endfacet
  facet normal 0.897008 -0.442015 0
    outer loop
      vertex -54.632 127.35 -3.4
      vertex -54.7478 127.115 -2.01
      vertex -54.7478 127.115 -3.4
    endloop
  endfacet
  facet normal -0.321121 0.947038 0
    outer loop
      vertex -8.93463 100.302 -3.4
      vertex -9.18236 100.218 -2.01
      vertex -8.93463 100.302 -2.01
    endloop
  endfacet
  facet normal -0.321121 0.947038 0
    outer loop
      vertex -9.18236 100.218 -2.01
      vertex -8.93463 100.302 -3.4
      vertex -9.18236 100.218 -3.4
    endloop
  endfacet
  facet normal -0.44319 0.896428 0
    outer loop
      vertex -8.7 100.418 -3.4
      vertex -8.93463 100.302 -2.01
      vertex -8.7 100.418 -2.01
    endloop
  endfacet
  facet normal -0.44319 0.896428 0
    outer loop
      vertex -8.93463 100.302 -2.01
      vertex -8.7 100.418 -3.4
      vertex -8.93463 100.302 -3.4
    endloop
  endfacet
  facet normal -0.897144 -0.441738 0
    outer loop
      vertex -7.85224 127.115 -3.4
      vertex -7.96795 127.35 -2.01
      vertex -7.96795 127.35 -3.4
    endloop
  endfacet
  facet normal -0.897144 -0.441738 0
    outer loop
      vertex -7.96795 127.35 -2.01
      vertex -7.85224 127.115 -3.4
      vertex -7.85224 127.115 -2.01
    endloop
  endfacet
  facet normal 0.0649716 -0.997887 0
    outer loop
      vertex -53.1611 128.333 -3.4
      vertex -52.9 128.35 -2.01
      vertex -53.1611 128.333 -2.01
    endloop
  endfacet
  facet normal 0.0649716 -0.997887 0
    outer loop
      vertex -52.9 128.35 -2.01
      vertex -53.1611 128.333 -3.4
      vertex -52.9 128.35 -3.4
    endloop
  endfacet
  facet normal -0.980844 0.194795 0
    outer loop
      vertex -7.76815 101.632 -3.4
      vertex -7.71711 101.889 -2.01
      vertex -7.71711 101.889 -3.4
    endloop
  endfacet
  facet normal -0.980844 0.194795 0
    outer loop
      vertex -7.71711 101.889 -2.01
      vertex -7.76815 101.632 -3.4
      vertex -7.76815 101.632 -2.01
    endloop
  endfacet
  facet normal -0.66044 0.750879 0
    outer loop
      vertex -8.28579 100.736 -3.4
      vertex -8.48248 100.563 -2.01
      vertex -8.28579 100.736 -2.01
    endloop
  endfacet
  facet normal -0.66044 0.750879 0
    outer loop
      vertex -8.48248 100.563 -2.01
      vertex -8.28579 100.736 -3.4
      vertex -8.48248 100.563 -3.4
    endloop
  endfacet
  facet normal 0.997861 -0.0653771 0
    outer loop
      vertex -54.9 126.35 -2.01
      vertex -54.8829 126.611 -3.4
      vertex -54.8829 126.611 -2.01
    endloop
  endfacet
  facet normal 0.997861 -0.0653771 0
    outer loop
      vertex -54.8829 126.611 -3.4
      vertex -54.9 126.35 -2.01
      vertex -54.9 126.35 -3.4
    endloop
  endfacet
  facet normal -0.897144 0.441738 0
    outer loop
      vertex -7.96795 101.15 -3.4
      vertex -7.85224 101.385 -2.01
      vertex -7.85224 101.385 -3.4
    endloop
  endfacet
  facet normal -0.897144 0.441738 0
    outer loop
      vertex -7.85224 101.385 -2.01
      vertex -7.96795 101.15 -3.4
      vertex -7.96795 101.15 -2.01
    endloop
  endfacet
  facet normal -0.194947 -0.980814 0
    outer loop
      vertex -9.43895 128.333 -3.4
      vertex -9.18236 128.282 -2.01
      vertex -9.43895 128.333 -2.01
    endloop
  endfacet
  facet normal -0.194947 -0.980814 -0
    outer loop
      vertex -9.18236 128.282 -2.01
      vertex -9.43895 128.333 -3.4
      vertex -9.18236 128.282 -3.4
    endloop
  endfacet
  facet normal 0.980873 0.194648 0
    outer loop
      vertex -54.8319 101.632 -2.01
      vertex -54.8829 101.889 -3.4
      vertex -54.8829 101.889 -2.01
    endloop
  endfacet
  facet normal 0.980873 0.194648 0
    outer loop
      vertex -54.8829 101.889 -3.4
      vertex -54.8319 101.632 -2.01
      vertex -54.8319 101.632 -3.4
    endloop
  endfacet
  facet normal -0.997858 -0.0654151 0
    outer loop
      vertex -7.7 126.35 -3.4
      vertex -7.71711 126.611 -2.01
      vertex -7.71711 126.611 -3.4
    endloop
  endfacet
  facet normal -0.997858 -0.0654151 0
    outer loop
      vertex -7.71711 126.611 -2.01
      vertex -7.7 126.35 -3.4
      vertex -7.7 126.35 -2.01
    endloop
  endfacet
  facet normal 0.443235 -0.896405 0
    outer loop
      vertex -53.9 128.082 -3.4
      vertex -53.6654 128.198 -2.01
      vertex -53.9 128.082 -2.01
    endloop
  endfacet
  facet normal 0.443235 -0.896405 0
    outer loop
      vertex -53.6654 128.198 -2.01
      vertex -53.9 128.082 -3.4
      vertex -53.6654 128.198 -3.4
    endloop
  endfacet
  facet normal -0.946644 -0.322281 0
    outer loop
      vertex -7.76815 126.868 -3.4
      vertex -7.85224 127.115 -2.01
      vertex -7.85224 127.115 -3.4
    endloop
  endfacet
  facet normal -0.946644 -0.322281 0
    outer loop
      vertex -7.85224 127.115 -2.01
      vertex -7.76815 126.868 -3.4
      vertex -7.76815 126.868 -2.01
    endloop
  endfacet
  facet normal 0.321039 -0.947066 0
    outer loop
      vertex -53.6654 128.198 -3.4
      vertex -53.4176 128.282 -2.01
      vertex -53.6654 128.198 -2.01
    endloop
  endfacet
  facet normal 0.321039 -0.947066 0
    outer loop
      vertex -53.4176 128.282 -2.01
      vertex -53.6654 128.198 -3.4
      vertex -53.4176 128.282 -3.4
    endloop
  endfacet
  facet normal 0.897008 0.442015 0
    outer loop
      vertex -54.632 101.15 -2.01
      vertex -54.7478 101.385 -3.4
      vertex -54.7478 101.385 -2.01
    endloop
  endfacet
  facet normal 0.897008 0.442015 0
    outer loop
      vertex -54.7478 101.385 -3.4
      vertex -54.632 101.15 -2.01
      vertex -54.632 101.15 -3.4
    endloop
  endfacet
  facet normal 0.946632 0.322315 0
    outer loop
      vertex -54.7478 101.385 -2.01
      vertex -54.8319 101.632 -3.4
      vertex -54.8319 101.632 -2.01
    endloop
  endfacet
  facet normal 0.946632 0.322315 0
    outer loop
      vertex -54.8319 101.632 -3.4
      vertex -54.7478 101.385 -2.01
      vertex -54.7478 101.385 -3.4
    endloop
  endfacet
  facet normal 0.997861 0.0653771 0
    outer loop
      vertex -54.8829 101.889 -2.01
      vertex -54.9 102.15 -3.4
      vertex -54.9 102.15 -2.01
    endloop
  endfacet
  facet normal 0.997861 0.0653771 0
    outer loop
      vertex -54.9 102.15 -3.4
      vertex -54.8829 101.889 -2.01
      vertex -54.8829 101.889 -3.4
    endloop
  endfacet
  facet normal 0.832109 0.554612 0
    outer loop
      vertex -54.4867 100.932 -2.01
      vertex -54.632 101.15 -3.4
      vertex -54.632 101.15 -2.01
    endloop
  endfacet
  facet normal 0.832109 0.554612 0
    outer loop
      vertex -54.632 101.15 -3.4
      vertex -54.4867 100.932 -2.01
      vertex -54.4867 100.932 -3.4
    endloop
  endfacet
  facet normal 0.980764 0.195197 0
    outer loop
      vertex -56.7637 101.115 -0.4
      vertex -56.8658 101.628 -2.01
      vertex -56.8658 101.628 -0.4
    endloop
  endfacet
  facet normal 0.980764 0.195197 0
    outer loop
      vertex -56.8658 101.628 -2.01
      vertex -56.7637 101.115 -0.4
      vertex -56.7637 101.115 -2.01
    endloop
  endfacet
  facet normal -1 0 0
    outer loop
      vertex -5.7 102.15 -2.01
      vertex -5.7 126.35 -0.4
      vertex -5.7 126.35 -2.01
    endloop
  endfacet
  facet normal -1 -0 0
    outer loop
      vertex -5.7 126.35 -0.4
      vertex -5.7 102.15 -2.01
      vertex -5.7 102.15 -0.4
    endloop
  endfacet
  facet normal -0.0649827 -0.997886 0
    outer loop
      vertex -9.7 130.35 -2.01
      vertex -9.17789 130.316 -0.4
      vertex -9.7 130.35 -0.4
    endloop
  endfacet
  facet normal -0.0649827 -0.997886 -0
    outer loop
      vertex -9.17789 130.316 -0.4
      vertex -9.7 130.35 -2.01
      vertex -9.17789 130.316 -2.01
    endloop
  endfacet
  facet normal 0.831432 0.555626 0
    outer loop
      vertex -56.0734 99.715 -0.4
      vertex -56.3641 100.15 -2.01
      vertex -56.3641 100.15 -0.4
    endloop
  endfacet
  facet normal 0.831432 0.555626 0
    outer loop
      vertex -56.3641 100.15 -2.01
      vertex -56.0734 99.715 -0.4
      vertex -56.0734 99.715 -2.01
    endloop
  endfacet
  facet normal 0.997861 -0.0653771 0
    outer loop
      vertex -56.9 126.35 -0.4
      vertex -56.8658 126.872 -2.01
      vertex -56.8658 126.872 -0.4
    endloop
  endfacet
  facet normal 0.997861 -0.0653771 0
    outer loop
      vertex -56.8658 126.872 -2.01
      vertex -56.9 126.35 -0.4
      vertex -56.9 126.35 -2.01
    endloop
  endfacet
  facet normal -0.980771 0.19516 0
    outer loop
      vertex -5.8363 101.115 -2.01
      vertex -5.73422 101.628 -0.4
      vertex -5.73422 101.628 -2.01
    endloop
  endfacet
  facet normal -0.980771 0.19516 0
    outer loop
      vertex -5.73422 101.628 -0.4
      vertex -5.8363 101.115 -2.01
      vertex -5.8363 101.115 -0.4
    endloop
  endfacet
  facet normal 0 1 -0
    outer loop
      vertex -9.7 98.15 -2.01
      vertex -52.9 98.15 -0.4
      vertex -9.7 98.15 -0.4
    endloop
  endfacet
  facet normal 0 1 0
    outer loop
      vertex -52.9 98.15 -0.4
      vertex -9.7 98.15 -2.01
      vertex -52.9 98.15 -2.01
    endloop
  endfacet
  facet normal 0 -1 0
    outer loop
      vertex -52.9 130.35 -2.01
      vertex -9.7 130.35 -0.4
      vertex -52.9 130.35 -0.4
    endloop
  endfacet
  facet normal 0 -1 -0
    outer loop
      vertex -9.7 130.35 -0.4
      vertex -52.9 130.35 -2.01
      vertex -9.7 130.35 -2.01
    endloop
  endfacet
  facet normal -0.321469 0.94692 0
    outer loop
      vertex -8.16927 98.4545 -2.01
      vertex -8.66472 98.2863 -0.4
      vertex -8.16927 98.4545 -0.4
    endloop
  endfacet
  facet normal -0.321469 0.94692 0
    outer loop
      vertex -8.66472 98.2863 -0.4
      vertex -8.16927 98.4545 -2.01
      vertex -8.66472 98.2863 -2.01
    endloop
  endfacet
  facet normal 1 -0 0
    outer loop
      vertex -56.9 102.15 -0.4
      vertex -56.9 126.35 -2.01
      vertex -56.9 126.35 -0.4
    endloop
  endfacet
  facet normal 1 0 0
    outer loop
      vertex -56.9 126.35 -2.01
      vertex -56.9 102.15 -0.4
      vertex -56.9 102.15 -2.01
    endloop
  endfacet
  facet normal 0.997861 0.0653771 0
    outer loop
      vertex -56.8658 101.628 -0.4
      vertex -56.9 102.15 -2.01
      vertex -56.9 102.15 -0.4
    endloop
  endfacet
  facet normal 0.997861 0.0653771 0
    outer loop
      vertex -56.9 102.15 -2.01
      vertex -56.8658 101.628 -0.4
      vertex -56.8658 101.628 -2.01
    endloop
  endfacet
  facet normal -0.44226 0.896887 0
    outer loop
      vertex -7.7 98.6859 -2.01
      vertex -8.16927 98.4545 -0.4
      vertex -7.7 98.6859 -0.4
    endloop
  endfacet
  facet normal -0.44226 0.896887 0
    outer loop
      vertex -8.16927 98.4545 -0.4
      vertex -7.7 98.6859 -2.01
      vertex -8.16927 98.4545 -2.01
    endloop
  endfacet
  facet normal 0.442238 0.896898 -0
    outer loop
      vertex -54.4307 98.4545 -2.01
      vertex -54.9 98.6859 -0.4
      vertex -54.4307 98.4545 -0.4
    endloop
  endfacet
  facet normal 0.442238 0.896898 0
    outer loop
      vertex -54.9 98.6859 -0.4
      vertex -54.4307 98.4545 -2.01
      vertex -54.9 98.6859 -2.01
    endloop
  endfacet
  facet normal 0.659343 -0.751842 0
    outer loop
      vertex -55.7284 129.178 -2.01
      vertex -55.335 129.523 -0.4
      vertex -55.7284 129.178 -0.4
    endloop
  endfacet
  facet normal 0.659343 -0.751842 0
    outer loop
      vertex -55.335 129.523 -0.4
      vertex -55.7284 129.178 -2.01
      vertex -55.335 129.523 -2.01
    endloop
  endfacet
  facet normal -0.94704 0.321115 0
    outer loop
      vertex -6.00448 100.619 -2.01
      vertex -5.8363 101.115 -0.4
      vertex -5.8363 101.115 -2.01
    endloop
  endfacet
  facet normal -0.94704 0.321115 0
    outer loop
      vertex -5.8363 101.115 -0.4
      vertex -6.00448 100.619 -2.01
      vertex -6.00448 100.619 -0.4
    endloop
  endfacet
  facet normal 0.556022 -0.831167 0
    outer loop
      vertex -55.335 129.523 -2.01
      vertex -54.9 129.814 -0.4
      vertex -55.335 129.523 -0.4
    endloop
  endfacet
  facet normal 0.556022 -0.831167 0
    outer loop
      vertex -54.9 129.814 -0.4
      vertex -55.335 129.523 -2.01
      vertex -54.9 129.814 -2.01
    endloop
  endfacet
  facet normal -0.659362 -0.751826 0
    outer loop
      vertex -7.26495 129.523 -2.01
      vertex -6.87157 129.178 -0.4
      vertex -7.26495 129.523 -0.4
    endloop
  endfacet
  facet normal -0.659362 -0.751826 -0
    outer loop
      vertex -6.87157 129.178 -0.4
      vertex -7.26495 129.523 -2.01
      vertex -6.87157 129.178 -2.01
    endloop
  endfacet
  facet normal -0.89677 -0.442496 0
    outer loop
      vertex -6.00448 127.881 -2.01
      vertex -6.2359 128.35 -0.4
      vertex -6.2359 128.35 -2.01
    endloop
  endfacet
  facet normal -0.89677 -0.442496 0
    outer loop
      vertex -6.2359 128.35 -0.4
      vertex -6.00448 127.881 -2.01
      vertex -6.00448 127.881 -0.4
    endloop
  endfacet
  facet normal -0.751861 0.659321 0
    outer loop
      vertex -6.87157 99.3216 -2.01
      vertex -6.52659 99.715 -0.4
      vertex -6.52659 99.715 -2.01
    endloop
  endfacet
  facet normal -0.751861 0.659321 0
    outer loop
      vertex -6.52659 99.715 -0.4
      vertex -6.87157 99.3216 -2.01
      vertex -6.87157 99.3216 -0.4
    endloop
  endfacet
  facet normal 0.0653646 0.997861 -0
    outer loop
      vertex -52.9 98.15 -2.01
      vertex -53.4221 98.1842 -0.4
      vertex -52.9 98.15 -0.4
    endloop
  endfacet
  facet normal 0.0653646 0.997861 0
    outer loop
      vertex -53.4221 98.1842 -0.4
      vertex -52.9 98.15 -2.01
      vertex -53.4221 98.1842 -2.01
    endloop
  endfacet
  facet normal -0.555978 -0.831197 0
    outer loop
      vertex -7.7 129.814 -2.01
      vertex -7.26495 129.523 -0.4
      vertex -7.7 129.814 -0.4
    endloop
  endfacet
  facet normal -0.555978 -0.831197 -0
    outer loop
      vertex -7.26495 129.523 -0.4
      vertex -7.7 129.814 -2.01
      vertex -7.26495 129.523 -2.01
    endloop
  endfacet
  facet normal 0.555626 0.831432 -0
    outer loop
      vertex -54.9 98.6859 -2.01
      vertex -55.335 98.9766 -0.4
      vertex -54.9 98.6859 -0.4
    endloop
  endfacet
  facet normal 0.555626 0.831432 0
    outer loop
      vertex -55.335 98.9766 -0.4
      vertex -54.9 98.6859 -2.01
      vertex -55.335 98.9766 -2.01
    endloop
  endfacet
  facet normal 0 0 1
    outer loop
      vertex -5.73422 126.872 -2.01
      vertex -7.71711 126.611 -2.01
      vertex -7.7 126.35 -2.01
    endloop
  endfacet
  facet normal 0 0 1
    outer loop
      vertex -7.26495 129.523 -2.01
      vertex -7.76815 126.868 -2.01
      vertex -7.71711 126.611 -2.01
    endloop
  endfacet
  facet normal 0 0 1
    outer loop
      vertex -7.26495 129.523 -2.01
      vertex -7.85224 127.115 -2.01
      vertex -7.76815 126.868 -2.01
    endloop
  endfacet
  facet normal 0 0 1
    outer loop
      vertex -7.26495 129.523 -2.01
      vertex -7.96795 127.35 -2.01
      vertex -7.85224 127.115 -2.01
    endloop
  endfacet
  facet normal 0 0 1
    outer loop
      vertex -7.26495 129.523 -2.01
      vertex -8.11329 127.568 -2.01
      vertex -7.96795 127.35 -2.01
    endloop
  endfacet
  facet normal 0 0 1
    outer loop
      vertex -8.7 128.082 -2.01
      vertex -7.7 129.814 -2.01
      vertex -8.16927 130.046 -2.01
    endloop
  endfacet
  facet normal 0 0 1
    outer loop
      vertex -7.26495 129.523 -2.01
      vertex -8.28579 127.764 -2.01
      vertex -8.11329 127.568 -2.01
    endloop
  endfacet
  facet normal 0 0 1
    outer loop
      vertex -7.26495 129.523 -2.01
      vertex -8.48248 127.937 -2.01
      vertex -8.28579 127.764 -2.01
    endloop
  endfacet
  facet normal 0 0 1
    outer loop
      vertex -8.93463 128.198 -2.01
      vertex -8.16927 130.046 -2.01
      vertex -8.66472 130.214 -2.01
    endloop
  endfacet
  facet normal 0 0 1
    outer loop
      vertex -7.7 129.814 -2.01
      vertex -8.7 128.082 -2.01
      vertex -8.48248 127.937 -2.01
    endloop
  endfacet
  facet normal 0 0 1
    outer loop
      vertex -8.16927 130.046 -2.01
      vertex -8.93463 128.198 -2.01
      vertex -8.7 128.082 -2.01
    endloop
  endfacet
  facet normal 0 0 1
    outer loop
      vertex -9.18236 128.282 -2.01
      vertex -8.66472 130.214 -2.01
      vertex -9.17789 130.316 -2.01
    endloop
  endfacet
  facet normal 0 0 1
    outer loop
      vertex -8.66472 130.214 -2.01
      vertex -9.18236 128.282 -2.01
      vertex -8.93463 128.198 -2.01
    endloop
  endfacet
  facet normal 0 0 1
    outer loop
      vertex -9.17789 130.316 -2.01
      vertex -9.43895 128.333 -2.01
      vertex -9.18236 128.282 -2.01
    endloop
  endfacet
  facet normal 0 0 1
    outer loop
      vertex -9.7 130.35 -2.01
      vertex -9.43895 128.333 -2.01
      vertex -9.17789 130.316 -2.01
    endloop
  endfacet
  facet normal 0 0 1
    outer loop
      vertex -9.7 130.35 -2.01
      vertex -9.7 128.35 -2.01
      vertex -9.43895 128.333 -2.01
    endloop
  endfacet
  facet normal -0 0 1
    outer loop
      vertex -52.9 130.35 -2.01
      vertex -9.7 128.35 -2.01
      vertex -9.7 130.35 -2.01
    endloop
  endfacet
  facet normal 0 0 1
    outer loop
      vertex -52.9 130.35 -2.01
      vertex -52.9 128.35 -2.01
      vertex -9.7 128.35 -2.01
    endloop
  endfacet
  facet normal 0 0 1
    outer loop
      vertex -52.9 130.35 -2.01
      vertex -53.1611 128.333 -2.01
      vertex -52.9 128.35 -2.01
    endloop
  endfacet
  facet normal -0 0 1
    outer loop
      vertex -53.4221 130.316 -2.01
      vertex -53.1611 128.333 -2.01
      vertex -52.9 130.35 -2.01
    endloop
  endfacet
  facet normal 0 0 1
    outer loop
      vertex -53.1611 128.333 -2.01
      vertex -53.4221 130.316 -2.01
      vertex -53.4176 128.282 -2.01
    endloop
  endfacet
  facet normal -0 0 1
    outer loop
      vertex -53.9353 130.214 -2.01
      vertex -53.4176 128.282 -2.01
      vertex -53.4221 130.316 -2.01
    endloop
  endfacet
  facet normal 0 0 1
    outer loop
      vertex -53.4176 128.282 -2.01
      vertex -53.9353 130.214 -2.01
      vertex -53.6654 128.198 -2.01
    endloop
  endfacet
  facet normal -0 0 1
    outer loop
      vertex -54.4307 130.046 -2.01
      vertex -53.6654 128.198 -2.01
      vertex -53.9353 130.214 -2.01
    endloop
  endfacet
  facet normal 0 0 1
    outer loop
      vertex -53.6654 128.198 -2.01
      vertex -54.4307 130.046 -2.01
      vertex -53.9 128.082 -2.01
    endloop
  endfacet
  facet normal -0 0 1
    outer loop
      vertex -54.9 129.814 -2.01
      vertex -53.9 128.082 -2.01
      vertex -54.4307 130.046 -2.01
    endloop
  endfacet
  facet normal 0 0 1
    outer loop
      vertex -53.9 128.082 -2.01
      vertex -54.9 129.814 -2.01
      vertex -54.1175 127.937 -2.01
    endloop
  endfacet
  facet normal -0 0 1
    outer loop
      vertex -55.335 129.523 -2.01
      vertex -54.1175 127.937 -2.01
      vertex -54.9 129.814 -2.01
    endloop
  endfacet
  facet normal 0 0 1
    outer loop
      vertex -54.1175 127.937 -2.01
      vertex -55.335 129.523 -2.01
      vertex -54.3142 127.764 -2.01
    endloop
  endfacet
  facet normal -0 0 1
    outer loop
      vertex -55.7284 129.178 -2.01
      vertex -54.3142 127.764 -2.01
      vertex -55.335 129.523 -2.01
    endloop
  endfacet
  facet normal 0 0 1
    outer loop
      vertex -54.3142 127.764 -2.01
      vertex -55.7284 129.178 -2.01
      vertex -54.4867 127.568 -2.01
    endloop
  endfacet
  facet normal -0 0 1
    outer loop
      vertex -56.0734 128.785 -2.01
      vertex -54.4867 127.568 -2.01
      vertex -55.7284 129.178 -2.01
    endloop
  endfacet
  facet normal 0 0 1
    outer loop
      vertex -54.4867 127.568 -2.01
      vertex -56.0734 128.785 -2.01
      vertex -54.632 127.35 -2.01
    endloop
  endfacet
  facet normal -0 0 1
    outer loop
      vertex -56.3641 128.35 -2.01
      vertex -54.632 127.35 -2.01
      vertex -56.0734 128.785 -2.01
    endloop
  endfacet
  facet normal 0 0 1
    outer loop
      vertex -54.632 127.35 -2.01
      vertex -56.3641 128.35 -2.01
      vertex -54.7478 127.115 -2.01
    endloop
  endfacet
  facet normal 0 0 1
    outer loop
      vertex -54.9 126.35 -2.01
      vertex -56.9 126.35 -2.01
      vertex -54.9 102.15 -2.01
    endloop
  endfacet
  facet normal -0 0 1
    outer loop
      vertex -56.5955 127.881 -2.01
      vertex -54.7478 127.115 -2.01
      vertex -56.3641 128.35 -2.01
    endloop
  endfacet
  facet normal 0 0 1
    outer loop
      vertex -56.9 102.15 -2.01
      vertex -54.9 102.15 -2.01
      vertex -56.9 126.35 -2.01
    endloop
  endfacet
  facet normal 0 0 1
    outer loop
      vertex -54.7478 127.115 -2.01
      vertex -56.5955 127.881 -2.01
      vertex -54.8319 126.868 -2.01
    endloop
  endfacet
  facet normal 0 -0 1
    outer loop
      vertex -56.8658 101.628 -2.01
      vertex -54.9 102.15 -2.01
      vertex -56.9 102.15 -2.01
    endloop
  endfacet
  facet normal -0 0 1
    outer loop
      vertex -56.7637 127.385 -2.01
      vertex -54.8319 126.868 -2.01
      vertex -56.5955 127.881 -2.01
    endloop
  endfacet
  facet normal 0 0 1
    outer loop
      vertex -54.9 102.15 -2.01
      vertex -55.335 98.9766 -2.01
      vertex -54.9 98.6859 -2.01
    endloop
  endfacet
  facet normal 0 0 1
    outer loop
      vertex -54.8319 126.868 -2.01
      vertex -56.7637 127.385 -2.01
      vertex -54.8829 126.611 -2.01
    endloop
  endfacet
  facet normal 0 0 1
    outer loop
      vertex -54.9 102.15 -2.01
      vertex -55.7284 99.3216 -2.01
      vertex -55.335 98.9766 -2.01
    endloop
  endfacet
  facet normal -0 0 1
    outer loop
      vertex -56.8658 126.872 -2.01
      vertex -54.8829 126.611 -2.01
      vertex -56.7637 127.385 -2.01
    endloop
  endfacet
  facet normal 0 0 1
    outer loop
      vertex -54.9 102.15 -2.01
      vertex -56.0734 99.715 -2.01
      vertex -55.7284 99.3216 -2.01
    endloop
  endfacet
  facet normal 0 0 1
    outer loop
      vertex -54.8829 126.611 -2.01
      vertex -56.8658 126.872 -2.01
      vertex -54.9 126.35 -2.01
    endloop
  endfacet
  facet normal 0 0 1
    outer loop
      vertex -54.9 102.15 -2.01
      vertex -56.3641 100.15 -2.01
      vertex -56.0734 99.715 -2.01
    endloop
  endfacet
  facet normal 0 0 1
    outer loop
      vertex -54.9 126.35 -2.01
      vertex -56.8658 126.872 -2.01
      vertex -56.9 126.35 -2.01
    endloop
  endfacet
  facet normal 0 0 1
    outer loop
      vertex -54.9 102.15 -2.01
      vertex -56.5955 100.619 -2.01
      vertex -56.3641 100.15 -2.01
    endloop
  endfacet
  facet normal 0 0 1
    outer loop
      vertex -54.9 102.15 -2.01
      vertex -56.7637 101.115 -2.01
      vertex -56.5955 100.619 -2.01
    endloop
  endfacet
  facet normal 0 0 1
    outer loop
      vertex -54.9 102.15 -2.01
      vertex -56.8658 101.628 -2.01
      vertex -56.7637 101.115 -2.01
    endloop
  endfacet
  facet normal 0 0 1
    outer loop
      vertex -7.7 126.35 -2.01
      vertex -5.7 126.35 -2.01
      vertex -5.73422 126.872 -2.01
    endloop
  endfacet
  facet normal 0 0 1
    outer loop
      vertex -5.7 126.35 -2.01
      vertex -7.7 126.35 -2.01
      vertex -5.7 102.15 -2.01
    endloop
  endfacet
  facet normal 0 0 1
    outer loop
      vertex -7.71711 126.611 -2.01
      vertex -5.73422 126.872 -2.01
      vertex -5.8363 127.385 -2.01
    endloop
  endfacet
  facet normal 0 0 1
    outer loop
      vertex -7.7 102.15 -2.01
      vertex -5.7 102.15 -2.01
      vertex -7.7 126.35 -2.01
    endloop
  endfacet
  facet normal 0 0 1
    outer loop
      vertex -7.71711 126.611 -2.01
      vertex -5.8363 127.385 -2.01
      vertex -6.00448 127.881 -2.01
    endloop
  endfacet
  facet normal 0 0 1
    outer loop
      vertex -5.7 102.15 -2.01
      vertex -7.7 102.15 -2.01
      vertex -5.73422 101.628 -2.01
    endloop
  endfacet
  facet normal 0 0 1
    outer loop
      vertex -7.71711 126.611 -2.01
      vertex -6.00448 127.881 -2.01
      vertex -6.2359 128.35 -2.01
    endloop
  endfacet
  facet normal -0 0 1
    outer loop
      vertex -7.71711 101.889 -2.01
      vertex -5.73422 101.628 -2.01
      vertex -7.7 102.15 -2.01
    endloop
  endfacet
  facet normal 0 0 1
    outer loop
      vertex -7.71711 126.611 -2.01
      vertex -6.2359 128.35 -2.01
      vertex -6.52659 128.785 -2.01
    endloop
  endfacet
  facet normal 0 0 1
    outer loop
      vertex -5.73422 101.628 -2.01
      vertex -7.71711 101.889 -2.01
      vertex -5.8363 101.115 -2.01
    endloop
  endfacet
  facet normal 0 0 1
    outer loop
      vertex -7.71711 126.611 -2.01
      vertex -6.52659 128.785 -2.01
      vertex -6.87157 129.178 -2.01
    endloop
  endfacet
  facet normal -0 0 1
    outer loop
      vertex -7.76815 101.632 -2.01
      vertex -5.8363 101.115 -2.01
      vertex -7.71711 101.889 -2.01
    endloop
  endfacet
  facet normal 0 0 1
    outer loop
      vertex -7.71711 126.611 -2.01
      vertex -6.87157 129.178 -2.01
      vertex -7.26495 129.523 -2.01
    endloop
  endfacet
  facet normal 0 0 1
    outer loop
      vertex -5.8363 101.115 -2.01
      vertex -7.76815 101.632 -2.01
      vertex -6.00448 100.619 -2.01
    endloop
  endfacet
  facet normal 0 0 1
    outer loop
      vertex -8.48248 127.937 -2.01
      vertex -7.26495 129.523 -2.01
      vertex -7.7 129.814 -2.01
    endloop
  endfacet
  facet normal -0 0 1
    outer loop
      vertex -7.85224 101.385 -2.01
      vertex -6.00448 100.619 -2.01
      vertex -7.76815 101.632 -2.01
    endloop
  endfacet
  facet normal 0 0 1
    outer loop
      vertex -6.00448 100.619 -2.01
      vertex -7.85224 101.385 -2.01
      vertex -6.2359 100.15 -2.01
    endloop
  endfacet
  facet normal -0 0 1
    outer loop
      vertex -7.96795 101.15 -2.01
      vertex -6.2359 100.15 -2.01
      vertex -7.85224 101.385 -2.01
    endloop
  endfacet
  facet normal 0 0 1
    outer loop
      vertex -6.2359 100.15 -2.01
      vertex -7.96795 101.15 -2.01
      vertex -6.52659 99.715 -2.01
    endloop
  endfacet
  facet normal -0 0 1
    outer loop
      vertex -8.11329 100.932 -2.01
      vertex -6.52659 99.715 -2.01
      vertex -7.96795 101.15 -2.01
    endloop
  endfacet
  facet normal 0 0 1
    outer loop
      vertex -6.52659 99.715 -2.01
      vertex -8.11329 100.932 -2.01
      vertex -6.87157 99.3216 -2.01
    endloop
  endfacet
  facet normal -0 0 1
    outer loop
      vertex -8.28579 100.736 -2.01
      vertex -6.87157 99.3216 -2.01
      vertex -8.11329 100.932 -2.01
    endloop
  endfacet
  facet normal 0 0 1
    outer loop
      vertex -6.87157 99.3216 -2.01
      vertex -8.28579 100.736 -2.01
      vertex -7.26495 98.9766 -2.01
    endloop
  endfacet
  facet normal -0 0 1
    outer loop
      vertex -8.48248 100.563 -2.01
      vertex -7.26495 98.9766 -2.01
      vertex -8.28579 100.736 -2.01
    endloop
  endfacet
  facet normal 0 0 1
    outer loop
      vertex -7.26495 98.9766 -2.01
      vertex -8.48248 100.563 -2.01
      vertex -7.7 98.6859 -2.01
    endloop
  endfacet
  facet normal -0 0 1
    outer loop
      vertex -8.7 100.418 -2.01
      vertex -7.7 98.6859 -2.01
      vertex -8.48248 100.563 -2.01
    endloop
  endfacet
  facet normal 0 0 1
    outer loop
      vertex -7.7 98.6859 -2.01
      vertex -8.7 100.418 -2.01
      vertex -8.16927 98.4545 -2.01
    endloop
  endfacet
  facet normal -0 0 1
    outer loop
      vertex -8.93463 100.302 -2.01
      vertex -8.16927 98.4545 -2.01
      vertex -8.7 100.418 -2.01
    endloop
  endfacet
  facet normal 0 0 1
    outer loop
      vertex -8.16927 98.4545 -2.01
      vertex -8.93463 100.302 -2.01
      vertex -8.66472 98.2863 -2.01
    endloop
  endfacet
  facet normal -0 0 1
    outer loop
      vertex -9.18236 100.218 -2.01
      vertex -8.66472 98.2863 -2.01
      vertex -8.93463 100.302 -2.01
    endloop
  endfacet
  facet normal 0 0 1
    outer loop
      vertex -8.66472 98.2863 -2.01
      vertex -9.18236 100.218 -2.01
      vertex -9.17789 98.1842 -2.01
    endloop
  endfacet
  facet normal -0 0 1
    outer loop
      vertex -9.43895 100.167 -2.01
      vertex -9.17789 98.1842 -2.01
      vertex -9.18236 100.218 -2.01
    endloop
  endfacet
  facet normal -0 0 1
    outer loop
      vertex -9.7 100.15 -2.01
      vertex -9.17789 98.1842 -2.01
      vertex -9.43895 100.167 -2.01
    endloop
  endfacet
  facet normal 0 0 1
    outer loop
      vertex -9.7 100.15 -2.01
      vertex -9.7 98.15 -2.01
      vertex -9.17789 98.1842 -2.01
    endloop
  endfacet
  facet normal -0 0 1
    outer loop
      vertex -52.9 100.15 -2.01
      vertex -9.7 98.15 -2.01
      vertex -9.7 100.15 -2.01
    endloop
  endfacet
  facet normal 0 0 1
    outer loop
      vertex -52.9 100.15 -2.01
      vertex -52.9 98.15 -2.01
      vertex -9.7 98.15 -2.01
    endloop
  endfacet
  facet normal 0 0 1
    outer loop
      vertex -53.1611 100.167 -2.01
      vertex -52.9 98.15 -2.01
      vertex -52.9 100.15 -2.01
    endloop
  endfacet
  facet normal 0 0 1
    outer loop
      vertex -53.4221 98.1842 -2.01
      vertex -53.1611 100.167 -2.01
      vertex -53.4176 100.218 -2.01
    endloop
  endfacet
  facet normal 0 0 1
    outer loop
      vertex -53.1611 100.167 -2.01
      vertex -53.4221 98.1842 -2.01
      vertex -52.9 98.15 -2.01
    endloop
  endfacet
  facet normal 0 0 1
    outer loop
      vertex -53.9353 98.2863 -2.01
      vertex -53.4176 100.218 -2.01
      vertex -53.6654 100.302 -2.01
    endloop
  endfacet
  facet normal 0 0 1
    outer loop
      vertex -54.4307 98.4545 -2.01
      vertex -53.6654 100.302 -2.01
      vertex -53.9 100.418 -2.01
    endloop
  endfacet
  facet normal 0 0 1
    outer loop
      vertex -53.4176 100.218 -2.01
      vertex -53.9353 98.2863 -2.01
      vertex -53.4221 98.1842 -2.01
    endloop
  endfacet
  facet normal 0 0 1
    outer loop
      vertex -54.9 98.6859 -2.01
      vertex -53.9 100.418 -2.01
      vertex -54.1175 100.563 -2.01
    endloop
  endfacet
  facet normal 0 0 1
    outer loop
      vertex -54.9 98.6859 -2.01
      vertex -54.1175 100.563 -2.01
      vertex -54.3142 100.736 -2.01
    endloop
  endfacet
  facet normal 0 0 1
    outer loop
      vertex -53.6654 100.302 -2.01
      vertex -54.4307 98.4545 -2.01
      vertex -53.9353 98.2863 -2.01
    endloop
  endfacet
  facet normal 0 0 1
    outer loop
      vertex -54.9 98.6859 -2.01
      vertex -54.3142 100.736 -2.01
      vertex -54.4867 100.932 -2.01
    endloop
  endfacet
  facet normal 0 0 1
    outer loop
      vertex -54.9 98.6859 -2.01
      vertex -54.4867 100.932 -2.01
      vertex -54.632 101.15 -2.01
    endloop
  endfacet
  facet normal 0 0 1
    outer loop
      vertex -54.9 98.6859 -2.01
      vertex -54.632 101.15 -2.01
      vertex -54.7478 101.385 -2.01
    endloop
  endfacet
  facet normal 0 0 1
    outer loop
      vertex -54.9 98.6859 -2.01
      vertex -54.7478 101.385 -2.01
      vertex -54.8319 101.632 -2.01
    endloop
  endfacet
  facet normal 0 0 1
    outer loop
      vertex -54.9 98.6859 -2.01
      vertex -54.8319 101.632 -2.01
      vertex -54.8829 101.889 -2.01
    endloop
  endfacet
  facet normal 0 0 1
    outer loop
      vertex -53.9 100.418 -2.01
      vertex -54.9 98.6859 -2.01
      vertex -54.4307 98.4545 -2.01
    endloop
  endfacet
  facet normal 0 0 1
    outer loop
      vertex -54.9 98.6859 -2.01
      vertex -54.8829 101.889 -2.01
      vertex -54.9 102.15 -2.01
    endloop
  endfacet
  facet normal -0.89677 0.442496 0
    outer loop
      vertex -6.2359 100.15 -2.01
      vertex -6.00448 100.619 -0.4
      vertex -6.00448 100.619 -2.01
    endloop
  endfacet
  facet normal -0.89677 0.442496 0
    outer loop
      vertex -6.00448 100.619 -0.4
      vertex -6.2359 100.15 -2.01
      vertex -6.2359 100.15 -0.4
    endloop
  endfacet
  facet normal -0.321126 -0.947036 0
    outer loop
      vertex -8.66472 130.214 -2.01
      vertex -8.16927 130.046 -0.4
      vertex -8.66472 130.214 -0.4
    endloop
  endfacet
  facet normal -0.321126 -0.947036 -0
    outer loop
      vertex -8.16927 130.046 -0.4
      vertex -8.66472 130.214 -2.01
      vertex -8.16927 130.046 -2.01
    endloop
  endfacet
  facet normal 0.321156 -0.947026 0
    outer loop
      vertex -54.4307 130.046 -2.01
      vertex -53.9353 130.214 -0.4
      vertex -54.4307 130.046 -0.4
    endloop
  endfacet
  facet normal 0.321156 -0.947026 0
    outer loop
      vertex -53.9353 130.214 -0.4
      vertex -54.4307 130.046 -2.01
      vertex -53.9353 130.214 -2.01
    endloop
  endfacet
  facet normal 0.195124 0.980779 -0
    outer loop
      vertex -53.4221 98.1842 -2.01
      vertex -53.9353 98.2863 -0.4
      vertex -53.4221 98.1842 -0.4
    endloop
  endfacet
  facet normal 0.195124 0.980779 0
    outer loop
      vertex -53.9353 98.2863 -0.4
      vertex -53.4221 98.1842 -2.01
      vertex -53.9353 98.2863 -2.01
    endloop
  endfacet
  facet normal -0.997858 -0.0654151 0
    outer loop
      vertex -5.7 126.35 -2.01
      vertex -5.73422 126.872 -0.4
      vertex -5.73422 126.872 -2.01
    endloop
  endfacet
  facet normal -0.997858 -0.0654151 0
    outer loop
      vertex -5.73422 126.872 -0.4
      vertex -5.7 126.35 -2.01
      vertex -5.7 126.35 -0.4
    endloop
  endfacet
  facet normal -0.751529 -0.659701 0
    outer loop
      vertex -6.52659 128.785 -2.01
      vertex -6.87157 129.178 -0.4
      vertex -6.87157 129.178 -2.01
    endloop
  endfacet
  facet normal -0.751529 -0.659701 0
    outer loop
      vertex -6.87157 129.178 -0.4
      vertex -6.52659 128.785 -2.01
      vertex -6.52659 128.785 -0.4
    endloop
  endfacet
  facet normal -0.195135 0.980776 0
    outer loop
      vertex -8.66472 98.2863 -2.01
      vertex -9.17789 98.1842 -0.4
      vertex -8.66472 98.2863 -0.4
    endloop
  endfacet
  facet normal -0.195135 0.980776 0
    outer loop
      vertex -9.17789 98.1842 -0.4
      vertex -8.66472 98.2863 -2.01
      vertex -9.17789 98.1842 -2.01
    endloop
  endfacet
  facet normal 0.321498 0.94691 -0
    outer loop
      vertex -53.9353 98.2863 -2.01
      vertex -54.4307 98.4545 -0.4
      vertex -53.9353 98.2863 -0.4
    endloop
  endfacet
  facet normal 0.321498 0.94691 0
    outer loop
      vertex -54.4307 98.4545 -0.4
      vertex -53.9353 98.2863 -2.01
      vertex -54.4307 98.4545 -2.01
    endloop
  endfacet
  facet normal 0.831432 -0.555626 0
    outer loop
      vertex -56.3641 128.35 -0.4
      vertex -56.0734 128.785 -2.01
      vertex -56.0734 128.785 -0.4
    endloop
  endfacet
  facet normal 0.831432 -0.555626 0
    outer loop
      vertex -56.0734 128.785 -2.01
      vertex -56.3641 128.35 -0.4
      vertex -56.3641 128.35 -2.01
    endloop
  endfacet
  facet normal 0.064984 -0.997886 0
    outer loop
      vertex -53.4221 130.316 -2.01
      vertex -52.9 130.35 -0.4
      vertex -53.4221 130.316 -0.4
    endloop
  endfacet
  facet normal 0.064984 -0.997886 0
    outer loop
      vertex -52.9 130.35 -0.4
      vertex -53.4221 130.316 -2.01
      vertex -52.9 130.35 -2.01
    endloop
  endfacet
  facet normal 0.947028 0.32115 0
    outer loop
      vertex -56.5955 100.619 -0.4
      vertex -56.7637 101.115 -2.01
      vertex -56.7637 101.115 -0.4
    endloop
  endfacet
  facet normal 0.947028 0.32115 0
    outer loop
      vertex -56.7637 101.115 -2.01
      vertex -56.5955 100.619 -0.4
      vertex -56.5955 100.619 -2.01
    endloop
  endfacet
  facet normal -0.555582 0.831462 0
    outer loop
      vertex -7.26495 98.9766 -2.01
      vertex -7.7 98.6859 -0.4
      vertex -7.26495 98.9766 -0.4
    endloop
  endfacet
  facet normal -0.555582 0.831462 0
    outer loop
      vertex -7.7 98.6859 -0.4
      vertex -7.26495 98.9766 -2.01
      vertex -7.7 98.6859 -2.01
    endloop
  endfacet
  facet normal -0.831441 0.555613 0
    outer loop
      vertex -6.52659 99.715 -2.01
      vertex -6.2359 100.15 -0.4
      vertex -6.2359 100.15 -2.01
    endloop
  endfacet
  facet normal -0.831441 0.555613 0
    outer loop
      vertex -6.2359 100.15 -0.4
      vertex -6.52659 99.715 -2.01
      vertex -6.52659 99.715 -0.4
    endloop
  endfacet
  facet normal 0.659343 0.751842 -0
    outer loop
      vertex -55.335 98.9766 -2.01
      vertex -55.7284 99.3216 -0.4
      vertex -55.335 98.9766 -0.4
    endloop
  endfacet
  facet normal 0.659343 0.751842 0
    outer loop
      vertex -55.7284 99.3216 -0.4
      vertex -55.335 98.9766 -2.01
      vertex -55.7284 99.3216 -2.01
    endloop
  endfacet
  facet normal -0.997858 0.0654151 0
    outer loop
      vertex -5.73422 101.628 -2.01
      vertex -5.7 102.15 -0.4
      vertex -5.7 102.15 -2.01
    endloop
  endfacet
  facet normal -0.997858 0.0654151 0
    outer loop
      vertex -5.7 102.15 -0.4
      vertex -5.73422 101.628 -2.01
      vertex -5.73422 101.628 -0.4
    endloop
  endfacet
  facet normal 0.443159 -0.896443 0
    outer loop
      vertex -54.9 129.814 -2.01
      vertex -54.4307 130.046 -0.4
      vertex -54.9 129.814 -0.4
    endloop
  endfacet
  facet normal 0.443159 -0.896443 0
    outer loop
      vertex -54.4307 130.046 -0.4
      vertex -54.9 129.814 -2.01
      vertex -54.4307 130.046 -2.01
    endloop
  endfacet
  facet normal -0.443182 -0.896432 0
    outer loop
      vertex -8.16927 130.046 -2.01
      vertex -7.7 129.814 -0.4
      vertex -8.16927 130.046 -0.4
    endloop
  endfacet
  facet normal -0.443182 -0.896432 -0
    outer loop
      vertex -7.7 129.814 -0.4
      vertex -8.16927 130.046 -2.01
      vertex -7.7 129.814 -2.01
    endloop
  endfacet
  facet normal 0.751842 0.659343 0
    outer loop
      vertex -55.7284 99.3216 -0.4
      vertex -56.0734 99.715 -2.01
      vertex -56.0734 99.715 -0.4
    endloop
  endfacet
  facet normal 0.751842 0.659343 0
    outer loop
      vertex -56.0734 99.715 -2.01
      vertex -55.7284 99.3216 -0.4
      vertex -55.7284 99.3216 -2.01
    endloop
  endfacet
  facet normal -0.659362 0.751826 0
    outer loop
      vertex -6.87157 99.3216 -2.01
      vertex -7.26495 98.9766 -0.4
      vertex -6.87157 99.3216 -0.4
    endloop
  endfacet
  facet normal -0.659362 0.751826 0
    outer loop
      vertex -7.26495 98.9766 -0.4
      vertex -6.87157 99.3216 -2.01
      vertex -7.26495 98.9766 -2.01
    endloop
  endfacet
  facet normal -0.0653634 0.997862 0
    outer loop
      vertex -9.17789 98.1842 -2.01
      vertex -9.7 98.15 -0.4
      vertex -9.17789 98.1842 -0.4
    endloop
  endfacet
  facet normal -0.0653634 0.997862 0
    outer loop
      vertex -9.7 98.15 -0.4
      vertex -9.17789 98.1842 -2.01
      vertex -9.7 98.15 -2.01
    endloop
  endfacet
  facet normal -0.980771 -0.19516 0
    outer loop
      vertex -5.73422 126.872 -2.01
      vertex -5.8363 127.385 -0.4
      vertex -5.8363 127.385 -2.01
    endloop
  endfacet
  facet normal -0.980771 -0.19516 0
    outer loop
      vertex -5.8363 127.385 -0.4
      vertex -5.73422 126.872 -2.01
      vertex -5.73422 126.872 -0.4
    endloop
  endfacet
  facet normal -0.194951 -0.980813 0
    outer loop
      vertex -9.17789 130.316 -2.01
      vertex -8.66472 130.214 -0.4
      vertex -9.17789 130.316 -0.4
    endloop
  endfacet
  facet normal -0.194951 -0.980813 -0
    outer loop
      vertex -8.66472 130.214 -0.4
      vertex -9.17789 130.316 -2.01
      vertex -8.66472 130.214 -2.01
    endloop
  endfacet
  facet normal -0.94704 -0.321115 0
    outer loop
      vertex -5.8363 127.385 -2.01
      vertex -6.00448 127.881 -0.4
      vertex -6.00448 127.881 -2.01
    endloop
  endfacet
  facet normal -0.94704 -0.321115 0
    outer loop
      vertex -6.00448 127.881 -0.4
      vertex -5.8363 127.385 -2.01
      vertex -5.8363 127.385 -0.4
    endloop
  endfacet
  facet normal 0.896786 0.442465 0
    outer loop
      vertex -56.3641 100.15 -0.4
      vertex -56.5955 100.619 -2.01
      vertex -56.5955 100.619 -0.4
    endloop
  endfacet
  facet normal 0.896786 0.442465 0
    outer loop
      vertex -56.5955 100.619 -2.01
      vertex -56.3641 100.15 -0.4
      vertex -56.3641 100.15 -2.01
    endloop
  endfacet
  facet normal 0.896786 -0.442465 0
    outer loop
      vertex -56.5955 127.881 -0.4
      vertex -56.3641 128.35 -2.01
      vertex -56.3641 128.35 -0.4
    endloop
  endfacet
  facet normal 0.896786 -0.442465 0
    outer loop
      vertex -56.3641 128.35 -2.01
      vertex -56.5955 127.881 -0.4
      vertex -56.5955 127.881 -2.01
    endloop
  endfacet
  facet normal 0.19494 -0.980815 0
    outer loop
      vertex -53.9353 130.214 -2.01
      vertex -53.4221 130.316 -0.4
      vertex -53.9353 130.214 -0.4
    endloop
  endfacet
  facet normal 0.19494 -0.980815 0
    outer loop
      vertex -53.4221 130.316 -0.4
      vertex -53.9353 130.214 -2.01
      vertex -53.4221 130.316 -2.01
    endloop
  endfacet
  facet normal 0.75151 -0.659722 0
    outer loop
      vertex -56.0734 128.785 -0.4
      vertex -55.7284 129.178 -2.01
      vertex -55.7284 129.178 -0.4
    endloop
  endfacet
  facet normal 0.75151 -0.659722 0
    outer loop
      vertex -55.7284 129.178 -2.01
      vertex -56.0734 128.785 -0.4
      vertex -56.0734 128.785 -2.01
    endloop
  endfacet
  facet normal -0.831441 -0.555613 0
    outer loop
      vertex -6.2359 128.35 -2.01
      vertex -6.52659 128.785 -0.4
      vertex -6.52659 128.785 -2.01
    endloop
  endfacet
  facet normal -0.831441 -0.555613 0
    outer loop
      vertex -6.52659 128.785 -0.4
      vertex -6.2359 128.35 -2.01
      vertex -6.2359 128.35 -0.4
    endloop
  endfacet
  facet normal 0.980764 -0.195197 0
    outer loop
      vertex -56.8658 126.872 -0.4
      vertex -56.7637 127.385 -2.01
      vertex -56.7637 127.385 -0.4
    endloop
  endfacet
  facet normal 0.980764 -0.195197 0
    outer loop
      vertex -56.7637 127.385 -2.01
      vertex -56.8658 126.872 -0.4
      vertex -56.8658 126.872 -2.01
    endloop
  endfacet
  facet normal 0.947028 -0.32115 0
    outer loop
      vertex -56.7637 127.385 -0.4
      vertex -56.5955 127.881 -2.01
      vertex -56.5955 127.881 -0.4
    endloop
  endfacet
  facet normal 0.947028 -0.32115 0
    outer loop
      vertex -56.5955 127.881 -2.01
      vertex -56.7637 127.385 -0.4
      vertex -56.7637 127.385 -2.01
    endloop
  endfacet
endsolid OpenSCAD_Model
