solid OpenSCAD_Model
  facet normal 1 -0 0
    outer loop
      vertex 253.9 5 48
      vertex 253.9 8 0
      vertex 253.9 8 48
    endloop
  endfacet
  facet normal 1 0 0
    outer loop
      vertex 253.9 8 0
      vertex 253.9 5 48
      vertex 253.9 5 0
    endloop
  endfacet
  facet normal 0 -1 0
    outer loop
      vertex 206 5 0
      vertex 226 5 1
      vertex 206 5 1
    endloop
  endfacet
  facet normal 0 -1 -0
    outer loop
      vertex 226 5 1
      vertex 206 5 0
      vertex 226 5 0
    endloop
  endfacet
  facet normal 0 -1 0
    outer loop
      vertex 194 5 0
      vertex 189 5 7.5
      vertex 134 5 0
    endloop
  endfacet
  facet normal 0 -1 0
    outer loop
      vertex 189 5 7.5
      vertex 194 5 0
      vertex 194 5 1
    endloop
  endfacet
  facet normal 0 -1 0
    outer loop
      vertex 122 5 0
      vertex 67 5 7.5
      vertex 62 5 0
    endloop
  endfacet
  facet normal 0 -1 0
    outer loop
      vertex 67 5 7.5
      vertex 122 5 0
      vertex 122 5 1
    endloop
  endfacet
  facet normal 0 -1 0
    outer loop
      vertex 30 5 0
      vertex 50 5 1
      vertex 30 5 1
    endloop
  endfacet
  facet normal 0 -1 -0
    outer loop
      vertex 50 5 1
      vertex 30 5 0
      vertex 50 5 0
    endloop
  endfacet
  facet normal 0 -1 0
    outer loop
      vertex 30 5 19.7296
      vertex 50 5 20.8
      vertex 30 5 20.8
    endloop
  endfacet
  facet normal 0 -1 -0
    outer loop
      vertex 50 5 20.8
      vertex 30 5 19.7296
      vertex 50 5 19.7296
    endloop
  endfacet
  facet normal 0 -1 0
    outer loop
      vertex 2.1 5 0
      vertex 18 5 20.8
      vertex 2.1 5 48
    endloop
  endfacet
  facet normal 0 -1 0
    outer loop
      vertex 30 5 1
      vertex 30 5 19.7296
      vertex 18 5 19.7296
    endloop
  endfacet
  facet normal 0 -1 0
    outer loop
      vertex 30 5 19.7296
      vertex 30 5 1
      vertex 50 5 19.7296
    endloop
  endfacet
  facet normal 0 -1 0
    outer loop
      vertex 50 5 19.7296
      vertex 50 5 1
      vertex 62 5 19.7296
    endloop
  endfacet
  facet normal 0 -1 0
    outer loop
      vertex 67 5 15.5
      vertex 70 5 15.3
      vertex 70 5 15.5
    endloop
  endfacet
  facet normal 0 -1 -0
    outer loop
      vertex 70 5 15.3
      vertex 67 5 11.5
      vertex 186 5 15.3
    endloop
  endfacet
  facet normal 0 -1 0
    outer loop
      vertex 67 5 15.5
      vertex 67 5 11.5
      vertex 70 5 15.3
    endloop
  endfacet
  facet normal -0 -1 0
    outer loop
      vertex 67 5 11.5
      vertex 62 5 19.7296
      vertex 50 5 1
    endloop
  endfacet
  facet normal 0 -1 0
    outer loop
      vertex 62 5 19.7296
      vertex 67 5 11.5
      vertex 67 5 15.5
    endloop
  endfacet
  facet normal 0 -1 -0
    outer loop
      vertex 50 5 19.7296
      vertex 30 5 1
      vertex 50 5 1
    endloop
  endfacet
  facet normal 0 -1 0
    outer loop
      vertex 30 5 1
      vertex 18 5 19.7296
      vertex 18 5 1
    endloop
  endfacet
  facet normal 0 -1 -0
    outer loop
      vertex 18 5 20.8
      vertex 2.1 5 0
      vertex 18 5 19.7296
    endloop
  endfacet
  facet normal 0 -1 -0
    outer loop
      vertex 18 5 19.7296
      vertex 2.1 5 0
      vertex 18 5 1
    endloop
  endfacet
  facet normal 0 -1 -0
    outer loop
      vertex 18 5 1
      vertex 2.1 5 0
      vertex 18 5 0
    endloop
  endfacet
  facet normal 0 -1 0
    outer loop
      vertex 186 5 15.5
      vertex 186 5 15.3
      vertex 189 5 15.5
    endloop
  endfacet
  facet normal 0 -1 0
    outer loop
      vertex 2.1 5 48
      vertex 0.5 5 48.5
      vertex 0.5 5 48
    endloop
  endfacet
  facet normal 0 -1 0
    outer loop
      vertex 3.6 5 48.5
      vertex 67 5 73.5
      vertex 3.6 5 73.5
    endloop
  endfacet
  facet normal 0 -1 0
    outer loop
      vertex 0.5 5 48.5
      vertex 2.1 5 48
      vertex 3.6 5 48.5
    endloop
  endfacet
  facet normal 0 -1 0
    outer loop
      vertex 18 5 20.8
      vertex 3.6 5 48.5
      vertex 2.1 5 48
    endloop
  endfacet
  facet normal 0 -1 0
    outer loop
      vertex 30 5 20.8
      vertex 3.6 5 48.5
      vertex 18 5 20.8
    endloop
  endfacet
  facet normal 0 -1 0
    outer loop
      vertex 3.6 5 48.5
      vertex 30 5 20.8
      vertex 67 5 73.5
    endloop
  endfacet
  facet normal 0 -1 0
    outer loop
      vertex 50 5 20.8
      vertex 67 5 73.5
      vertex 30 5 20.8
    endloop
  endfacet
  facet normal 0 -1 0
    outer loop
      vertex 62 5 20.8
      vertex 67 5 73.5
      vertex 50 5 20.8
    endloop
  endfacet
  facet normal 0 -1 0
    outer loop
      vertex 67 5 15.5
      vertex 62 5 20.8
      vertex 62 5 19.7296
    endloop
  endfacet
  facet normal 0 -1 0
    outer loop
      vertex 62 5 20.8
      vertex 67 5 15.5
      vertex 67 5 73.5
    endloop
  endfacet
  facet normal 0 -1 0
    outer loop
      vertex 206 5 19.7296
      vertex 226 5 20.8
      vertex 206 5 20.8
    endloop
  endfacet
  facet normal 0 -1 -0
    outer loop
      vertex 226 5 20.8
      vertex 206 5 19.7296
      vertex 226 5 19.7296
    endloop
  endfacet
  facet normal 0 -1 0
    outer loop
      vertex 189 5 73.5
      vertex 255.1 5 72.5
      vertex 255.5 5 73.5
    endloop
  endfacet
  facet normal 0 -1 0
    outer loop
      vertex 189 5 73.5
      vertex 255.1 5 64.5
      vertex 255.1 5 72.5
    endloop
  endfacet
  facet normal 0 -1 0
    outer loop
      vertex 255.5 5 48
      vertex 255.1 5 64.5
      vertex 253.9 5 48
    endloop
  endfacet
  facet normal 0 -1 0
    outer loop
      vertex 189 5 73.5
      vertex 253.9 5 48
      vertex 255.1 5 64.5
    endloop
  endfacet
  facet normal 0 -1 0
    outer loop
      vertex 206 5 20.8
      vertex 189 5 73.5
      vertex 194 5 20.8
    endloop
  endfacet
  facet normal 0 -1 0
    outer loop
      vertex 189 5 15.5
      vertex 194 5 20.8
      vertex 189 5 73.5
    endloop
  endfacet
  facet normal 0 -1 0
    outer loop
      vertex 206 5 1
      vertex 206 5 19.7296
      vertex 194 5 19.7296
    endloop
  endfacet
  facet normal 0 -1 0
    outer loop
      vertex 206 5 19.7296
      vertex 206 5 1
      vertex 226 5 19.7296
    endloop
  endfacet
  facet normal 0 -1 0
    outer loop
      vertex 189 5 11.5
      vertex 194 5 19.7296
      vertex 189 5 15.5
    endloop
  endfacet
  facet normal 0 -1 -0
    outer loop
      vertex 194 5 20.8
      vertex 189 5 15.5
      vertex 194 5 19.7296
    endloop
  endfacet
  facet normal 0 -1 -0
    outer loop
      vertex 255.5 5 73.5
      vertex 255.1 5 72.5
      vertex 255.5 5 72.5
    endloop
  endfacet
  facet normal 0 -1 0
    outer loop
      vertex 255.1 5 64.5
      vertex 255.5 5 48
      vertex 255.5 5 64.5
    endloop
  endfacet
  facet normal 0 -1 0
    outer loop
      vertex 226 5 20.8
      vertex 189 5 73.5
      vertex 206 5 20.8
    endloop
  endfacet
  facet normal 0 -1 0
    outer loop
      vertex 189 5 73.5
      vertex 226 5 20.8
      vertex 253.9 5 48
    endloop
  endfacet
  facet normal 0 -1 0
    outer loop
      vertex 238 5 20.8
      vertex 253.9 5 48
      vertex 226 5 20.8
    endloop
  endfacet
  facet normal 0 -1 0
    outer loop
      vertex 253.9 5 0
      vertex 238 5 20.8
      vertex 238 5 19.7296
    endloop
  endfacet
  facet normal 0 -1 0
    outer loop
      vertex 189 5 11.5
      vertex 186 5 15.3
      vertex 67 5 11.5
    endloop
  endfacet
  facet normal 0 -1 0
    outer loop
      vertex 189 5 11.5
      vertex 189 5 15.5
      vertex 186 5 15.3
    endloop
  endfacet
  facet normal 0 -1 -0
    outer loop
      vertex 194 5 19.7296
      vertex 189 5 11.5
      vertex 206 5 1
    endloop
  endfacet
  facet normal 0 -1 0
    outer loop
      vertex 194 5 1
      vertex 189 5 11.5
      vertex 189 5 7.5
    endloop
  endfacet
  facet normal 0 -1 0
    outer loop
      vertex 62 5 1
      vertex 67 5 11.5
      vertex 50 5 1
    endloop
  endfacet
  facet normal 0 -1 -0
    outer loop
      vertex 67 5 11.5
      vertex 62 5 1
      vertex 67 5 7.5
    endloop
  endfacet
  facet normal 0 -1 0
    outer loop
      vertex 62 5 0
      vertex 67 5 7.5
      vertex 62 5 1
    endloop
  endfacet
  facet normal 0 -1 0
    outer loop
      vertex 67 5 7.5
      vertex 122 5 1
      vertex 189 5 7.5
    endloop
  endfacet
  facet normal 0 -1 0
    outer loop
      vertex 134 5 1
      vertex 189 5 7.5
      vertex 122 5 1
    endloop
  endfacet
  facet normal 0 -1 0
    outer loop
      vertex 134 5 0
      vertex 189 5 7.5
      vertex 134 5 1
    endloop
  endfacet
  facet normal 0 -1 0
    outer loop
      vertex 189 5 11.5
      vertex 194 5 1
      vertex 206 5 1
    endloop
  endfacet
  facet normal 0 -1 0
    outer loop
      vertex 226 5 1
      vertex 226 5 19.7296
      vertex 206 5 1
    endloop
  endfacet
  facet normal 0 -1 0
    outer loop
      vertex 226 5 19.7296
      vertex 226 5 1
      vertex 238 5 19.7296
    endloop
  endfacet
  facet normal 0 -1 0
    outer loop
      vertex 238 5 1
      vertex 238 5 19.7296
      vertex 226 5 1
    endloop
  endfacet
  facet normal 0 -1 0
    outer loop
      vertex 253.9 5 0
      vertex 238 5 19.7296
      vertex 238 5 1
    endloop
  endfacet
  facet normal 0 -1 0
    outer loop
      vertex 253.9 5 0
      vertex 238 5 1
      vertex 238 5 0
    endloop
  endfacet
  facet normal 0 -1 0
    outer loop
      vertex 238 5 20.8
      vertex 253.9 5 0
      vertex 253.9 5 48
    endloop
  endfacet
  facet normal 0 1 0
    outer loop
      vertex 225.035 8 19.3637
      vertex 226 8 20.8
      vertex 226 8 19.7474
    endloop
  endfacet
  facet normal 0 1 0
    outer loop
      vertex 222.965 8 19.3637
      vertex 226 8 20.8
      vertex 223.478 8 19.4658
    endloop
  endfacet
  facet normal 0 1 -0
    outer loop
      vertex 253.9 8 48
      vertex 247.5 8 48.5
      vertex 255.5 8 48.5
    endloop
  endfacet
  facet normal 0 1 0
    outer loop
      vertex 238 8 20.8
      vertex 247.5 8 48.5
      vertex 253.9 8 48
    endloop
  endfacet
  facet normal 0 1 0
    outer loop
      vertex 253.9 8 48
      vertex 255.5 8 48.5
      vertex 255.5 8 48
    endloop
  endfacet
  facet normal -0 1 0
    outer loop
      vertex 227.173 8 35.935
      vertex 247.5 8 48.5
      vertex 227.464 8 35.5
    endloop
  endfacet
  facet normal 0 1 0
    outer loop
      vertex 247.5 8 48.5
      vertex 227.173 8 35.935
      vertex 226.435 8 48.3266
    endloop
  endfacet
  facet normal -0 1 -0
    outer loop
      vertex 226.828 8 36.3284
      vertex 226.435 8 48.3266
      vertex 227.173 8 35.935
    endloop
  endfacet
  facet normal 0 1 0
    outer loop
      vertex 226.435 8 48.3266
      vertex 226.435 8 36.6734
      vertex 226 8 48.0359
    endloop
  endfacet
  facet normal -0 1 0
    outer loop
      vertex 226 8 36.9641
      vertex 226 8 48.0359
      vertex 226.435 8 36.6734
    endloop
  endfacet
  facet normal 0 1 0
    outer loop
      vertex 226 8 48.0359
      vertex 226 8 36.9641
      vertex 225.531 8 47.8045
    endloop
  endfacet
  facet normal 0 1 0
    outer loop
      vertex 224 8 47.5
      vertex 224.522 8 37.4658
      vertex 224 8 37.5
    endloop
  endfacet
  facet normal 0 1 0
    outer loop
      vertex 224.522 8 47.5342
      vertex 224.522 8 37.4658
      vertex 224 8 47.5
    endloop
  endfacet
  facet normal -0 1 0
    outer loop
      vertex 224.522 8 37.4658
      vertex 224.522 8 47.5342
      vertex 225.035 8 37.3637
    endloop
  endfacet
  facet normal 0 1 0
    outer loop
      vertex 225.035 8 47.6363
      vertex 225.035 8 37.3637
      vertex 224.522 8 47.5342
    endloop
  endfacet
  facet normal -0 1 0
    outer loop
      vertex 225.035 8 37.3637
      vertex 225.035 8 47.6363
      vertex 225.531 8 37.1955
    endloop
  endfacet
  facet normal 0 1 0
    outer loop
      vertex 225.531 8 47.8045
      vertex 225.531 8 37.1955
      vertex 225.035 8 47.6363
    endloop
  endfacet
  facet normal -0 1 0
    outer loop
      vertex 225.531 8 37.1955
      vertex 225.531 8 47.8045
      vertex 226 8 36.9641
    endloop
  endfacet
  facet normal -0 1 0
    outer loop
      vertex 226.435 8 36.6734
      vertex 226.435 8 48.3266
      vertex 226.828 8 36.3284
    endloop
  endfacet
  facet normal 0 1 0
    outer loop
      vertex 247.5 8 48.5
      vertex 227.696 8 35.0307
      vertex 227.464 8 35.5
    endloop
  endfacet
  facet normal 0 1 0
    outer loop
      vertex 247.5 8 48.5
      vertex 227.864 8 34.5353
      vertex 227.696 8 35.0307
    endloop
  endfacet
  facet normal 0 1 0
    outer loop
      vertex 247.5 8 48.5
      vertex 227.966 8 34.0221
      vertex 227.864 8 34.5353
    endloop
  endfacet
  facet normal 0 1 0
    outer loop
      vertex 247.5 8 48.5
      vertex 238 8 20.8
      vertex 227.966 8 34.0221
    endloop
  endfacet
  facet normal 0 1 0
    outer loop
      vertex 227.966 8 34.0221
      vertex 238 8 20.8
      vertex 228 8 33.5
    endloop
  endfacet
  facet normal 0 1 0
    outer loop
      vertex 228 8 33.5
      vertex 238 8 20.8
      vertex 227.966 8 32.9779
    endloop
  endfacet
  facet normal 0 1 0
    outer loop
      vertex 227.966 8 32.9779
      vertex 238 8 20.8
      vertex 227.864 8 32.4647
    endloop
  endfacet
  facet normal 0 1 0
    outer loop
      vertex 227.864 8 32.4647
      vertex 238 8 20.8
      vertex 227.696 8 31.9693
    endloop
  endfacet
  facet normal 0 1 0
    outer loop
      vertex 227.696 8 31.9693
      vertex 238 8 20.8
      vertex 227.464 8 31.5
    endloop
  endfacet
  facet normal 0 1 0
    outer loop
      vertex 227.464 8 31.5
      vertex 238 8 20.8
      vertex 227.173 8 31.065
    endloop
  endfacet
  facet normal 0 1 0
    outer loop
      vertex 227.173 8 31.065
      vertex 238 8 20.8
      vertex 226.828 8 30.6716
    endloop
  endfacet
  facet normal 0 1 0
    outer loop
      vertex 226 8 20.8
      vertex 226.828 8 30.6716
      vertex 238 8 20.8
    endloop
  endfacet
  facet normal 0 1 0
    outer loop
      vertex 225.035 8 29.6363
      vertex 226 8 20.8
      vertex 224.522 8 29.5342
    endloop
  endfacet
  facet normal 0 1 0
    outer loop
      vertex 225.531 8 29.8045
      vertex 226 8 20.8
      vertex 225.035 8 29.6363
    endloop
  endfacet
  facet normal 0 1 0
    outer loop
      vertex 226 8 30.0359
      vertex 226 8 20.8
      vertex 225.531 8 29.8045
    endloop
  endfacet
  facet normal 0 1 0
    outer loop
      vertex 226.435 8 30.3266
      vertex 226 8 20.8
      vertex 226 8 30.0359
    endloop
  endfacet
  facet normal 0 1 0
    outer loop
      vertex 226.828 8 30.6716
      vertex 226 8 20.8
      vertex 226.435 8 30.3266
    endloop
  endfacet
  facet normal 0 1 -0
    outer loop
      vertex 253.9 8 0
      vertex 238 8 20.8
      vertex 253.9 8 48
    endloop
  endfacet
  facet normal 0 1 -0
    outer loop
      vertex 227.173 8 17.935
      vertex 226 8 19.7474
      vertex 238 8 19.7474
    endloop
  endfacet
  facet normal 0 1 0
    outer loop
      vertex 226 8 20.8
      vertex 224 8 19.5
      vertex 223.478 8 19.4658
    endloop
  endfacet
  facet normal 0 1 0
    outer loop
      vertex 222.469 8 19.1955
      vertex 226 8 20.8
      vertex 222.965 8 19.3637
    endloop
  endfacet
  facet normal 0 1 0
    outer loop
      vertex 226 8 20.8
      vertex 224.522 8 19.4658
      vertex 224 8 19.5
    endloop
  endfacet
  facet normal 0 1 0
    outer loop
      vertex 226 8 20.8
      vertex 225.035 8 19.3637
      vertex 224.522 8 19.4658
    endloop
  endfacet
  facet normal 0 1 0
    outer loop
      vertex 226 8 19.7474
      vertex 225.531 8 19.1955
      vertex 225.035 8 19.3637
    endloop
  endfacet
  facet normal 0 1 0
    outer loop
      vertex 226 8 19.7474
      vertex 226 8 18.9641
      vertex 225.531 8 19.1955
    endloop
  endfacet
  facet normal 0 1 0
    outer loop
      vertex 226 8 19.7474
      vertex 226.435 8 18.6734
      vertex 226 8 18.9641
    endloop
  endfacet
  facet normal 0 1 0
    outer loop
      vertex 226 8 19.7474
      vertex 226.828 8 18.3284
      vertex 226.435 8 18.6734
    endloop
  endfacet
  facet normal 0 1 0
    outer loop
      vertex 226 8 19.7474
      vertex 227.173 8 17.935
      vertex 226.828 8 18.3284
    endloop
  endfacet
  facet normal 0 1 0
    outer loop
      vertex 238 8 19.7474
      vertex 227.464 8 17.5
      vertex 227.173 8 17.935
    endloop
  endfacet
  facet normal 0 1 0
    outer loop
      vertex 238 8 19.7474
      vertex 227.696 8 17.0307
      vertex 227.464 8 17.5
    endloop
  endfacet
  facet normal 0 1 0
    outer loop
      vertex 238 8 19.7474
      vertex 227.864 8 16.5353
      vertex 227.696 8 17.0307
    endloop
  endfacet
  facet normal 0 1 0
    outer loop
      vertex 238 8 19.7474
      vertex 227.966 8 16.0221
      vertex 227.864 8 16.5353
    endloop
  endfacet
  facet normal 0 1 0
    outer loop
      vertex 238 8 19.7474
      vertex 228 8 15.5
      vertex 227.966 8 16.0221
    endloop
  endfacet
  facet normal 0 1 0
    outer loop
      vertex 238 8 19.7474
      vertex 227.966 8 14.9779
      vertex 228 8 15.5
    endloop
  endfacet
  facet normal 0 1 0
    outer loop
      vertex 238 8 19.7474
      vertex 227.864 8 14.4647
      vertex 227.966 8 14.9779
    endloop
  endfacet
  facet normal 0 1 0
    outer loop
      vertex 238 8 19.7474
      vertex 227.696 8 13.9693
      vertex 227.864 8 14.4647
    endloop
  endfacet
  facet normal 0 1 -0
    outer loop
      vertex 238 8 1
      vertex 227.696 8 13.9693
      vertex 238 8 19.7474
    endloop
  endfacet
  facet normal 0 1 0
    outer loop
      vertex 227.696 8 13.9693
      vertex 238 8 1
      vertex 227.464 8 13.5
    endloop
  endfacet
  facet normal 0 1 0
    outer loop
      vertex 227.464 8 13.5
      vertex 238 8 1
      vertex 227.173 8 13.065
    endloop
  endfacet
  facet normal 0 1 0
    outer loop
      vertex 227.173 8 13.065
      vertex 238 8 1
      vertex 226.828 8 12.6716
    endloop
  endfacet
  facet normal 0 1 0
    outer loop
      vertex 226.828 8 12.6716
      vertex 238 8 1
      vertex 226.435 8 12.3266
    endloop
  endfacet
  facet normal 0 1 -0
    outer loop
      vertex 194 8 0
      vertex 186 8 15.3
      vertex 194 8 1
    endloop
  endfacet
  facet normal 0 1 0
    outer loop
      vertex 225.035 8 11.6363
      vertex 226 8 1
      vertex 224.522 8 11.5342
    endloop
  endfacet
  facet normal 0 1 0
    outer loop
      vertex 225.531 8 11.8045
      vertex 226 8 1
      vertex 225.035 8 11.6363
    endloop
  endfacet
  facet normal 0 1 0
    outer loop
      vertex 226 8 12.0359
      vertex 226 8 1
      vertex 225.531 8 11.8045
    endloop
  endfacet
  facet normal 0 1 0
    outer loop
      vertex 226.435 8 12.3266
      vertex 226 8 1
      vertex 226 8 12.0359
    endloop
  endfacet
  facet normal 0 1 0
    outer loop
      vertex 226 8 1
      vertex 226.435 8 12.3266
      vertex 238 8 1
    endloop
  endfacet
  facet normal 0 1 0
    outer loop
      vertex 238 8 20.8
      vertex 253.9 8 0
      vertex 238 8 19.7474
    endloop
  endfacet
  facet normal 0 1 0
    outer loop
      vertex 238 8 19.7474
      vertex 253.9 8 0
      vertex 238 8 1
    endloop
  endfacet
  facet normal 0 1 0
    outer loop
      vertex 238 8 1
      vertex 253.9 8 0
      vertex 238 8 0
    endloop
  endfacet
  facet normal 0 1 0
    outer loop
      vertex 223.478 8 55.4658
      vertex 247.5 8 71.5
      vertex 224 8 55.5
    endloop
  endfacet
  facet normal 0 1 0
    outer loop
      vertex 247.5 8 71.5
      vertex 224.522 8 55.4658
      vertex 224 8 55.5
    endloop
  endfacet
  facet normal 0 1 0
    outer loop
      vertex 247.5 8 71.5
      vertex 225.035 8 55.3637
      vertex 224.522 8 55.4658
    endloop
  endfacet
  facet normal 0 1 0
    outer loop
      vertex 247.5 8 71.5
      vertex 225.531 8 55.1955
      vertex 225.035 8 55.3637
    endloop
  endfacet
  facet normal 0 1 0
    outer loop
      vertex 247.5 8 71.5
      vertex 226 8 54.9641
      vertex 225.531 8 55.1955
    endloop
  endfacet
  facet normal 0 1 0
    outer loop
      vertex 247.5 8 71.5
      vertex 226.435 8 54.6734
      vertex 226 8 54.9641
    endloop
  endfacet
  facet normal 0 1 0
    outer loop
      vertex 247.5 8 71.5
      vertex 226.828 8 54.3284
      vertex 226.435 8 54.6734
    endloop
  endfacet
  facet normal 0 1 0
    outer loop
      vertex 247.5 8 71.5
      vertex 227.173 8 53.935
      vertex 226.828 8 54.3284
    endloop
  endfacet
  facet normal 0 1 0
    outer loop
      vertex 247.5 8 71.5
      vertex 227.464 8 53.5
      vertex 227.173 8 53.935
    endloop
  endfacet
  facet normal 0 1 -0
    outer loop
      vertex 247.5 8 48.5
      vertex 227.464 8 53.5
      vertex 247.5 8 71.5
    endloop
  endfacet
  facet normal 0 1 0
    outer loop
      vertex 227.464 8 53.5
      vertex 247.5 8 48.5
      vertex 227.696 8 53.0307
    endloop
  endfacet
  facet normal 0 1 0
    outer loop
      vertex 227.696 8 53.0307
      vertex 247.5 8 48.5
      vertex 227.864 8 52.5353
    endloop
  endfacet
  facet normal 0 1 0
    outer loop
      vertex 227.864 8 52.5353
      vertex 247.5 8 48.5
      vertex 227.966 8 52.0221
    endloop
  endfacet
  facet normal 0 1 0
    outer loop
      vertex 227.966 8 52.0221
      vertex 247.5 8 48.5
      vertex 228 8 51.5
    endloop
  endfacet
  facet normal 0 1 0
    outer loop
      vertex 228 8 51.5
      vertex 247.5 8 48.5
      vertex 227.966 8 50.9779
    endloop
  endfacet
  facet normal 0 1 0
    outer loop
      vertex 227.966 8 50.9779
      vertex 247.5 8 48.5
      vertex 227.864 8 50.4647
    endloop
  endfacet
  facet normal 0 1 0
    outer loop
      vertex 227.864 8 50.4647
      vertex 247.5 8 48.5
      vertex 227.696 8 49.9693
    endloop
  endfacet
  facet normal 0 1 0
    outer loop
      vertex 227.696 8 49.9693
      vertex 247.5 8 48.5
      vertex 227.464 8 49.5
    endloop
  endfacet
  facet normal 0 1 0
    outer loop
      vertex 227.464 8 49.5
      vertex 247.5 8 48.5
      vertex 227.173 8 49.065
    endloop
  endfacet
  facet normal 0 1 0
    outer loop
      vertex 227.173 8 49.065
      vertex 247.5 8 48.5
      vertex 226.828 8 48.6716
    endloop
  endfacet
  facet normal 0 1 0
    outer loop
      vertex 226.828 8 48.6716
      vertex 247.5 8 48.5
      vertex 226.435 8 48.3266
    endloop
  endfacet
  facet normal 0 1 0
    outer loop
      vertex 247.5 8 71.5
      vertex 223.478 8 55.4658
      vertex 186 8 71.5
    endloop
  endfacet
  facet normal 0 1 -0
    outer loop
      vertex 222.965 8 55.3637
      vertex 186 8 71.5
      vertex 223.478 8 55.4658
    endloop
  endfacet
  facet normal 0 1 -0
    outer loop
      vertex 222.469 8 55.1955
      vertex 186 8 71.5
      vertex 222.965 8 55.3637
    endloop
  endfacet
  facet normal 0 1 -0
    outer loop
      vertex 222 8 54.9641
      vertex 186 8 71.5
      vertex 222.469 8 55.1955
    endloop
  endfacet
  facet normal 0 1 -0
    outer loop
      vertex 221.565 8 54.6734
      vertex 186 8 71.5
      vertex 222 8 54.9641
    endloop
  endfacet
  facet normal 0 1 -0
    outer loop
      vertex 221.172 8 54.3284
      vertex 186 8 71.5
      vertex 221.565 8 54.6734
    endloop
  endfacet
  facet normal 0 1 -0
    outer loop
      vertex 220.827 8 53.935
      vertex 186 8 71.5
      vertex 221.172 8 54.3284
    endloop
  endfacet
  facet normal 0 1 -0
    outer loop
      vertex 220.536 8 53.5
      vertex 186 8 71.5
      vertex 220.827 8 53.935
    endloop
  endfacet
  facet normal 0 1 -0
    outer loop
      vertex 220.304 8 53.0307
      vertex 186 8 71.5
      vertex 220.536 8 53.5
    endloop
  endfacet
  facet normal 0 1 -0
    outer loop
      vertex 220.136 8 52.5353
      vertex 186 8 71.5
      vertex 220.304 8 53.0307
    endloop
  endfacet
  facet normal 0 1 -0
    outer loop
      vertex 220.034 8 52.0221
      vertex 186 8 71.5
      vertex 220.136 8 52.5353
    endloop
  endfacet
  facet normal 0 1 -0
    outer loop
      vertex 220 8 51.5
      vertex 186 8 71.5
      vertex 220.034 8 52.0221
    endloop
  endfacet
  facet normal 0 1 0
    outer loop
      vertex 220.034 8 50.9779
      vertex 186 8 71.5
      vertex 220 8 51.5
    endloop
  endfacet
  facet normal 0 1 0
    outer loop
      vertex 194 8 20.8
      vertex 220.034 8 50.9779
      vertex 220.136 8 50.4647
    endloop
  endfacet
  facet normal 0 1 0
    outer loop
      vertex 194 8 20.8
      vertex 220.136 8 50.4647
      vertex 220.304 8 49.9693
    endloop
  endfacet
  facet normal 0 1 0
    outer loop
      vertex 220.304 8 35.0307
      vertex 220.304 8 49.9693
      vertex 220.536 8 49.5
    endloop
  endfacet
  facet normal 0 1 0
    outer loop
      vertex 220.536 8 35.5
      vertex 220.536 8 49.5
      vertex 220.827 8 49.065
    endloop
  endfacet
  facet normal 0 1 0
    outer loop
      vertex 220.827 8 35.935
      vertex 220.827 8 49.065
      vertex 221.172 8 48.6716
    endloop
  endfacet
  facet normal 0 1 0
    outer loop
      vertex 221.172 8 36.3284
      vertex 221.172 8 48.6716
      vertex 221.565 8 48.3266
    endloop
  endfacet
  facet normal 0 1 0
    outer loop
      vertex 221.565 8 36.6734
      vertex 221.565 8 48.3266
      vertex 222 8 48.0359
    endloop
  endfacet
  facet normal 0 1 -0
    outer loop
      vertex 224 8 37.5
      vertex 223.478 8 47.5342
      vertex 224 8 47.5
    endloop
  endfacet
  facet normal 0 1 0
    outer loop
      vertex 223.478 8 37.4658
      vertex 223.478 8 47.5342
      vertex 224 8 37.5
    endloop
  endfacet
  facet normal 0 1 0
    outer loop
      vertex 223.478 8 47.5342
      vertex 223.478 8 37.4658
      vertex 222.965 8 47.6363
    endloop
  endfacet
  facet normal 0 1 0
    outer loop
      vertex 222.965 8 37.3637
      vertex 222.965 8 47.6363
      vertex 223.478 8 37.4658
    endloop
  endfacet
  facet normal 0 1 0
    outer loop
      vertex 222.965 8 47.6363
      vertex 222.965 8 37.3637
      vertex 222.469 8 47.8045
    endloop
  endfacet
  facet normal 0 1 0
    outer loop
      vertex 222.469 8 37.1955
      vertex 222.469 8 47.8045
      vertex 222.965 8 37.3637
    endloop
  endfacet
  facet normal 0 1 0
    outer loop
      vertex 222.469 8 47.8045
      vertex 222.469 8 37.1955
      vertex 222 8 48.0359
    endloop
  endfacet
  facet normal 0 1 0
    outer loop
      vertex 222 8 36.9641
      vertex 222 8 48.0359
      vertex 222.469 8 37.1955
    endloop
  endfacet
  facet normal 0 1 0
    outer loop
      vertex 221.565 8 36.6734
      vertex 222 8 48.0359
      vertex 222 8 36.9641
    endloop
  endfacet
  facet normal 0 1 0
    outer loop
      vertex 221.565 8 48.3266
      vertex 221.565 8 36.6734
      vertex 221.172 8 36.3284
    endloop
  endfacet
  facet normal 0 1 0
    outer loop
      vertex 221.172 8 48.6716
      vertex 221.172 8 36.3284
      vertex 220.827 8 35.935
    endloop
  endfacet
  facet normal 0 1 0
    outer loop
      vertex 220.827 8 49.065
      vertex 220.827 8 35.935
      vertex 220.536 8 35.5
    endloop
  endfacet
  facet normal 0 1 0
    outer loop
      vertex 220.536 8 49.5
      vertex 220.536 8 35.5
      vertex 220.304 8 35.0307
    endloop
  endfacet
  facet normal 0 1 0
    outer loop
      vertex 220.304 8 49.9693
      vertex 220.304 8 35.0307
      vertex 194 8 20.8
    endloop
  endfacet
  facet normal 0 1 0
    outer loop
      vertex 194 8 20.8
      vertex 220.304 8 35.0307
      vertex 220.136 8 34.5353
    endloop
  endfacet
  facet normal 0 1 0
    outer loop
      vertex 206 8 20.8
      vertex 220.136 8 34.5353
      vertex 220.034 8 34.0221
    endloop
  endfacet
  facet normal 0 1 0
    outer loop
      vertex 206 8 20.8
      vertex 220.034 8 34.0221
      vertex 220 8 33.5
    endloop
  endfacet
  facet normal 0 1 0
    outer loop
      vertex 206 8 20.8
      vertex 220 8 33.5
      vertex 220.034 8 32.9779
    endloop
  endfacet
  facet normal 0 1 0
    outer loop
      vertex 206 8 20.8
      vertex 220.034 8 32.9779
      vertex 220.136 8 32.4647
    endloop
  endfacet
  facet normal 0 1 0
    outer loop
      vertex 206 8 20.8
      vertex 220.136 8 32.4647
      vertex 220.304 8 31.9693
    endloop
  endfacet
  facet normal 0 1 0
    outer loop
      vertex 206 8 20.8
      vertex 220.304 8 31.9693
      vertex 220.536 8 31.5
    endloop
  endfacet
  facet normal 0 1 0
    outer loop
      vertex 206 8 20.8
      vertex 220.536 8 31.5
      vertex 220.827 8 31.065
    endloop
  endfacet
  facet normal 0 1 0
    outer loop
      vertex 224.522 8 29.5342
      vertex 226 8 20.8
      vertex 224 8 29.5
    endloop
  endfacet
  facet normal 0 1 0
    outer loop
      vertex 224 8 29.5
      vertex 226 8 20.8
      vertex 223.478 8 29.5342
    endloop
  endfacet
  facet normal 0 1 0
    outer loop
      vertex 223.478 8 29.5342
      vertex 226 8 20.8
      vertex 222.965 8 29.6363
    endloop
  endfacet
  facet normal 0 1 0
    outer loop
      vertex 222.965 8 29.6363
      vertex 226 8 20.8
      vertex 222.469 8 29.8045
    endloop
  endfacet
  facet normal 0 1 0
    outer loop
      vertex 222.469 8 29.8045
      vertex 226 8 20.8
      vertex 222 8 30.0359
    endloop
  endfacet
  facet normal 0 1 0
    outer loop
      vertex 226 8 20.8
      vertex 221.565 8 30.3266
      vertex 222 8 30.0359
    endloop
  endfacet
  facet normal 0 1 0
    outer loop
      vertex 206 8 20.8
      vertex 221.565 8 30.3266
      vertex 226 8 20.8
    endloop
  endfacet
  facet normal 0 1 0
    outer loop
      vertex 221.565 8 30.3266
      vertex 206 8 20.8
      vertex 221.172 8 30.6716
    endloop
  endfacet
  facet normal 0 1 0
    outer loop
      vertex 221.172 8 30.6716
      vertex 206 8 20.8
      vertex 220.827 8 31.065
    endloop
  endfacet
  facet normal 0 1 0
    outer loop
      vertex 220.136 8 34.5353
      vertex 206 8 20.8
      vertex 194 8 20.8
    endloop
  endfacet
  facet normal 0 1 0
    outer loop
      vertex 220.034 8 50.9779
      vertex 194 8 20.8
      vertex 186 8 71.5
    endloop
  endfacet
  facet normal 0 1 0
    outer loop
      vertex 186 8 15.5
      vertex 194 8 20.8
      vertex 194 8 19.7474
    endloop
  endfacet
  facet normal 0 1 0
    outer loop
      vertex 226 8 20.8
      vertex 222.469 8 19.1955
      vertex 206 8 20.8
    endloop
  endfacet
  facet normal 0 1 -0
    outer loop
      vertex 222 8 18.9641
      vertex 206 8 20.8
      vertex 222.469 8 19.1955
    endloop
  endfacet
  facet normal 0 1 -0
    outer loop
      vertex 221.565 8 18.6734
      vertex 206 8 20.8
      vertex 222 8 18.9641
    endloop
  endfacet
  facet normal 0 1 -0
    outer loop
      vertex 221.172 8 18.3284
      vertex 206 8 20.8
      vertex 221.565 8 18.6734
    endloop
  endfacet
  facet normal 0 1 -0
    outer loop
      vertex 220.827 8 17.935
      vertex 206 8 20.8
      vertex 221.172 8 18.3284
    endloop
  endfacet
  facet normal 0 1 -0
    outer loop
      vertex 220.536 8 17.5
      vertex 206 8 20.8
      vertex 220.827 8 17.935
    endloop
  endfacet
  facet normal 0 1 -0
    outer loop
      vertex 220.304 8 17.0307
      vertex 206 8 20.8
      vertex 220.536 8 17.5
    endloop
  endfacet
  facet normal 0 1 0
    outer loop
      vertex 206 8 20.8
      vertex 220.304 8 17.0307
      vertex 206 8 19.7474
    endloop
  endfacet
  facet normal 0 1 -0
    outer loop
      vertex 220.136 8 16.5353
      vertex 206 8 19.7474
      vertex 220.304 8 17.0307
    endloop
  endfacet
  facet normal 0 1 -0
    outer loop
      vertex 220.034 8 16.0221
      vertex 206 8 19.7474
      vertex 220.136 8 16.5353
    endloop
  endfacet
  facet normal 0 1 -0
    outer loop
      vertex 220 8 15.5
      vertex 206 8 19.7474
      vertex 220.034 8 16.0221
    endloop
  endfacet
  facet normal 0 1 0
    outer loop
      vertex 220.034 8 14.9779
      vertex 206 8 19.7474
      vertex 220 8 15.5
    endloop
  endfacet
  facet normal 0 1 0
    outer loop
      vertex 194 8 20.8
      vertex 186 8 15.5
      vertex 186 8 71.5
    endloop
  endfacet
  facet normal 0 1 0
    outer loop
      vertex 220.136 8 14.4647
      vertex 206 8 19.7474
      vertex 220.034 8 14.9779
    endloop
  endfacet
  facet normal 0 1 0
    outer loop
      vertex 194 8 19.7474
      vertex 186 8 15.3
      vertex 186 8 15.5
    endloop
  endfacet
  facet normal 0 1 0
    outer loop
      vertex 220.304 8 13.9693
      vertex 206 8 19.7474
      vertex 220.136 8 14.4647
    endloop
  endfacet
  facet normal 0 1 0
    outer loop
      vertex 206 8 19.7474
      vertex 220.304 8 13.9693
      vertex 206 8 1
    endloop
  endfacet
  facet normal 0 1 0
    outer loop
      vertex 206 8 1
      vertex 220.304 8 13.9693
      vertex 220.536 8 13.5
    endloop
  endfacet
  facet normal 0 1 0
    outer loop
      vertex 206 8 1
      vertex 220.536 8 13.5
      vertex 220.827 8 13.065
    endloop
  endfacet
  facet normal 0 1 0
    outer loop
      vertex 186 8 15.3
      vertex 134 8 13.773
      vertex 134 8 15.3
    endloop
  endfacet
  facet normal 0 1 0
    outer loop
      vertex 221.172 8 12.6716
      vertex 206 8 1
      vertex 220.827 8 13.065
    endloop
  endfacet
  facet normal 0 1 0
    outer loop
      vertex 221.565 8 12.3266
      vertex 206 8 1
      vertex 221.172 8 12.6716
    endloop
  endfacet
  facet normal 0 1 -0
    outer loop
      vertex 122 8 13.773
      vertex 70 8 15.3
      vertex 122 8 15.3
    endloop
  endfacet
  facet normal 0 1 0
    outer loop
      vertex 32.5221 8 11.5342
      vertex 70 8 15.3
      vertex 122 8 13.773
    endloop
  endfacet
  facet normal 0 1 0
    outer loop
      vertex 70 8 15.3
      vertex 35.8637 8 14.4647
      vertex 35.9658 8 14.9779
    endloop
  endfacet
  facet normal 0 1 0
    outer loop
      vertex 70 8 15.3
      vertex 35.6955 8 13.9693
      vertex 35.8637 8 14.4647
    endloop
  endfacet
  facet normal 0 1 0
    outer loop
      vertex 206 8 1
      vertex 221.565 8 12.3266
      vertex 226 8 1
    endloop
  endfacet
  facet normal 0 1 0
    outer loop
      vertex 70 8 15.3
      vertex 35.4641 8 13.5
      vertex 35.6955 8 13.9693
    endloop
  endfacet
  facet normal 0 1 0
    outer loop
      vertex 226 8 1
      vertex 221.565 8 12.3266
      vertex 222 8 12.0359
    endloop
  endfacet
  facet normal 0 1 0
    outer loop
      vertex 70 8 15.3
      vertex 35.1734 8 13.065
      vertex 35.4641 8 13.5
    endloop
  endfacet
  facet normal 0 1 0
    outer loop
      vertex 226 8 1
      vertex 222 8 12.0359
      vertex 222.469 8 11.8045
    endloop
  endfacet
  facet normal 0 1 0
    outer loop
      vertex 70 8 15.3
      vertex 34.8284 8 12.6716
      vertex 35.1734 8 13.065
    endloop
  endfacet
  facet normal 0 1 0
    outer loop
      vertex 223.478 8 11.5342
      vertex 226 8 1
      vertex 222.965 8 11.6363
    endloop
  endfacet
  facet normal 0 1 0
    outer loop
      vertex 70 8 15.3
      vertex 34.435 8 12.3266
      vertex 34.8284 8 12.6716
    endloop
  endfacet
  facet normal 0 1 0
    outer loop
      vertex 224 8 11.5
      vertex 226 8 1
      vertex 223.478 8 11.5342
    endloop
  endfacet
  facet normal 0 1 0
    outer loop
      vertex 70 8 15.3
      vertex 34 8 12.0359
      vertex 34.435 8 12.3266
    endloop
  endfacet
  facet normal 0 1 0
    outer loop
      vertex 222.965 8 11.6363
      vertex 226 8 1
      vertex 222.469 8 11.8045
    endloop
  endfacet
  facet normal 0 1 0
    outer loop
      vertex 70 8 15.3
      vertex 33.5307 8 11.8045
      vertex 34 8 12.0359
    endloop
  endfacet
  facet normal 0 1 0
    outer loop
      vertex 224.522 8 11.5342
      vertex 226 8 1
      vertex 224 8 11.5
    endloop
  endfacet
  facet normal 0 1 0
    outer loop
      vertex 70 8 15.3
      vertex 33.0353 8 11.6363
      vertex 33.5307 8 11.8045
    endloop
  endfacet
  facet normal 0 1 0
    outer loop
      vertex 206 8 19.7474
      vertex 206 8 1
      vertex 194 8 19.7474
    endloop
  endfacet
  facet normal 0 1 0
    outer loop
      vertex 70 8 15.3
      vertex 32.5221 8 11.5342
      vertex 33.0353 8 11.6363
    endloop
  endfacet
  facet normal 0 1 0
    outer loop
      vertex 194 8 1
      vertex 194 8 19.7474
      vertex 206 8 1
    endloop
  endfacet
  facet normal 0 1 0
    outer loop
      vertex 194 8 19.7474
      vertex 194 8 1
      vertex 186 8 15.3
    endloop
  endfacet
  facet normal 0 1 0
    outer loop
      vertex 35.6955 8 17.0307
      vertex 50 8 20.8
      vertex 50 8 19.7474
    endloop
  endfacet
  facet normal 0 1 0
    outer loop
      vertex 50 8 20.8
      vertex 33.5307 8 19.1955
      vertex 30 8 20.8
    endloop
  endfacet
  facet normal 0 1 0
    outer loop
      vertex 28.8266 8 49.065
      vertex 28.8266 8 35.935
      vertex 8.5 8 48.5
    endloop
  endfacet
  facet normal 0 1 0
    outer loop
      vertex 30.4693 8 37.1955
      vertex 30.4693 8 47.8045
      vertex 30.9647 8 47.6363
    endloop
  endfacet
  facet normal 0 1 0
    outer loop
      vertex 30.9647 8 37.3637
      vertex 30.9647 8 47.6363
      vertex 31.4779 8 47.5342
    endloop
  endfacet
  facet normal 0 1 0
    outer loop
      vertex 31.4779 8 37.4658
      vertex 31.4779 8 47.5342
      vertex 32 8 47.5
    endloop
  endfacet
  facet normal 0 1 0
    outer loop
      vertex 31.4779 8 37.4658
      vertex 32 8 47.5
      vertex 32 8 37.5
    endloop
  endfacet
  facet normal 0 1 0
    outer loop
      vertex 31.4779 8 47.5342
      vertex 31.4779 8 37.4658
      vertex 30.9647 8 37.3637
    endloop
  endfacet
  facet normal 0 1 0
    outer loop
      vertex 30.9647 8 47.6363
      vertex 30.9647 8 37.3637
      vertex 30.4693 8 37.1955
    endloop
  endfacet
  facet normal 0 1 0
    outer loop
      vertex 30.4693 8 47.8045
      vertex 30.4693 8 37.1955
      vertex 30 8 36.9641
    endloop
  endfacet
  facet normal 0 1 0
    outer loop
      vertex 30.4693 8 47.8045
      vertex 30 8 36.9641
      vertex 29.565 8 36.6734
    endloop
  endfacet
  facet normal 0 1 0
    outer loop
      vertex 30.4693 8 47.8045
      vertex 29.565 8 36.6734
      vertex 29.1716 8 36.3284
    endloop
  endfacet
  facet normal 0 1 0
    outer loop
      vertex 30.4693 8 47.8045
      vertex 29.1716 8 36.3284
      vertex 28.8266 8 35.935
    endloop
  endfacet
  facet normal 0 1 0
    outer loop
      vertex 8.5 8 48.5
      vertex 28.8266 8 35.935
      vertex 28.5359 8 35.5
    endloop
  endfacet
  facet normal 0 1 -0
    outer loop
      vertex 28.3045 8 35.0307
      vertex 8.5 8 48.5
      vertex 28.5359 8 35.5
    endloop
  endfacet
  facet normal 0 1 -0
    outer loop
      vertex 28.1363 8 34.5353
      vertex 8.5 8 48.5
      vertex 28.3045 8 35.0307
    endloop
  endfacet
  facet normal 0 1 -0
    outer loop
      vertex 28.0342 8 34.0221
      vertex 8.5 8 48.5
      vertex 28.1363 8 34.5353
    endloop
  endfacet
  facet normal 0 1 -0
    outer loop
      vertex 18 8 20.8
      vertex 8.5 8 48.5
      vertex 28.0342 8 34.0221
    endloop
  endfacet
  facet normal 0 1 0
    outer loop
      vertex 18 8 20.8
      vertex 28.0342 8 34.0221
      vertex 28 8 33.5
    endloop
  endfacet
  facet normal 0 1 0
    outer loop
      vertex 18 8 20.8
      vertex 28 8 33.5
      vertex 28.0342 8 32.9779
    endloop
  endfacet
  facet normal 0 1 0
    outer loop
      vertex 18 8 20.8
      vertex 28.0342 8 32.9779
      vertex 28.1363 8 32.4647
    endloop
  endfacet
  facet normal 0 1 0
    outer loop
      vertex 18 8 20.8
      vertex 28.1363 8 32.4647
      vertex 28.3045 8 31.9693
    endloop
  endfacet
  facet normal 0 1 0
    outer loop
      vertex 18 8 20.8
      vertex 28.3045 8 31.9693
      vertex 28.5359 8 31.5
    endloop
  endfacet
  facet normal 0 1 0
    outer loop
      vertex 18 8 20.8
      vertex 28.5359 8 31.5
      vertex 28.8266 8 31.065
    endloop
  endfacet
  facet normal 0 1 0
    outer loop
      vertex 18 8 20.8
      vertex 28.8266 8 31.065
      vertex 29.1716 8 30.6716
    endloop
  endfacet
  facet normal 0 1 0
    outer loop
      vertex 30 8 20.8
      vertex 29.1716 8 30.6716
      vertex 29.565 8 30.3266
    endloop
  endfacet
  facet normal 0 1 -0
    outer loop
      vertex 30 8 20.8
      vertex 29.565 8 30.3266
      vertex 30 8 30.0359
    endloop
  endfacet
  facet normal 0 1 0
    outer loop
      vertex 33.0353 8 29.6363
      vertex 30 8 20.8
      vertex 32.5221 8 29.5342
    endloop
  endfacet
  facet normal 0 1 0
    outer loop
      vertex 32.5221 8 29.5342
      vertex 30 8 20.8
      vertex 32 8 29.5
    endloop
  endfacet
  facet normal 0 1 0
    outer loop
      vertex 32 8 29.5
      vertex 30 8 20.8
      vertex 31.4779 8 29.5342
    endloop
  endfacet
  facet normal 0 1 0
    outer loop
      vertex 31.4779 8 29.5342
      vertex 30 8 20.8
      vertex 30.9647 8 29.6363
    endloop
  endfacet
  facet normal 0 1 0
    outer loop
      vertex 30.9647 8 29.6363
      vertex 30 8 20.8
      vertex 30.4693 8 29.8045
    endloop
  endfacet
  facet normal 0 1 0
    outer loop
      vertex 30 8 20.8
      vertex 30 8 30.0359
      vertex 30.4693 8 29.8045
    endloop
  endfacet
  facet normal 0 1 0
    outer loop
      vertex 29.1716 8 30.6716
      vertex 30 8 20.8
      vertex 18 8 20.8
    endloop
  endfacet
  facet normal 0 1 0
    outer loop
      vertex 8.5 8 48.5
      vertex 18 8 20.8
      vertex 2.1 8 48
    endloop
  endfacet
  facet normal 0 1 0
    outer loop
      vertex 2.1 8 0
      vertex 18 8 20.8
      vertex 18 8 19.7474
    endloop
  endfacet
  facet normal 0 1 0
    outer loop
      vertex 30 8 20.8
      vertex 30.9647 8 19.3637
      vertex 30 8 19.7474
    endloop
  endfacet
  facet normal 0 1 -0
    outer loop
      vertex 30.4693 8 19.1955
      vertex 30 8 19.7474
      vertex 30.9647 8 19.3637
    endloop
  endfacet
  facet normal 0 1 0
    outer loop
      vertex 30 8 18.9641
      vertex 30 8 19.7474
      vertex 30.4693 8 19.1955
    endloop
  endfacet
  facet normal 0 1 0
    outer loop
      vertex 29.565 8 18.6734
      vertex 30 8 19.7474
      vertex 30 8 18.9641
    endloop
  endfacet
  facet normal 0 1 0
    outer loop
      vertex 29.1716 8 18.3284
      vertex 30 8 19.7474
      vertex 29.565 8 18.6734
    endloop
  endfacet
  facet normal 0 1 0
    outer loop
      vertex 28.8266 8 17.935
      vertex 30 8 19.7474
      vertex 29.1716 8 18.3284
    endloop
  endfacet
  facet normal 0 1 0
    outer loop
      vertex 30 8 19.7474
      vertex 28.8266 8 17.935
      vertex 18 8 19.7474
    endloop
  endfacet
  facet normal 0 1 -0
    outer loop
      vertex 28.5359 8 17.5
      vertex 18 8 19.7474
      vertex 28.8266 8 17.935
    endloop
  endfacet
  facet normal 0 1 -0
    outer loop
      vertex 28.3045 8 17.0307
      vertex 18 8 19.7474
      vertex 28.5359 8 17.5
    endloop
  endfacet
  facet normal 0 1 -0
    outer loop
      vertex 28.1363 8 16.5353
      vertex 18 8 19.7474
      vertex 28.3045 8 17.0307
    endloop
  endfacet
  facet normal 0 1 -0
    outer loop
      vertex 28.0342 8 16.0221
      vertex 18 8 19.7474
      vertex 28.1363 8 16.5353
    endloop
  endfacet
  facet normal 0 1 -0
    outer loop
      vertex 28 8 15.5
      vertex 18 8 19.7474
      vertex 28.0342 8 16.0221
    endloop
  endfacet
  facet normal 0 1 0
    outer loop
      vertex 28.0342 8 14.9779
      vertex 18 8 19.7474
      vertex 28 8 15.5
    endloop
  endfacet
  facet normal 0 1 0
    outer loop
      vertex 28.1363 8 14.4647
      vertex 18 8 19.7474
      vertex 28.0342 8 14.9779
    endloop
  endfacet
  facet normal 0 1 0
    outer loop
      vertex 28.3045 8 13.9693
      vertex 18 8 19.7474
      vertex 28.1363 8 14.4647
    endloop
  endfacet
  facet normal 0 1 0
    outer loop
      vertex 18 8 1
      vertex 28.3045 8 13.9693
      vertex 28.5359 8 13.5
    endloop
  endfacet
  facet normal 0 1 0
    outer loop
      vertex 18 8 1
      vertex 28.5359 8 13.5
      vertex 28.8266 8 13.065
    endloop
  endfacet
  facet normal 0 1 0
    outer loop
      vertex 18 8 1
      vertex 28.8266 8 13.065
      vertex 29.1716 8 12.6716
    endloop
  endfacet
  facet normal 0 1 0
    outer loop
      vertex 18 8 1
      vertex 29.1716 8 12.6716
      vertex 29.565 8 12.3266
    endloop
  endfacet
  facet normal 0 1 -0
    outer loop
      vertex 30 8 1
      vertex 29.565 8 12.3266
      vertex 30 8 12.0359
    endloop
  endfacet
  facet normal 0 1 0
    outer loop
      vertex 186 8 15.3
      vertex 134 8 1
      vertex 134 8 13.773
    endloop
  endfacet
  facet normal 0 1 0
    outer loop
      vertex 134 8 13.773
      vertex 134 8 1
      vertex 122 8 13.773
    endloop
  endfacet
  facet normal 0 1 0
    outer loop
      vertex 122 8 1
      vertex 122 8 13.773
      vertex 134 8 1
    endloop
  endfacet
  facet normal 0 1 0
    outer loop
      vertex 62 8 1
      vertex 122 8 13.773
      vertex 122 8 1
    endloop
  endfacet
  facet normal 0 1 0
    outer loop
      vertex 122 8 13.773
      vertex 62 8 1
      vertex 32.5221 8 11.5342
    endloop
  endfacet
  facet normal 0 1 -0
    outer loop
      vertex 50 8 1
      vertex 32.5221 8 11.5342
      vertex 62 8 1
    endloop
  endfacet
  facet normal 0 1 0
    outer loop
      vertex 30 8 1
      vertex 32.5221 8 11.5342
      vertex 50 8 1
    endloop
  endfacet
  facet normal 0 1 0
    outer loop
      vertex 32.5221 8 11.5342
      vertex 30 8 1
      vertex 32 8 11.5
    endloop
  endfacet
  facet normal 0 1 0
    outer loop
      vertex 32 8 11.5
      vertex 30 8 1
      vertex 31.4779 8 11.5342
    endloop
  endfacet
  facet normal 0 1 0
    outer loop
      vertex 31.4779 8 11.5342
      vertex 30 8 1
      vertex 30.9647 8 11.6363
    endloop
  endfacet
  facet normal 0 1 0
    outer loop
      vertex 30.9647 8 11.6363
      vertex 30 8 1
      vertex 30.4693 8 11.8045
    endloop
  endfacet
  facet normal 0 1 0
    outer loop
      vertex 30.4693 8 11.8045
      vertex 30 8 1
      vertex 30 8 12.0359
    endloop
  endfacet
  facet normal 0 1 0
    outer loop
      vertex 29.565 8 12.3266
      vertex 30 8 1
      vertex 18 8 1
    endloop
  endfacet
  facet normal 0 1 0
    outer loop
      vertex 28.3045 8 13.9693
      vertex 18 8 1
      vertex 18 8 19.7474
    endloop
  endfacet
  facet normal 0 1 0
    outer loop
      vertex 2.1 8 0
      vertex 18 8 19.7474
      vertex 18 8 1
    endloop
  endfacet
  facet normal 0 1 0
    outer loop
      vertex 2.1 8 0
      vertex 18 8 1
      vertex 18 8 0
    endloop
  endfacet
  facet normal 0 1 0
    outer loop
      vertex 18 8 20.8
      vertex 2.1 8 0
      vertex 2.1 8 48
    endloop
  endfacet
  facet normal 0 1 -0
    outer loop
      vertex 32.5221 8 55.4658
      vertex 8.5 8 71.5
      vertex 70 8 71.5
    endloop
  endfacet
  facet normal 0 1 0
    outer loop
      vertex 8.5 8 71.5
      vertex 32.5221 8 55.4658
      vertex 32 8 55.5
    endloop
  endfacet
  facet normal 0 1 0
    outer loop
      vertex 70 8 71.5
      vertex 33.0353 8 55.3637
      vertex 32.5221 8 55.4658
    endloop
  endfacet
  facet normal 0 1 0
    outer loop
      vertex 70 8 71.5
      vertex 33.5307 8 55.1955
      vertex 33.0353 8 55.3637
    endloop
  endfacet
  facet normal 0 1 0
    outer loop
      vertex 70 8 71.5
      vertex 34 8 54.9641
      vertex 33.5307 8 55.1955
    endloop
  endfacet
  facet normal 0 1 0
    outer loop
      vertex 70 8 71.5
      vertex 34.435 8 54.6734
      vertex 34 8 54.9641
    endloop
  endfacet
  facet normal 0 1 0
    outer loop
      vertex 70 8 71.5
      vertex 34.8284 8 54.3284
      vertex 34.435 8 54.6734
    endloop
  endfacet
  facet normal 0 1 0
    outer loop
      vertex 70 8 71.5
      vertex 35.1734 8 53.935
      vertex 34.8284 8 54.3284
    endloop
  endfacet
  facet normal 0 1 0
    outer loop
      vertex 70 8 71.5
      vertex 35.4641 8 53.5
      vertex 35.1734 8 53.935
    endloop
  endfacet
  facet normal 0 1 0
    outer loop
      vertex 70 8 71.5
      vertex 35.6955 8 53.0307
      vertex 35.4641 8 53.5
    endloop
  endfacet
  facet normal 0 1 0
    outer loop
      vertex 70 8 71.5
      vertex 35.8637 8 52.5353
      vertex 35.6955 8 53.0307
    endloop
  endfacet
  facet normal 0 1 0
    outer loop
      vertex 70 8 71.5
      vertex 35.9658 8 52.0221
      vertex 35.8637 8 52.5353
    endloop
  endfacet
  facet normal 0 1 0
    outer loop
      vertex 70 8 71.5
      vertex 36 8 51.5
      vertex 35.9658 8 52.0221
    endloop
  endfacet
  facet normal 0 1 0
    outer loop
      vertex 70 8 71.5
      vertex 35.9658 8 50.9779
      vertex 36 8 51.5
    endloop
  endfacet
  facet normal 0 1 -0
    outer loop
      vertex 62 8 20.8
      vertex 35.9658 8 50.9779
      vertex 70 8 71.5
    endloop
  endfacet
  facet normal 0 1 0
    outer loop
      vertex 35.9658 8 50.9779
      vertex 62 8 20.8
      vertex 35.8637 8 50.4647
    endloop
  endfacet
  facet normal 0 1 0
    outer loop
      vertex 35.8637 8 50.4647
      vertex 62 8 20.8
      vertex 35.6955 8 49.9693
    endloop
  endfacet
  facet normal -0 1 0
    outer loop
      vertex 35.6955 8 35.0307
      vertex 35.6955 8 49.9693
      vertex 62 8 20.8
    endloop
  endfacet
  facet normal 0 1 0
    outer loop
      vertex 35.6955 8 49.9693
      vertex 35.6955 8 35.0307
      vertex 35.4641 8 49.5
    endloop
  endfacet
  facet normal -0 1 0
    outer loop
      vertex 35.4641 8 35.5
      vertex 35.4641 8 49.5
      vertex 35.6955 8 35.0307
    endloop
  endfacet
  facet normal 0 1 0
    outer loop
      vertex 35.4641 8 49.5
      vertex 35.4641 8 35.5
      vertex 35.1734 8 49.065
    endloop
  endfacet
  facet normal 0 1 0
    outer loop
      vertex 32.5221 8 47.5342
      vertex 32 8 37.5
      vertex 32 8 47.5
    endloop
  endfacet
  facet normal 0 1 0
    outer loop
      vertex 32.5221 8 37.4658
      vertex 32.5221 8 47.5342
      vertex 33.0353 8 47.6363
    endloop
  endfacet
  facet normal 0 1 0
    outer loop
      vertex 33.0353 8 37.3637
      vertex 33.0353 8 47.6363
      vertex 33.5307 8 47.8045
    endloop
  endfacet
  facet normal 0 1 0
    outer loop
      vertex 33.5307 8 37.1955
      vertex 33.5307 8 47.8045
      vertex 34 8 48.0359
    endloop
  endfacet
  facet normal -0 1 0
    outer loop
      vertex 35.1734 8 35.935
      vertex 35.1734 8 49.065
      vertex 35.4641 8 35.5
    endloop
  endfacet
  facet normal 0 1 0
    outer loop
      vertex 32.5221 8 47.5342
      vertex 32.5221 8 37.4658
      vertex 32 8 37.5
    endloop
  endfacet
  facet normal 0 1 0
    outer loop
      vertex 33.0353 8 47.6363
      vertex 33.0353 8 37.3637
      vertex 32.5221 8 37.4658
    endloop
  endfacet
  facet normal 0 1 0
    outer loop
      vertex 33.5307 8 47.8045
      vertex 33.5307 8 37.1955
      vertex 33.0353 8 37.3637
    endloop
  endfacet
  facet normal 0 1 0
    outer loop
      vertex 34 8 48.0359
      vertex 34 8 36.9641
      vertex 33.5307 8 37.1955
    endloop
  endfacet
  facet normal 0 1 0
    outer loop
      vertex 34 8 48.0359
      vertex 34.435 8 36.6734
      vertex 34 8 36.9641
    endloop
  endfacet
  facet normal 0 1 0
    outer loop
      vertex 34.435 8 48.3266
      vertex 34.435 8 36.6734
      vertex 34 8 48.0359
    endloop
  endfacet
  facet normal -0 1 0
    outer loop
      vertex 34.435 8 36.6734
      vertex 34.435 8 48.3266
      vertex 34.8284 8 36.3284
    endloop
  endfacet
  facet normal 0 1 0
    outer loop
      vertex 34.8284 8 48.6716
      vertex 34.8284 8 36.3284
      vertex 34.435 8 48.3266
    endloop
  endfacet
  facet normal -0 1 0
    outer loop
      vertex 34.8284 8 36.3284
      vertex 34.8284 8 48.6716
      vertex 35.1734 8 35.935
    endloop
  endfacet
  facet normal 0 1 0
    outer loop
      vertex 35.1734 8 49.065
      vertex 35.1734 8 35.935
      vertex 34.8284 8 48.6716
    endloop
  endfacet
  facet normal 0 1 0
    outer loop
      vertex 35.6955 8 35.0307
      vertex 62 8 20.8
      vertex 35.8637 8 34.5353
    endloop
  endfacet
  facet normal 0 1 -0
    outer loop
      vertex 50 8 20.8
      vertex 35.8637 8 34.5353
      vertex 62 8 20.8
    endloop
  endfacet
  facet normal 0 1 0
    outer loop
      vertex 35.8637 8 34.5353
      vertex 50 8 20.8
      vertex 35.9658 8 34.0221
    endloop
  endfacet
  facet normal 0 1 0
    outer loop
      vertex 35.9658 8 34.0221
      vertex 50 8 20.8
      vertex 36 8 33.5
    endloop
  endfacet
  facet normal 0 1 0
    outer loop
      vertex 36 8 33.5
      vertex 50 8 20.8
      vertex 35.9658 8 32.9779
    endloop
  endfacet
  facet normal 0 1 0
    outer loop
      vertex 35.9658 8 32.9779
      vertex 50 8 20.8
      vertex 35.8637 8 32.4647
    endloop
  endfacet
  facet normal 0 1 0
    outer loop
      vertex 35.8637 8 32.4647
      vertex 50 8 20.8
      vertex 35.6955 8 31.9693
    endloop
  endfacet
  facet normal 0 1 0
    outer loop
      vertex 33.5307 8 29.8045
      vertex 30 8 20.8
      vertex 33.0353 8 29.6363
    endloop
  endfacet
  facet normal 0 1 0
    outer loop
      vertex 34 8 30.0359
      vertex 30 8 20.8
      vertex 33.5307 8 29.8045
    endloop
  endfacet
  facet normal 0 1 0
    outer loop
      vertex 34.435 8 30.3266
      vertex 30 8 20.8
      vertex 34 8 30.0359
    endloop
  endfacet
  facet normal 0 1 0
    outer loop
      vertex 30 8 20.8
      vertex 34.435 8 30.3266
      vertex 50 8 20.8
    endloop
  endfacet
  facet normal 0 1 0
    outer loop
      vertex 34.8284 8 30.6716
      vertex 50 8 20.8
      vertex 34.435 8 30.3266
    endloop
  endfacet
  facet normal 0 1 0
    outer loop
      vertex 35.1734 8 31.065
      vertex 50 8 20.8
      vertex 34.8284 8 30.6716
    endloop
  endfacet
  facet normal 0 1 0
    outer loop
      vertex 35.4641 8 31.5
      vertex 50 8 20.8
      vertex 35.1734 8 31.065
    endloop
  endfacet
  facet normal 0 1 0
    outer loop
      vertex 35.6955 8 31.9693
      vertex 50 8 20.8
      vertex 35.4641 8 31.5
    endloop
  endfacet
  facet normal 0 1 -0
    outer loop
      vertex 70 8 15.5
      vertex 62 8 20.8
      vertex 70 8 71.5
    endloop
  endfacet
  facet normal 0 1 0
    outer loop
      vertex 70 8 15.3
      vertex 50 8 19.7474
      vertex 62 8 19.7474
    endloop
  endfacet
  facet normal -0 1 -0
    outer loop
      vertex 32 8 19.5
      vertex 30 8 20.8
      vertex 32.5221 8 19.4658
    endloop
  endfacet
  facet normal 0 1 -0
    outer loop
      vertex 30.9647 8 19.3637
      vertex 30 8 20.8
      vertex 31.4779 8 19.4658
    endloop
  endfacet
  facet normal 0 1 -0
    outer loop
      vertex 31.4779 8 19.4658
      vertex 30 8 20.8
      vertex 32 8 19.5
    endloop
  endfacet
  facet normal 0 1 0
    outer loop
      vertex 30 8 20.8
      vertex 33.0353 8 19.3637
      vertex 32.5221 8 19.4658
    endloop
  endfacet
  facet normal 0 1 0
    outer loop
      vertex 30 8 20.8
      vertex 33.5307 8 19.1955
      vertex 33.0353 8 19.3637
    endloop
  endfacet
  facet normal 0 1 0
    outer loop
      vertex 50 8 20.8
      vertex 34 8 18.9641
      vertex 33.5307 8 19.1955
    endloop
  endfacet
  facet normal 0 1 0
    outer loop
      vertex 50 8 20.8
      vertex 34.435 8 18.6734
      vertex 34 8 18.9641
    endloop
  endfacet
  facet normal 0 1 0
    outer loop
      vertex 50 8 20.8
      vertex 34.8284 8 18.3284
      vertex 34.435 8 18.6734
    endloop
  endfacet
  facet normal 0 1 0
    outer loop
      vertex 50 8 20.8
      vertex 35.1734 8 17.935
      vertex 34.8284 8 18.3284
    endloop
  endfacet
  facet normal 0 1 0
    outer loop
      vertex 50 8 20.8
      vertex 35.4641 8 17.5
      vertex 35.1734 8 17.935
    endloop
  endfacet
  facet normal 0 1 0
    outer loop
      vertex 50 8 20.8
      vertex 35.6955 8 17.0307
      vertex 35.4641 8 17.5
    endloop
  endfacet
  facet normal 0 1 0
    outer loop
      vertex 50 8 19.7474
      vertex 35.8637 8 16.5353
      vertex 35.6955 8 17.0307
    endloop
  endfacet
  facet normal 0 1 0
    outer loop
      vertex 50 8 19.7474
      vertex 35.9658 8 16.0221
      vertex 35.8637 8 16.5353
    endloop
  endfacet
  facet normal 0 1 0
    outer loop
      vertex 62 8 20.8
      vertex 70 8 15.5
      vertex 62 8 19.7474
    endloop
  endfacet
  facet normal 0 1 -0
    outer loop
      vertex 70 8 15.3
      vertex 62 8 19.7474
      vertex 70 8 15.5
    endloop
  endfacet
  facet normal 0 1 0
    outer loop
      vertex 50 8 19.7474
      vertex 36 8 15.5
      vertex 35.9658 8 16.0221
    endloop
  endfacet
  facet normal 0 1 0
    outer loop
      vertex 50 8 19.7474
      vertex 70 8 15.3
      vertex 35.9658 8 14.9779
    endloop
  endfacet
  facet normal 0 1 0
    outer loop
      vertex 50 8 19.7474
      vertex 35.9658 8 14.9779
      vertex 36 8 15.5
    endloop
  endfacet
  facet normal 0 1 -0
    outer loop
      vertex 31.4779 8 55.4658
      vertex 8.5 8 71.5
      vertex 32 8 55.5
    endloop
  endfacet
  facet normal 0 1 -0
    outer loop
      vertex 30.9647 8 55.3637
      vertex 8.5 8 71.5
      vertex 31.4779 8 55.4658
    endloop
  endfacet
  facet normal 0 1 -0
    outer loop
      vertex 30.4693 8 55.1955
      vertex 8.5 8 71.5
      vertex 30.9647 8 55.3637
    endloop
  endfacet
  facet normal 0 1 -0
    outer loop
      vertex 30 8 54.9641
      vertex 8.5 8 71.5
      vertex 30.4693 8 55.1955
    endloop
  endfacet
  facet normal 0 1 -0
    outer loop
      vertex 29.565 8 54.6734
      vertex 8.5 8 71.5
      vertex 30 8 54.9641
    endloop
  endfacet
  facet normal 0 1 -0
    outer loop
      vertex 29.1716 8 54.3284
      vertex 8.5 8 71.5
      vertex 29.565 8 54.6734
    endloop
  endfacet
  facet normal 0 1 -0
    outer loop
      vertex 28.8266 8 53.935
      vertex 8.5 8 71.5
      vertex 29.1716 8 54.3284
    endloop
  endfacet
  facet normal 0 1 -0
    outer loop
      vertex 28.5359 8 53.5
      vertex 8.5 8 71.5
      vertex 28.8266 8 53.935
    endloop
  endfacet
  facet normal 0 1 0
    outer loop
      vertex 8.5 8 48.5
      vertex 28.5359 8 53.5
      vertex 28.3045 8 53.0307
    endloop
  endfacet
  facet normal 0 1 0
    outer loop
      vertex 8.5 8 48.5
      vertex 28.3045 8 53.0307
      vertex 28.1363 8 52.5353
    endloop
  endfacet
  facet normal 0 1 0
    outer loop
      vertex 8.5 8 48.5
      vertex 28.1363 8 52.5353
      vertex 28.0342 8 52.0221
    endloop
  endfacet
  facet normal 0 1 0
    outer loop
      vertex 8.5 8 48.5
      vertex 28.0342 8 52.0221
      vertex 28 8 51.5
    endloop
  endfacet
  facet normal 0 1 0
    outer loop
      vertex 8.5 8 48.5
      vertex 28 8 51.5
      vertex 28.0342 8 50.9779
    endloop
  endfacet
  facet normal 0 1 0
    outer loop
      vertex 8.5 8 48.5
      vertex 28.0342 8 50.9779
      vertex 28.1363 8 50.4647
    endloop
  endfacet
  facet normal 0 1 0
    outer loop
      vertex 8.5 8 48.5
      vertex 28.1363 8 50.4647
      vertex 28.3045 8 49.9693
    endloop
  endfacet
  facet normal 0 1 0
    outer loop
      vertex 8.5 8 48.5
      vertex 28.3045 8 49.9693
      vertex 28.5359 8 49.5
    endloop
  endfacet
  facet normal 0 1 0
    outer loop
      vertex 8.5 8 48.5
      vertex 28.5359 8 49.5
      vertex 28.8266 8 49.065
    endloop
  endfacet
  facet normal 0 1 0
    outer loop
      vertex 28.8266 8 35.935
      vertex 28.8266 8 49.065
      vertex 29.1716 8 48.6716
    endloop
  endfacet
  facet normal 0 1 0
    outer loop
      vertex 28.5359 8 53.5
      vertex 8.5 8 48.5
      vertex 8.5 8 71.5
    endloop
  endfacet
  facet normal 0 1 0
    outer loop
      vertex 2.1 8 48
      vertex 3.6 8 48.5
      vertex 8.5 8 48.5
    endloop
  endfacet
  facet normal 0 1 0
    outer loop
      vertex 28.8266 8 35.935
      vertex 29.1716 8 48.6716
      vertex 29.565 8 48.3266
    endloop
  endfacet
  facet normal 0 1 0
    outer loop
      vertex 28.8266 8 35.935
      vertex 29.565 8 48.3266
      vertex 30 8 48.0359
    endloop
  endfacet
  facet normal 0 1 0
    outer loop
      vertex 28.8266 8 35.935
      vertex 30 8 48.0359
      vertex 30.4693 8 47.8045
    endloop
  endfacet
  facet normal 0 1 0
    outer loop
      vertex 3.6 8 48.5
      vertex 2.1 8 48
      vertex 0.5 8 48.5
    endloop
  endfacet
  facet normal 0 1 0
    outer loop
      vertex 0.5 8 48.5
      vertex 2.1 8 48
      vertex 0.5 8 48
    endloop
  endfacet
  facet normal 0 1 -0
    outer loop
      vertex 50 8 0
      vertex 30 8 1
      vertex 50 8 1
    endloop
  endfacet
  facet normal 0 1 0
    outer loop
      vertex 30 8 1
      vertex 50 8 0
      vertex 30 8 0
    endloop
  endfacet
  facet normal 0 1 -0
    outer loop
      vertex 122 8 0
      vertex 62 8 1
      vertex 122 8 1
    endloop
  endfacet
  facet normal 0 1 0
    outer loop
      vertex 62 8 1
      vertex 122 8 0
      vertex 62 8 0
    endloop
  endfacet
  facet normal 0 1 0
    outer loop
      vertex 134 8 0
      vertex 186 8 15.3
      vertex 194 8 0
    endloop
  endfacet
  facet normal 0 1 0
    outer loop
      vertex 186 8 15.3
      vertex 134 8 0
      vertex 134 8 1
    endloop
  endfacet
  facet normal 0 1 -0
    outer loop
      vertex 226 8 0
      vertex 206 8 1
      vertex 226 8 1
    endloop
  endfacet
  facet normal 0 1 0
    outer loop
      vertex 206 8 1
      vertex 226 8 0
      vertex 206 8 0
    endloop
  endfacet
  facet normal -1 0 0
    outer loop
      vertex 2.1 5 0
      vertex 2.1 8 48
      vertex 2.1 8 0
    endloop
  endfacet
  facet normal -1 -0 0
    outer loop
      vertex 2.1 8 48
      vertex 2.1 5 0
      vertex 2.1 5 48
    endloop
  endfacet
  facet normal 0 0 -1
    outer loop
      vertex 0.5 5 48
      vertex 2.1 8 48
      vertex 2.1 5 48
    endloop
  endfacet
  facet normal -0 0 -1
    outer loop
      vertex 2.1 8 48
      vertex 0.5 5 48
      vertex 0.5 8 48
    endloop
  endfacet
  facet normal 0 0 -1
    outer loop
      vertex 253.9 5 48
      vertex 255.5 8 48
      vertex 255.5 5 48
    endloop
  endfacet
  facet normal -0 0 -1
    outer loop
      vertex 255.5 8 48
      vertex 253.9 5 48
      vertex 253.9 8 48
    endloop
  endfacet
  facet normal 0 0 -1
    outer loop
      vertex 2.1 5 0
      vertex 18 8 0
      vertex 18 5 0
    endloop
  endfacet
  facet normal -0 0 -1
    outer loop
      vertex 18 8 0
      vertex 2.1 5 0
      vertex 2.1 8 0
    endloop
  endfacet
  facet normal 0 0 -1
    outer loop
      vertex 18 5 0
      vertex 30 5 0
      vertex 30 -12 0
    endloop
  endfacet
  facet normal 0 0 -1
    outer loop
      vertex 30 5 0
      vertex 18 5 0
      vertex 30 8 0
    endloop
  endfacet
  facet normal 0 0 -1
    outer loop
      vertex 18 5 0
      vertex 30 -12 0
      vertex 18 -12 0
    endloop
  endfacet
  facet normal -0 0 -1
    outer loop
      vertex 30 8 0
      vertex 18 5 0
      vertex 18 8 0
    endloop
  endfacet
  facet normal 0 0 -1
    outer loop
      vertex 30 8 0
      vertex 18 8 0
      vertex 30 26 0
    endloop
  endfacet
  facet normal -0 0 -1
    outer loop
      vertex 30 26 0
      vertex 18 8 0
      vertex 18 26 0
    endloop
  endfacet
  facet normal 0 0 -1
    outer loop
      vertex 30 5 0
      vertex 50 8 0
      vertex 50 5 0
    endloop
  endfacet
  facet normal -0 0 -1
    outer loop
      vertex 50 8 0
      vertex 30 5 0
      vertex 30 8 0
    endloop
  endfacet
  facet normal 0 0 -1
    outer loop
      vertex 50 5 0
      vertex 62 5 0
      vertex 62 -12 0
    endloop
  endfacet
  facet normal 0 0 -1
    outer loop
      vertex 62 5 0
      vertex 50 5 0
      vertex 62 8 0
    endloop
  endfacet
  facet normal 0 0 -1
    outer loop
      vertex 50 5 0
      vertex 62 -12 0
      vertex 50 -12 0
    endloop
  endfacet
  facet normal -0 0 -1
    outer loop
      vertex 62 8 0
      vertex 50 5 0
      vertex 50 8 0
    endloop
  endfacet
  facet normal 0 0 -1
    outer loop
      vertex 62 8 0
      vertex 50 8 0
      vertex 62 26 0
    endloop
  endfacet
  facet normal -0 0 -1
    outer loop
      vertex 62 26 0
      vertex 50 8 0
      vertex 50 26 0
    endloop
  endfacet
  facet normal 0 0 -1
    outer loop
      vertex 62 5 0
      vertex 122 8 0
      vertex 122 5 0
    endloop
  endfacet
  facet normal -0 0 -1
    outer loop
      vertex 122 8 0
      vertex 62 5 0
      vertex 62 8 0
    endloop
  endfacet
  facet normal 0 0 -1
    outer loop
      vertex 122 5 0
      vertex 134 5 0
      vertex 134 -12 0
    endloop
  endfacet
  facet normal 0 0 -1
    outer loop
      vertex 134 5 0
      vertex 122 5 0
      vertex 134 8 0
    endloop
  endfacet
  facet normal 0 0 -1
    outer loop
      vertex 122 5 0
      vertex 134 -12 0
      vertex 122 -12 0
    endloop
  endfacet
  facet normal -0 0 -1
    outer loop
      vertex 134 8 0
      vertex 122 5 0
      vertex 122 8 0
    endloop
  endfacet
  facet normal 0 0 -1
    outer loop
      vertex 134 8 0
      vertex 122 8 0
      vertex 134 26 0
    endloop
  endfacet
  facet normal -0 0 -1
    outer loop
      vertex 134 26 0
      vertex 122 8 0
      vertex 122 26 0
    endloop
  endfacet
  facet normal 0 0 -1
    outer loop
      vertex 134 5 0
      vertex 194 8 0
      vertex 194 5 0
    endloop
  endfacet
  facet normal -0 0 -1
    outer loop
      vertex 194 8 0
      vertex 134 5 0
      vertex 134 8 0
    endloop
  endfacet
  facet normal 0 0 -1
    outer loop
      vertex 194 5 0
      vertex 206 5 0
      vertex 206 -12 0
    endloop
  endfacet
  facet normal 0 0 -1
    outer loop
      vertex 206 5 0
      vertex 194 5 0
      vertex 206 8 0
    endloop
  endfacet
  facet normal 0 0 -1
    outer loop
      vertex 194 5 0
      vertex 206 -12 0
      vertex 194 -12 0
    endloop
  endfacet
  facet normal -0 0 -1
    outer loop
      vertex 206 8 0
      vertex 194 5 0
      vertex 194 8 0
    endloop
  endfacet
  facet normal 0 0 -1
    outer loop
      vertex 206 8 0
      vertex 194 8 0
      vertex 206 26 0
    endloop
  endfacet
  facet normal -0 0 -1
    outer loop
      vertex 206 26 0
      vertex 194 8 0
      vertex 194 26 0
    endloop
  endfacet
  facet normal 0 0 -1
    outer loop
      vertex 206 5 0
      vertex 226 8 0
      vertex 226 5 0
    endloop
  endfacet
  facet normal -0 0 -1
    outer loop
      vertex 226 8 0
      vertex 206 5 0
      vertex 206 8 0
    endloop
  endfacet
  facet normal 0 0 -1
    outer loop
      vertex 226 5 0
      vertex 238 5 0
      vertex 238 -12 0
    endloop
  endfacet
  facet normal 0 0 -1
    outer loop
      vertex 238 5 0
      vertex 226 5 0
      vertex 238 8 0
    endloop
  endfacet
  facet normal 0 0 -1
    outer loop
      vertex 226 5 0
      vertex 238 -12 0
      vertex 226 -12 0
    endloop
  endfacet
  facet normal -0 0 -1
    outer loop
      vertex 238 8 0
      vertex 226 5 0
      vertex 226 8 0
    endloop
  endfacet
  facet normal 0 0 -1
    outer loop
      vertex 238 8 0
      vertex 226 8 0
      vertex 238 26 0
    endloop
  endfacet
  facet normal -0 0 -1
    outer loop
      vertex 238 26 0
      vertex 226 8 0
      vertex 226 26 0
    endloop
  endfacet
  facet normal 0 0 -1
    outer loop
      vertex 238 5 0
      vertex 253.9 8 0
      vertex 253.9 5 0
    endloop
  endfacet
  facet normal -0 0 -1
    outer loop
      vertex 253.9 8 0
      vertex 238 5 0
      vertex 238 8 0
    endloop
  endfacet
  facet normal 1 0 0
    outer loop
      vertex 255.5 42 117.5
      vertex 255.5 45 145.5
      vertex 255.5 42 145.5
    endloop
  endfacet
  facet normal 1 0 0
    outer loop
      vertex 255.5 45 145.5
      vertex 255.5 42 117.5
      vertex 255.5 45 116
    endloop
  endfacet
  facet normal 1 0 0
    outer loop
      vertex 255.5 42 117.5
      vertex 255.5 8.83146 72.5
      vertex 255.5 45 116
    endloop
  endfacet
  facet normal 1 -0 0
    outer loop
      vertex 255.5 5 73.5
      vertex 255.5 8.83146 72.5
      vertex 255.5 42 117.5
    endloop
  endfacet
  facet normal 1 0 0
    outer loop
      vertex 255.5 8.83146 72.5
      vertex 255.5 5 73.5
      vertex 255.5 8.1 72.5
    endloop
  endfacet
  facet normal 1 0 0
    outer loop
      vertex 255.5 8.1 72.5
      vertex 255.5 5 73.5
      vertex 255.5 5 72.5
    endloop
  endfacet
  facet normal 1 0 0
    outer loop
      vertex 255.5 8.1 64.5
      vertex 255.5 16 72.5
      vertex 255.5 8.83146 72.5
    endloop
  endfacet
  facet normal 1 0 0
    outer loop
      vertex 255.5 8.1 64.5
      vertex 255.5 8.83146 72.5
      vertex 255.5 8.1 72.5
    endloop
  endfacet
  facet normal 1 0 0
    outer loop
      vertex 255.5 16 72.5
      vertex 255.5 8.1 64.5
      vertex 255.5 16 63.5
    endloop
  endfacet
  facet normal 1 0 0
    outer loop
      vertex 255.5 8.1 64.5
      vertex 255.5 8 48.5
      vertex 255.5 16 63.5
    endloop
  endfacet
  facet normal 1 -0 0
    outer loop
      vertex 255.5 5 64.5
      vertex 255.5 8 48.5
      vertex 255.5 8.1 64.5
    endloop
  endfacet
  facet normal 1 0 0
    outer loop
      vertex 255.5 5 48
      vertex 255.5 8 48.5
      vertex 255.5 5 64.5
    endloop
  endfacet
  facet normal 1 0 0
    outer loop
      vertex 255.5 8 48.5
      vertex 255.5 5 48
      vertex 255.5 8 48
    endloop
  endfacet
  facet normal -1 0 0
    outer loop
      vertex 0.5 16 63.5
      vertex 0.5 8.83146 72.5
      vertex 0.5 16 72.5
    endloop
  endfacet
  facet normal -1 0 -0
    outer loop
      vertex 0.5 8.83146 72.5
      vertex 0.5 16 63.5
      vertex 0.5 8.65 49.7188
    endloop
  endfacet
  facet normal -1 0 0
    outer loop
      vertex 0.5 45 116
      vertex 0.5 42 117.5
      vertex 0.5 45 145.5
    endloop
  endfacet
  facet normal -1 0 0
    outer loop
      vertex 0.5 8.65 77.8405
      vertex 0.5 45 116
      vertex 0.5 8.83146 72.5
    endloop
  endfacet
  facet normal -1 -0 0
    outer loop
      vertex 0.5 45 116
      vertex 0.5 8.65 77.8405
      vertex 0.5 42 117.5
    endloop
  endfacet
  facet normal -1 0 0
    outer loop
      vertex 0.5 8.65 77.8405
      vertex 0.5 8.83146 72.5
      vertex 0.5 8.65 49.7188
    endloop
  endfacet
  facet normal -1 -0 0
    outer loop
      vertex 0.5 45 145.5
      vertex 0.5 42 117.5
      vertex 0.5 42 145.5
    endloop
  endfacet
  facet normal -1 0 0
    outer loop
      vertex 0.5 5 48
      vertex 0.5 8 48.5
      vertex 0.5 8 48
    endloop
  endfacet
  facet normal -1 -0 0
    outer loop
      vertex 0.5 8 48.5
      vertex 0.5 5 48
      vertex 0.5 5 48.5
    endloop
  endfacet
  facet normal 0 -0.765372 0.643588
    outer loop
      vertex 189 34.1285 108.139
      vertex 186 42 117.5
      vertex 186 34.1285 108.139
    endloop
  endfacet
  facet normal 0 -0.765372 0.643588
    outer loop
      vertex 186 42 117.5
      vertex 189 34.1285 108.139
      vertex 255.5 42 117.5
    endloop
  endfacet
  facet normal 0 -0.765359 0.643603
    outer loop
      vertex 255.5 5 73.5
      vertex 189 34.1285 108.139
      vertex 189 5 73.5
    endloop
  endfacet
  facet normal -2.8773e-06 -0.765362 0.6436
    outer loop
      vertex 189 34.1285 108.139
      vertex 255.5 5 73.5
      vertex 255.5 42 117.5
    endloop
  endfacet
  facet normal 0 -0.765372 0.643588
    outer loop
      vertex 0.5 42 117.5
      vertex 67 34.1285 108.139
      vertex 70 42 117.5
    endloop
  endfacet
  facet normal 0 -0.765362 0.6436
    outer loop
      vertex 3.6 8.65 77.8405
      vertex 0.5 42 117.5
      vertex 0.5 8.65 77.8405
    endloop
  endfacet
  facet normal 2.81567e-06 -0.765362 0.6436
    outer loop
      vertex 0.5 42 117.5
      vertex 3.6 8.65 77.8405
      vertex 67 34.1285 108.139
    endloop
  endfacet
  facet normal 0 -0.765359 0.643603
    outer loop
      vertex 67 5 73.5
      vertex 3.6 8.65 77.8405
      vertex 3.6 5 73.5
    endloop
  endfacet
  facet normal -3.33695e-08 -0.765359 0.643603
    outer loop
      vertex 3.6 8.65 77.8405
      vertex 67 5 73.5
      vertex 67 34.1285 108.139
    endloop
  endfacet
  facet normal 0 -0.765372 0.643588
    outer loop
      vertex 70 42 117.5
      vertex 67 34.1285 108.139
      vertex 70 34.1285 108.139
    endloop
  endfacet
  facet normal 0 0.768929 -0.639334
    outer loop
      vertex 70 45 116
      vertex 8.5 8.83146 72.5
      vertex 0.5 45 116
    endloop
  endfacet
  facet normal -8.42893e-09 0.768929 -0.639334
    outer loop
      vertex 70 8 71.5
      vertex 8.5 8.83146 72.5
      vertex 70 45 116
    endloop
  endfacet
  facet normal 0 0.768929 -0.639334
    outer loop
      vertex 8.5 8.83146 72.5
      vertex 70 8 71.5
      vertex 8.5 8 71.5
    endloop
  endfacet
  facet normal 0 0.768929 -0.639334
    outer loop
      vertex 0.5 45 116
      vertex 8.5 8.83146 72.5
      vertex 0.5 8.83146 72.5
    endloop
  endfacet
  facet normal 0 0.768929 -0.639334
    outer loop
      vertex 247.5 8.83146 72.5
      vertex 255.5 45 116
      vertex 255.5 8.83146 72.5
    endloop
  endfacet
  facet normal 0 0.768929 -0.639334
    outer loop
      vertex 255.5 45 116
      vertex 247.5 8.83146 72.5
      vertex 186 45 116
    endloop
  endfacet
  facet normal 0 0.768929 -0.639334
    outer loop
      vertex 186 8 71.5
      vertex 247.5 8.83146 72.5
      vertex 247.5 8 71.5
    endloop
  endfacet
  facet normal 8.42893e-09 0.768929 -0.639334
    outer loop
      vertex 247.5 8.83146 72.5
      vertex 186 8 71.5
      vertex 186 45 116
    endloop
  endfacet
  facet normal 0 1 0
    outer loop
      vertex 0.5 45 145.5
      vertex 8.19368 45 139.831
      vertex 7.9 45 139.85
    endloop
  endfacet
  facet normal 0 1 0
    outer loop
      vertex 0.5 45 145.5
      vertex 8.48234 45 139.773
      vertex 8.19368 45 139.831
    endloop
  endfacet
  facet normal 0 1 0
    outer loop
      vertex 0.5 45 145.5
      vertex 8.76104 45 139.679
      vertex 8.48234 45 139.773
    endloop
  endfacet
  facet normal 0 1 0
    outer loop
      vertex 0.5 45 145.5
      vertex 9.025 45 139.549
      vertex 8.76104 45 139.679
    endloop
  endfacet
  facet normal 0 1 0
    outer loop
      vertex 70 45 144.5
      vertex 9.26971 45 139.385
      vertex 9.025 45 139.549
    endloop
  endfacet
  facet normal 0 1 0
    outer loop
      vertex 70 45 144.5
      vertex 9.49099 45 139.191
      vertex 9.26971 45 139.385
    endloop
  endfacet
  facet normal 0 1 0
    outer loop
      vertex 70 45 144.5
      vertex 9.68504 45 138.97
      vertex 9.49099 45 139.191
    endloop
  endfacet
  facet normal 0 1 0
    outer loop
      vertex 70 45 144.5
      vertex 9.84856 45 138.725
      vertex 9.68504 45 138.97
    endloop
  endfacet
  facet normal 0 1 0
    outer loop
      vertex 70 45 144.5
      vertex 9.97873 45 138.461
      vertex 9.84856 45 138.725
    endloop
  endfacet
  facet normal 0 1 0
    outer loop
      vertex 70 45 144.5
      vertex 10.0733 45 138.182
      vertex 9.97873 45 138.461
    endloop
  endfacet
  facet normal 0 1 0
    outer loop
      vertex 70 45 144.5
      vertex 10.1308 45 137.894
      vertex 10.0733 45 138.182
    endloop
  endfacet
  facet normal 0 1 0
    outer loop
      vertex 70 45 144.5
      vertex 10.15 45 137.6
      vertex 10.1308 45 137.894
    endloop
  endfacet
  facet normal 0 1 0
    outer loop
      vertex 70 45 144.5
      vertex 10.1308 45 137.306
      vertex 10.15 45 137.6
    endloop
  endfacet
  facet normal 0 1 0
    outer loop
      vertex 70 45 144.5
      vertex 10.0733 45 137.018
      vertex 10.1308 45 137.306
    endloop
  endfacet
  facet normal 0 1 -0
    outer loop
      vertex 70 45 116
      vertex 10.0733 45 137.018
      vertex 70 45 144.5
    endloop
  endfacet
  facet normal 0 1 0
    outer loop
      vertex 10.0733 45 137.018
      vertex 70 45 116
      vertex 9.97873 45 136.739
    endloop
  endfacet
  facet normal 0 1 0
    outer loop
      vertex 9.97873 45 136.739
      vertex 70 45 116
      vertex 9.84856 45 136.475
    endloop
  endfacet
  facet normal 0 1 0
    outer loop
      vertex 9.84856 45 136.475
      vertex 70 45 116
      vertex 9.68504 45 136.23
    endloop
  endfacet
  facet normal 0 1 0
    outer loop
      vertex 9.68504 45 136.23
      vertex 70 45 116
      vertex 9.49099 45 136.009
    endloop
  endfacet
  facet normal 0 1 0
    outer loop
      vertex 0.5 45 116
      vertex 9.49099 45 136.009
      vertex 70 45 116
    endloop
  endfacet
  facet normal 0 1 0
    outer loop
      vertex 9.49099 45 136.009
      vertex 0.5 45 116
      vertex 9.26971 45 135.815
    endloop
  endfacet
  facet normal 0 1 0
    outer loop
      vertex 9.26971 45 135.815
      vertex 0.5 45 116
      vertex 9.025 45 135.651
    endloop
  endfacet
  facet normal 0 1 0
    outer loop
      vertex 9.025 45 135.651
      vertex 0.5 45 116
      vertex 8.76104 45 135.521
    endloop
  endfacet
  facet normal 0 1 0
    outer loop
      vertex 8.48234 45 135.427
      vertex 0.5 45 116
      vertex 8.19368 45 135.369
    endloop
  endfacet
  facet normal 0 1 0
    outer loop
      vertex 8.76104 45 135.521
      vertex 0.5 45 116
      vertex 8.48234 45 135.427
    endloop
  endfacet
  facet normal 0 1 0
    outer loop
      vertex 255.5 45 145.5
      vertex 186 45 144.5
      vertex 0.5 45 145.5
    endloop
  endfacet
  facet normal 0 1 0
    outer loop
      vertex 247.806 45 139.831
      vertex 255.5 45 145.5
      vertex 248.1 45 139.85
    endloop
  endfacet
  facet normal 0 1 0
    outer loop
      vertex 255.5 45 145.5
      vertex 248.394 45 139.831
      vertex 248.1 45 139.85
    endloop
  endfacet
  facet normal 0 1 0
    outer loop
      vertex 255.5 45 145.5
      vertex 248.682 45 139.773
      vertex 248.394 45 139.831
    endloop
  endfacet
  facet normal 0 1 0
    outer loop
      vertex 255.5 45 145.5
      vertex 248.961 45 139.679
      vertex 248.682 45 139.773
    endloop
  endfacet
  facet normal 0 1 0
    outer loop
      vertex 255.5 45 145.5
      vertex 249.225 45 139.549
      vertex 248.961 45 139.679
    endloop
  endfacet
  facet normal 0 1 0
    outer loop
      vertex 255.5 45 145.5
      vertex 249.47 45 139.385
      vertex 249.225 45 139.549
    endloop
  endfacet
  facet normal 0 1 0
    outer loop
      vertex 255.5 45 145.5
      vertex 249.691 45 139.191
      vertex 249.47 45 139.385
    endloop
  endfacet
  facet normal 0 1 0
    outer loop
      vertex 255.5 45 145.5
      vertex 249.885 45 138.97
      vertex 249.691 45 139.191
    endloop
  endfacet
  facet normal 0 1 0
    outer loop
      vertex 255.5 45 145.5
      vertex 250.049 45 138.725
      vertex 249.885 45 138.97
    endloop
  endfacet
  facet normal 0 1 0
    outer loop
      vertex 255.5 45 145.5
      vertex 250.179 45 138.461
      vertex 250.049 45 138.725
    endloop
  endfacet
  facet normal 0 1 0
    outer loop
      vertex 255.5 45 145.5
      vertex 250.273 45 138.182
      vertex 250.179 45 138.461
    endloop
  endfacet
  facet normal 0 1 0
    outer loop
      vertex 255.5 45 145.5
      vertex 250.331 45 137.894
      vertex 250.273 45 138.182
    endloop
  endfacet
  facet normal 0 1 0
    outer loop
      vertex 255.5 45 145.5
      vertex 250.35 45 137.6
      vertex 250.331 45 137.894
    endloop
  endfacet
  facet normal 0 1 0
    outer loop
      vertex 255.5 45 145.5
      vertex 250.331 45 137.306
      vertex 250.35 45 137.6
    endloop
  endfacet
  facet normal 0 1 0
    outer loop
      vertex 255.5 45 145.5
      vertex 250.273 45 137.018
      vertex 250.331 45 137.306
    endloop
  endfacet
  facet normal 0 1 -0
    outer loop
      vertex 255.5 45 116
      vertex 250.273 45 137.018
      vertex 255.5 45 145.5
    endloop
  endfacet
  facet normal 0 1 0
    outer loop
      vertex 250.273 45 137.018
      vertex 255.5 45 116
      vertex 250.179 45 136.739
    endloop
  endfacet
  facet normal 0 1 0
    outer loop
      vertex 248.394 45 135.369
      vertex 255.5 45 116
      vertex 248.1 45 135.35
    endloop
  endfacet
  facet normal 0 1 0
    outer loop
      vertex 248.682 45 135.427
      vertex 255.5 45 116
      vertex 248.394 45 135.369
    endloop
  endfacet
  facet normal 0 1 0
    outer loop
      vertex 248.961 45 135.521
      vertex 255.5 45 116
      vertex 248.682 45 135.427
    endloop
  endfacet
  facet normal 0 1 0
    outer loop
      vertex 249.225 45 135.651
      vertex 255.5 45 116
      vertex 248.961 45 135.521
    endloop
  endfacet
  facet normal 0 1 0
    outer loop
      vertex 249.47 45 135.815
      vertex 255.5 45 116
      vertex 249.225 45 135.651
    endloop
  endfacet
  facet normal 0 1 0
    outer loop
      vertex 249.691 45 136.009
      vertex 255.5 45 116
      vertex 249.47 45 135.815
    endloop
  endfacet
  facet normal 0 1 0
    outer loop
      vertex 249.885 45 136.23
      vertex 255.5 45 116
      vertex 249.691 45 136.009
    endloop
  endfacet
  facet normal 0 1 0
    outer loop
      vertex 250.049 45 136.475
      vertex 255.5 45 116
      vertex 249.885 45 136.23
    endloop
  endfacet
  facet normal 0 1 0
    outer loop
      vertex 250.179 45 136.739
      vertex 255.5 45 116
      vertex 250.049 45 136.475
    endloop
  endfacet
  facet normal 0 1 -0
    outer loop
      vertex 70 45 144.5
      vertex 0.5 45 145.5
      vertex 186 45 144.5
    endloop
  endfacet
  facet normal 0 1 -0
    outer loop
      vertex 9.025 45 139.549
      vertex 0.5 45 145.5
      vertex 70 45 144.5
    endloop
  endfacet
  facet normal 0 1 -0
    outer loop
      vertex 7.60632 45 139.831
      vertex 0.5 45 145.5
      vertex 7.9 45 139.85
    endloop
  endfacet
  facet normal 0 1 -0
    outer loop
      vertex 7.31766 45 139.773
      vertex 0.5 45 145.5
      vertex 7.60632 45 139.831
    endloop
  endfacet
  facet normal 0 1 -0
    outer loop
      vertex 7.03896 45 139.679
      vertex 0.5 45 145.5
      vertex 7.31766 45 139.773
    endloop
  endfacet
  facet normal 0 1 -0
    outer loop
      vertex 6.775 45 139.549
      vertex 0.5 45 145.5
      vertex 7.03896 45 139.679
    endloop
  endfacet
  facet normal 0 1 -0
    outer loop
      vertex 6.53029 45 139.385
      vertex 0.5 45 145.5
      vertex 6.775 45 139.549
    endloop
  endfacet
  facet normal 0 1 -0
    outer loop
      vertex 6.30901 45 139.191
      vertex 0.5 45 145.5
      vertex 6.53029 45 139.385
    endloop
  endfacet
  facet normal 0 1 -0
    outer loop
      vertex 6.11495 45 138.97
      vertex 0.5 45 145.5
      vertex 6.30901 45 139.191
    endloop
  endfacet
  facet normal 0 1 -0
    outer loop
      vertex 5.95144 45 138.725
      vertex 0.5 45 145.5
      vertex 6.11495 45 138.97
    endloop
  endfacet
  facet normal 0 1 -0
    outer loop
      vertex 5.82127 45 138.461
      vertex 0.5 45 145.5
      vertex 5.95144 45 138.725
    endloop
  endfacet
  facet normal 0 1 -0
    outer loop
      vertex 5.72667 45 138.182
      vertex 0.5 45 145.5
      vertex 5.82127 45 138.461
    endloop
  endfacet
  facet normal 0 1 -0
    outer loop
      vertex 5.66925 45 137.894
      vertex 0.5 45 145.5
      vertex 5.72667 45 138.182
    endloop
  endfacet
  facet normal 0 1 -0
    outer loop
      vertex 5.65 45 137.6
      vertex 0.5 45 145.5
      vertex 5.66925 45 137.894
    endloop
  endfacet
  facet normal 0 1 0
    outer loop
      vertex 5.66925 45 137.306
      vertex 0.5 45 145.5
      vertex 5.65 45 137.6
    endloop
  endfacet
  facet normal 0 1 0
    outer loop
      vertex 5.72667 45 137.018
      vertex 0.5 45 145.5
      vertex 5.66925 45 137.306
    endloop
  endfacet
  facet normal 0 1 0
    outer loop
      vertex 0.5 45 116
      vertex 5.72667 45 137.018
      vertex 5.82127 45 136.739
    endloop
  endfacet
  facet normal 0 1 0
    outer loop
      vertex 0.5 45 116
      vertex 5.82127 45 136.739
      vertex 5.95144 45 136.475
    endloop
  endfacet
  facet normal 0 1 0
    outer loop
      vertex 8.19368 45 135.369
      vertex 0.5 45 116
      vertex 7.9 45 135.35
    endloop
  endfacet
  facet normal 0 1 0
    outer loop
      vertex 7.9 45 135.35
      vertex 0.5 45 116
      vertex 7.60632 45 135.369
    endloop
  endfacet
  facet normal 0 1 0
    outer loop
      vertex 5.72667 45 137.018
      vertex 0.5 45 116
      vertex 0.5 45 145.5
    endloop
  endfacet
  facet normal 0 1 0
    outer loop
      vertex 6.11495 45 136.23
      vertex 0.5 45 116
      vertex 5.95144 45 136.475
    endloop
  endfacet
  facet normal 0 1 0
    outer loop
      vertex 6.30901 45 136.009
      vertex 0.5 45 116
      vertex 6.11495 45 136.23
    endloop
  endfacet
  facet normal 0 1 0
    outer loop
      vertex 6.53029 45 135.815
      vertex 0.5 45 116
      vertex 6.30901 45 136.009
    endloop
  endfacet
  facet normal 0 1 0
    outer loop
      vertex 6.775 45 135.651
      vertex 0.5 45 116
      vertex 6.53029 45 135.815
    endloop
  endfacet
  facet normal 0 1 0
    outer loop
      vertex 7.03896 45 135.521
      vertex 0.5 45 116
      vertex 6.775 45 135.651
    endloop
  endfacet
  facet normal 0 1 0
    outer loop
      vertex 7.31766 45 135.427
      vertex 0.5 45 116
      vertex 7.03896 45 135.521
    endloop
  endfacet
  facet normal 0 1 0
    outer loop
      vertex 7.60632 45 135.369
      vertex 0.5 45 116
      vertex 7.31766 45 135.427
    endloop
  endfacet
  facet normal 0 1 0
    outer loop
      vertex 247.518 45 139.773
      vertex 255.5 45 145.5
      vertex 247.806 45 139.831
    endloop
  endfacet
  facet normal 0 1 0
    outer loop
      vertex 247.239 45 139.679
      vertex 255.5 45 145.5
      vertex 247.518 45 139.773
    endloop
  endfacet
  facet normal 0 1 0
    outer loop
      vertex 246.975 45 139.549
      vertex 255.5 45 145.5
      vertex 247.239 45 139.679
    endloop
  endfacet
  facet normal 0 1 0
    outer loop
      vertex 255.5 45 145.5
      vertex 246.975 45 139.549
      vertex 186 45 144.5
    endloop
  endfacet
  facet normal 0 1 -0
    outer loop
      vertex 246.73 45 139.385
      vertex 186 45 144.5
      vertex 246.975 45 139.549
    endloop
  endfacet
  facet normal 0 1 -0
    outer loop
      vertex 246.509 45 139.191
      vertex 186 45 144.5
      vertex 246.73 45 139.385
    endloop
  endfacet
  facet normal 0 1 -0
    outer loop
      vertex 246.315 45 138.97
      vertex 186 45 144.5
      vertex 246.509 45 139.191
    endloop
  endfacet
  facet normal 0 1 -0
    outer loop
      vertex 246.151 45 138.725
      vertex 186 45 144.5
      vertex 246.315 45 138.97
    endloop
  endfacet
  facet normal 0 1 -0
    outer loop
      vertex 246.021 45 138.461
      vertex 186 45 144.5
      vertex 246.151 45 138.725
    endloop
  endfacet
  facet normal 0 1 -0
    outer loop
      vertex 245.927 45 138.182
      vertex 186 45 144.5
      vertex 246.021 45 138.461
    endloop
  endfacet
  facet normal 0 1 -0
    outer loop
      vertex 245.869 45 137.894
      vertex 186 45 144.5
      vertex 245.927 45 138.182
    endloop
  endfacet
  facet normal 0 1 -0
    outer loop
      vertex 245.85 45 137.6
      vertex 186 45 144.5
      vertex 245.869 45 137.894
    endloop
  endfacet
  facet normal 0 1 0
    outer loop
      vertex 245.869 45 137.306
      vertex 186 45 144.5
      vertex 245.85 45 137.6
    endloop
  endfacet
  facet normal 0 1 0
    outer loop
      vertex 245.927 45 137.018
      vertex 186 45 144.5
      vertex 245.869 45 137.306
    endloop
  endfacet
  facet normal 0 1 0
    outer loop
      vertex 186 45 116
      vertex 245.927 45 137.018
      vertex 246.021 45 136.739
    endloop
  endfacet
  facet normal 0 1 0
    outer loop
      vertex 186 45 116
      vertex 246.021 45 136.739
      vertex 246.151 45 136.475
    endloop
  endfacet
  facet normal 0 1 0
    outer loop
      vertex 186 45 116
      vertex 246.151 45 136.475
      vertex 246.315 45 136.23
    endloop
  endfacet
  facet normal 0 1 0
    outer loop
      vertex 186 45 116
      vertex 246.315 45 136.23
      vertex 246.509 45 136.009
    endloop
  endfacet
  facet normal 0 1 0
    outer loop
      vertex 255.5 45 116
      vertex 246.509 45 136.009
      vertex 246.73 45 135.815
    endloop
  endfacet
  facet normal 0 1 0
    outer loop
      vertex 255.5 45 116
      vertex 246.73 45 135.815
      vertex 246.975 45 135.651
    endloop
  endfacet
  facet normal 0 1 0
    outer loop
      vertex 255.5 45 116
      vertex 246.975 45 135.651
      vertex 247.239 45 135.521
    endloop
  endfacet
  facet normal 0 1 0
    outer loop
      vertex 255.5 45 116
      vertex 247.239 45 135.521
      vertex 247.518 45 135.427
    endloop
  endfacet
  facet normal 0 1 0
    outer loop
      vertex 255.5 45 116
      vertex 247.518 45 135.427
      vertex 247.806 45 135.369
    endloop
  endfacet
  facet normal 0 1 0
    outer loop
      vertex 255.5 45 116
      vertex 247.806 45 135.369
      vertex 248.1 45 135.35
    endloop
  endfacet
  facet normal 0 1 0
    outer loop
      vertex 246.509 45 136.009
      vertex 255.5 45 116
      vertex 186 45 116
    endloop
  endfacet
  facet normal 0 1 0
    outer loop
      vertex 245.927 45 137.018
      vertex 186 45 116
      vertex 186 45 144.5
    endloop
  endfacet
  facet normal 0 -1 0
    outer loop
      vertex 186 42 134.466
      vertex 186 42 117.5
      vertex 189 42 134.466
    endloop
  endfacet
  facet normal 0 -1 0
    outer loop
      vertex 246.975 42 139.549
      vertex 255.5 42 145.5
      vertex 189 42 145.5
    endloop
  endfacet
  facet normal 0 -1 0
    outer loop
      vertex 255.5 42 145.5
      vertex 247.806 42 139.831
      vertex 248.1 42 139.85
    endloop
  endfacet
  facet normal 0 -1 0
    outer loop
      vertex 255.5 42 145.5
      vertex 247.518 42 139.773
      vertex 247.806 42 139.831
    endloop
  endfacet
  facet normal 0 -1 0
    outer loop
      vertex 255.5 42 145.5
      vertex 247.239 42 139.679
      vertex 247.518 42 139.773
    endloop
  endfacet
  facet normal 0 -1 0
    outer loop
      vertex 255.5 42 145.5
      vertex 246.975 42 139.549
      vertex 247.239 42 139.679
    endloop
  endfacet
  facet normal 0 -1 0
    outer loop
      vertex 189 42 145.5
      vertex 246.73 42 139.385
      vertex 246.975 42 139.549
    endloop
  endfacet
  facet normal 0 -1 0
    outer loop
      vertex 189 42 145.5
      vertex 246.509 42 139.191
      vertex 246.73 42 139.385
    endloop
  endfacet
  facet normal 0 -1 0
    outer loop
      vertex 189 42 145.5
      vertex 246.315 42 138.97
      vertex 246.509 42 139.191
    endloop
  endfacet
  facet normal 0 -1 0
    outer loop
      vertex 189 42 145.5
      vertex 246.151 42 138.725
      vertex 246.315 42 138.97
    endloop
  endfacet
  facet normal 0 -1 0
    outer loop
      vertex 189 42 145.5
      vertex 246.021 42 138.461
      vertex 246.151 42 138.725
    endloop
  endfacet
  facet normal 0 -1 0
    outer loop
      vertex 189 42 145.5
      vertex 245.927 42 138.182
      vertex 246.021 42 138.461
    endloop
  endfacet
  facet normal 0 -1 0
    outer loop
      vertex 189 42 145.5
      vertex 245.869 42 137.894
      vertex 245.927 42 138.182
    endloop
  endfacet
  facet normal 0 -1 0
    outer loop
      vertex 189 42 134.466
      vertex 245.869 42 137.894
      vertex 189 42 145.5
    endloop
  endfacet
  facet normal 0 -1 0
    outer loop
      vertex 245.869 42 137.894
      vertex 189 42 134.466
      vertex 245.85 42 137.6
    endloop
  endfacet
  facet normal 0 -1 -0
    outer loop
      vertex 245.85 42 137.6
      vertex 189 42 134.466
      vertex 245.869 42 137.306
    endloop
  endfacet
  facet normal 0 -1 -0
    outer loop
      vertex 245.869 42 137.306
      vertex 189 42 134.466
      vertex 245.927 42 137.018
    endloop
  endfacet
  facet normal 0 -1 -0
    outer loop
      vertex 245.927 42 137.018
      vertex 189 42 134.466
      vertex 246.021 42 136.739
    endloop
  endfacet
  facet normal 0 -1 -0
    outer loop
      vertex 246.021 42 136.739
      vertex 189 42 134.466
      vertex 246.151 42 136.475
    endloop
  endfacet
  facet normal 0 -1 0
    outer loop
      vertex 186 42 117.5
      vertex 246.151 42 136.475
      vertex 189 42 134.466
    endloop
  endfacet
  facet normal 0 -1 -0
    outer loop
      vertex 246.151 42 136.475
      vertex 186 42 117.5
      vertex 246.315 42 136.23
    endloop
  endfacet
  facet normal 0 -1 -0
    outer loop
      vertex 246.315 42 136.23
      vertex 186 42 117.5
      vertex 246.509 42 136.009
    endloop
  endfacet
  facet normal 0 -1 0
    outer loop
      vertex 255.5 42 117.5
      vertex 246.509 42 136.009
      vertex 186 42 117.5
    endloop
  endfacet
  facet normal 0 -1 0
    outer loop
      vertex 246.509 42 136.009
      vertex 255.5 42 117.5
      vertex 246.73 42 135.815
    endloop
  endfacet
  facet normal 0 -1 0
    outer loop
      vertex 246.73 42 135.815
      vertex 255.5 42 117.5
      vertex 246.975 42 135.651
    endloop
  endfacet
  facet normal 0 -1 0
    outer loop
      vertex 247.239 42 135.521
      vertex 255.5 42 117.5
      vertex 247.518 42 135.427
    endloop
  endfacet
  facet normal 0 -1 0
    outer loop
      vertex 246.975 42 135.651
      vertex 255.5 42 117.5
      vertex 247.239 42 135.521
    endloop
  endfacet
  facet normal 0 -1 0
    outer loop
      vertex 248.394 42 139.831
      vertex 255.5 42 145.5
      vertex 248.1 42 139.85
    endloop
  endfacet
  facet normal 0 -1 0
    outer loop
      vertex 248.682 42 139.773
      vertex 255.5 42 145.5
      vertex 248.394 42 139.831
    endloop
  endfacet
  facet normal 0 -1 0
    outer loop
      vertex 248.961 42 139.679
      vertex 255.5 42 145.5
      vertex 248.682 42 139.773
    endloop
  endfacet
  facet normal 0 -1 0
    outer loop
      vertex 249.225 42 139.549
      vertex 255.5 42 145.5
      vertex 248.961 42 139.679
    endloop
  endfacet
  facet normal 0 -1 0
    outer loop
      vertex 249.47 42 139.385
      vertex 255.5 42 145.5
      vertex 249.225 42 139.549
    endloop
  endfacet
  facet normal 0 -1 0
    outer loop
      vertex 249.691 42 139.191
      vertex 255.5 42 145.5
      vertex 249.47 42 139.385
    endloop
  endfacet
  facet normal 0 -1 0
    outer loop
      vertex 249.885 42 138.97
      vertex 255.5 42 145.5
      vertex 249.691 42 139.191
    endloop
  endfacet
  facet normal 0 -1 0
    outer loop
      vertex 250.049 42 138.725
      vertex 255.5 42 145.5
      vertex 249.885 42 138.97
    endloop
  endfacet
  facet normal 0 -1 0
    outer loop
      vertex 250.179 42 138.461
      vertex 255.5 42 145.5
      vertex 250.049 42 138.725
    endloop
  endfacet
  facet normal 0 -1 0
    outer loop
      vertex 250.273 42 138.182
      vertex 255.5 42 145.5
      vertex 250.179 42 138.461
    endloop
  endfacet
  facet normal 0 -1 0
    outer loop
      vertex 250.331 42 137.894
      vertex 255.5 42 145.5
      vertex 250.273 42 138.182
    endloop
  endfacet
  facet normal 0 -1 0
    outer loop
      vertex 250.35 42 137.6
      vertex 255.5 42 145.5
      vertex 250.331 42 137.894
    endloop
  endfacet
  facet normal 0 -1 0
    outer loop
      vertex 250.331 42 137.306
      vertex 255.5 42 145.5
      vertex 250.35 42 137.6
    endloop
  endfacet
  facet normal 0 -1 0
    outer loop
      vertex 250.273 42 137.018
      vertex 255.5 42 145.5
      vertex 250.331 42 137.306
    endloop
  endfacet
  facet normal 0 -1 0
    outer loop
      vertex 255.5 42 117.5
      vertex 250.273 42 137.018
      vertex 250.179 42 136.739
    endloop
  endfacet
  facet normal 0 -1 0
    outer loop
      vertex 255.5 42 117.5
      vertex 250.179 42 136.739
      vertex 250.049 42 136.475
    endloop
  endfacet
  facet normal 0 -1 0
    outer loop
      vertex 247.518 42 135.427
      vertex 255.5 42 117.5
      vertex 247.806 42 135.369
    endloop
  endfacet
  facet normal 0 -1 0
    outer loop
      vertex 247.806 42 135.369
      vertex 255.5 42 117.5
      vertex 248.1 42 135.35
    endloop
  endfacet
  facet normal 0 -1 0
    outer loop
      vertex 248.1 42 135.35
      vertex 255.5 42 117.5
      vertex 248.394 42 135.369
    endloop
  endfacet
  facet normal 0 -1 0
    outer loop
      vertex 250.273 42 137.018
      vertex 255.5 42 117.5
      vertex 255.5 42 145.5
    endloop
  endfacet
  facet normal 0 -1 0
    outer loop
      vertex 249.885 42 136.23
      vertex 255.5 42 117.5
      vertex 250.049 42 136.475
    endloop
  endfacet
  facet normal 0 -1 0
    outer loop
      vertex 249.691 42 136.009
      vertex 255.5 42 117.5
      vertex 249.885 42 136.23
    endloop
  endfacet
  facet normal 0 -1 0
    outer loop
      vertex 249.47 42 135.815
      vertex 255.5 42 117.5
      vertex 249.691 42 136.009
    endloop
  endfacet
  facet normal 0 -1 0
    outer loop
      vertex 249.225 42 135.651
      vertex 255.5 42 117.5
      vertex 249.47 42 135.815
    endloop
  endfacet
  facet normal 0 -1 0
    outer loop
      vertex 248.961 42 135.521
      vertex 255.5 42 117.5
      vertex 249.225 42 135.651
    endloop
  endfacet
  facet normal 0 -1 0
    outer loop
      vertex 248.682 42 135.427
      vertex 255.5 42 117.5
      vertex 248.961 42 135.521
    endloop
  endfacet
  facet normal 0 -1 0
    outer loop
      vertex 248.394 42 135.369
      vertex 255.5 42 117.5
      vertex 248.682 42 135.427
    endloop
  endfacet
  facet normal 0 -1 0
    outer loop
      vertex 8.19368 42 139.831
      vertex 0.5 42 145.5
      vertex 7.9 42 139.85
    endloop
  endfacet
  facet normal 0 -1 0
    outer loop
      vertex 0.5 42 145.5
      vertex 7.60632 42 139.831
      vertex 7.9 42 139.85
    endloop
  endfacet
  facet normal 0 -1 0
    outer loop
      vertex 0.5 42 145.5
      vertex 7.31766 42 139.773
      vertex 7.60632 42 139.831
    endloop
  endfacet
  facet normal 0 -1 0
    outer loop
      vertex 0.5 42 145.5
      vertex 7.03896 42 139.679
      vertex 7.31766 42 139.773
    endloop
  endfacet
  facet normal 0 -1 0
    outer loop
      vertex 0.5 42 145.5
      vertex 6.775 42 139.549
      vertex 7.03896 42 139.679
    endloop
  endfacet
  facet normal 0 -1 0
    outer loop
      vertex 0.5 42 145.5
      vertex 6.53029 42 139.385
      vertex 6.775 42 139.549
    endloop
  endfacet
  facet normal 0 -1 0
    outer loop
      vertex 0.5 42 145.5
      vertex 6.30901 42 139.191
      vertex 6.53029 42 139.385
    endloop
  endfacet
  facet normal 0 -1 0
    outer loop
      vertex 0.5 42 145.5
      vertex 6.11495 42 138.97
      vertex 6.30901 42 139.191
    endloop
  endfacet
  facet normal 0 -1 0
    outer loop
      vertex 0.5 42 145.5
      vertex 5.95144 42 138.725
      vertex 6.11495 42 138.97
    endloop
  endfacet
  facet normal 0 -1 0
    outer loop
      vertex 0.5 42 145.5
      vertex 5.82127 42 138.461
      vertex 5.95144 42 138.725
    endloop
  endfacet
  facet normal 0 -1 0
    outer loop
      vertex 0.5 42 145.5
      vertex 5.72667 42 138.182
      vertex 5.82127 42 138.461
    endloop
  endfacet
  facet normal 0 -1 0
    outer loop
      vertex 0.5 42 145.5
      vertex 5.66925 42 137.894
      vertex 5.72667 42 138.182
    endloop
  endfacet
  facet normal 0 -1 0
    outer loop
      vertex 0.5 42 145.5
      vertex 5.65 42 137.6
      vertex 5.66925 42 137.894
    endloop
  endfacet
  facet normal 0 -1 0
    outer loop
      vertex 0.5 42 145.5
      vertex 5.66925 42 137.306
      vertex 5.65 42 137.6
    endloop
  endfacet
  facet normal 0 -1 0
    outer loop
      vertex 0.5 42 145.5
      vertex 5.72667 42 137.018
      vertex 5.66925 42 137.306
    endloop
  endfacet
  facet normal 0 -1 0
    outer loop
      vertex 0.5 42 117.5
      vertex 5.72667 42 137.018
      vertex 0.5 42 145.5
    endloop
  endfacet
  facet normal 0 -1 -0
    outer loop
      vertex 5.72667 42 137.018
      vertex 0.5 42 117.5
      vertex 5.82127 42 136.739
    endloop
  endfacet
  facet normal 0 -1 -0
    outer loop
      vertex 5.82127 42 136.739
      vertex 0.5 42 117.5
      vertex 5.95144 42 136.475
    endloop
  endfacet
  facet normal 0 -1 0
    outer loop
      vertex 0.5 42 117.5
      vertex 6.11495 42 136.23
      vertex 5.95144 42 136.475
    endloop
  endfacet
  facet normal 0 -1 0
    outer loop
      vertex 0.5 42 117.5
      vertex 6.30901 42 136.009
      vertex 6.11495 42 136.23
    endloop
  endfacet
  facet normal 0 -1 0
    outer loop
      vertex 0.5 42 117.5
      vertex 6.53029 42 135.815
      vertex 6.30901 42 136.009
    endloop
  endfacet
  facet normal 0 -1 0
    outer loop
      vertex 0.5 42 117.5
      vertex 6.775 42 135.651
      vertex 6.53029 42 135.815
    endloop
  endfacet
  facet normal 0 -1 0
    outer loop
      vertex 0.5 42 117.5
      vertex 7.03896 42 135.521
      vertex 6.775 42 135.651
    endloop
  endfacet
  facet normal 0 -1 0
    outer loop
      vertex 0.5 42 117.5
      vertex 7.31766 42 135.427
      vertex 7.03896 42 135.521
    endloop
  endfacet
  facet normal 0 -1 0
    outer loop
      vertex 0.5 42 117.5
      vertex 7.60632 42 135.369
      vertex 7.31766 42 135.427
    endloop
  endfacet
  facet normal 0 -1 0
    outer loop
      vertex 0.5 42 117.5
      vertex 7.9 42 135.35
      vertex 7.60632 42 135.369
    endloop
  endfacet
  facet normal 0 -1 0
    outer loop
      vertex 70 42 117.5
      vertex 9.49099 42 136.009
      vertex 0.5 42 117.5
    endloop
  endfacet
  facet normal 0 -1 0
    outer loop
      vertex 9.49099 42 136.009
      vertex 70 42 117.5
      vertex 67 42 134.466
    endloop
  endfacet
  facet normal 0 -1 0
    outer loop
      vertex 67 42 134.466
      vertex 70 42 117.5
      vertex 70 42 134.466
    endloop
  endfacet
  facet normal 0 -1 0
    outer loop
      vertex 8.48234 42 139.773
      vertex 0.5 42 145.5
      vertex 8.19368 42 139.831
    endloop
  endfacet
  facet normal 0 -1 0
    outer loop
      vertex 8.76104 42 139.679
      vertex 0.5 42 145.5
      vertex 8.48234 42 139.773
    endloop
  endfacet
  facet normal 0 -1 0
    outer loop
      vertex 9.025 42 139.549
      vertex 0.5 42 145.5
      vertex 8.76104 42 139.679
    endloop
  endfacet
  facet normal 0 -1 0
    outer loop
      vertex 0.5 42 145.5
      vertex 9.025 42 139.549
      vertex 67 42 145.5
    endloop
  endfacet
  facet normal 0 -1 0
    outer loop
      vertex 9.26971 42 139.385
      vertex 67 42 145.5
      vertex 9.025 42 139.549
    endloop
  endfacet
  facet normal 0 -1 0
    outer loop
      vertex 9.49099 42 139.191
      vertex 67 42 145.5
      vertex 9.26971 42 139.385
    endloop
  endfacet
  facet normal 0 -1 0
    outer loop
      vertex 9.68504 42 138.97
      vertex 67 42 145.5
      vertex 9.49099 42 139.191
    endloop
  endfacet
  facet normal 0 -1 0
    outer loop
      vertex 9.84856 42 138.725
      vertex 67 42 145.5
      vertex 9.68504 42 138.97
    endloop
  endfacet
  facet normal 0 -1 0
    outer loop
      vertex 9.97873 42 138.461
      vertex 67 42 145.5
      vertex 9.84856 42 138.725
    endloop
  endfacet
  facet normal 0 -1 0
    outer loop
      vertex 10.0733 42 138.182
      vertex 67 42 145.5
      vertex 9.97873 42 138.461
    endloop
  endfacet
  facet normal 0 -1 0
    outer loop
      vertex 10.1308 42 137.894
      vertex 67 42 145.5
      vertex 10.0733 42 138.182
    endloop
  endfacet
  facet normal 0 -1 0
    outer loop
      vertex 67 42 134.466
      vertex 10.1308 42 137.894
      vertex 10.15 42 137.6
    endloop
  endfacet
  facet normal 0 -1 0
    outer loop
      vertex 67 42 134.466
      vertex 10.15 42 137.6
      vertex 10.1308 42 137.306
    endloop
  endfacet
  facet normal 0 -1 0
    outer loop
      vertex 67 42 134.466
      vertex 10.1308 42 137.306
      vertex 10.0733 42 137.018
    endloop
  endfacet
  facet normal 0 -1 0
    outer loop
      vertex 67 42 134.466
      vertex 10.0733 42 137.018
      vertex 9.97873 42 136.739
    endloop
  endfacet
  facet normal 0 -1 0
    outer loop
      vertex 67 42 134.466
      vertex 9.97873 42 136.739
      vertex 9.84856 42 136.475
    endloop
  endfacet
  facet normal 0 -1 0
    outer loop
      vertex 67 42 134.466
      vertex 9.84856 42 136.475
      vertex 9.68504 42 136.23
    endloop
  endfacet
  facet normal 0 -1 0
    outer loop
      vertex 67 42 134.466
      vertex 9.68504 42 136.23
      vertex 9.49099 42 136.009
    endloop
  endfacet
  facet normal 0 -1 0
    outer loop
      vertex 0.5 42 117.5
      vertex 9.49099 42 136.009
      vertex 9.26971 42 135.815
    endloop
  endfacet
  facet normal 0 -1 0
    outer loop
      vertex 0.5 42 117.5
      vertex 9.26971 42 135.815
      vertex 9.025 42 135.651
    endloop
  endfacet
  facet normal 0 -1 0
    outer loop
      vertex 0.5 42 117.5
      vertex 9.025 42 135.651
      vertex 8.76104 42 135.521
    endloop
  endfacet
  facet normal 0 -1 0
    outer loop
      vertex 0.5 42 117.5
      vertex 8.76104 42 135.521
      vertex 8.48234 42 135.427
    endloop
  endfacet
  facet normal 0 -1 0
    outer loop
      vertex 0.5 42 117.5
      vertex 8.48234 42 135.427
      vertex 8.19368 42 135.369
    endloop
  endfacet
  facet normal 0 -1 0
    outer loop
      vertex 10.1308 42 137.894
      vertex 67 42 134.466
      vertex 67 42 145.5
    endloop
  endfacet
  facet normal 0 -1 0
    outer loop
      vertex 0.5 42 117.5
      vertex 8.19368 42 135.369
      vertex 7.9 42 135.35
    endloop
  endfacet
  facet normal 0 0 1
    outer loop
      vertex 255.5 45 145.5
      vertex 189 42 145.5
      vertex 255.5 42 145.5
    endloop
  endfacet
  facet normal 0 0 1
    outer loop
      vertex 255.5 45 145.5
      vertex 67 42 145.5
      vertex 189 42 145.5
    endloop
  endfacet
  facet normal -0 0 1
    outer loop
      vertex 0.5 45 145.5
      vertex 67 42 145.5
      vertex 255.5 45 145.5
    endloop
  endfacet
  facet normal 0 0 1
    outer loop
      vertex 67 42 145.5
      vertex 0.5 45 145.5
      vertex 0.5 42 145.5
    endloop
  endfacet
  facet normal -1 0 0
    outer loop
      vertex 186 5 15.3
      vertex 186 8 15.5
      vertex 186 8 15.3
    endloop
  endfacet
  facet normal -1 -0 0
    outer loop
      vertex 186 8 15.5
      vertex 186 5 15.3
      vertex 186 5 15.5
    endloop
  endfacet
  facet normal -1 0 0
    outer loop
      vertex 186 8 15.5
      vertex 186 5 15.5
      vertex 186 8 71.5
    endloop
  endfacet
  facet normal -1 0 0
    outer loop
      vertex 186 1 100.5
      vertex 186 34.1285 108.139
      vertex 186 31.8444 100.5
    endloop
  endfacet
  facet normal -1 0 0
    outer loop
      vertex 186 1 100.5
      vertex 186 31.8444 100.5
      vertex 186 8 71.5
    endloop
  endfacet
  facet normal -1 -0 0
    outer loop
      vertex 186 34.1285 108.139
      vertex 186 1 100.5
      vertex 186 42 134.466
    endloop
  endfacet
  facet normal -1 0 0
    outer loop
      vertex 186 1 15.5
      vertex 186 8 71.5
      vertex 186 5 15.5
    endloop
  endfacet
  facet normal -1 -0 0
    outer loop
      vertex 186 42 134.466
      vertex 186 1 100.5
      vertex 186 45 144.5
    endloop
  endfacet
  facet normal -1 0 0
    outer loop
      vertex 186 1 100.5
      vertex 186 8 71.5
      vertex 186 1 15.5
    endloop
  endfacet
  facet normal -1 0 0
    outer loop
      vertex 186 42 134.466
      vertex 186 45 116
      vertex 186 42 117.5
    endloop
  endfacet
  facet normal -1 -0 0
    outer loop
      vertex 186 45 116
      vertex 186 34.1285 108.139
      vertex 186 42 117.5
    endloop
  endfacet
  facet normal -1 0 0
    outer loop
      vertex 186 45 116
      vertex 186 31.8444 100.5
      vertex 186 34.1285 108.139
    endloop
  endfacet
  facet normal -1 0 -0
    outer loop
      vertex 186 31.8444 100.5
      vertex 186 45 116
      vertex 186 8 71.5
    endloop
  endfacet
  facet normal -1 0 0
    outer loop
      vertex 186 45 116
      vertex 186 42 134.466
      vertex 186 45 144.5
    endloop
  endfacet
  facet normal 1 -0 0
    outer loop
      vertex 70 5 15.5
      vertex 70 8 15.3
      vertex 70 8 15.5
    endloop
  endfacet
  facet normal 1 0 0
    outer loop
      vertex 70 8 15.3
      vertex 70 5 15.5
      vertex 70 5 15.3
    endloop
  endfacet
  facet normal 1 0 0
    outer loop
      vertex 70 1 100.5
      vertex 70 34.1285 108.139
      vertex 70 42 134.466
    endloop
  endfacet
  facet normal 1 0 0
    outer loop
      vertex 70 34.1285 108.139
      vertex 70 1 100.5
      vertex 70 31.8444 100.5
    endloop
  endfacet
  facet normal 1 0 0
    outer loop
      vertex 70 1 100.5
      vertex 70 42 134.466
      vertex 70 45 144.5
    endloop
  endfacet
  facet normal 1 0 0
    outer loop
      vertex 70 8 71.5
      vertex 70 5 15.5
      vertex 70 8 15.5
    endloop
  endfacet
  facet normal 1 0 0
    outer loop
      vertex 70 31.8444 100.5
      vertex 70 1 100.5
      vertex 70 8 71.5
    endloop
  endfacet
  facet normal 1 0 0
    outer loop
      vertex 70 1 15.5
      vertex 70 8 71.5
      vertex 70 1 100.5
    endloop
  endfacet
  facet normal 1 0 0
    outer loop
      vertex 70 8 71.5
      vertex 70 1 15.5
      vertex 70 5 15.5
    endloop
  endfacet
  facet normal 1 -0 0
    outer loop
      vertex 70 42 134.466
      vertex 70 45 116
      vertex 70 45 144.5
    endloop
  endfacet
  facet normal 1 -0 0
    outer loop
      vertex 70 42 117.5
      vertex 70 45 116
      vertex 70 42 134.466
    endloop
  endfacet
  facet normal 1 0 0
    outer loop
      vertex 70 34.1285 108.139
      vertex 70 45 116
      vertex 70 42 117.5
    endloop
  endfacet
  facet normal 1 0 0
    outer loop
      vertex 70 31.8444 100.5
      vertex 70 45 116
      vertex 70 34.1285 108.139
    endloop
  endfacet
  facet normal 1 0 0
    outer loop
      vertex 70 45 116
      vertex 70 31.8444 100.5
      vertex 70 8 71.5
    endloop
  endfacet
  facet normal 0 0 1
    outer loop
      vertex 122 8 15.3
      vertex 70 8 15.3
      vertex 122 6.23438 15.3
    endloop
  endfacet
  facet normal 0 0 1
    outer loop
      vertex 134 6.23438 15.3
      vertex 186 8 15.3
      vertex 134 8 15.3
    endloop
  endfacet
  facet normal 0 0 1
    outer loop
      vertex 186 8 15.3
      vertex 134 6.23438 15.3
      vertex 186 5 15.3
    endloop
  endfacet
  facet normal -0 0 1
    outer loop
      vertex 122 6.23438 15.3
      vertex 186 5 15.3
      vertex 134 6.23438 15.3
    endloop
  endfacet
  facet normal 0 0 1
    outer loop
      vertex 122 6.23438 15.3
      vertex 70 5 15.3
      vertex 186 5 15.3
    endloop
  endfacet
  facet normal 0 0 1
    outer loop
      vertex 70 5 15.3
      vertex 122 6.23438 15.3
      vertex 70 8 15.3
    endloop
  endfacet
  facet normal 0 0.707107 0.707107
    outer loop
      vertex 189 5 11.5
      vertex 186 1 15.5
      vertex 189 1 15.5
    endloop
  endfacet
  facet normal 0 0.707107 0.707107
    outer loop
      vertex 186 1 15.5
      vertex 189 5 11.5
      vertex 70 1 15.5
    endloop
  endfacet
  facet normal -0 0.707107 0.707107
    outer loop
      vertex 67 5 11.5
      vertex 70 1 15.5
      vertex 189 5 11.5
    endloop
  endfacet
  facet normal 0 0.707107 0.707107
    outer loop
      vertex 70 1 15.5
      vertex 67 5 11.5
      vertex 67 1 15.5
    endloop
  endfacet
  facet normal 0 -0.707107 -0.707107
    outer loop
      vertex 67 5 7.5
      vertex 189 -2 14.5
      vertex 67 -2 14.5
    endloop
  endfacet
  facet normal 0 -0.707107 -0.707107
    outer loop
      vertex 189 -2 14.5
      vertex 67 5 7.5
      vertex 189 5 7.5
    endloop
  endfacet
  facet normal 0 -1 0
    outer loop
      vertex 67 -2 101.5
      vertex 122 -2 20.8
      vertex 189 -2 101.5
    endloop
  endfacet
  facet normal 0 -1 0
    outer loop
      vertex 67 -2 14.5
      vertex 122 -2 20.8
      vertex 67 -2 101.5
    endloop
  endfacet
  facet normal 0 -1 -0
    outer loop
      vertex 122 -2 19.4667
      vertex 67 -2 14.5
      vertex 134 -2 19.4667
    endloop
  endfacet
  facet normal 0 -1 -0
    outer loop
      vertex 122 -2 20.8
      vertex 67 -2 14.5
      vertex 122 -2 19.4667
    endloop
  endfacet
  facet normal 0 -1 0
    outer loop
      vertex 134 -2 20.8
      vertex 189 -2 101.5
      vertex 122 -2 20.8
    endloop
  endfacet
  facet normal 0 -1 0
    outer loop
      vertex 189 -2 14.5
      vertex 134 -2 20.8
      vertex 134 -2 19.4667
    endloop
  endfacet
  facet normal 0 -1 0
    outer loop
      vertex 134 -2 20.8
      vertex 189 -2 14.5
      vertex 189 -2 101.5
    endloop
  endfacet
  facet normal 0 -1 0
    outer loop
      vertex 189 -2 14.5
      vertex 134 -2 19.4667
      vertex 67 -2 14.5
    endloop
  endfacet
  facet normal -1 0 0
    outer loop
      vertex 67 -2 14.5
      vertex 67 5 11.5
      vertex 67 5 7.5
    endloop
  endfacet
  facet normal -1 0 0
    outer loop
      vertex 67 5 11.5
      vertex 67 -2 14.5
      vertex 67 1 15.5
    endloop
  endfacet
  facet normal -1 0 0
    outer loop
      vertex 67 5 15.5
      vertex 67 1 15.5
      vertex 67 5 73.5
    endloop
  endfacet
  facet normal -1 0 0
    outer loop
      vertex 67 -2 101.5
      vertex 67 42 134.466
      vertex 67 34.1285 108.139
    endloop
  endfacet
  facet normal -1 0 0
    outer loop
      vertex 67 -2 101.5
      vertex 67 34.1285 108.139
      vertex 67 5 73.5
    endloop
  endfacet
  facet normal -1 0 0
    outer loop
      vertex 67 -2 14.5
      vertex 67 5 73.5
      vertex 67 1 15.5
    endloop
  endfacet
  facet normal -1 -0 0
    outer loop
      vertex 67 42 134.466
      vertex 67 -2 101.5
      vertex 67 42 145.5
    endloop
  endfacet
  facet normal -1 0 0
    outer loop
      vertex 67 -2 101.5
      vertex 67 5 73.5
      vertex 67 -2 14.5
    endloop
  endfacet
  facet normal 1 0 0
    outer loop
      vertex 189 -2 101.5
      vertex 189 42 134.466
      vertex 189 42 145.5
    endloop
  endfacet
  facet normal 1 0 0
    outer loop
      vertex 189 42 134.466
      vertex 189 -2 101.5
      vertex 189 34.1285 108.139
    endloop
  endfacet
  facet normal 1 0 0
    outer loop
      vertex 189 5 73.5
      vertex 189 1 15.5
      vertex 189 5 15.5
    endloop
  endfacet
  facet normal 1 0 0
    outer loop
      vertex 189 -2 14.5
      vertex 189 5 73.5
      vertex 189 -2 101.5
    endloop
  endfacet
  facet normal 1 0 0
    outer loop
      vertex 189 34.1285 108.139
      vertex 189 -2 101.5
      vertex 189 5 73.5
    endloop
  endfacet
  facet normal 1 -0 0
    outer loop
      vertex 189 -2 14.5
      vertex 189 5 11.5
      vertex 189 1 15.5
    endloop
  endfacet
  facet normal 1 0 0
    outer loop
      vertex 189 5 11.5
      vertex 189 -2 14.5
      vertex 189 5 7.5
    endloop
  endfacet
  facet normal 1 0 0
    outer loop
      vertex 189 5 73.5
      vertex 189 -2 14.5
      vertex 189 1 15.5
    endloop
  endfacet
  facet normal 0 1 0
    outer loop
      vertex 186 1 100.5
      vertex 134 1 20.8
      vertex 70 1 100.5
    endloop
  endfacet
  facet normal 0 1 -0
    outer loop
      vertex 186 1 15.5
      vertex 134 1 20.8
      vertex 186 1 100.5
    endloop
  endfacet
  facet normal 0 1 0
    outer loop
      vertex 134 1 19.827
      vertex 186 1 15.5
      vertex 122 1 19.827
    endloop
  endfacet
  facet normal 0 1 0
    outer loop
      vertex 134 1 20.8
      vertex 186 1 15.5
      vertex 134 1 19.827
    endloop
  endfacet
  facet normal 0 1 -0
    outer loop
      vertex 122 1 20.8
      vertex 70 1 100.5
      vertex 134 1 20.8
    endloop
  endfacet
  facet normal 0 1 0
    outer loop
      vertex 70 1 15.5
      vertex 122 1 20.8
      vertex 122 1 19.827
    endloop
  endfacet
  facet normal 0 1 0
    outer loop
      vertex 122 1 20.8
      vertex 70 1 15.5
      vertex 70 1 100.5
    endloop
  endfacet
  facet normal 0 1 0
    outer loop
      vertex 70 1 15.5
      vertex 122 1 19.827
      vertex 186 1 15.5
    endloop
  endfacet
  facet normal 0 -0.707107 0.707107
    outer loop
      vertex 67 42 145.5
      vertex 128 36.35 139.85
      vertex 189 42 145.5
    endloop
  endfacet
  facet normal 0.000423625 -0.704816 0.70939
    outer loop
      vertex 67 42 145.5
      vertex 127.706 36.3307 139.831
      vertex 128 36.35 139.85
    endloop
  endfacet
  facet normal -0.000470736 -0.709604 0.704601
    outer loop
      vertex 67 42 145.5
      vertex 127.418 36.2733 139.773
      vertex 127.706 36.3307 139.831
    endloop
  endfacet
  facet normal 0.000335795 -0.705352 0.708857
    outer loop
      vertex 67 42 145.5
      vertex 127.139 36.1787 139.679
      vertex 127.418 36.2733 139.773
    endloop
  endfacet
  facet normal 4.10382e-05 -0.706877 0.707337
    outer loop
      vertex 67 42 145.5
      vertex 126.875 36.0486 139.549
      vertex 127.139 36.1787 139.679
    endloop
  endfacet
  facet normal -0.000153528 -0.707855 0.706358
    outer loop
      vertex 67 42 145.5
      vertex 126.63 35.885 139.385
      vertex 126.875 36.0486 139.549
    endloop
  endfacet
  facet normal 2.33333e-15 -0.707107 0.707107
    outer loop
      vertex 67 42 145.5
      vertex 126.409 35.691 139.191
      vertex 126.63 35.885 139.385
    endloop
  endfacet
  facet normal 9.31846e-05 -0.706668 0.707545
    outer loop
      vertex 67 42 145.5
      vertex 126.215 35.4697 138.97
      vertex 126.409 35.691 139.191
    endloop
  endfacet
  facet normal -9.23069e-05 -0.707509 0.706704
    outer loop
      vertex 67 42 145.5
      vertex 126.051 35.225 138.725
      vertex 126.215 35.4697 138.97
    endloop
  endfacet
  facet normal 6.40612e-15 -0.707107 0.707107
    outer loop
      vertex 67 42 145.5
      vertex 125.921 34.961 138.461
      vertex 126.051 35.225 138.725
    endloop
  endfacet
  facet normal -8.73634e-05 -0.707472 0.706741
    outer loop
      vertex 67 42 145.5
      vertex 125.827 34.6823 138.182
      vertex 125.921 34.961 138.461
    endloop
  endfacet
  facet normal 0.000182111 -0.706389 0.707824
    outer loop
      vertex 67 42 145.5
      vertex 125.769 34.3937 137.894
      vertex 125.827 34.6823 138.182
    endloop
  endfacet
  facet normal -9.62366e-05 -0.707465 0.706749
    outer loop
      vertex 67 42 145.5
      vertex 125.75 34.1 137.6
      vertex 125.769 34.3937 137.894
    endloop
  endfacet
  facet normal -9.79247e-05 -0.707471 0.706743
    outer loop
      vertex 67 42 145.5
      vertex 125.769 33.8063 137.306
      vertex 125.75 34.1 137.6
    endloop
  endfacet
  facet normal 0.000214813 -0.706349 0.707864
    outer loop
      vertex 67 42 145.5
      vertex 125.827 33.5177 137.018
      vertex 125.769 33.8063 137.306
    endloop
  endfacet
  facet normal -0.000119084 -0.707507 0.706706
    outer loop
      vertex 67 42 145.5
      vertex 125.921 33.239 136.739
      vertex 125.827 33.5177 137.018
    endloop
  endfacet
  facet normal -6.20158e-17 -0.707107 0.707107
    outer loop
      vertex 67 -2 101.5
      vertex 125.921 33.239 136.739
      vertex 67 42 145.5
    endloop
  endfacet
  facet normal 1.75285e-14 -0.707107 0.707107
    outer loop
      vertex 125.921 33.239 136.739
      vertex 67 -2 101.5
      vertex 126.051 32.975 136.475
    endloop
  endfacet
  facet normal 0.000367392 -0.707417 0.706797
    outer loop
      vertex 126.051 32.975 136.475
      vertex 67 -2 101.5
      vertex 126.215 32.7303 136.23
    endloop
  endfacet
  facet normal -0.000369104 -0.706789 0.707424
    outer loop
      vertex 126.215 32.7303 136.23
      vertex 67 -2 101.5
      vertex 126.409 32.509 136.009
    endloop
  endfacet
  facet normal -1.80031e-14 -0.707107 0.707107
    outer loop
      vertex 126.409 32.509 136.009
      vertex 67 -2 101.5
      vertex 126.63 32.315 135.815
    endloop
  endfacet
  facet normal 0.000534029 -0.707571 0.706643
    outer loop
      vertex 126.63 32.315 135.815
      vertex 67 -2 101.5
      vertex 126.875 32.1514 135.651
    endloop
  endfacet
  facet normal -0.000141529 -0.706979 0.707235
    outer loop
      vertex 126.875 32.1514 135.651
      vertex 67 -2 101.5
      vertex 127.139 32.0213 135.521
    endloop
  endfacet
  facet normal -0.000950598 -0.706263 0.707949
    outer loop
      vertex 127.139 32.0213 135.521
      vertex 67 -2 101.5
      vertex 127.418 31.9267 135.427
    endloop
  endfacet
  facet normal -0.000430612 -0.706719 0.707495
    outer loop
      vertex 127.706 31.8692 135.369
      vertex 67 -2 101.5
      vertex 128 31.85 135.35
    endloop
  endfacet
  facet normal 0.000903667 -0.707914 0.706298
    outer loop
      vertex 127.418 31.9267 135.427
      vertex 67 -2 101.5
      vertex 127.706 31.8692 135.369
    endloop
  endfacet
  facet normal -0.000423625 -0.704816 0.70939
    outer loop
      vertex 128.294 36.3307 139.831
      vertex 189 42 145.5
      vertex 128 36.35 139.85
    endloop
  endfacet
  facet normal 0.000470736 -0.709604 0.704601
    outer loop
      vertex 128.582 36.2733 139.773
      vertex 189 42 145.5
      vertex 128.294 36.3307 139.831
    endloop
  endfacet
  facet normal -0.000335795 -0.705352 0.708857
    outer loop
      vertex 128.861 36.1787 139.679
      vertex 189 42 145.5
      vertex 128.582 36.2733 139.773
    endloop
  endfacet
  facet normal -4.10382e-05 -0.706877 0.707337
    outer loop
      vertex 129.125 36.0486 139.549
      vertex 189 42 145.5
      vertex 128.861 36.1787 139.679
    endloop
  endfacet
  facet normal 0.000153528 -0.707855 0.706358
    outer loop
      vertex 129.37 35.885 139.385
      vertex 189 42 145.5
      vertex 129.125 36.0486 139.549
    endloop
  endfacet
  facet normal -2.45486e-15 -0.707107 0.707107
    outer loop
      vertex 129.591 35.691 139.191
      vertex 189 42 145.5
      vertex 129.37 35.885 139.385
    endloop
  endfacet
  facet normal -9.31846e-05 -0.706668 0.707545
    outer loop
      vertex 129.785 35.4697 138.97
      vertex 189 42 145.5
      vertex 129.591 35.691 139.191
    endloop
  endfacet
  facet normal 9.23069e-05 -0.707509 0.706704
    outer loop
      vertex 129.949 35.225 138.725
      vertex 189 42 145.5
      vertex 129.785 35.4697 138.97
    endloop
  endfacet
  facet normal -6.28219e-15 -0.707107 0.707107
    outer loop
      vertex 130.079 34.961 138.461
      vertex 189 42 145.5
      vertex 129.949 35.225 138.725
    endloop
  endfacet
  facet normal 8.73634e-05 -0.707472 0.706741
    outer loop
      vertex 130.173 34.6823 138.182
      vertex 189 42 145.5
      vertex 130.079 34.961 138.461
    endloop
  endfacet
  facet normal -0.000182111 -0.706389 0.707824
    outer loop
      vertex 130.231 34.3937 137.894
      vertex 189 42 145.5
      vertex 130.173 34.6823 138.182
    endloop
  endfacet
  facet normal 9.62366e-05 -0.707465 0.706749
    outer loop
      vertex 130.25 34.1 137.6
      vertex 189 42 145.5
      vertex 130.231 34.3937 137.894
    endloop
  endfacet
  facet normal 9.79247e-05 -0.707471 0.706743
    outer loop
      vertex 130.231 33.8063 137.306
      vertex 189 42 145.5
      vertex 130.25 34.1 137.6
    endloop
  endfacet
  facet normal -0.000214813 -0.706349 0.707864
    outer loop
      vertex 130.173 33.5177 137.018
      vertex 189 42 145.5
      vertex 130.231 33.8063 137.306
    endloop
  endfacet
  facet normal 0.000119084 -0.707507 0.706706
    outer loop
      vertex 130.079 33.239 136.739
      vertex 189 42 145.5
      vertex 130.173 33.5177 137.018
    endloop
  endfacet
  facet normal -1.5969e-14 -0.707107 0.707107
    outer loop
      vertex 189 -2 101.5
      vertex 130.079 33.239 136.739
      vertex 129.949 32.975 136.475
    endloop
  endfacet
  facet normal -0.000367392 -0.707417 0.706797
    outer loop
      vertex 189 -2 101.5
      vertex 129.949 32.975 136.475
      vertex 129.785 32.7303 136.23
    endloop
  endfacet
  facet normal 0.000369104 -0.706789 0.707424
    outer loop
      vertex 189 -2 101.5
      vertex 129.785 32.7303 136.23
      vertex 129.591 32.509 136.009
    endloop
  endfacet
  facet normal 1.67898e-14 -0.707107 0.707107
    outer loop
      vertex 189 -2 101.5
      vertex 129.591 32.509 136.009
      vertex 129.37 32.315 135.815
    endloop
  endfacet
  facet normal -0.000534029 -0.707571 0.706643
    outer loop
      vertex 189 -2 101.5
      vertex 129.37 32.315 135.815
      vertex 129.125 32.1514 135.651
    endloop
  endfacet
  facet normal 0.000141529 -0.706979 0.707235
    outer loop
      vertex 189 -2 101.5
      vertex 129.125 32.1514 135.651
      vertex 128.861 32.0213 135.521
    endloop
  endfacet
  facet normal 0.000950598 -0.706263 0.707949
    outer loop
      vertex 189 -2 101.5
      vertex 128.861 32.0213 135.521
      vertex 128.582 31.9267 135.427
    endloop
  endfacet
  facet normal -0.000903667 -0.707914 0.706298
    outer loop
      vertex 189 -2 101.5
      vertex 128.582 31.9267 135.427
      vertex 128.294 31.8692 135.369
    endloop
  endfacet
  facet normal 0 -0.707107 0.707107
    outer loop
      vertex 189 -2 101.5
      vertex 128 31.85 135.35
      vertex 67 -2 101.5
    endloop
  endfacet
  facet normal 0.000430612 -0.706719 0.707495
    outer loop
      vertex 128 31.85 135.35
      vertex 189 -2 101.5
      vertex 128.294 31.8692 135.369
    endloop
  endfacet
  facet normal 7.75198e-17 -0.707107 0.707107
    outer loop
      vertex 130.079 33.239 136.739
      vertex 189 -2 101.5
      vertex 189 42 145.5
    endloop
  endfacet
  facet normal 0 0.707107 -0.707107
    outer loop
      vertex 186 45 144.5
      vertex 128 40.35 139.85
      vertex 70 45 144.5
    endloop
  endfacet
  facet normal 0.000398098 0.70462 -0.709585
    outer loop
      vertex 186 45 144.5
      vertex 128.294 40.3307 139.831
      vertex 128 40.35 139.85
    endloop
  endfacet
  facet normal -0.000426408 0.709714 -0.70449
    outer loop
      vertex 186 45 144.5
      vertex 128.582 40.2733 139.773
      vertex 128.294 40.3307 139.831
    endloop
  endfacet
  facet normal 0.000300808 0.7053 -0.708909
    outer loop
      vertex 186 45 144.5
      vertex 128.861 40.1787 139.679
      vertex 128.582 40.2733 139.773
    endloop
  endfacet
  facet normal 3.59983e-05 0.706871 -0.707342
    outer loop
      vertex 186 45 144.5
      vertex 129.125 40.0486 139.549
      vertex 128.861 40.1787 139.679
    endloop
  endfacet
  facet normal -0.000137403 0.707867 -0.706346
    outer loop
      vertex 186 45 144.5
      vertex 129.37 39.885 139.385
      vertex 129.125 40.0486 139.549
    endloop
  endfacet
  facet normal 2.28064e-15 0.707107 -0.707107
    outer loop
      vertex 186 45 144.5
      vertex 129.591 39.691 139.191
      vertex 129.37 39.885 139.385
    endloop
  endfacet
  facet normal 8.33932e-05 0.706664 -0.70755
    outer loop
      vertex 186 45 144.5
      vertex 129.785 39.4697 138.97
      vertex 129.591 39.691 139.191
    endloop
  endfacet
  facet normal -8.35012e-05 0.707512 -0.706701
    outer loop
      vertex 186 45 144.5
      vertex 129.949 39.225 138.725
      vertex 129.785 39.4697 138.97
    endloop
  endfacet
  facet normal 5.81657e-15 0.707107 -0.707107
    outer loop
      vertex 186 45 144.5
      vertex 130.079 38.961 138.461
      vertex 129.949 39.225 138.725
    endloop
  endfacet
  facet normal -7.92678e-05 0.707474 -0.70674
    outer loop
      vertex 186 45 144.5
      vertex 130.173 38.6823 138.182
      vertex 130.079 38.961 138.461
    endloop
  endfacet
  facet normal 0.000166547 0.706387 -0.707825
    outer loop
      vertex 186 45 144.5
      vertex 130.231 38.3937 137.894
      vertex 130.173 38.6823 138.182
    endloop
  endfacet
  facet normal -8.86386e-05 0.707465 -0.706749
    outer loop
      vertex 186 45 144.5
      vertex 130.25 38.1 137.6
      vertex 130.231 38.3937 137.894
    endloop
  endfacet
  facet normal -9.00688e-05 0.707471 -0.706743
    outer loop
      vertex 186 45 144.5
      vertex 130.231 37.8063 137.306
      vertex 130.25 38.1 137.6
    endloop
  endfacet
  facet normal 0.00019879 0.706351 -0.707862
    outer loop
      vertex 186 45 144.5
      vertex 130.173 37.5177 137.018
      vertex 130.231 37.8063 137.306
    endloop
  endfacet
  facet normal -0.000110761 0.707506 -0.706708
    outer loop
      vertex 186 45 144.5
      vertex 130.079 37.239 136.739
      vertex 130.173 37.5177 137.018
    endloop
  endfacet
  facet normal -6.53428e-17 0.707107 -0.707107
    outer loop
      vertex 186 1 100.5
      vertex 130.079 37.239 136.739
      vertex 186 45 144.5
    endloop
  endfacet
  facet normal 1.86403e-14 0.707107 -0.707107
    outer loop
      vertex 130.079 37.239 136.739
      vertex 186 1 100.5
      vertex 129.949 36.975 136.475
    endloop
  endfacet
  facet normal 0.000388884 0.70741 -0.706804
    outer loop
      vertex 129.949 36.975 136.475
      vertex 186 1 100.5
      vertex 129.785 36.7303 136.23
    endloop
  endfacet
  facet normal -0.000389008 0.706798 -0.707416
    outer loop
      vertex 129.785 36.7303 136.23
      vertex 186 1 100.5
      vertex 129.591 36.509 136.009
    endloop
  endfacet
  facet normal -1.88837e-14 0.707107 -0.707107
    outer loop
      vertex 129.591 36.509 136.009
      vertex 186 1 100.5
      vertex 129.37 36.315 135.815
    endloop
  endfacet
  facet normal 0.000557145 0.707553 -0.70666
    outer loop
      vertex 129.37 36.315 135.815
      vertex 186 1 100.5
      vertex 129.125 36.1514 135.651
    endloop
  endfacet
  facet normal -0.00014684 0.706984 -0.70723
    outer loop
      vertex 129.125 36.1514 135.651
      vertex 186 1 100.5
      vertex 128.861 36.0213 135.521
    endloop
  endfacet
  facet normal -0.00097883 0.706304 -0.707908
    outer loop
      vertex 128.861 36.0213 135.521
      vertex 186 1 100.5
      vertex 128.582 35.9267 135.427
    endloop
  endfacet
  facet normal -0.00043409 0.706745 -0.707468
    outer loop
      vertex 128.294 35.8692 135.369
      vertex 186 1 100.5
      vertex 128 35.85 135.35
    endloop
  endfacet
  facet normal 0.000922348 0.707867 -0.706345
    outer loop
      vertex 128.582 35.9267 135.427
      vertex 186 1 100.5
      vertex 128.294 35.8692 135.369
    endloop
  endfacet
  facet normal -0.000398098 0.70462 -0.709585
    outer loop
      vertex 127.706 40.3307 139.831
      vertex 70 45 144.5
      vertex 128 40.35 139.85
    endloop
  endfacet
  facet normal 0.000426408 0.709714 -0.70449
    outer loop
      vertex 127.418 40.2733 139.773
      vertex 70 45 144.5
      vertex 127.706 40.3307 139.831
    endloop
  endfacet
  facet normal -0.000300808 0.7053 -0.708909
    outer loop
      vertex 127.139 40.1787 139.679
      vertex 70 45 144.5
      vertex 127.418 40.2733 139.773
    endloop
  endfacet
  facet normal -3.59983e-05 0.706871 -0.707342
    outer loop
      vertex 126.875 40.0486 139.549
      vertex 70 45 144.5
      vertex 127.139 40.1787 139.679
    endloop
  endfacet
  facet normal 0.000137403 0.707867 -0.706346
    outer loop
      vertex 126.63 39.885 139.385
      vertex 70 45 144.5
      vertex 126.875 40.0486 139.549
    endloop
  endfacet
  facet normal -2.20289e-15 0.707107 -0.707107
    outer loop
      vertex 126.409 39.691 139.191
      vertex 70 45 144.5
      vertex 126.63 39.885 139.385
    endloop
  endfacet
  facet normal -8.33932e-05 0.706664 -0.70755
    outer loop
      vertex 126.215 39.4697 138.97
      vertex 70 45 144.5
      vertex 126.409 39.691 139.191
    endloop
  endfacet
  facet normal 8.35012e-05 0.707512 -0.706701
    outer loop
      vertex 126.051 39.225 138.725
      vertex 70 45 144.5
      vertex 126.215 39.4697 138.97
    endloop
  endfacet
  facet normal -5.6853e-15 0.707107 -0.707107
    outer loop
      vertex 125.921 38.961 138.461
      vertex 70 45 144.5
      vertex 126.051 39.225 138.725
    endloop
  endfacet
  facet normal 7.92678e-05 0.707474 -0.70674
    outer loop
      vertex 125.827 38.6823 138.182
      vertex 70 45 144.5
      vertex 125.921 38.961 138.461
    endloop
  endfacet
  facet normal -0.000166547 0.706387 -0.707825
    outer loop
      vertex 125.769 38.3937 137.894
      vertex 70 45 144.5
      vertex 125.827 38.6823 138.182
    endloop
  endfacet
  facet normal 8.86386e-05 0.707465 -0.706749
    outer loop
      vertex 125.75 38.1 137.6
      vertex 70 45 144.5
      vertex 125.769 38.3937 137.894
    endloop
  endfacet
  facet normal 9.00688e-05 0.707471 -0.706743
    outer loop
      vertex 125.769 37.8063 137.306
      vertex 70 45 144.5
      vertex 125.75 38.1 137.6
    endloop
  endfacet
  facet normal -0.00019879 0.706351 -0.707862
    outer loop
      vertex 125.827 37.5177 137.018
      vertex 70 45 144.5
      vertex 125.769 37.8063 137.306
    endloop
  endfacet
  facet normal 0.000110761 0.707506 -0.706708
    outer loop
      vertex 125.921 37.239 136.739
      vertex 70 45 144.5
      vertex 125.827 37.5177 137.018
    endloop
  endfacet
  facet normal -1.65118e-14 0.707107 -0.707107
    outer loop
      vertex 70 1 100.5
      vertex 125.921 37.239 136.739
      vertex 126.051 36.975 136.475
    endloop
  endfacet
  facet normal -0.000388884 0.70741 -0.706804
    outer loop
      vertex 70 1 100.5
      vertex 126.051 36.975 136.475
      vertex 126.215 36.7303 136.23
    endloop
  endfacet
  facet normal 0.000389008 0.706798 -0.707416
    outer loop
      vertex 70 1 100.5
      vertex 126.215 36.7303 136.23
      vertex 126.409 36.509 136.009
    endloop
  endfacet
  facet normal 1.71123e-14 0.707107 -0.707107
    outer loop
      vertex 70 1 100.5
      vertex 126.409 36.509 136.009
      vertex 126.63 36.315 135.815
    endloop
  endfacet
  facet normal -0.000557145 0.707553 -0.70666
    outer loop
      vertex 70 1 100.5
      vertex 126.63 36.315 135.815
      vertex 126.875 36.1514 135.651
    endloop
  endfacet
  facet normal 0.00014684 0.706984 -0.70723
    outer loop
      vertex 70 1 100.5
      vertex 126.875 36.1514 135.651
      vertex 127.139 36.0213 135.521
    endloop
  endfacet
  facet normal 0.00097883 0.706304 -0.707908
    outer loop
      vertex 70 1 100.5
      vertex 127.139 36.0213 135.521
      vertex 127.418 35.9267 135.427
    endloop
  endfacet
  facet normal -0.000922348 0.707867 -0.706345
    outer loop
      vertex 70 1 100.5
      vertex 127.418 35.9267 135.427
      vertex 127.706 35.8692 135.369
    endloop
  endfacet
  facet normal 0 0.707107 -0.707107
    outer loop
      vertex 70 1 100.5
      vertex 128 35.85 135.35
      vertex 186 1 100.5
    endloop
  endfacet
  facet normal 0.00043409 0.706745 -0.707468
    outer loop
      vertex 128 35.85 135.35
      vertex 70 1 100.5
      vertex 127.706 35.8692 135.369
    endloop
  endfacet
  facet normal 8.16785e-17 0.707107 -0.707107
    outer loop
      vertex 125.921 37.239 136.739
      vertex 70 1 100.5
      vertex 70 45 144.5
    endloop
  endfacet
  facet normal 0 0 -1
    outer loop
      vertex 67 1 15.5
      vertex 70 5 15.5
      vertex 70 1 15.5
    endloop
  endfacet
  facet normal -0 0 -1
    outer loop
      vertex 70 5 15.5
      vertex 67 1 15.5
      vertex 67 5 15.5
    endloop
  endfacet
  facet normal 0 0.958092 -0.28646
    outer loop
      vertex 70 34.1285 108.139
      vertex 67 42 134.466
      vertex 70 42 134.466
    endloop
  endfacet
  facet normal 0 0.958092 -0.28646
    outer loop
      vertex 67 42 134.466
      vertex 70 34.1285 108.139
      vertex 67 34.1285 108.139
    endloop
  endfacet
  facet normal 0 0 -1
    outer loop
      vertex 186 1 15.5
      vertex 189 5 15.5
      vertex 189 1 15.5
    endloop
  endfacet
  facet normal -0 0 -1
    outer loop
      vertex 189 5 15.5
      vertex 186 1 15.5
      vertex 186 5 15.5
    endloop
  endfacet
  facet normal 0 0.958092 -0.28646
    outer loop
      vertex 189 34.1285 108.139
      vertex 186 42 134.466
      vertex 189 42 134.466
    endloop
  endfacet
  facet normal 0 0.958092 -0.28646
    outer loop
      vertex 186 42 134.466
      vertex 189 34.1285 108.139
      vertex 186 34.1285 108.139
    endloop
  endfacet
  facet normal 0 0.882352 -0.47059
    outer loop
      vertex 8.5 16 63.5
      vertex 3.6 8.65 49.7188
      vertex 0.5 16 63.5
    endloop
  endfacet
  facet normal -4.80192e-06 0.882353 -0.470588
    outer loop
      vertex 8.5 8 48.5
      vertex 3.6 8.65 49.7188
      vertex 8.5 16 63.5
    endloop
  endfacet
  facet normal 0 0.882361 -0.470573
    outer loop
      vertex 3.6 8.65 49.7188
      vertex 8.5 8 48.5
      vertex 3.6 8 48.5
    endloop
  endfacet
  facet normal 0 0.882352 -0.47059
    outer loop
      vertex 0.5 16 63.5
      vertex 3.6 8.65 49.7188
      vertex 0.5 8.65 49.7188
    endloop
  endfacet
  facet normal 0 1 -0
    outer loop
      vertex 8.5 16 63.5
      vertex 0.5 16 72.5
      vertex 8.5 16 72.5
    endloop
  endfacet
  facet normal 0 1 0
    outer loop
      vertex 0.5 16 72.5
      vertex 8.5 16 63.5
      vertex 0.5 16 63.5
    endloop
  endfacet
  facet normal 1 0 0
    outer loop
      vertex 8.5 8 71.5
      vertex 8.5 16 72.5
      vertex 8.5 8.83146 72.5
    endloop
  endfacet
  facet normal 1 0 0
    outer loop
      vertex 8.5 16 72.5
      vertex 8.5 8 71.5
      vertex 8.5 16 63.5
    endloop
  endfacet
  facet normal 1 0 0
    outer loop
      vertex 8.5 16 63.5
      vertex 8.5 8 71.5
      vertex 8.5 8 48.5
    endloop
  endfacet
  facet normal -0 0 1
    outer loop
      vertex 0.5 16 72.5
      vertex 8.5 8.83146 72.5
      vertex 8.5 16 72.5
    endloop
  endfacet
  facet normal 0 0 1
    outer loop
      vertex 8.5 8.83146 72.5
      vertex 0.5 16 72.5
      vertex 0.5 8.83146 72.5
    endloop
  endfacet
  facet normal 0 0.882353 -0.470588
    outer loop
      vertex 255.5 8 48.5
      vertex 247.5 16 63.5
      vertex 255.5 16 63.5
    endloop
  endfacet
  facet normal 0 0.882353 -0.470588
    outer loop
      vertex 247.5 16 63.5
      vertex 255.5 8 48.5
      vertex 247.5 8 48.5
    endloop
  endfacet
  facet normal 0 1 -0
    outer loop
      vertex 255.5 16 63.5
      vertex 247.5 16 72.5
      vertex 255.5 16 72.5
    endloop
  endfacet
  facet normal 0 1 0
    outer loop
      vertex 247.5 16 72.5
      vertex 255.5 16 63.5
      vertex 247.5 16 63.5
    endloop
  endfacet
  facet normal -1 0 0
    outer loop
      vertex 247.5 8 71.5
      vertex 247.5 16 72.5
      vertex 247.5 16 63.5
    endloop
  endfacet
  facet normal -1 0 0
    outer loop
      vertex 247.5 8 71.5
      vertex 247.5 16 63.5
      vertex 247.5 8 48.5
    endloop
  endfacet
  facet normal -1 -0 0
    outer loop
      vertex 247.5 16 72.5
      vertex 247.5 8 71.5
      vertex 247.5 8.83146 72.5
    endloop
  endfacet
  facet normal 0 0 1
    outer loop
      vertex 255.5 5 72.5
      vertex 255.9 8.1 72.5
      vertex 255.5 8.1 72.5
    endloop
  endfacet
  facet normal 0 0 1
    outer loop
      vertex 255.9 8.1 72.5
      vertex 255.5 5 72.5
      vertex 255.9 4.5 72.5
    endloop
  endfacet
  facet normal 0 0 1
    outer loop
      vertex 255.1 4.5 72.5
      vertex 255.5 5 72.5
      vertex 255.1 5 72.5
    endloop
  endfacet
  facet normal 0 0 1
    outer loop
      vertex 255.5 5 72.5
      vertex 255.1 4.5 72.5
      vertex 255.9 4.5 72.5
    endloop
  endfacet
  facet normal -0 0 1
    outer loop
      vertex 247.5 16 72.5
      vertex 255.5 8.83146 72.5
      vertex 255.5 16 72.5
    endloop
  endfacet
  facet normal 0 0 1
    outer loop
      vertex 255.5 8.83146 72.5
      vertex 247.5 16 72.5
      vertex 247.5 8.83146 72.5
    endloop
  endfacet
  facet normal 0 0 -1
    outer loop
      vertex 255.9 4.5 64.5
      vertex 255.5 5 64.5
      vertex 255.9 8.1 64.5
    endloop
  endfacet
  facet normal 0 0 -1
    outer loop
      vertex 255.1 4.5 64.5
      vertex 255.5 5 64.5
      vertex 255.9 4.5 64.5
    endloop
  endfacet
  facet normal -0 0 -1
    outer loop
      vertex 255.5 5 64.5
      vertex 255.1 4.5 64.5
      vertex 255.1 5 64.5
    endloop
  endfacet
  facet normal -0 0 -1
    outer loop
      vertex 255.9 8.1 64.5
      vertex 255.5 5 64.5
      vertex 255.5 8.1 64.5
    endloop
  endfacet
  facet normal 1 -0 0
    outer loop
      vertex 258.5 4.5 69
      vertex 258.5 8.1 68
      vertex 258.5 8.1 69
    endloop
  endfacet
  facet normal 1 0 0
    outer loop
      vertex 258.5 8.1 68
      vertex 258.5 4.5 69
      vertex 258.5 4.5 68
    endloop
  endfacet
  facet normal -1 0 0
    outer loop
      vertex 255.1 4.5 64.5
      vertex 255.1 5 72.5
      vertex 255.1 5 64.5
    endloop
  endfacet
  facet normal -1 -0 0
    outer loop
      vertex 255.1 5 72.5
      vertex 255.1 4.5 64.5
      vertex 255.1 4.5 72.5
    endloop
  endfacet
  facet normal 0 1 0
    outer loop
      vertex 258.5 8.1 69
      vertex 255.5 8.1 72.5
      vertex 255.9 8.1 72.5
    endloop
  endfacet
  facet normal 0 1 -0
    outer loop
      vertex 258.5 8.1 68
      vertex 255.5 8.1 72.5
      vertex 258.5 8.1 69
    endloop
  endfacet
  facet normal 0 1 0
    outer loop
      vertex 255.5 8.1 64.5
      vertex 258.5 8.1 68
      vertex 255.9 8.1 64.5
    endloop
  endfacet
  facet normal 0 1 0
    outer loop
      vertex 258.5 8.1 68
      vertex 255.5 8.1 64.5
      vertex 255.5 8.1 72.5
    endloop
  endfacet
  facet normal 0 -1 0
    outer loop
      vertex 255.1 4.5 72.5
      vertex 258.5 4.5 69
      vertex 255.9 4.5 72.5
    endloop
  endfacet
  facet normal 0 -1 0
    outer loop
      vertex 255.1 4.5 72.5
      vertex 258.5 4.5 68
      vertex 258.5 4.5 69
    endloop
  endfacet
  facet normal 0 -1 0
    outer loop
      vertex 255.1 4.5 64.5
      vertex 258.5 4.5 68
      vertex 255.1 4.5 72.5
    endloop
  endfacet
  facet normal 0 -1 0
    outer loop
      vertex 258.5 4.5 68
      vertex 255.1 4.5 64.5
      vertex 255.9 4.5 64.5
    endloop
  endfacet
  facet normal 0.802744 0 -0.596324
    outer loop
      vertex 258.5 4.5 68
      vertex 255.9 8.1 64.5
      vertex 258.5 8.1 68
    endloop
  endfacet
  facet normal 0.802744 0 -0.596324
    outer loop
      vertex 255.9 8.1 64.5
      vertex 258.5 4.5 68
      vertex 255.9 4.5 64.5
    endloop
  endfacet
  facet normal 0.802744 -0 0.596324
    outer loop
      vertex 255.9 4.5 72.5
      vertex 258.5 8.1 69
      vertex 255.9 8.1 72.5
    endloop
  endfacet
  facet normal 0.802744 0 0.596324
    outer loop
      vertex 258.5 8.1 69
      vertex 255.9 4.5 72.5
      vertex 258.5 4.5 69
    endloop
  endfacet
  facet normal 0.980779 -0 0.195124
    outer loop
      vertex 35.8637 8 16.5353
      vertex 35.9658 12.7 16.0221
      vertex 35.8637 12.7 16.5353
    endloop
  endfacet
  facet normal 0.980779 0 0.195124
    outer loop
      vertex 35.9658 12.7 16.0221
      vertex 35.8637 8 16.5353
      vertex 35.9658 8 16.0221
    endloop
  endfacet
  facet normal 0.997861 -0 0.0653646
    outer loop
      vertex 35.9658 8 16.0221
      vertex 36 12.7 15.5
      vertex 35.9658 12.7 16.0221
    endloop
  endfacet
  facet normal 0.997861 0 0.0653646
    outer loop
      vertex 36 12.7 15.5
      vertex 35.9658 8 16.0221
      vertex 36 8 15.5
    endloop
  endfacet
  facet normal 0.94691 -0 0.321498
    outer loop
      vertex 35.6955 8 17.0307
      vertex 35.8637 12.7 16.5353
      vertex 35.6955 12.7 17.0307
    endloop
  endfacet
  facet normal 0.94691 0 0.321498
    outer loop
      vertex 35.8637 12.7 16.5353
      vertex 35.6955 8 17.0307
      vertex 35.8637 8 16.5353
    endloop
  endfacet
  facet normal -0.555626 0 -0.831432
    outer loop
      vertex 29.565 8 12.3266
      vertex 30 12.7 12.0359
      vertex 30 8 12.0359
    endloop
  endfacet
  facet normal -0.555626 0 -0.831432
    outer loop
      vertex 30 12.7 12.0359
      vertex 29.565 8 12.3266
      vertex 29.565 12.7 12.3266
    endloop
  endfacet
  facet normal -0.896898 0 0.442238
    outer loop
      vertex 28.3045 12.1766 17.0307
      vertex 28.5359 12.7 17.5
      vertex 28.3045 12.7 17.0307
    endloop
  endfacet
  facet normal -0.896898 0 0.442238
    outer loop
      vertex 28.5359 12.7 17.5
      vertex 28.3045 12.1766 17.0307
      vertex 28.5359 11.7562 17.5
    endloop
  endfacet
  facet normal -0.896898 0 0.442238
    outer loop
      vertex 28.3045 8 17.0307
      vertex 28.5359 9.77917 17.5
      vertex 28.3045 10.1507 17.0307
    endloop
  endfacet
  facet normal -0.896898 0 0.442238
    outer loop
      vertex 28.5359 9.77917 17.5
      vertex 28.3045 8 17.0307
      vertex 28.5359 8 17.5
    endloop
  endfacet
  facet normal 0.980779 0 -0.195124
    outer loop
      vertex 35.9658 8 14.9779
      vertex 35.8637 12.7 14.4647
      vertex 35.9658 12.7 14.9779
    endloop
  endfacet
  facet normal 0.980779 0 -0.195124
    outer loop
      vertex 35.8637 12.7 14.4647
      vertex 35.9658 8 14.9779
      vertex 35.8637 8 14.4647
    endloop
  endfacet
  facet normal -0.555626 0 0.831432
    outer loop
      vertex 29.565 10.7051 18.6734
      vertex 30 12.7 18.9641
      vertex 29.565 12.7 18.6734
    endloop
  endfacet
  facet normal -0.555626 0 0.831432
    outer loop
      vertex 30 12.7 18.9641
      vertex 29.565 10.7051 18.6734
      vertex 30 10.4447 18.9641
    endloop
  endfacet
  facet normal -0.555626 0 0.831432
    outer loop
      vertex 29.565 8 18.6734
      vertex 30 8.62009 18.9641
      vertex 29.565 8.85021 18.6734
    endloop
  endfacet
  facet normal -0.555626 0 0.831432
    outer loop
      vertex 30 8.62009 18.9641
      vertex 29.565 8 18.6734
      vertex 30 8 18.9641
    endloop
  endfacet
  facet normal -0.997861 0 0.0653646
    outer loop
      vertex 28 8 15.5
      vertex 28.0342 10.9492 16.0221
      vertex 28 11.3625 15.5
    endloop
  endfacet
  facet normal -0.997861 0 0.0653646
    outer loop
      vertex 28.0342 10.9492 16.0221
      vertex 28 8 15.5
      vertex 28.0342 8 16.0221
    endloop
  endfacet
  facet normal 0.321498 0 0.94691
    outer loop
      vertex 33.0353 12.7 19.3637
      vertex 33.5307 8 19.1955
      vertex 33.5307 12.7 19.1955
    endloop
  endfacet
  facet normal 0.321498 0 0.94691
    outer loop
      vertex 33.5307 8 19.1955
      vertex 33.0353 12.7 19.3637
      vertex 33.0353 8 19.3637
    endloop
  endfacet
  facet normal 0.94691 0 -0.321498
    outer loop
      vertex 35.8637 8 14.4647
      vertex 35.6955 12.7 13.9693
      vertex 35.8637 12.7 14.4647
    endloop
  endfacet
  facet normal 0.94691 0 -0.321498
    outer loop
      vertex 35.6955 12.7 13.9693
      vertex 35.8637 8 14.4647
      vertex 35.6955 8 13.9693
    endloop
  endfacet
  facet normal 0.442238 0 -0.896898
    outer loop
      vertex 33.5307 8 11.8045
      vertex 34 12.7 12.0359
      vertex 34 8 12.0359
    endloop
  endfacet
  facet normal 0.442238 0 -0.896898
    outer loop
      vertex 34 12.7 12.0359
      vertex 33.5307 8 11.8045
      vertex 33.5307 12.7 11.8045
    endloop
  endfacet
  facet normal -0.94691 0 -0.321498
    outer loop
      vertex 28.3045 8 13.9693
      vertex 28.1363 12.1821 14.4647
      vertex 28.3045 12.5743 13.9693
    endloop
  endfacet
  facet normal -0.94691 -0 -0.321498
    outer loop
      vertex 28.1363 12.1821 14.4647
      vertex 28.3045 8 13.9693
      vertex 28.1363 8 14.4647
    endloop
  endfacet
  facet normal 0.896898 -0 0.442238
    outer loop
      vertex 35.4641 8 17.5
      vertex 35.6955 12.7 17.0307
      vertex 35.4641 12.7 17.5
    endloop
  endfacet
  facet normal 0.896898 0 0.442238
    outer loop
      vertex 35.6955 12.7 17.0307
      vertex 35.4641 8 17.5
      vertex 35.6955 8 17.0307
    endloop
  endfacet
  facet normal 0.195124 0 0.980779
    outer loop
      vertex 32.5221 12.7 19.4658
      vertex 33.0353 8 19.3637
      vertex 33.0353 12.7 19.3637
    endloop
  endfacet
  facet normal 0.195124 0 0.980779
    outer loop
      vertex 33.0353 8 19.3637
      vertex 32.5221 12.7 19.4658
      vertex 32.5221 8 19.4658
    endloop
  endfacet
  facet normal 0.555626 0 0.831432
    outer loop
      vertex 34 12.7 18.9641
      vertex 34.435 8 18.6734
      vertex 34.435 12.7 18.6734
    endloop
  endfacet
  facet normal 0.555626 0 0.831432
    outer loop
      vertex 34.435 8 18.6734
      vertex 34 12.7 18.9641
      vertex 34 8 18.9641
    endloop
  endfacet
  facet normal 0.659343 0 0.751842
    outer loop
      vertex 34.435 12.7 18.6734
      vertex 34.8284 8 18.3284
      vertex 34.8284 12.7 18.3284
    endloop
  endfacet
  facet normal 0.659343 0 0.751842
    outer loop
      vertex 34.8284 8 18.3284
      vertex 34.435 12.7 18.6734
      vertex 34.435 8 18.6734
    endloop
  endfacet
  facet normal 0.831432 0 -0.555626
    outer loop
      vertex 35.4641 8 13.5
      vertex 35.1734 12.7 13.065
      vertex 35.4641 12.7 13.5
    endloop
  endfacet
  facet normal 0.831432 0 -0.555626
    outer loop
      vertex 35.1734 12.7 13.065
      vertex 35.4641 8 13.5
      vertex 35.1734 8 13.065
    endloop
  endfacet
  facet normal 0 1 -0
    outer loop
      vertex 30.5278 12.7 16.35
      vertex 30 12.7 16.4465
      vertex 30.6513 12.7 16.5349
    endloop
  endfacet
  facet normal 0 1 -0
    outer loop
      vertex 30.4294 12.7 16.1506
      vertex 30 12.7 16.4465
      vertex 30.5278 12.7 16.35
    endloop
  endfacet
  facet normal 0 1 -0
    outer loop
      vertex 30.3579 12.7 15.94
      vertex 30 12.7 16.4465
      vertex 30.4294 12.7 16.1506
    endloop
  endfacet
  facet normal 0 1 -0
    outer loop
      vertex 30.3145 12.7 15.7219
      vertex 30 12.7 16.4465
      vertex 30.3579 12.7 15.94
    endloop
  endfacet
  facet normal 0 1 -0
    outer loop
      vertex 30.3 12.7 15.5
      vertex 30 12.7 16.4465
      vertex 30.3145 12.7 15.7219
    endloop
  endfacet
  facet normal 0 1 0
    outer loop
      vertex 30.3145 12.7 15.2781
      vertex 30 12.7 16.4465
      vertex 30.3 12.7 15.5
    endloop
  endfacet
  facet normal 0 1 0
    outer loop
      vertex 30 12.7 13.8105
      vertex 30.3145 12.7 15.2781
      vertex 30.3579 12.7 15.06
    endloop
  endfacet
  facet normal 0 1 0
    outer loop
      vertex 30.3145 12.7 15.2781
      vertex 30 12.7 13.8105
      vertex 30 12.7 16.4465
    endloop
  endfacet
  facet normal 0 1 0
    outer loop
      vertex 30.4294 12.7 14.8494
      vertex 30 12.7 13.8105
      vertex 30.3579 12.7 15.06
    endloop
  endfacet
  facet normal 0 1 0
    outer loop
      vertex 30.5278 12.7 14.65
      vertex 30 12.7 13.8105
      vertex 30.4294 12.7 14.8494
    endloop
  endfacet
  facet normal 0 1 0
    outer loop
      vertex 30.6513 12.7 14.4651
      vertex 30 12.7 13.8105
      vertex 30.5278 12.7 14.65
    endloop
  endfacet
  facet normal 0 1 0
    outer loop
      vertex 30.7979 12.7 14.2979
      vertex 30 12.7 13.8105
      vertex 30.6513 12.7 14.4651
    endloop
  endfacet
  facet normal 0 1 0
    outer loop
      vertex 30.9651 12.7 14.1513
      vertex 30 12.7 13.8105
      vertex 30.7979 12.7 14.2979
    endloop
  endfacet
  facet normal 0 1 0
    outer loop
      vertex 31.15 12.7 14.0278
      vertex 30 12.7 13.8105
      vertex 30.9651 12.7 14.1513
    endloop
  endfacet
  facet normal 0 1 0
    outer loop
      vertex 31.3494 12.7 13.9294
      vertex 30 12.7 13.8105
      vertex 31.15 12.7 14.0278
    endloop
  endfacet
  facet normal 0 1 0
    outer loop
      vertex 30.4693 12.7 11.8045
      vertex 31.3494 12.7 13.9294
      vertex 31.56 12.7 13.8579
    endloop
  endfacet
  facet normal 0 1 0
    outer loop
      vertex 30.9647 12.7 11.6363
      vertex 31.56 12.7 13.8579
      vertex 31.7781 12.7 13.8145
    endloop
  endfacet
  facet normal 0 1 0
    outer loop
      vertex 31.4779 12.7 11.5342
      vertex 31.7781 12.7 13.8145
      vertex 32 12.7 13.8
    endloop
  endfacet
  facet normal 0 1 0
    outer loop
      vertex 31.3494 12.7 13.9294
      vertex 30.4693 12.7 11.8045
      vertex 30 12.7 13.8105
    endloop
  endfacet
  facet normal 0 1 0
    outer loop
      vertex 32.85 12.7 14.0278
      vertex 34 12.7 12.0359
      vertex 32.6506 12.7 13.9294
    endloop
  endfacet
  facet normal 0 1 -0
    outer loop
      vertex 33.5307 12.7 11.8045
      vertex 32.6506 12.7 13.9294
      vertex 34 12.7 12.0359
    endloop
  endfacet
  facet normal 0 1 0
    outer loop
      vertex 30 12.7 13.8105
      vertex 28.8266 12.7 13.065
      vertex 28.5359 12.7 13.5
    endloop
  endfacet
  facet normal 0 1 0
    outer loop
      vertex 30 12.7 13.8105
      vertex 28.5359 12.7 13.5
      vertex 28.3828 12.7 13.8105
    endloop
  endfacet
  facet normal 0 1 0
    outer loop
      vertex 32.6506 12.7 13.9294
      vertex 33.5307 12.7 11.8045
      vertex 32.44 12.7 13.8579
    endloop
  endfacet
  facet normal 0 1 0
    outer loop
      vertex 30 12.7 13.8105
      vertex 29.1716 12.7 12.6716
      vertex 28.8266 12.7 13.065
    endloop
  endfacet
  facet normal 0 1 -0
    outer loop
      vertex 33.0353 12.7 11.6363
      vertex 32.44 12.7 13.8579
      vertex 33.5307 12.7 11.8045
    endloop
  endfacet
  facet normal 0 1 0
    outer loop
      vertex 30 12.7 13.8105
      vertex 29.565 12.7 12.3266
      vertex 29.1716 12.7 12.6716
    endloop
  endfacet
  facet normal 0 1 0
    outer loop
      vertex 32.44 12.7 13.8579
      vertex 33.0353 12.7 11.6363
      vertex 32.2219 12.7 13.8145
    endloop
  endfacet
  facet normal 0 1 0
    outer loop
      vertex 30 12.7 13.8105
      vertex 30 12.7 12.0359
      vertex 29.565 12.7 12.3266
    endloop
  endfacet
  facet normal 0 1 -0
    outer loop
      vertex 32.5221 12.7 11.5342
      vertex 32.2219 12.7 13.8145
      vertex 33.0353 12.7 11.6363
    endloop
  endfacet
  facet normal 0 1 0
    outer loop
      vertex 30 12.7 13.8105
      vertex 30.4693 12.7 11.8045
      vertex 30 12.7 12.0359
    endloop
  endfacet
  facet normal 0 1 0
    outer loop
      vertex 32.2219 12.7 13.8145
      vertex 32.5221 12.7 11.5342
      vertex 32 12.7 13.8
    endloop
  endfacet
  facet normal 0 1 0
    outer loop
      vertex 31.56 12.7 13.8579
      vertex 30.9647 12.7 11.6363
      vertex 30.4693 12.7 11.8045
    endloop
  endfacet
  facet normal 0 1 0
    outer loop
      vertex 32 12.7 11.5
      vertex 32 12.7 13.8
      vertex 32.5221 12.7 11.5342
    endloop
  endfacet
  facet normal 0 1 0
    outer loop
      vertex 31.7781 12.7 13.8145
      vertex 31.4779 12.7 11.5342
      vertex 30.9647 12.7 11.6363
    endloop
  endfacet
  facet normal 0 1 0
    outer loop
      vertex 32 12.7 13.8
      vertex 32 12.7 11.5
      vertex 31.4779 12.7 11.5342
    endloop
  endfacet
  facet normal 0 1 0
    outer loop
      vertex 32 12.7 17.2
      vertex 32 12.7 19.5
      vertex 32.5221 12.7 19.4658
    endloop
  endfacet
  facet normal 0 1 0
    outer loop
      vertex 32.2219 12.7 17.1855
      vertex 32.5221 12.7 19.4658
      vertex 33.0353 12.7 19.3637
    endloop
  endfacet
  facet normal 0 1 0
    outer loop
      vertex 32 12.7 19.5
      vertex 32 12.7 17.2
      vertex 31.4779 12.7 19.4658
    endloop
  endfacet
  facet normal 0 1 0
    outer loop
      vertex 32.44 12.7 17.1421
      vertex 33.0353 12.7 19.3637
      vertex 33.5307 12.7 19.1955
    endloop
  endfacet
  facet normal 0 1 -0
    outer loop
      vertex 31.7781 12.7 17.1855
      vertex 31.4779 12.7 19.4658
      vertex 32 12.7 17.2
    endloop
  endfacet
  facet normal 0 1 0
    outer loop
      vertex 32.6506 12.7 17.0706
      vertex 33.5307 12.7 19.1955
      vertex 34 12.7 18.9641
    endloop
  endfacet
  facet normal 0 1 0
    outer loop
      vertex 31.4779 12.7 19.4658
      vertex 31.7781 12.7 17.1855
      vertex 30.9647 12.7 19.3637
    endloop
  endfacet
  facet normal 0 1 0
    outer loop
      vertex 32.85 12.7 16.9722
      vertex 34 12.7 18.9641
      vertex 34.435 12.7 18.6734
    endloop
  endfacet
  facet normal 0 1 -0
    outer loop
      vertex 31.56 12.7 17.1421
      vertex 30.9647 12.7 19.3637
      vertex 31.7781 12.7 17.1855
    endloop
  endfacet
  facet normal 0 1 0
    outer loop
      vertex 33.0349 12.7 16.8487
      vertex 34.435 12.7 18.6734
      vertex 34.8284 12.7 18.3284
    endloop
  endfacet
  facet normal 0 1 0
    outer loop
      vertex 30.9647 12.7 19.3637
      vertex 31.56 12.7 17.1421
      vertex 30.4693 12.7 19.1955
    endloop
  endfacet
  facet normal 0 1 0
    outer loop
      vertex 33.2021 12.7 16.7021
      vertex 34.8284 12.7 18.3284
      vertex 35.1734 12.7 17.935
    endloop
  endfacet
  facet normal 0 1 -0
    outer loop
      vertex 31.3494 12.7 17.0706
      vertex 30.4693 12.7 19.1955
      vertex 31.56 12.7 17.1421
    endloop
  endfacet
  facet normal 0 1 0
    outer loop
      vertex 33.3487 12.7 16.5349
      vertex 35.1734 12.7 17.935
      vertex 35.4641 12.7 17.5
    endloop
  endfacet
  facet normal 0 1 0
    outer loop
      vertex 30.4693 12.7 19.1955
      vertex 31.3494 12.7 17.0706
      vertex 30 12.7 18.9641
    endloop
  endfacet
  facet normal 0 1 -0
    outer loop
      vertex 31.15 12.7 16.9722
      vertex 30 12.7 18.9641
      vertex 31.3494 12.7 17.0706
    endloop
  endfacet
  facet normal 0 1 0
    outer loop
      vertex 32.5221 12.7 19.4658
      vertex 32.2219 12.7 17.1855
      vertex 32 12.7 17.2
    endloop
  endfacet
  facet normal 0 1 0
    outer loop
      vertex 33.0353 12.7 19.3637
      vertex 32.44 12.7 17.1421
      vertex 32.2219 12.7 17.1855
    endloop
  endfacet
  facet normal 0 1 0
    outer loop
      vertex 33.5307 12.7 19.1955
      vertex 32.6506 12.7 17.0706
      vertex 32.44 12.7 17.1421
    endloop
  endfacet
  facet normal 0 1 0
    outer loop
      vertex 33.4722 12.7 16.35
      vertex 35.4641 12.7 17.5
      vertex 35.6955 12.7 17.0307
    endloop
  endfacet
  facet normal 0 1 0
    outer loop
      vertex 34 12.7 18.9641
      vertex 32.85 12.7 16.9722
      vertex 32.6506 12.7 17.0706
    endloop
  endfacet
  facet normal 0 1 0
    outer loop
      vertex 34.435 12.7 18.6734
      vertex 33.0349 12.7 16.8487
      vertex 32.85 12.7 16.9722
    endloop
  endfacet
  facet normal 0 1 0
    outer loop
      vertex 34.8284 12.7 18.3284
      vertex 33.2021 12.7 16.7021
      vertex 33.0349 12.7 16.8487
    endloop
  endfacet
  facet normal 0 1 0
    outer loop
      vertex 33.5706 12.7 16.1506
      vertex 35.6955 12.7 17.0307
      vertex 35.8637 12.7 16.5353
    endloop
  endfacet
  facet normal 0 1 0
    outer loop
      vertex 35.1734 12.7 17.935
      vertex 33.3487 12.7 16.5349
      vertex 33.2021 12.7 16.7021
    endloop
  endfacet
  facet normal 0 1 0
    outer loop
      vertex 35.4641 12.7 17.5
      vertex 33.4722 12.7 16.35
      vertex 33.3487 12.7 16.5349
    endloop
  endfacet
  facet normal 0 1 0
    outer loop
      vertex 35.6955 12.7 17.0307
      vertex 33.5706 12.7 16.1506
      vertex 33.4722 12.7 16.35
    endloop
  endfacet
  facet normal 0 1 0
    outer loop
      vertex 33.6421 12.7 15.94
      vertex 35.8637 12.7 16.5353
      vertex 35.9658 12.7 16.0221
    endloop
  endfacet
  facet normal 0 1 0
    outer loop
      vertex 35.8637 12.7 16.5353
      vertex 33.6421 12.7 15.94
      vertex 33.5706 12.7 16.1506
    endloop
  endfacet
  facet normal 0 1 0
    outer loop
      vertex 35.9658 12.7 16.0221
      vertex 33.6855 12.7 15.7219
      vertex 33.6421 12.7 15.94
    endloop
  endfacet
  facet normal 0 1 0
    outer loop
      vertex 36 12.7 15.5
      vertex 33.6855 12.7 15.7219
      vertex 35.9658 12.7 16.0221
    endloop
  endfacet
  facet normal 0 1 0
    outer loop
      vertex 36 12.7 15.5
      vertex 33.7 12.7 15.5
      vertex 33.6855 12.7 15.7219
    endloop
  endfacet
  facet normal 0 1 0
    outer loop
      vertex 36 12.7 15.5
      vertex 33.6855 12.7 15.2781
      vertex 33.7 12.7 15.5
    endloop
  endfacet
  facet normal 0 1 -0
    outer loop
      vertex 35.9658 12.7 14.9779
      vertex 33.6855 12.7 15.2781
      vertex 36 12.7 15.5
    endloop
  endfacet
  facet normal 0 1 0
    outer loop
      vertex 33.6855 12.7 15.2781
      vertex 35.9658 12.7 14.9779
      vertex 33.6421 12.7 15.06
    endloop
  endfacet
  facet normal 0 1 -0
    outer loop
      vertex 35.8637 12.7 14.4647
      vertex 33.6421 12.7 15.06
      vertex 35.9658 12.7 14.9779
    endloop
  endfacet
  facet normal 0 1 0
    outer loop
      vertex 33.6421 12.7 15.06
      vertex 35.8637 12.7 14.4647
      vertex 33.5706 12.7 14.8494
    endloop
  endfacet
  facet normal 0 1 -0
    outer loop
      vertex 35.6955 12.7 13.9693
      vertex 33.5706 12.7 14.8494
      vertex 35.8637 12.7 14.4647
    endloop
  endfacet
  facet normal 0 1 0
    outer loop
      vertex 33.5706 12.7 14.8494
      vertex 35.6955 12.7 13.9693
      vertex 33.4722 12.7 14.65
    endloop
  endfacet
  facet normal 0 1 -0
    outer loop
      vertex 35.4641 12.7 13.5
      vertex 33.4722 12.7 14.65
      vertex 35.6955 12.7 13.9693
    endloop
  endfacet
  facet normal 0 1 0
    outer loop
      vertex 33.4722 12.7 14.65
      vertex 35.4641 12.7 13.5
      vertex 33.3487 12.7 14.4651
    endloop
  endfacet
  facet normal 0 1 -0
    outer loop
      vertex 35.1734 12.7 13.065
      vertex 33.3487 12.7 14.4651
      vertex 35.4641 12.7 13.5
    endloop
  endfacet
  facet normal 0 1 0
    outer loop
      vertex 33.3487 12.7 14.4651
      vertex 35.1734 12.7 13.065
      vertex 33.2021 12.7 14.2979
    endloop
  endfacet
  facet normal 0 1 -0
    outer loop
      vertex 34.8284 12.7 12.6716
      vertex 33.2021 12.7 14.2979
      vertex 35.1734 12.7 13.065
    endloop
  endfacet
  facet normal 0 1 0
    outer loop
      vertex 33.2021 12.7 14.2979
      vertex 34.8284 12.7 12.6716
      vertex 33.0349 12.7 14.1513
    endloop
  endfacet
  facet normal 0 1 -0
    outer loop
      vertex 34.435 12.7 12.3266
      vertex 33.0349 12.7 14.1513
      vertex 34.8284 12.7 12.6716
    endloop
  endfacet
  facet normal 0 1 0
    outer loop
      vertex 33.0349 12.7 14.1513
      vertex 34.435 12.7 12.3266
      vertex 32.85 12.7 14.0278
    endloop
  endfacet
  facet normal 0 1 -0
    outer loop
      vertex 34 12.7 12.0359
      vertex 32.85 12.7 14.0278
      vertex 34.435 12.7 12.3266
    endloop
  endfacet
  facet normal 0 1 0
    outer loop
      vertex 30 12.7 18.9641
      vertex 31.15 12.7 16.9722
      vertex 29.565 12.7 18.6734
    endloop
  endfacet
  facet normal 0 1 -0
    outer loop
      vertex 30.9651 12.7 16.8487
      vertex 29.565 12.7 18.6734
      vertex 31.15 12.7 16.9722
    endloop
  endfacet
  facet normal 0 1 0
    outer loop
      vertex 29.565 12.7 18.6734
      vertex 30.9651 12.7 16.8487
      vertex 29.1716 12.7 18.3284
    endloop
  endfacet
  facet normal 0 1 -0
    outer loop
      vertex 30.7979 12.7 16.7021
      vertex 29.1716 12.7 18.3284
      vertex 30.9651 12.7 16.8487
    endloop
  endfacet
  facet normal 0 1 -0
    outer loop
      vertex 30 12.7 16.4465
      vertex 29.1716 12.7 18.3284
      vertex 30.7979 12.7 16.7021
    endloop
  endfacet
  facet normal 0 1 0
    outer loop
      vertex 28.8266 12.7 17.935
      vertex 30 12.7 16.4465
      vertex 28.5359 12.7 17.5
    endloop
  endfacet
  facet normal 0 1 0
    outer loop
      vertex 29.1716 12.7 18.3284
      vertex 30 12.7 16.4465
      vertex 28.8266 12.7 17.935
    endloop
  endfacet
  facet normal 0 1 0
    outer loop
      vertex 28.5359 12.7 17.5
      vertex 30 12.7 16.4465
      vertex 28.3045 12.7 17.0307
    endloop
  endfacet
  facet normal 0 1 0
    outer loop
      vertex 30 12.7 16.4465
      vertex 30.7979 12.7 16.7021
      vertex 30.6513 12.7 16.5349
    endloop
  endfacet
  facet normal 0 1 0
    outer loop
      vertex 28.3045 12.7 17.0307
      vertex 30 12.7 16.4465
      vertex 28.1363 12.7 16.5353
    endloop
  endfacet
  facet normal 0 1 0
    outer loop
      vertex 28.1363 12.7 16.5353
      vertex 30 12.7 16.4465
      vertex 28.1186 12.7 16.4465
    endloop
  endfacet
  facet normal -0.896898 -2.98737e-06 -0.442238
    outer loop
      vertex 28.5359 12.7 13.5
      vertex 28.3045 12.5743 13.9693
      vertex 28.3828 12.7 13.8105
    endloop
  endfacet
  facet normal -0.896898 0 -0.442238
    outer loop
      vertex 28.5359 8 13.5
      vertex 28.3045 12.5743 13.9693
      vertex 28.5359 12.7 13.5
    endloop
  endfacet
  facet normal -0.896898 -0 -0.442238
    outer loop
      vertex 28.3045 12.5743 13.9693
      vertex 28.5359 8 13.5
      vertex 28.3045 8 13.9693
    endloop
  endfacet
  facet normal -0.0653646 0 0.997861
    outer loop
      vertex 31.4779 12.7 19.4658
      vertex 32 8 19.5
      vertex 32 12.7 19.5
    endloop
  endfacet
  facet normal -0.0653646 0 0.997861
    outer loop
      vertex 32 8 19.5
      vertex 31.4779 12.7 19.4658
      vertex 31.4779 8 19.4658
    endloop
  endfacet
  facet normal -0.751842 0 0.659343
    outer loop
      vertex 28.8266 11.3665 17.935
      vertex 29.1716 12.7 18.3284
      vertex 28.8266 12.7 17.935
    endloop
  endfacet
  facet normal -0.751842 0 0.659343
    outer loop
      vertex 29.1716 12.7 18.3284
      vertex 28.8266 11.3665 17.935
      vertex 29.1716 11.0141 18.3284
    endloop
  endfacet
  facet normal -0.751842 0 0.659343
    outer loop
      vertex 28.8266 8 17.935
      vertex 29.1716 9.12333 18.3284
      vertex 28.8266 9.43476 17.935
    endloop
  endfacet
  facet normal -0.751842 0 0.659343
    outer loop
      vertex 29.1716 9.12333 18.3284
      vertex 28.8266 8 17.935
      vertex 29.1716 8 18.3284
    endloop
  endfacet
  facet normal -0.321498 0 -0.94691
    outer loop
      vertex 30.4693 8 11.8045
      vertex 30.9647 12.7 11.6363
      vertex 30.9647 8 11.6363
    endloop
  endfacet
  facet normal -0.321498 0 -0.94691
    outer loop
      vertex 30.9647 12.7 11.6363
      vertex 30.4693 8 11.8045
      vertex 30.4693 12.7 11.8045
    endloop
  endfacet
  facet normal 0.751842 -0 0.659343
    outer loop
      vertex 34.8284 8 18.3284
      vertex 35.1734 12.7 17.935
      vertex 34.8284 12.7 18.3284
    endloop
  endfacet
  facet normal 0.751842 0 0.659343
    outer loop
      vertex 35.1734 12.7 17.935
      vertex 34.8284 8 18.3284
      vertex 35.1734 8 17.935
    endloop
  endfacet
  facet normal -0.659343 0 0.751842
    outer loop
      vertex 29.1716 11.0141 18.3284
      vertex 29.565 12.7 18.6734
      vertex 29.1716 12.7 18.3284
    endloop
  endfacet
  facet normal -0.659343 0 0.751842
    outer loop
      vertex 29.565 12.7 18.6734
      vertex 29.1716 11.0141 18.3284
      vertex 29.565 10.7051 18.6734
    endloop
  endfacet
  facet normal -0.659343 0 0.751842
    outer loop
      vertex 29.1716 8 18.3284
      vertex 29.565 8.85021 18.6734
      vertex 29.1716 9.12333 18.3284
    endloop
  endfacet
  facet normal -0.659343 0 0.751842
    outer loop
      vertex 29.565 8.85021 18.6734
      vertex 29.1716 8 18.3284
      vertex 29.565 8 18.6734
    endloop
  endfacet
  facet normal -0.442238 0 0.896898
    outer loop
      vertex 30 10.4447 18.9641
      vertex 30.4693 12.7 19.1955
      vertex 30 12.7 18.9641
    endloop
  endfacet
  facet normal -0.442238 0 0.896898
    outer loop
      vertex 30.4693 12.7 19.1955
      vertex 30 10.4447 18.9641
      vertex 30.4693 8 19.1955
    endloop
  endfacet
  facet normal -0.442238 0 0.896898
    outer loop
      vertex 30 8.62009 18.9641
      vertex 30.4693 8 19.1955
      vertex 30 10.4447 18.9641
    endloop
  endfacet
  facet normal -0.442238 0 0.896898
    outer loop
      vertex 30.4693 8 19.1955
      vertex 30 8.62009 18.9641
      vertex 30 8 18.9641
    endloop
  endfacet
  facet normal 0.195124 0 -0.980779
    outer loop
      vertex 32.5221 8 11.5342
      vertex 33.0353 12.7 11.6363
      vertex 33.0353 8 11.6363
    endloop
  endfacet
  facet normal 0.195124 0 -0.980779
    outer loop
      vertex 33.0353 12.7 11.6363
      vertex 32.5221 8 11.5342
      vertex 32.5221 12.7 11.5342
    endloop
  endfacet
  facet normal -0.831432 0 0.555626
    outer loop
      vertex 28.5359 11.7562 17.5
      vertex 28.8266 12.7 17.935
      vertex 28.5359 12.7 17.5
    endloop
  endfacet
  facet normal -0.831432 0 0.555626
    outer loop
      vertex 28.8266 12.7 17.935
      vertex 28.5359 11.7562 17.5
      vertex 28.8266 11.3665 17.935
    endloop
  endfacet
  facet normal -0.831432 0 0.555626
    outer loop
      vertex 28.5359 8 17.5
      vertex 28.8266 9.43476 17.935
      vertex 28.5359 9.77917 17.5
    endloop
  endfacet
  facet normal -0.831432 0 0.555626
    outer loop
      vertex 28.8266 9.43476 17.935
      vertex 28.5359 8 17.5
      vertex 28.8266 8 17.935
    endloop
  endfacet
  facet normal 0.442238 0 0.896898
    outer loop
      vertex 33.5307 12.7 19.1955
      vertex 34 8 18.9641
      vertex 34 12.7 18.9641
    endloop
  endfacet
  facet normal 0.442238 0 0.896898
    outer loop
      vertex 34 8 18.9641
      vertex 33.5307 12.7 19.1955
      vertex 33.5307 8 19.1955
    endloop
  endfacet
  facet normal 0.997861 0 -0.0653646
    outer loop
      vertex 36 8 15.5
      vertex 35.9658 12.7 14.9779
      vertex 36 12.7 15.5
    endloop
  endfacet
  facet normal 0.997861 0 -0.0653646
    outer loop
      vertex 35.9658 12.7 14.9779
      vertex 36 8 15.5
      vertex 35.9658 8 14.9779
    endloop
  endfacet
  facet normal 0.831432 -0 0.555626
    outer loop
      vertex 35.1734 8 17.935
      vertex 35.4641 12.7 17.5
      vertex 35.1734 12.7 17.935
    endloop
  endfacet
  facet normal 0.831432 0 0.555626
    outer loop
      vertex 35.4641 12.7 17.5
      vertex 35.1734 8 17.935
      vertex 35.4641 8 17.5
    endloop
  endfacet
  facet normal -0.321498 0 0.94691
    outer loop
      vertex 30.4693 12.7 19.1955
      vertex 30.9647 8 19.3637
      vertex 30.9647 12.7 19.3637
    endloop
  endfacet
  facet normal -0.321498 0 0.94691
    outer loop
      vertex 30.9647 8 19.3637
      vertex 30.4693 12.7 19.1955
      vertex 30.4693 8 19.1955
    endloop
  endfacet
  facet normal -0.751842 0 -0.659343
    outer loop
      vertex 29.1716 8 12.6716
      vertex 28.8266 12.7 13.065
      vertex 29.1716 12.7 12.6716
    endloop
  endfacet
  facet normal -0.751842 -0 -0.659343
    outer loop
      vertex 28.8266 12.7 13.065
      vertex 29.1716 8 12.6716
      vertex 28.8266 8 13.065
    endloop
  endfacet
  facet normal 0.659343 0 -0.751842
    outer loop
      vertex 34.435 8 12.3266
      vertex 34.8284 12.7 12.6716
      vertex 34.8284 8 12.6716
    endloop
  endfacet
  facet normal 0.659343 0 -0.751842
    outer loop
      vertex 34.8284 12.7 12.6716
      vertex 34.435 8 12.3266
      vertex 34.435 12.7 12.3266
    endloop
  endfacet
  facet normal -0.0653646 0 -0.997861
    outer loop
      vertex 31.4779 8 11.5342
      vertex 32 12.7 11.5
      vertex 32 8 11.5
    endloop
  endfacet
  facet normal -0.0653646 0 -0.997861
    outer loop
      vertex 32 12.7 11.5
      vertex 31.4779 8 11.5342
      vertex 31.4779 12.7 11.5342
    endloop
  endfacet
  facet normal 0.321498 0 -0.94691
    outer loop
      vertex 33.0353 8 11.6363
      vertex 33.5307 12.7 11.8045
      vertex 33.5307 8 11.8045
    endloop
  endfacet
  facet normal 0.321498 0 -0.94691
    outer loop
      vertex 33.5307 12.7 11.8045
      vertex 33.0353 8 11.6363
      vertex 33.0353 12.7 11.6363
    endloop
  endfacet
  facet normal 0.555626 0 -0.831432
    outer loop
      vertex 34 8 12.0359
      vertex 34.435 12.7 12.3266
      vertex 34.435 8 12.3266
    endloop
  endfacet
  facet normal 0.555626 0 -0.831432
    outer loop
      vertex 34.435 12.7 12.3266
      vertex 34 8 12.0359
      vertex 34 12.7 12.0359
    endloop
  endfacet
  facet normal 0.0653646 0 0.997861
    outer loop
      vertex 32 12.7 19.5
      vertex 32.5221 8 19.4658
      vertex 32.5221 12.7 19.4658
    endloop
  endfacet
  facet normal 0.0653646 0 0.997861
    outer loop
      vertex 32.5221 8 19.4658
      vertex 32 12.7 19.5
      vertex 32 8 19.5
    endloop
  endfacet
  facet normal 0.751842 0 -0.659343
    outer loop
      vertex 35.1734 8 13.065
      vertex 34.8284 12.7 12.6716
      vertex 35.1734 12.7 13.065
    endloop
  endfacet
  facet normal 0.751842 0 -0.659343
    outer loop
      vertex 34.8284 12.7 12.6716
      vertex 35.1734 8 13.065
      vertex 34.8284 8 12.6716
    endloop
  endfacet
  facet normal -0.831432 0 -0.555626
    outer loop
      vertex 28.8266 8 13.065
      vertex 28.5359 12.7 13.5
      vertex 28.8266 12.7 13.065
    endloop
  endfacet
  facet normal -0.831432 -0 -0.555626
    outer loop
      vertex 28.5359 12.7 13.5
      vertex 28.8266 8 13.065
      vertex 28.5359 8 13.5
    endloop
  endfacet
  facet normal -0.442238 0 -0.896898
    outer loop
      vertex 30 8 12.0359
      vertex 30.4693 12.7 11.8045
      vertex 30.4693 8 11.8045
    endloop
  endfacet
  facet normal -0.442238 0 -0.896898
    outer loop
      vertex 30.4693 12.7 11.8045
      vertex 30 8 12.0359
      vertex 30 12.7 12.0359
    endloop
  endfacet
  facet normal -0.659343 0 -0.751842
    outer loop
      vertex 29.1716 8 12.6716
      vertex 29.565 12.7 12.3266
      vertex 29.565 8 12.3266
    endloop
  endfacet
  facet normal -0.659343 0 -0.751842
    outer loop
      vertex 29.565 12.7 12.3266
      vertex 29.1716 8 12.6716
      vertex 29.1716 12.7 12.6716
    endloop
  endfacet
  facet normal 0.896898 0 -0.442238
    outer loop
      vertex 35.6955 8 13.9693
      vertex 35.4641 12.7 13.5
      vertex 35.6955 12.7 13.9693
    endloop
  endfacet
  facet normal 0.896898 0 -0.442238
    outer loop
      vertex 35.4641 12.7 13.5
      vertex 35.6955 8 13.9693
      vertex 35.4641 8 13.5
    endloop
  endfacet
  facet normal -0.980708 0 0.195479
    outer loop
      vertex 28.1363 12.7 16.5353
      vertex 28.1186 12.7 16.4465
      vertex 28.1363 12.6205 16.5353
    endloop
  endfacet
  facet normal -0.980779 0 0.195124
    outer loop
      vertex 28.0342 8 16.0221
      vertex 28.1363 10.5429 16.5353
      vertex 28.0342 10.9492 16.0221
    endloop
  endfacet
  facet normal -0.980779 0 0.195124
    outer loop
      vertex 28.1363 10.5429 16.5353
      vertex 28.0342 8 16.0221
      vertex 28.1363 8 16.5353
    endloop
  endfacet
  facet normal -0.195124 0 -0.980779
    outer loop
      vertex 30.9647 8 11.6363
      vertex 31.4779 12.7 11.5342
      vertex 31.4779 8 11.5342
    endloop
  endfacet
  facet normal -0.195124 0 -0.980779
    outer loop
      vertex 31.4779 12.7 11.5342
      vertex 30.9647 8 11.6363
      vertex 30.9647 12.7 11.6363
    endloop
  endfacet
  facet normal 0.0653646 0 -0.997861
    outer loop
      vertex 32 8 11.5
      vertex 32.5221 12.7 11.5342
      vertex 32.5221 8 11.5342
    endloop
  endfacet
  facet normal 0.0653646 0 -0.997861
    outer loop
      vertex 32.5221 12.7 11.5342
      vertex 32 8 11.5
      vertex 32 12.7 11.5
    endloop
  endfacet
  facet normal -0.997861 0 -0.0653646
    outer loop
      vertex 28.0342 8 14.9779
      vertex 28 11.3625 15.5
      vertex 28.0342 11.7758 14.9779
    endloop
  endfacet
  facet normal -0.997861 -0 -0.0653646
    outer loop
      vertex 28 11.3625 15.5
      vertex 28.0342 8 14.9779
      vertex 28 8 15.5
    endloop
  endfacet
  facet normal -0.195124 0 0.980779
    outer loop
      vertex 30.9647 12.7 19.3637
      vertex 31.4779 8 19.4658
      vertex 31.4779 12.7 19.4658
    endloop
  endfacet
  facet normal -0.195124 0 0.980779
    outer loop
      vertex 31.4779 8 19.4658
      vertex 30.9647 12.7 19.3637
      vertex 30.9647 8 19.3637
    endloop
  endfacet
  facet normal -0.980779 0 -0.195124
    outer loop
      vertex 28.1363 8 14.4647
      vertex 28.0342 11.7758 14.9779
      vertex 28.1363 12.1821 14.4647
    endloop
  endfacet
  facet normal -0.980779 -0 -0.195124
    outer loop
      vertex 28.0342 11.7758 14.9779
      vertex 28.1363 8 14.4647
      vertex 28.0342 8 14.9779
    endloop
  endfacet
  facet normal -0.94691 0 0.321498
    outer loop
      vertex 28.1363 12.6205 16.5353
      vertex 28.3045 12.7 17.0307
      vertex 28.1363 12.7 16.5353
    endloop
  endfacet
  facet normal -0.94691 0 0.321498
    outer loop
      vertex 28.3045 12.7 17.0307
      vertex 28.1363 12.6205 16.5353
      vertex 28.3045 12.1766 17.0307
    endloop
  endfacet
  facet normal -0.94691 0 0.321498
    outer loop
      vertex 28.1363 8 16.5353
      vertex 28.3045 10.1507 17.0307
      vertex 28.1363 10.5429 16.5353
    endloop
  endfacet
  facet normal -0.94691 0 0.321498
    outer loop
      vertex 28.3045 10.1507 17.0307
      vertex 28.1363 8 16.5353
      vertex 28.3045 8 17.0307
    endloop
  endfacet
  facet normal 0.980779 -0 0.195124
    outer loop
      vertex 35.8637 8 34.5353
      vertex 35.9658 12.7 34.0221
      vertex 35.8637 12.7 34.5353
    endloop
  endfacet
  facet normal 0.980779 0 0.195124
    outer loop
      vertex 35.9658 12.7 34.0221
      vertex 35.8637 8 34.5353
      vertex 35.9658 8 34.0221
    endloop
  endfacet
  facet normal 0.997861 -0 0.0653646
    outer loop
      vertex 35.9658 8 34.0221
      vertex 36 12.7 33.5
      vertex 35.9658 12.7 34.0221
    endloop
  endfacet
  facet normal 0.997861 0 0.0653646
    outer loop
      vertex 36 12.7 33.5
      vertex 35.9658 8 34.0221
      vertex 36 8 33.5
    endloop
  endfacet
  facet normal 0.94691 -0 0.321498
    outer loop
      vertex 35.6955 8 35.0307
      vertex 35.8637 12.7 34.5353
      vertex 35.6955 12.7 35.0307
    endloop
  endfacet
  facet normal 0.94691 0 0.321498
    outer loop
      vertex 35.8637 12.7 34.5353
      vertex 35.6955 8 35.0307
      vertex 35.8637 8 34.5353
    endloop
  endfacet
  facet normal -0.555626 0 -0.831432
    outer loop
      vertex 29.565 8 30.3266
      vertex 30 12.7 30.0359
      vertex 30 8 30.0359
    endloop
  endfacet
  facet normal -0.555626 0 -0.831432
    outer loop
      vertex 30 12.7 30.0359
      vertex 29.565 8 30.3266
      vertex 29.565 12.7 30.3266
    endloop
  endfacet
  facet normal -0.896898 0 0.442238
    outer loop
      vertex 28.3045 8 35.0307
      vertex 28.5359 12.7 35.5
      vertex 28.3045 12.7 35.0307
    endloop
  endfacet
  facet normal -0.896898 0 0.442238
    outer loop
      vertex 28.5359 12.7 35.5
      vertex 28.3045 8 35.0307
      vertex 28.5359 8 35.5
    endloop
  endfacet
  facet normal 0.980779 0 -0.195124
    outer loop
      vertex 35.9658 8 32.9779
      vertex 35.8637 12.7 32.4647
      vertex 35.9658 12.7 32.9779
    endloop
  endfacet
  facet normal 0.980779 0 -0.195124
    outer loop
      vertex 35.8637 12.7 32.4647
      vertex 35.9658 8 32.9779
      vertex 35.8637 8 32.4647
    endloop
  endfacet
  facet normal -0.555626 0 0.831432
    outer loop
      vertex 29.565 12.7 36.6734
      vertex 30 8 36.9641
      vertex 30 12.7 36.9641
    endloop
  endfacet
  facet normal -0.555626 0 0.831432
    outer loop
      vertex 30 8 36.9641
      vertex 29.565 12.7 36.6734
      vertex 29.565 8 36.6734
    endloop
  endfacet
  facet normal -0.997861 0 0.0653646
    outer loop
      vertex 28 8 33.5
      vertex 28.0342 12.7 34.0221
      vertex 28 12.7 33.5
    endloop
  endfacet
  facet normal -0.997861 0 0.0653646
    outer loop
      vertex 28.0342 12.7 34.0221
      vertex 28 8 33.5
      vertex 28.0342 8 34.0221
    endloop
  endfacet
  facet normal 0.321498 0 0.94691
    outer loop
      vertex 33.0353 12.7 37.3637
      vertex 33.5307 8 37.1955
      vertex 33.5307 12.7 37.1955
    endloop
  endfacet
  facet normal 0.321498 0 0.94691
    outer loop
      vertex 33.5307 8 37.1955
      vertex 33.0353 12.7 37.3637
      vertex 33.0353 8 37.3637
    endloop
  endfacet
  facet normal 0.94691 0 -0.321498
    outer loop
      vertex 35.8637 8 32.4647
      vertex 35.6955 12.7 31.9693
      vertex 35.8637 12.7 32.4647
    endloop
  endfacet
  facet normal 0.94691 0 -0.321498
    outer loop
      vertex 35.6955 12.7 31.9693
      vertex 35.8637 8 32.4647
      vertex 35.6955 8 31.9693
    endloop
  endfacet
  facet normal 0.442238 0 -0.896898
    outer loop
      vertex 33.5307 8 29.8045
      vertex 34 12.7 30.0359
      vertex 34 8 30.0359
    endloop
  endfacet
  facet normal 0.442238 0 -0.896898
    outer loop
      vertex 34 12.7 30.0359
      vertex 33.5307 8 29.8045
      vertex 33.5307 12.7 29.8045
    endloop
  endfacet
  facet normal -0.94691 0 -0.321498
    outer loop
      vertex 28.3045 8 31.9693
      vertex 28.1363 12.7 32.4647
      vertex 28.3045 12.7 31.9693
    endloop
  endfacet
  facet normal -0.94691 -0 -0.321498
    outer loop
      vertex 28.1363 12.7 32.4647
      vertex 28.3045 8 31.9693
      vertex 28.1363 8 32.4647
    endloop
  endfacet
  facet normal 0.896898 -0 0.442238
    outer loop
      vertex 35.4641 8 35.5
      vertex 35.6955 12.7 35.0307
      vertex 35.4641 12.7 35.5
    endloop
  endfacet
  facet normal 0.896898 0 0.442238
    outer loop
      vertex 35.6955 12.7 35.0307
      vertex 35.4641 8 35.5
      vertex 35.6955 8 35.0307
    endloop
  endfacet
  facet normal 0.195124 0 0.980779
    outer loop
      vertex 32.5221 12.7 37.4658
      vertex 33.0353 8 37.3637
      vertex 33.0353 12.7 37.3637
    endloop
  endfacet
  facet normal 0.195124 0 0.980779
    outer loop
      vertex 33.0353 8 37.3637
      vertex 32.5221 12.7 37.4658
      vertex 32.5221 8 37.4658
    endloop
  endfacet
  facet normal 0.555626 0 0.831432
    outer loop
      vertex 34 12.7 36.9641
      vertex 34.435 8 36.6734
      vertex 34.435 12.7 36.6734
    endloop
  endfacet
  facet normal 0.555626 0 0.831432
    outer loop
      vertex 34.435 8 36.6734
      vertex 34 12.7 36.9641
      vertex 34 8 36.9641
    endloop
  endfacet
  facet normal 0.659343 0 0.751842
    outer loop
      vertex 34.435 12.7 36.6734
      vertex 34.8284 8 36.3284
      vertex 34.8284 12.7 36.3284
    endloop
  endfacet
  facet normal 0.659343 0 0.751842
    outer loop
      vertex 34.8284 8 36.3284
      vertex 34.435 12.7 36.6734
      vertex 34.435 8 36.6734
    endloop
  endfacet
  facet normal 0.831432 0 -0.555626
    outer loop
      vertex 35.4641 8 31.5
      vertex 35.1734 12.7 31.065
      vertex 35.4641 12.7 31.5
    endloop
  endfacet
  facet normal 0.831432 0 -0.555626
    outer loop
      vertex 35.1734 12.7 31.065
      vertex 35.4641 8 31.5
      vertex 35.1734 8 31.065
    endloop
  endfacet
  facet normal 0 1 0
    outer loop
      vertex 32 12.7 35.2
      vertex 32 12.7 37.5
      vertex 32.5221 12.7 37.4658
    endloop
  endfacet
  facet normal 0 1 0
    outer loop
      vertex 32.2219 12.7 35.1855
      vertex 32.5221 12.7 37.4658
      vertex 33.0353 12.7 37.3637
    endloop
  endfacet
  facet normal 0 1 0
    outer loop
      vertex 32 12.7 37.5
      vertex 32 12.7 35.2
      vertex 31.4779 12.7 37.4658
    endloop
  endfacet
  facet normal 0 1 0
    outer loop
      vertex 32.44 12.7 35.1421
      vertex 33.0353 12.7 37.3637
      vertex 33.5307 12.7 37.1955
    endloop
  endfacet
  facet normal 0 1 -0
    outer loop
      vertex 31.7781 12.7 35.1855
      vertex 31.4779 12.7 37.4658
      vertex 32 12.7 35.2
    endloop
  endfacet
  facet normal 0 1 0
    outer loop
      vertex 32.6506 12.7 35.0706
      vertex 33.5307 12.7 37.1955
      vertex 34 12.7 36.9641
    endloop
  endfacet
  facet normal 0 1 0
    outer loop
      vertex 31.4779 12.7 37.4658
      vertex 31.7781 12.7 35.1855
      vertex 30.9647 12.7 37.3637
    endloop
  endfacet
  facet normal 0 1 0
    outer loop
      vertex 32.85 12.7 34.9722
      vertex 34 12.7 36.9641
      vertex 34.435 12.7 36.6734
    endloop
  endfacet
  facet normal 0 1 -0
    outer loop
      vertex 31.56 12.7 35.1421
      vertex 30.9647 12.7 37.3637
      vertex 31.7781 12.7 35.1855
    endloop
  endfacet
  facet normal 0 1 0
    outer loop
      vertex 33.0349 12.7 34.8487
      vertex 34.435 12.7 36.6734
      vertex 34.8284 12.7 36.3284
    endloop
  endfacet
  facet normal 0 1 0
    outer loop
      vertex 30.9647 12.7 37.3637
      vertex 31.56 12.7 35.1421
      vertex 30.4693 12.7 37.1955
    endloop
  endfacet
  facet normal 0 1 0
    outer loop
      vertex 33.2021 12.7 34.7021
      vertex 34.8284 12.7 36.3284
      vertex 35.1734 12.7 35.935
    endloop
  endfacet
  facet normal 0 1 -0
    outer loop
      vertex 31.3494 12.7 35.0706
      vertex 30.4693 12.7 37.1955
      vertex 31.56 12.7 35.1421
    endloop
  endfacet
  facet normal 0 1 0
    outer loop
      vertex 33.3487 12.7 34.5349
      vertex 35.1734 12.7 35.935
      vertex 35.4641 12.7 35.5
    endloop
  endfacet
  facet normal 0 1 0
    outer loop
      vertex 30.4693 12.7 37.1955
      vertex 31.3494 12.7 35.0706
      vertex 30 12.7 36.9641
    endloop
  endfacet
  facet normal 0 1 -0
    outer loop
      vertex 31.15 12.7 34.9722
      vertex 30 12.7 36.9641
      vertex 31.3494 12.7 35.0706
    endloop
  endfacet
  facet normal 0 1 0
    outer loop
      vertex 32.5221 12.7 37.4658
      vertex 32.2219 12.7 35.1855
      vertex 32 12.7 35.2
    endloop
  endfacet
  facet normal 0 1 0
    outer loop
      vertex 33.0353 12.7 37.3637
      vertex 32.44 12.7 35.1421
      vertex 32.2219 12.7 35.1855
    endloop
  endfacet
  facet normal 0 1 0
    outer loop
      vertex 33.5307 12.7 37.1955
      vertex 32.6506 12.7 35.0706
      vertex 32.44 12.7 35.1421
    endloop
  endfacet
  facet normal 0 1 0
    outer loop
      vertex 33.4722 12.7 34.35
      vertex 35.4641 12.7 35.5
      vertex 35.6955 12.7 35.0307
    endloop
  endfacet
  facet normal 0 1 0
    outer loop
      vertex 34 12.7 36.9641
      vertex 32.85 12.7 34.9722
      vertex 32.6506 12.7 35.0706
    endloop
  endfacet
  facet normal 0 1 0
    outer loop
      vertex 34.435 12.7 36.6734
      vertex 33.0349 12.7 34.8487
      vertex 32.85 12.7 34.9722
    endloop
  endfacet
  facet normal 0 1 0
    outer loop
      vertex 34.8284 12.7 36.3284
      vertex 33.2021 12.7 34.7021
      vertex 33.0349 12.7 34.8487
    endloop
  endfacet
  facet normal 0 1 0
    outer loop
      vertex 33.5706 12.7 34.1506
      vertex 35.6955 12.7 35.0307
      vertex 35.8637 12.7 34.5353
    endloop
  endfacet
  facet normal 0 1 0
    outer loop
      vertex 35.1734 12.7 35.935
      vertex 33.3487 12.7 34.5349
      vertex 33.2021 12.7 34.7021
    endloop
  endfacet
  facet normal 0 1 0
    outer loop
      vertex 35.4641 12.7 35.5
      vertex 33.4722 12.7 34.35
      vertex 33.3487 12.7 34.5349
    endloop
  endfacet
  facet normal 0 1 0
    outer loop
      vertex 35.6955 12.7 35.0307
      vertex 33.5706 12.7 34.1506
      vertex 33.4722 12.7 34.35
    endloop
  endfacet
  facet normal 0 1 0
    outer loop
      vertex 33.6421 12.7 33.94
      vertex 35.8637 12.7 34.5353
      vertex 35.9658 12.7 34.0221
    endloop
  endfacet
  facet normal 0 1 0
    outer loop
      vertex 35.8637 12.7 34.5353
      vertex 33.6421 12.7 33.94
      vertex 33.5706 12.7 34.1506
    endloop
  endfacet
  facet normal 0 1 0
    outer loop
      vertex 35.9658 12.7 34.0221
      vertex 33.6855 12.7 33.7219
      vertex 33.6421 12.7 33.94
    endloop
  endfacet
  facet normal 0 1 0
    outer loop
      vertex 36 12.7 33.5
      vertex 33.6855 12.7 33.7219
      vertex 35.9658 12.7 34.0221
    endloop
  endfacet
  facet normal 0 1 0
    outer loop
      vertex 36 12.7 33.5
      vertex 33.7 12.7 33.5
      vertex 33.6855 12.7 33.7219
    endloop
  endfacet
  facet normal 0 1 0
    outer loop
      vertex 36 12.7 33.5
      vertex 33.6855 12.7 33.2781
      vertex 33.7 12.7 33.5
    endloop
  endfacet
  facet normal 0 1 -0
    outer loop
      vertex 35.9658 12.7 32.9779
      vertex 33.6855 12.7 33.2781
      vertex 36 12.7 33.5
    endloop
  endfacet
  facet normal 0 1 0
    outer loop
      vertex 33.6855 12.7 33.2781
      vertex 35.9658 12.7 32.9779
      vertex 33.6421 12.7 33.06
    endloop
  endfacet
  facet normal 0 1 -0
    outer loop
      vertex 35.8637 12.7 32.4647
      vertex 33.6421 12.7 33.06
      vertex 35.9658 12.7 32.9779
    endloop
  endfacet
  facet normal 0 1 0
    outer loop
      vertex 33.6421 12.7 33.06
      vertex 35.8637 12.7 32.4647
      vertex 33.5706 12.7 32.8494
    endloop
  endfacet
  facet normal 0 1 -0
    outer loop
      vertex 35.6955 12.7 31.9693
      vertex 33.5706 12.7 32.8494
      vertex 35.8637 12.7 32.4647
    endloop
  endfacet
  facet normal 0 1 0
    outer loop
      vertex 33.5706 12.7 32.8494
      vertex 35.6955 12.7 31.9693
      vertex 33.4722 12.7 32.65
    endloop
  endfacet
  facet normal 0 1 -0
    outer loop
      vertex 35.4641 12.7 31.5
      vertex 33.4722 12.7 32.65
      vertex 35.6955 12.7 31.9693
    endloop
  endfacet
  facet normal 0 1 0
    outer loop
      vertex 33.4722 12.7 32.65
      vertex 35.4641 12.7 31.5
      vertex 33.3487 12.7 32.4651
    endloop
  endfacet
  facet normal 0 1 -0
    outer loop
      vertex 35.1734 12.7 31.065
      vertex 33.3487 12.7 32.4651
      vertex 35.4641 12.7 31.5
    endloop
  endfacet
  facet normal 0 1 0
    outer loop
      vertex 33.3487 12.7 32.4651
      vertex 35.1734 12.7 31.065
      vertex 33.2021 12.7 32.2979
    endloop
  endfacet
  facet normal 0 1 -0
    outer loop
      vertex 34.8284 12.7 30.6716
      vertex 33.2021 12.7 32.2979
      vertex 35.1734 12.7 31.065
    endloop
  endfacet
  facet normal 0 1 0
    outer loop
      vertex 33.2021 12.7 32.2979
      vertex 34.8284 12.7 30.6716
      vertex 33.0349 12.7 32.1513
    endloop
  endfacet
  facet normal 0 1 -0
    outer loop
      vertex 34.435 12.7 30.3266
      vertex 33.0349 12.7 32.1513
      vertex 34.8284 12.7 30.6716
    endloop
  endfacet
  facet normal 0 1 0
    outer loop
      vertex 33.0349 12.7 32.1513
      vertex 34.435 12.7 30.3266
      vertex 32.85 12.7 32.0278
    endloop
  endfacet
  facet normal 0 1 -0
    outer loop
      vertex 34 12.7 30.0359
      vertex 32.85 12.7 32.0278
      vertex 34.435 12.7 30.3266
    endloop
  endfacet
  facet normal 0 1 0
    outer loop
      vertex 30 12.7 36.9641
      vertex 31.15 12.7 34.9722
      vertex 29.565 12.7 36.6734
    endloop
  endfacet
  facet normal 0 1 -0
    outer loop
      vertex 30.9651 12.7 34.8487
      vertex 29.565 12.7 36.6734
      vertex 31.15 12.7 34.9722
    endloop
  endfacet
  facet normal 0 1 0
    outer loop
      vertex 29.565 12.7 36.6734
      vertex 30.9651 12.7 34.8487
      vertex 29.1716 12.7 36.3284
    endloop
  endfacet
  facet normal 0 1 -0
    outer loop
      vertex 30.7979 12.7 34.7021
      vertex 29.1716 12.7 36.3284
      vertex 30.9651 12.7 34.8487
    endloop
  endfacet
  facet normal 0 1 0
    outer loop
      vertex 29.1716 12.7 36.3284
      vertex 30.7979 12.7 34.7021
      vertex 28.8266 12.7 35.935
    endloop
  endfacet
  facet normal 0 1 -0
    outer loop
      vertex 30.6513 12.7 34.5349
      vertex 28.8266 12.7 35.935
      vertex 30.7979 12.7 34.7021
    endloop
  endfacet
  facet normal 0 1 0
    outer loop
      vertex 28.8266 12.7 35.935
      vertex 30.6513 12.7 34.5349
      vertex 28.5359 12.7 35.5
    endloop
  endfacet
  facet normal 0 1 -0
    outer loop
      vertex 30.5278 12.7 34.35
      vertex 28.5359 12.7 35.5
      vertex 30.6513 12.7 34.5349
    endloop
  endfacet
  facet normal 0 1 0
    outer loop
      vertex 28.5359 12.7 35.5
      vertex 30.5278 12.7 34.35
      vertex 28.3045 12.7 35.0307
    endloop
  endfacet
  facet normal 0 1 -0
    outer loop
      vertex 30.4294 12.7 34.1506
      vertex 28.3045 12.7 35.0307
      vertex 30.5278 12.7 34.35
    endloop
  endfacet
  facet normal 0 1 0
    outer loop
      vertex 28.3045 12.7 35.0307
      vertex 30.4294 12.7 34.1506
      vertex 28.1363 12.7 34.5353
    endloop
  endfacet
  facet normal 0 1 -0
    outer loop
      vertex 30.3579 12.7 33.94
      vertex 28.1363 12.7 34.5353
      vertex 30.4294 12.7 34.1506
    endloop
  endfacet
  facet normal 0 1 0
    outer loop
      vertex 28.1363 12.7 34.5353
      vertex 30.3579 12.7 33.94
      vertex 28.0342 12.7 34.0221
    endloop
  endfacet
  facet normal 0 1 -0
    outer loop
      vertex 30.3145 12.7 33.7219
      vertex 28.0342 12.7 34.0221
      vertex 30.3579 12.7 33.94
    endloop
  endfacet
  facet normal 0 1 -0
    outer loop
      vertex 30.3 12.7 33.5
      vertex 28.0342 12.7 34.0221
      vertex 30.3145 12.7 33.7219
    endloop
  endfacet
  facet normal 0 1 0
    outer loop
      vertex 30.3 12.7 33.5
      vertex 28 12.7 33.5
      vertex 28.0342 12.7 34.0221
    endloop
  endfacet
  facet normal 0 1 0
    outer loop
      vertex 30.3145 12.7 33.2781
      vertex 28 12.7 33.5
      vertex 30.3 12.7 33.5
    endloop
  endfacet
  facet normal 0 1 0
    outer loop
      vertex 28.0342 12.7 32.9779
      vertex 30.3145 12.7 33.2781
      vertex 30.3579 12.7 33.06
    endloop
  endfacet
  facet normal 0 1 0
    outer loop
      vertex 30.3145 12.7 33.2781
      vertex 28.0342 12.7 32.9779
      vertex 28 12.7 33.5
    endloop
  endfacet
  facet normal 0 1 0
    outer loop
      vertex 28.1363 12.7 32.4647
      vertex 30.3579 12.7 33.06
      vertex 30.4294 12.7 32.8494
    endloop
  endfacet
  facet normal 0 1 0
    outer loop
      vertex 28.3045 12.7 31.9693
      vertex 30.4294 12.7 32.8494
      vertex 30.5278 12.7 32.65
    endloop
  endfacet
  facet normal 0 1 0
    outer loop
      vertex 28.5359 12.7 31.5
      vertex 30.5278 12.7 32.65
      vertex 30.6513 12.7 32.4651
    endloop
  endfacet
  facet normal 0 1 0
    outer loop
      vertex 30.3579 12.7 33.06
      vertex 28.1363 12.7 32.4647
      vertex 28.0342 12.7 32.9779
    endloop
  endfacet
  facet normal 0 1 0
    outer loop
      vertex 28.8266 12.7 31.065
      vertex 30.6513 12.7 32.4651
      vertex 30.7979 12.7 32.2979
    endloop
  endfacet
  facet normal 0 1 0
    outer loop
      vertex 29.1716 12.7 30.6716
      vertex 30.7979 12.7 32.2979
      vertex 30.9651 12.7 32.1513
    endloop
  endfacet
  facet normal 0 1 0
    outer loop
      vertex 29.565 12.7 30.3266
      vertex 30.9651 12.7 32.1513
      vertex 31.15 12.7 32.0278
    endloop
  endfacet
  facet normal 0 1 0
    outer loop
      vertex 30.4294 12.7 32.8494
      vertex 28.3045 12.7 31.9693
      vertex 28.1363 12.7 32.4647
    endloop
  endfacet
  facet normal 0 1 0
    outer loop
      vertex 30 12.7 30.0359
      vertex 31.15 12.7 32.0278
      vertex 31.3494 12.7 31.9294
    endloop
  endfacet
  facet normal 0 1 0
    outer loop
      vertex 30.4693 12.7 29.8045
      vertex 31.3494 12.7 31.9294
      vertex 31.56 12.7 31.8579
    endloop
  endfacet
  facet normal 0 1 0
    outer loop
      vertex 30.9647 12.7 29.6363
      vertex 31.56 12.7 31.8579
      vertex 31.7781 12.7 31.8145
    endloop
  endfacet
  facet normal 0 1 0
    outer loop
      vertex 31.4779 12.7 29.5342
      vertex 31.7781 12.7 31.8145
      vertex 32 12.7 31.8
    endloop
  endfacet
  facet normal 0 1 0
    outer loop
      vertex 32.85 12.7 32.0278
      vertex 34 12.7 30.0359
      vertex 32.6506 12.7 31.9294
    endloop
  endfacet
  facet normal 0 1 0
    outer loop
      vertex 30.5278 12.7 32.65
      vertex 28.5359 12.7 31.5
      vertex 28.3045 12.7 31.9693
    endloop
  endfacet
  facet normal 0 1 -0
    outer loop
      vertex 33.5307 12.7 29.8045
      vertex 32.6506 12.7 31.9294
      vertex 34 12.7 30.0359
    endloop
  endfacet
  facet normal 0 1 0
    outer loop
      vertex 30.6513 12.7 32.4651
      vertex 28.8266 12.7 31.065
      vertex 28.5359 12.7 31.5
    endloop
  endfacet
  facet normal 0 1 0
    outer loop
      vertex 32.6506 12.7 31.9294
      vertex 33.5307 12.7 29.8045
      vertex 32.44 12.7 31.8579
    endloop
  endfacet
  facet normal 0 1 0
    outer loop
      vertex 30.7979 12.7 32.2979
      vertex 29.1716 12.7 30.6716
      vertex 28.8266 12.7 31.065
    endloop
  endfacet
  facet normal 0 1 -0
    outer loop
      vertex 33.0353 12.7 29.6363
      vertex 32.44 12.7 31.8579
      vertex 33.5307 12.7 29.8045
    endloop
  endfacet
  facet normal 0 1 0
    outer loop
      vertex 30.9651 12.7 32.1513
      vertex 29.565 12.7 30.3266
      vertex 29.1716 12.7 30.6716
    endloop
  endfacet
  facet normal 0 1 0
    outer loop
      vertex 32.44 12.7 31.8579
      vertex 33.0353 12.7 29.6363
      vertex 32.2219 12.7 31.8145
    endloop
  endfacet
  facet normal 0 1 0
    outer loop
      vertex 31.15 12.7 32.0278
      vertex 30 12.7 30.0359
      vertex 29.565 12.7 30.3266
    endloop
  endfacet
  facet normal 0 1 -0
    outer loop
      vertex 32.5221 12.7 29.5342
      vertex 32.2219 12.7 31.8145
      vertex 33.0353 12.7 29.6363
    endloop
  endfacet
  facet normal 0 1 0
    outer loop
      vertex 31.3494 12.7 31.9294
      vertex 30.4693 12.7 29.8045
      vertex 30 12.7 30.0359
    endloop
  endfacet
  facet normal 0 1 0
    outer loop
      vertex 32.2219 12.7 31.8145
      vertex 32.5221 12.7 29.5342
      vertex 32 12.7 31.8
    endloop
  endfacet
  facet normal 0 1 0
    outer loop
      vertex 31.56 12.7 31.8579
      vertex 30.9647 12.7 29.6363
      vertex 30.4693 12.7 29.8045
    endloop
  endfacet
  facet normal 0 1 0
    outer loop
      vertex 32 12.7 29.5
      vertex 32 12.7 31.8
      vertex 32.5221 12.7 29.5342
    endloop
  endfacet
  facet normal 0 1 0
    outer loop
      vertex 31.7781 12.7 31.8145
      vertex 31.4779 12.7 29.5342
      vertex 30.9647 12.7 29.6363
    endloop
  endfacet
  facet normal 0 1 0
    outer loop
      vertex 32 12.7 31.8
      vertex 32 12.7 29.5
      vertex 31.4779 12.7 29.5342
    endloop
  endfacet
  facet normal -0.896898 0 -0.442238
    outer loop
      vertex 28.5359 8 31.5
      vertex 28.3045 12.7 31.9693
      vertex 28.5359 12.7 31.5
    endloop
  endfacet
  facet normal -0.896898 -0 -0.442238
    outer loop
      vertex 28.3045 12.7 31.9693
      vertex 28.5359 8 31.5
      vertex 28.3045 8 31.9693
    endloop
  endfacet
  facet normal -0.0653646 0 0.997861
    outer loop
      vertex 31.4779 12.7 37.4658
      vertex 32 8 37.5
      vertex 32 12.7 37.5
    endloop
  endfacet
  facet normal -0.0653646 0 0.997861
    outer loop
      vertex 32 8 37.5
      vertex 31.4779 12.7 37.4658
      vertex 31.4779 8 37.4658
    endloop
  endfacet
  facet normal -0.751842 0 0.659343
    outer loop
      vertex 28.8266 8 35.935
      vertex 29.1716 12.7 36.3284
      vertex 28.8266 12.7 35.935
    endloop
  endfacet
  facet normal -0.751842 0 0.659343
    outer loop
      vertex 29.1716 12.7 36.3284
      vertex 28.8266 8 35.935
      vertex 29.1716 8 36.3284
    endloop
  endfacet
  facet normal -0.321498 0 -0.94691
    outer loop
      vertex 30.4693 8 29.8045
      vertex 30.9647 12.7 29.6363
      vertex 30.9647 8 29.6363
    endloop
  endfacet
  facet normal -0.321498 0 -0.94691
    outer loop
      vertex 30.9647 12.7 29.6363
      vertex 30.4693 8 29.8045
      vertex 30.4693 12.7 29.8045
    endloop
  endfacet
  facet normal 0.751842 -0 0.659343
    outer loop
      vertex 34.8284 8 36.3284
      vertex 35.1734 12.7 35.935
      vertex 34.8284 12.7 36.3284
    endloop
  endfacet
  facet normal 0.751842 0 0.659343
    outer loop
      vertex 35.1734 12.7 35.935
      vertex 34.8284 8 36.3284
      vertex 35.1734 8 35.935
    endloop
  endfacet
  facet normal -0.659343 0 0.751842
    outer loop
      vertex 29.1716 12.7 36.3284
      vertex 29.565 8 36.6734
      vertex 29.565 12.7 36.6734
    endloop
  endfacet
  facet normal -0.659343 0 0.751842
    outer loop
      vertex 29.565 8 36.6734
      vertex 29.1716 12.7 36.3284
      vertex 29.1716 8 36.3284
    endloop
  endfacet
  facet normal -0.442238 0 0.896898
    outer loop
      vertex 30 12.7 36.9641
      vertex 30.4693 8 37.1955
      vertex 30.4693 12.7 37.1955
    endloop
  endfacet
  facet normal -0.442238 0 0.896898
    outer loop
      vertex 30.4693 8 37.1955
      vertex 30 12.7 36.9641
      vertex 30 8 36.9641
    endloop
  endfacet
  facet normal 0.195124 0 -0.980779
    outer loop
      vertex 32.5221 8 29.5342
      vertex 33.0353 12.7 29.6363
      vertex 33.0353 8 29.6363
    endloop
  endfacet
  facet normal 0.195124 0 -0.980779
    outer loop
      vertex 33.0353 12.7 29.6363
      vertex 32.5221 8 29.5342
      vertex 32.5221 12.7 29.5342
    endloop
  endfacet
  facet normal -0.831432 0 0.555626
    outer loop
      vertex 28.5359 8 35.5
      vertex 28.8266 12.7 35.935
      vertex 28.5359 12.7 35.5
    endloop
  endfacet
  facet normal -0.831432 0 0.555626
    outer loop
      vertex 28.8266 12.7 35.935
      vertex 28.5359 8 35.5
      vertex 28.8266 8 35.935
    endloop
  endfacet
  facet normal 0.442238 0 0.896898
    outer loop
      vertex 33.5307 12.7 37.1955
      vertex 34 8 36.9641
      vertex 34 12.7 36.9641
    endloop
  endfacet
  facet normal 0.442238 0 0.896898
    outer loop
      vertex 34 8 36.9641
      vertex 33.5307 12.7 37.1955
      vertex 33.5307 8 37.1955
    endloop
  endfacet
  facet normal 0.997861 0 -0.0653646
    outer loop
      vertex 36 8 33.5
      vertex 35.9658 12.7 32.9779
      vertex 36 12.7 33.5
    endloop
  endfacet
  facet normal 0.997861 0 -0.0653646
    outer loop
      vertex 35.9658 12.7 32.9779
      vertex 36 8 33.5
      vertex 35.9658 8 32.9779
    endloop
  endfacet
  facet normal 0.831432 -0 0.555626
    outer loop
      vertex 35.1734 8 35.935
      vertex 35.4641 12.7 35.5
      vertex 35.1734 12.7 35.935
    endloop
  endfacet
  facet normal 0.831432 0 0.555626
    outer loop
      vertex 35.4641 12.7 35.5
      vertex 35.1734 8 35.935
      vertex 35.4641 8 35.5
    endloop
  endfacet
  facet normal -0.321498 0 0.94691
    outer loop
      vertex 30.4693 12.7 37.1955
      vertex 30.9647 8 37.3637
      vertex 30.9647 12.7 37.3637
    endloop
  endfacet
  facet normal -0.321498 0 0.94691
    outer loop
      vertex 30.9647 8 37.3637
      vertex 30.4693 12.7 37.1955
      vertex 30.4693 8 37.1955
    endloop
  endfacet
  facet normal -0.751842 0 -0.659343
    outer loop
      vertex 29.1716 8 30.6716
      vertex 28.8266 12.7 31.065
      vertex 29.1716 12.7 30.6716
    endloop
  endfacet
  facet normal -0.751842 -0 -0.659343
    outer loop
      vertex 28.8266 12.7 31.065
      vertex 29.1716 8 30.6716
      vertex 28.8266 8 31.065
    endloop
  endfacet
  facet normal 0.659343 0 -0.751842
    outer loop
      vertex 34.435 8 30.3266
      vertex 34.8284 12.7 30.6716
      vertex 34.8284 8 30.6716
    endloop
  endfacet
  facet normal 0.659343 0 -0.751842
    outer loop
      vertex 34.8284 12.7 30.6716
      vertex 34.435 8 30.3266
      vertex 34.435 12.7 30.3266
    endloop
  endfacet
  facet normal -0.0653646 0 -0.997861
    outer loop
      vertex 31.4779 8 29.5342
      vertex 32 12.7 29.5
      vertex 32 8 29.5
    endloop
  endfacet
  facet normal -0.0653646 0 -0.997861
    outer loop
      vertex 32 12.7 29.5
      vertex 31.4779 8 29.5342
      vertex 31.4779 12.7 29.5342
    endloop
  endfacet
  facet normal 0.321498 0 -0.94691
    outer loop
      vertex 33.0353 8 29.6363
      vertex 33.5307 12.7 29.8045
      vertex 33.5307 8 29.8045
    endloop
  endfacet
  facet normal 0.321498 0 -0.94691
    outer loop
      vertex 33.5307 12.7 29.8045
      vertex 33.0353 8 29.6363
      vertex 33.0353 12.7 29.6363
    endloop
  endfacet
  facet normal 0.555626 0 -0.831432
    outer loop
      vertex 34 8 30.0359
      vertex 34.435 12.7 30.3266
      vertex 34.435 8 30.3266
    endloop
  endfacet
  facet normal 0.555626 0 -0.831432
    outer loop
      vertex 34.435 12.7 30.3266
      vertex 34 8 30.0359
      vertex 34 12.7 30.0359
    endloop
  endfacet
  facet normal 0.0653646 0 0.997861
    outer loop
      vertex 32 12.7 37.5
      vertex 32.5221 8 37.4658
      vertex 32.5221 12.7 37.4658
    endloop
  endfacet
  facet normal 0.0653646 0 0.997861
    outer loop
      vertex 32.5221 8 37.4658
      vertex 32 12.7 37.5
      vertex 32 8 37.5
    endloop
  endfacet
  facet normal 0.751842 0 -0.659343
    outer loop
      vertex 35.1734 8 31.065
      vertex 34.8284 12.7 30.6716
      vertex 35.1734 12.7 31.065
    endloop
  endfacet
  facet normal 0.751842 0 -0.659343
    outer loop
      vertex 34.8284 12.7 30.6716
      vertex 35.1734 8 31.065
      vertex 34.8284 8 30.6716
    endloop
  endfacet
  facet normal -0.831432 0 -0.555626
    outer loop
      vertex 28.8266 8 31.065
      vertex 28.5359 12.7 31.5
      vertex 28.8266 12.7 31.065
    endloop
  endfacet
  facet normal -0.831432 -0 -0.555626
    outer loop
      vertex 28.5359 12.7 31.5
      vertex 28.8266 8 31.065
      vertex 28.5359 8 31.5
    endloop
  endfacet
  facet normal -0.442238 0 -0.896898
    outer loop
      vertex 30 8 30.0359
      vertex 30.4693 12.7 29.8045
      vertex 30.4693 8 29.8045
    endloop
  endfacet
  facet normal -0.442238 0 -0.896898
    outer loop
      vertex 30.4693 12.7 29.8045
      vertex 30 8 30.0359
      vertex 30 12.7 30.0359
    endloop
  endfacet
  facet normal 0.896898 0 -0.442238
    outer loop
      vertex 35.6955 8 31.9693
      vertex 35.4641 12.7 31.5
      vertex 35.6955 12.7 31.9693
    endloop
  endfacet
  facet normal 0.896898 0 -0.442238
    outer loop
      vertex 35.4641 12.7 31.5
      vertex 35.6955 8 31.9693
      vertex 35.4641 8 31.5
    endloop
  endfacet
  facet normal -0.980779 0 0.195124
    outer loop
      vertex 28.0342 8 34.0221
      vertex 28.1363 12.7 34.5353
      vertex 28.0342 12.7 34.0221
    endloop
  endfacet
  facet normal -0.980779 0 0.195124
    outer loop
      vertex 28.1363 12.7 34.5353
      vertex 28.0342 8 34.0221
      vertex 28.1363 8 34.5353
    endloop
  endfacet
  facet normal -0.195124 0 -0.980779
    outer loop
      vertex 30.9647 8 29.6363
      vertex 31.4779 12.7 29.5342
      vertex 31.4779 8 29.5342
    endloop
  endfacet
  facet normal -0.195124 0 -0.980779
    outer loop
      vertex 31.4779 12.7 29.5342
      vertex 30.9647 8 29.6363
      vertex 30.9647 12.7 29.6363
    endloop
  endfacet
  facet normal 0.0653646 0 -0.997861
    outer loop
      vertex 32 8 29.5
      vertex 32.5221 12.7 29.5342
      vertex 32.5221 8 29.5342
    endloop
  endfacet
  facet normal 0.0653646 0 -0.997861
    outer loop
      vertex 32.5221 12.7 29.5342
      vertex 32 8 29.5
      vertex 32 12.7 29.5
    endloop
  endfacet
  facet normal -0.997861 0 -0.0653646
    outer loop
      vertex 28.0342 8 32.9779
      vertex 28 12.7 33.5
      vertex 28.0342 12.7 32.9779
    endloop
  endfacet
  facet normal -0.997861 -0 -0.0653646
    outer loop
      vertex 28 12.7 33.5
      vertex 28.0342 8 32.9779
      vertex 28 8 33.5
    endloop
  endfacet
  facet normal -0.195124 0 0.980779
    outer loop
      vertex 30.9647 12.7 37.3637
      vertex 31.4779 8 37.4658
      vertex 31.4779 12.7 37.4658
    endloop
  endfacet
  facet normal -0.195124 0 0.980779
    outer loop
      vertex 31.4779 8 37.4658
      vertex 30.9647 12.7 37.3637
      vertex 30.9647 8 37.3637
    endloop
  endfacet
  facet normal -0.980779 0 -0.195124
    outer loop
      vertex 28.1363 8 32.4647
      vertex 28.0342 12.7 32.9779
      vertex 28.1363 12.7 32.4647
    endloop
  endfacet
  facet normal -0.980779 -0 -0.195124
    outer loop
      vertex 28.0342 12.7 32.9779
      vertex 28.1363 8 32.4647
      vertex 28.0342 8 32.9779
    endloop
  endfacet
  facet normal -0.659343 0 -0.751842
    outer loop
      vertex 29.1716 8 30.6716
      vertex 29.565 12.7 30.3266
      vertex 29.565 8 30.3266
    endloop
  endfacet
  facet normal -0.659343 0 -0.751842
    outer loop
      vertex 29.565 12.7 30.3266
      vertex 29.1716 8 30.6716
      vertex 29.1716 12.7 30.6716
    endloop
  endfacet
  facet normal -0.94691 0 0.321498
    outer loop
      vertex 28.1363 8 34.5353
      vertex 28.3045 12.7 35.0307
      vertex 28.1363 12.7 34.5353
    endloop
  endfacet
  facet normal -0.94691 0 0.321498
    outer loop
      vertex 28.3045 12.7 35.0307
      vertex 28.1363 8 34.5353
      vertex 28.3045 8 35.0307
    endloop
  endfacet
  facet normal 0.980779 -0 0.195124
    outer loop
      vertex 35.8637 8 52.5353
      vertex 35.9658 12.7 52.0221
      vertex 35.8637 12.7 52.5353
    endloop
  endfacet
  facet normal 0.980779 0 0.195124
    outer loop
      vertex 35.9658 12.7 52.0221
      vertex 35.8637 8 52.5353
      vertex 35.9658 8 52.0221
    endloop
  endfacet
  facet normal 0.997861 -0 0.0653646
    outer loop
      vertex 35.9658 8 52.0221
      vertex 36 12.7 51.5
      vertex 35.9658 12.7 52.0221
    endloop
  endfacet
  facet normal 0.997861 0 0.0653646
    outer loop
      vertex 36 12.7 51.5
      vertex 35.9658 8 52.0221
      vertex 36 8 51.5
    endloop
  endfacet
  facet normal 0.94691 -0 0.321498
    outer loop
      vertex 35.6955 8 53.0307
      vertex 35.8637 12.7 52.5353
      vertex 35.6955 12.7 53.0307
    endloop
  endfacet
  facet normal 0.94691 0 0.321498
    outer loop
      vertex 35.8637 12.7 52.5353
      vertex 35.6955 8 53.0307
      vertex 35.8637 8 52.5353
    endloop
  endfacet
  facet normal 0.831432 -0 0.555626
    outer loop
      vertex 35.1734 8 53.935
      vertex 35.4641 12.7 53.5
      vertex 35.1734 12.7 53.935
    endloop
  endfacet
  facet normal 0.831432 0 0.555626
    outer loop
      vertex 35.4641 12.7 53.5
      vertex 35.1734 8 53.935
      vertex 35.4641 8 53.5
    endloop
  endfacet
  facet normal -0.555626 0 -0.831432
    outer loop
      vertex 29.565 8 48.3266
      vertex 30 12.7 48.0359
      vertex 30 8 48.0359
    endloop
  endfacet
  facet normal -0.555626 0 -0.831432
    outer loop
      vertex 30 12.7 48.0359
      vertex 29.565 8 48.3266
      vertex 29.565 12.7 48.3266
    endloop
  endfacet
  facet normal -0.896898 0 0.442238
    outer loop
      vertex 28.3045 8 53.0307
      vertex 28.5359 12.7 53.5
      vertex 28.3045 12.7 53.0307
    endloop
  endfacet
  facet normal -0.896898 0 0.442238
    outer loop
      vertex 28.5359 12.7 53.5
      vertex 28.3045 8 53.0307
      vertex 28.5359 8 53.5
    endloop
  endfacet
  facet normal 0.980779 0 -0.195124
    outer loop
      vertex 35.9658 8 50.9779
      vertex 35.8637 12.7 50.4647
      vertex 35.9658 12.7 50.9779
    endloop
  endfacet
  facet normal 0.980779 0 -0.195124
    outer loop
      vertex 35.8637 12.7 50.4647
      vertex 35.9658 8 50.9779
      vertex 35.8637 8 50.4647
    endloop
  endfacet
  facet normal -0.555626 0 0.831432
    outer loop
      vertex 29.565 12.7 54.6734
      vertex 30 8 54.9641
      vertex 30 12.7 54.9641
    endloop
  endfacet
  facet normal -0.555626 0 0.831432
    outer loop
      vertex 30 8 54.9641
      vertex 29.565 12.7 54.6734
      vertex 29.565 8 54.6734
    endloop
  endfacet
  facet normal -0.997861 0 0.0653646
    outer loop
      vertex 28 8 51.5
      vertex 28.0342 12.7 52.0221
      vertex 28 12.7 51.5
    endloop
  endfacet
  facet normal -0.997861 0 0.0653646
    outer loop
      vertex 28.0342 12.7 52.0221
      vertex 28 8 51.5
      vertex 28.0342 8 52.0221
    endloop
  endfacet
  facet normal 0.321498 0 0.94691
    outer loop
      vertex 33.0353 12.7 55.3637
      vertex 33.5307 8 55.1955
      vertex 33.5307 12.7 55.1955
    endloop
  endfacet
  facet normal 0.321498 0 0.94691
    outer loop
      vertex 33.5307 8 55.1955
      vertex 33.0353 12.7 55.3637
      vertex 33.0353 8 55.3637
    endloop
  endfacet
  facet normal 0.94691 0 -0.321498
    outer loop
      vertex 35.8637 8 50.4647
      vertex 35.6955 12.7 49.9693
      vertex 35.8637 12.7 50.4647
    endloop
  endfacet
  facet normal 0.94691 0 -0.321498
    outer loop
      vertex 35.6955 12.7 49.9693
      vertex 35.8637 8 50.4647
      vertex 35.6955 8 49.9693
    endloop
  endfacet
  facet normal 0.442238 0 -0.896898
    outer loop
      vertex 33.5307 8 47.8045
      vertex 34 12.7 48.0359
      vertex 34 8 48.0359
    endloop
  endfacet
  facet normal 0.442238 0 -0.896898
    outer loop
      vertex 34 12.7 48.0359
      vertex 33.5307 8 47.8045
      vertex 33.5307 12.7 47.8045
    endloop
  endfacet
  facet normal -0.94691 0 -0.321498
    outer loop
      vertex 28.3045 8 49.9693
      vertex 28.1363 12.7 50.4647
      vertex 28.3045 12.7 49.9693
    endloop
  endfacet
  facet normal -0.94691 -0 -0.321498
    outer loop
      vertex 28.1363 12.7 50.4647
      vertex 28.3045 8 49.9693
      vertex 28.1363 8 50.4647
    endloop
  endfacet
  facet normal 0.896898 -0 0.442238
    outer loop
      vertex 35.4641 8 53.5
      vertex 35.6955 12.7 53.0307
      vertex 35.4641 12.7 53.5
    endloop
  endfacet
  facet normal 0.896898 0 0.442238
    outer loop
      vertex 35.6955 12.7 53.0307
      vertex 35.4641 8 53.5
      vertex 35.6955 8 53.0307
    endloop
  endfacet
  facet normal 0.195124 0 0.980779
    outer loop
      vertex 32.5221 12.7 55.4658
      vertex 33.0353 8 55.3637
      vertex 33.0353 12.7 55.3637
    endloop
  endfacet
  facet normal 0.195124 0 0.980779
    outer loop
      vertex 33.0353 8 55.3637
      vertex 32.5221 12.7 55.4658
      vertex 32.5221 8 55.4658
    endloop
  endfacet
  facet normal 0.555626 0 0.831432
    outer loop
      vertex 34 12.7 54.9641
      vertex 34.435 8 54.6734
      vertex 34.435 12.7 54.6734
    endloop
  endfacet
  facet normal 0.555626 0 0.831432
    outer loop
      vertex 34.435 8 54.6734
      vertex 34 12.7 54.9641
      vertex 34 8 54.9641
    endloop
  endfacet
  facet normal 0.659343 0 0.751842
    outer loop
      vertex 34.435 12.7 54.6734
      vertex 34.8284 8 54.3284
      vertex 34.8284 12.7 54.3284
    endloop
  endfacet
  facet normal 0.659343 0 0.751842
    outer loop
      vertex 34.8284 8 54.3284
      vertex 34.435 12.7 54.6734
      vertex 34.435 8 54.6734
    endloop
  endfacet
  facet normal 0.831432 0 -0.555626
    outer loop
      vertex 35.4641 8 49.5
      vertex 35.1734 12.7 49.065
      vertex 35.4641 12.7 49.5
    endloop
  endfacet
  facet normal 0.831432 0 -0.555626
    outer loop
      vertex 35.1734 12.7 49.065
      vertex 35.4641 8 49.5
      vertex 35.1734 8 49.065
    endloop
  endfacet
  facet normal 0 1 0
    outer loop
      vertex 32 12.7 53.2
      vertex 32 12.7 55.5
      vertex 32.5221 12.7 55.4658
    endloop
  endfacet
  facet normal 0 1 0
    outer loop
      vertex 32.2219 12.7 53.1855
      vertex 32.5221 12.7 55.4658
      vertex 33.0353 12.7 55.3637
    endloop
  endfacet
  facet normal 0 1 0
    outer loop
      vertex 32 12.7 55.5
      vertex 32 12.7 53.2
      vertex 31.4779 12.7 55.4658
    endloop
  endfacet
  facet normal 0 1 0
    outer loop
      vertex 32.44 12.7 53.1421
      vertex 33.0353 12.7 55.3637
      vertex 33.5307 12.7 55.1955
    endloop
  endfacet
  facet normal 0 1 -0
    outer loop
      vertex 31.7781 12.7 53.1855
      vertex 31.4779 12.7 55.4658
      vertex 32 12.7 53.2
    endloop
  endfacet
  facet normal 0 1 0
    outer loop
      vertex 32.6506 12.7 53.0706
      vertex 33.5307 12.7 55.1955
      vertex 34 12.7 54.9641
    endloop
  endfacet
  facet normal 0 1 0
    outer loop
      vertex 31.4779 12.7 55.4658
      vertex 31.7781 12.7 53.1855
      vertex 30.9647 12.7 55.3637
    endloop
  endfacet
  facet normal 0 1 0
    outer loop
      vertex 32.85 12.7 52.9722
      vertex 34 12.7 54.9641
      vertex 34.435 12.7 54.6734
    endloop
  endfacet
  facet normal 0 1 -0
    outer loop
      vertex 31.56 12.7 53.1421
      vertex 30.9647 12.7 55.3637
      vertex 31.7781 12.7 53.1855
    endloop
  endfacet
  facet normal 0 1 0
    outer loop
      vertex 33.0349 12.7 52.8487
      vertex 34.435 12.7 54.6734
      vertex 34.8284 12.7 54.3284
    endloop
  endfacet
  facet normal 0 1 0
    outer loop
      vertex 30.9647 12.7 55.3637
      vertex 31.56 12.7 53.1421
      vertex 30.4693 12.7 55.1955
    endloop
  endfacet
  facet normal 0 1 0
    outer loop
      vertex 33.2021 12.7 52.7021
      vertex 34.8284 12.7 54.3284
      vertex 35.1734 12.7 53.935
    endloop
  endfacet
  facet normal 0 1 -0
    outer loop
      vertex 31.3494 12.7 53.0706
      vertex 30.4693 12.7 55.1955
      vertex 31.56 12.7 53.1421
    endloop
  endfacet
  facet normal 0 1 0
    outer loop
      vertex 33.3487 12.7 52.5349
      vertex 35.1734 12.7 53.935
      vertex 35.4641 12.7 53.5
    endloop
  endfacet
  facet normal 0 1 0
    outer loop
      vertex 30.4693 12.7 55.1955
      vertex 31.3494 12.7 53.0706
      vertex 30 12.7 54.9641
    endloop
  endfacet
  facet normal 0 1 -0
    outer loop
      vertex 31.15 12.7 52.9722
      vertex 30 12.7 54.9641
      vertex 31.3494 12.7 53.0706
    endloop
  endfacet
  facet normal 0 1 0
    outer loop
      vertex 32.5221 12.7 55.4658
      vertex 32.2219 12.7 53.1855
      vertex 32 12.7 53.2
    endloop
  endfacet
  facet normal 0 1 0
    outer loop
      vertex 33.0353 12.7 55.3637
      vertex 32.44 12.7 53.1421
      vertex 32.2219 12.7 53.1855
    endloop
  endfacet
  facet normal 0 1 0
    outer loop
      vertex 33.5307 12.7 55.1955
      vertex 32.6506 12.7 53.0706
      vertex 32.44 12.7 53.1421
    endloop
  endfacet
  facet normal 0 1 0
    outer loop
      vertex 33.4722 12.7 52.35
      vertex 35.4641 12.7 53.5
      vertex 35.6955 12.7 53.0307
    endloop
  endfacet
  facet normal 0 1 0
    outer loop
      vertex 34 12.7 54.9641
      vertex 32.85 12.7 52.9722
      vertex 32.6506 12.7 53.0706
    endloop
  endfacet
  facet normal 0 1 0
    outer loop
      vertex 34.435 12.7 54.6734
      vertex 33.0349 12.7 52.8487
      vertex 32.85 12.7 52.9722
    endloop
  endfacet
  facet normal 0 1 0
    outer loop
      vertex 34.8284 12.7 54.3284
      vertex 33.2021 12.7 52.7021
      vertex 33.0349 12.7 52.8487
    endloop
  endfacet
  facet normal 0 1 0
    outer loop
      vertex 33.5706 12.7 52.1506
      vertex 35.6955 12.7 53.0307
      vertex 35.8637 12.7 52.5353
    endloop
  endfacet
  facet normal 0 1 0
    outer loop
      vertex 35.1734 12.7 53.935
      vertex 33.3487 12.7 52.5349
      vertex 33.2021 12.7 52.7021
    endloop
  endfacet
  facet normal 0 1 0
    outer loop
      vertex 35.4641 12.7 53.5
      vertex 33.4722 12.7 52.35
      vertex 33.3487 12.7 52.5349
    endloop
  endfacet
  facet normal 0 1 0
    outer loop
      vertex 35.6955 12.7 53.0307
      vertex 33.5706 12.7 52.1506
      vertex 33.4722 12.7 52.35
    endloop
  endfacet
  facet normal 0 1 0
    outer loop
      vertex 33.6421 12.7 51.94
      vertex 35.8637 12.7 52.5353
      vertex 35.9658 12.7 52.0221
    endloop
  endfacet
  facet normal 0 1 0
    outer loop
      vertex 35.8637 12.7 52.5353
      vertex 33.6421 12.7 51.94
      vertex 33.5706 12.7 52.1506
    endloop
  endfacet
  facet normal 0 1 0
    outer loop
      vertex 35.9658 12.7 52.0221
      vertex 33.6855 12.7 51.7219
      vertex 33.6421 12.7 51.94
    endloop
  endfacet
  facet normal 0 1 0
    outer loop
      vertex 36 12.7 51.5
      vertex 33.6855 12.7 51.7219
      vertex 35.9658 12.7 52.0221
    endloop
  endfacet
  facet normal 0 1 0
    outer loop
      vertex 36 12.7 51.5
      vertex 33.7 12.7 51.5
      vertex 33.6855 12.7 51.7219
    endloop
  endfacet
  facet normal 0 1 0
    outer loop
      vertex 36 12.7 51.5
      vertex 33.6855 12.7 51.2781
      vertex 33.7 12.7 51.5
    endloop
  endfacet
  facet normal 0 1 -0
    outer loop
      vertex 35.9658 12.7 50.9779
      vertex 33.6855 12.7 51.2781
      vertex 36 12.7 51.5
    endloop
  endfacet
  facet normal 0 1 0
    outer loop
      vertex 33.6855 12.7 51.2781
      vertex 35.9658 12.7 50.9779
      vertex 33.6421 12.7 51.06
    endloop
  endfacet
  facet normal 0 1 -0
    outer loop
      vertex 35.8637 12.7 50.4647
      vertex 33.6421 12.7 51.06
      vertex 35.9658 12.7 50.9779
    endloop
  endfacet
  facet normal 0 1 0
    outer loop
      vertex 33.6421 12.7 51.06
      vertex 35.8637 12.7 50.4647
      vertex 33.5706 12.7 50.8494
    endloop
  endfacet
  facet normal 0 1 -0
    outer loop
      vertex 35.6955 12.7 49.9693
      vertex 33.5706 12.7 50.8494
      vertex 35.8637 12.7 50.4647
    endloop
  endfacet
  facet normal 0 1 0
    outer loop
      vertex 33.5706 12.7 50.8494
      vertex 35.6955 12.7 49.9693
      vertex 33.4722 12.7 50.65
    endloop
  endfacet
  facet normal 0 1 -0
    outer loop
      vertex 35.4641 12.7 49.5
      vertex 33.4722 12.7 50.65
      vertex 35.6955 12.7 49.9693
    endloop
  endfacet
  facet normal 0 1 0
    outer loop
      vertex 33.4722 12.7 50.65
      vertex 35.4641 12.7 49.5
      vertex 33.3487 12.7 50.4651
    endloop
  endfacet
  facet normal 0 1 -0
    outer loop
      vertex 35.1734 12.7 49.065
      vertex 33.3487 12.7 50.4651
      vertex 35.4641 12.7 49.5
    endloop
  endfacet
  facet normal 0 1 0
    outer loop
      vertex 33.3487 12.7 50.4651
      vertex 35.1734 12.7 49.065
      vertex 33.2021 12.7 50.2979
    endloop
  endfacet
  facet normal 0 1 -0
    outer loop
      vertex 34.8284 12.7 48.6716
      vertex 33.2021 12.7 50.2979
      vertex 35.1734 12.7 49.065
    endloop
  endfacet
  facet normal 0 1 0
    outer loop
      vertex 33.2021 12.7 50.2979
      vertex 34.8284 12.7 48.6716
      vertex 33.0349 12.7 50.1513
    endloop
  endfacet
  facet normal 0 1 -0
    outer loop
      vertex 34.435 12.7 48.3266
      vertex 33.0349 12.7 50.1513
      vertex 34.8284 12.7 48.6716
    endloop
  endfacet
  facet normal 0 1 0
    outer loop
      vertex 33.0349 12.7 50.1513
      vertex 34.435 12.7 48.3266
      vertex 32.85 12.7 50.0278
    endloop
  endfacet
  facet normal 0 1 -0
    outer loop
      vertex 34 12.7 48.0359
      vertex 32.85 12.7 50.0278
      vertex 34.435 12.7 48.3266
    endloop
  endfacet
  facet normal 0 1 0
    outer loop
      vertex 30 12.7 54.9641
      vertex 31.15 12.7 52.9722
      vertex 29.565 12.7 54.6734
    endloop
  endfacet
  facet normal 0 1 -0
    outer loop
      vertex 30.9651 12.7 52.8487
      vertex 29.565 12.7 54.6734
      vertex 31.15 12.7 52.9722
    endloop
  endfacet
  facet normal 0 1 0
    outer loop
      vertex 29.565 12.7 54.6734
      vertex 30.9651 12.7 52.8487
      vertex 29.1716 12.7 54.3284
    endloop
  endfacet
  facet normal 0 1 -0
    outer loop
      vertex 30.7979 12.7 52.7021
      vertex 29.1716 12.7 54.3284
      vertex 30.9651 12.7 52.8487
    endloop
  endfacet
  facet normal 0 1 0
    outer loop
      vertex 29.1716 12.7 54.3284
      vertex 30.7979 12.7 52.7021
      vertex 28.8266 12.7 53.935
    endloop
  endfacet
  facet normal 0 1 -0
    outer loop
      vertex 30.6513 12.7 52.5349
      vertex 28.8266 12.7 53.935
      vertex 30.7979 12.7 52.7021
    endloop
  endfacet
  facet normal 0 1 0
    outer loop
      vertex 28.8266 12.7 53.935
      vertex 30.6513 12.7 52.5349
      vertex 28.5359 12.7 53.5
    endloop
  endfacet
  facet normal 0 1 -0
    outer loop
      vertex 30.5278 12.7 52.35
      vertex 28.5359 12.7 53.5
      vertex 30.6513 12.7 52.5349
    endloop
  endfacet
  facet normal 0 1 0
    outer loop
      vertex 28.5359 12.7 53.5
      vertex 30.5278 12.7 52.35
      vertex 28.3045 12.7 53.0307
    endloop
  endfacet
  facet normal 0 1 -0
    outer loop
      vertex 30.4294 12.7 52.1506
      vertex 28.3045 12.7 53.0307
      vertex 30.5278 12.7 52.35
    endloop
  endfacet
  facet normal 0 1 0
    outer loop
      vertex 28.3045 12.7 53.0307
      vertex 30.4294 12.7 52.1506
      vertex 28.1363 12.7 52.5353
    endloop
  endfacet
  facet normal 0 1 -0
    outer loop
      vertex 30.3579 12.7 51.94
      vertex 28.1363 12.7 52.5353
      vertex 30.4294 12.7 52.1506
    endloop
  endfacet
  facet normal 0 1 0
    outer loop
      vertex 28.1363 12.7 52.5353
      vertex 30.3579 12.7 51.94
      vertex 28.0342 12.7 52.0221
    endloop
  endfacet
  facet normal 0 1 -0
    outer loop
      vertex 30.3145 12.7 51.7219
      vertex 28.0342 12.7 52.0221
      vertex 30.3579 12.7 51.94
    endloop
  endfacet
  facet normal 0 1 -0
    outer loop
      vertex 30.3 12.7 51.5
      vertex 28.0342 12.7 52.0221
      vertex 30.3145 12.7 51.7219
    endloop
  endfacet
  facet normal 0 1 0
    outer loop
      vertex 30.3 12.7 51.5
      vertex 28 12.7 51.5
      vertex 28.0342 12.7 52.0221
    endloop
  endfacet
  facet normal 0 1 0
    outer loop
      vertex 30.3145 12.7 51.2781
      vertex 28 12.7 51.5
      vertex 30.3 12.7 51.5
    endloop
  endfacet
  facet normal 0 1 0
    outer loop
      vertex 28.0342 12.7 50.9779
      vertex 30.3145 12.7 51.2781
      vertex 30.3579 12.7 51.06
    endloop
  endfacet
  facet normal 0 1 0
    outer loop
      vertex 30.3145 12.7 51.2781
      vertex 28.0342 12.7 50.9779
      vertex 28 12.7 51.5
    endloop
  endfacet
  facet normal 0 1 0
    outer loop
      vertex 28.1363 12.7 50.4647
      vertex 30.3579 12.7 51.06
      vertex 30.4294 12.7 50.8494
    endloop
  endfacet
  facet normal 0 1 0
    outer loop
      vertex 28.3045 12.7 49.9693
      vertex 30.4294 12.7 50.8494
      vertex 30.5278 12.7 50.65
    endloop
  endfacet
  facet normal 0 1 0
    outer loop
      vertex 28.5359 12.7 49.5
      vertex 30.5278 12.7 50.65
      vertex 30.6513 12.7 50.4651
    endloop
  endfacet
  facet normal 0 1 0
    outer loop
      vertex 30.3579 12.7 51.06
      vertex 28.1363 12.7 50.4647
      vertex 28.0342 12.7 50.9779
    endloop
  endfacet
  facet normal 0 1 0
    outer loop
      vertex 28.8266 12.7 49.065
      vertex 30.6513 12.7 50.4651
      vertex 30.7979 12.7 50.2979
    endloop
  endfacet
  facet normal 0 1 0
    outer loop
      vertex 29.1716 12.7 48.6716
      vertex 30.7979 12.7 50.2979
      vertex 30.9651 12.7 50.1513
    endloop
  endfacet
  facet normal 0 1 0
    outer loop
      vertex 29.565 12.7 48.3266
      vertex 30.9651 12.7 50.1513
      vertex 31.15 12.7 50.0278
    endloop
  endfacet
  facet normal 0 1 0
    outer loop
      vertex 30.4294 12.7 50.8494
      vertex 28.3045 12.7 49.9693
      vertex 28.1363 12.7 50.4647
    endloop
  endfacet
  facet normal 0 1 0
    outer loop
      vertex 30 12.7 48.0359
      vertex 31.15 12.7 50.0278
      vertex 31.3494 12.7 49.9294
    endloop
  endfacet
  facet normal 0 1 0
    outer loop
      vertex 30.4693 12.7 47.8045
      vertex 31.3494 12.7 49.9294
      vertex 31.56 12.7 49.8579
    endloop
  endfacet
  facet normal 0 1 0
    outer loop
      vertex 30.9647 12.7 47.6363
      vertex 31.56 12.7 49.8579
      vertex 31.7781 12.7 49.8145
    endloop
  endfacet
  facet normal 0 1 0
    outer loop
      vertex 31.4779 12.7 47.5342
      vertex 31.7781 12.7 49.8145
      vertex 32 12.7 49.8
    endloop
  endfacet
  facet normal 0 1 0
    outer loop
      vertex 32.85 12.7 50.0278
      vertex 34 12.7 48.0359
      vertex 32.6506 12.7 49.9294
    endloop
  endfacet
  facet normal 0 1 0
    outer loop
      vertex 30.5278 12.7 50.65
      vertex 28.5359 12.7 49.5
      vertex 28.3045 12.7 49.9693
    endloop
  endfacet
  facet normal 0 1 -0
    outer loop
      vertex 33.5307 12.7 47.8045
      vertex 32.6506 12.7 49.9294
      vertex 34 12.7 48.0359
    endloop
  endfacet
  facet normal 0 1 0
    outer loop
      vertex 30.6513 12.7 50.4651
      vertex 28.8266 12.7 49.065
      vertex 28.5359 12.7 49.5
    endloop
  endfacet
  facet normal 0 1 0
    outer loop
      vertex 32.6506 12.7 49.9294
      vertex 33.5307 12.7 47.8045
      vertex 32.44 12.7 49.8579
    endloop
  endfacet
  facet normal 0 1 0
    outer loop
      vertex 30.7979 12.7 50.2979
      vertex 29.1716 12.7 48.6716
      vertex 28.8266 12.7 49.065
    endloop
  endfacet
  facet normal 0 1 -0
    outer loop
      vertex 33.0353 12.7 47.6363
      vertex 32.44 12.7 49.8579
      vertex 33.5307 12.7 47.8045
    endloop
  endfacet
  facet normal 0 1 0
    outer loop
      vertex 30.9651 12.7 50.1513
      vertex 29.565 12.7 48.3266
      vertex 29.1716 12.7 48.6716
    endloop
  endfacet
  facet normal 0 1 0
    outer loop
      vertex 32.44 12.7 49.8579
      vertex 33.0353 12.7 47.6363
      vertex 32.2219 12.7 49.8145
    endloop
  endfacet
  facet normal 0 1 0
    outer loop
      vertex 31.15 12.7 50.0278
      vertex 30 12.7 48.0359
      vertex 29.565 12.7 48.3266
    endloop
  endfacet
  facet normal 0 1 -0
    outer loop
      vertex 32.5221 12.7 47.5342
      vertex 32.2219 12.7 49.8145
      vertex 33.0353 12.7 47.6363
    endloop
  endfacet
  facet normal 0 1 0
    outer loop
      vertex 31.3494 12.7 49.9294
      vertex 30.4693 12.7 47.8045
      vertex 30 12.7 48.0359
    endloop
  endfacet
  facet normal 0 1 0
    outer loop
      vertex 32.2219 12.7 49.8145
      vertex 32.5221 12.7 47.5342
      vertex 32 12.7 49.8
    endloop
  endfacet
  facet normal 0 1 0
    outer loop
      vertex 31.56 12.7 49.8579
      vertex 30.9647 12.7 47.6363
      vertex 30.4693 12.7 47.8045
    endloop
  endfacet
  facet normal 0 1 0
    outer loop
      vertex 32 12.7 47.5
      vertex 32 12.7 49.8
      vertex 32.5221 12.7 47.5342
    endloop
  endfacet
  facet normal 0 1 0
    outer loop
      vertex 31.7781 12.7 49.8145
      vertex 31.4779 12.7 47.5342
      vertex 30.9647 12.7 47.6363
    endloop
  endfacet
  facet normal 0 1 0
    outer loop
      vertex 32 12.7 49.8
      vertex 32 12.7 47.5
      vertex 31.4779 12.7 47.5342
    endloop
  endfacet
  facet normal -0.896898 0 -0.442238
    outer loop
      vertex 28.5359 8 49.5
      vertex 28.3045 12.7 49.9693
      vertex 28.5359 12.7 49.5
    endloop
  endfacet
  facet normal -0.896898 -0 -0.442238
    outer loop
      vertex 28.3045 12.7 49.9693
      vertex 28.5359 8 49.5
      vertex 28.3045 8 49.9693
    endloop
  endfacet
  facet normal -0.0653646 0 0.997861
    outer loop
      vertex 31.4779 12.7 55.4658
      vertex 32 8 55.5
      vertex 32 12.7 55.5
    endloop
  endfacet
  facet normal -0.0653646 0 0.997861
    outer loop
      vertex 32 8 55.5
      vertex 31.4779 12.7 55.4658
      vertex 31.4779 8 55.4658
    endloop
  endfacet
  facet normal -0.751842 0 0.659343
    outer loop
      vertex 28.8266 8 53.935
      vertex 29.1716 12.7 54.3284
      vertex 28.8266 12.7 53.935
    endloop
  endfacet
  facet normal -0.751842 0 0.659343
    outer loop
      vertex 29.1716 12.7 54.3284
      vertex 28.8266 8 53.935
      vertex 29.1716 8 54.3284
    endloop
  endfacet
  facet normal -0.321498 0 -0.94691
    outer loop
      vertex 30.4693 8 47.8045
      vertex 30.9647 12.7 47.6363
      vertex 30.9647 8 47.6363
    endloop
  endfacet
  facet normal -0.321498 0 -0.94691
    outer loop
      vertex 30.9647 12.7 47.6363
      vertex 30.4693 8 47.8045
      vertex 30.4693 12.7 47.8045
    endloop
  endfacet
  facet normal 0.751842 -0 0.659343
    outer loop
      vertex 34.8284 8 54.3284
      vertex 35.1734 12.7 53.935
      vertex 34.8284 12.7 54.3284
    endloop
  endfacet
  facet normal 0.751842 0 0.659343
    outer loop
      vertex 35.1734 12.7 53.935
      vertex 34.8284 8 54.3284
      vertex 35.1734 8 53.935
    endloop
  endfacet
  facet normal -0.659343 0 0.751842
    outer loop
      vertex 29.1716 12.7 54.3284
      vertex 29.565 8 54.6734
      vertex 29.565 12.7 54.6734
    endloop
  endfacet
  facet normal -0.659343 0 0.751842
    outer loop
      vertex 29.565 8 54.6734
      vertex 29.1716 12.7 54.3284
      vertex 29.1716 8 54.3284
    endloop
  endfacet
  facet normal -0.442238 0 0.896898
    outer loop
      vertex 30 12.7 54.9641
      vertex 30.4693 8 55.1955
      vertex 30.4693 12.7 55.1955
    endloop
  endfacet
  facet normal -0.442238 0 0.896898
    outer loop
      vertex 30.4693 8 55.1955
      vertex 30 12.7 54.9641
      vertex 30 8 54.9641
    endloop
  endfacet
  facet normal 0.195124 0 -0.980779
    outer loop
      vertex 32.5221 8 47.5342
      vertex 33.0353 12.7 47.6363
      vertex 33.0353 8 47.6363
    endloop
  endfacet
  facet normal 0.195124 0 -0.980779
    outer loop
      vertex 33.0353 12.7 47.6363
      vertex 32.5221 8 47.5342
      vertex 32.5221 12.7 47.5342
    endloop
  endfacet
  facet normal -0.831432 0 0.555626
    outer loop
      vertex 28.5359 8 53.5
      vertex 28.8266 12.7 53.935
      vertex 28.5359 12.7 53.5
    endloop
  endfacet
  facet normal -0.831432 0 0.555626
    outer loop
      vertex 28.8266 12.7 53.935
      vertex 28.5359 8 53.5
      vertex 28.8266 8 53.935
    endloop
  endfacet
  facet normal 0.442238 0 0.896898
    outer loop
      vertex 33.5307 12.7 55.1955
      vertex 34 8 54.9641
      vertex 34 12.7 54.9641
    endloop
  endfacet
  facet normal 0.442238 0 0.896898
    outer loop
      vertex 34 8 54.9641
      vertex 33.5307 12.7 55.1955
      vertex 33.5307 8 55.1955
    endloop
  endfacet
  facet normal 0.997861 0 -0.0653646
    outer loop
      vertex 36 8 51.5
      vertex 35.9658 12.7 50.9779
      vertex 36 12.7 51.5
    endloop
  endfacet
  facet normal 0.997861 0 -0.0653646
    outer loop
      vertex 35.9658 12.7 50.9779
      vertex 36 8 51.5
      vertex 35.9658 8 50.9779
    endloop
  endfacet
  facet normal -0.321498 0 0.94691
    outer loop
      vertex 30.4693 12.7 55.1955
      vertex 30.9647 8 55.3637
      vertex 30.9647 12.7 55.3637
    endloop
  endfacet
  facet normal -0.321498 0 0.94691
    outer loop
      vertex 30.9647 8 55.3637
      vertex 30.4693 12.7 55.1955
      vertex 30.4693 8 55.1955
    endloop
  endfacet
  facet normal -0.751842 0 -0.659343
    outer loop
      vertex 29.1716 8 48.6716
      vertex 28.8266 12.7 49.065
      vertex 29.1716 12.7 48.6716
    endloop
  endfacet
  facet normal -0.751842 -0 -0.659343
    outer loop
      vertex 28.8266 12.7 49.065
      vertex 29.1716 8 48.6716
      vertex 28.8266 8 49.065
    endloop
  endfacet
  facet normal 0.659343 0 -0.751842
    outer loop
      vertex 34.435 8 48.3266
      vertex 34.8284 12.7 48.6716
      vertex 34.8284 8 48.6716
    endloop
  endfacet
  facet normal 0.659343 0 -0.751842
    outer loop
      vertex 34.8284 12.7 48.6716
      vertex 34.435 8 48.3266
      vertex 34.435 12.7 48.3266
    endloop
  endfacet
  facet normal -0.0653646 0 -0.997861
    outer loop
      vertex 31.4779 8 47.5342
      vertex 32 12.7 47.5
      vertex 32 8 47.5
    endloop
  endfacet
  facet normal -0.0653646 0 -0.997861
    outer loop
      vertex 32 12.7 47.5
      vertex 31.4779 8 47.5342
      vertex 31.4779 12.7 47.5342
    endloop
  endfacet
  facet normal 0.321498 0 -0.94691
    outer loop
      vertex 33.0353 8 47.6363
      vertex 33.5307 12.7 47.8045
      vertex 33.5307 8 47.8045
    endloop
  endfacet
  facet normal 0.321498 0 -0.94691
    outer loop
      vertex 33.5307 12.7 47.8045
      vertex 33.0353 8 47.6363
      vertex 33.0353 12.7 47.6363
    endloop
  endfacet
  facet normal 0.555626 0 -0.831432
    outer loop
      vertex 34 8 48.0359
      vertex 34.435 12.7 48.3266
      vertex 34.435 8 48.3266
    endloop
  endfacet
  facet normal 0.555626 0 -0.831432
    outer loop
      vertex 34.435 12.7 48.3266
      vertex 34 8 48.0359
      vertex 34 12.7 48.0359
    endloop
  endfacet
  facet normal 0.0653646 0 0.997861
    outer loop
      vertex 32 12.7 55.5
      vertex 32.5221 8 55.4658
      vertex 32.5221 12.7 55.4658
    endloop
  endfacet
  facet normal 0.0653646 0 0.997861
    outer loop
      vertex 32.5221 8 55.4658
      vertex 32 12.7 55.5
      vertex 32 8 55.5
    endloop
  endfacet
  facet normal 0.751842 0 -0.659343
    outer loop
      vertex 35.1734 8 49.065
      vertex 34.8284 12.7 48.6716
      vertex 35.1734 12.7 49.065
    endloop
  endfacet
  facet normal 0.751842 0 -0.659343
    outer loop
      vertex 34.8284 12.7 48.6716
      vertex 35.1734 8 49.065
      vertex 34.8284 8 48.6716
    endloop
  endfacet
  facet normal -0.831432 0 -0.555626
    outer loop
      vertex 28.8266 8 49.065
      vertex 28.5359 12.7 49.5
      vertex 28.8266 12.7 49.065
    endloop
  endfacet
  facet normal -0.831432 -0 -0.555626
    outer loop
      vertex 28.5359 12.7 49.5
      vertex 28.8266 8 49.065
      vertex 28.5359 8 49.5
    endloop
  endfacet
  facet normal -0.442238 0 -0.896898
    outer loop
      vertex 30 8 48.0359
      vertex 30.4693 12.7 47.8045
      vertex 30.4693 8 47.8045
    endloop
  endfacet
  facet normal -0.442238 0 -0.896898
    outer loop
      vertex 30.4693 12.7 47.8045
      vertex 30 8 48.0359
      vertex 30 12.7 48.0359
    endloop
  endfacet
  facet normal 0.896898 0 -0.442238
    outer loop
      vertex 35.6955 8 49.9693
      vertex 35.4641 12.7 49.5
      vertex 35.6955 12.7 49.9693
    endloop
  endfacet
  facet normal 0.896898 0 -0.442238
    outer loop
      vertex 35.4641 12.7 49.5
      vertex 35.6955 8 49.9693
      vertex 35.4641 8 49.5
    endloop
  endfacet
  facet normal -0.980779 0 0.195124
    outer loop
      vertex 28.0342 8 52.0221
      vertex 28.1363 12.7 52.5353
      vertex 28.0342 12.7 52.0221
    endloop
  endfacet
  facet normal -0.980779 0 0.195124
    outer loop
      vertex 28.1363 12.7 52.5353
      vertex 28.0342 8 52.0221
      vertex 28.1363 8 52.5353
    endloop
  endfacet
  facet normal -0.195124 0 -0.980779
    outer loop
      vertex 30.9647 8 47.6363
      vertex 31.4779 12.7 47.5342
      vertex 31.4779 8 47.5342
    endloop
  endfacet
  facet normal -0.195124 0 -0.980779
    outer loop
      vertex 31.4779 12.7 47.5342
      vertex 30.9647 8 47.6363
      vertex 30.9647 12.7 47.6363
    endloop
  endfacet
  facet normal 0.0653646 0 -0.997861
    outer loop
      vertex 32 8 47.5
      vertex 32.5221 12.7 47.5342
      vertex 32.5221 8 47.5342
    endloop
  endfacet
  facet normal 0.0653646 0 -0.997861
    outer loop
      vertex 32.5221 12.7 47.5342
      vertex 32 8 47.5
      vertex 32 12.7 47.5
    endloop
  endfacet
  facet normal -0.997861 0 -0.0653646
    outer loop
      vertex 28.0342 8 50.9779
      vertex 28 12.7 51.5
      vertex 28.0342 12.7 50.9779
    endloop
  endfacet
  facet normal -0.997861 -0 -0.0653646
    outer loop
      vertex 28 12.7 51.5
      vertex 28.0342 8 50.9779
      vertex 28 8 51.5
    endloop
  endfacet
  facet normal -0.195124 0 0.980779
    outer loop
      vertex 30.9647 12.7 55.3637
      vertex 31.4779 8 55.4658
      vertex 31.4779 12.7 55.4658
    endloop
  endfacet
  facet normal -0.195124 0 0.980779
    outer loop
      vertex 31.4779 8 55.4658
      vertex 30.9647 12.7 55.3637
      vertex 30.9647 8 55.3637
    endloop
  endfacet
  facet normal -0.980779 0 -0.195124
    outer loop
      vertex 28.1363 8 50.4647
      vertex 28.0342 12.7 50.9779
      vertex 28.1363 12.7 50.4647
    endloop
  endfacet
  facet normal -0.980779 -0 -0.195124
    outer loop
      vertex 28.0342 12.7 50.9779
      vertex 28.1363 8 50.4647
      vertex 28.0342 8 50.9779
    endloop
  endfacet
  facet normal -0.659343 0 -0.751842
    outer loop
      vertex 29.1716 8 48.6716
      vertex 29.565 12.7 48.3266
      vertex 29.565 8 48.3266
    endloop
  endfacet
  facet normal -0.659343 0 -0.751842
    outer loop
      vertex 29.565 12.7 48.3266
      vertex 29.1716 8 48.6716
      vertex 29.1716 12.7 48.6716
    endloop
  endfacet
  facet normal -0.94691 0 0.321498
    outer loop
      vertex 28.1363 8 52.5353
      vertex 28.3045 12.7 53.0307
      vertex 28.1363 12.7 52.5353
    endloop
  endfacet
  facet normal -0.94691 0 0.321498
    outer loop
      vertex 28.3045 12.7 53.0307
      vertex 28.1363 8 52.5353
      vertex 28.3045 8 53.0307
    endloop
  endfacet
  facet normal 0.982164 0 0.188027
    outer loop
      vertex 227.864 12.7 16.5353
      vertex 227.864 12.6205 16.5353
      vertex 227.881 12.7 16.4465
    endloop
  endfacet
  facet normal 0.980815 0 0.19494
    outer loop
      vertex 227.966 8 16.0221
      vertex 227.864 10.5429 16.5353
      vertex 227.864 8 16.5353
    endloop
  endfacet
  facet normal 0.980815 0 0.19494
    outer loop
      vertex 227.864 10.5429 16.5353
      vertex 227.966 8 16.0221
      vertex 227.966 10.9492 16.0221
    endloop
  endfacet
  facet normal 0.997886 0 0.064984
    outer loop
      vertex 228 8 15.5
      vertex 227.966 10.9492 16.0221
      vertex 227.966 8 16.0221
    endloop
  endfacet
  facet normal 0.997886 0 0.064984
    outer loop
      vertex 227.966 10.9492 16.0221
      vertex 228 8 15.5
      vertex 228 11.3625 15.5
    endloop
  endfacet
  facet normal 0.947026 0 0.321156
    outer loop
      vertex 227.696 12.7 17.0307
      vertex 227.864 12.6205 16.5353
      vertex 227.864 12.7 16.5353
    endloop
  endfacet
  facet normal 0.947026 0 0.321156
    outer loop
      vertex 227.864 12.6205 16.5353
      vertex 227.696 12.7 17.0307
      vertex 227.696 12.1766 17.0307
    endloop
  endfacet
  facet normal 0.947026 0 0.321156
    outer loop
      vertex 227.864 8 16.5353
      vertex 227.696 10.1507 17.0307
      vertex 227.696 8 17.0307
    endloop
  endfacet
  facet normal 0.947026 0 0.321156
    outer loop
      vertex 227.696 10.1507 17.0307
      vertex 227.864 8 16.5353
      vertex 227.864 10.5429 16.5353
    endloop
  endfacet
  facet normal -0.555626 0 -0.831432
    outer loop
      vertex 221.565 8 12.3266
      vertex 222 12.7 12.0359
      vertex 222 8 12.0359
    endloop
  endfacet
  facet normal -0.555626 0 -0.831432
    outer loop
      vertex 222 12.7 12.0359
      vertex 221.565 8 12.3266
      vertex 221.565 12.7 12.3266
    endloop
  endfacet
  facet normal -0.896443 0 0.443159
    outer loop
      vertex 220.304 8 17.0307
      vertex 220.536 12.7 17.5
      vertex 220.304 12.7 17.0307
    endloop
  endfacet
  facet normal -0.896443 0 0.443159
    outer loop
      vertex 220.536 12.7 17.5
      vertex 220.304 8 17.0307
      vertex 220.536 8 17.5
    endloop
  endfacet
  facet normal 0.980815 0 -0.19494
    outer loop
      vertex 227.864 8 14.4647
      vertex 227.966 11.7758 14.9779
      vertex 227.966 8 14.9779
    endloop
  endfacet
  facet normal 0.980815 0 -0.19494
    outer loop
      vertex 227.966 11.7758 14.9779
      vertex 227.864 8 14.4647
      vertex 227.864 12.1821 14.4647
    endloop
  endfacet
  facet normal -0.555626 0 0.831432
    outer loop
      vertex 221.565 12.7 18.6734
      vertex 222 8 18.9641
      vertex 222 12.7 18.9641
    endloop
  endfacet
  facet normal -0.555626 0 0.831432
    outer loop
      vertex 222 8 18.9641
      vertex 221.565 12.7 18.6734
      vertex 221.565 8 18.6734
    endloop
  endfacet
  facet normal -0.997886 0 0.064984
    outer loop
      vertex 220 8 15.5
      vertex 220.034 12.7 16.0221
      vertex 220 12.7 15.5
    endloop
  endfacet
  facet normal -0.997886 0 0.064984
    outer loop
      vertex 220.034 12.7 16.0221
      vertex 220 8 15.5
      vertex 220.034 8 16.0221
    endloop
  endfacet
  facet normal 0.32115 0 0.947028
    outer loop
      vertex 225.035 12.7 19.3637
      vertex 225.531 8 19.1955
      vertex 225.531 12.7 19.1955
    endloop
  endfacet
  facet normal 0.32115 0 0.947028
    outer loop
      vertex 225.531 8 19.1955
      vertex 225.035 12.7 19.3637
      vertex 225.035 8 19.3637
    endloop
  endfacet
  facet normal 0.947026 0 -0.321156
    outer loop
      vertex 227.696 8 13.9693
      vertex 227.864 12.1821 14.4647
      vertex 227.864 8 14.4647
    endloop
  endfacet
  facet normal 0.947026 0 -0.321156
    outer loop
      vertex 227.864 12.1821 14.4647
      vertex 227.696 8 13.9693
      vertex 227.696 12.5743 13.9693
    endloop
  endfacet
  facet normal 0.442465 0 -0.896786
    outer loop
      vertex 225.531 8 11.8045
      vertex 226 12.7 12.0359
      vertex 226 8 12.0359
    endloop
  endfacet
  facet normal 0.442465 0 -0.896786
    outer loop
      vertex 226 12.7 12.0359
      vertex 225.531 8 11.8045
      vertex 225.531 12.7 11.8045
    endloop
  endfacet
  facet normal -0.947026 0 -0.321156
    outer loop
      vertex 220.304 8 13.9693
      vertex 220.136 12.7 14.4647
      vertex 220.304 12.7 13.9693
    endloop
  endfacet
  facet normal -0.947026 -0 -0.321156
    outer loop
      vertex 220.136 12.7 14.4647
      vertex 220.304 8 13.9693
      vertex 220.136 8 14.4647
    endloop
  endfacet
  facet normal 0.896443 0 0.443159
    outer loop
      vertex 227.464 12.7 17.5
      vertex 227.696 12.1766 17.0307
      vertex 227.696 12.7 17.0307
    endloop
  endfacet
  facet normal 0.896443 0 0.443159
    outer loop
      vertex 227.696 12.1766 17.0307
      vertex 227.464 12.7 17.5
      vertex 227.464 11.7562 17.5
    endloop
  endfacet
  facet normal 0.896443 0 0.443159
    outer loop
      vertex 227.696 8 17.0307
      vertex 227.464 9.77917 17.5
      vertex 227.464 8 17.5
    endloop
  endfacet
  facet normal 0.896443 0 0.443159
    outer loop
      vertex 227.464 9.77917 17.5
      vertex 227.696 8 17.0307
      vertex 227.696 10.1507 17.0307
    endloop
  endfacet
  facet normal 0.195197 0 0.980764
    outer loop
      vertex 224.522 12.7 19.4658
      vertex 225.035 8 19.3637
      vertex 225.035 12.7 19.3637
    endloop
  endfacet
  facet normal 0.195197 0 0.980764
    outer loop
      vertex 225.035 8 19.3637
      vertex 224.522 12.7 19.4658
      vertex 224.522 8 19.4658
    endloop
  endfacet
  facet normal 0.555626 0 0.831432
    outer loop
      vertex 226 12.7 18.9641
      vertex 226.435 10.7051 18.6734
      vertex 226.435 12.7 18.6734
    endloop
  endfacet
  facet normal 0.555626 0 0.831432
    outer loop
      vertex 226.435 10.7051 18.6734
      vertex 226 12.7 18.9641
      vertex 226 10.4447 18.9641
    endloop
  endfacet
  facet normal 0.555626 0 0.831432
    outer loop
      vertex 226 8.62009 18.9641
      vertex 226.435 8 18.6734
      vertex 226.435 8.85021 18.6734
    endloop
  endfacet
  facet normal 0.555626 0 0.831432
    outer loop
      vertex 226.435 8 18.6734
      vertex 226 8.62009 18.9641
      vertex 226 8 18.9641
    endloop
  endfacet
  facet normal 0.659722 0 0.75151
    outer loop
      vertex 226.435 12.7 18.6734
      vertex 226.828 11.0141 18.3284
      vertex 226.828 12.7 18.3284
    endloop
  endfacet
  facet normal 0.659722 0 0.75151
    outer loop
      vertex 226.828 11.0141 18.3284
      vertex 226.435 12.7 18.6734
      vertex 226.435 10.7051 18.6734
    endloop
  endfacet
  facet normal 0.659722 0 0.75151
    outer loop
      vertex 226.435 8.85021 18.6734
      vertex 226.828 8 18.3284
      vertex 226.828 9.12333 18.3284
    endloop
  endfacet
  facet normal 0.659722 0 0.75151
    outer loop
      vertex 226.828 8 18.3284
      vertex 226.435 8.85021 18.6734
      vertex 226.435 8 18.6734
    endloop
  endfacet
  facet normal 0.831167 0 -0.556022
    outer loop
      vertex 227.464 8 13.5
      vertex 227.173 12.7 13.065
      vertex 227.464 12.7 13.5
    endloop
  endfacet
  facet normal 0.831167 0 -0.556022
    outer loop
      vertex 227.173 12.7 13.065
      vertex 227.464 8 13.5
      vertex 227.173 8 13.065
    endloop
  endfacet
  facet normal 0 1 -0
    outer loop
      vertex 227.464 12.7 13.5
      vertex 226 12.7 13.8105
      vertex 227.617 12.7 13.8105
    endloop
  endfacet
  facet normal 0 1 -0
    outer loop
      vertex 227.173 12.7 13.065
      vertex 226 12.7 13.8105
      vertex 227.464 12.7 13.5
    endloop
  endfacet
  facet normal 0 1 0
    outer loop
      vertex 224 12.7 17.2
      vertex 224 12.7 19.5
      vertex 224.522 12.7 19.4658
    endloop
  endfacet
  facet normal 0 1 0
    outer loop
      vertex 224.222 12.7 17.1855
      vertex 224.522 12.7 19.4658
      vertex 225.035 12.7 19.3637
    endloop
  endfacet
  facet normal 0 1 0
    outer loop
      vertex 224 12.7 19.5
      vertex 224 12.7 17.2
      vertex 223.478 12.7 19.4658
    endloop
  endfacet
  facet normal 0 1 0
    outer loop
      vertex 224.44 12.7 17.1421
      vertex 225.035 12.7 19.3637
      vertex 225.531 12.7 19.1955
    endloop
  endfacet
  facet normal 0 1 -0
    outer loop
      vertex 223.778 12.7 17.1855
      vertex 223.478 12.7 19.4658
      vertex 224 12.7 17.2
    endloop
  endfacet
  facet normal 0 1 0
    outer loop
      vertex 224.651 12.7 17.0706
      vertex 225.531 12.7 19.1955
      vertex 226 12.7 18.9641
    endloop
  endfacet
  facet normal 0 1 0
    outer loop
      vertex 223.478 12.7 19.4658
      vertex 223.778 12.7 17.1855
      vertex 222.965 12.7 19.3637
    endloop
  endfacet
  facet normal 0 1 0
    outer loop
      vertex 224.85 12.7 16.9722
      vertex 226 12.7 18.9641
      vertex 226.435 12.7 18.6734
    endloop
  endfacet
  facet normal 0 1 -0
    outer loop
      vertex 223.56 12.7 17.1421
      vertex 222.965 12.7 19.3637
      vertex 223.778 12.7 17.1855
    endloop
  endfacet
  facet normal 0 1 0
    outer loop
      vertex 225.035 12.7 16.8487
      vertex 226.435 12.7 18.6734
      vertex 226.828 12.7 18.3284
    endloop
  endfacet
  facet normal 0 1 0
    outer loop
      vertex 222.965 12.7 19.3637
      vertex 223.56 12.7 17.1421
      vertex 222.469 12.7 19.1955
    endloop
  endfacet
  facet normal 0 1 0
    outer loop
      vertex 226 12.7 16.4465
      vertex 226.828 12.7 18.3284
      vertex 227.173 12.7 17.935
    endloop
  endfacet
  facet normal 0 1 -0
    outer loop
      vertex 223.349 12.7 17.0706
      vertex 222.469 12.7 19.1955
      vertex 223.56 12.7 17.1421
    endloop
  endfacet
  facet normal 0 1 0
    outer loop
      vertex 226 12.7 16.4465
      vertex 227.173 12.7 17.935
      vertex 227.464 12.7 17.5
    endloop
  endfacet
  facet normal 0 1 0
    outer loop
      vertex 222.469 12.7 19.1955
      vertex 223.349 12.7 17.0706
      vertex 222 12.7 18.9641
    endloop
  endfacet
  facet normal 0 1 -0
    outer loop
      vertex 223.15 12.7 16.9722
      vertex 222 12.7 18.9641
      vertex 223.349 12.7 17.0706
    endloop
  endfacet
  facet normal 0 1 0
    outer loop
      vertex 224.522 12.7 19.4658
      vertex 224.222 12.7 17.1855
      vertex 224 12.7 17.2
    endloop
  endfacet
  facet normal 0 1 0
    outer loop
      vertex 225.035 12.7 19.3637
      vertex 224.44 12.7 17.1421
      vertex 224.222 12.7 17.1855
    endloop
  endfacet
  facet normal 0 1 0
    outer loop
      vertex 225.531 12.7 19.1955
      vertex 224.651 12.7 17.0706
      vertex 224.44 12.7 17.1421
    endloop
  endfacet
  facet normal 0 1 0
    outer loop
      vertex 226 12.7 16.4465
      vertex 227.464 12.7 17.5
      vertex 227.696 12.7 17.0307
    endloop
  endfacet
  facet normal 0 1 0
    outer loop
      vertex 226 12.7 18.9641
      vertex 224.85 12.7 16.9722
      vertex 224.651 12.7 17.0706
    endloop
  endfacet
  facet normal 0 1 0
    outer loop
      vertex 226.435 12.7 18.6734
      vertex 225.035 12.7 16.8487
      vertex 224.85 12.7 16.9722
    endloop
  endfacet
  facet normal 0 1 0
    outer loop
      vertex 226.828 12.7 18.3284
      vertex 226 12.7 16.4465
      vertex 225.202 12.7 16.7021
    endloop
  endfacet
  facet normal 0 1 0
    outer loop
      vertex 226 12.7 16.4465
      vertex 227.696 12.7 17.0307
      vertex 227.864 12.7 16.5353
    endloop
  endfacet
  facet normal 0 1 0
    outer loop
      vertex 226.828 12.7 18.3284
      vertex 225.202 12.7 16.7021
      vertex 225.035 12.7 16.8487
    endloop
  endfacet
  facet normal 0 1 0
    outer loop
      vertex 226 12.7 16.4465
      vertex 227.864 12.7 16.5353
      vertex 227.881 12.7 16.4465
    endloop
  endfacet
  facet normal 0 1 0
    outer loop
      vertex 225.202 12.7 16.7021
      vertex 226 12.7 16.4465
      vertex 225.349 12.7 16.5349
    endloop
  endfacet
  facet normal 0 1 0
    outer loop
      vertex 226 12.7 16.4465
      vertex 225.472 12.7 16.35
      vertex 225.349 12.7 16.5349
    endloop
  endfacet
  facet normal 0 1 0
    outer loop
      vertex 226 12.7 16.4465
      vertex 225.571 12.7 16.1506
      vertex 225.472 12.7 16.35
    endloop
  endfacet
  facet normal 0 1 0
    outer loop
      vertex 226 12.7 16.4465
      vertex 225.642 12.7 15.94
      vertex 225.571 12.7 16.1506
    endloop
  endfacet
  facet normal 0 1 0
    outer loop
      vertex 226 12.7 16.4465
      vertex 225.685 12.7 15.7219
      vertex 225.642 12.7 15.94
    endloop
  endfacet
  facet normal 0 1 0
    outer loop
      vertex 226 12.7 16.4465
      vertex 225.7 12.7 15.5
      vertex 225.685 12.7 15.7219
    endloop
  endfacet
  facet normal 0 1 0
    outer loop
      vertex 226 12.7 16.4465
      vertex 225.685 12.7 15.2781
      vertex 225.7 12.7 15.5
    endloop
  endfacet
  facet normal 0 1 -0
    outer loop
      vertex 226 12.7 13.8105
      vertex 225.685 12.7 15.2781
      vertex 226 12.7 16.4465
    endloop
  endfacet
  facet normal 0 1 0
    outer loop
      vertex 225.685 12.7 15.2781
      vertex 226 12.7 13.8105
      vertex 225.642 12.7 15.06
    endloop
  endfacet
  facet normal 0 1 0
    outer loop
      vertex 226 12.7 13.8105
      vertex 225.571 12.7 14.8494
      vertex 225.642 12.7 15.06
    endloop
  endfacet
  facet normal 0 1 0
    outer loop
      vertex 226 12.7 13.8105
      vertex 225.472 12.7 14.65
      vertex 225.571 12.7 14.8494
    endloop
  endfacet
  facet normal 0 1 0
    outer loop
      vertex 226 12.7 13.8105
      vertex 225.349 12.7 14.4651
      vertex 225.472 12.7 14.65
    endloop
  endfacet
  facet normal 0 1 0
    outer loop
      vertex 226 12.7 13.8105
      vertex 225.202 12.7 14.2979
      vertex 225.349 12.7 14.4651
    endloop
  endfacet
  facet normal 0 1 0
    outer loop
      vertex 226 12.7 13.8105
      vertex 225.035 12.7 14.1513
      vertex 225.202 12.7 14.2979
    endloop
  endfacet
  facet normal 0 1 0
    outer loop
      vertex 226 12.7 13.8105
      vertex 224.85 12.7 14.0278
      vertex 225.035 12.7 14.1513
    endloop
  endfacet
  facet normal 0 1 0
    outer loop
      vertex 226 12.7 13.8105
      vertex 224.651 12.7 13.9294
      vertex 224.85 12.7 14.0278
    endloop
  endfacet
  facet normal 0 1 0
    outer loop
      vertex 226 12.7 13.8105
      vertex 224.44 12.7 13.8579
      vertex 224.651 12.7 13.9294
    endloop
  endfacet
  facet normal 0 1 0
    outer loop
      vertex 226 12.7 13.8105
      vertex 224.222 12.7 13.8145
      vertex 224.44 12.7 13.8579
    endloop
  endfacet
  facet normal 0 1 0
    outer loop
      vertex 224.222 12.7 13.8145
      vertex 226 12.7 13.8105
      vertex 224 12.7 13.8
    endloop
  endfacet
  facet normal 0 1 0
    outer loop
      vertex 222 12.7 18.9641
      vertex 223.15 12.7 16.9722
      vertex 221.565 12.7 18.6734
    endloop
  endfacet
  facet normal 0 1 -0
    outer loop
      vertex 222.965 12.7 16.8487
      vertex 221.565 12.7 18.6734
      vertex 223.15 12.7 16.9722
    endloop
  endfacet
  facet normal 0 1 0
    outer loop
      vertex 221.565 12.7 18.6734
      vertex 222.965 12.7 16.8487
      vertex 221.172 12.7 18.3284
    endloop
  endfacet
  facet normal 0 1 -0
    outer loop
      vertex 222.798 12.7 16.7021
      vertex 221.172 12.7 18.3284
      vertex 222.965 12.7 16.8487
    endloop
  endfacet
  facet normal 0 1 0
    outer loop
      vertex 221.172 12.7 18.3284
      vertex 222.798 12.7 16.7021
      vertex 220.827 12.7 17.935
    endloop
  endfacet
  facet normal 0 1 -0
    outer loop
      vertex 222.651 12.7 16.5349
      vertex 220.827 12.7 17.935
      vertex 222.798 12.7 16.7021
    endloop
  endfacet
  facet normal 0 1 0
    outer loop
      vertex 220.827 12.7 17.935
      vertex 222.651 12.7 16.5349
      vertex 220.536 12.7 17.5
    endloop
  endfacet
  facet normal 0 1 -0
    outer loop
      vertex 222.528 12.7 16.35
      vertex 220.536 12.7 17.5
      vertex 222.651 12.7 16.5349
    endloop
  endfacet
  facet normal 0 1 0
    outer loop
      vertex 220.536 12.7 17.5
      vertex 222.528 12.7 16.35
      vertex 220.304 12.7 17.0307
    endloop
  endfacet
  facet normal 0 1 -0
    outer loop
      vertex 222.429 12.7 16.1506
      vertex 220.304 12.7 17.0307
      vertex 222.528 12.7 16.35
    endloop
  endfacet
  facet normal 0 1 0
    outer loop
      vertex 220.304 12.7 17.0307
      vertex 222.429 12.7 16.1506
      vertex 220.136 12.7 16.5353
    endloop
  endfacet
  facet normal 0 1 -0
    outer loop
      vertex 222.358 12.7 15.94
      vertex 220.136 12.7 16.5353
      vertex 222.429 12.7 16.1506
    endloop
  endfacet
  facet normal 0 1 0
    outer loop
      vertex 220.136 12.7 16.5353
      vertex 222.358 12.7 15.94
      vertex 220.034 12.7 16.0221
    endloop
  endfacet
  facet normal 0 1 -0
    outer loop
      vertex 222.315 12.7 15.7219
      vertex 220.034 12.7 16.0221
      vertex 222.358 12.7 15.94
    endloop
  endfacet
  facet normal 0 1 -0
    outer loop
      vertex 222.3 12.7 15.5
      vertex 220.034 12.7 16.0221
      vertex 222.315 12.7 15.7219
    endloop
  endfacet
  facet normal 0 1 0
    outer loop
      vertex 222.3 12.7 15.5
      vertex 220 12.7 15.5
      vertex 220.034 12.7 16.0221
    endloop
  endfacet
  facet normal 0 1 0
    outer loop
      vertex 222.315 12.7 15.2781
      vertex 220 12.7 15.5
      vertex 222.3 12.7 15.5
    endloop
  endfacet
  facet normal 0 1 0
    outer loop
      vertex 220.034 12.7 14.9779
      vertex 222.315 12.7 15.2781
      vertex 222.358 12.7 15.06
    endloop
  endfacet
  facet normal 0 1 0
    outer loop
      vertex 222.315 12.7 15.2781
      vertex 220.034 12.7 14.9779
      vertex 220 12.7 15.5
    endloop
  endfacet
  facet normal 0 1 0
    outer loop
      vertex 220.136 12.7 14.4647
      vertex 222.358 12.7 15.06
      vertex 222.429 12.7 14.8494
    endloop
  endfacet
  facet normal 0 1 0
    outer loop
      vertex 220.304 12.7 13.9693
      vertex 222.429 12.7 14.8494
      vertex 222.528 12.7 14.65
    endloop
  endfacet
  facet normal 0 1 0
    outer loop
      vertex 220.536 12.7 13.5
      vertex 222.528 12.7 14.65
      vertex 222.651 12.7 14.4651
    endloop
  endfacet
  facet normal 0 1 0
    outer loop
      vertex 222.358 12.7 15.06
      vertex 220.136 12.7 14.4647
      vertex 220.034 12.7 14.9779
    endloop
  endfacet
  facet normal 0 1 0
    outer loop
      vertex 220.827 12.7 13.065
      vertex 222.651 12.7 14.4651
      vertex 222.798 12.7 14.2979
    endloop
  endfacet
  facet normal 0 1 0
    outer loop
      vertex 221.172 12.7 12.6716
      vertex 222.798 12.7 14.2979
      vertex 222.965 12.7 14.1513
    endloop
  endfacet
  facet normal 0 1 0
    outer loop
      vertex 221.565 12.7 12.3266
      vertex 222.965 12.7 14.1513
      vertex 223.15 12.7 14.0278
    endloop
  endfacet
  facet normal 0 1 0
    outer loop
      vertex 222.429 12.7 14.8494
      vertex 220.304 12.7 13.9693
      vertex 220.136 12.7 14.4647
    endloop
  endfacet
  facet normal 0 1 0
    outer loop
      vertex 222 12.7 12.0359
      vertex 223.15 12.7 14.0278
      vertex 223.349 12.7 13.9294
    endloop
  endfacet
  facet normal 0 1 0
    outer loop
      vertex 222.469 12.7 11.8045
      vertex 223.349 12.7 13.9294
      vertex 223.56 12.7 13.8579
    endloop
  endfacet
  facet normal 0 1 0
    outer loop
      vertex 222.965 12.7 11.6363
      vertex 223.56 12.7 13.8579
      vertex 223.778 12.7 13.8145
    endloop
  endfacet
  facet normal 0 1 0
    outer loop
      vertex 223.478 12.7 11.5342
      vertex 223.778 12.7 13.8145
      vertex 224 12.7 13.8
    endloop
  endfacet
  facet normal 0 1 -0
    outer loop
      vertex 226.828 12.7 12.6716
      vertex 226 12.7 13.8105
      vertex 227.173 12.7 13.065
    endloop
  endfacet
  facet normal 0 1 0
    outer loop
      vertex 222.528 12.7 14.65
      vertex 220.536 12.7 13.5
      vertex 220.304 12.7 13.9693
    endloop
  endfacet
  facet normal 0 1 -0
    outer loop
      vertex 226.435 12.7 12.3266
      vertex 226 12.7 13.8105
      vertex 226.828 12.7 12.6716
    endloop
  endfacet
  facet normal 0 1 0
    outer loop
      vertex 222.651 12.7 14.4651
      vertex 220.827 12.7 13.065
      vertex 220.536 12.7 13.5
    endloop
  endfacet
  facet normal 0 1 0
    outer loop
      vertex 226 12.7 12.0359
      vertex 226 12.7 13.8105
      vertex 226.435 12.7 12.3266
    endloop
  endfacet
  facet normal 0 1 0
    outer loop
      vertex 222.798 12.7 14.2979
      vertex 221.172 12.7 12.6716
      vertex 220.827 12.7 13.065
    endloop
  endfacet
  facet normal 0 1 0
    outer loop
      vertex 225.531 12.7 11.8045
      vertex 226 12.7 13.8105
      vertex 226 12.7 12.0359
    endloop
  endfacet
  facet normal 0 1 0
    outer loop
      vertex 222.965 12.7 14.1513
      vertex 221.565 12.7 12.3266
      vertex 221.172 12.7 12.6716
    endloop
  endfacet
  facet normal 0 1 0
    outer loop
      vertex 226 12.7 13.8105
      vertex 225.531 12.7 11.8045
      vertex 224 12.7 13.8
    endloop
  endfacet
  facet normal 0 1 0
    outer loop
      vertex 223.15 12.7 14.0278
      vertex 222 12.7 12.0359
      vertex 221.565 12.7 12.3266
    endloop
  endfacet
  facet normal 0 1 -0
    outer loop
      vertex 225.035 12.7 11.6363
      vertex 224 12.7 13.8
      vertex 225.531 12.7 11.8045
    endloop
  endfacet
  facet normal 0 1 0
    outer loop
      vertex 223.349 12.7 13.9294
      vertex 222.469 12.7 11.8045
      vertex 222 12.7 12.0359
    endloop
  endfacet
  facet normal 0 1 -0
    outer loop
      vertex 224.522 12.7 11.5342
      vertex 224 12.7 13.8
      vertex 225.035 12.7 11.6363
    endloop
  endfacet
  facet normal 0 1 0
    outer loop
      vertex 223.56 12.7 13.8579
      vertex 222.965 12.7 11.6363
      vertex 222.469 12.7 11.8045
    endloop
  endfacet
  facet normal 0 1 0
    outer loop
      vertex 224 12.7 11.5
      vertex 224 12.7 13.8
      vertex 224.522 12.7 11.5342
    endloop
  endfacet
  facet normal 0 1 0
    outer loop
      vertex 223.778 12.7 13.8145
      vertex 223.478 12.7 11.5342
      vertex 222.965 12.7 11.6363
    endloop
  endfacet
  facet normal 0 1 0
    outer loop
      vertex 224 12.7 13.8
      vertex 224 12.7 11.5
      vertex 223.478 12.7 11.5342
    endloop
  endfacet
  facet normal -0.896443 0 -0.443159
    outer loop
      vertex 220.536 8 13.5
      vertex 220.304 12.7 13.9693
      vertex 220.536 12.7 13.5
    endloop
  endfacet
  facet normal -0.896443 -0 -0.443159
    outer loop
      vertex 220.304 12.7 13.9693
      vertex 220.536 8 13.5
      vertex 220.304 8 13.9693
    endloop
  endfacet
  facet normal -0.0653771 0 0.997861
    outer loop
      vertex 223.478 12.7 19.4658
      vertex 224 8 19.5
      vertex 224 12.7 19.5
    endloop
  endfacet
  facet normal -0.0653771 0 0.997861
    outer loop
      vertex 224 8 19.5
      vertex 223.478 12.7 19.4658
      vertex 223.478 8 19.4658
    endloop
  endfacet
  facet normal -0.751842 0 0.659343
    outer loop
      vertex 220.827 8 17.935
      vertex 221.172 12.7 18.3284
      vertex 220.827 12.7 17.935
    endloop
  endfacet
  facet normal -0.751842 0 0.659343
    outer loop
      vertex 221.172 12.7 18.3284
      vertex 220.827 8 17.935
      vertex 221.172 8 18.3284
    endloop
  endfacet
  facet normal -0.32115 0 -0.947028
    outer loop
      vertex 222.469 8 11.8045
      vertex 222.965 12.7 11.6363
      vertex 222.965 8 11.6363
    endloop
  endfacet
  facet normal -0.32115 0 -0.947028
    outer loop
      vertex 222.965 12.7 11.6363
      vertex 222.469 8 11.8045
      vertex 222.469 12.7 11.8045
    endloop
  endfacet
  facet normal 0.751842 0 0.659343
    outer loop
      vertex 226.828 12.7 18.3284
      vertex 227.173 11.3665 17.935
      vertex 227.173 12.7 17.935
    endloop
  endfacet
  facet normal 0.751842 0 0.659343
    outer loop
      vertex 227.173 11.3665 17.935
      vertex 226.828 12.7 18.3284
      vertex 226.828 11.0141 18.3284
    endloop
  endfacet
  facet normal 0.751842 0 0.659343
    outer loop
      vertex 227.173 8 17.935
      vertex 226.828 9.12333 18.3284
      vertex 226.828 8 18.3284
    endloop
  endfacet
  facet normal 0.751842 0 0.659343
    outer loop
      vertex 226.828 9.12333 18.3284
      vertex 227.173 8 17.935
      vertex 227.173 9.43476 17.935
    endloop
  endfacet
  facet normal -0.659722 0 0.75151
    outer loop
      vertex 221.172 12.7 18.3284
      vertex 221.565 8 18.6734
      vertex 221.565 12.7 18.6734
    endloop
  endfacet
  facet normal -0.659722 0 0.75151
    outer loop
      vertex 221.565 8 18.6734
      vertex 221.172 12.7 18.3284
      vertex 221.172 8 18.3284
    endloop
  endfacet
  facet normal -0.442465 0 0.896786
    outer loop
      vertex 222 12.7 18.9641
      vertex 222.469 8 19.1955
      vertex 222.469 12.7 19.1955
    endloop
  endfacet
  facet normal -0.442465 0 0.896786
    outer loop
      vertex 222.469 8 19.1955
      vertex 222 12.7 18.9641
      vertex 222 8 18.9641
    endloop
  endfacet
  facet normal 0.195197 0 -0.980764
    outer loop
      vertex 224.522 8 11.5342
      vertex 225.035 12.7 11.6363
      vertex 225.035 8 11.6363
    endloop
  endfacet
  facet normal 0.195197 0 -0.980764
    outer loop
      vertex 225.035 12.7 11.6363
      vertex 224.522 8 11.5342
      vertex 224.522 12.7 11.5342
    endloop
  endfacet
  facet normal -0.831167 0 0.556022
    outer loop
      vertex 220.536 8 17.5
      vertex 220.827 12.7 17.935
      vertex 220.536 12.7 17.5
    endloop
  endfacet
  facet normal -0.831167 0 0.556022
    outer loop
      vertex 220.827 12.7 17.935
      vertex 220.536 8 17.5
      vertex 220.827 8 17.935
    endloop
  endfacet
  facet normal 0.442465 0 0.896786
    outer loop
      vertex 225.531 12.7 19.1955
      vertex 226 10.4447 18.9641
      vertex 226 12.7 18.9641
    endloop
  endfacet
  facet normal 0.442465 -0 0.896786
    outer loop
      vertex 225.531 8 19.1955
      vertex 226 10.4447 18.9641
      vertex 225.531 12.7 19.1955
    endloop
  endfacet
  facet normal 0.442465 0 0.896786
    outer loop
      vertex 226 10.4447 18.9641
      vertex 225.531 8 19.1955
      vertex 226 8.62009 18.9641
    endloop
  endfacet
  facet normal 0.442465 0 0.896786
    outer loop
      vertex 226 8.62009 18.9641
      vertex 225.531 8 19.1955
      vertex 226 8 18.9641
    endloop
  endfacet
  facet normal 0.997886 0 -0.064984
    outer loop
      vertex 227.966 8 14.9779
      vertex 228 11.3625 15.5
      vertex 228 8 15.5
    endloop
  endfacet
  facet normal 0.997886 0 -0.064984
    outer loop
      vertex 228 11.3625 15.5
      vertex 227.966 8 14.9779
      vertex 227.966 11.7758 14.9779
    endloop
  endfacet
  facet normal 0.831167 0 0.556022
    outer loop
      vertex 227.173 12.7 17.935
      vertex 227.464 11.7562 17.5
      vertex 227.464 12.7 17.5
    endloop
  endfacet
  facet normal 0.831167 0 0.556022
    outer loop
      vertex 227.464 11.7562 17.5
      vertex 227.173 12.7 17.935
      vertex 227.173 11.3665 17.935
    endloop
  endfacet
  facet normal 0.831167 0 0.556022
    outer loop
      vertex 227.464 8 17.5
      vertex 227.173 9.43476 17.935
      vertex 227.173 8 17.935
    endloop
  endfacet
  facet normal 0.831167 0 0.556022
    outer loop
      vertex 227.173 9.43476 17.935
      vertex 227.464 8 17.5
      vertex 227.464 9.77917 17.5
    endloop
  endfacet
  facet normal -0.32115 0 0.947028
    outer loop
      vertex 222.469 12.7 19.1955
      vertex 222.965 8 19.3637
      vertex 222.965 12.7 19.3637
    endloop
  endfacet
  facet normal -0.32115 0 0.947028
    outer loop
      vertex 222.965 8 19.3637
      vertex 222.469 12.7 19.1955
      vertex 222.469 8 19.1955
    endloop
  endfacet
  facet normal -0.751842 0 -0.659343
    outer loop
      vertex 221.172 8 12.6716
      vertex 220.827 12.7 13.065
      vertex 221.172 12.7 12.6716
    endloop
  endfacet
  facet normal -0.751842 -0 -0.659343
    outer loop
      vertex 220.827 12.7 13.065
      vertex 221.172 8 12.6716
      vertex 220.827 8 13.065
    endloop
  endfacet
  facet normal 0.659722 0 -0.75151
    outer loop
      vertex 226.435 8 12.3266
      vertex 226.828 12.7 12.6716
      vertex 226.828 8 12.6716
    endloop
  endfacet
  facet normal 0.659722 0 -0.75151
    outer loop
      vertex 226.828 12.7 12.6716
      vertex 226.435 8 12.3266
      vertex 226.435 12.7 12.3266
    endloop
  endfacet
  facet normal -0.0653771 0 -0.997861
    outer loop
      vertex 223.478 8 11.5342
      vertex 224 12.7 11.5
      vertex 224 8 11.5
    endloop
  endfacet
  facet normal -0.0653771 0 -0.997861
    outer loop
      vertex 224 12.7 11.5
      vertex 223.478 8 11.5342
      vertex 223.478 12.7 11.5342
    endloop
  endfacet
  facet normal 0.32115 0 -0.947028
    outer loop
      vertex 225.035 8 11.6363
      vertex 225.531 12.7 11.8045
      vertex 225.531 8 11.8045
    endloop
  endfacet
  facet normal 0.32115 0 -0.947028
    outer loop
      vertex 225.531 12.7 11.8045
      vertex 225.035 8 11.6363
      vertex 225.035 12.7 11.6363
    endloop
  endfacet
  facet normal 0.555626 0 -0.831432
    outer loop
      vertex 226 8 12.0359
      vertex 226.435 12.7 12.3266
      vertex 226.435 8 12.3266
    endloop
  endfacet
  facet normal 0.555626 0 -0.831432
    outer loop
      vertex 226.435 12.7 12.3266
      vertex 226 8 12.0359
      vertex 226 12.7 12.0359
    endloop
  endfacet
  facet normal 0.0653771 0 0.997861
    outer loop
      vertex 224 12.7 19.5
      vertex 224.522 8 19.4658
      vertex 224.522 12.7 19.4658
    endloop
  endfacet
  facet normal 0.0653771 0 0.997861
    outer loop
      vertex 224.522 8 19.4658
      vertex 224 12.7 19.5
      vertex 224 8 19.5
    endloop
  endfacet
  facet normal 0.751842 0 -0.659343
    outer loop
      vertex 227.173 8 13.065
      vertex 226.828 12.7 12.6716
      vertex 227.173 12.7 13.065
    endloop
  endfacet
  facet normal 0.751842 0 -0.659343
    outer loop
      vertex 226.828 12.7 12.6716
      vertex 227.173 8 13.065
      vertex 226.828 8 12.6716
    endloop
  endfacet
  facet normal -0.831167 0 -0.556022
    outer loop
      vertex 220.827 8 13.065
      vertex 220.536 12.7 13.5
      vertex 220.827 12.7 13.065
    endloop
  endfacet
  facet normal -0.831167 -0 -0.556022
    outer loop
      vertex 220.536 12.7 13.5
      vertex 220.827 8 13.065
      vertex 220.536 8 13.5
    endloop
  endfacet
  facet normal -0.442465 0 -0.896786
    outer loop
      vertex 222 8 12.0359
      vertex 222.469 12.7 11.8045
      vertex 222.469 8 11.8045
    endloop
  endfacet
  facet normal -0.442465 0 -0.896786
    outer loop
      vertex 222.469 12.7 11.8045
      vertex 222 8 12.0359
      vertex 222 12.7 12.0359
    endloop
  endfacet
  facet normal -0.659722 0 -0.75151
    outer loop
      vertex 221.172 8 12.6716
      vertex 221.565 12.7 12.3266
      vertex 221.565 8 12.3266
    endloop
  endfacet
  facet normal -0.659722 0 -0.75151
    outer loop
      vertex 221.565 12.7 12.3266
      vertex 221.172 8 12.6716
      vertex 221.172 12.7 12.6716
    endloop
  endfacet
  facet normal 0.896999 0.0053572 -0.442
    outer loop
      vertex 227.696 12.5743 13.9693
      vertex 227.464 12.7 13.5
      vertex 227.617 12.7 13.8105
    endloop
  endfacet
  facet normal 0.896443 0 -0.443159
    outer loop
      vertex 227.464 8 13.5
      vertex 227.696 12.5743 13.9693
      vertex 227.696 8 13.9693
    endloop
  endfacet
  facet normal 0.896443 0 -0.443159
    outer loop
      vertex 227.696 12.5743 13.9693
      vertex 227.464 8 13.5
      vertex 227.464 12.7 13.5
    endloop
  endfacet
  facet normal -0.980815 0 0.19494
    outer loop
      vertex 220.034 8 16.0221
      vertex 220.136 12.7 16.5353
      vertex 220.034 12.7 16.0221
    endloop
  endfacet
  facet normal -0.980815 0 0.19494
    outer loop
      vertex 220.136 12.7 16.5353
      vertex 220.034 8 16.0221
      vertex 220.136 8 16.5353
    endloop
  endfacet
  facet normal -0.195197 0 -0.980764
    outer loop
      vertex 222.965 8 11.6363
      vertex 223.478 12.7 11.5342
      vertex 223.478 8 11.5342
    endloop
  endfacet
  facet normal -0.195197 0 -0.980764
    outer loop
      vertex 223.478 12.7 11.5342
      vertex 222.965 8 11.6363
      vertex 222.965 12.7 11.6363
    endloop
  endfacet
  facet normal 0.0653771 0 -0.997861
    outer loop
      vertex 224 8 11.5
      vertex 224.522 12.7 11.5342
      vertex 224.522 8 11.5342
    endloop
  endfacet
  facet normal 0.0653771 0 -0.997861
    outer loop
      vertex 224.522 12.7 11.5342
      vertex 224 8 11.5
      vertex 224 12.7 11.5
    endloop
  endfacet
  facet normal -0.997886 0 -0.064984
    outer loop
      vertex 220.034 8 14.9779
      vertex 220 12.7 15.5
      vertex 220.034 12.7 14.9779
    endloop
  endfacet
  facet normal -0.997886 -0 -0.064984
    outer loop
      vertex 220 12.7 15.5
      vertex 220.034 8 14.9779
      vertex 220 8 15.5
    endloop
  endfacet
  facet normal -0.195197 0 0.980764
    outer loop
      vertex 222.965 12.7 19.3637
      vertex 223.478 8 19.4658
      vertex 223.478 12.7 19.4658
    endloop
  endfacet
  facet normal -0.195197 0 0.980764
    outer loop
      vertex 223.478 8 19.4658
      vertex 222.965 12.7 19.3637
      vertex 222.965 8 19.3637
    endloop
  endfacet
  facet normal -0.980815 0 -0.19494
    outer loop
      vertex 220.136 8 14.4647
      vertex 220.034 12.7 14.9779
      vertex 220.136 12.7 14.4647
    endloop
  endfacet
  facet normal -0.980815 -0 -0.19494
    outer loop
      vertex 220.034 12.7 14.9779
      vertex 220.136 8 14.4647
      vertex 220.034 8 14.9779
    endloop
  endfacet
  facet normal -0.947026 0 0.321156
    outer loop
      vertex 220.136 8 16.5353
      vertex 220.304 12.7 17.0307
      vertex 220.136 12.7 16.5353
    endloop
  endfacet
  facet normal -0.947026 0 0.321156
    outer loop
      vertex 220.304 12.7 17.0307
      vertex 220.136 8 16.5353
      vertex 220.304 8 17.0307
    endloop
  endfacet
  facet normal 0.980815 -0 0.19494
    outer loop
      vertex 227.864 8 34.5353
      vertex 227.966 12.7 34.0221
      vertex 227.864 12.7 34.5353
    endloop
  endfacet
  facet normal 0.980815 0 0.19494
    outer loop
      vertex 227.966 12.7 34.0221
      vertex 227.864 8 34.5353
      vertex 227.966 8 34.0221
    endloop
  endfacet
  facet normal 0.997886 -0 0.064984
    outer loop
      vertex 227.966 8 34.0221
      vertex 228 12.7 33.5
      vertex 227.966 12.7 34.0221
    endloop
  endfacet
  facet normal 0.997886 0 0.064984
    outer loop
      vertex 228 12.7 33.5
      vertex 227.966 8 34.0221
      vertex 228 8 33.5
    endloop
  endfacet
  facet normal 0.947026 -0 0.321156
    outer loop
      vertex 227.696 8 35.0307
      vertex 227.864 12.7 34.5353
      vertex 227.696 12.7 35.0307
    endloop
  endfacet
  facet normal 0.947026 0 0.321156
    outer loop
      vertex 227.864 12.7 34.5353
      vertex 227.696 8 35.0307
      vertex 227.864 8 34.5353
    endloop
  endfacet
  facet normal -0.555626 0 -0.831432
    outer loop
      vertex 221.565 8 30.3266
      vertex 222 12.7 30.0359
      vertex 222 8 30.0359
    endloop
  endfacet
  facet normal -0.555626 0 -0.831432
    outer loop
      vertex 222 12.7 30.0359
      vertex 221.565 8 30.3266
      vertex 221.565 12.7 30.3266
    endloop
  endfacet
  facet normal -0.896443 0 0.443159
    outer loop
      vertex 220.304 8 35.0307
      vertex 220.536 12.7 35.5
      vertex 220.304 12.7 35.0307
    endloop
  endfacet
  facet normal -0.896443 0 0.443159
    outer loop
      vertex 220.536 12.7 35.5
      vertex 220.304 8 35.0307
      vertex 220.536 8 35.5
    endloop
  endfacet
  facet normal 0.980815 0 -0.19494
    outer loop
      vertex 227.966 8 32.9779
      vertex 227.864 12.7 32.4647
      vertex 227.966 12.7 32.9779
    endloop
  endfacet
  facet normal 0.980815 0 -0.19494
    outer loop
      vertex 227.864 12.7 32.4647
      vertex 227.966 8 32.9779
      vertex 227.864 8 32.4647
    endloop
  endfacet
  facet normal -0.555626 0 0.831432
    outer loop
      vertex 221.565 12.7 36.6734
      vertex 222 8 36.9641
      vertex 222 12.7 36.9641
    endloop
  endfacet
  facet normal -0.555626 0 0.831432
    outer loop
      vertex 222 8 36.9641
      vertex 221.565 12.7 36.6734
      vertex 221.565 8 36.6734
    endloop
  endfacet
  facet normal -0.997886 0 0.064984
    outer loop
      vertex 220 8 33.5
      vertex 220.034 12.7 34.0221
      vertex 220 12.7 33.5
    endloop
  endfacet
  facet normal -0.997886 0 0.064984
    outer loop
      vertex 220.034 12.7 34.0221
      vertex 220 8 33.5
      vertex 220.034 8 34.0221
    endloop
  endfacet
  facet normal 0.32115 0 0.947028
    outer loop
      vertex 225.035 12.7 37.3637
      vertex 225.531 8 37.1955
      vertex 225.531 12.7 37.1955
    endloop
  endfacet
  facet normal 0.32115 0 0.947028
    outer loop
      vertex 225.531 8 37.1955
      vertex 225.035 12.7 37.3637
      vertex 225.035 8 37.3637
    endloop
  endfacet
  facet normal 0.947026 0 -0.321156
    outer loop
      vertex 227.864 8 32.4647
      vertex 227.696 12.7 31.9693
      vertex 227.864 12.7 32.4647
    endloop
  endfacet
  facet normal 0.947026 0 -0.321156
    outer loop
      vertex 227.696 12.7 31.9693
      vertex 227.864 8 32.4647
      vertex 227.696 8 31.9693
    endloop
  endfacet
  facet normal 0.442465 0 -0.896786
    outer loop
      vertex 225.531 8 29.8045
      vertex 226 12.7 30.0359
      vertex 226 8 30.0359
    endloop
  endfacet
  facet normal 0.442465 0 -0.896786
    outer loop
      vertex 226 12.7 30.0359
      vertex 225.531 8 29.8045
      vertex 225.531 12.7 29.8045
    endloop
  endfacet
  facet normal -0.947026 0 -0.321156
    outer loop
      vertex 220.304 8 31.9693
      vertex 220.136 12.7 32.4647
      vertex 220.304 12.7 31.9693
    endloop
  endfacet
  facet normal -0.947026 -0 -0.321156
    outer loop
      vertex 220.136 12.7 32.4647
      vertex 220.304 8 31.9693
      vertex 220.136 8 32.4647
    endloop
  endfacet
  facet normal 0.896443 -0 0.443159
    outer loop
      vertex 227.464 8 35.5
      vertex 227.696 12.7 35.0307
      vertex 227.464 12.7 35.5
    endloop
  endfacet
  facet normal 0.896443 0 0.443159
    outer loop
      vertex 227.696 12.7 35.0307
      vertex 227.464 8 35.5
      vertex 227.696 8 35.0307
    endloop
  endfacet
  facet normal 0.195197 0 0.980764
    outer loop
      vertex 224.522 12.7 37.4658
      vertex 225.035 8 37.3637
      vertex 225.035 12.7 37.3637
    endloop
  endfacet
  facet normal 0.195197 0 0.980764
    outer loop
      vertex 225.035 8 37.3637
      vertex 224.522 12.7 37.4658
      vertex 224.522 8 37.4658
    endloop
  endfacet
  facet normal 0.555626 0 0.831432
    outer loop
      vertex 226 12.7 36.9641
      vertex 226.435 8 36.6734
      vertex 226.435 12.7 36.6734
    endloop
  endfacet
  facet normal 0.555626 0 0.831432
    outer loop
      vertex 226.435 8 36.6734
      vertex 226 12.7 36.9641
      vertex 226 8 36.9641
    endloop
  endfacet
  facet normal 0.659722 0 0.75151
    outer loop
      vertex 226.435 12.7 36.6734
      vertex 226.828 8 36.3284
      vertex 226.828 12.7 36.3284
    endloop
  endfacet
  facet normal 0.659722 0 0.75151
    outer loop
      vertex 226.828 8 36.3284
      vertex 226.435 12.7 36.6734
      vertex 226.435 8 36.6734
    endloop
  endfacet
  facet normal 0.831167 0 -0.556022
    outer loop
      vertex 227.464 8 31.5
      vertex 227.173 12.7 31.065
      vertex 227.464 12.7 31.5
    endloop
  endfacet
  facet normal 0.831167 0 -0.556022
    outer loop
      vertex 227.173 12.7 31.065
      vertex 227.464 8 31.5
      vertex 227.173 8 31.065
    endloop
  endfacet
  facet normal 0 1 0
    outer loop
      vertex 224 12.7 35.2
      vertex 224 12.7 37.5
      vertex 224.522 12.7 37.4658
    endloop
  endfacet
  facet normal 0 1 0
    outer loop
      vertex 224.222 12.7 35.1855
      vertex 224.522 12.7 37.4658
      vertex 225.035 12.7 37.3637
    endloop
  endfacet
  facet normal 0 1 0
    outer loop
      vertex 224 12.7 37.5
      vertex 224 12.7 35.2
      vertex 223.478 12.7 37.4658
    endloop
  endfacet
  facet normal 0 1 0
    outer loop
      vertex 224.44 12.7 35.1421
      vertex 225.035 12.7 37.3637
      vertex 225.531 12.7 37.1955
    endloop
  endfacet
  facet normal 0 1 -0
    outer loop
      vertex 223.778 12.7 35.1855
      vertex 223.478 12.7 37.4658
      vertex 224 12.7 35.2
    endloop
  endfacet
  facet normal 0 1 0
    outer loop
      vertex 224.651 12.7 35.0706
      vertex 225.531 12.7 37.1955
      vertex 226 12.7 36.9641
    endloop
  endfacet
  facet normal 0 1 0
    outer loop
      vertex 223.478 12.7 37.4658
      vertex 223.778 12.7 35.1855
      vertex 222.965 12.7 37.3637
    endloop
  endfacet
  facet normal 0 1 0
    outer loop
      vertex 224.85 12.7 34.9722
      vertex 226 12.7 36.9641
      vertex 226.435 12.7 36.6734
    endloop
  endfacet
  facet normal 0 1 -0
    outer loop
      vertex 223.56 12.7 35.1421
      vertex 222.965 12.7 37.3637
      vertex 223.778 12.7 35.1855
    endloop
  endfacet
  facet normal 0 1 0
    outer loop
      vertex 225.035 12.7 34.8487
      vertex 226.435 12.7 36.6734
      vertex 226.828 12.7 36.3284
    endloop
  endfacet
  facet normal 0 1 0
    outer loop
      vertex 222.965 12.7 37.3637
      vertex 223.56 12.7 35.1421
      vertex 222.469 12.7 37.1955
    endloop
  endfacet
  facet normal 0 1 0
    outer loop
      vertex 225.202 12.7 34.7021
      vertex 226.828 12.7 36.3284
      vertex 227.173 12.7 35.935
    endloop
  endfacet
  facet normal 0 1 -0
    outer loop
      vertex 223.349 12.7 35.0706
      vertex 222.469 12.7 37.1955
      vertex 223.56 12.7 35.1421
    endloop
  endfacet
  facet normal 0 1 0
    outer loop
      vertex 225.349 12.7 34.5349
      vertex 227.173 12.7 35.935
      vertex 227.464 12.7 35.5
    endloop
  endfacet
  facet normal 0 1 0
    outer loop
      vertex 222.469 12.7 37.1955
      vertex 223.349 12.7 35.0706
      vertex 222 12.7 36.9641
    endloop
  endfacet
  facet normal 0 1 -0
    outer loop
      vertex 223.15 12.7 34.9722
      vertex 222 12.7 36.9641
      vertex 223.349 12.7 35.0706
    endloop
  endfacet
  facet normal 0 1 0
    outer loop
      vertex 224.522 12.7 37.4658
      vertex 224.222 12.7 35.1855
      vertex 224 12.7 35.2
    endloop
  endfacet
  facet normal 0 1 0
    outer loop
      vertex 225.035 12.7 37.3637
      vertex 224.44 12.7 35.1421
      vertex 224.222 12.7 35.1855
    endloop
  endfacet
  facet normal 0 1 0
    outer loop
      vertex 225.531 12.7 37.1955
      vertex 224.651 12.7 35.0706
      vertex 224.44 12.7 35.1421
    endloop
  endfacet
  facet normal 0 1 0
    outer loop
      vertex 225.472 12.7 34.35
      vertex 227.464 12.7 35.5
      vertex 227.696 12.7 35.0307
    endloop
  endfacet
  facet normal 0 1 0
    outer loop
      vertex 226 12.7 36.9641
      vertex 224.85 12.7 34.9722
      vertex 224.651 12.7 35.0706
    endloop
  endfacet
  facet normal 0 1 0
    outer loop
      vertex 226.435 12.7 36.6734
      vertex 225.035 12.7 34.8487
      vertex 224.85 12.7 34.9722
    endloop
  endfacet
  facet normal 0 1 0
    outer loop
      vertex 226.828 12.7 36.3284
      vertex 225.202 12.7 34.7021
      vertex 225.035 12.7 34.8487
    endloop
  endfacet
  facet normal 0 1 0
    outer loop
      vertex 225.571 12.7 34.1506
      vertex 227.696 12.7 35.0307
      vertex 227.864 12.7 34.5353
    endloop
  endfacet
  facet normal 0 1 0
    outer loop
      vertex 227.173 12.7 35.935
      vertex 225.349 12.7 34.5349
      vertex 225.202 12.7 34.7021
    endloop
  endfacet
  facet normal 0 1 0
    outer loop
      vertex 227.464 12.7 35.5
      vertex 225.472 12.7 34.35
      vertex 225.349 12.7 34.5349
    endloop
  endfacet
  facet normal 0 1 0
    outer loop
      vertex 227.696 12.7 35.0307
      vertex 225.571 12.7 34.1506
      vertex 225.472 12.7 34.35
    endloop
  endfacet
  facet normal 0 1 0
    outer loop
      vertex 225.642 12.7 33.94
      vertex 227.864 12.7 34.5353
      vertex 227.966 12.7 34.0221
    endloop
  endfacet
  facet normal 0 1 0
    outer loop
      vertex 227.864 12.7 34.5353
      vertex 225.642 12.7 33.94
      vertex 225.571 12.7 34.1506
    endloop
  endfacet
  facet normal 0 1 0
    outer loop
      vertex 227.966 12.7 34.0221
      vertex 225.685 12.7 33.7219
      vertex 225.642 12.7 33.94
    endloop
  endfacet
  facet normal 0 1 0
    outer loop
      vertex 228 12.7 33.5
      vertex 225.685 12.7 33.7219
      vertex 227.966 12.7 34.0221
    endloop
  endfacet
  facet normal 0 1 0
    outer loop
      vertex 228 12.7 33.5
      vertex 225.7 12.7 33.5
      vertex 225.685 12.7 33.7219
    endloop
  endfacet
  facet normal 0 1 0
    outer loop
      vertex 228 12.7 33.5
      vertex 225.685 12.7 33.2781
      vertex 225.7 12.7 33.5
    endloop
  endfacet
  facet normal 0 1 -0
    outer loop
      vertex 227.966 12.7 32.9779
      vertex 225.685 12.7 33.2781
      vertex 228 12.7 33.5
    endloop
  endfacet
  facet normal 0 1 0
    outer loop
      vertex 225.685 12.7 33.2781
      vertex 227.966 12.7 32.9779
      vertex 225.642 12.7 33.06
    endloop
  endfacet
  facet normal 0 1 -0
    outer loop
      vertex 227.864 12.7 32.4647
      vertex 225.642 12.7 33.06
      vertex 227.966 12.7 32.9779
    endloop
  endfacet
  facet normal 0 1 0
    outer loop
      vertex 225.642 12.7 33.06
      vertex 227.864 12.7 32.4647
      vertex 225.571 12.7 32.8494
    endloop
  endfacet
  facet normal 0 1 -0
    outer loop
      vertex 227.696 12.7 31.9693
      vertex 225.571 12.7 32.8494
      vertex 227.864 12.7 32.4647
    endloop
  endfacet
  facet normal 0 1 0
    outer loop
      vertex 225.571 12.7 32.8494
      vertex 227.696 12.7 31.9693
      vertex 225.472 12.7 32.65
    endloop
  endfacet
  facet normal 0 1 -0
    outer loop
      vertex 227.464 12.7 31.5
      vertex 225.472 12.7 32.65
      vertex 227.696 12.7 31.9693
    endloop
  endfacet
  facet normal 0 1 0
    outer loop
      vertex 225.472 12.7 32.65
      vertex 227.464 12.7 31.5
      vertex 225.349 12.7 32.4651
    endloop
  endfacet
  facet normal 0 1 -0
    outer loop
      vertex 227.173 12.7 31.065
      vertex 225.349 12.7 32.4651
      vertex 227.464 12.7 31.5
    endloop
  endfacet
  facet normal 0 1 0
    outer loop
      vertex 225.349 12.7 32.4651
      vertex 227.173 12.7 31.065
      vertex 225.202 12.7 32.2979
    endloop
  endfacet
  facet normal 0 1 -0
    outer loop
      vertex 226.828 12.7 30.6716
      vertex 225.202 12.7 32.2979
      vertex 227.173 12.7 31.065
    endloop
  endfacet
  facet normal 0 1 0
    outer loop
      vertex 225.202 12.7 32.2979
      vertex 226.828 12.7 30.6716
      vertex 225.035 12.7 32.1513
    endloop
  endfacet
  facet normal 0 1 -0
    outer loop
      vertex 226.435 12.7 30.3266
      vertex 225.035 12.7 32.1513
      vertex 226.828 12.7 30.6716
    endloop
  endfacet
  facet normal 0 1 0
    outer loop
      vertex 225.035 12.7 32.1513
      vertex 226.435 12.7 30.3266
      vertex 224.85 12.7 32.0278
    endloop
  endfacet
  facet normal 0 1 -0
    outer loop
      vertex 226 12.7 30.0359
      vertex 224.85 12.7 32.0278
      vertex 226.435 12.7 30.3266
    endloop
  endfacet
  facet normal 0 1 0
    outer loop
      vertex 222 12.7 36.9641
      vertex 223.15 12.7 34.9722
      vertex 221.565 12.7 36.6734
    endloop
  endfacet
  facet normal 0 1 -0
    outer loop
      vertex 222.965 12.7 34.8487
      vertex 221.565 12.7 36.6734
      vertex 223.15 12.7 34.9722
    endloop
  endfacet
  facet normal 0 1 0
    outer loop
      vertex 221.565 12.7 36.6734
      vertex 222.965 12.7 34.8487
      vertex 221.172 12.7 36.3284
    endloop
  endfacet
  facet normal 0 1 -0
    outer loop
      vertex 222.798 12.7 34.7021
      vertex 221.172 12.7 36.3284
      vertex 222.965 12.7 34.8487
    endloop
  endfacet
  facet normal 0 1 0
    outer loop
      vertex 221.172 12.7 36.3284
      vertex 222.798 12.7 34.7021
      vertex 220.827 12.7 35.935
    endloop
  endfacet
  facet normal 0 1 -0
    outer loop
      vertex 222.651 12.7 34.5349
      vertex 220.827 12.7 35.935
      vertex 222.798 12.7 34.7021
    endloop
  endfacet
  facet normal 0 1 0
    outer loop
      vertex 220.827 12.7 35.935
      vertex 222.651 12.7 34.5349
      vertex 220.536 12.7 35.5
    endloop
  endfacet
  facet normal 0 1 -0
    outer loop
      vertex 222.528 12.7 34.35
      vertex 220.536 12.7 35.5
      vertex 222.651 12.7 34.5349
    endloop
  endfacet
  facet normal 0 1 0
    outer loop
      vertex 220.536 12.7 35.5
      vertex 222.528 12.7 34.35
      vertex 220.304 12.7 35.0307
    endloop
  endfacet
  facet normal 0 1 -0
    outer loop
      vertex 222.429 12.7 34.1506
      vertex 220.304 12.7 35.0307
      vertex 222.528 12.7 34.35
    endloop
  endfacet
  facet normal 0 1 0
    outer loop
      vertex 220.304 12.7 35.0307
      vertex 222.429 12.7 34.1506
      vertex 220.136 12.7 34.5353
    endloop
  endfacet
  facet normal 0 1 -0
    outer loop
      vertex 222.358 12.7 33.94
      vertex 220.136 12.7 34.5353
      vertex 222.429 12.7 34.1506
    endloop
  endfacet
  facet normal 0 1 0
    outer loop
      vertex 220.136 12.7 34.5353
      vertex 222.358 12.7 33.94
      vertex 220.034 12.7 34.0221
    endloop
  endfacet
  facet normal 0 1 -0
    outer loop
      vertex 222.315 12.7 33.7219
      vertex 220.034 12.7 34.0221
      vertex 222.358 12.7 33.94
    endloop
  endfacet
  facet normal 0 1 -0
    outer loop
      vertex 222.3 12.7 33.5
      vertex 220.034 12.7 34.0221
      vertex 222.315 12.7 33.7219
    endloop
  endfacet
  facet normal 0 1 0
    outer loop
      vertex 222.3 12.7 33.5
      vertex 220 12.7 33.5
      vertex 220.034 12.7 34.0221
    endloop
  endfacet
  facet normal 0 1 0
    outer loop
      vertex 222.315 12.7 33.2781
      vertex 220 12.7 33.5
      vertex 222.3 12.7 33.5
    endloop
  endfacet
  facet normal 0 1 0
    outer loop
      vertex 220.034 12.7 32.9779
      vertex 222.315 12.7 33.2781
      vertex 222.358 12.7 33.06
    endloop
  endfacet
  facet normal 0 1 0
    outer loop
      vertex 222.315 12.7 33.2781
      vertex 220.034 12.7 32.9779
      vertex 220 12.7 33.5
    endloop
  endfacet
  facet normal 0 1 0
    outer loop
      vertex 220.136 12.7 32.4647
      vertex 222.358 12.7 33.06
      vertex 222.429 12.7 32.8494
    endloop
  endfacet
  facet normal 0 1 0
    outer loop
      vertex 220.304 12.7 31.9693
      vertex 222.429 12.7 32.8494
      vertex 222.528 12.7 32.65
    endloop
  endfacet
  facet normal 0 1 0
    outer loop
      vertex 220.536 12.7 31.5
      vertex 222.528 12.7 32.65
      vertex 222.651 12.7 32.4651
    endloop
  endfacet
  facet normal 0 1 0
    outer loop
      vertex 222.358 12.7 33.06
      vertex 220.136 12.7 32.4647
      vertex 220.034 12.7 32.9779
    endloop
  endfacet
  facet normal 0 1 0
    outer loop
      vertex 220.827 12.7 31.065
      vertex 222.651 12.7 32.4651
      vertex 222.798 12.7 32.2979
    endloop
  endfacet
  facet normal 0 1 0
    outer loop
      vertex 221.172 12.7 30.6716
      vertex 222.798 12.7 32.2979
      vertex 222.965 12.7 32.1513
    endloop
  endfacet
  facet normal 0 1 0
    outer loop
      vertex 221.565 12.7 30.3266
      vertex 222.965 12.7 32.1513
      vertex 223.15 12.7 32.0278
    endloop
  endfacet
  facet normal 0 1 0
    outer loop
      vertex 222.429 12.7 32.8494
      vertex 220.304 12.7 31.9693
      vertex 220.136 12.7 32.4647
    endloop
  endfacet
  facet normal 0 1 0
    outer loop
      vertex 222 12.7 30.0359
      vertex 223.15 12.7 32.0278
      vertex 223.349 12.7 31.9294
    endloop
  endfacet
  facet normal 0 1 0
    outer loop
      vertex 222.469 12.7 29.8045
      vertex 223.349 12.7 31.9294
      vertex 223.56 12.7 31.8579
    endloop
  endfacet
  facet normal 0 1 0
    outer loop
      vertex 222.965 12.7 29.6363
      vertex 223.56 12.7 31.8579
      vertex 223.778 12.7 31.8145
    endloop
  endfacet
  facet normal 0 1 0
    outer loop
      vertex 223.478 12.7 29.5342
      vertex 223.778 12.7 31.8145
      vertex 224 12.7 31.8
    endloop
  endfacet
  facet normal 0 1 0
    outer loop
      vertex 224.85 12.7 32.0278
      vertex 226 12.7 30.0359
      vertex 224.651 12.7 31.9294
    endloop
  endfacet
  facet normal 0 1 0
    outer loop
      vertex 222.528 12.7 32.65
      vertex 220.536 12.7 31.5
      vertex 220.304 12.7 31.9693
    endloop
  endfacet
  facet normal 0 1 -0
    outer loop
      vertex 225.531 12.7 29.8045
      vertex 224.651 12.7 31.9294
      vertex 226 12.7 30.0359
    endloop
  endfacet
  facet normal 0 1 0
    outer loop
      vertex 222.651 12.7 32.4651
      vertex 220.827 12.7 31.065
      vertex 220.536 12.7 31.5
    endloop
  endfacet
  facet normal 0 1 0
    outer loop
      vertex 224.651 12.7 31.9294
      vertex 225.531 12.7 29.8045
      vertex 224.44 12.7 31.8579
    endloop
  endfacet
  facet normal 0 1 0
    outer loop
      vertex 222.798 12.7 32.2979
      vertex 221.172 12.7 30.6716
      vertex 220.827 12.7 31.065
    endloop
  endfacet
  facet normal 0 1 -0
    outer loop
      vertex 225.035 12.7 29.6363
      vertex 224.44 12.7 31.8579
      vertex 225.531 12.7 29.8045
    endloop
  endfacet
  facet normal 0 1 0
    outer loop
      vertex 222.965 12.7 32.1513
      vertex 221.565 12.7 30.3266
      vertex 221.172 12.7 30.6716
    endloop
  endfacet
  facet normal 0 1 0
    outer loop
      vertex 224.44 12.7 31.8579
      vertex 225.035 12.7 29.6363
      vertex 224.222 12.7 31.8145
    endloop
  endfacet
  facet normal 0 1 0
    outer loop
      vertex 223.15 12.7 32.0278
      vertex 222 12.7 30.0359
      vertex 221.565 12.7 30.3266
    endloop
  endfacet
  facet normal 0 1 -0
    outer loop
      vertex 224.522 12.7 29.5342
      vertex 224.222 12.7 31.8145
      vertex 225.035 12.7 29.6363
    endloop
  endfacet
  facet normal 0 1 0
    outer loop
      vertex 223.349 12.7 31.9294
      vertex 222.469 12.7 29.8045
      vertex 222 12.7 30.0359
    endloop
  endfacet
  facet normal 0 1 0
    outer loop
      vertex 224.222 12.7 31.8145
      vertex 224.522 12.7 29.5342
      vertex 224 12.7 31.8
    endloop
  endfacet
  facet normal 0 1 0
    outer loop
      vertex 223.56 12.7 31.8579
      vertex 222.965 12.7 29.6363
      vertex 222.469 12.7 29.8045
    endloop
  endfacet
  facet normal 0 1 0
    outer loop
      vertex 224 12.7 29.5
      vertex 224 12.7 31.8
      vertex 224.522 12.7 29.5342
    endloop
  endfacet
  facet normal 0 1 0
    outer loop
      vertex 223.778 12.7 31.8145
      vertex 223.478 12.7 29.5342
      vertex 222.965 12.7 29.6363
    endloop
  endfacet
  facet normal 0 1 0
    outer loop
      vertex 224 12.7 31.8
      vertex 224 12.7 29.5
      vertex 223.478 12.7 29.5342
    endloop
  endfacet
  facet normal -0.896443 0 -0.443159
    outer loop
      vertex 220.536 8 31.5
      vertex 220.304 12.7 31.9693
      vertex 220.536 12.7 31.5
    endloop
  endfacet
  facet normal -0.896443 -0 -0.443159
    outer loop
      vertex 220.304 12.7 31.9693
      vertex 220.536 8 31.5
      vertex 220.304 8 31.9693
    endloop
  endfacet
  facet normal -0.0653771 0 0.997861
    outer loop
      vertex 223.478 12.7 37.4658
      vertex 224 8 37.5
      vertex 224 12.7 37.5
    endloop
  endfacet
  facet normal -0.0653771 0 0.997861
    outer loop
      vertex 224 8 37.5
      vertex 223.478 12.7 37.4658
      vertex 223.478 8 37.4658
    endloop
  endfacet
  facet normal -0.751842 0 0.659343
    outer loop
      vertex 220.827 8 35.935
      vertex 221.172 12.7 36.3284
      vertex 220.827 12.7 35.935
    endloop
  endfacet
  facet normal -0.751842 0 0.659343
    outer loop
      vertex 221.172 12.7 36.3284
      vertex 220.827 8 35.935
      vertex 221.172 8 36.3284
    endloop
  endfacet
  facet normal -0.32115 0 -0.947028
    outer loop
      vertex 222.469 8 29.8045
      vertex 222.965 12.7 29.6363
      vertex 222.965 8 29.6363
    endloop
  endfacet
  facet normal -0.32115 0 -0.947028
    outer loop
      vertex 222.965 12.7 29.6363
      vertex 222.469 8 29.8045
      vertex 222.469 12.7 29.8045
    endloop
  endfacet
  facet normal 0.751842 -0 0.659343
    outer loop
      vertex 226.828 8 36.3284
      vertex 227.173 12.7 35.935
      vertex 226.828 12.7 36.3284
    endloop
  endfacet
  facet normal 0.751842 0 0.659343
    outer loop
      vertex 227.173 12.7 35.935
      vertex 226.828 8 36.3284
      vertex 227.173 8 35.935
    endloop
  endfacet
  facet normal -0.659722 0 0.75151
    outer loop
      vertex 221.172 12.7 36.3284
      vertex 221.565 8 36.6734
      vertex 221.565 12.7 36.6734
    endloop
  endfacet
  facet normal -0.659722 0 0.75151
    outer loop
      vertex 221.565 8 36.6734
      vertex 221.172 12.7 36.3284
      vertex 221.172 8 36.3284
    endloop
  endfacet
  facet normal -0.442465 0 0.896786
    outer loop
      vertex 222 12.7 36.9641
      vertex 222.469 8 37.1955
      vertex 222.469 12.7 37.1955
    endloop
  endfacet
  facet normal -0.442465 0 0.896786
    outer loop
      vertex 222.469 8 37.1955
      vertex 222 12.7 36.9641
      vertex 222 8 36.9641
    endloop
  endfacet
  facet normal 0.195197 0 -0.980764
    outer loop
      vertex 224.522 8 29.5342
      vertex 225.035 12.7 29.6363
      vertex 225.035 8 29.6363
    endloop
  endfacet
  facet normal 0.195197 0 -0.980764
    outer loop
      vertex 225.035 12.7 29.6363
      vertex 224.522 8 29.5342
      vertex 224.522 12.7 29.5342
    endloop
  endfacet
  facet normal -0.831167 0 0.556022
    outer loop
      vertex 220.536 8 35.5
      vertex 220.827 12.7 35.935
      vertex 220.536 12.7 35.5
    endloop
  endfacet
  facet normal -0.831167 0 0.556022
    outer loop
      vertex 220.827 12.7 35.935
      vertex 220.536 8 35.5
      vertex 220.827 8 35.935
    endloop
  endfacet
  facet normal 0.442465 0 0.896786
    outer loop
      vertex 225.531 12.7 37.1955
      vertex 226 8 36.9641
      vertex 226 12.7 36.9641
    endloop
  endfacet
  facet normal 0.442465 0 0.896786
    outer loop
      vertex 226 8 36.9641
      vertex 225.531 12.7 37.1955
      vertex 225.531 8 37.1955
    endloop
  endfacet
  facet normal 0.997886 0 -0.064984
    outer loop
      vertex 228 8 33.5
      vertex 227.966 12.7 32.9779
      vertex 228 12.7 33.5
    endloop
  endfacet
  facet normal 0.997886 0 -0.064984
    outer loop
      vertex 227.966 12.7 32.9779
      vertex 228 8 33.5
      vertex 227.966 8 32.9779
    endloop
  endfacet
  facet normal 0.831167 -0 0.556022
    outer loop
      vertex 227.173 8 35.935
      vertex 227.464 12.7 35.5
      vertex 227.173 12.7 35.935
    endloop
  endfacet
  facet normal 0.831167 0 0.556022
    outer loop
      vertex 227.464 12.7 35.5
      vertex 227.173 8 35.935
      vertex 227.464 8 35.5
    endloop
  endfacet
  facet normal -0.32115 0 0.947028
    outer loop
      vertex 222.469 12.7 37.1955
      vertex 222.965 8 37.3637
      vertex 222.965 12.7 37.3637
    endloop
  endfacet
  facet normal -0.32115 0 0.947028
    outer loop
      vertex 222.965 8 37.3637
      vertex 222.469 12.7 37.1955
      vertex 222.469 8 37.1955
    endloop
  endfacet
  facet normal -0.751842 0 -0.659343
    outer loop
      vertex 221.172 8 30.6716
      vertex 220.827 12.7 31.065
      vertex 221.172 12.7 30.6716
    endloop
  endfacet
  facet normal -0.751842 -0 -0.659343
    outer loop
      vertex 220.827 12.7 31.065
      vertex 221.172 8 30.6716
      vertex 220.827 8 31.065
    endloop
  endfacet
  facet normal 0.659722 0 -0.75151
    outer loop
      vertex 226.435 8 30.3266
      vertex 226.828 12.7 30.6716
      vertex 226.828 8 30.6716
    endloop
  endfacet
  facet normal 0.659722 0 -0.75151
    outer loop
      vertex 226.828 12.7 30.6716
      vertex 226.435 8 30.3266
      vertex 226.435 12.7 30.3266
    endloop
  endfacet
  facet normal -0.0653771 0 -0.997861
    outer loop
      vertex 223.478 8 29.5342
      vertex 224 12.7 29.5
      vertex 224 8 29.5
    endloop
  endfacet
  facet normal -0.0653771 0 -0.997861
    outer loop
      vertex 224 12.7 29.5
      vertex 223.478 8 29.5342
      vertex 223.478 12.7 29.5342
    endloop
  endfacet
  facet normal 0.32115 0 -0.947028
    outer loop
      vertex 225.035 8 29.6363
      vertex 225.531 12.7 29.8045
      vertex 225.531 8 29.8045
    endloop
  endfacet
  facet normal 0.32115 0 -0.947028
    outer loop
      vertex 225.531 12.7 29.8045
      vertex 225.035 8 29.6363
      vertex 225.035 12.7 29.6363
    endloop
  endfacet
  facet normal 0.555626 0 -0.831432
    outer loop
      vertex 226 8 30.0359
      vertex 226.435 12.7 30.3266
      vertex 226.435 8 30.3266
    endloop
  endfacet
  facet normal 0.555626 0 -0.831432
    outer loop
      vertex 226.435 12.7 30.3266
      vertex 226 8 30.0359
      vertex 226 12.7 30.0359
    endloop
  endfacet
  facet normal 0.0653771 0 0.997861
    outer loop
      vertex 224 12.7 37.5
      vertex 224.522 8 37.4658
      vertex 224.522 12.7 37.4658
    endloop
  endfacet
  facet normal 0.0653771 0 0.997861
    outer loop
      vertex 224.522 8 37.4658
      vertex 224 12.7 37.5
      vertex 224 8 37.5
    endloop
  endfacet
  facet normal 0.751842 0 -0.659343
    outer loop
      vertex 227.173 8 31.065
      vertex 226.828 12.7 30.6716
      vertex 227.173 12.7 31.065
    endloop
  endfacet
  facet normal 0.751842 0 -0.659343
    outer loop
      vertex 226.828 12.7 30.6716
      vertex 227.173 8 31.065
      vertex 226.828 8 30.6716
    endloop
  endfacet
  facet normal -0.831167 0 -0.556022
    outer loop
      vertex 220.827 8 31.065
      vertex 220.536 12.7 31.5
      vertex 220.827 12.7 31.065
    endloop
  endfacet
  facet normal -0.831167 -0 -0.556022
    outer loop
      vertex 220.536 12.7 31.5
      vertex 220.827 8 31.065
      vertex 220.536 8 31.5
    endloop
  endfacet
  facet normal -0.442465 0 -0.896786
    outer loop
      vertex 222 8 30.0359
      vertex 222.469 12.7 29.8045
      vertex 222.469 8 29.8045
    endloop
  endfacet
  facet normal -0.442465 0 -0.896786
    outer loop
      vertex 222.469 12.7 29.8045
      vertex 222 8 30.0359
      vertex 222 12.7 30.0359
    endloop
  endfacet
  facet normal -0.659722 0 -0.75151
    outer loop
      vertex 221.172 8 30.6716
      vertex 221.565 12.7 30.3266
      vertex 221.565 8 30.3266
    endloop
  endfacet
  facet normal -0.659722 0 -0.75151
    outer loop
      vertex 221.565 12.7 30.3266
      vertex 221.172 8 30.6716
      vertex 221.172 12.7 30.6716
    endloop
  endfacet
  facet normal 0.896443 0 -0.443159
    outer loop
      vertex 227.696 8 31.9693
      vertex 227.464 12.7 31.5
      vertex 227.696 12.7 31.9693
    endloop
  endfacet
  facet normal 0.896443 0 -0.443159
    outer loop
      vertex 227.464 12.7 31.5
      vertex 227.696 8 31.9693
      vertex 227.464 8 31.5
    endloop
  endfacet
  facet normal -0.980815 0 0.19494
    outer loop
      vertex 220.034 8 34.0221
      vertex 220.136 12.7 34.5353
      vertex 220.034 12.7 34.0221
    endloop
  endfacet
  facet normal -0.980815 0 0.19494
    outer loop
      vertex 220.136 12.7 34.5353
      vertex 220.034 8 34.0221
      vertex 220.136 8 34.5353
    endloop
  endfacet
  facet normal -0.195197 0 -0.980764
    outer loop
      vertex 222.965 8 29.6363
      vertex 223.478 12.7 29.5342
      vertex 223.478 8 29.5342
    endloop
  endfacet
  facet normal -0.195197 0 -0.980764
    outer loop
      vertex 223.478 12.7 29.5342
      vertex 222.965 8 29.6363
      vertex 222.965 12.7 29.6363
    endloop
  endfacet
  facet normal 0.0653771 0 -0.997861
    outer loop
      vertex 224 8 29.5
      vertex 224.522 12.7 29.5342
      vertex 224.522 8 29.5342
    endloop
  endfacet
  facet normal 0.0653771 0 -0.997861
    outer loop
      vertex 224.522 12.7 29.5342
      vertex 224 8 29.5
      vertex 224 12.7 29.5
    endloop
  endfacet
  facet normal -0.997886 0 -0.064984
    outer loop
      vertex 220.034 8 32.9779
      vertex 220 12.7 33.5
      vertex 220.034 12.7 32.9779
    endloop
  endfacet
  facet normal -0.997886 -0 -0.064984
    outer loop
      vertex 220 12.7 33.5
      vertex 220.034 8 32.9779
      vertex 220 8 33.5
    endloop
  endfacet
  facet normal -0.195197 0 0.980764
    outer loop
      vertex 222.965 12.7 37.3637
      vertex 223.478 8 37.4658
      vertex 223.478 12.7 37.4658
    endloop
  endfacet
  facet normal -0.195197 0 0.980764
    outer loop
      vertex 223.478 8 37.4658
      vertex 222.965 12.7 37.3637
      vertex 222.965 8 37.3637
    endloop
  endfacet
  facet normal -0.980815 0 -0.19494
    outer loop
      vertex 220.136 8 32.4647
      vertex 220.034 12.7 32.9779
      vertex 220.136 12.7 32.4647
    endloop
  endfacet
  facet normal -0.980815 -0 -0.19494
    outer loop
      vertex 220.034 12.7 32.9779
      vertex 220.136 8 32.4647
      vertex 220.034 8 32.9779
    endloop
  endfacet
  facet normal -0.947026 0 0.321156
    outer loop
      vertex 220.136 8 34.5353
      vertex 220.304 12.7 35.0307
      vertex 220.136 12.7 34.5353
    endloop
  endfacet
  facet normal -0.947026 0 0.321156
    outer loop
      vertex 220.304 12.7 35.0307
      vertex 220.136 8 34.5353
      vertex 220.304 8 35.0307
    endloop
  endfacet
  facet normal 0.980815 -0 0.19494
    outer loop
      vertex 227.864 8 52.5353
      vertex 227.966 12.7 52.0221
      vertex 227.864 12.7 52.5353
    endloop
  endfacet
  facet normal 0.980815 0 0.19494
    outer loop
      vertex 227.966 12.7 52.0221
      vertex 227.864 8 52.5353
      vertex 227.966 8 52.0221
    endloop
  endfacet
  facet normal 0.997886 -0 0.064984
    outer loop
      vertex 227.966 8 52.0221
      vertex 228 12.7 51.5
      vertex 227.966 12.7 52.0221
    endloop
  endfacet
  facet normal 0.997886 0 0.064984
    outer loop
      vertex 228 12.7 51.5
      vertex 227.966 8 52.0221
      vertex 228 8 51.5
    endloop
  endfacet
  facet normal 0.947026 -0 0.321156
    outer loop
      vertex 227.696 8 53.0307
      vertex 227.864 12.7 52.5353
      vertex 227.696 12.7 53.0307
    endloop
  endfacet
  facet normal 0.947026 0 0.321156
    outer loop
      vertex 227.864 12.7 52.5353
      vertex 227.696 8 53.0307
      vertex 227.864 8 52.5353
    endloop
  endfacet
  facet normal -0.555626 0 -0.831432
    outer loop
      vertex 221.565 8 48.3266
      vertex 222 12.7 48.0359
      vertex 222 8 48.0359
    endloop
  endfacet
  facet normal -0.555626 0 -0.831432
    outer loop
      vertex 222 12.7 48.0359
      vertex 221.565 8 48.3266
      vertex 221.565 12.7 48.3266
    endloop
  endfacet
  facet normal -0.896443 0 0.443159
    outer loop
      vertex 220.304 8 53.0307
      vertex 220.536 12.7 53.5
      vertex 220.304 12.7 53.0307
    endloop
  endfacet
  facet normal -0.896443 0 0.443159
    outer loop
      vertex 220.536 12.7 53.5
      vertex 220.304 8 53.0307
      vertex 220.536 8 53.5
    endloop
  endfacet
  facet normal 0.980815 0 -0.19494
    outer loop
      vertex 227.966 8 50.9779
      vertex 227.864 12.7 50.4647
      vertex 227.966 12.7 50.9779
    endloop
  endfacet
  facet normal 0.980815 0 -0.19494
    outer loop
      vertex 227.864 12.7 50.4647
      vertex 227.966 8 50.9779
      vertex 227.864 8 50.4647
    endloop
  endfacet
  facet normal -0.555626 0 0.831432
    outer loop
      vertex 221.565 12.7 54.6734
      vertex 222 8 54.9641
      vertex 222 12.7 54.9641
    endloop
  endfacet
  facet normal -0.555626 0 0.831432
    outer loop
      vertex 222 8 54.9641
      vertex 221.565 12.7 54.6734
      vertex 221.565 8 54.6734
    endloop
  endfacet
  facet normal -0.997886 0 0.064984
    outer loop
      vertex 220 8 51.5
      vertex 220.034 12.7 52.0221
      vertex 220 12.7 51.5
    endloop
  endfacet
  facet normal -0.997886 0 0.064984
    outer loop
      vertex 220.034 12.7 52.0221
      vertex 220 8 51.5
      vertex 220.034 8 52.0221
    endloop
  endfacet
  facet normal 0.32115 0 0.947028
    outer loop
      vertex 225.035 12.7 55.3637
      vertex 225.531 8 55.1955
      vertex 225.531 12.7 55.1955
    endloop
  endfacet
  facet normal 0.32115 0 0.947028
    outer loop
      vertex 225.531 8 55.1955
      vertex 225.035 12.7 55.3637
      vertex 225.035 8 55.3637
    endloop
  endfacet
  facet normal 0.947026 0 -0.321156
    outer loop
      vertex 227.864 8 50.4647
      vertex 227.696 12.7 49.9693
      vertex 227.864 12.7 50.4647
    endloop
  endfacet
  facet normal 0.947026 0 -0.321156
    outer loop
      vertex 227.696 12.7 49.9693
      vertex 227.864 8 50.4647
      vertex 227.696 8 49.9693
    endloop
  endfacet
  facet normal 0.442465 0 -0.896786
    outer loop
      vertex 225.531 8 47.8045
      vertex 226 12.7 48.0359
      vertex 226 8 48.0359
    endloop
  endfacet
  facet normal 0.442465 0 -0.896786
    outer loop
      vertex 226 12.7 48.0359
      vertex 225.531 8 47.8045
      vertex 225.531 12.7 47.8045
    endloop
  endfacet
  facet normal -0.947026 0 -0.321156
    outer loop
      vertex 220.304 8 49.9693
      vertex 220.136 12.7 50.4647
      vertex 220.304 12.7 49.9693
    endloop
  endfacet
  facet normal -0.947026 -0 -0.321156
    outer loop
      vertex 220.136 12.7 50.4647
      vertex 220.304 8 49.9693
      vertex 220.136 8 50.4647
    endloop
  endfacet
  facet normal 0.896443 -0 0.443159
    outer loop
      vertex 227.464 8 53.5
      vertex 227.696 12.7 53.0307
      vertex 227.464 12.7 53.5
    endloop
  endfacet
  facet normal 0.896443 0 0.443159
    outer loop
      vertex 227.696 12.7 53.0307
      vertex 227.464 8 53.5
      vertex 227.696 8 53.0307
    endloop
  endfacet
  facet normal 0.195197 0 0.980764
    outer loop
      vertex 224.522 12.7 55.4658
      vertex 225.035 8 55.3637
      vertex 225.035 12.7 55.3637
    endloop
  endfacet
  facet normal 0.195197 0 0.980764
    outer loop
      vertex 225.035 8 55.3637
      vertex 224.522 12.7 55.4658
      vertex 224.522 8 55.4658
    endloop
  endfacet
  facet normal 0.555626 0 0.831432
    outer loop
      vertex 226 12.7 54.9641
      vertex 226.435 8 54.6734
      vertex 226.435 12.7 54.6734
    endloop
  endfacet
  facet normal 0.555626 0 0.831432
    outer loop
      vertex 226.435 8 54.6734
      vertex 226 12.7 54.9641
      vertex 226 8 54.9641
    endloop
  endfacet
  facet normal 0.659722 0 0.75151
    outer loop
      vertex 226.435 12.7 54.6734
      vertex 226.828 8 54.3284
      vertex 226.828 12.7 54.3284
    endloop
  endfacet
  facet normal 0.659722 0 0.75151
    outer loop
      vertex 226.828 8 54.3284
      vertex 226.435 12.7 54.6734
      vertex 226.435 8 54.6734
    endloop
  endfacet
  facet normal 0.831167 0 -0.556022
    outer loop
      vertex 227.464 8 49.5
      vertex 227.173 12.7 49.065
      vertex 227.464 12.7 49.5
    endloop
  endfacet
  facet normal 0.831167 0 -0.556022
    outer loop
      vertex 227.173 12.7 49.065
      vertex 227.464 8 49.5
      vertex 227.173 8 49.065
    endloop
  endfacet
  facet normal 0 1 0
    outer loop
      vertex 224 12.7 53.2
      vertex 224 12.7 55.5
      vertex 224.522 12.7 55.4658
    endloop
  endfacet
  facet normal 0 1 0
    outer loop
      vertex 224.222 12.7 53.1855
      vertex 224.522 12.7 55.4658
      vertex 225.035 12.7 55.3637
    endloop
  endfacet
  facet normal 0 1 0
    outer loop
      vertex 224 12.7 55.5
      vertex 224 12.7 53.2
      vertex 223.478 12.7 55.4658
    endloop
  endfacet
  facet normal 0 1 0
    outer loop
      vertex 224.44 12.7 53.1421
      vertex 225.035 12.7 55.3637
      vertex 225.531 12.7 55.1955
    endloop
  endfacet
  facet normal 0 1 -0
    outer loop
      vertex 223.778 12.7 53.1855
      vertex 223.478 12.7 55.4658
      vertex 224 12.7 53.2
    endloop
  endfacet
  facet normal 0 1 0
    outer loop
      vertex 224.651 12.7 53.0706
      vertex 225.531 12.7 55.1955
      vertex 226 12.7 54.9641
    endloop
  endfacet
  facet normal 0 1 0
    outer loop
      vertex 223.478 12.7 55.4658
      vertex 223.778 12.7 53.1855
      vertex 222.965 12.7 55.3637
    endloop
  endfacet
  facet normal 0 1 0
    outer loop
      vertex 224.85 12.7 52.9722
      vertex 226 12.7 54.9641
      vertex 226.435 12.7 54.6734
    endloop
  endfacet
  facet normal 0 1 -0
    outer loop
      vertex 223.56 12.7 53.1421
      vertex 222.965 12.7 55.3637
      vertex 223.778 12.7 53.1855
    endloop
  endfacet
  facet normal 0 1 0
    outer loop
      vertex 225.035 12.7 52.8487
      vertex 226.435 12.7 54.6734
      vertex 226.828 12.7 54.3284
    endloop
  endfacet
  facet normal 0 1 0
    outer loop
      vertex 222.965 12.7 55.3637
      vertex 223.56 12.7 53.1421
      vertex 222.469 12.7 55.1955
    endloop
  endfacet
  facet normal 0 1 0
    outer loop
      vertex 225.202 12.7 52.7021
      vertex 226.828 12.7 54.3284
      vertex 227.173 12.7 53.935
    endloop
  endfacet
  facet normal 0 1 -0
    outer loop
      vertex 223.349 12.7 53.0706
      vertex 222.469 12.7 55.1955
      vertex 223.56 12.7 53.1421
    endloop
  endfacet
  facet normal 0 1 0
    outer loop
      vertex 225.349 12.7 52.5349
      vertex 227.173 12.7 53.935
      vertex 227.464 12.7 53.5
    endloop
  endfacet
  facet normal 0 1 0
    outer loop
      vertex 222.469 12.7 55.1955
      vertex 223.349 12.7 53.0706
      vertex 222 12.7 54.9641
    endloop
  endfacet
  facet normal 0 1 -0
    outer loop
      vertex 223.15 12.7 52.9722
      vertex 222 12.7 54.9641
      vertex 223.349 12.7 53.0706
    endloop
  endfacet
  facet normal 0 1 0
    outer loop
      vertex 224.522 12.7 55.4658
      vertex 224.222 12.7 53.1855
      vertex 224 12.7 53.2
    endloop
  endfacet
  facet normal 0 1 0
    outer loop
      vertex 225.035 12.7 55.3637
      vertex 224.44 12.7 53.1421
      vertex 224.222 12.7 53.1855
    endloop
  endfacet
  facet normal 0 1 0
    outer loop
      vertex 225.531 12.7 55.1955
      vertex 224.651 12.7 53.0706
      vertex 224.44 12.7 53.1421
    endloop
  endfacet
  facet normal 0 1 0
    outer loop
      vertex 225.472 12.7 52.35
      vertex 227.464 12.7 53.5
      vertex 227.696 12.7 53.0307
    endloop
  endfacet
  facet normal 0 1 0
    outer loop
      vertex 226 12.7 54.9641
      vertex 224.85 12.7 52.9722
      vertex 224.651 12.7 53.0706
    endloop
  endfacet
  facet normal 0 1 0
    outer loop
      vertex 226.435 12.7 54.6734
      vertex 225.035 12.7 52.8487
      vertex 224.85 12.7 52.9722
    endloop
  endfacet
  facet normal 0 1 0
    outer loop
      vertex 226.828 12.7 54.3284
      vertex 225.202 12.7 52.7021
      vertex 225.035 12.7 52.8487
    endloop
  endfacet
  facet normal 0 1 0
    outer loop
      vertex 225.571 12.7 52.1506
      vertex 227.696 12.7 53.0307
      vertex 227.864 12.7 52.5353
    endloop
  endfacet
  facet normal 0 1 0
    outer loop
      vertex 227.173 12.7 53.935
      vertex 225.349 12.7 52.5349
      vertex 225.202 12.7 52.7021
    endloop
  endfacet
  facet normal 0 1 0
    outer loop
      vertex 227.464 12.7 53.5
      vertex 225.472 12.7 52.35
      vertex 225.349 12.7 52.5349
    endloop
  endfacet
  facet normal 0 1 0
    outer loop
      vertex 227.696 12.7 53.0307
      vertex 225.571 12.7 52.1506
      vertex 225.472 12.7 52.35
    endloop
  endfacet
  facet normal 0 1 0
    outer loop
      vertex 225.642 12.7 51.94
      vertex 227.864 12.7 52.5353
      vertex 227.966 12.7 52.0221
    endloop
  endfacet
  facet normal 0 1 0
    outer loop
      vertex 227.864 12.7 52.5353
      vertex 225.642 12.7 51.94
      vertex 225.571 12.7 52.1506
    endloop
  endfacet
  facet normal 0 1 0
    outer loop
      vertex 227.966 12.7 52.0221
      vertex 225.685 12.7 51.7219
      vertex 225.642 12.7 51.94
    endloop
  endfacet
  facet normal 0 1 0
    outer loop
      vertex 228 12.7 51.5
      vertex 225.685 12.7 51.7219
      vertex 227.966 12.7 52.0221
    endloop
  endfacet
  facet normal 0 1 0
    outer loop
      vertex 228 12.7 51.5
      vertex 225.7 12.7 51.5
      vertex 225.685 12.7 51.7219
    endloop
  endfacet
  facet normal 0 1 0
    outer loop
      vertex 228 12.7 51.5
      vertex 225.685 12.7 51.2781
      vertex 225.7 12.7 51.5
    endloop
  endfacet
  facet normal 0 1 -0
    outer loop
      vertex 227.966 12.7 50.9779
      vertex 225.685 12.7 51.2781
      vertex 228 12.7 51.5
    endloop
  endfacet
  facet normal 0 1 0
    outer loop
      vertex 225.685 12.7 51.2781
      vertex 227.966 12.7 50.9779
      vertex 225.642 12.7 51.06
    endloop
  endfacet
  facet normal 0 1 -0
    outer loop
      vertex 227.864 12.7 50.4647
      vertex 225.642 12.7 51.06
      vertex 227.966 12.7 50.9779
    endloop
  endfacet
  facet normal 0 1 0
    outer loop
      vertex 225.642 12.7 51.06
      vertex 227.864 12.7 50.4647
      vertex 225.571 12.7 50.8494
    endloop
  endfacet
  facet normal 0 1 -0
    outer loop
      vertex 227.696 12.7 49.9693
      vertex 225.571 12.7 50.8494
      vertex 227.864 12.7 50.4647
    endloop
  endfacet
  facet normal 0 1 0
    outer loop
      vertex 225.571 12.7 50.8494
      vertex 227.696 12.7 49.9693
      vertex 225.472 12.7 50.65
    endloop
  endfacet
  facet normal 0 1 -0
    outer loop
      vertex 227.464 12.7 49.5
      vertex 225.472 12.7 50.65
      vertex 227.696 12.7 49.9693
    endloop
  endfacet
  facet normal 0 1 0
    outer loop
      vertex 225.472 12.7 50.65
      vertex 227.464 12.7 49.5
      vertex 225.349 12.7 50.4651
    endloop
  endfacet
  facet normal 0 1 -0
    outer loop
      vertex 227.173 12.7 49.065
      vertex 225.349 12.7 50.4651
      vertex 227.464 12.7 49.5
    endloop
  endfacet
  facet normal 0 1 0
    outer loop
      vertex 225.349 12.7 50.4651
      vertex 227.173 12.7 49.065
      vertex 225.202 12.7 50.2979
    endloop
  endfacet
  facet normal 0 1 -0
    outer loop
      vertex 226.828 12.7 48.6716
      vertex 225.202 12.7 50.2979
      vertex 227.173 12.7 49.065
    endloop
  endfacet
  facet normal 0 1 0
    outer loop
      vertex 225.202 12.7 50.2979
      vertex 226.828 12.7 48.6716
      vertex 225.035 12.7 50.1513
    endloop
  endfacet
  facet normal 0 1 -0
    outer loop
      vertex 226.435 12.7 48.3266
      vertex 225.035 12.7 50.1513
      vertex 226.828 12.7 48.6716
    endloop
  endfacet
  facet normal 0 1 0
    outer loop
      vertex 225.035 12.7 50.1513
      vertex 226.435 12.7 48.3266
      vertex 224.85 12.7 50.0278
    endloop
  endfacet
  facet normal 0 1 -0
    outer loop
      vertex 226 12.7 48.0359
      vertex 224.85 12.7 50.0278
      vertex 226.435 12.7 48.3266
    endloop
  endfacet
  facet normal 0 1 0
    outer loop
      vertex 222 12.7 54.9641
      vertex 223.15 12.7 52.9722
      vertex 221.565 12.7 54.6734
    endloop
  endfacet
  facet normal 0 1 -0
    outer loop
      vertex 222.965 12.7 52.8487
      vertex 221.565 12.7 54.6734
      vertex 223.15 12.7 52.9722
    endloop
  endfacet
  facet normal 0 1 0
    outer loop
      vertex 221.565 12.7 54.6734
      vertex 222.965 12.7 52.8487
      vertex 221.172 12.7 54.3284
    endloop
  endfacet
  facet normal 0 1 -0
    outer loop
      vertex 222.798 12.7 52.7021
      vertex 221.172 12.7 54.3284
      vertex 222.965 12.7 52.8487
    endloop
  endfacet
  facet normal 0 1 0
    outer loop
      vertex 221.172 12.7 54.3284
      vertex 222.798 12.7 52.7021
      vertex 220.827 12.7 53.935
    endloop
  endfacet
  facet normal 0 1 -0
    outer loop
      vertex 222.651 12.7 52.5349
      vertex 220.827 12.7 53.935
      vertex 222.798 12.7 52.7021
    endloop
  endfacet
  facet normal 0 1 0
    outer loop
      vertex 220.827 12.7 53.935
      vertex 222.651 12.7 52.5349
      vertex 220.536 12.7 53.5
    endloop
  endfacet
  facet normal 0 1 -0
    outer loop
      vertex 222.528 12.7 52.35
      vertex 220.536 12.7 53.5
      vertex 222.651 12.7 52.5349
    endloop
  endfacet
  facet normal 0 1 0
    outer loop
      vertex 220.536 12.7 53.5
      vertex 222.528 12.7 52.35
      vertex 220.304 12.7 53.0307
    endloop
  endfacet
  facet normal 0 1 -0
    outer loop
      vertex 222.429 12.7 52.1506
      vertex 220.304 12.7 53.0307
      vertex 222.528 12.7 52.35
    endloop
  endfacet
  facet normal 0 1 0
    outer loop
      vertex 220.304 12.7 53.0307
      vertex 222.429 12.7 52.1506
      vertex 220.136 12.7 52.5353
    endloop
  endfacet
  facet normal 0 1 -0
    outer loop
      vertex 222.358 12.7 51.94
      vertex 220.136 12.7 52.5353
      vertex 222.429 12.7 52.1506
    endloop
  endfacet
  facet normal 0 1 0
    outer loop
      vertex 220.136 12.7 52.5353
      vertex 222.358 12.7 51.94
      vertex 220.034 12.7 52.0221
    endloop
  endfacet
  facet normal 0 1 -0
    outer loop
      vertex 222.315 12.7 51.7219
      vertex 220.034 12.7 52.0221
      vertex 222.358 12.7 51.94
    endloop
  endfacet
  facet normal 0 1 -0
    outer loop
      vertex 222.3 12.7 51.5
      vertex 220.034 12.7 52.0221
      vertex 222.315 12.7 51.7219
    endloop
  endfacet
  facet normal 0 1 0
    outer loop
      vertex 222.3 12.7 51.5
      vertex 220 12.7 51.5
      vertex 220.034 12.7 52.0221
    endloop
  endfacet
  facet normal 0 1 0
    outer loop
      vertex 222.315 12.7 51.2781
      vertex 220 12.7 51.5
      vertex 222.3 12.7 51.5
    endloop
  endfacet
  facet normal 0 1 0
    outer loop
      vertex 220.034 12.7 50.9779
      vertex 222.315 12.7 51.2781
      vertex 222.358 12.7 51.06
    endloop
  endfacet
  facet normal 0 1 0
    outer loop
      vertex 222.315 12.7 51.2781
      vertex 220.034 12.7 50.9779
      vertex 220 12.7 51.5
    endloop
  endfacet
  facet normal 0 1 0
    outer loop
      vertex 220.136 12.7 50.4647
      vertex 222.358 12.7 51.06
      vertex 222.429 12.7 50.8494
    endloop
  endfacet
  facet normal 0 1 0
    outer loop
      vertex 220.304 12.7 49.9693
      vertex 222.429 12.7 50.8494
      vertex 222.528 12.7 50.65
    endloop
  endfacet
  facet normal 0 1 0
    outer loop
      vertex 220.536 12.7 49.5
      vertex 222.528 12.7 50.65
      vertex 222.651 12.7 50.4651
    endloop
  endfacet
  facet normal 0 1 0
    outer loop
      vertex 222.358 12.7 51.06
      vertex 220.136 12.7 50.4647
      vertex 220.034 12.7 50.9779
    endloop
  endfacet
  facet normal 0 1 0
    outer loop
      vertex 220.827 12.7 49.065
      vertex 222.651 12.7 50.4651
      vertex 222.798 12.7 50.2979
    endloop
  endfacet
  facet normal 0 1 0
    outer loop
      vertex 221.172 12.7 48.6716
      vertex 222.798 12.7 50.2979
      vertex 222.965 12.7 50.1513
    endloop
  endfacet
  facet normal 0 1 0
    outer loop
      vertex 221.565 12.7 48.3266
      vertex 222.965 12.7 50.1513
      vertex 223.15 12.7 50.0278
    endloop
  endfacet
  facet normal 0 1 0
    outer loop
      vertex 222.429 12.7 50.8494
      vertex 220.304 12.7 49.9693
      vertex 220.136 12.7 50.4647
    endloop
  endfacet
  facet normal 0 1 0
    outer loop
      vertex 222 12.7 48.0359
      vertex 223.15 12.7 50.0278
      vertex 223.349 12.7 49.9294
    endloop
  endfacet
  facet normal 0 1 0
    outer loop
      vertex 222.469 12.7 47.8045
      vertex 223.349 12.7 49.9294
      vertex 223.56 12.7 49.8579
    endloop
  endfacet
  facet normal 0 1 0
    outer loop
      vertex 222.965 12.7 47.6363
      vertex 223.56 12.7 49.8579
      vertex 223.778 12.7 49.8145
    endloop
  endfacet
  facet normal 0 1 0
    outer loop
      vertex 223.478 12.7 47.5342
      vertex 223.778 12.7 49.8145
      vertex 224 12.7 49.8
    endloop
  endfacet
  facet normal 0 1 0
    outer loop
      vertex 224.85 12.7 50.0278
      vertex 226 12.7 48.0359
      vertex 224.651 12.7 49.9294
    endloop
  endfacet
  facet normal 0 1 0
    outer loop
      vertex 222.528 12.7 50.65
      vertex 220.536 12.7 49.5
      vertex 220.304 12.7 49.9693
    endloop
  endfacet
  facet normal 0 1 -0
    outer loop
      vertex 225.531 12.7 47.8045
      vertex 224.651 12.7 49.9294
      vertex 226 12.7 48.0359
    endloop
  endfacet
  facet normal 0 1 0
    outer loop
      vertex 222.651 12.7 50.4651
      vertex 220.827 12.7 49.065
      vertex 220.536 12.7 49.5
    endloop
  endfacet
  facet normal 0 1 0
    outer loop
      vertex 224.651 12.7 49.9294
      vertex 225.531 12.7 47.8045
      vertex 224.44 12.7 49.8579
    endloop
  endfacet
  facet normal 0 1 0
    outer loop
      vertex 222.798 12.7 50.2979
      vertex 221.172 12.7 48.6716
      vertex 220.827 12.7 49.065
    endloop
  endfacet
  facet normal 0 1 -0
    outer loop
      vertex 225.035 12.7 47.6363
      vertex 224.44 12.7 49.8579
      vertex 225.531 12.7 47.8045
    endloop
  endfacet
  facet normal 0 1 0
    outer loop
      vertex 222.965 12.7 50.1513
      vertex 221.565 12.7 48.3266
      vertex 221.172 12.7 48.6716
    endloop
  endfacet
  facet normal 0 1 0
    outer loop
      vertex 224.44 12.7 49.8579
      vertex 225.035 12.7 47.6363
      vertex 224.222 12.7 49.8145
    endloop
  endfacet
  facet normal 0 1 0
    outer loop
      vertex 223.15 12.7 50.0278
      vertex 222 12.7 48.0359
      vertex 221.565 12.7 48.3266
    endloop
  endfacet
  facet normal 0 1 -0
    outer loop
      vertex 224.522 12.7 47.5342
      vertex 224.222 12.7 49.8145
      vertex 225.035 12.7 47.6363
    endloop
  endfacet
  facet normal 0 1 0
    outer loop
      vertex 223.349 12.7 49.9294
      vertex 222.469 12.7 47.8045
      vertex 222 12.7 48.0359
    endloop
  endfacet
  facet normal 0 1 0
    outer loop
      vertex 224.222 12.7 49.8145
      vertex 224.522 12.7 47.5342
      vertex 224 12.7 49.8
    endloop
  endfacet
  facet normal 0 1 0
    outer loop
      vertex 223.56 12.7 49.8579
      vertex 222.965 12.7 47.6363
      vertex 222.469 12.7 47.8045
    endloop
  endfacet
  facet normal 0 1 0
    outer loop
      vertex 224 12.7 47.5
      vertex 224 12.7 49.8
      vertex 224.522 12.7 47.5342
    endloop
  endfacet
  facet normal 0 1 0
    outer loop
      vertex 223.778 12.7 49.8145
      vertex 223.478 12.7 47.5342
      vertex 222.965 12.7 47.6363
    endloop
  endfacet
  facet normal 0 1 0
    outer loop
      vertex 224 12.7 49.8
      vertex 224 12.7 47.5
      vertex 223.478 12.7 47.5342
    endloop
  endfacet
  facet normal -0.896443 0 -0.443159
    outer loop
      vertex 220.536 8 49.5
      vertex 220.304 12.7 49.9693
      vertex 220.536 12.7 49.5
    endloop
  endfacet
  facet normal -0.896443 -0 -0.443159
    outer loop
      vertex 220.304 12.7 49.9693
      vertex 220.536 8 49.5
      vertex 220.304 8 49.9693
    endloop
  endfacet
  facet normal -0.0653771 0 0.997861
    outer loop
      vertex 223.478 12.7 55.4658
      vertex 224 8 55.5
      vertex 224 12.7 55.5
    endloop
  endfacet
  facet normal -0.0653771 0 0.997861
    outer loop
      vertex 224 8 55.5
      vertex 223.478 12.7 55.4658
      vertex 223.478 8 55.4658
    endloop
  endfacet
  facet normal -0.751842 0 0.659343
    outer loop
      vertex 220.827 8 53.935
      vertex 221.172 12.7 54.3284
      vertex 220.827 12.7 53.935
    endloop
  endfacet
  facet normal -0.751842 0 0.659343
    outer loop
      vertex 221.172 12.7 54.3284
      vertex 220.827 8 53.935
      vertex 221.172 8 54.3284
    endloop
  endfacet
  facet normal -0.32115 0 -0.947028
    outer loop
      vertex 222.469 8 47.8045
      vertex 222.965 12.7 47.6363
      vertex 222.965 8 47.6363
    endloop
  endfacet
  facet normal -0.32115 0 -0.947028
    outer loop
      vertex 222.965 12.7 47.6363
      vertex 222.469 8 47.8045
      vertex 222.469 12.7 47.8045
    endloop
  endfacet
  facet normal 0.751842 -0 0.659343
    outer loop
      vertex 226.828 8 54.3284
      vertex 227.173 12.7 53.935
      vertex 226.828 12.7 54.3284
    endloop
  endfacet
  facet normal 0.751842 0 0.659343
    outer loop
      vertex 227.173 12.7 53.935
      vertex 226.828 8 54.3284
      vertex 227.173 8 53.935
    endloop
  endfacet
  facet normal -0.659722 0 0.75151
    outer loop
      vertex 221.172 12.7 54.3284
      vertex 221.565 8 54.6734
      vertex 221.565 12.7 54.6734
    endloop
  endfacet
  facet normal -0.659722 0 0.75151
    outer loop
      vertex 221.565 8 54.6734
      vertex 221.172 12.7 54.3284
      vertex 221.172 8 54.3284
    endloop
  endfacet
  facet normal -0.442465 0 0.896786
    outer loop
      vertex 222 12.7 54.9641
      vertex 222.469 8 55.1955
      vertex 222.469 12.7 55.1955
    endloop
  endfacet
  facet normal -0.442465 0 0.896786
    outer loop
      vertex 222.469 8 55.1955
      vertex 222 12.7 54.9641
      vertex 222 8 54.9641
    endloop
  endfacet
  facet normal 0.195197 0 -0.980764
    outer loop
      vertex 224.522 8 47.5342
      vertex 225.035 12.7 47.6363
      vertex 225.035 8 47.6363
    endloop
  endfacet
  facet normal 0.195197 0 -0.980764
    outer loop
      vertex 225.035 12.7 47.6363
      vertex 224.522 8 47.5342
      vertex 224.522 12.7 47.5342
    endloop
  endfacet
  facet normal -0.831167 0 0.556022
    outer loop
      vertex 220.536 8 53.5
      vertex 220.827 12.7 53.935
      vertex 220.536 12.7 53.5
    endloop
  endfacet
  facet normal -0.831167 0 0.556022
    outer loop
      vertex 220.827 12.7 53.935
      vertex 220.536 8 53.5
      vertex 220.827 8 53.935
    endloop
  endfacet
  facet normal 0.442465 0 0.896786
    outer loop
      vertex 225.531 12.7 55.1955
      vertex 226 8 54.9641
      vertex 226 12.7 54.9641
    endloop
  endfacet
  facet normal 0.442465 0 0.896786
    outer loop
      vertex 226 8 54.9641
      vertex 225.531 12.7 55.1955
      vertex 225.531 8 55.1955
    endloop
  endfacet
  facet normal 0.997886 0 -0.064984
    outer loop
      vertex 228 8 51.5
      vertex 227.966 12.7 50.9779
      vertex 228 12.7 51.5
    endloop
  endfacet
  facet normal 0.997886 0 -0.064984
    outer loop
      vertex 227.966 12.7 50.9779
      vertex 228 8 51.5
      vertex 227.966 8 50.9779
    endloop
  endfacet
  facet normal 0.831167 -0 0.556022
    outer loop
      vertex 227.173 8 53.935
      vertex 227.464 12.7 53.5
      vertex 227.173 12.7 53.935
    endloop
  endfacet
  facet normal 0.831167 0 0.556022
    outer loop
      vertex 227.464 12.7 53.5
      vertex 227.173 8 53.935
      vertex 227.464 8 53.5
    endloop
  endfacet
  facet normal -0.32115 0 0.947028
    outer loop
      vertex 222.469 12.7 55.1955
      vertex 222.965 8 55.3637
      vertex 222.965 12.7 55.3637
    endloop
  endfacet
  facet normal -0.32115 0 0.947028
    outer loop
      vertex 222.965 8 55.3637
      vertex 222.469 12.7 55.1955
      vertex 222.469 8 55.1955
    endloop
  endfacet
  facet normal -0.751842 0 -0.659343
    outer loop
      vertex 221.172 8 48.6716
      vertex 220.827 12.7 49.065
      vertex 221.172 12.7 48.6716
    endloop
  endfacet
  facet normal -0.751842 -0 -0.659343
    outer loop
      vertex 220.827 12.7 49.065
      vertex 221.172 8 48.6716
      vertex 220.827 8 49.065
    endloop
  endfacet
  facet normal 0.659722 0 -0.75151
    outer loop
      vertex 226.435 8 48.3266
      vertex 226.828 12.7 48.6716
      vertex 226.828 8 48.6716
    endloop
  endfacet
  facet normal 0.659722 0 -0.75151
    outer loop
      vertex 226.828 12.7 48.6716
      vertex 226.435 8 48.3266
      vertex 226.435 12.7 48.3266
    endloop
  endfacet
  facet normal -0.0653771 0 -0.997861
    outer loop
      vertex 223.478 8 47.5342
      vertex 224 12.7 47.5
      vertex 224 8 47.5
    endloop
  endfacet
  facet normal -0.0653771 0 -0.997861
    outer loop
      vertex 224 12.7 47.5
      vertex 223.478 8 47.5342
      vertex 223.478 12.7 47.5342
    endloop
  endfacet
  facet normal 0.32115 0 -0.947028
    outer loop
      vertex 225.035 8 47.6363
      vertex 225.531 12.7 47.8045
      vertex 225.531 8 47.8045
    endloop
  endfacet
  facet normal 0.32115 0 -0.947028
    outer loop
      vertex 225.531 12.7 47.8045
      vertex 225.035 8 47.6363
      vertex 225.035 12.7 47.6363
    endloop
  endfacet
  facet normal 0.555626 0 -0.831432
    outer loop
      vertex 226 8 48.0359
      vertex 226.435 12.7 48.3266
      vertex 226.435 8 48.3266
    endloop
  endfacet
  facet normal 0.555626 0 -0.831432
    outer loop
      vertex 226.435 12.7 48.3266
      vertex 226 8 48.0359
      vertex 226 12.7 48.0359
    endloop
  endfacet
  facet normal 0.0653771 0 0.997861
    outer loop
      vertex 224 12.7 55.5
      vertex 224.522 8 55.4658
      vertex 224.522 12.7 55.4658
    endloop
  endfacet
  facet normal 0.0653771 0 0.997861
    outer loop
      vertex 224.522 8 55.4658
      vertex 224 12.7 55.5
      vertex 224 8 55.5
    endloop
  endfacet
  facet normal 0.751842 0 -0.659343
    outer loop
      vertex 227.173 8 49.065
      vertex 226.828 12.7 48.6716
      vertex 227.173 12.7 49.065
    endloop
  endfacet
  facet normal 0.751842 0 -0.659343
    outer loop
      vertex 226.828 12.7 48.6716
      vertex 227.173 8 49.065
      vertex 226.828 8 48.6716
    endloop
  endfacet
  facet normal -0.831167 0 -0.556022
    outer loop
      vertex 220.827 8 49.065
      vertex 220.536 12.7 49.5
      vertex 220.827 12.7 49.065
    endloop
  endfacet
  facet normal -0.831167 -0 -0.556022
    outer loop
      vertex 220.536 12.7 49.5
      vertex 220.827 8 49.065
      vertex 220.536 8 49.5
    endloop
  endfacet
  facet normal -0.442465 0 -0.896786
    outer loop
      vertex 222 8 48.0359
      vertex 222.469 12.7 47.8045
      vertex 222.469 8 47.8045
    endloop
  endfacet
  facet normal -0.442465 0 -0.896786
    outer loop
      vertex 222.469 12.7 47.8045
      vertex 222 8 48.0359
      vertex 222 12.7 48.0359
    endloop
  endfacet
  facet normal -0.659722 0 -0.75151
    outer loop
      vertex 221.172 8 48.6716
      vertex 221.565 12.7 48.3266
      vertex 221.565 8 48.3266
    endloop
  endfacet
  facet normal -0.659722 0 -0.75151
    outer loop
      vertex 221.565 12.7 48.3266
      vertex 221.172 8 48.6716
      vertex 221.172 12.7 48.6716
    endloop
  endfacet
  facet normal 0.896443 0 -0.443159
    outer loop
      vertex 227.696 8 49.9693
      vertex 227.464 12.7 49.5
      vertex 227.696 12.7 49.9693
    endloop
  endfacet
  facet normal 0.896443 0 -0.443159
    outer loop
      vertex 227.464 12.7 49.5
      vertex 227.696 8 49.9693
      vertex 227.464 8 49.5
    endloop
  endfacet
  facet normal -0.980815 0 0.19494
    outer loop
      vertex 220.034 8 52.0221
      vertex 220.136 12.7 52.5353
      vertex 220.034 12.7 52.0221
    endloop
  endfacet
  facet normal -0.980815 0 0.19494
    outer loop
      vertex 220.136 12.7 52.5353
      vertex 220.034 8 52.0221
      vertex 220.136 8 52.5353
    endloop
  endfacet
  facet normal 0.0653771 0 -0.997861
    outer loop
      vertex 224 8 47.5
      vertex 224.522 12.7 47.5342
      vertex 224.522 8 47.5342
    endloop
  endfacet
  facet normal 0.0653771 0 -0.997861
    outer loop
      vertex 224.522 12.7 47.5342
      vertex 224 8 47.5
      vertex 224 12.7 47.5
    endloop
  endfacet
  facet normal -0.997886 0 -0.064984
    outer loop
      vertex 220.034 8 50.9779
      vertex 220 12.7 51.5
      vertex 220.034 12.7 50.9779
    endloop
  endfacet
  facet normal -0.997886 -0 -0.064984
    outer loop
      vertex 220 12.7 51.5
      vertex 220.034 8 50.9779
      vertex 220 8 51.5
    endloop
  endfacet
  facet normal -0.195197 0 0.980764
    outer loop
      vertex 222.965 12.7 55.3637
      vertex 223.478 8 55.4658
      vertex 223.478 12.7 55.4658
    endloop
  endfacet
  facet normal -0.195197 0 0.980764
    outer loop
      vertex 223.478 8 55.4658
      vertex 222.965 12.7 55.3637
      vertex 222.965 8 55.3637
    endloop
  endfacet
  facet normal -0.195197 0 -0.980764
    outer loop
      vertex 222.965 8 47.6363
      vertex 223.478 12.7 47.5342
      vertex 223.478 8 47.5342
    endloop
  endfacet
  facet normal -0.195197 0 -0.980764
    outer loop
      vertex 223.478 12.7 47.5342
      vertex 222.965 8 47.6363
      vertex 222.965 12.7 47.6363
    endloop
  endfacet
  facet normal -0.980815 0 -0.19494
    outer loop
      vertex 220.136 8 50.4647
      vertex 220.034 12.7 50.9779
      vertex 220.136 12.7 50.4647
    endloop
  endfacet
  facet normal -0.980815 -0 -0.19494
    outer loop
      vertex 220.034 12.7 50.9779
      vertex 220.136 8 50.4647
      vertex 220.034 8 50.9779
    endloop
  endfacet
  facet normal -0.947026 0 0.321156
    outer loop
      vertex 220.136 8 52.5353
      vertex 220.304 12.7 53.0307
      vertex 220.136 12.7 52.5353
    endloop
  endfacet
  facet normal -0.947026 0 0.321156
    outer loop
      vertex 220.304 12.7 53.0307
      vertex 220.136 8 52.5353
      vertex 220.304 8 53.0307
    endloop
  endfacet
  facet normal -0.98077 0 -0.195165
    outer loop
      vertex 33.6855 6.2 15.7219
      vertex 33.6421 12.7 15.94
      vertex 33.6855 12.7 15.7219
    endloop
  endfacet
  facet normal -0.98077 -0 -0.195165
    outer loop
      vertex 33.6421 12.7 15.94
      vertex 33.6855 6.2 15.7219
      vertex 33.6421 6.2 15.94
    endloop
  endfacet
  facet normal -0.997872 0 -0.0652057
    outer loop
      vertex 33.7 6.2 15.5
      vertex 33.6855 12.7 15.7219
      vertex 33.7 12.7 15.5
    endloop
  endfacet
  facet normal -0.997872 -0 -0.0652057
    outer loop
      vertex 33.6855 12.7 15.7219
      vertex 33.7 6.2 15.5
      vertex 33.6855 6.2 15.7219
    endloop
  endfacet
  facet normal 0.44253 0 -0.896754
    outer loop
      vertex 31.15 6.2 16.9722
      vertex 31.3494 12.7 17.0706
      vertex 31.3494 6.2 17.0706
    endloop
  endfacet
  facet normal 0.44253 0 -0.896754
    outer loop
      vertex 31.3494 12.7 17.0706
      vertex 31.15 6.2 16.9722
      vertex 31.15 12.7 16.9722
    endloop
  endfacet
  facet normal -0.555426 0 -0.831566
    outer loop
      vertex 32.85 6.2 16.9722
      vertex 33.0349 12.7 16.8487
      vertex 33.0349 6.2 16.8487
    endloop
  endfacet
  facet normal -0.555426 0 -0.831566
    outer loop
      vertex 33.0349 12.7 16.8487
      vertex 32.85 6.2 16.9722
      vertex 32.85 12.7 16.9722
    endloop
  endfacet
  facet normal 0.659268 0 -0.751908
    outer loop
      vertex 30.7979 6.2 16.7021
      vertex 30.9651 12.7 16.8487
      vertex 30.9651 6.2 16.8487
    endloop
  endfacet
  facet normal 0.659268 0 -0.751908
    outer loop
      vertex 30.9651 12.7 16.8487
      vertex 30.7979 6.2 16.7021
      vertex 30.7979 12.7 16.7021
    endloop
  endfacet
  facet normal -0.321484 0 0.946915
    outer loop
      vertex 32.44 12.7 13.8579
      vertex 32.6506 6.2 13.9294
      vertex 32.6506 12.7 13.9294
    endloop
  endfacet
  facet normal -0.321484 0 0.946915
    outer loop
      vertex 32.6506 6.2 13.9294
      vertex 32.44 12.7 13.8579
      vertex 32.44 6.2 13.8579
    endloop
  endfacet
  facet normal -0.831566 0 0.555426
    outer loop
      vertex 33.3487 6.2 14.4651
      vertex 33.4722 12.7 14.65
      vertex 33.3487 12.7 14.4651
    endloop
  endfacet
  facet normal -0.831566 0 0.555426
    outer loop
      vertex 33.4722 12.7 14.65
      vertex 33.3487 6.2 14.4651
      vertex 33.4722 6.2 14.65
    endloop
  endfacet
  facet normal -0.946915 0 0.321484
    outer loop
      vertex 33.5706 6.2 14.8494
      vertex 33.6421 12.7 15.06
      vertex 33.5706 12.7 14.8494
    endloop
  endfacet
  facet normal -0.946915 0 0.321484
    outer loop
      vertex 33.6421 12.7 15.06
      vertex 33.5706 6.2 14.8494
      vertex 33.6421 6.2 15.06
    endloop
  endfacet
  facet normal -0.321484 0 -0.946915
    outer loop
      vertex 32.44 6.2 17.1421
      vertex 32.6506 12.7 17.0706
      vertex 32.6506 6.2 17.0706
    endloop
  endfacet
  facet normal -0.321484 0 -0.946915
    outer loop
      vertex 32.6506 12.7 17.0706
      vertex 32.44 6.2 17.1421
      vertex 32.44 12.7 17.1421
    endloop
  endfacet
  facet normal -0.195165 0 -0.98077
    outer loop
      vertex 32.2219 6.2 17.1855
      vertex 32.44 12.7 17.1421
      vertex 32.44 6.2 17.1421
    endloop
  endfacet
  facet normal -0.195165 0 -0.98077
    outer loop
      vertex 32.44 12.7 17.1421
      vertex 32.2219 6.2 17.1855
      vertex 32.2219 12.7 17.1855
    endloop
  endfacet
  facet normal 0.555426 0 -0.831566
    outer loop
      vertex 30.9651 6.2 16.8487
      vertex 31.15 12.7 16.9722
      vertex 31.15 6.2 16.9722
    endloop
  endfacet
  facet normal 0.555426 0 -0.831566
    outer loop
      vertex 31.15 12.7 16.9722
      vertex 30.9651 6.2 16.8487
      vertex 30.9651 12.7 16.8487
    endloop
  endfacet
  facet normal -0.896754 0 0.44253
    outer loop
      vertex 33.4722 6.2 14.65
      vertex 33.5706 12.7 14.8494
      vertex 33.4722 12.7 14.65
    endloop
  endfacet
  facet normal -0.896754 0 0.44253
    outer loop
      vertex 33.5706 12.7 14.8494
      vertex 33.4722 6.2 14.65
      vertex 33.5706 6.2 14.8494
    endloop
  endfacet
  facet normal -0.659268 0 -0.751908
    outer loop
      vertex 33.0349 6.2 16.8487
      vertex 33.2021 12.7 16.7021
      vertex 33.2021 6.2 16.7021
    endloop
  endfacet
  facet normal -0.659268 0 -0.751908
    outer loop
      vertex 33.2021 12.7 16.7021
      vertex 33.0349 6.2 16.8487
      vertex 33.0349 12.7 16.8487
    endloop
  endfacet
  facet normal -0.555426 0 0.831566
    outer loop
      vertex 32.85 12.7 14.0278
      vertex 33.0349 6.2 14.1513
      vertex 33.0349 12.7 14.1513
    endloop
  endfacet
  facet normal -0.555426 0 0.831566
    outer loop
      vertex 33.0349 6.2 14.1513
      vertex 32.85 12.7 14.0278
      vertex 32.85 6.2 14.0278
    endloop
  endfacet
  facet normal -0.44253 0 -0.896754
    outer loop
      vertex 32.6506 6.2 17.0706
      vertex 32.85 12.7 16.9722
      vertex 32.85 6.2 16.9722
    endloop
  endfacet
  facet normal -0.44253 0 -0.896754
    outer loop
      vertex 32.85 12.7 16.9722
      vertex 32.6506 6.2 17.0706
      vertex 32.6506 12.7 17.0706
    endloop
  endfacet
  facet normal 0.659268 0 0.751908
    outer loop
      vertex 30.7979 12.7 14.2979
      vertex 30.9651 6.2 14.1513
      vertex 30.9651 12.7 14.1513
    endloop
  endfacet
  facet normal 0.659268 0 0.751908
    outer loop
      vertex 30.9651 6.2 14.1513
      vertex 30.7979 12.7 14.2979
      vertex 30.7979 6.2 14.2979
    endloop
  endfacet
  facet normal 0.751908 -0 0.659268
    outer loop
      vertex 30.6513 6.2 14.4651
      vertex 30.7979 12.7 14.2979
      vertex 30.6513 12.7 14.4651
    endloop
  endfacet
  facet normal 0.751908 0 0.659268
    outer loop
      vertex 30.7979 12.7 14.2979
      vertex 30.6513 6.2 14.4651
      vertex 30.7979 6.2 14.2979
    endloop
  endfacet
  facet normal 0.831566 -0 0.555426
    outer loop
      vertex 30.5278 6.2 14.65
      vertex 30.6513 12.7 14.4651
      vertex 30.5278 12.7 14.65
    endloop
  endfacet
  facet normal 0.831566 0 0.555426
    outer loop
      vertex 30.6513 12.7 14.4651
      vertex 30.5278 6.2 14.65
      vertex 30.6513 6.2 14.4651
    endloop
  endfacet
  facet normal -0.831566 0 -0.555426
    outer loop
      vertex 33.4722 6.2 16.35
      vertex 33.3487 12.7 16.5349
      vertex 33.4722 12.7 16.35
    endloop
  endfacet
  facet normal -0.831566 -0 -0.555426
    outer loop
      vertex 33.3487 12.7 16.5349
      vertex 33.4722 6.2 16.35
      vertex 33.3487 6.2 16.5349
    endloop
  endfacet
  facet normal -0.195165 0 0.98077
    outer loop
      vertex 32.2219 12.7 13.8145
      vertex 32.44 6.2 13.8579
      vertex 32.44 12.7 13.8579
    endloop
  endfacet
  facet normal -0.195165 0 0.98077
    outer loop
      vertex 32.44 6.2 13.8579
      vertex 32.2219 12.7 13.8145
      vertex 32.2219 6.2 13.8145
    endloop
  endfacet
  facet normal -0.98077 0 0.195165
    outer loop
      vertex 33.6421 6.2 15.06
      vertex 33.6855 12.7 15.2781
      vertex 33.6421 12.7 15.06
    endloop
  endfacet
  facet normal -0.98077 0 0.195165
    outer loop
      vertex 33.6855 12.7 15.2781
      vertex 33.6421 6.2 15.06
      vertex 33.6855 6.2 15.2781
    endloop
  endfacet
  facet normal 0.946915 -0 0.321484
    outer loop
      vertex 30.3579 6.2 15.06
      vertex 30.4294 12.7 14.8494
      vertex 30.3579 12.7 15.06
    endloop
  endfacet
  facet normal 0.946915 0 0.321484
    outer loop
      vertex 30.4294 12.7 14.8494
      vertex 30.3579 6.2 15.06
      vertex 30.4294 6.2 14.8494
    endloop
  endfacet
  facet normal -0.44253 0 0.896754
    outer loop
      vertex 32.6506 12.7 13.9294
      vertex 32.85 6.2 14.0278
      vertex 32.85 12.7 14.0278
    endloop
  endfacet
  facet normal -0.44253 0 0.896754
    outer loop
      vertex 32.85 6.2 14.0278
      vertex 32.6506 12.7 13.9294
      vertex 32.6506 6.2 13.9294
    endloop
  endfacet
  facet normal -0.0652057 0 -0.997872
    outer loop
      vertex 32 6.2 17.2
      vertex 32.2219 12.7 17.1855
      vertex 32.2219 6.2 17.1855
    endloop
  endfacet
  facet normal -0.0652057 0 -0.997872
    outer loop
      vertex 32.2219 12.7 17.1855
      vertex 32 6.2 17.2
      vertex 32 12.7 17.2
    endloop
  endfacet
  facet normal 0.321484 0 -0.946915
    outer loop
      vertex 31.3494 6.2 17.0706
      vertex 31.56 12.7 17.1421
      vertex 31.56 6.2 17.1421
    endloop
  endfacet
  facet normal 0.321484 0 -0.946915
    outer loop
      vertex 31.56 12.7 17.1421
      vertex 31.3494 6.2 17.0706
      vertex 31.3494 12.7 17.0706
    endloop
  endfacet
  facet normal 0 1 0
    outer loop
      vertex 32.2219 6.2 17.1855
      vertex 31.7781 6.2 17.1855
      vertex 32 6.2 17.2
    endloop
  endfacet
  facet normal 0 1 0
    outer loop
      vertex 32.44 6.2 17.1421
      vertex 31.7781 6.2 17.1855
      vertex 32.2219 6.2 17.1855
    endloop
  endfacet
  facet normal 0 1 0
    outer loop
      vertex 32.44 6.2 17.1421
      vertex 31.56 6.2 17.1421
      vertex 31.7781 6.2 17.1855
    endloop
  endfacet
  facet normal 0 1 0
    outer loop
      vertex 32.6506 6.2 17.0706
      vertex 31.56 6.2 17.1421
      vertex 32.44 6.2 17.1421
    endloop
  endfacet
  facet normal 0 1 0
    outer loop
      vertex 32.6506 6.2 17.0706
      vertex 31.3494 6.2 17.0706
      vertex 31.56 6.2 17.1421
    endloop
  endfacet
  facet normal 0 1 0
    outer loop
      vertex 32.85 6.2 16.9722
      vertex 31.3494 6.2 17.0706
      vertex 32.6506 6.2 17.0706
    endloop
  endfacet
  facet normal 0 1 0
    outer loop
      vertex 32.85 6.2 16.9722
      vertex 31.15 6.2 16.9722
      vertex 31.3494 6.2 17.0706
    endloop
  endfacet
  facet normal 0 1 0
    outer loop
      vertex 33.0349 6.2 16.8487
      vertex 31.15 6.2 16.9722
      vertex 32.85 6.2 16.9722
    endloop
  endfacet
  facet normal 0 1 0
    outer loop
      vertex 33.0349 6.2 16.8487
      vertex 30.9651 6.2 16.8487
      vertex 31.15 6.2 16.9722
    endloop
  endfacet
  facet normal 0 1 0
    outer loop
      vertex 33.2021 6.2 16.7021
      vertex 30.9651 6.2 16.8487
      vertex 33.0349 6.2 16.8487
    endloop
  endfacet
  facet normal 0 1 0
    outer loop
      vertex 33.2021 6.2 16.7021
      vertex 30.7979 6.2 16.7021
      vertex 30.9651 6.2 16.8487
    endloop
  endfacet
  facet normal 0 1 0
    outer loop
      vertex 33.3487 6.2 16.5349
      vertex 30.7979 6.2 16.7021
      vertex 33.2021 6.2 16.7021
    endloop
  endfacet
  facet normal 0 1 0
    outer loop
      vertex 33.3487 6.2 16.5349
      vertex 30.6513 6.2 16.5349
      vertex 30.7979 6.2 16.7021
    endloop
  endfacet
  facet normal 0 1 0
    outer loop
      vertex 33.4722 6.2 16.35
      vertex 30.6513 6.2 16.5349
      vertex 33.3487 6.2 16.5349
    endloop
  endfacet
  facet normal 0 1 0
    outer loop
      vertex 33.4722 6.2 16.35
      vertex 30.5278 6.2 16.35
      vertex 30.6513 6.2 16.5349
    endloop
  endfacet
  facet normal 0 1 0
    outer loop
      vertex 33.5706 6.2 16.1506
      vertex 30.5278 6.2 16.35
      vertex 33.4722 6.2 16.35
    endloop
  endfacet
  facet normal 0 1 0
    outer loop
      vertex 33.5706 6.2 16.1506
      vertex 30.4294 6.2 16.1506
      vertex 30.5278 6.2 16.35
    endloop
  endfacet
  facet normal 0 1 0
    outer loop
      vertex 33.6421 6.2 15.94
      vertex 30.4294 6.2 16.1506
      vertex 33.5706 6.2 16.1506
    endloop
  endfacet
  facet normal 0 1 0
    outer loop
      vertex 33.6421 6.2 15.94
      vertex 30.3579 6.2 15.94
      vertex 30.4294 6.2 16.1506
    endloop
  endfacet
  facet normal 0 1 0
    outer loop
      vertex 33.6855 6.2 15.7219
      vertex 30.3579 6.2 15.94
      vertex 33.6421 6.2 15.94
    endloop
  endfacet
  facet normal 0 1 0
    outer loop
      vertex 33.6855 6.2 15.7219
      vertex 30.3145 6.2 15.7219
      vertex 30.3579 6.2 15.94
    endloop
  endfacet
  facet normal 0 1 0
    outer loop
      vertex 33.7 6.2 15.5
      vertex 30.3145 6.2 15.7219
      vertex 33.6855 6.2 15.7219
    endloop
  endfacet
  facet normal 0 1 0
    outer loop
      vertex 33.7 6.2 15.5
      vertex 30.3 6.2 15.5
      vertex 30.3145 6.2 15.7219
    endloop
  endfacet
  facet normal 0 1 -0
    outer loop
      vertex 33.6855 6.2 15.2781
      vertex 30.3 6.2 15.5
      vertex 33.7 6.2 15.5
    endloop
  endfacet
  facet normal 0 1 0
    outer loop
      vertex 33.6855 6.2 15.2781
      vertex 30.3145 6.2 15.2781
      vertex 30.3 6.2 15.5
    endloop
  endfacet
  facet normal 0 1 -0
    outer loop
      vertex 33.6421 6.2 15.06
      vertex 30.3145 6.2 15.2781
      vertex 33.6855 6.2 15.2781
    endloop
  endfacet
  facet normal 0 1 0
    outer loop
      vertex 33.6421 6.2 15.06
      vertex 30.3579 6.2 15.06
      vertex 30.3145 6.2 15.2781
    endloop
  endfacet
  facet normal 0 1 -0
    outer loop
      vertex 33.5706 6.2 14.8494
      vertex 30.3579 6.2 15.06
      vertex 33.6421 6.2 15.06
    endloop
  endfacet
  facet normal 0 1 0
    outer loop
      vertex 33.5706 6.2 14.8494
      vertex 30.4294 6.2 14.8494
      vertex 30.3579 6.2 15.06
    endloop
  endfacet
  facet normal 0 1 -0
    outer loop
      vertex 33.4722 6.2 14.65
      vertex 30.4294 6.2 14.8494
      vertex 33.5706 6.2 14.8494
    endloop
  endfacet
  facet normal 0 1 0
    outer loop
      vertex 33.4722 6.2 14.65
      vertex 30.5278 6.2 14.65
      vertex 30.4294 6.2 14.8494
    endloop
  endfacet
  facet normal 0 1 -0
    outer loop
      vertex 33.3487 6.2 14.4651
      vertex 30.5278 6.2 14.65
      vertex 33.4722 6.2 14.65
    endloop
  endfacet
  facet normal 0 1 0
    outer loop
      vertex 33.3487 6.2 14.4651
      vertex 30.6513 6.2 14.4651
      vertex 30.5278 6.2 14.65
    endloop
  endfacet
  facet normal 0 1 -0
    outer loop
      vertex 33.2021 6.2 14.2979
      vertex 30.6513 6.2 14.4651
      vertex 33.3487 6.2 14.4651
    endloop
  endfacet
  facet normal 0 1 0
    outer loop
      vertex 33.2021 6.2 14.2979
      vertex 30.7979 6.2 14.2979
      vertex 30.6513 6.2 14.4651
    endloop
  endfacet
  facet normal 0 1 -0
    outer loop
      vertex 33.0349 6.2 14.1513
      vertex 30.7979 6.2 14.2979
      vertex 33.2021 6.2 14.2979
    endloop
  endfacet
  facet normal 0 1 0
    outer loop
      vertex 33.0349 6.2 14.1513
      vertex 30.9651 6.2 14.1513
      vertex 30.7979 6.2 14.2979
    endloop
  endfacet
  facet normal 0 1 -0
    outer loop
      vertex 32.85 6.2 14.0278
      vertex 30.9651 6.2 14.1513
      vertex 33.0349 6.2 14.1513
    endloop
  endfacet
  facet normal 0 1 0
    outer loop
      vertex 32.85 6.2 14.0278
      vertex 31.15 6.2 14.0278
      vertex 30.9651 6.2 14.1513
    endloop
  endfacet
  facet normal 0 1 -0
    outer loop
      vertex 32.6506 6.2 13.9294
      vertex 31.15 6.2 14.0278
      vertex 32.85 6.2 14.0278
    endloop
  endfacet
  facet normal 0 1 0
    outer loop
      vertex 32.6506 6.2 13.9294
      vertex 31.3494 6.2 13.9294
      vertex 31.15 6.2 14.0278
    endloop
  endfacet
  facet normal 0 1 -0
    outer loop
      vertex 32.44 6.2 13.8579
      vertex 31.3494 6.2 13.9294
      vertex 32.6506 6.2 13.9294
    endloop
  endfacet
  facet normal 0 1 0
    outer loop
      vertex 32.44 6.2 13.8579
      vertex 31.56 6.2 13.8579
      vertex 31.3494 6.2 13.9294
    endloop
  endfacet
  facet normal 0 1 -0
    outer loop
      vertex 32.2219 6.2 13.8145
      vertex 31.56 6.2 13.8579
      vertex 32.44 6.2 13.8579
    endloop
  endfacet
  facet normal 0 1 0
    outer loop
      vertex 32.2219 6.2 13.8145
      vertex 31.7781 6.2 13.8145
      vertex 31.56 6.2 13.8579
    endloop
  endfacet
  facet normal -0 1 0
    outer loop
      vertex 31.7781 6.2 13.8145
      vertex 32.2219 6.2 13.8145
      vertex 32 6.2 13.8
    endloop
  endfacet
  facet normal 0.195165 0 -0.98077
    outer loop
      vertex 31.56 6.2 17.1421
      vertex 31.7781 12.7 17.1855
      vertex 31.7781 6.2 17.1855
    endloop
  endfacet
  facet normal 0.195165 0 -0.98077
    outer loop
      vertex 31.7781 12.7 17.1855
      vertex 31.56 6.2 17.1421
      vertex 31.56 12.7 17.1421
    endloop
  endfacet
  facet normal -0.896754 0 -0.44253
    outer loop
      vertex 33.5706 6.2 16.1506
      vertex 33.4722 12.7 16.35
      vertex 33.5706 12.7 16.1506
    endloop
  endfacet
  facet normal -0.896754 -0 -0.44253
    outer loop
      vertex 33.4722 12.7 16.35
      vertex 33.5706 6.2 16.1506
      vertex 33.4722 6.2 16.35
    endloop
  endfacet
  facet normal -0.997872 0 0.0652057
    outer loop
      vertex 33.6855 6.2 15.2781
      vertex 33.7 12.7 15.5
      vertex 33.6855 12.7 15.2781
    endloop
  endfacet
  facet normal -0.997872 0 0.0652057
    outer loop
      vertex 33.7 12.7 15.5
      vertex 33.6855 6.2 15.2781
      vertex 33.7 6.2 15.5
    endloop
  endfacet
  facet normal -0.0652057 0 0.997872
    outer loop
      vertex 32 12.7 13.8
      vertex 32.2219 6.2 13.8145
      vertex 32.2219 12.7 13.8145
    endloop
  endfacet
  facet normal -0.0652057 0 0.997872
    outer loop
      vertex 32.2219 6.2 13.8145
      vertex 32 12.7 13.8
      vertex 32 6.2 13.8
    endloop
  endfacet
  facet normal -0.751908 0 -0.659268
    outer loop
      vertex 33.3487 6.2 16.5349
      vertex 33.2021 12.7 16.7021
      vertex 33.3487 12.7 16.5349
    endloop
  endfacet
  facet normal -0.751908 -0 -0.659268
    outer loop
      vertex 33.2021 12.7 16.7021
      vertex 33.3487 6.2 16.5349
      vertex 33.2021 6.2 16.7021
    endloop
  endfacet
  facet normal 0.997872 -0 0.0652057
    outer loop
      vertex 30.3 6.2 15.5
      vertex 30.3145 12.7 15.2781
      vertex 30.3 12.7 15.5
    endloop
  endfacet
  facet normal 0.997872 0 0.0652057
    outer loop
      vertex 30.3145 12.7 15.2781
      vertex 30.3 6.2 15.5
      vertex 30.3145 6.2 15.2781
    endloop
  endfacet
  facet normal -0.751908 0 0.659268
    outer loop
      vertex 33.2021 6.2 14.2979
      vertex 33.3487 12.7 14.4651
      vertex 33.2021 12.7 14.2979
    endloop
  endfacet
  facet normal -0.751908 0 0.659268
    outer loop
      vertex 33.3487 12.7 14.4651
      vertex 33.2021 6.2 14.2979
      vertex 33.3487 6.2 14.4651
    endloop
  endfacet
  facet normal 0.751908 0 -0.659268
    outer loop
      vertex 30.7979 6.2 16.7021
      vertex 30.6513 12.7 16.5349
      vertex 30.7979 12.7 16.7021
    endloop
  endfacet
  facet normal 0.751908 0 -0.659268
    outer loop
      vertex 30.6513 12.7 16.5349
      vertex 30.7979 6.2 16.7021
      vertex 30.6513 6.2 16.5349
    endloop
  endfacet
  facet normal 0.831566 0 -0.555426
    outer loop
      vertex 30.6513 6.2 16.5349
      vertex 30.5278 12.7 16.35
      vertex 30.6513 12.7 16.5349
    endloop
  endfacet
  facet normal 0.831566 0 -0.555426
    outer loop
      vertex 30.5278 12.7 16.35
      vertex 30.6513 6.2 16.5349
      vertex 30.5278 6.2 16.35
    endloop
  endfacet
  facet normal 0.0652057 0 -0.997872
    outer loop
      vertex 31.7781 6.2 17.1855
      vertex 32 12.7 17.2
      vertex 32 6.2 17.2
    endloop
  endfacet
  facet normal 0.0652057 0 -0.997872
    outer loop
      vertex 32 12.7 17.2
      vertex 31.7781 6.2 17.1855
      vertex 31.7781 12.7 17.1855
    endloop
  endfacet
  facet normal 0.98077 -0 0.195165
    outer loop
      vertex 30.3145 6.2 15.2781
      vertex 30.3579 12.7 15.06
      vertex 30.3145 12.7 15.2781
    endloop
  endfacet
  facet normal 0.98077 0 0.195165
    outer loop
      vertex 30.3579 12.7 15.06
      vertex 30.3145 6.2 15.2781
      vertex 30.3579 6.2 15.06
    endloop
  endfacet
  facet normal 0.321484 0 0.946915
    outer loop
      vertex 31.3494 12.7 13.9294
      vertex 31.56 6.2 13.8579
      vertex 31.56 12.7 13.8579
    endloop
  endfacet
  facet normal 0.321484 0 0.946915
    outer loop
      vertex 31.56 6.2 13.8579
      vertex 31.3494 12.7 13.9294
      vertex 31.3494 6.2 13.9294
    endloop
  endfacet
  facet normal -0.946915 0 -0.321484
    outer loop
      vertex 33.6421 6.2 15.94
      vertex 33.5706 12.7 16.1506
      vertex 33.6421 12.7 15.94
    endloop
  endfacet
  facet normal -0.946915 -0 -0.321484
    outer loop
      vertex 33.5706 12.7 16.1506
      vertex 33.6421 6.2 15.94
      vertex 33.5706 6.2 16.1506
    endloop
  endfacet
  facet normal 0.44253 0 0.896754
    outer loop
      vertex 31.15 12.7 14.0278
      vertex 31.3494 6.2 13.9294
      vertex 31.3494 12.7 13.9294
    endloop
  endfacet
  facet normal 0.44253 0 0.896754
    outer loop
      vertex 31.3494 6.2 13.9294
      vertex 31.15 12.7 14.0278
      vertex 31.15 6.2 14.0278
    endloop
  endfacet
  facet normal 0.555426 0 0.831566
    outer loop
      vertex 30.9651 12.7 14.1513
      vertex 31.15 6.2 14.0278
      vertex 31.15 12.7 14.0278
    endloop
  endfacet
  facet normal 0.555426 0 0.831566
    outer loop
      vertex 31.15 6.2 14.0278
      vertex 30.9651 12.7 14.1513
      vertex 30.9651 6.2 14.1513
    endloop
  endfacet
  facet normal 0.195165 0 0.98077
    outer loop
      vertex 31.56 12.7 13.8579
      vertex 31.7781 6.2 13.8145
      vertex 31.7781 12.7 13.8145
    endloop
  endfacet
  facet normal 0.195165 0 0.98077
    outer loop
      vertex 31.7781 6.2 13.8145
      vertex 31.56 12.7 13.8579
      vertex 31.56 6.2 13.8579
    endloop
  endfacet
  facet normal 0.896754 0 -0.44253
    outer loop
      vertex 30.5278 6.2 16.35
      vertex 30.4294 12.7 16.1506
      vertex 30.5278 12.7 16.35
    endloop
  endfacet
  facet normal 0.896754 0 -0.44253
    outer loop
      vertex 30.4294 12.7 16.1506
      vertex 30.5278 6.2 16.35
      vertex 30.4294 6.2 16.1506
    endloop
  endfacet
  facet normal 0.0652057 0 0.997872
    outer loop
      vertex 31.7781 12.7 13.8145
      vertex 32 6.2 13.8
      vertex 32 12.7 13.8
    endloop
  endfacet
  facet normal 0.0652057 0 0.997872
    outer loop
      vertex 32 6.2 13.8
      vertex 31.7781 12.7 13.8145
      vertex 31.7781 6.2 13.8145
    endloop
  endfacet
  facet normal 0.896754 -0 0.44253
    outer loop
      vertex 30.4294 6.2 14.8494
      vertex 30.5278 12.7 14.65
      vertex 30.4294 12.7 14.8494
    endloop
  endfacet
  facet normal 0.896754 0 0.44253
    outer loop
      vertex 30.5278 12.7 14.65
      vertex 30.4294 6.2 14.8494
      vertex 30.5278 6.2 14.65
    endloop
  endfacet
  facet normal 0.997872 0 -0.0652057
    outer loop
      vertex 30.3145 6.2 15.7219
      vertex 30.3 12.7 15.5
      vertex 30.3145 12.7 15.7219
    endloop
  endfacet
  facet normal 0.997872 0 -0.0652057
    outer loop
      vertex 30.3 12.7 15.5
      vertex 30.3145 6.2 15.7219
      vertex 30.3 6.2 15.5
    endloop
  endfacet
  facet normal 0.98077 0 -0.195165
    outer loop
      vertex 30.3579 6.2 15.94
      vertex 30.3145 12.7 15.7219
      vertex 30.3579 12.7 15.94
    endloop
  endfacet
  facet normal 0.98077 0 -0.195165
    outer loop
      vertex 30.3145 12.7 15.7219
      vertex 30.3579 6.2 15.94
      vertex 30.3145 6.2 15.7219
    endloop
  endfacet
  facet normal 0.946915 0 -0.321484
    outer loop
      vertex 30.4294 6.2 16.1506
      vertex 30.3579 12.7 15.94
      vertex 30.4294 12.7 16.1506
    endloop
  endfacet
  facet normal 0.946915 0 -0.321484
    outer loop
      vertex 30.3579 12.7 15.94
      vertex 30.4294 6.2 16.1506
      vertex 30.3579 6.2 15.94
    endloop
  endfacet
  facet normal -0.659268 0 0.751908
    outer loop
      vertex 33.0349 12.7 14.1513
      vertex 33.2021 6.2 14.2979
      vertex 33.2021 12.7 14.2979
    endloop
  endfacet
  facet normal -0.659268 0 0.751908
    outer loop
      vertex 33.2021 6.2 14.2979
      vertex 33.0349 12.7 14.1513
      vertex 33.0349 6.2 14.1513
    endloop
  endfacet
  facet normal -0.98077 0 -0.195165
    outer loop
      vertex 33.6855 6.2 33.7219
      vertex 33.6421 12.7 33.94
      vertex 33.6855 12.7 33.7219
    endloop
  endfacet
  facet normal -0.98077 -0 -0.195165
    outer loop
      vertex 33.6421 12.7 33.94
      vertex 33.6855 6.2 33.7219
      vertex 33.6421 6.2 33.94
    endloop
  endfacet
  facet normal -0.997872 0 -0.0652057
    outer loop
      vertex 33.7 6.2 33.5
      vertex 33.6855 12.7 33.7219
      vertex 33.7 12.7 33.5
    endloop
  endfacet
  facet normal -0.997872 -0 -0.0652057
    outer loop
      vertex 33.6855 12.7 33.7219
      vertex 33.7 6.2 33.5
      vertex 33.6855 6.2 33.7219
    endloop
  endfacet
  facet normal 0.44253 0 -0.896754
    outer loop
      vertex 31.15 6.2 34.9722
      vertex 31.3494 12.7 35.0706
      vertex 31.3494 6.2 35.0706
    endloop
  endfacet
  facet normal 0.44253 0 -0.896754
    outer loop
      vertex 31.3494 12.7 35.0706
      vertex 31.15 6.2 34.9722
      vertex 31.15 12.7 34.9722
    endloop
  endfacet
  facet normal -0.555426 0 -0.831566
    outer loop
      vertex 32.85 6.2 34.9722
      vertex 33.0349 12.7 34.8487
      vertex 33.0349 6.2 34.8487
    endloop
  endfacet
  facet normal -0.555426 0 -0.831566
    outer loop
      vertex 33.0349 12.7 34.8487
      vertex 32.85 6.2 34.9722
      vertex 32.85 12.7 34.9722
    endloop
  endfacet
  facet normal 0.659268 0 -0.751908
    outer loop
      vertex 30.7979 6.2 34.7021
      vertex 30.9651 12.7 34.8487
      vertex 30.9651 6.2 34.8487
    endloop
  endfacet
  facet normal 0.659268 0 -0.751908
    outer loop
      vertex 30.9651 12.7 34.8487
      vertex 30.7979 6.2 34.7021
      vertex 30.7979 12.7 34.7021
    endloop
  endfacet
  facet normal -0.321484 0 0.946915
    outer loop
      vertex 32.44 12.7 31.8579
      vertex 32.6506 6.2 31.9294
      vertex 32.6506 12.7 31.9294
    endloop
  endfacet
  facet normal -0.321484 0 0.946915
    outer loop
      vertex 32.6506 6.2 31.9294
      vertex 32.44 12.7 31.8579
      vertex 32.44 6.2 31.8579
    endloop
  endfacet
  facet normal -0.831566 0 0.555426
    outer loop
      vertex 33.3487 6.2 32.4651
      vertex 33.4722 12.7 32.65
      vertex 33.3487 12.7 32.4651
    endloop
  endfacet
  facet normal -0.831566 0 0.555426
    outer loop
      vertex 33.4722 12.7 32.65
      vertex 33.3487 6.2 32.4651
      vertex 33.4722 6.2 32.65
    endloop
  endfacet
  facet normal -0.946915 0 0.321484
    outer loop
      vertex 33.5706 6.2 32.8494
      vertex 33.6421 12.7 33.06
      vertex 33.5706 12.7 32.8494
    endloop
  endfacet
  facet normal -0.946915 0 0.321484
    outer loop
      vertex 33.6421 12.7 33.06
      vertex 33.5706 6.2 32.8494
      vertex 33.6421 6.2 33.06
    endloop
  endfacet
  facet normal -0.321484 0 -0.946915
    outer loop
      vertex 32.44 6.2 35.1421
      vertex 32.6506 12.7 35.0706
      vertex 32.6506 6.2 35.0706
    endloop
  endfacet
  facet normal -0.321484 0 -0.946915
    outer loop
      vertex 32.6506 12.7 35.0706
      vertex 32.44 6.2 35.1421
      vertex 32.44 12.7 35.1421
    endloop
  endfacet
  facet normal -0.195165 0 -0.98077
    outer loop
      vertex 32.2219 6.2 35.1855
      vertex 32.44 12.7 35.1421
      vertex 32.44 6.2 35.1421
    endloop
  endfacet
  facet normal -0.195165 0 -0.98077
    outer loop
      vertex 32.44 12.7 35.1421
      vertex 32.2219 6.2 35.1855
      vertex 32.2219 12.7 35.1855
    endloop
  endfacet
  facet normal 0.555426 0 -0.831566
    outer loop
      vertex 30.9651 6.2 34.8487
      vertex 31.15 12.7 34.9722
      vertex 31.15 6.2 34.9722
    endloop
  endfacet
  facet normal 0.555426 0 -0.831566
    outer loop
      vertex 31.15 12.7 34.9722
      vertex 30.9651 6.2 34.8487
      vertex 30.9651 12.7 34.8487
    endloop
  endfacet
  facet normal -0.896754 0 0.44253
    outer loop
      vertex 33.4722 6.2 32.65
      vertex 33.5706 12.7 32.8494
      vertex 33.4722 12.7 32.65
    endloop
  endfacet
  facet normal -0.896754 0 0.44253
    outer loop
      vertex 33.5706 12.7 32.8494
      vertex 33.4722 6.2 32.65
      vertex 33.5706 6.2 32.8494
    endloop
  endfacet
  facet normal -0.659268 0 -0.751908
    outer loop
      vertex 33.0349 6.2 34.8487
      vertex 33.2021 12.7 34.7021
      vertex 33.2021 6.2 34.7021
    endloop
  endfacet
  facet normal -0.659268 0 -0.751908
    outer loop
      vertex 33.2021 12.7 34.7021
      vertex 33.0349 6.2 34.8487
      vertex 33.0349 12.7 34.8487
    endloop
  endfacet
  facet normal -0.555426 0 0.831566
    outer loop
      vertex 32.85 12.7 32.0278
      vertex 33.0349 6.2 32.1513
      vertex 33.0349 12.7 32.1513
    endloop
  endfacet
  facet normal -0.555426 0 0.831566
    outer loop
      vertex 33.0349 6.2 32.1513
      vertex 32.85 12.7 32.0278
      vertex 32.85 6.2 32.0278
    endloop
  endfacet
  facet normal -0.44253 0 -0.896754
    outer loop
      vertex 32.6506 6.2 35.0706
      vertex 32.85 12.7 34.9722
      vertex 32.85 6.2 34.9722
    endloop
  endfacet
  facet normal -0.44253 0 -0.896754
    outer loop
      vertex 32.85 12.7 34.9722
      vertex 32.6506 6.2 35.0706
      vertex 32.6506 12.7 35.0706
    endloop
  endfacet
  facet normal 0.659268 0 0.751908
    outer loop
      vertex 30.7979 12.7 32.2979
      vertex 30.9651 6.2 32.1513
      vertex 30.9651 12.7 32.1513
    endloop
  endfacet
  facet normal 0.659268 0 0.751908
    outer loop
      vertex 30.9651 6.2 32.1513
      vertex 30.7979 12.7 32.2979
      vertex 30.7979 6.2 32.2979
    endloop
  endfacet
  facet normal 0.751908 -0 0.659268
    outer loop
      vertex 30.6513 6.2 32.4651
      vertex 30.7979 12.7 32.2979
      vertex 30.6513 12.7 32.4651
    endloop
  endfacet
  facet normal 0.751908 0 0.659268
    outer loop
      vertex 30.7979 12.7 32.2979
      vertex 30.6513 6.2 32.4651
      vertex 30.7979 6.2 32.2979
    endloop
  endfacet
  facet normal 0.831566 -0 0.555426
    outer loop
      vertex 30.5278 6.2 32.65
      vertex 30.6513 12.7 32.4651
      vertex 30.5278 12.7 32.65
    endloop
  endfacet
  facet normal 0.831566 0 0.555426
    outer loop
      vertex 30.6513 12.7 32.4651
      vertex 30.5278 6.2 32.65
      vertex 30.6513 6.2 32.4651
    endloop
  endfacet
  facet normal -0.831566 0 -0.555426
    outer loop
      vertex 33.4722 6.2 34.35
      vertex 33.3487 12.7 34.5349
      vertex 33.4722 12.7 34.35
    endloop
  endfacet
  facet normal -0.831566 -0 -0.555426
    outer loop
      vertex 33.3487 12.7 34.5349
      vertex 33.4722 6.2 34.35
      vertex 33.3487 6.2 34.5349
    endloop
  endfacet
  facet normal -0.195165 0 0.98077
    outer loop
      vertex 32.2219 12.7 31.8145
      vertex 32.44 6.2 31.8579
      vertex 32.44 12.7 31.8579
    endloop
  endfacet
  facet normal -0.195165 0 0.98077
    outer loop
      vertex 32.44 6.2 31.8579
      vertex 32.2219 12.7 31.8145
      vertex 32.2219 6.2 31.8145
    endloop
  endfacet
  facet normal -0.98077 0 0.195165
    outer loop
      vertex 33.6421 6.2 33.06
      vertex 33.6855 12.7 33.2781
      vertex 33.6421 12.7 33.06
    endloop
  endfacet
  facet normal -0.98077 0 0.195165
    outer loop
      vertex 33.6855 12.7 33.2781
      vertex 33.6421 6.2 33.06
      vertex 33.6855 6.2 33.2781
    endloop
  endfacet
  facet normal 0.946915 -0 0.321484
    outer loop
      vertex 30.3579 6.2 33.06
      vertex 30.4294 12.7 32.8494
      vertex 30.3579 12.7 33.06
    endloop
  endfacet
  facet normal 0.946915 0 0.321484
    outer loop
      vertex 30.4294 12.7 32.8494
      vertex 30.3579 6.2 33.06
      vertex 30.4294 6.2 32.8494
    endloop
  endfacet
  facet normal -0.44253 0 0.896754
    outer loop
      vertex 32.6506 12.7 31.9294
      vertex 32.85 6.2 32.0278
      vertex 32.85 12.7 32.0278
    endloop
  endfacet
  facet normal -0.44253 0 0.896754
    outer loop
      vertex 32.85 6.2 32.0278
      vertex 32.6506 12.7 31.9294
      vertex 32.6506 6.2 31.9294
    endloop
  endfacet
  facet normal -0.0652057 0 -0.997872
    outer loop
      vertex 32 6.2 35.2
      vertex 32.2219 12.7 35.1855
      vertex 32.2219 6.2 35.1855
    endloop
  endfacet
  facet normal -0.0652057 0 -0.997872
    outer loop
      vertex 32.2219 12.7 35.1855
      vertex 32 6.2 35.2
      vertex 32 12.7 35.2
    endloop
  endfacet
  facet normal 0.321484 0 -0.946915
    outer loop
      vertex 31.3494 6.2 35.0706
      vertex 31.56 12.7 35.1421
      vertex 31.56 6.2 35.1421
    endloop
  endfacet
  facet normal 0.321484 0 -0.946915
    outer loop
      vertex 31.56 12.7 35.1421
      vertex 31.3494 6.2 35.0706
      vertex 31.3494 12.7 35.0706
    endloop
  endfacet
  facet normal 0 1 0
    outer loop
      vertex 32.2219 6.2 35.1855
      vertex 31.7781 6.2 35.1855
      vertex 32 6.2 35.2
    endloop
  endfacet
  facet normal 0 1 0
    outer loop
      vertex 32.44 6.2 35.1421
      vertex 31.7781 6.2 35.1855
      vertex 32.2219 6.2 35.1855
    endloop
  endfacet
  facet normal 0 1 0
    outer loop
      vertex 32.44 6.2 35.1421
      vertex 31.56 6.2 35.1421
      vertex 31.7781 6.2 35.1855
    endloop
  endfacet
  facet normal 0 1 0
    outer loop
      vertex 32.6506 6.2 35.0706
      vertex 31.56 6.2 35.1421
      vertex 32.44 6.2 35.1421
    endloop
  endfacet
  facet normal 0 1 0
    outer loop
      vertex 32.6506 6.2 35.0706
      vertex 31.3494 6.2 35.0706
      vertex 31.56 6.2 35.1421
    endloop
  endfacet
  facet normal 0 1 0
    outer loop
      vertex 32.85 6.2 34.9722
      vertex 31.3494 6.2 35.0706
      vertex 32.6506 6.2 35.0706
    endloop
  endfacet
  facet normal 0 1 0
    outer loop
      vertex 32.85 6.2 34.9722
      vertex 31.15 6.2 34.9722
      vertex 31.3494 6.2 35.0706
    endloop
  endfacet
  facet normal 0 1 0
    outer loop
      vertex 33.0349 6.2 34.8487
      vertex 31.15 6.2 34.9722
      vertex 32.85 6.2 34.9722
    endloop
  endfacet
  facet normal 0 1 0
    outer loop
      vertex 33.0349 6.2 34.8487
      vertex 30.9651 6.2 34.8487
      vertex 31.15 6.2 34.9722
    endloop
  endfacet
  facet normal 0 1 0
    outer loop
      vertex 33.2021 6.2 34.7021
      vertex 30.9651 6.2 34.8487
      vertex 33.0349 6.2 34.8487
    endloop
  endfacet
  facet normal 0 1 0
    outer loop
      vertex 33.2021 6.2 34.7021
      vertex 30.7979 6.2 34.7021
      vertex 30.9651 6.2 34.8487
    endloop
  endfacet
  facet normal 0 1 0
    outer loop
      vertex 33.3487 6.2 34.5349
      vertex 30.7979 6.2 34.7021
      vertex 33.2021 6.2 34.7021
    endloop
  endfacet
  facet normal 0 1 0
    outer loop
      vertex 33.3487 6.2 34.5349
      vertex 30.6513 6.2 34.5349
      vertex 30.7979 6.2 34.7021
    endloop
  endfacet
  facet normal 0 1 0
    outer loop
      vertex 33.4722 6.2 34.35
      vertex 30.6513 6.2 34.5349
      vertex 33.3487 6.2 34.5349
    endloop
  endfacet
  facet normal 0 1 0
    outer loop
      vertex 33.4722 6.2 34.35
      vertex 30.5278 6.2 34.35
      vertex 30.6513 6.2 34.5349
    endloop
  endfacet
  facet normal 0 1 0
    outer loop
      vertex 33.5706 6.2 34.1506
      vertex 30.5278 6.2 34.35
      vertex 33.4722 6.2 34.35
    endloop
  endfacet
  facet normal 0 1 0
    outer loop
      vertex 33.5706 6.2 34.1506
      vertex 30.4294 6.2 34.1506
      vertex 30.5278 6.2 34.35
    endloop
  endfacet
  facet normal 0 1 0
    outer loop
      vertex 33.6421 6.2 33.94
      vertex 30.4294 6.2 34.1506
      vertex 33.5706 6.2 34.1506
    endloop
  endfacet
  facet normal 0 1 0
    outer loop
      vertex 33.6421 6.2 33.94
      vertex 30.3579 6.2 33.94
      vertex 30.4294 6.2 34.1506
    endloop
  endfacet
  facet normal 0 1 0
    outer loop
      vertex 33.6855 6.2 33.7219
      vertex 30.3579 6.2 33.94
      vertex 33.6421 6.2 33.94
    endloop
  endfacet
  facet normal 0 1 0
    outer loop
      vertex 33.6855 6.2 33.7219
      vertex 30.3145 6.2 33.7219
      vertex 30.3579 6.2 33.94
    endloop
  endfacet
  facet normal 0 1 0
    outer loop
      vertex 33.7 6.2 33.5
      vertex 30.3145 6.2 33.7219
      vertex 33.6855 6.2 33.7219
    endloop
  endfacet
  facet normal 0 1 0
    outer loop
      vertex 33.7 6.2 33.5
      vertex 30.3 6.2 33.5
      vertex 30.3145 6.2 33.7219
    endloop
  endfacet
  facet normal 0 1 -0
    outer loop
      vertex 33.6855 6.2 33.2781
      vertex 30.3 6.2 33.5
      vertex 33.7 6.2 33.5
    endloop
  endfacet
  facet normal 0 1 0
    outer loop
      vertex 33.6855 6.2 33.2781
      vertex 30.3145 6.2 33.2781
      vertex 30.3 6.2 33.5
    endloop
  endfacet
  facet normal 0 1 -0
    outer loop
      vertex 33.6421 6.2 33.06
      vertex 30.3145 6.2 33.2781
      vertex 33.6855 6.2 33.2781
    endloop
  endfacet
  facet normal 0 1 0
    outer loop
      vertex 33.6421 6.2 33.06
      vertex 30.3579 6.2 33.06
      vertex 30.3145 6.2 33.2781
    endloop
  endfacet
  facet normal 0 1 -0
    outer loop
      vertex 33.5706 6.2 32.8494
      vertex 30.3579 6.2 33.06
      vertex 33.6421 6.2 33.06
    endloop
  endfacet
  facet normal 0 1 0
    outer loop
      vertex 33.5706 6.2 32.8494
      vertex 30.4294 6.2 32.8494
      vertex 30.3579 6.2 33.06
    endloop
  endfacet
  facet normal 0 1 -0
    outer loop
      vertex 33.4722 6.2 32.65
      vertex 30.4294 6.2 32.8494
      vertex 33.5706 6.2 32.8494
    endloop
  endfacet
  facet normal 0 1 0
    outer loop
      vertex 33.4722 6.2 32.65
      vertex 30.5278 6.2 32.65
      vertex 30.4294 6.2 32.8494
    endloop
  endfacet
  facet normal 0 1 -0
    outer loop
      vertex 33.3487 6.2 32.4651
      vertex 30.5278 6.2 32.65
      vertex 33.4722 6.2 32.65
    endloop
  endfacet
  facet normal 0 1 0
    outer loop
      vertex 33.3487 6.2 32.4651
      vertex 30.6513 6.2 32.4651
      vertex 30.5278 6.2 32.65
    endloop
  endfacet
  facet normal 0 1 -0
    outer loop
      vertex 33.2021 6.2 32.2979
      vertex 30.6513 6.2 32.4651
      vertex 33.3487 6.2 32.4651
    endloop
  endfacet
  facet normal 0 1 0
    outer loop
      vertex 33.2021 6.2 32.2979
      vertex 30.7979 6.2 32.2979
      vertex 30.6513 6.2 32.4651
    endloop
  endfacet
  facet normal 0 1 -0
    outer loop
      vertex 33.0349 6.2 32.1513
      vertex 30.7979 6.2 32.2979
      vertex 33.2021 6.2 32.2979
    endloop
  endfacet
  facet normal 0 1 0
    outer loop
      vertex 33.0349 6.2 32.1513
      vertex 30.9651 6.2 32.1513
      vertex 30.7979 6.2 32.2979
    endloop
  endfacet
  facet normal 0 1 -0
    outer loop
      vertex 32.85 6.2 32.0278
      vertex 30.9651 6.2 32.1513
      vertex 33.0349 6.2 32.1513
    endloop
  endfacet
  facet normal 0 1 0
    outer loop
      vertex 32.85 6.2 32.0278
      vertex 31.15 6.2 32.0278
      vertex 30.9651 6.2 32.1513
    endloop
  endfacet
  facet normal 0 1 -0
    outer loop
      vertex 32.6506 6.2 31.9294
      vertex 31.15 6.2 32.0278
      vertex 32.85 6.2 32.0278
    endloop
  endfacet
  facet normal 0 1 0
    outer loop
      vertex 32.6506 6.2 31.9294
      vertex 31.3494 6.2 31.9294
      vertex 31.15 6.2 32.0278
    endloop
  endfacet
  facet normal 0 1 -0
    outer loop
      vertex 32.44 6.2 31.8579
      vertex 31.3494 6.2 31.9294
      vertex 32.6506 6.2 31.9294
    endloop
  endfacet
  facet normal 0 1 0
    outer loop
      vertex 32.44 6.2 31.8579
      vertex 31.56 6.2 31.8579
      vertex 31.3494 6.2 31.9294
    endloop
  endfacet
  facet normal 0 1 -0
    outer loop
      vertex 32.2219 6.2 31.8145
      vertex 31.56 6.2 31.8579
      vertex 32.44 6.2 31.8579
    endloop
  endfacet
  facet normal 0 1 0
    outer loop
      vertex 32.2219 6.2 31.8145
      vertex 31.7781 6.2 31.8145
      vertex 31.56 6.2 31.8579
    endloop
  endfacet
  facet normal -0 1 0
    outer loop
      vertex 31.7781 6.2 31.8145
      vertex 32.2219 6.2 31.8145
      vertex 32 6.2 31.8
    endloop
  endfacet
  facet normal 0.195165 0 -0.98077
    outer loop
      vertex 31.56 6.2 35.1421
      vertex 31.7781 12.7 35.1855
      vertex 31.7781 6.2 35.1855
    endloop
  endfacet
  facet normal 0.195165 0 -0.98077
    outer loop
      vertex 31.7781 12.7 35.1855
      vertex 31.56 6.2 35.1421
      vertex 31.56 12.7 35.1421
    endloop
  endfacet
  facet normal -0.896754 0 -0.44253
    outer loop
      vertex 33.5706 6.2 34.1506
      vertex 33.4722 12.7 34.35
      vertex 33.5706 12.7 34.1506
    endloop
  endfacet
  facet normal -0.896754 -0 -0.44253
    outer loop
      vertex 33.4722 12.7 34.35
      vertex 33.5706 6.2 34.1506
      vertex 33.4722 6.2 34.35
    endloop
  endfacet
  facet normal -0.997872 0 0.0652057
    outer loop
      vertex 33.6855 6.2 33.2781
      vertex 33.7 12.7 33.5
      vertex 33.6855 12.7 33.2781
    endloop
  endfacet
  facet normal -0.997872 0 0.0652057
    outer loop
      vertex 33.7 12.7 33.5
      vertex 33.6855 6.2 33.2781
      vertex 33.7 6.2 33.5
    endloop
  endfacet
  facet normal -0.0652057 0 0.997872
    outer loop
      vertex 32 12.7 31.8
      vertex 32.2219 6.2 31.8145
      vertex 32.2219 12.7 31.8145
    endloop
  endfacet
  facet normal -0.0652057 0 0.997872
    outer loop
      vertex 32.2219 6.2 31.8145
      vertex 32 12.7 31.8
      vertex 32 6.2 31.8
    endloop
  endfacet
  facet normal -0.751908 0 -0.659268
    outer loop
      vertex 33.3487 6.2 34.5349
      vertex 33.2021 12.7 34.7021
      vertex 33.3487 12.7 34.5349
    endloop
  endfacet
  facet normal -0.751908 -0 -0.659268
    outer loop
      vertex 33.2021 12.7 34.7021
      vertex 33.3487 6.2 34.5349
      vertex 33.2021 6.2 34.7021
    endloop
  endfacet
  facet normal 0.997872 -0 0.0652057
    outer loop
      vertex 30.3 6.2 33.5
      vertex 30.3145 12.7 33.2781
      vertex 30.3 12.7 33.5
    endloop
  endfacet
  facet normal 0.997872 0 0.0652057
    outer loop
      vertex 30.3145 12.7 33.2781
      vertex 30.3 6.2 33.5
      vertex 30.3145 6.2 33.2781
    endloop
  endfacet
  facet normal -0.751908 0 0.659268
    outer loop
      vertex 33.2021 6.2 32.2979
      vertex 33.3487 12.7 32.4651
      vertex 33.2021 12.7 32.2979
    endloop
  endfacet
  facet normal -0.751908 0 0.659268
    outer loop
      vertex 33.3487 12.7 32.4651
      vertex 33.2021 6.2 32.2979
      vertex 33.3487 6.2 32.4651
    endloop
  endfacet
  facet normal 0.751908 0 -0.659268
    outer loop
      vertex 30.7979 6.2 34.7021
      vertex 30.6513 12.7 34.5349
      vertex 30.7979 12.7 34.7021
    endloop
  endfacet
  facet normal 0.751908 0 -0.659268
    outer loop
      vertex 30.6513 12.7 34.5349
      vertex 30.7979 6.2 34.7021
      vertex 30.6513 6.2 34.5349
    endloop
  endfacet
  facet normal 0.831566 0 -0.555426
    outer loop
      vertex 30.6513 6.2 34.5349
      vertex 30.5278 12.7 34.35
      vertex 30.6513 12.7 34.5349
    endloop
  endfacet
  facet normal 0.831566 0 -0.555426
    outer loop
      vertex 30.5278 12.7 34.35
      vertex 30.6513 6.2 34.5349
      vertex 30.5278 6.2 34.35
    endloop
  endfacet
  facet normal 0.0652057 0 -0.997872
    outer loop
      vertex 31.7781 6.2 35.1855
      vertex 32 12.7 35.2
      vertex 32 6.2 35.2
    endloop
  endfacet
  facet normal 0.0652057 0 -0.997872
    outer loop
      vertex 32 12.7 35.2
      vertex 31.7781 6.2 35.1855
      vertex 31.7781 12.7 35.1855
    endloop
  endfacet
  facet normal 0.98077 -0 0.195165
    outer loop
      vertex 30.3145 6.2 33.2781
      vertex 30.3579 12.7 33.06
      vertex 30.3145 12.7 33.2781
    endloop
  endfacet
  facet normal 0.98077 0 0.195165
    outer loop
      vertex 30.3579 12.7 33.06
      vertex 30.3145 6.2 33.2781
      vertex 30.3579 6.2 33.06
    endloop
  endfacet
  facet normal 0.321484 0 0.946915
    outer loop
      vertex 31.3494 12.7 31.9294
      vertex 31.56 6.2 31.8579
      vertex 31.56 12.7 31.8579
    endloop
  endfacet
  facet normal 0.321484 0 0.946915
    outer loop
      vertex 31.56 6.2 31.8579
      vertex 31.3494 12.7 31.9294
      vertex 31.3494 6.2 31.9294
    endloop
  endfacet
  facet normal -0.946915 0 -0.321484
    outer loop
      vertex 33.6421 6.2 33.94
      vertex 33.5706 12.7 34.1506
      vertex 33.6421 12.7 33.94
    endloop
  endfacet
  facet normal -0.946915 -0 -0.321484
    outer loop
      vertex 33.5706 12.7 34.1506
      vertex 33.6421 6.2 33.94
      vertex 33.5706 6.2 34.1506
    endloop
  endfacet
  facet normal 0.44253 0 0.896754
    outer loop
      vertex 31.15 12.7 32.0278
      vertex 31.3494 6.2 31.9294
      vertex 31.3494 12.7 31.9294
    endloop
  endfacet
  facet normal 0.44253 0 0.896754
    outer loop
      vertex 31.3494 6.2 31.9294
      vertex 31.15 12.7 32.0278
      vertex 31.15 6.2 32.0278
    endloop
  endfacet
  facet normal 0.555426 0 0.831566
    outer loop
      vertex 30.9651 12.7 32.1513
      vertex 31.15 6.2 32.0278
      vertex 31.15 12.7 32.0278
    endloop
  endfacet
  facet normal 0.555426 0 0.831566
    outer loop
      vertex 31.15 6.2 32.0278
      vertex 30.9651 12.7 32.1513
      vertex 30.9651 6.2 32.1513
    endloop
  endfacet
  facet normal 0.0652057 0 0.997872
    outer loop
      vertex 31.7781 12.7 31.8145
      vertex 32 6.2 31.8
      vertex 32 12.7 31.8
    endloop
  endfacet
  facet normal 0.0652057 0 0.997872
    outer loop
      vertex 32 6.2 31.8
      vertex 31.7781 12.7 31.8145
      vertex 31.7781 6.2 31.8145
    endloop
  endfacet
  facet normal 0.195165 0 0.98077
    outer loop
      vertex 31.56 12.7 31.8579
      vertex 31.7781 6.2 31.8145
      vertex 31.7781 12.7 31.8145
    endloop
  endfacet
  facet normal 0.195165 0 0.98077
    outer loop
      vertex 31.7781 6.2 31.8145
      vertex 31.56 12.7 31.8579
      vertex 31.56 6.2 31.8579
    endloop
  endfacet
  facet normal 0.896754 0 -0.44253
    outer loop
      vertex 30.5278 6.2 34.35
      vertex 30.4294 12.7 34.1506
      vertex 30.5278 12.7 34.35
    endloop
  endfacet
  facet normal 0.896754 0 -0.44253
    outer loop
      vertex 30.4294 12.7 34.1506
      vertex 30.5278 6.2 34.35
      vertex 30.4294 6.2 34.1506
    endloop
  endfacet
  facet normal 0.896754 -0 0.44253
    outer loop
      vertex 30.4294 6.2 32.8494
      vertex 30.5278 12.7 32.65
      vertex 30.4294 12.7 32.8494
    endloop
  endfacet
  facet normal 0.896754 0 0.44253
    outer loop
      vertex 30.5278 12.7 32.65
      vertex 30.4294 6.2 32.8494
      vertex 30.5278 6.2 32.65
    endloop
  endfacet
  facet normal 0.997872 0 -0.0652057
    outer loop
      vertex 30.3145 6.2 33.7219
      vertex 30.3 12.7 33.5
      vertex 30.3145 12.7 33.7219
    endloop
  endfacet
  facet normal 0.997872 0 -0.0652057
    outer loop
      vertex 30.3 12.7 33.5
      vertex 30.3145 6.2 33.7219
      vertex 30.3 6.2 33.5
    endloop
  endfacet
  facet normal 0.98077 0 -0.195165
    outer loop
      vertex 30.3579 6.2 33.94
      vertex 30.3145 12.7 33.7219
      vertex 30.3579 12.7 33.94
    endloop
  endfacet
  facet normal 0.98077 0 -0.195165
    outer loop
      vertex 30.3145 12.7 33.7219
      vertex 30.3579 6.2 33.94
      vertex 30.3145 6.2 33.7219
    endloop
  endfacet
  facet normal 0.946915 0 -0.321484
    outer loop
      vertex 30.4294 6.2 34.1506
      vertex 30.3579 12.7 33.94
      vertex 30.4294 12.7 34.1506
    endloop
  endfacet
  facet normal 0.946915 0 -0.321484
    outer loop
      vertex 30.3579 12.7 33.94
      vertex 30.4294 6.2 34.1506
      vertex 30.3579 6.2 33.94
    endloop
  endfacet
  facet normal -0.659268 0 0.751908
    outer loop
      vertex 33.0349 12.7 32.1513
      vertex 33.2021 6.2 32.2979
      vertex 33.2021 12.7 32.2979
    endloop
  endfacet
  facet normal -0.659268 0 0.751908
    outer loop
      vertex 33.2021 6.2 32.2979
      vertex 33.0349 12.7 32.1513
      vertex 33.0349 6.2 32.1513
    endloop
  endfacet
  facet normal -0.98077 0 -0.195165
    outer loop
      vertex 33.6855 6.2 51.7219
      vertex 33.6421 12.7 51.94
      vertex 33.6855 12.7 51.7219
    endloop
  endfacet
  facet normal -0.98077 -0 -0.195165
    outer loop
      vertex 33.6421 12.7 51.94
      vertex 33.6855 6.2 51.7219
      vertex 33.6421 6.2 51.94
    endloop
  endfacet
  facet normal -0.997872 0 -0.0652057
    outer loop
      vertex 33.7 6.2 51.5
      vertex 33.6855 12.7 51.7219
      vertex 33.7 12.7 51.5
    endloop
  endfacet
  facet normal -0.997872 -0 -0.0652057
    outer loop
      vertex 33.6855 12.7 51.7219
      vertex 33.7 6.2 51.5
      vertex 33.6855 6.2 51.7219
    endloop
  endfacet
  facet normal 0.44253 0 -0.896754
    outer loop
      vertex 31.15 6.2 52.9722
      vertex 31.3494 12.7 53.0706
      vertex 31.3494 6.2 53.0706
    endloop
  endfacet
  facet normal 0.44253 0 -0.896754
    outer loop
      vertex 31.3494 12.7 53.0706
      vertex 31.15 6.2 52.9722
      vertex 31.15 12.7 52.9722
    endloop
  endfacet
  facet normal -0.555426 0 -0.831566
    outer loop
      vertex 32.85 6.2 52.9722
      vertex 33.0349 12.7 52.8487
      vertex 33.0349 6.2 52.8487
    endloop
  endfacet
  facet normal -0.555426 0 -0.831566
    outer loop
      vertex 33.0349 12.7 52.8487
      vertex 32.85 6.2 52.9722
      vertex 32.85 12.7 52.9722
    endloop
  endfacet
  facet normal 0.659268 0 -0.751908
    outer loop
      vertex 30.7979 6.2 52.7021
      vertex 30.9651 12.7 52.8487
      vertex 30.9651 6.2 52.8487
    endloop
  endfacet
  facet normal 0.659268 0 -0.751908
    outer loop
      vertex 30.9651 12.7 52.8487
      vertex 30.7979 6.2 52.7021
      vertex 30.7979 12.7 52.7021
    endloop
  endfacet
  facet normal -0.321484 0 0.946915
    outer loop
      vertex 32.44 12.7 49.8579
      vertex 32.6506 6.2 49.9294
      vertex 32.6506 12.7 49.9294
    endloop
  endfacet
  facet normal -0.321484 0 0.946915
    outer loop
      vertex 32.6506 6.2 49.9294
      vertex 32.44 12.7 49.8579
      vertex 32.44 6.2 49.8579
    endloop
  endfacet
  facet normal -0.831566 0 0.555426
    outer loop
      vertex 33.3487 6.2 50.4651
      vertex 33.4722 12.7 50.65
      vertex 33.3487 12.7 50.4651
    endloop
  endfacet
  facet normal -0.831566 0 0.555426
    outer loop
      vertex 33.4722 12.7 50.65
      vertex 33.3487 6.2 50.4651
      vertex 33.4722 6.2 50.65
    endloop
  endfacet
  facet normal -0.946915 0 0.321484
    outer loop
      vertex 33.5706 6.2 50.8494
      vertex 33.6421 12.7 51.06
      vertex 33.5706 12.7 50.8494
    endloop
  endfacet
  facet normal -0.946915 0 0.321484
    outer loop
      vertex 33.6421 12.7 51.06
      vertex 33.5706 6.2 50.8494
      vertex 33.6421 6.2 51.06
    endloop
  endfacet
  facet normal -0.321484 0 -0.946915
    outer loop
      vertex 32.44 6.2 53.1421
      vertex 32.6506 12.7 53.0706
      vertex 32.6506 6.2 53.0706
    endloop
  endfacet
  facet normal -0.321484 0 -0.946915
    outer loop
      vertex 32.6506 12.7 53.0706
      vertex 32.44 6.2 53.1421
      vertex 32.44 12.7 53.1421
    endloop
  endfacet
  facet normal -0.195165 0 -0.98077
    outer loop
      vertex 32.2219 6.2 53.1855
      vertex 32.44 12.7 53.1421
      vertex 32.44 6.2 53.1421
    endloop
  endfacet
  facet normal -0.195165 0 -0.98077
    outer loop
      vertex 32.44 12.7 53.1421
      vertex 32.2219 6.2 53.1855
      vertex 32.2219 12.7 53.1855
    endloop
  endfacet
  facet normal 0.555426 0 -0.831566
    outer loop
      vertex 30.9651 6.2 52.8487
      vertex 31.15 12.7 52.9722
      vertex 31.15 6.2 52.9722
    endloop
  endfacet
  facet normal 0.555426 0 -0.831566
    outer loop
      vertex 31.15 12.7 52.9722
      vertex 30.9651 6.2 52.8487
      vertex 30.9651 12.7 52.8487
    endloop
  endfacet
  facet normal -0.896754 0 0.44253
    outer loop
      vertex 33.4722 6.2 50.65
      vertex 33.5706 12.7 50.8494
      vertex 33.4722 12.7 50.65
    endloop
  endfacet
  facet normal -0.896754 0 0.44253
    outer loop
      vertex 33.5706 12.7 50.8494
      vertex 33.4722 6.2 50.65
      vertex 33.5706 6.2 50.8494
    endloop
  endfacet
  facet normal -0.659268 0 -0.751908
    outer loop
      vertex 33.0349 6.2 52.8487
      vertex 33.2021 12.7 52.7021
      vertex 33.2021 6.2 52.7021
    endloop
  endfacet
  facet normal -0.659268 0 -0.751908
    outer loop
      vertex 33.2021 12.7 52.7021
      vertex 33.0349 6.2 52.8487
      vertex 33.0349 12.7 52.8487
    endloop
  endfacet
  facet normal -0.555426 0 0.831566
    outer loop
      vertex 32.85 12.7 50.0278
      vertex 33.0349 6.2 50.1513
      vertex 33.0349 12.7 50.1513
    endloop
  endfacet
  facet normal -0.555426 0 0.831566
    outer loop
      vertex 33.0349 6.2 50.1513
      vertex 32.85 12.7 50.0278
      vertex 32.85 6.2 50.0278
    endloop
  endfacet
  facet normal -0.44253 0 -0.896754
    outer loop
      vertex 32.6506 6.2 53.0706
      vertex 32.85 12.7 52.9722
      vertex 32.85 6.2 52.9722
    endloop
  endfacet
  facet normal -0.44253 0 -0.896754
    outer loop
      vertex 32.85 12.7 52.9722
      vertex 32.6506 6.2 53.0706
      vertex 32.6506 12.7 53.0706
    endloop
  endfacet
  facet normal 0.997872 0 -0.0652057
    outer loop
      vertex 30.3145 6.2 51.7219
      vertex 30.3 12.7 51.5
      vertex 30.3145 12.7 51.7219
    endloop
  endfacet
  facet normal 0.997872 0 -0.0652057
    outer loop
      vertex 30.3 12.7 51.5
      vertex 30.3145 6.2 51.7219
      vertex 30.3 6.2 51.5
    endloop
  endfacet
  facet normal 0.659268 0 0.751908
    outer loop
      vertex 30.7979 12.7 50.2979
      vertex 30.9651 6.2 50.1513
      vertex 30.9651 12.7 50.1513
    endloop
  endfacet
  facet normal 0.659268 0 0.751908
    outer loop
      vertex 30.9651 6.2 50.1513
      vertex 30.7979 12.7 50.2979
      vertex 30.7979 6.2 50.2979
    endloop
  endfacet
  facet normal 0.751908 -0 0.659268
    outer loop
      vertex 30.6513 6.2 50.4651
      vertex 30.7979 12.7 50.2979
      vertex 30.6513 12.7 50.4651
    endloop
  endfacet
  facet normal 0.751908 0 0.659268
    outer loop
      vertex 30.7979 12.7 50.2979
      vertex 30.6513 6.2 50.4651
      vertex 30.7979 6.2 50.2979
    endloop
  endfacet
  facet normal 0.831566 -0 0.555426
    outer loop
      vertex 30.5278 6.2 50.65
      vertex 30.6513 12.7 50.4651
      vertex 30.5278 12.7 50.65
    endloop
  endfacet
  facet normal 0.831566 0 0.555426
    outer loop
      vertex 30.6513 12.7 50.4651
      vertex 30.5278 6.2 50.65
      vertex 30.6513 6.2 50.4651
    endloop
  endfacet
  facet normal -0.831566 0 -0.555426
    outer loop
      vertex 33.4722 6.2 52.35
      vertex 33.3487 12.7 52.5349
      vertex 33.4722 12.7 52.35
    endloop
  endfacet
  facet normal -0.831566 -0 -0.555426
    outer loop
      vertex 33.3487 12.7 52.5349
      vertex 33.4722 6.2 52.35
      vertex 33.3487 6.2 52.5349
    endloop
  endfacet
  facet normal -0.195165 0 0.98077
    outer loop
      vertex 32.2219 12.7 49.8145
      vertex 32.44 6.2 49.8579
      vertex 32.44 12.7 49.8579
    endloop
  endfacet
  facet normal -0.195165 0 0.98077
    outer loop
      vertex 32.44 6.2 49.8579
      vertex 32.2219 12.7 49.8145
      vertex 32.2219 6.2 49.8145
    endloop
  endfacet
  facet normal -0.98077 0 0.195165
    outer loop
      vertex 33.6421 6.2 51.06
      vertex 33.6855 12.7 51.2781
      vertex 33.6421 12.7 51.06
    endloop
  endfacet
  facet normal -0.98077 0 0.195165
    outer loop
      vertex 33.6855 12.7 51.2781
      vertex 33.6421 6.2 51.06
      vertex 33.6855 6.2 51.2781
    endloop
  endfacet
  facet normal 0.946915 -0 0.321484
    outer loop
      vertex 30.3579 6.2 51.06
      vertex 30.4294 12.7 50.8494
      vertex 30.3579 12.7 51.06
    endloop
  endfacet
  facet normal 0.946915 0 0.321484
    outer loop
      vertex 30.4294 12.7 50.8494
      vertex 30.3579 6.2 51.06
      vertex 30.4294 6.2 50.8494
    endloop
  endfacet
  facet normal -0.44253 0 0.896754
    outer loop
      vertex 32.6506 12.7 49.9294
      vertex 32.85 6.2 50.0278
      vertex 32.85 12.7 50.0278
    endloop
  endfacet
  facet normal -0.44253 0 0.896754
    outer loop
      vertex 32.85 6.2 50.0278
      vertex 32.6506 12.7 49.9294
      vertex 32.6506 6.2 49.9294
    endloop
  endfacet
  facet normal -0.0652057 0 -0.997872
    outer loop
      vertex 32 6.2 53.2
      vertex 32.2219 12.7 53.1855
      vertex 32.2219 6.2 53.1855
    endloop
  endfacet
  facet normal -0.0652057 0 -0.997872
    outer loop
      vertex 32.2219 12.7 53.1855
      vertex 32 6.2 53.2
      vertex 32 12.7 53.2
    endloop
  endfacet
  facet normal 0.321484 0 -0.946915
    outer loop
      vertex 31.3494 6.2 53.0706
      vertex 31.56 12.7 53.1421
      vertex 31.56 6.2 53.1421
    endloop
  endfacet
  facet normal 0.321484 0 -0.946915
    outer loop
      vertex 31.56 12.7 53.1421
      vertex 31.3494 6.2 53.0706
      vertex 31.3494 12.7 53.0706
    endloop
  endfacet
  facet normal 0 1 0
    outer loop
      vertex 32.2219 6.2 53.1855
      vertex 31.7781 6.2 53.1855
      vertex 32 6.2 53.2
    endloop
  endfacet
  facet normal 0 1 0
    outer loop
      vertex 32.44 6.2 53.1421
      vertex 31.7781 6.2 53.1855
      vertex 32.2219 6.2 53.1855
    endloop
  endfacet
  facet normal 0 1 0
    outer loop
      vertex 32.44 6.2 53.1421
      vertex 31.56 6.2 53.1421
      vertex 31.7781 6.2 53.1855
    endloop
  endfacet
  facet normal 0 1 0
    outer loop
      vertex 32.6506 6.2 53.0706
      vertex 31.56 6.2 53.1421
      vertex 32.44 6.2 53.1421
    endloop
  endfacet
  facet normal 0 1 0
    outer loop
      vertex 32.6506 6.2 53.0706
      vertex 31.3494 6.2 53.0706
      vertex 31.56 6.2 53.1421
    endloop
  endfacet
  facet normal 0 1 0
    outer loop
      vertex 32.85 6.2 52.9722
      vertex 31.3494 6.2 53.0706
      vertex 32.6506 6.2 53.0706
    endloop
  endfacet
  facet normal 0 1 0
    outer loop
      vertex 32.85 6.2 52.9722
      vertex 31.15 6.2 52.9722
      vertex 31.3494 6.2 53.0706
    endloop
  endfacet
  facet normal 0 1 0
    outer loop
      vertex 33.0349 6.2 52.8487
      vertex 31.15 6.2 52.9722
      vertex 32.85 6.2 52.9722
    endloop
  endfacet
  facet normal 0 1 0
    outer loop
      vertex 33.0349 6.2 52.8487
      vertex 30.9651 6.2 52.8487
      vertex 31.15 6.2 52.9722
    endloop
  endfacet
  facet normal 0 1 0
    outer loop
      vertex 33.2021 6.2 52.7021
      vertex 30.9651 6.2 52.8487
      vertex 33.0349 6.2 52.8487
    endloop
  endfacet
  facet normal 0 1 0
    outer loop
      vertex 33.2021 6.2 52.7021
      vertex 30.7979 6.2 52.7021
      vertex 30.9651 6.2 52.8487
    endloop
  endfacet
  facet normal 0 1 0
    outer loop
      vertex 33.3487 6.2 52.5349
      vertex 30.7979 6.2 52.7021
      vertex 33.2021 6.2 52.7021
    endloop
  endfacet
  facet normal 0 1 0
    outer loop
      vertex 33.3487 6.2 52.5349
      vertex 30.6513 6.2 52.5349
      vertex 30.7979 6.2 52.7021
    endloop
  endfacet
  facet normal 0 1 0
    outer loop
      vertex 33.4722 6.2 52.35
      vertex 30.6513 6.2 52.5349
      vertex 33.3487 6.2 52.5349
    endloop
  endfacet
  facet normal 0 1 0
    outer loop
      vertex 33.4722 6.2 52.35
      vertex 30.5278 6.2 52.35
      vertex 30.6513 6.2 52.5349
    endloop
  endfacet
  facet normal 0 1 0
    outer loop
      vertex 33.5706 6.2 52.1506
      vertex 30.5278 6.2 52.35
      vertex 33.4722 6.2 52.35
    endloop
  endfacet
  facet normal 0 1 0
    outer loop
      vertex 33.5706 6.2 52.1506
      vertex 30.4294 6.2 52.1506
      vertex 30.5278 6.2 52.35
    endloop
  endfacet
  facet normal 0 1 0
    outer loop
      vertex 33.6421 6.2 51.94
      vertex 30.4294 6.2 52.1506
      vertex 33.5706 6.2 52.1506
    endloop
  endfacet
  facet normal 0 1 0
    outer loop
      vertex 33.6421 6.2 51.94
      vertex 30.3579 6.2 51.94
      vertex 30.4294 6.2 52.1506
    endloop
  endfacet
  facet normal 0 1 0
    outer loop
      vertex 33.6855 6.2 51.7219
      vertex 30.3579 6.2 51.94
      vertex 33.6421 6.2 51.94
    endloop
  endfacet
  facet normal 0 1 0
    outer loop
      vertex 33.6855 6.2 51.7219
      vertex 30.3145 6.2 51.7219
      vertex 30.3579 6.2 51.94
    endloop
  endfacet
  facet normal 0 1 0
    outer loop
      vertex 33.7 6.2 51.5
      vertex 30.3145 6.2 51.7219
      vertex 33.6855 6.2 51.7219
    endloop
  endfacet
  facet normal 0 1 0
    outer loop
      vertex 33.7 6.2 51.5
      vertex 30.3 6.2 51.5
      vertex 30.3145 6.2 51.7219
    endloop
  endfacet
  facet normal 0 1 -0
    outer loop
      vertex 33.6855 6.2 51.2781
      vertex 30.3 6.2 51.5
      vertex 33.7 6.2 51.5
    endloop
  endfacet
  facet normal 0 1 0
    outer loop
      vertex 33.6855 6.2 51.2781
      vertex 30.3145 6.2 51.2781
      vertex 30.3 6.2 51.5
    endloop
  endfacet
  facet normal 0 1 -0
    outer loop
      vertex 33.6421 6.2 51.06
      vertex 30.3145 6.2 51.2781
      vertex 33.6855 6.2 51.2781
    endloop
  endfacet
  facet normal 0 1 0
    outer loop
      vertex 33.6421 6.2 51.06
      vertex 30.3579 6.2 51.06
      vertex 30.3145 6.2 51.2781
    endloop
  endfacet
  facet normal 0 1 -0
    outer loop
      vertex 33.5706 6.2 50.8494
      vertex 30.3579 6.2 51.06
      vertex 33.6421 6.2 51.06
    endloop
  endfacet
  facet normal 0 1 0
    outer loop
      vertex 33.5706 6.2 50.8494
      vertex 30.4294 6.2 50.8494
      vertex 30.3579 6.2 51.06
    endloop
  endfacet
  facet normal 0 1 -0
    outer loop
      vertex 33.4722 6.2 50.65
      vertex 30.4294 6.2 50.8494
      vertex 33.5706 6.2 50.8494
    endloop
  endfacet
  facet normal 0 1 0
    outer loop
      vertex 33.4722 6.2 50.65
      vertex 30.5278 6.2 50.65
      vertex 30.4294 6.2 50.8494
    endloop
  endfacet
  facet normal 0 1 -0
    outer loop
      vertex 33.3487 6.2 50.4651
      vertex 30.5278 6.2 50.65
      vertex 33.4722 6.2 50.65
    endloop
  endfacet
  facet normal 0 1 0
    outer loop
      vertex 33.3487 6.2 50.4651
      vertex 30.6513 6.2 50.4651
      vertex 30.5278 6.2 50.65
    endloop
  endfacet
  facet normal 0 1 -0
    outer loop
      vertex 33.2021 6.2 50.2979
      vertex 30.6513 6.2 50.4651
      vertex 33.3487 6.2 50.4651
    endloop
  endfacet
  facet normal 0 1 0
    outer loop
      vertex 33.2021 6.2 50.2979
      vertex 30.7979 6.2 50.2979
      vertex 30.6513 6.2 50.4651
    endloop
  endfacet
  facet normal 0 1 -0
    outer loop
      vertex 33.0349 6.2 50.1513
      vertex 30.7979 6.2 50.2979
      vertex 33.2021 6.2 50.2979
    endloop
  endfacet
  facet normal 0 1 0
    outer loop
      vertex 33.0349 6.2 50.1513
      vertex 30.9651 6.2 50.1513
      vertex 30.7979 6.2 50.2979
    endloop
  endfacet
  facet normal 0 1 -0
    outer loop
      vertex 32.85 6.2 50.0278
      vertex 30.9651 6.2 50.1513
      vertex 33.0349 6.2 50.1513
    endloop
  endfacet
  facet normal 0 1 0
    outer loop
      vertex 32.85 6.2 50.0278
      vertex 31.15 6.2 50.0278
      vertex 30.9651 6.2 50.1513
    endloop
  endfacet
  facet normal 0 1 -0
    outer loop
      vertex 32.6506 6.2 49.9294
      vertex 31.15 6.2 50.0278
      vertex 32.85 6.2 50.0278
    endloop
  endfacet
  facet normal 0 1 0
    outer loop
      vertex 32.6506 6.2 49.9294
      vertex 31.3494 6.2 49.9294
      vertex 31.15 6.2 50.0278
    endloop
  endfacet
  facet normal 0 1 -0
    outer loop
      vertex 32.44 6.2 49.8579
      vertex 31.3494 6.2 49.9294
      vertex 32.6506 6.2 49.9294
    endloop
  endfacet
  facet normal 0 1 0
    outer loop
      vertex 32.44 6.2 49.8579
      vertex 31.56 6.2 49.8579
      vertex 31.3494 6.2 49.9294
    endloop
  endfacet
  facet normal 0 1 -0
    outer loop
      vertex 32.2219 6.2 49.8145
      vertex 31.56 6.2 49.8579
      vertex 32.44 6.2 49.8579
    endloop
  endfacet
  facet normal 0 1 0
    outer loop
      vertex 32.2219 6.2 49.8145
      vertex 31.7781 6.2 49.8145
      vertex 31.56 6.2 49.8579
    endloop
  endfacet
  facet normal -0 1 0
    outer loop
      vertex 31.7781 6.2 49.8145
      vertex 32.2219 6.2 49.8145
      vertex 32 6.2 49.8
    endloop
  endfacet
  facet normal 0.195165 0 -0.98077
    outer loop
      vertex 31.56 6.2 53.1421
      vertex 31.7781 12.7 53.1855
      vertex 31.7781 6.2 53.1855
    endloop
  endfacet
  facet normal 0.195165 0 -0.98077
    outer loop
      vertex 31.7781 12.7 53.1855
      vertex 31.56 6.2 53.1421
      vertex 31.56 12.7 53.1421
    endloop
  endfacet
  facet normal -0.896754 0 -0.44253
    outer loop
      vertex 33.5706 6.2 52.1506
      vertex 33.4722 12.7 52.35
      vertex 33.5706 12.7 52.1506
    endloop
  endfacet
  facet normal -0.896754 -0 -0.44253
    outer loop
      vertex 33.4722 12.7 52.35
      vertex 33.5706 6.2 52.1506
      vertex 33.4722 6.2 52.35
    endloop
  endfacet
  facet normal -0.997872 0 0.0652057
    outer loop
      vertex 33.6855 6.2 51.2781
      vertex 33.7 12.7 51.5
      vertex 33.6855 12.7 51.2781
    endloop
  endfacet
  facet normal -0.997872 0 0.0652057
    outer loop
      vertex 33.7 12.7 51.5
      vertex 33.6855 6.2 51.2781
      vertex 33.7 6.2 51.5
    endloop
  endfacet
  facet normal -0.0652057 0 0.997872
    outer loop
      vertex 32 12.7 49.8
      vertex 32.2219 6.2 49.8145
      vertex 32.2219 12.7 49.8145
    endloop
  endfacet
  facet normal -0.0652057 0 0.997872
    outer loop
      vertex 32.2219 6.2 49.8145
      vertex 32 12.7 49.8
      vertex 32 6.2 49.8
    endloop
  endfacet
  facet normal -0.751908 0 -0.659268
    outer loop
      vertex 33.3487 6.2 52.5349
      vertex 33.2021 12.7 52.7021
      vertex 33.3487 12.7 52.5349
    endloop
  endfacet
  facet normal -0.751908 -0 -0.659268
    outer loop
      vertex 33.2021 12.7 52.7021
      vertex 33.3487 6.2 52.5349
      vertex 33.2021 6.2 52.7021
    endloop
  endfacet
  facet normal 0.997872 -0 0.0652057
    outer loop
      vertex 30.3 6.2 51.5
      vertex 30.3145 12.7 51.2781
      vertex 30.3 12.7 51.5
    endloop
  endfacet
  facet normal 0.997872 0 0.0652057
    outer loop
      vertex 30.3145 12.7 51.2781
      vertex 30.3 6.2 51.5
      vertex 30.3145 6.2 51.2781
    endloop
  endfacet
  facet normal -0.751908 0 0.659268
    outer loop
      vertex 33.2021 6.2 50.2979
      vertex 33.3487 12.7 50.4651
      vertex 33.2021 12.7 50.2979
    endloop
  endfacet
  facet normal -0.751908 0 0.659268
    outer loop
      vertex 33.3487 12.7 50.4651
      vertex 33.2021 6.2 50.2979
      vertex 33.3487 6.2 50.4651
    endloop
  endfacet
  facet normal 0.751908 0 -0.659268
    outer loop
      vertex 30.7979 6.2 52.7021
      vertex 30.6513 12.7 52.5349
      vertex 30.7979 12.7 52.7021
    endloop
  endfacet
  facet normal 0.751908 0 -0.659268
    outer loop
      vertex 30.6513 12.7 52.5349
      vertex 30.7979 6.2 52.7021
      vertex 30.6513 6.2 52.5349
    endloop
  endfacet
  facet normal 0.831566 0 -0.555426
    outer loop
      vertex 30.6513 6.2 52.5349
      vertex 30.5278 12.7 52.35
      vertex 30.6513 12.7 52.5349
    endloop
  endfacet
  facet normal 0.831566 0 -0.555426
    outer loop
      vertex 30.5278 12.7 52.35
      vertex 30.6513 6.2 52.5349
      vertex 30.5278 6.2 52.35
    endloop
  endfacet
  facet normal 0.0652057 0 -0.997872
    outer loop
      vertex 31.7781 6.2 53.1855
      vertex 32 12.7 53.2
      vertex 32 6.2 53.2
    endloop
  endfacet
  facet normal 0.0652057 0 -0.997872
    outer loop
      vertex 32 12.7 53.2
      vertex 31.7781 6.2 53.1855
      vertex 31.7781 12.7 53.1855
    endloop
  endfacet
  facet normal 0.98077 -0 0.195165
    outer loop
      vertex 30.3145 6.2 51.2781
      vertex 30.3579 12.7 51.06
      vertex 30.3145 12.7 51.2781
    endloop
  endfacet
  facet normal 0.98077 0 0.195165
    outer loop
      vertex 30.3579 12.7 51.06
      vertex 30.3145 6.2 51.2781
      vertex 30.3579 6.2 51.06
    endloop
  endfacet
  facet normal 0.321484 0 0.946915
    outer loop
      vertex 31.3494 12.7 49.9294
      vertex 31.56 6.2 49.8579
      vertex 31.56 12.7 49.8579
    endloop
  endfacet
  facet normal 0.321484 0 0.946915
    outer loop
      vertex 31.56 6.2 49.8579
      vertex 31.3494 12.7 49.9294
      vertex 31.3494 6.2 49.9294
    endloop
  endfacet
  facet normal -0.946915 0 -0.321484
    outer loop
      vertex 33.6421 6.2 51.94
      vertex 33.5706 12.7 52.1506
      vertex 33.6421 12.7 51.94
    endloop
  endfacet
  facet normal -0.946915 -0 -0.321484
    outer loop
      vertex 33.5706 12.7 52.1506
      vertex 33.6421 6.2 51.94
      vertex 33.5706 6.2 52.1506
    endloop
  endfacet
  facet normal 0.44253 0 0.896754
    outer loop
      vertex 31.15 12.7 50.0278
      vertex 31.3494 6.2 49.9294
      vertex 31.3494 12.7 49.9294
    endloop
  endfacet
  facet normal 0.44253 0 0.896754
    outer loop
      vertex 31.3494 6.2 49.9294
      vertex 31.15 12.7 50.0278
      vertex 31.15 6.2 50.0278
    endloop
  endfacet
  facet normal 0.555426 0 0.831566
    outer loop
      vertex 30.9651 12.7 50.1513
      vertex 31.15 6.2 50.0278
      vertex 31.15 12.7 50.0278
    endloop
  endfacet
  facet normal 0.555426 0 0.831566
    outer loop
      vertex 31.15 6.2 50.0278
      vertex 30.9651 12.7 50.1513
      vertex 30.9651 6.2 50.1513
    endloop
  endfacet
  facet normal 0.0652057 0 0.997872
    outer loop
      vertex 31.7781 12.7 49.8145
      vertex 32 6.2 49.8
      vertex 32 12.7 49.8
    endloop
  endfacet
  facet normal 0.0652057 0 0.997872
    outer loop
      vertex 32 6.2 49.8
      vertex 31.7781 12.7 49.8145
      vertex 31.7781 6.2 49.8145
    endloop
  endfacet
  facet normal 0.195165 0 0.98077
    outer loop
      vertex 31.56 12.7 49.8579
      vertex 31.7781 6.2 49.8145
      vertex 31.7781 12.7 49.8145
    endloop
  endfacet
  facet normal 0.195165 0 0.98077
    outer loop
      vertex 31.7781 6.2 49.8145
      vertex 31.56 12.7 49.8579
      vertex 31.56 6.2 49.8579
    endloop
  endfacet
  facet normal 0.896754 0 -0.44253
    outer loop
      vertex 30.5278 6.2 52.35
      vertex 30.4294 12.7 52.1506
      vertex 30.5278 12.7 52.35
    endloop
  endfacet
  facet normal 0.896754 0 -0.44253
    outer loop
      vertex 30.4294 12.7 52.1506
      vertex 30.5278 6.2 52.35
      vertex 30.4294 6.2 52.1506
    endloop
  endfacet
  facet normal 0.896754 -0 0.44253
    outer loop
      vertex 30.4294 6.2 50.8494
      vertex 30.5278 12.7 50.65
      vertex 30.4294 12.7 50.8494
    endloop
  endfacet
  facet normal 0.896754 0 0.44253
    outer loop
      vertex 30.5278 12.7 50.65
      vertex 30.4294 6.2 50.8494
      vertex 30.5278 6.2 50.65
    endloop
  endfacet
  facet normal 0.98077 0 -0.195165
    outer loop
      vertex 30.3579 6.2 51.94
      vertex 30.3145 12.7 51.7219
      vertex 30.3579 12.7 51.94
    endloop
  endfacet
  facet normal 0.98077 0 -0.195165
    outer loop
      vertex 30.3145 12.7 51.7219
      vertex 30.3579 6.2 51.94
      vertex 30.3145 6.2 51.7219
    endloop
  endfacet
  facet normal 0.946915 0 -0.321484
    outer loop
      vertex 30.4294 6.2 52.1506
      vertex 30.3579 12.7 51.94
      vertex 30.4294 12.7 52.1506
    endloop
  endfacet
  facet normal 0.946915 0 -0.321484
    outer loop
      vertex 30.3579 12.7 51.94
      vertex 30.4294 6.2 52.1506
      vertex 30.3579 6.2 51.94
    endloop
  endfacet
  facet normal -0.659268 0 0.751908
    outer loop
      vertex 33.0349 12.7 50.1513
      vertex 33.2021 6.2 50.2979
      vertex 33.2021 12.7 50.2979
    endloop
  endfacet
  facet normal -0.659268 0 0.751908
    outer loop
      vertex 33.2021 6.2 50.2979
      vertex 33.0349 12.7 50.1513
      vertex 33.0349 6.2 50.1513
    endloop
  endfacet
  facet normal -0.981113 0 -0.193434
    outer loop
      vertex 225.685 6.2 15.7219
      vertex 225.642 12.7 15.94
      vertex 225.685 12.7 15.7219
    endloop
  endfacet
  facet normal -0.981113 -0 -0.193434
    outer loop
      vertex 225.642 12.7 15.94
      vertex 225.685 6.2 15.7219
      vertex 225.642 6.2 15.94
    endloop
  endfacet
  facet normal -0.997723 0 -0.0674441
    outer loop
      vertex 225.7 6.2 15.5
      vertex 225.685 12.7 15.7219
      vertex 225.7 12.7 15.5
    endloop
  endfacet
  facet normal -0.997723 -0 -0.0674441
    outer loop
      vertex 225.685 12.7 15.7219
      vertex 225.7 6.2 15.5
      vertex 225.685 6.2 15.7219
    endloop
  endfacet
  facet normal 0.443245 0 -0.8964
    outer loop
      vertex 223.15 6.2 16.9722
      vertex 223.349 12.7 17.0706
      vertex 223.349 6.2 17.0706
    endloop
  endfacet
  facet normal 0.443245 0 -0.8964
    outer loop
      vertex 223.349 12.7 17.0706
      vertex 223.15 6.2 16.9722
      vertex 223.15 12.7 16.9722
    endloop
  endfacet
  facet normal -0.555219 0 -0.831704
    outer loop
      vertex 224.85 6.2 16.9722
      vertex 225.035 12.7 16.8487
      vertex 225.035 6.2 16.8487
    endloop
  endfacet
  facet normal -0.555219 0 -0.831704
    outer loop
      vertex 225.035 12.7 16.8487
      vertex 224.85 6.2 16.9722
      vertex 224.85 12.7 16.9722
    endloop
  endfacet
  facet normal 0.659714 0 -0.751516
    outer loop
      vertex 222.798 6.2 16.7021
      vertex 222.965 12.7 16.8487
      vertex 222.965 6.2 16.8487
    endloop
  endfacet
  facet normal 0.659714 0 -0.751516
    outer loop
      vertex 222.965 12.7 16.8487
      vertex 222.798 6.2 16.7021
      vertex 222.798 12.7 16.7021
    endloop
  endfacet
  facet normal -0.320937 0 0.947101
    outer loop
      vertex 224.44 12.7 13.8579
      vertex 224.651 6.2 13.9294
      vertex 224.651 12.7 13.9294
    endloop
  endfacet
  facet normal -0.320937 0 0.947101
    outer loop
      vertex 224.651 6.2 13.9294
      vertex 224.44 12.7 13.8579
      vertex 224.44 6.2 13.8579
    endloop
  endfacet
  facet normal -0.832604 0 0.553869
    outer loop
      vertex 225.349 6.2 14.4651
      vertex 225.472 12.7 14.65
      vertex 225.349 12.7 14.4651
    endloop
  endfacet
  facet normal -0.832604 0 0.553869
    outer loop
      vertex 225.472 12.7 14.65
      vertex 225.349 6.2 14.4651
      vertex 225.472 6.2 14.65
    endloop
  endfacet
  facet normal -0.947598 0 0.319466
    outer loop
      vertex 225.571 6.2 14.8494
      vertex 225.642 12.7 15.06
      vertex 225.571 12.7 14.8494
    endloop
  endfacet
  facet normal -0.947598 0 0.319466
    outer loop
      vertex 225.642 12.7 15.06
      vertex 225.571 6.2 14.8494
      vertex 225.642 6.2 15.06
    endloop
  endfacet
  facet normal -0.320937 0 -0.947101
    outer loop
      vertex 224.44 6.2 17.1421
      vertex 224.651 12.7 17.0706
      vertex 224.651 6.2 17.0706
    endloop
  endfacet
  facet normal -0.320937 0 -0.947101
    outer loop
      vertex 224.651 12.7 17.0706
      vertex 224.44 6.2 17.1421
      vertex 224.44 12.7 17.1421
    endloop
  endfacet
  facet normal -0.195251 0 -0.980753
    outer loop
      vertex 224.222 6.2 17.1855
      vertex 224.44 12.7 17.1421
      vertex 224.44 6.2 17.1421
    endloop
  endfacet
  facet normal -0.195251 0 -0.980753
    outer loop
      vertex 224.44 12.7 17.1421
      vertex 224.222 6.2 17.1855
      vertex 224.222 12.7 17.1855
    endloop
  endfacet
  facet normal 0.555219 0 -0.831704
    outer loop
      vertex 222.965 6.2 16.8487
      vertex 223.15 12.7 16.9722
      vertex 223.15 6.2 16.9722
    endloop
  endfacet
  facet normal 0.555219 0 -0.831704
    outer loop
      vertex 223.15 12.7 16.9722
      vertex 222.965 6.2 16.8487
      vertex 222.965 12.7 16.8487
    endloop
  endfacet
  facet normal -0.895681 0 0.444696
    outer loop
      vertex 225.472 6.2 14.65
      vertex 225.571 12.7 14.8494
      vertex 225.472 12.7 14.65
    endloop
  endfacet
  facet normal -0.895681 0 0.444696
    outer loop
      vertex 225.571 12.7 14.8494
      vertex 225.472 6.2 14.65
      vertex 225.571 6.2 14.8494
    endloop
  endfacet
  facet normal -0.659714 0 -0.751516
    outer loop
      vertex 225.035 6.2 16.8487
      vertex 225.202 12.7 16.7021
      vertex 225.202 6.2 16.7021
    endloop
  endfacet
  facet normal -0.659714 0 -0.751516
    outer loop
      vertex 225.202 12.7 16.7021
      vertex 225.035 6.2 16.8487
      vertex 225.035 12.7 16.8487
    endloop
  endfacet
  facet normal -0.555219 0 0.831704
    outer loop
      vertex 224.85 12.7 14.0278
      vertex 225.035 6.2 14.1513
      vertex 225.035 12.7 14.1513
    endloop
  endfacet
  facet normal -0.555219 0 0.831704
    outer loop
      vertex 225.035 6.2 14.1513
      vertex 224.85 12.7 14.0278
      vertex 224.85 6.2 14.0278
    endloop
  endfacet
  facet normal -0.443245 0 -0.8964
    outer loop
      vertex 224.651 6.2 17.0706
      vertex 224.85 12.7 16.9722
      vertex 224.85 6.2 16.9722
    endloop
  endfacet
  facet normal -0.443245 0 -0.8964
    outer loop
      vertex 224.85 12.7 16.9722
      vertex 224.651 6.2 17.0706
      vertex 224.651 12.7 17.0706
    endloop
  endfacet
  facet normal 0.659714 0 0.751516
    outer loop
      vertex 222.798 12.7 14.2979
      vertex 222.965 6.2 14.1513
      vertex 222.965 12.7 14.1513
    endloop
  endfacet
  facet normal 0.659714 0 0.751516
    outer loop
      vertex 222.965 6.2 14.1513
      vertex 222.798 12.7 14.2979
      vertex 222.798 6.2 14.2979
    endloop
  endfacet
  facet normal 0.751016 -0 0.660284
    outer loop
      vertex 222.651 6.2 14.4651
      vertex 222.798 12.7 14.2979
      vertex 222.651 12.7 14.4651
    endloop
  endfacet
  facet normal 0.751016 0 0.660284
    outer loop
      vertex 222.798 12.7 14.2979
      vertex 222.651 6.2 14.4651
      vertex 222.798 6.2 14.2979
    endloop
  endfacet
  facet normal 0.832604 -0 0.553869
    outer loop
      vertex 222.528 6.2 14.65
      vertex 222.651 12.7 14.4651
      vertex 222.528 12.7 14.65
    endloop
  endfacet
  facet normal 0.832604 0 0.553869
    outer loop
      vertex 222.651 12.7 14.4651
      vertex 222.528 6.2 14.65
      vertex 222.651 6.2 14.4651
    endloop
  endfacet
  facet normal -0.832604 0 -0.553869
    outer loop
      vertex 225.472 6.2 16.35
      vertex 225.349 12.7 16.5349
      vertex 225.472 12.7 16.35
    endloop
  endfacet
  facet normal -0.832604 -0 -0.553869
    outer loop
      vertex 225.349 12.7 16.5349
      vertex 225.472 6.2 16.35
      vertex 225.349 6.2 16.5349
    endloop
  endfacet
  facet normal -0.195251 0 0.980753
    outer loop
      vertex 224.222 12.7 13.8145
      vertex 224.44 6.2 13.8579
      vertex 224.44 12.7 13.8579
    endloop
  endfacet
  facet normal -0.195251 0 0.980753
    outer loop
      vertex 224.44 6.2 13.8579
      vertex 224.222 12.7 13.8145
      vertex 224.222 6.2 13.8145
    endloop
  endfacet
  facet normal -0.981113 0 0.193434
    outer loop
      vertex 225.642 6.2 15.06
      vertex 225.685 12.7 15.2781
      vertex 225.642 12.7 15.06
    endloop
  endfacet
  facet normal -0.981113 0 0.193434
    outer loop
      vertex 225.685 12.7 15.2781
      vertex 225.642 6.2 15.06
      vertex 225.685 6.2 15.2781
    endloop
  endfacet
  facet normal 0.947598 -0 0.319466
    outer loop
      vertex 222.358 6.2 15.06
      vertex 222.429 12.7 14.8494
      vertex 222.358 12.7 15.06
    endloop
  endfacet
  facet normal 0.947598 0 0.319466
    outer loop
      vertex 222.429 12.7 14.8494
      vertex 222.358 6.2 15.06
      vertex 222.429 6.2 14.8494
    endloop
  endfacet
  facet normal -0.443245 0 0.8964
    outer loop
      vertex 224.651 12.7 13.9294
      vertex 224.85 6.2 14.0278
      vertex 224.85 12.7 14.0278
    endloop
  endfacet
  facet normal -0.443245 0 0.8964
    outer loop
      vertex 224.85 6.2 14.0278
      vertex 224.651 12.7 13.9294
      vertex 224.651 6.2 13.9294
    endloop
  endfacet
  facet normal -0.0651764 0 -0.997874
    outer loop
      vertex 224 6.2 17.2
      vertex 224.222 12.7 17.1855
      vertex 224.222 6.2 17.1855
    endloop
  endfacet
  facet normal -0.0651764 0 -0.997874
    outer loop
      vertex 224.222 12.7 17.1855
      vertex 224 6.2 17.2
      vertex 224 12.7 17.2
    endloop
  endfacet
  facet normal 0.320937 0 -0.947101
    outer loop
      vertex 223.349 6.2 17.0706
      vertex 223.56 12.7 17.1421
      vertex 223.56 6.2 17.1421
    endloop
  endfacet
  facet normal 0.320937 0 -0.947101
    outer loop
      vertex 223.56 12.7 17.1421
      vertex 223.349 6.2 17.0706
      vertex 223.349 12.7 17.0706
    endloop
  endfacet
  facet normal 0 1 0
    outer loop
      vertex 224.222 6.2 17.1855
      vertex 223.778 6.2 17.1855
      vertex 224 6.2 17.2
    endloop
  endfacet
  facet normal 0 1 0
    outer loop
      vertex 224.44 6.2 17.1421
      vertex 223.778 6.2 17.1855
      vertex 224.222 6.2 17.1855
    endloop
  endfacet
  facet normal 0 1 0
    outer loop
      vertex 224.44 6.2 17.1421
      vertex 223.56 6.2 17.1421
      vertex 223.778 6.2 17.1855
    endloop
  endfacet
  facet normal 0 1 0
    outer loop
      vertex 224.651 6.2 17.0706
      vertex 223.56 6.2 17.1421
      vertex 224.44 6.2 17.1421
    endloop
  endfacet
  facet normal 0 1 0
    outer loop
      vertex 224.651 6.2 17.0706
      vertex 223.349 6.2 17.0706
      vertex 223.56 6.2 17.1421
    endloop
  endfacet
  facet normal 0 1 0
    outer loop
      vertex 224.85 6.2 16.9722
      vertex 223.349 6.2 17.0706
      vertex 224.651 6.2 17.0706
    endloop
  endfacet
  facet normal 0 1 0
    outer loop
      vertex 224.85 6.2 16.9722
      vertex 223.15 6.2 16.9722
      vertex 223.349 6.2 17.0706
    endloop
  endfacet
  facet normal 0 1 0
    outer loop
      vertex 225.035 6.2 16.8487
      vertex 223.15 6.2 16.9722
      vertex 224.85 6.2 16.9722
    endloop
  endfacet
  facet normal 0 1 0
    outer loop
      vertex 225.035 6.2 16.8487
      vertex 222.965 6.2 16.8487
      vertex 223.15 6.2 16.9722
    endloop
  endfacet
  facet normal 0 1 0
    outer loop
      vertex 225.202 6.2 16.7021
      vertex 222.965 6.2 16.8487
      vertex 225.035 6.2 16.8487
    endloop
  endfacet
  facet normal 0 1 0
    outer loop
      vertex 225.202 6.2 16.7021
      vertex 222.798 6.2 16.7021
      vertex 222.965 6.2 16.8487
    endloop
  endfacet
  facet normal 0 1 0
    outer loop
      vertex 225.349 6.2 16.5349
      vertex 222.798 6.2 16.7021
      vertex 225.202 6.2 16.7021
    endloop
  endfacet
  facet normal 0 1 0
    outer loop
      vertex 225.349 6.2 16.5349
      vertex 222.651 6.2 16.5349
      vertex 222.798 6.2 16.7021
    endloop
  endfacet
  facet normal 0 1 0
    outer loop
      vertex 225.472 6.2 16.35
      vertex 222.651 6.2 16.5349
      vertex 225.349 6.2 16.5349
    endloop
  endfacet
  facet normal 0 1 0
    outer loop
      vertex 225.472 6.2 16.35
      vertex 222.528 6.2 16.35
      vertex 222.651 6.2 16.5349
    endloop
  endfacet
  facet normal 0 1 0
    outer loop
      vertex 225.571 6.2 16.1506
      vertex 222.528 6.2 16.35
      vertex 225.472 6.2 16.35
    endloop
  endfacet
  facet normal 0 1 0
    outer loop
      vertex 225.571 6.2 16.1506
      vertex 222.429 6.2 16.1506
      vertex 222.528 6.2 16.35
    endloop
  endfacet
  facet normal 0 1 0
    outer loop
      vertex 225.642 6.2 15.94
      vertex 222.429 6.2 16.1506
      vertex 225.571 6.2 16.1506
    endloop
  endfacet
  facet normal 0 1 0
    outer loop
      vertex 225.642 6.2 15.94
      vertex 222.358 6.2 15.94
      vertex 222.429 6.2 16.1506
    endloop
  endfacet
  facet normal 0 1 0
    outer loop
      vertex 225.685 6.2 15.7219
      vertex 222.358 6.2 15.94
      vertex 225.642 6.2 15.94
    endloop
  endfacet
  facet normal 0 1 0
    outer loop
      vertex 225.685 6.2 15.7219
      vertex 222.315 6.2 15.7219
      vertex 222.358 6.2 15.94
    endloop
  endfacet
  facet normal 0 1 0
    outer loop
      vertex 225.7 6.2 15.5
      vertex 222.315 6.2 15.7219
      vertex 225.685 6.2 15.7219
    endloop
  endfacet
  facet normal 0 1 0
    outer loop
      vertex 225.7 6.2 15.5
      vertex 222.3 6.2 15.5
      vertex 222.315 6.2 15.7219
    endloop
  endfacet
  facet normal 0 1 -0
    outer loop
      vertex 225.685 6.2 15.2781
      vertex 222.3 6.2 15.5
      vertex 225.7 6.2 15.5
    endloop
  endfacet
  facet normal 0 1 0
    outer loop
      vertex 225.685 6.2 15.2781
      vertex 222.315 6.2 15.2781
      vertex 222.3 6.2 15.5
    endloop
  endfacet
  facet normal 0 1 -0
    outer loop
      vertex 225.642 6.2 15.06
      vertex 222.315 6.2 15.2781
      vertex 225.685 6.2 15.2781
    endloop
  endfacet
  facet normal 0 1 0
    outer loop
      vertex 225.642 6.2 15.06
      vertex 222.358 6.2 15.06
      vertex 222.315 6.2 15.2781
    endloop
  endfacet
  facet normal 0 1 -0
    outer loop
      vertex 225.571 6.2 14.8494
      vertex 222.358 6.2 15.06
      vertex 225.642 6.2 15.06
    endloop
  endfacet
  facet normal 0 1 0
    outer loop
      vertex 225.571 6.2 14.8494
      vertex 222.429 6.2 14.8494
      vertex 222.358 6.2 15.06
    endloop
  endfacet
  facet normal 0 1 -0
    outer loop
      vertex 225.472 6.2 14.65
      vertex 222.429 6.2 14.8494
      vertex 225.571 6.2 14.8494
    endloop
  endfacet
  facet normal 0 1 0
    outer loop
      vertex 225.472 6.2 14.65
      vertex 222.528 6.2 14.65
      vertex 222.429 6.2 14.8494
    endloop
  endfacet
  facet normal 0 1 -0
    outer loop
      vertex 225.349 6.2 14.4651
      vertex 222.528 6.2 14.65
      vertex 225.472 6.2 14.65
    endloop
  endfacet
  facet normal 0 1 0
    outer loop
      vertex 225.349 6.2 14.4651
      vertex 222.651 6.2 14.4651
      vertex 222.528 6.2 14.65
    endloop
  endfacet
  facet normal 0 1 -0
    outer loop
      vertex 225.202 6.2 14.2979
      vertex 222.651 6.2 14.4651
      vertex 225.349 6.2 14.4651
    endloop
  endfacet
  facet normal 0 1 0
    outer loop
      vertex 225.202 6.2 14.2979
      vertex 222.798 6.2 14.2979
      vertex 222.651 6.2 14.4651
    endloop
  endfacet
  facet normal 0 1 -0
    outer loop
      vertex 225.035 6.2 14.1513
      vertex 222.798 6.2 14.2979
      vertex 225.202 6.2 14.2979
    endloop
  endfacet
  facet normal 0 1 0
    outer loop
      vertex 225.035 6.2 14.1513
      vertex 222.965 6.2 14.1513
      vertex 222.798 6.2 14.2979
    endloop
  endfacet
  facet normal 0 1 -0
    outer loop
      vertex 224.85 6.2 14.0278
      vertex 222.965 6.2 14.1513
      vertex 225.035 6.2 14.1513
    endloop
  endfacet
  facet normal 0 1 0
    outer loop
      vertex 224.85 6.2 14.0278
      vertex 223.15 6.2 14.0278
      vertex 222.965 6.2 14.1513
    endloop
  endfacet
  facet normal 0 1 -0
    outer loop
      vertex 224.651 6.2 13.9294
      vertex 223.15 6.2 14.0278
      vertex 224.85 6.2 14.0278
    endloop
  endfacet
  facet normal 0 1 0
    outer loop
      vertex 224.651 6.2 13.9294
      vertex 223.349 6.2 13.9294
      vertex 223.15 6.2 14.0278
    endloop
  endfacet
  facet normal 0 1 -0
    outer loop
      vertex 224.44 6.2 13.8579
      vertex 223.349 6.2 13.9294
      vertex 224.651 6.2 13.9294
    endloop
  endfacet
  facet normal 0 1 0
    outer loop
      vertex 224.44 6.2 13.8579
      vertex 223.56 6.2 13.8579
      vertex 223.349 6.2 13.9294
    endloop
  endfacet
  facet normal 0 1 -0
    outer loop
      vertex 224.222 6.2 13.8145
      vertex 223.56 6.2 13.8579
      vertex 224.44 6.2 13.8579
    endloop
  endfacet
  facet normal 0 1 0
    outer loop
      vertex 224.222 6.2 13.8145
      vertex 223.778 6.2 13.8145
      vertex 223.56 6.2 13.8579
    endloop
  endfacet
  facet normal -0 1 0
    outer loop
      vertex 223.778 6.2 13.8145
      vertex 224.222 6.2 13.8145
      vertex 224 6.2 13.8
    endloop
  endfacet
  facet normal 0.195251 0 -0.980753
    outer loop
      vertex 223.56 6.2 17.1421
      vertex 223.778 12.7 17.1855
      vertex 223.778 6.2 17.1855
    endloop
  endfacet
  facet normal 0.195251 0 -0.980753
    outer loop
      vertex 223.778 12.7 17.1855
      vertex 223.56 6.2 17.1421
      vertex 223.56 12.7 17.1421
    endloop
  endfacet
  facet normal -0.895681 0 -0.444696
    outer loop
      vertex 225.571 6.2 16.1506
      vertex 225.472 12.7 16.35
      vertex 225.571 12.7 16.1506
    endloop
  endfacet
  facet normal -0.895681 -0 -0.444696
    outer loop
      vertex 225.472 12.7 16.35
      vertex 225.571 6.2 16.1506
      vertex 225.472 6.2 16.35
    endloop
  endfacet
  facet normal -0.997723 0 0.0674441
    outer loop
      vertex 225.685 6.2 15.2781
      vertex 225.7 12.7 15.5
      vertex 225.685 12.7 15.2781
    endloop
  endfacet
  facet normal -0.997723 0 0.0674441
    outer loop
      vertex 225.7 12.7 15.5
      vertex 225.685 6.2 15.2781
      vertex 225.7 6.2 15.5
    endloop
  endfacet
  facet normal -0.0651764 0 0.997874
    outer loop
      vertex 224 12.7 13.8
      vertex 224.222 6.2 13.8145
      vertex 224.222 12.7 13.8145
    endloop
  endfacet
  facet normal -0.0651764 0 0.997874
    outer loop
      vertex 224.222 6.2 13.8145
      vertex 224 12.7 13.8
      vertex 224 6.2 13.8
    endloop
  endfacet
  facet normal -0.751016 0 -0.660284
    outer loop
      vertex 225.349 6.2 16.5349
      vertex 225.202 12.7 16.7021
      vertex 225.349 12.7 16.5349
    endloop
  endfacet
  facet normal -0.751016 -0 -0.660284
    outer loop
      vertex 225.202 12.7 16.7021
      vertex 225.349 6.2 16.5349
      vertex 225.202 6.2 16.7021
    endloop
  endfacet
  facet normal 0.997723 -0 0.0674441
    outer loop
      vertex 222.3 6.2 15.5
      vertex 222.315 12.7 15.2781
      vertex 222.3 12.7 15.5
    endloop
  endfacet
  facet normal 0.997723 0 0.0674441
    outer loop
      vertex 222.315 12.7 15.2781
      vertex 222.3 6.2 15.5
      vertex 222.315 6.2 15.2781
    endloop
  endfacet
  facet normal -0.751016 0 0.660284
    outer loop
      vertex 225.202 6.2 14.2979
      vertex 225.349 12.7 14.4651
      vertex 225.202 12.7 14.2979
    endloop
  endfacet
  facet normal -0.751016 0 0.660284
    outer loop
      vertex 225.349 12.7 14.4651
      vertex 225.202 6.2 14.2979
      vertex 225.349 6.2 14.4651
    endloop
  endfacet
  facet normal 0.751016 0 -0.660284
    outer loop
      vertex 222.798 6.2 16.7021
      vertex 222.651 12.7 16.5349
      vertex 222.798 12.7 16.7021
    endloop
  endfacet
  facet normal 0.751016 0 -0.660284
    outer loop
      vertex 222.651 12.7 16.5349
      vertex 222.798 6.2 16.7021
      vertex 222.651 6.2 16.5349
    endloop
  endfacet
  facet normal 0.832604 0 -0.553869
    outer loop
      vertex 222.651 6.2 16.5349
      vertex 222.528 12.7 16.35
      vertex 222.651 12.7 16.5349
    endloop
  endfacet
  facet normal 0.832604 0 -0.553869
    outer loop
      vertex 222.528 12.7 16.35
      vertex 222.651 6.2 16.5349
      vertex 222.528 6.2 16.35
    endloop
  endfacet
  facet normal 0.0651764 0 -0.997874
    outer loop
      vertex 223.778 6.2 17.1855
      vertex 224 12.7 17.2
      vertex 224 6.2 17.2
    endloop
  endfacet
  facet normal 0.0651764 0 -0.997874
    outer loop
      vertex 224 12.7 17.2
      vertex 223.778 6.2 17.1855
      vertex 223.778 12.7 17.1855
    endloop
  endfacet
  facet normal 0.981113 -0 0.193434
    outer loop
      vertex 222.315 6.2 15.2781
      vertex 222.358 12.7 15.06
      vertex 222.315 12.7 15.2781
    endloop
  endfacet
  facet normal 0.981113 0 0.193434
    outer loop
      vertex 222.358 12.7 15.06
      vertex 222.315 6.2 15.2781
      vertex 222.358 6.2 15.06
    endloop
  endfacet
  facet normal 0.320937 0 0.947101
    outer loop
      vertex 223.349 12.7 13.9294
      vertex 223.56 6.2 13.8579
      vertex 223.56 12.7 13.8579
    endloop
  endfacet
  facet normal 0.320937 0 0.947101
    outer loop
      vertex 223.56 6.2 13.8579
      vertex 223.349 12.7 13.9294
      vertex 223.349 6.2 13.9294
    endloop
  endfacet
  facet normal -0.947598 0 -0.319466
    outer loop
      vertex 225.642 6.2 15.94
      vertex 225.571 12.7 16.1506
      vertex 225.642 12.7 15.94
    endloop
  endfacet
  facet normal -0.947598 -0 -0.319466
    outer loop
      vertex 225.571 12.7 16.1506
      vertex 225.642 6.2 15.94
      vertex 225.571 6.2 16.1506
    endloop
  endfacet
  facet normal 0.443245 0 0.8964
    outer loop
      vertex 223.15 12.7 14.0278
      vertex 223.349 6.2 13.9294
      vertex 223.349 12.7 13.9294
    endloop
  endfacet
  facet normal 0.443245 0 0.8964
    outer loop
      vertex 223.349 6.2 13.9294
      vertex 223.15 12.7 14.0278
      vertex 223.15 6.2 14.0278
    endloop
  endfacet
  facet normal 0.555219 0 0.831704
    outer loop
      vertex 222.965 12.7 14.1513
      vertex 223.15 6.2 14.0278
      vertex 223.15 12.7 14.0278
    endloop
  endfacet
  facet normal 0.555219 0 0.831704
    outer loop
      vertex 223.15 6.2 14.0278
      vertex 222.965 12.7 14.1513
      vertex 222.965 6.2 14.1513
    endloop
  endfacet
  facet normal 0.195251 0 0.980753
    outer loop
      vertex 223.56 12.7 13.8579
      vertex 223.778 6.2 13.8145
      vertex 223.778 12.7 13.8145
    endloop
  endfacet
  facet normal 0.195251 0 0.980753
    outer loop
      vertex 223.778 6.2 13.8145
      vertex 223.56 12.7 13.8579
      vertex 223.56 6.2 13.8579
    endloop
  endfacet
  facet normal 0.895681 0 -0.444696
    outer loop
      vertex 222.528 6.2 16.35
      vertex 222.429 12.7 16.1506
      vertex 222.528 12.7 16.35
    endloop
  endfacet
  facet normal 0.895681 0 -0.444696
    outer loop
      vertex 222.429 12.7 16.1506
      vertex 222.528 6.2 16.35
      vertex 222.429 6.2 16.1506
    endloop
  endfacet
  facet normal 0.0651764 0 0.997874
    outer loop
      vertex 223.778 12.7 13.8145
      vertex 224 6.2 13.8
      vertex 224 12.7 13.8
    endloop
  endfacet
  facet normal 0.0651764 0 0.997874
    outer loop
      vertex 224 6.2 13.8
      vertex 223.778 12.7 13.8145
      vertex 223.778 6.2 13.8145
    endloop
  endfacet
  facet normal 0.895681 -0 0.444696
    outer loop
      vertex 222.429 6.2 14.8494
      vertex 222.528 12.7 14.65
      vertex 222.429 12.7 14.8494
    endloop
  endfacet
  facet normal 0.895681 0 0.444696
    outer loop
      vertex 222.528 12.7 14.65
      vertex 222.429 6.2 14.8494
      vertex 222.528 6.2 14.65
    endloop
  endfacet
  facet normal 0.997723 0 -0.0674441
    outer loop
      vertex 222.315 6.2 15.7219
      vertex 222.3 12.7 15.5
      vertex 222.315 12.7 15.7219
    endloop
  endfacet
  facet normal 0.997723 0 -0.0674441
    outer loop
      vertex 222.3 12.7 15.5
      vertex 222.315 6.2 15.7219
      vertex 222.3 6.2 15.5
    endloop
  endfacet
  facet normal 0.981113 0 -0.193434
    outer loop
      vertex 222.358 6.2 15.94
      vertex 222.315 12.7 15.7219
      vertex 222.358 12.7 15.94
    endloop
  endfacet
  facet normal 0.981113 0 -0.193434
    outer loop
      vertex 222.315 12.7 15.7219
      vertex 222.358 6.2 15.94
      vertex 222.315 6.2 15.7219
    endloop
  endfacet
  facet normal 0.947598 0 -0.319466
    outer loop
      vertex 222.429 6.2 16.1506
      vertex 222.358 12.7 15.94
      vertex 222.429 12.7 16.1506
    endloop
  endfacet
  facet normal 0.947598 0 -0.319466
    outer loop
      vertex 222.358 12.7 15.94
      vertex 222.429 6.2 16.1506
      vertex 222.358 6.2 15.94
    endloop
  endfacet
  facet normal -0.659714 0 0.751516
    outer loop
      vertex 225.035 12.7 14.1513
      vertex 225.202 6.2 14.2979
      vertex 225.202 12.7 14.2979
    endloop
  endfacet
  facet normal -0.659714 0 0.751516
    outer loop
      vertex 225.202 6.2 14.2979
      vertex 225.035 12.7 14.1513
      vertex 225.035 6.2 14.1513
    endloop
  endfacet
  facet normal -0.981113 0 -0.193434
    outer loop
      vertex 225.685 6.2 33.7219
      vertex 225.642 12.7 33.94
      vertex 225.685 12.7 33.7219
    endloop
  endfacet
  facet normal -0.981113 -0 -0.193434
    outer loop
      vertex 225.642 12.7 33.94
      vertex 225.685 6.2 33.7219
      vertex 225.642 6.2 33.94
    endloop
  endfacet
  facet normal -0.997723 0 -0.0674441
    outer loop
      vertex 225.7 6.2 33.5
      vertex 225.685 12.7 33.7219
      vertex 225.7 12.7 33.5
    endloop
  endfacet
  facet normal -0.997723 -0 -0.0674441
    outer loop
      vertex 225.685 12.7 33.7219
      vertex 225.7 6.2 33.5
      vertex 225.685 6.2 33.7219
    endloop
  endfacet
  facet normal 0.443245 0 -0.8964
    outer loop
      vertex 223.15 6.2 34.9722
      vertex 223.349 12.7 35.0706
      vertex 223.349 6.2 35.0706
    endloop
  endfacet
  facet normal 0.443245 0 -0.8964
    outer loop
      vertex 223.349 12.7 35.0706
      vertex 223.15 6.2 34.9722
      vertex 223.15 12.7 34.9722
    endloop
  endfacet
  facet normal -0.555219 0 -0.831704
    outer loop
      vertex 224.85 6.2 34.9722
      vertex 225.035 12.7 34.8487
      vertex 225.035 6.2 34.8487
    endloop
  endfacet
  facet normal -0.555219 0 -0.831704
    outer loop
      vertex 225.035 12.7 34.8487
      vertex 224.85 6.2 34.9722
      vertex 224.85 12.7 34.9722
    endloop
  endfacet
  facet normal 0.659714 0 -0.751516
    outer loop
      vertex 222.798 6.2 34.7021
      vertex 222.965 12.7 34.8487
      vertex 222.965 6.2 34.8487
    endloop
  endfacet
  facet normal 0.659714 0 -0.751516
    outer loop
      vertex 222.965 12.7 34.8487
      vertex 222.798 6.2 34.7021
      vertex 222.798 12.7 34.7021
    endloop
  endfacet
  facet normal -0.320937 0 0.947101
    outer loop
      vertex 224.44 12.7 31.8579
      vertex 224.651 6.2 31.9294
      vertex 224.651 12.7 31.9294
    endloop
  endfacet
  facet normal -0.320937 0 0.947101
    outer loop
      vertex 224.651 6.2 31.9294
      vertex 224.44 12.7 31.8579
      vertex 224.44 6.2 31.8579
    endloop
  endfacet
  facet normal -0.832604 0 0.553869
    outer loop
      vertex 225.349 6.2 32.4651
      vertex 225.472 12.7 32.65
      vertex 225.349 12.7 32.4651
    endloop
  endfacet
  facet normal -0.832604 0 0.553869
    outer loop
      vertex 225.472 12.7 32.65
      vertex 225.349 6.2 32.4651
      vertex 225.472 6.2 32.65
    endloop
  endfacet
  facet normal -0.947598 0 0.319466
    outer loop
      vertex 225.571 6.2 32.8494
      vertex 225.642 12.7 33.06
      vertex 225.571 12.7 32.8494
    endloop
  endfacet
  facet normal -0.947598 0 0.319466
    outer loop
      vertex 225.642 12.7 33.06
      vertex 225.571 6.2 32.8494
      vertex 225.642 6.2 33.06
    endloop
  endfacet
  facet normal -0.320937 0 -0.947101
    outer loop
      vertex 224.44 6.2 35.1421
      vertex 224.651 12.7 35.0706
      vertex 224.651 6.2 35.0706
    endloop
  endfacet
  facet normal -0.320937 0 -0.947101
    outer loop
      vertex 224.651 12.7 35.0706
      vertex 224.44 6.2 35.1421
      vertex 224.44 12.7 35.1421
    endloop
  endfacet
  facet normal -0.195251 0 -0.980753
    outer loop
      vertex 224.222 6.2 35.1855
      vertex 224.44 12.7 35.1421
      vertex 224.44 6.2 35.1421
    endloop
  endfacet
  facet normal -0.195251 0 -0.980753
    outer loop
      vertex 224.44 12.7 35.1421
      vertex 224.222 6.2 35.1855
      vertex 224.222 12.7 35.1855
    endloop
  endfacet
  facet normal 0.555219 0 -0.831704
    outer loop
      vertex 222.965 6.2 34.8487
      vertex 223.15 12.7 34.9722
      vertex 223.15 6.2 34.9722
    endloop
  endfacet
  facet normal 0.555219 0 -0.831704
    outer loop
      vertex 223.15 12.7 34.9722
      vertex 222.965 6.2 34.8487
      vertex 222.965 12.7 34.8487
    endloop
  endfacet
  facet normal -0.895681 0 0.444696
    outer loop
      vertex 225.472 6.2 32.65
      vertex 225.571 12.7 32.8494
      vertex 225.472 12.7 32.65
    endloop
  endfacet
  facet normal -0.895681 0 0.444696
    outer loop
      vertex 225.571 12.7 32.8494
      vertex 225.472 6.2 32.65
      vertex 225.571 6.2 32.8494
    endloop
  endfacet
  facet normal -0.659714 0 -0.751516
    outer loop
      vertex 225.035 6.2 34.8487
      vertex 225.202 12.7 34.7021
      vertex 225.202 6.2 34.7021
    endloop
  endfacet
  facet normal -0.659714 0 -0.751516
    outer loop
      vertex 225.202 12.7 34.7021
      vertex 225.035 6.2 34.8487
      vertex 225.035 12.7 34.8487
    endloop
  endfacet
  facet normal -0.555219 0 0.831704
    outer loop
      vertex 224.85 12.7 32.0278
      vertex 225.035 6.2 32.1513
      vertex 225.035 12.7 32.1513
    endloop
  endfacet
  facet normal -0.555219 0 0.831704
    outer loop
      vertex 225.035 6.2 32.1513
      vertex 224.85 12.7 32.0278
      vertex 224.85 6.2 32.0278
    endloop
  endfacet
  facet normal -0.443245 0 -0.8964
    outer loop
      vertex 224.651 6.2 35.0706
      vertex 224.85 12.7 34.9722
      vertex 224.85 6.2 34.9722
    endloop
  endfacet
  facet normal -0.443245 0 -0.8964
    outer loop
      vertex 224.85 12.7 34.9722
      vertex 224.651 6.2 35.0706
      vertex 224.651 12.7 35.0706
    endloop
  endfacet
  facet normal 0.659714 0 0.751516
    outer loop
      vertex 222.798 12.7 32.2979
      vertex 222.965 6.2 32.1513
      vertex 222.965 12.7 32.1513
    endloop
  endfacet
  facet normal 0.659714 0 0.751516
    outer loop
      vertex 222.965 6.2 32.1513
      vertex 222.798 12.7 32.2979
      vertex 222.798 6.2 32.2979
    endloop
  endfacet
  facet normal 0.751016 -0 0.660284
    outer loop
      vertex 222.651 6.2 32.4651
      vertex 222.798 12.7 32.2979
      vertex 222.651 12.7 32.4651
    endloop
  endfacet
  facet normal 0.751016 0 0.660284
    outer loop
      vertex 222.798 12.7 32.2979
      vertex 222.651 6.2 32.4651
      vertex 222.798 6.2 32.2979
    endloop
  endfacet
  facet normal 0.832604 -0 0.553869
    outer loop
      vertex 222.528 6.2 32.65
      vertex 222.651 12.7 32.4651
      vertex 222.528 12.7 32.65
    endloop
  endfacet
  facet normal 0.832604 0 0.553869
    outer loop
      vertex 222.651 12.7 32.4651
      vertex 222.528 6.2 32.65
      vertex 222.651 6.2 32.4651
    endloop
  endfacet
  facet normal -0.832604 0 -0.553869
    outer loop
      vertex 225.472 6.2 34.35
      vertex 225.349 12.7 34.5349
      vertex 225.472 12.7 34.35
    endloop
  endfacet
  facet normal -0.832604 -0 -0.553869
    outer loop
      vertex 225.349 12.7 34.5349
      vertex 225.472 6.2 34.35
      vertex 225.349 6.2 34.5349
    endloop
  endfacet
  facet normal -0.195251 0 0.980753
    outer loop
      vertex 224.222 12.7 31.8145
      vertex 224.44 6.2 31.8579
      vertex 224.44 12.7 31.8579
    endloop
  endfacet
  facet normal -0.195251 0 0.980753
    outer loop
      vertex 224.44 6.2 31.8579
      vertex 224.222 12.7 31.8145
      vertex 224.222 6.2 31.8145
    endloop
  endfacet
  facet normal -0.981113 0 0.193434
    outer loop
      vertex 225.642 6.2 33.06
      vertex 225.685 12.7 33.2781
      vertex 225.642 12.7 33.06
    endloop
  endfacet
  facet normal -0.981113 0 0.193434
    outer loop
      vertex 225.685 12.7 33.2781
      vertex 225.642 6.2 33.06
      vertex 225.685 6.2 33.2781
    endloop
  endfacet
  facet normal 0.947598 -0 0.319466
    outer loop
      vertex 222.358 6.2 33.06
      vertex 222.429 12.7 32.8494
      vertex 222.358 12.7 33.06
    endloop
  endfacet
  facet normal 0.947598 0 0.319466
    outer loop
      vertex 222.429 12.7 32.8494
      vertex 222.358 6.2 33.06
      vertex 222.429 6.2 32.8494
    endloop
  endfacet
  facet normal -0.443245 0 0.8964
    outer loop
      vertex 224.651 12.7 31.9294
      vertex 224.85 6.2 32.0278
      vertex 224.85 12.7 32.0278
    endloop
  endfacet
  facet normal -0.443245 0 0.8964
    outer loop
      vertex 224.85 6.2 32.0278
      vertex 224.651 12.7 31.9294
      vertex 224.651 6.2 31.9294
    endloop
  endfacet
  facet normal -0.0651764 0 -0.997874
    outer loop
      vertex 224 6.2 35.2
      vertex 224.222 12.7 35.1855
      vertex 224.222 6.2 35.1855
    endloop
  endfacet
  facet normal -0.0651764 0 -0.997874
    outer loop
      vertex 224.222 12.7 35.1855
      vertex 224 6.2 35.2
      vertex 224 12.7 35.2
    endloop
  endfacet
  facet normal 0.320937 0 -0.947101
    outer loop
      vertex 223.349 6.2 35.0706
      vertex 223.56 12.7 35.1421
      vertex 223.56 6.2 35.1421
    endloop
  endfacet
  facet normal 0.320937 0 -0.947101
    outer loop
      vertex 223.56 12.7 35.1421
      vertex 223.349 6.2 35.0706
      vertex 223.349 12.7 35.0706
    endloop
  endfacet
  facet normal 0 1 0
    outer loop
      vertex 224.222 6.2 35.1855
      vertex 223.778 6.2 35.1855
      vertex 224 6.2 35.2
    endloop
  endfacet
  facet normal 0 1 0
    outer loop
      vertex 224.44 6.2 35.1421
      vertex 223.778 6.2 35.1855
      vertex 224.222 6.2 35.1855
    endloop
  endfacet
  facet normal 0 1 0
    outer loop
      vertex 224.44 6.2 35.1421
      vertex 223.56 6.2 35.1421
      vertex 223.778 6.2 35.1855
    endloop
  endfacet
  facet normal 0 1 0
    outer loop
      vertex 224.651 6.2 35.0706
      vertex 223.56 6.2 35.1421
      vertex 224.44 6.2 35.1421
    endloop
  endfacet
  facet normal 0 1 0
    outer loop
      vertex 224.651 6.2 35.0706
      vertex 223.349 6.2 35.0706
      vertex 223.56 6.2 35.1421
    endloop
  endfacet
  facet normal 0 1 0
    outer loop
      vertex 224.85 6.2 34.9722
      vertex 223.349 6.2 35.0706
      vertex 224.651 6.2 35.0706
    endloop
  endfacet
  facet normal 0 1 0
    outer loop
      vertex 224.85 6.2 34.9722
      vertex 223.15 6.2 34.9722
      vertex 223.349 6.2 35.0706
    endloop
  endfacet
  facet normal 0 1 0
    outer loop
      vertex 225.035 6.2 34.8487
      vertex 223.15 6.2 34.9722
      vertex 224.85 6.2 34.9722
    endloop
  endfacet
  facet normal 0 1 0
    outer loop
      vertex 225.035 6.2 34.8487
      vertex 222.965 6.2 34.8487
      vertex 223.15 6.2 34.9722
    endloop
  endfacet
  facet normal 0 1 0
    outer loop
      vertex 225.202 6.2 34.7021
      vertex 222.965 6.2 34.8487
      vertex 225.035 6.2 34.8487
    endloop
  endfacet
  facet normal 0 1 0
    outer loop
      vertex 225.202 6.2 34.7021
      vertex 222.798 6.2 34.7021
      vertex 222.965 6.2 34.8487
    endloop
  endfacet
  facet normal 0 1 0
    outer loop
      vertex 225.349 6.2 34.5349
      vertex 222.798 6.2 34.7021
      vertex 225.202 6.2 34.7021
    endloop
  endfacet
  facet normal 0 1 0
    outer loop
      vertex 225.349 6.2 34.5349
      vertex 222.651 6.2 34.5349
      vertex 222.798 6.2 34.7021
    endloop
  endfacet
  facet normal 0 1 0
    outer loop
      vertex 225.472 6.2 34.35
      vertex 222.651 6.2 34.5349
      vertex 225.349 6.2 34.5349
    endloop
  endfacet
  facet normal 0 1 0
    outer loop
      vertex 225.472 6.2 34.35
      vertex 222.528 6.2 34.35
      vertex 222.651 6.2 34.5349
    endloop
  endfacet
  facet normal 0 1 0
    outer loop
      vertex 225.571 6.2 34.1506
      vertex 222.528 6.2 34.35
      vertex 225.472 6.2 34.35
    endloop
  endfacet
  facet normal 0 1 0
    outer loop
      vertex 225.571 6.2 34.1506
      vertex 222.429 6.2 34.1506
      vertex 222.528 6.2 34.35
    endloop
  endfacet
  facet normal 0 1 0
    outer loop
      vertex 225.642 6.2 33.94
      vertex 222.429 6.2 34.1506
      vertex 225.571 6.2 34.1506
    endloop
  endfacet
  facet normal 0 1 0
    outer loop
      vertex 225.642 6.2 33.94
      vertex 222.358 6.2 33.94
      vertex 222.429 6.2 34.1506
    endloop
  endfacet
  facet normal 0 1 0
    outer loop
      vertex 225.685 6.2 33.7219
      vertex 222.358 6.2 33.94
      vertex 225.642 6.2 33.94
    endloop
  endfacet
  facet normal 0 1 0
    outer loop
      vertex 225.685 6.2 33.7219
      vertex 222.315 6.2 33.7219
      vertex 222.358 6.2 33.94
    endloop
  endfacet
  facet normal 0 1 0
    outer loop
      vertex 225.7 6.2 33.5
      vertex 222.315 6.2 33.7219
      vertex 225.685 6.2 33.7219
    endloop
  endfacet
  facet normal 0 1 0
    outer loop
      vertex 225.7 6.2 33.5
      vertex 222.3 6.2 33.5
      vertex 222.315 6.2 33.7219
    endloop
  endfacet
  facet normal 0 1 -0
    outer loop
      vertex 225.685 6.2 33.2781
      vertex 222.3 6.2 33.5
      vertex 225.7 6.2 33.5
    endloop
  endfacet
  facet normal 0 1 0
    outer loop
      vertex 225.685 6.2 33.2781
      vertex 222.315 6.2 33.2781
      vertex 222.3 6.2 33.5
    endloop
  endfacet
  facet normal 0 1 -0
    outer loop
      vertex 225.642 6.2 33.06
      vertex 222.315 6.2 33.2781
      vertex 225.685 6.2 33.2781
    endloop
  endfacet
  facet normal 0 1 0
    outer loop
      vertex 225.642 6.2 33.06
      vertex 222.358 6.2 33.06
      vertex 222.315 6.2 33.2781
    endloop
  endfacet
  facet normal 0 1 -0
    outer loop
      vertex 225.571 6.2 32.8494
      vertex 222.358 6.2 33.06
      vertex 225.642 6.2 33.06
    endloop
  endfacet
  facet normal 0 1 0
    outer loop
      vertex 225.571 6.2 32.8494
      vertex 222.429 6.2 32.8494
      vertex 222.358 6.2 33.06
    endloop
  endfacet
  facet normal 0 1 -0
    outer loop
      vertex 225.472 6.2 32.65
      vertex 222.429 6.2 32.8494
      vertex 225.571 6.2 32.8494
    endloop
  endfacet
  facet normal 0 1 0
    outer loop
      vertex 225.472 6.2 32.65
      vertex 222.528 6.2 32.65
      vertex 222.429 6.2 32.8494
    endloop
  endfacet
  facet normal 0 1 -0
    outer loop
      vertex 225.349 6.2 32.4651
      vertex 222.528 6.2 32.65
      vertex 225.472 6.2 32.65
    endloop
  endfacet
  facet normal 0 1 0
    outer loop
      vertex 225.349 6.2 32.4651
      vertex 222.651 6.2 32.4651
      vertex 222.528 6.2 32.65
    endloop
  endfacet
  facet normal 0 1 -0
    outer loop
      vertex 225.202 6.2 32.2979
      vertex 222.651 6.2 32.4651
      vertex 225.349 6.2 32.4651
    endloop
  endfacet
  facet normal 0 1 0
    outer loop
      vertex 225.202 6.2 32.2979
      vertex 222.798 6.2 32.2979
      vertex 222.651 6.2 32.4651
    endloop
  endfacet
  facet normal 0 1 -0
    outer loop
      vertex 225.035 6.2 32.1513
      vertex 222.798 6.2 32.2979
      vertex 225.202 6.2 32.2979
    endloop
  endfacet
  facet normal 0 1 0
    outer loop
      vertex 225.035 6.2 32.1513
      vertex 222.965 6.2 32.1513
      vertex 222.798 6.2 32.2979
    endloop
  endfacet
  facet normal 0 1 -0
    outer loop
      vertex 224.85 6.2 32.0278
      vertex 222.965 6.2 32.1513
      vertex 225.035 6.2 32.1513
    endloop
  endfacet
  facet normal 0 1 0
    outer loop
      vertex 224.85 6.2 32.0278
      vertex 223.15 6.2 32.0278
      vertex 222.965 6.2 32.1513
    endloop
  endfacet
  facet normal 0 1 -0
    outer loop
      vertex 224.651 6.2 31.9294
      vertex 223.15 6.2 32.0278
      vertex 224.85 6.2 32.0278
    endloop
  endfacet
  facet normal 0 1 0
    outer loop
      vertex 224.651 6.2 31.9294
      vertex 223.349 6.2 31.9294
      vertex 223.15 6.2 32.0278
    endloop
  endfacet
  facet normal 0 1 -0
    outer loop
      vertex 224.44 6.2 31.8579
      vertex 223.349 6.2 31.9294
      vertex 224.651 6.2 31.9294
    endloop
  endfacet
  facet normal 0 1 0
    outer loop
      vertex 224.44 6.2 31.8579
      vertex 223.56 6.2 31.8579
      vertex 223.349 6.2 31.9294
    endloop
  endfacet
  facet normal 0 1 -0
    outer loop
      vertex 224.222 6.2 31.8145
      vertex 223.56 6.2 31.8579
      vertex 224.44 6.2 31.8579
    endloop
  endfacet
  facet normal 0 1 0
    outer loop
      vertex 224.222 6.2 31.8145
      vertex 223.778 6.2 31.8145
      vertex 223.56 6.2 31.8579
    endloop
  endfacet
  facet normal -0 1 0
    outer loop
      vertex 223.778 6.2 31.8145
      vertex 224.222 6.2 31.8145
      vertex 224 6.2 31.8
    endloop
  endfacet
  facet normal 0.195251 0 -0.980753
    outer loop
      vertex 223.56 6.2 35.1421
      vertex 223.778 12.7 35.1855
      vertex 223.778 6.2 35.1855
    endloop
  endfacet
  facet normal 0.195251 0 -0.980753
    outer loop
      vertex 223.778 12.7 35.1855
      vertex 223.56 6.2 35.1421
      vertex 223.56 12.7 35.1421
    endloop
  endfacet
  facet normal -0.895681 0 -0.444696
    outer loop
      vertex 225.571 6.2 34.1506
      vertex 225.472 12.7 34.35
      vertex 225.571 12.7 34.1506
    endloop
  endfacet
  facet normal -0.895681 -0 -0.444696
    outer loop
      vertex 225.472 12.7 34.35
      vertex 225.571 6.2 34.1506
      vertex 225.472 6.2 34.35
    endloop
  endfacet
  facet normal -0.997723 0 0.0674441
    outer loop
      vertex 225.685 6.2 33.2781
      vertex 225.7 12.7 33.5
      vertex 225.685 12.7 33.2781
    endloop
  endfacet
  facet normal -0.997723 0 0.0674441
    outer loop
      vertex 225.7 12.7 33.5
      vertex 225.685 6.2 33.2781
      vertex 225.7 6.2 33.5
    endloop
  endfacet
  facet normal -0.0651764 0 0.997874
    outer loop
      vertex 224 12.7 31.8
      vertex 224.222 6.2 31.8145
      vertex 224.222 12.7 31.8145
    endloop
  endfacet
  facet normal -0.0651764 0 0.997874
    outer loop
      vertex 224.222 6.2 31.8145
      vertex 224 12.7 31.8
      vertex 224 6.2 31.8
    endloop
  endfacet
  facet normal -0.751016 0 -0.660284
    outer loop
      vertex 225.349 6.2 34.5349
      vertex 225.202 12.7 34.7021
      vertex 225.349 12.7 34.5349
    endloop
  endfacet
  facet normal -0.751016 -0 -0.660284
    outer loop
      vertex 225.202 12.7 34.7021
      vertex 225.349 6.2 34.5349
      vertex 225.202 6.2 34.7021
    endloop
  endfacet
  facet normal 0.997723 -0 0.0674441
    outer loop
      vertex 222.3 6.2 33.5
      vertex 222.315 12.7 33.2781
      vertex 222.3 12.7 33.5
    endloop
  endfacet
  facet normal 0.997723 0 0.0674441
    outer loop
      vertex 222.315 12.7 33.2781
      vertex 222.3 6.2 33.5
      vertex 222.315 6.2 33.2781
    endloop
  endfacet
  facet normal -0.751016 0 0.660284
    outer loop
      vertex 225.202 6.2 32.2979
      vertex 225.349 12.7 32.4651
      vertex 225.202 12.7 32.2979
    endloop
  endfacet
  facet normal -0.751016 0 0.660284
    outer loop
      vertex 225.349 12.7 32.4651
      vertex 225.202 6.2 32.2979
      vertex 225.349 6.2 32.4651
    endloop
  endfacet
  facet normal 0.751016 0 -0.660284
    outer loop
      vertex 222.798 6.2 34.7021
      vertex 222.651 12.7 34.5349
      vertex 222.798 12.7 34.7021
    endloop
  endfacet
  facet normal 0.751016 0 -0.660284
    outer loop
      vertex 222.651 12.7 34.5349
      vertex 222.798 6.2 34.7021
      vertex 222.651 6.2 34.5349
    endloop
  endfacet
  facet normal 0.832604 0 -0.553869
    outer loop
      vertex 222.651 6.2 34.5349
      vertex 222.528 12.7 34.35
      vertex 222.651 12.7 34.5349
    endloop
  endfacet
  facet normal 0.832604 0 -0.553869
    outer loop
      vertex 222.528 12.7 34.35
      vertex 222.651 6.2 34.5349
      vertex 222.528 6.2 34.35
    endloop
  endfacet
  facet normal 0.0651764 0 -0.997874
    outer loop
      vertex 223.778 6.2 35.1855
      vertex 224 12.7 35.2
      vertex 224 6.2 35.2
    endloop
  endfacet
  facet normal 0.0651764 0 -0.997874
    outer loop
      vertex 224 12.7 35.2
      vertex 223.778 6.2 35.1855
      vertex 223.778 12.7 35.1855
    endloop
  endfacet
  facet normal 0.981113 -0 0.193434
    outer loop
      vertex 222.315 6.2 33.2781
      vertex 222.358 12.7 33.06
      vertex 222.315 12.7 33.2781
    endloop
  endfacet
  facet normal 0.981113 0 0.193434
    outer loop
      vertex 222.358 12.7 33.06
      vertex 222.315 6.2 33.2781
      vertex 222.358 6.2 33.06
    endloop
  endfacet
  facet normal 0.320937 0 0.947101
    outer loop
      vertex 223.349 12.7 31.9294
      vertex 223.56 6.2 31.8579
      vertex 223.56 12.7 31.8579
    endloop
  endfacet
  facet normal 0.320937 0 0.947101
    outer loop
      vertex 223.56 6.2 31.8579
      vertex 223.349 12.7 31.9294
      vertex 223.349 6.2 31.9294
    endloop
  endfacet
  facet normal -0.947598 0 -0.319466
    outer loop
      vertex 225.642 6.2 33.94
      vertex 225.571 12.7 34.1506
      vertex 225.642 12.7 33.94
    endloop
  endfacet
  facet normal -0.947598 -0 -0.319466
    outer loop
      vertex 225.571 12.7 34.1506
      vertex 225.642 6.2 33.94
      vertex 225.571 6.2 34.1506
    endloop
  endfacet
  facet normal 0.443245 0 0.8964
    outer loop
      vertex 223.15 12.7 32.0278
      vertex 223.349 6.2 31.9294
      vertex 223.349 12.7 31.9294
    endloop
  endfacet
  facet normal 0.443245 0 0.8964
    outer loop
      vertex 223.349 6.2 31.9294
      vertex 223.15 12.7 32.0278
      vertex 223.15 6.2 32.0278
    endloop
  endfacet
  facet normal 0.555219 0 0.831704
    outer loop
      vertex 222.965 12.7 32.1513
      vertex 223.15 6.2 32.0278
      vertex 223.15 12.7 32.0278
    endloop
  endfacet
  facet normal 0.555219 0 0.831704
    outer loop
      vertex 223.15 6.2 32.0278
      vertex 222.965 12.7 32.1513
      vertex 222.965 6.2 32.1513
    endloop
  endfacet
  facet normal 0.0651764 0 0.997874
    outer loop
      vertex 223.778 12.7 31.8145
      vertex 224 6.2 31.8
      vertex 224 12.7 31.8
    endloop
  endfacet
  facet normal 0.0651764 0 0.997874
    outer loop
      vertex 224 6.2 31.8
      vertex 223.778 12.7 31.8145
      vertex 223.778 6.2 31.8145
    endloop
  endfacet
  facet normal 0.195251 0 0.980753
    outer loop
      vertex 223.56 12.7 31.8579
      vertex 223.778 6.2 31.8145
      vertex 223.778 12.7 31.8145
    endloop
  endfacet
  facet normal 0.195251 0 0.980753
    outer loop
      vertex 223.778 6.2 31.8145
      vertex 223.56 12.7 31.8579
      vertex 223.56 6.2 31.8579
    endloop
  endfacet
  facet normal 0.895681 0 -0.444696
    outer loop
      vertex 222.528 6.2 34.35
      vertex 222.429 12.7 34.1506
      vertex 222.528 12.7 34.35
    endloop
  endfacet
  facet normal 0.895681 0 -0.444696
    outer loop
      vertex 222.429 12.7 34.1506
      vertex 222.528 6.2 34.35
      vertex 222.429 6.2 34.1506
    endloop
  endfacet
  facet normal 0.895681 -0 0.444696
    outer loop
      vertex 222.429 6.2 32.8494
      vertex 222.528 12.7 32.65
      vertex 222.429 12.7 32.8494
    endloop
  endfacet
  facet normal 0.895681 0 0.444696
    outer loop
      vertex 222.528 12.7 32.65
      vertex 222.429 6.2 32.8494
      vertex 222.528 6.2 32.65
    endloop
  endfacet
  facet normal 0.997723 0 -0.0674441
    outer loop
      vertex 222.315 6.2 33.7219
      vertex 222.3 12.7 33.5
      vertex 222.315 12.7 33.7219
    endloop
  endfacet
  facet normal 0.997723 0 -0.0674441
    outer loop
      vertex 222.3 12.7 33.5
      vertex 222.315 6.2 33.7219
      vertex 222.3 6.2 33.5
    endloop
  endfacet
  facet normal 0.981113 0 -0.193434
    outer loop
      vertex 222.358 6.2 33.94
      vertex 222.315 12.7 33.7219
      vertex 222.358 12.7 33.94
    endloop
  endfacet
  facet normal 0.981113 0 -0.193434
    outer loop
      vertex 222.315 12.7 33.7219
      vertex 222.358 6.2 33.94
      vertex 222.315 6.2 33.7219
    endloop
  endfacet
  facet normal 0.947598 0 -0.319466
    outer loop
      vertex 222.429 6.2 34.1506
      vertex 222.358 12.7 33.94
      vertex 222.429 12.7 34.1506
    endloop
  endfacet
  facet normal 0.947598 0 -0.319466
    outer loop
      vertex 222.358 12.7 33.94
      vertex 222.429 6.2 34.1506
      vertex 222.358 6.2 33.94
    endloop
  endfacet
  facet normal -0.659714 0 0.751516
    outer loop
      vertex 225.035 12.7 32.1513
      vertex 225.202 6.2 32.2979
      vertex 225.202 12.7 32.2979
    endloop
  endfacet
  facet normal -0.659714 0 0.751516
    outer loop
      vertex 225.202 6.2 32.2979
      vertex 225.035 12.7 32.1513
      vertex 225.035 6.2 32.1513
    endloop
  endfacet
  facet normal -0.981113 0 -0.193434
    outer loop
      vertex 225.685 6.2 51.7219
      vertex 225.642 12.7 51.94
      vertex 225.685 12.7 51.7219
    endloop
  endfacet
  facet normal -0.981113 -0 -0.193434
    outer loop
      vertex 225.642 12.7 51.94
      vertex 225.685 6.2 51.7219
      vertex 225.642 6.2 51.94
    endloop
  endfacet
  facet normal -0.997723 0 -0.0674441
    outer loop
      vertex 225.7 6.2 51.5
      vertex 225.685 12.7 51.7219
      vertex 225.7 12.7 51.5
    endloop
  endfacet
  facet normal -0.997723 -0 -0.0674441
    outer loop
      vertex 225.685 12.7 51.7219
      vertex 225.7 6.2 51.5
      vertex 225.685 6.2 51.7219
    endloop
  endfacet
  facet normal 0.443245 0 -0.8964
    outer loop
      vertex 223.15 6.2 52.9722
      vertex 223.349 12.7 53.0706
      vertex 223.349 6.2 53.0706
    endloop
  endfacet
  facet normal 0.443245 0 -0.8964
    outer loop
      vertex 223.349 12.7 53.0706
      vertex 223.15 6.2 52.9722
      vertex 223.15 12.7 52.9722
    endloop
  endfacet
  facet normal -0.555219 0 -0.831704
    outer loop
      vertex 224.85 6.2 52.9722
      vertex 225.035 12.7 52.8487
      vertex 225.035 6.2 52.8487
    endloop
  endfacet
  facet normal -0.555219 0 -0.831704
    outer loop
      vertex 225.035 12.7 52.8487
      vertex 224.85 6.2 52.9722
      vertex 224.85 12.7 52.9722
    endloop
  endfacet
  facet normal 0.659714 0 -0.751516
    outer loop
      vertex 222.798 6.2 52.7021
      vertex 222.965 12.7 52.8487
      vertex 222.965 6.2 52.8487
    endloop
  endfacet
  facet normal 0.659714 0 -0.751516
    outer loop
      vertex 222.965 12.7 52.8487
      vertex 222.798 6.2 52.7021
      vertex 222.798 12.7 52.7021
    endloop
  endfacet
  facet normal -0.320937 0 0.947101
    outer loop
      vertex 224.44 12.7 49.8579
      vertex 224.651 6.2 49.9294
      vertex 224.651 12.7 49.9294
    endloop
  endfacet
  facet normal -0.320937 0 0.947101
    outer loop
      vertex 224.651 6.2 49.9294
      vertex 224.44 12.7 49.8579
      vertex 224.44 6.2 49.8579
    endloop
  endfacet
  facet normal -0.832604 0 0.553869
    outer loop
      vertex 225.349 6.2 50.4651
      vertex 225.472 12.7 50.65
      vertex 225.349 12.7 50.4651
    endloop
  endfacet
  facet normal -0.832604 0 0.553869
    outer loop
      vertex 225.472 12.7 50.65
      vertex 225.349 6.2 50.4651
      vertex 225.472 6.2 50.65
    endloop
  endfacet
  facet normal -0.947598 0 0.319466
    outer loop
      vertex 225.571 6.2 50.8494
      vertex 225.642 12.7 51.06
      vertex 225.571 12.7 50.8494
    endloop
  endfacet
  facet normal -0.947598 0 0.319466
    outer loop
      vertex 225.642 12.7 51.06
      vertex 225.571 6.2 50.8494
      vertex 225.642 6.2 51.06
    endloop
  endfacet
  facet normal -0.320937 0 -0.947101
    outer loop
      vertex 224.44 6.2 53.1421
      vertex 224.651 12.7 53.0706
      vertex 224.651 6.2 53.0706
    endloop
  endfacet
  facet normal -0.320937 0 -0.947101
    outer loop
      vertex 224.651 12.7 53.0706
      vertex 224.44 6.2 53.1421
      vertex 224.44 12.7 53.1421
    endloop
  endfacet
  facet normal -0.195251 0 -0.980753
    outer loop
      vertex 224.222 6.2 53.1855
      vertex 224.44 12.7 53.1421
      vertex 224.44 6.2 53.1421
    endloop
  endfacet
  facet normal -0.195251 0 -0.980753
    outer loop
      vertex 224.44 12.7 53.1421
      vertex 224.222 6.2 53.1855
      vertex 224.222 12.7 53.1855
    endloop
  endfacet
  facet normal 0.555219 0 -0.831704
    outer loop
      vertex 222.965 6.2 52.8487
      vertex 223.15 12.7 52.9722
      vertex 223.15 6.2 52.9722
    endloop
  endfacet
  facet normal 0.555219 0 -0.831704
    outer loop
      vertex 223.15 12.7 52.9722
      vertex 222.965 6.2 52.8487
      vertex 222.965 12.7 52.8487
    endloop
  endfacet
  facet normal -0.895681 0 0.444696
    outer loop
      vertex 225.472 6.2 50.65
      vertex 225.571 12.7 50.8494
      vertex 225.472 12.7 50.65
    endloop
  endfacet
  facet normal -0.895681 0 0.444696
    outer loop
      vertex 225.571 12.7 50.8494
      vertex 225.472 6.2 50.65
      vertex 225.571 6.2 50.8494
    endloop
  endfacet
  facet normal -0.659714 0 -0.751516
    outer loop
      vertex 225.035 6.2 52.8487
      vertex 225.202 12.7 52.7021
      vertex 225.202 6.2 52.7021
    endloop
  endfacet
  facet normal -0.659714 0 -0.751516
    outer loop
      vertex 225.202 12.7 52.7021
      vertex 225.035 6.2 52.8487
      vertex 225.035 12.7 52.8487
    endloop
  endfacet
  facet normal -0.555219 0 0.831704
    outer loop
      vertex 224.85 12.7 50.0278
      vertex 225.035 6.2 50.1513
      vertex 225.035 12.7 50.1513
    endloop
  endfacet
  facet normal -0.555219 0 0.831704
    outer loop
      vertex 225.035 6.2 50.1513
      vertex 224.85 12.7 50.0278
      vertex 224.85 6.2 50.0278
    endloop
  endfacet
  facet normal -0.443245 0 -0.8964
    outer loop
      vertex 224.651 6.2 53.0706
      vertex 224.85 12.7 52.9722
      vertex 224.85 6.2 52.9722
    endloop
  endfacet
  facet normal -0.443245 0 -0.8964
    outer loop
      vertex 224.85 12.7 52.9722
      vertex 224.651 6.2 53.0706
      vertex 224.651 12.7 53.0706
    endloop
  endfacet
  facet normal 0.659714 0 0.751516
    outer loop
      vertex 222.798 12.7 50.2979
      vertex 222.965 6.2 50.1513
      vertex 222.965 12.7 50.1513
    endloop
  endfacet
  facet normal 0.659714 0 0.751516
    outer loop
      vertex 222.965 6.2 50.1513
      vertex 222.798 12.7 50.2979
      vertex 222.798 6.2 50.2979
    endloop
  endfacet
  facet normal 0.751016 -0 0.660284
    outer loop
      vertex 222.651 6.2 50.4651
      vertex 222.798 12.7 50.2979
      vertex 222.651 12.7 50.4651
    endloop
  endfacet
  facet normal 0.751016 0 0.660284
    outer loop
      vertex 222.798 12.7 50.2979
      vertex 222.651 6.2 50.4651
      vertex 222.798 6.2 50.2979
    endloop
  endfacet
  facet normal 0.832604 -0 0.553869
    outer loop
      vertex 222.528 6.2 50.65
      vertex 222.651 12.7 50.4651
      vertex 222.528 12.7 50.65
    endloop
  endfacet
  facet normal 0.832604 0 0.553869
    outer loop
      vertex 222.651 12.7 50.4651
      vertex 222.528 6.2 50.65
      vertex 222.651 6.2 50.4651
    endloop
  endfacet
  facet normal -0.832604 0 -0.553869
    outer loop
      vertex 225.472 6.2 52.35
      vertex 225.349 12.7 52.5349
      vertex 225.472 12.7 52.35
    endloop
  endfacet
  facet normal -0.832604 -0 -0.553869
    outer loop
      vertex 225.349 12.7 52.5349
      vertex 225.472 6.2 52.35
      vertex 225.349 6.2 52.5349
    endloop
  endfacet
  facet normal -0.195251 0 0.980753
    outer loop
      vertex 224.222 12.7 49.8145
      vertex 224.44 6.2 49.8579
      vertex 224.44 12.7 49.8579
    endloop
  endfacet
  facet normal -0.195251 0 0.980753
    outer loop
      vertex 224.44 6.2 49.8579
      vertex 224.222 12.7 49.8145
      vertex 224.222 6.2 49.8145
    endloop
  endfacet
  facet normal -0.981113 0 0.193434
    outer loop
      vertex 225.642 6.2 51.06
      vertex 225.685 12.7 51.2781
      vertex 225.642 12.7 51.06
    endloop
  endfacet
  facet normal -0.981113 0 0.193434
    outer loop
      vertex 225.685 12.7 51.2781
      vertex 225.642 6.2 51.06
      vertex 225.685 6.2 51.2781
    endloop
  endfacet
  facet normal 0.947598 -0 0.319466
    outer loop
      vertex 222.358 6.2 51.06
      vertex 222.429 12.7 50.8494
      vertex 222.358 12.7 51.06
    endloop
  endfacet
  facet normal 0.947598 0 0.319466
    outer loop
      vertex 222.429 12.7 50.8494
      vertex 222.358 6.2 51.06
      vertex 222.429 6.2 50.8494
    endloop
  endfacet
  facet normal -0.443245 0 0.8964
    outer loop
      vertex 224.651 12.7 49.9294
      vertex 224.85 6.2 50.0278
      vertex 224.85 12.7 50.0278
    endloop
  endfacet
  facet normal -0.443245 0 0.8964
    outer loop
      vertex 224.85 6.2 50.0278
      vertex 224.651 12.7 49.9294
      vertex 224.651 6.2 49.9294
    endloop
  endfacet
  facet normal -0.0651764 0 -0.997874
    outer loop
      vertex 224 6.2 53.2
      vertex 224.222 12.7 53.1855
      vertex 224.222 6.2 53.1855
    endloop
  endfacet
  facet normal -0.0651764 0 -0.997874
    outer loop
      vertex 224.222 12.7 53.1855
      vertex 224 6.2 53.2
      vertex 224 12.7 53.2
    endloop
  endfacet
  facet normal 0.320937 0 -0.947101
    outer loop
      vertex 223.349 6.2 53.0706
      vertex 223.56 12.7 53.1421
      vertex 223.56 6.2 53.1421
    endloop
  endfacet
  facet normal 0.320937 0 -0.947101
    outer loop
      vertex 223.56 12.7 53.1421
      vertex 223.349 6.2 53.0706
      vertex 223.349 12.7 53.0706
    endloop
  endfacet
  facet normal 0 1 0
    outer loop
      vertex 224.222 6.2 53.1855
      vertex 223.778 6.2 53.1855
      vertex 224 6.2 53.2
    endloop
  endfacet
  facet normal 0 1 0
    outer loop
      vertex 224.44 6.2 53.1421
      vertex 223.778 6.2 53.1855
      vertex 224.222 6.2 53.1855
    endloop
  endfacet
  facet normal 0 1 0
    outer loop
      vertex 224.44 6.2 53.1421
      vertex 223.56 6.2 53.1421
      vertex 223.778 6.2 53.1855
    endloop
  endfacet
  facet normal 0 1 0
    outer loop
      vertex 224.651 6.2 53.0706
      vertex 223.56 6.2 53.1421
      vertex 224.44 6.2 53.1421
    endloop
  endfacet
  facet normal 0 1 0
    outer loop
      vertex 224.651 6.2 53.0706
      vertex 223.349 6.2 53.0706
      vertex 223.56 6.2 53.1421
    endloop
  endfacet
  facet normal 0 1 0
    outer loop
      vertex 224.85 6.2 52.9722
      vertex 223.349 6.2 53.0706
      vertex 224.651 6.2 53.0706
    endloop
  endfacet
  facet normal 0 1 0
    outer loop
      vertex 224.85 6.2 52.9722
      vertex 223.15 6.2 52.9722
      vertex 223.349 6.2 53.0706
    endloop
  endfacet
  facet normal 0 1 0
    outer loop
      vertex 225.035 6.2 52.8487
      vertex 223.15 6.2 52.9722
      vertex 224.85 6.2 52.9722
    endloop
  endfacet
  facet normal 0 1 0
    outer loop
      vertex 225.035 6.2 52.8487
      vertex 222.965 6.2 52.8487
      vertex 223.15 6.2 52.9722
    endloop
  endfacet
  facet normal 0 1 0
    outer loop
      vertex 225.202 6.2 52.7021
      vertex 222.965 6.2 52.8487
      vertex 225.035 6.2 52.8487
    endloop
  endfacet
  facet normal 0 1 0
    outer loop
      vertex 225.202 6.2 52.7021
      vertex 222.798 6.2 52.7021
      vertex 222.965 6.2 52.8487
    endloop
  endfacet
  facet normal 0 1 0
    outer loop
      vertex 225.349 6.2 52.5349
      vertex 222.798 6.2 52.7021
      vertex 225.202 6.2 52.7021
    endloop
  endfacet
  facet normal 0 1 0
    outer loop
      vertex 225.349 6.2 52.5349
      vertex 222.651 6.2 52.5349
      vertex 222.798 6.2 52.7021
    endloop
  endfacet
  facet normal 0 1 0
    outer loop
      vertex 225.472 6.2 52.35
      vertex 222.651 6.2 52.5349
      vertex 225.349 6.2 52.5349
    endloop
  endfacet
  facet normal 0 1 0
    outer loop
      vertex 225.472 6.2 52.35
      vertex 222.528 6.2 52.35
      vertex 222.651 6.2 52.5349
    endloop
  endfacet
  facet normal 0 1 0
    outer loop
      vertex 225.571 6.2 52.1506
      vertex 222.528 6.2 52.35
      vertex 225.472 6.2 52.35
    endloop
  endfacet
  facet normal 0 1 0
    outer loop
      vertex 225.571 6.2 52.1506
      vertex 222.429 6.2 52.1506
      vertex 222.528 6.2 52.35
    endloop
  endfacet
  facet normal 0 1 0
    outer loop
      vertex 225.642 6.2 51.94
      vertex 222.429 6.2 52.1506
      vertex 225.571 6.2 52.1506
    endloop
  endfacet
  facet normal 0 1 0
    outer loop
      vertex 225.642 6.2 51.94
      vertex 222.358 6.2 51.94
      vertex 222.429 6.2 52.1506
    endloop
  endfacet
  facet normal 0 1 0
    outer loop
      vertex 225.685 6.2 51.7219
      vertex 222.358 6.2 51.94
      vertex 225.642 6.2 51.94
    endloop
  endfacet
  facet normal 0 1 0
    outer loop
      vertex 225.685 6.2 51.7219
      vertex 222.315 6.2 51.7219
      vertex 222.358 6.2 51.94
    endloop
  endfacet
  facet normal 0 1 0
    outer loop
      vertex 225.7 6.2 51.5
      vertex 222.315 6.2 51.7219
      vertex 225.685 6.2 51.7219
    endloop
  endfacet
  facet normal 0 1 0
    outer loop
      vertex 225.7 6.2 51.5
      vertex 222.3 6.2 51.5
      vertex 222.315 6.2 51.7219
    endloop
  endfacet
  facet normal 0 1 -0
    outer loop
      vertex 225.685 6.2 51.2781
      vertex 222.3 6.2 51.5
      vertex 225.7 6.2 51.5
    endloop
  endfacet
  facet normal 0 1 0
    outer loop
      vertex 225.685 6.2 51.2781
      vertex 222.315 6.2 51.2781
      vertex 222.3 6.2 51.5
    endloop
  endfacet
  facet normal 0 1 -0
    outer loop
      vertex 225.642 6.2 51.06
      vertex 222.315 6.2 51.2781
      vertex 225.685 6.2 51.2781
    endloop
  endfacet
  facet normal 0 1 0
    outer loop
      vertex 225.642 6.2 51.06
      vertex 222.358 6.2 51.06
      vertex 222.315 6.2 51.2781
    endloop
  endfacet
  facet normal 0 1 -0
    outer loop
      vertex 225.571 6.2 50.8494
      vertex 222.358 6.2 51.06
      vertex 225.642 6.2 51.06
    endloop
  endfacet
  facet normal 0 1 0
    outer loop
      vertex 225.571 6.2 50.8494
      vertex 222.429 6.2 50.8494
      vertex 222.358 6.2 51.06
    endloop
  endfacet
  facet normal 0 1 -0
    outer loop
      vertex 225.472 6.2 50.65
      vertex 222.429 6.2 50.8494
      vertex 225.571 6.2 50.8494
    endloop
  endfacet
  facet normal 0 1 0
    outer loop
      vertex 225.472 6.2 50.65
      vertex 222.528 6.2 50.65
      vertex 222.429 6.2 50.8494
    endloop
  endfacet
  facet normal 0 1 -0
    outer loop
      vertex 225.349 6.2 50.4651
      vertex 222.528 6.2 50.65
      vertex 225.472 6.2 50.65
    endloop
  endfacet
  facet normal 0 1 0
    outer loop
      vertex 225.349 6.2 50.4651
      vertex 222.651 6.2 50.4651
      vertex 222.528 6.2 50.65
    endloop
  endfacet
  facet normal 0 1 -0
    outer loop
      vertex 225.202 6.2 50.2979
      vertex 222.651 6.2 50.4651
      vertex 225.349 6.2 50.4651
    endloop
  endfacet
  facet normal 0 1 0
    outer loop
      vertex 225.202 6.2 50.2979
      vertex 222.798 6.2 50.2979
      vertex 222.651 6.2 50.4651
    endloop
  endfacet
  facet normal 0 1 -0
    outer loop
      vertex 225.035 6.2 50.1513
      vertex 222.798 6.2 50.2979
      vertex 225.202 6.2 50.2979
    endloop
  endfacet
  facet normal 0 1 0
    outer loop
      vertex 225.035 6.2 50.1513
      vertex 222.965 6.2 50.1513
      vertex 222.798 6.2 50.2979
    endloop
  endfacet
  facet normal 0 1 -0
    outer loop
      vertex 224.85 6.2 50.0278
      vertex 222.965 6.2 50.1513
      vertex 225.035 6.2 50.1513
    endloop
  endfacet
  facet normal 0 1 0
    outer loop
      vertex 224.85 6.2 50.0278
      vertex 223.15 6.2 50.0278
      vertex 222.965 6.2 50.1513
    endloop
  endfacet
  facet normal 0 1 -0
    outer loop
      vertex 224.651 6.2 49.9294
      vertex 223.15 6.2 50.0278
      vertex 224.85 6.2 50.0278
    endloop
  endfacet
  facet normal 0 1 0
    outer loop
      vertex 224.651 6.2 49.9294
      vertex 223.349 6.2 49.9294
      vertex 223.15 6.2 50.0278
    endloop
  endfacet
  facet normal 0 1 -0
    outer loop
      vertex 224.44 6.2 49.8579
      vertex 223.349 6.2 49.9294
      vertex 224.651 6.2 49.9294
    endloop
  endfacet
  facet normal 0 1 0
    outer loop
      vertex 224.44 6.2 49.8579
      vertex 223.56 6.2 49.8579
      vertex 223.349 6.2 49.9294
    endloop
  endfacet
  facet normal 0 1 -0
    outer loop
      vertex 224.222 6.2 49.8145
      vertex 223.56 6.2 49.8579
      vertex 224.44 6.2 49.8579
    endloop
  endfacet
  facet normal 0 1 0
    outer loop
      vertex 224.222 6.2 49.8145
      vertex 223.778 6.2 49.8145
      vertex 223.56 6.2 49.8579
    endloop
  endfacet
  facet normal -0 1 0
    outer loop
      vertex 223.778 6.2 49.8145
      vertex 224.222 6.2 49.8145
      vertex 224 6.2 49.8
    endloop
  endfacet
  facet normal 0.195251 0 -0.980753
    outer loop
      vertex 223.56 6.2 53.1421
      vertex 223.778 12.7 53.1855
      vertex 223.778 6.2 53.1855
    endloop
  endfacet
  facet normal 0.195251 0 -0.980753
    outer loop
      vertex 223.778 12.7 53.1855
      vertex 223.56 6.2 53.1421
      vertex 223.56 12.7 53.1421
    endloop
  endfacet
  facet normal -0.895681 0 -0.444696
    outer loop
      vertex 225.571 6.2 52.1506
      vertex 225.472 12.7 52.35
      vertex 225.571 12.7 52.1506
    endloop
  endfacet
  facet normal -0.895681 -0 -0.444696
    outer loop
      vertex 225.472 12.7 52.35
      vertex 225.571 6.2 52.1506
      vertex 225.472 6.2 52.35
    endloop
  endfacet
  facet normal -0.997723 0 0.0674441
    outer loop
      vertex 225.685 6.2 51.2781
      vertex 225.7 12.7 51.5
      vertex 225.685 12.7 51.2781
    endloop
  endfacet
  facet normal -0.997723 0 0.0674441
    outer loop
      vertex 225.7 12.7 51.5
      vertex 225.685 6.2 51.2781
      vertex 225.7 6.2 51.5
    endloop
  endfacet
  facet normal -0.0651764 0 0.997874
    outer loop
      vertex 224 12.7 49.8
      vertex 224.222 6.2 49.8145
      vertex 224.222 12.7 49.8145
    endloop
  endfacet
  facet normal -0.0651764 0 0.997874
    outer loop
      vertex 224.222 6.2 49.8145
      vertex 224 12.7 49.8
      vertex 224 6.2 49.8
    endloop
  endfacet
  facet normal -0.751016 0 -0.660284
    outer loop
      vertex 225.349 6.2 52.5349
      vertex 225.202 12.7 52.7021
      vertex 225.349 12.7 52.5349
    endloop
  endfacet
  facet normal -0.751016 -0 -0.660284
    outer loop
      vertex 225.202 12.7 52.7021
      vertex 225.349 6.2 52.5349
      vertex 225.202 6.2 52.7021
    endloop
  endfacet
  facet normal 0.997723 -0 0.0674441
    outer loop
      vertex 222.3 6.2 51.5
      vertex 222.315 12.7 51.2781
      vertex 222.3 12.7 51.5
    endloop
  endfacet
  facet normal 0.997723 0 0.0674441
    outer loop
      vertex 222.315 12.7 51.2781
      vertex 222.3 6.2 51.5
      vertex 222.315 6.2 51.2781
    endloop
  endfacet
  facet normal -0.751016 0 0.660284
    outer loop
      vertex 225.202 6.2 50.2979
      vertex 225.349 12.7 50.4651
      vertex 225.202 12.7 50.2979
    endloop
  endfacet
  facet normal -0.751016 0 0.660284
    outer loop
      vertex 225.349 12.7 50.4651
      vertex 225.202 6.2 50.2979
      vertex 225.349 6.2 50.4651
    endloop
  endfacet
  facet normal 0.751016 0 -0.660284
    outer loop
      vertex 222.798 6.2 52.7021
      vertex 222.651 12.7 52.5349
      vertex 222.798 12.7 52.7021
    endloop
  endfacet
  facet normal 0.751016 0 -0.660284
    outer loop
      vertex 222.651 12.7 52.5349
      vertex 222.798 6.2 52.7021
      vertex 222.651 6.2 52.5349
    endloop
  endfacet
  facet normal 0.832604 0 -0.553869
    outer loop
      vertex 222.651 6.2 52.5349
      vertex 222.528 12.7 52.35
      vertex 222.651 12.7 52.5349
    endloop
  endfacet
  facet normal 0.832604 0 -0.553869
    outer loop
      vertex 222.528 12.7 52.35
      vertex 222.651 6.2 52.5349
      vertex 222.528 6.2 52.35
    endloop
  endfacet
  facet normal 0.0651764 0 -0.997874
    outer loop
      vertex 223.778 6.2 53.1855
      vertex 224 12.7 53.2
      vertex 224 6.2 53.2
    endloop
  endfacet
  facet normal 0.0651764 0 -0.997874
    outer loop
      vertex 224 12.7 53.2
      vertex 223.778 6.2 53.1855
      vertex 223.778 12.7 53.1855
    endloop
  endfacet
  facet normal 0.981113 -0 0.193434
    outer loop
      vertex 222.315 6.2 51.2781
      vertex 222.358 12.7 51.06
      vertex 222.315 12.7 51.2781
    endloop
  endfacet
  facet normal 0.981113 0 0.193434
    outer loop
      vertex 222.358 12.7 51.06
      vertex 222.315 6.2 51.2781
      vertex 222.358 6.2 51.06
    endloop
  endfacet
  facet normal 0.320937 0 0.947101
    outer loop
      vertex 223.349 12.7 49.9294
      vertex 223.56 6.2 49.8579
      vertex 223.56 12.7 49.8579
    endloop
  endfacet
  facet normal 0.320937 0 0.947101
    outer loop
      vertex 223.56 6.2 49.8579
      vertex 223.349 12.7 49.9294
      vertex 223.349 6.2 49.9294
    endloop
  endfacet
  facet normal -0.947598 0 -0.319466
    outer loop
      vertex 225.642 6.2 51.94
      vertex 225.571 12.7 52.1506
      vertex 225.642 12.7 51.94
    endloop
  endfacet
  facet normal -0.947598 -0 -0.319466
    outer loop
      vertex 225.571 12.7 52.1506
      vertex 225.642 6.2 51.94
      vertex 225.571 6.2 52.1506
    endloop
  endfacet
  facet normal 0.443245 0 0.8964
    outer loop
      vertex 223.15 12.7 50.0278
      vertex 223.349 6.2 49.9294
      vertex 223.349 12.7 49.9294
    endloop
  endfacet
  facet normal 0.443245 0 0.8964
    outer loop
      vertex 223.349 6.2 49.9294
      vertex 223.15 12.7 50.0278
      vertex 223.15 6.2 50.0278
    endloop
  endfacet
  facet normal 0.555219 0 0.831704
    outer loop
      vertex 222.965 12.7 50.1513
      vertex 223.15 6.2 50.0278
      vertex 223.15 12.7 50.0278
    endloop
  endfacet
  facet normal 0.555219 0 0.831704
    outer loop
      vertex 223.15 6.2 50.0278
      vertex 222.965 12.7 50.1513
      vertex 222.965 6.2 50.1513
    endloop
  endfacet
  facet normal 0.0651764 0 0.997874
    outer loop
      vertex 223.778 12.7 49.8145
      vertex 224 6.2 49.8
      vertex 224 12.7 49.8
    endloop
  endfacet
  facet normal 0.0651764 0 0.997874
    outer loop
      vertex 224 6.2 49.8
      vertex 223.778 12.7 49.8145
      vertex 223.778 6.2 49.8145
    endloop
  endfacet
  facet normal 0.195251 0 0.980753
    outer loop
      vertex 223.56 12.7 49.8579
      vertex 223.778 6.2 49.8145
      vertex 223.778 12.7 49.8145
    endloop
  endfacet
  facet normal 0.195251 0 0.980753
    outer loop
      vertex 223.778 6.2 49.8145
      vertex 223.56 12.7 49.8579
      vertex 223.56 6.2 49.8579
    endloop
  endfacet
  facet normal 0.895681 0 -0.444696
    outer loop
      vertex 222.528 6.2 52.35
      vertex 222.429 12.7 52.1506
      vertex 222.528 12.7 52.35
    endloop
  endfacet
  facet normal 0.895681 0 -0.444696
    outer loop
      vertex 222.429 12.7 52.1506
      vertex 222.528 6.2 52.35
      vertex 222.429 6.2 52.1506
    endloop
  endfacet
  facet normal 0.895681 -0 0.444696
    outer loop
      vertex 222.429 6.2 50.8494
      vertex 222.528 12.7 50.65
      vertex 222.429 12.7 50.8494
    endloop
  endfacet
  facet normal 0.895681 0 0.444696
    outer loop
      vertex 222.528 12.7 50.65
      vertex 222.429 6.2 50.8494
      vertex 222.528 6.2 50.65
    endloop
  endfacet
  facet normal 0.997723 0 -0.0674441
    outer loop
      vertex 222.315 6.2 51.7219
      vertex 222.3 12.7 51.5
      vertex 222.315 12.7 51.7219
    endloop
  endfacet
  facet normal 0.997723 0 -0.0674441
    outer loop
      vertex 222.3 12.7 51.5
      vertex 222.315 6.2 51.7219
      vertex 222.3 6.2 51.5
    endloop
  endfacet
  facet normal 0.981113 0 -0.193434
    outer loop
      vertex 222.358 6.2 51.94
      vertex 222.315 12.7 51.7219
      vertex 222.358 12.7 51.94
    endloop
  endfacet
  facet normal 0.981113 0 -0.193434
    outer loop
      vertex 222.315 12.7 51.7219
      vertex 222.358 6.2 51.94
      vertex 222.315 6.2 51.7219
    endloop
  endfacet
  facet normal 0.947598 0 -0.319466
    outer loop
      vertex 222.429 6.2 52.1506
      vertex 222.358 12.7 51.94
      vertex 222.429 12.7 52.1506
    endloop
  endfacet
  facet normal 0.947598 0 -0.319466
    outer loop
      vertex 222.358 12.7 51.94
      vertex 222.429 6.2 52.1506
      vertex 222.358 6.2 51.94
    endloop
  endfacet
  facet normal -0.659714 0 0.751516
    outer loop
      vertex 225.035 12.7 50.1513
      vertex 225.202 6.2 50.2979
      vertex 225.202 12.7 50.2979
    endloop
  endfacet
  facet normal -0.659714 0 0.751516
    outer loop
      vertex 225.202 6.2 50.2979
      vertex 225.035 12.7 50.1513
      vertex 225.035 6.2 50.1513
    endloop
  endfacet
  facet normal 0.831773 0 -0.555115
    outer loop
      vertex 6.11495 42 138.97
      vertex 5.95144 45 138.725
      vertex 6.11495 45 138.97
    endloop
  endfacet
  facet normal 0.831773 0 -0.555115
    outer loop
      vertex 5.95144 45 138.725
      vertex 6.11495 42 138.97
      vertex 5.95144 42 138.725
    endloop
  endfacet
  facet normal -0.980646 0 -0.195789
    outer loop
      vertex 10.1308 42 137.894
      vertex 10.0733 45 138.182
      vertex 10.1308 45 137.894
    endloop
  endfacet
  facet normal -0.980646 -0 -0.195789
    outer loop
      vertex 10.0733 45 138.182
      vertex 10.1308 42 137.894
      vertex 10.0733 42 138.182
    endloop
  endfacet
  facet normal -0.997874 0 -0.0651673
    outer loop
      vertex 10.15 42 137.6
      vertex 10.1308 45 137.894
      vertex 10.15 45 137.6
    endloop
  endfacet
  facet normal -0.997874 -0 -0.0651673
    outer loop
      vertex 10.1308 45 137.894
      vertex 10.15 42 137.6
      vertex 10.1308 42 137.894
    endloop
  endfacet
  facet normal -0.659236 0 0.751936
    outer loop
      vertex 9.26971 45 135.815
      vertex 9.49099 42 136.009
      vertex 9.49099 45 136.009
    endloop
  endfacet
  facet normal -0.659236 0 0.751936
    outer loop
      vertex 9.49099 42 136.009
      vertex 9.26971 45 135.815
      vertex 9.26971 42 135.815
    endloop
  endfacet
  facet normal 0.55672 0 0.8307
    outer loop
      vertex 6.53029 45 135.815
      vertex 6.775 42 135.651
      vertex 6.775 45 135.651
    endloop
  endfacet
  facet normal 0.55672 0 0.8307
    outer loop
      vertex 6.775 42 135.651
      vertex 6.53029 45 135.815
      vertex 6.53029 42 135.815
    endloop
  endfacet
  facet normal -0.55672 0 0.8307
    outer loop
      vertex 9.025 45 135.651
      vertex 9.26971 42 135.815
      vertex 9.26971 45 135.815
    endloop
  endfacet
  facet normal -0.55672 0 0.8307
    outer loop
      vertex 9.26971 42 135.815
      vertex 9.025 45 135.651
      vertex 9.025 42 135.651
    endloop
  endfacet
  facet normal 0.196991 0 0.980405
    outer loop
      vertex 7.31766 45 135.427
      vertex 7.60632 42 135.369
      vertex 7.60632 45 135.369
    endloop
  endfacet
  facet normal 0.196991 0 0.980405
    outer loop
      vertex 7.60632 42 135.369
      vertex 7.31766 45 135.427
      vertex 7.31766 42 135.427
    endloop
  endfacet
  facet normal 0.997863 0 -0.0653363
    outer loop
      vertex 5.66925 42 137.894
      vertex 5.65 45 137.6
      vertex 5.66925 45 137.894
    endloop
  endfacet
  facet normal 0.997863 0 -0.0653363
    outer loop
      vertex 5.65 45 137.6
      vertex 5.66925 42 137.894
      vertex 5.65 42 137.6
    endloop
  endfacet
  facet normal -0.196991 0 0.980405
    outer loop
      vertex 8.19368 45 135.369
      vertex 8.48234 42 135.427
      vertex 8.48234 45 135.427
    endloop
  endfacet
  facet normal -0.196991 0 0.980405
    outer loop
      vertex 8.48234 42 135.427
      vertex 8.19368 45 135.369
      vertex 8.19368 42 135.369
    endloop
  endfacet
  facet normal -0.831758 0 -0.555139
    outer loop
      vertex 9.84856 42 138.725
      vertex 9.68504 45 138.97
      vertex 9.84856 45 138.725
    endloop
  endfacet
  facet normal -0.831758 -0 -0.555139
    outer loop
      vertex 9.68504 45 138.97
      vertex 9.84856 42 138.725
      vertex 9.68504 42 138.97
    endloop
  endfacet
  facet normal -0.659236 0 -0.751936
    outer loop
      vertex 9.26971 42 139.385
      vertex 9.49099 45 139.191
      vertex 9.49099 42 139.191
    endloop
  endfacet
  facet normal -0.659236 0 -0.751936
    outer loop
      vertex 9.49099 45 139.191
      vertex 9.26971 42 139.385
      vertex 9.26971 45 139.385
    endloop
  endfacet
  facet normal -0.997874 0 0.0651673
    outer loop
      vertex 10.1308 42 137.306
      vertex 10.15 45 137.6
      vertex 10.1308 45 137.306
    endloop
  endfacet
  facet normal -0.997874 0 0.0651673
    outer loop
      vertex 10.15 45 137.6
      vertex 10.1308 42 137.306
      vertex 10.15 42 137.6
    endloop
  endfacet
  facet normal -0.0645613 0 -0.997914
    outer loop
      vertex 7.9 42 139.85
      vertex 8.19368 45 139.831
      vertex 8.19368 42 139.831
    endloop
  endfacet
  facet normal -0.0645613 0 -0.997914
    outer loop
      vertex 8.19368 45 139.831
      vertex 7.9 42 139.85
      vertex 7.9 45 139.85
    endloop
  endfacet
  facet normal 0.751421 0 -0.659823
    outer loop
      vertex 6.30901 42 139.191
      vertex 6.11495 45 138.97
      vertex 6.30901 45 139.191
    endloop
  endfacet
  facet normal 0.751421 0 -0.659823
    outer loop
      vertex 6.11495 45 138.97
      vertex 6.30901 42 139.191
      vertex 6.11495 42 138.97
    endloop
  endfacet
  facet normal 0.947041 0 -0.321112
    outer loop
      vertex 5.82127 42 138.461
      vertex 5.72667 45 138.182
      vertex 5.82127 45 138.461
    endloop
  endfacet
  facet normal 0.947041 0 -0.321112
    outer loop
      vertex 5.72667 45 138.182
      vertex 5.82127 42 138.461
      vertex 5.72667 42 138.182
    endloop
  endfacet
  facet normal -0.441822 0 -0.897103
    outer loop
      vertex 8.76104 42 139.679
      vertex 9.025 45 139.549
      vertex 9.025 42 139.549
    endloop
  endfacet
  facet normal -0.441822 0 -0.897103
    outer loop
      vertex 9.025 45 139.549
      vertex 8.76104 42 139.679
      vertex 8.76104 45 139.679
    endloop
  endfacet
  facet normal -0.751438 0 0.659804
    outer loop
      vertex 9.49099 42 136.009
      vertex 9.68504 45 136.23
      vertex 9.49099 45 136.009
    endloop
  endfacet
  facet normal -0.751438 0 0.659804
    outer loop
      vertex 9.68504 45 136.23
      vertex 9.49099 42 136.009
      vertex 9.68504 42 136.23
    endloop
  endfacet
  facet normal -0.751438 0 -0.659804
    outer loop
      vertex 9.68504 42 138.97
      vertex 9.49099 45 139.191
      vertex 9.68504 45 138.97
    endloop
  endfacet
  facet normal -0.751438 -0 -0.659804
    outer loop
      vertex 9.49099 45 139.191
      vertex 9.68504 42 138.97
      vertex 9.49099 42 139.191
    endloop
  endfacet
  facet normal -0.8969 0 0.442233
    outer loop
      vertex 9.84856 42 136.475
      vertex 9.97873 45 136.739
      vertex 9.84856 45 136.475
    endloop
  endfacet
  facet normal -0.8969 0 0.442233
    outer loop
      vertex 9.97873 45 136.739
      vertex 9.84856 42 136.475
      vertex 9.97873 42 136.739
    endloop
  endfacet
  facet normal 0.659236 0 0.751936
    outer loop
      vertex 6.30901 45 136.009
      vertex 6.53029 42 135.815
      vertex 6.53029 45 135.815
    endloop
  endfacet
  facet normal 0.659236 0 0.751936
    outer loop
      vertex 6.53029 42 135.815
      vertex 6.30901 45 136.009
      vertex 6.30901 42 136.009
    endloop
  endfacet
  facet normal -0.947072 0 -0.32102
    outer loop
      vertex 10.0733 42 138.182
      vertex 9.97873 45 138.461
      vertex 10.0733 45 138.182
    endloop
  endfacet
  facet normal -0.947072 -0 -0.32102
    outer loop
      vertex 9.97873 45 138.461
      vertex 10.0733 42 138.182
      vertex 9.97873 42 138.461
    endloop
  endfacet
  facet normal 0.55672 0 -0.8307
    outer loop
      vertex 6.53029 42 139.385
      vertex 6.775 45 139.549
      vertex 6.775 42 139.549
    endloop
  endfacet
  facet normal 0.55672 0 -0.8307
    outer loop
      vertex 6.775 45 139.549
      vertex 6.53029 42 139.385
      vertex 6.53029 45 139.385
    endloop
  endfacet
  facet normal 0.319592 0 -0.947555
    outer loop
      vertex 7.03896 42 139.679
      vertex 7.31766 45 139.773
      vertex 7.31766 42 139.773
    endloop
  endfacet
  facet normal 0.319592 0 -0.947555
    outer loop
      vertex 7.31766 45 139.773
      vertex 7.03896 42 139.679
      vertex 7.03896 45 139.679
    endloop
  endfacet
  facet normal 0.947041 -0 0.321112
    outer loop
      vertex 5.72667 42 137.018
      vertex 5.82127 45 136.739
      vertex 5.72667 45 137.018
    endloop
  endfacet
  facet normal 0.947041 0 0.321112
    outer loop
      vertex 5.82127 45 136.739
      vertex 5.72667 42 137.018
      vertex 5.82127 42 136.739
    endloop
  endfacet
  facet normal -0.319592 0 0.947555
    outer loop
      vertex 8.48234 45 135.427
      vertex 8.76104 42 135.521
      vertex 8.76104 45 135.521
    endloop
  endfacet
  facet normal -0.319592 0 0.947555
    outer loop
      vertex 8.76104 42 135.521
      vertex 8.48234 45 135.427
      vertex 8.48234 42 135.427
    endloop
  endfacet
  facet normal 0.997863 -0 0.0653363
    outer loop
      vertex 5.65 42 137.6
      vertex 5.66925 45 137.306
      vertex 5.65 45 137.6
    endloop
  endfacet
  facet normal 0.997863 0 0.0653363
    outer loop
      vertex 5.66925 45 137.306
      vertex 5.65 42 137.6
      vertex 5.66925 42 137.306
    endloop
  endfacet
  facet normal -0.196991 0 -0.980405
    outer loop
      vertex 8.19368 42 139.831
      vertex 8.48234 45 139.773
      vertex 8.48234 42 139.773
    endloop
  endfacet
  facet normal -0.196991 0 -0.980405
    outer loop
      vertex 8.48234 45 139.773
      vertex 8.19368 42 139.831
      vertex 8.19368 45 139.831
    endloop
  endfacet
  facet normal -0.55672 0 -0.8307
    outer loop
      vertex 9.025 42 139.549
      vertex 9.26971 45 139.385
      vertex 9.26971 42 139.385
    endloop
  endfacet
  facet normal -0.55672 0 -0.8307
    outer loop
      vertex 9.26971 45 139.385
      vertex 9.025 42 139.549
      vertex 9.025 45 139.549
    endloop
  endfacet
  facet normal 0.0645613 0 0.997914
    outer loop
      vertex 7.60632 45 135.369
      vertex 7.9 42 135.35
      vertex 7.9 45 135.35
    endloop
  endfacet
  facet normal 0.0645613 0 0.997914
    outer loop
      vertex 7.9 42 135.35
      vertex 7.60632 45 135.369
      vertex 7.60632 42 135.369
    endloop
  endfacet
  facet normal 0.196991 0 -0.980405
    outer loop
      vertex 7.31766 42 139.773
      vertex 7.60632 45 139.831
      vertex 7.60632 42 139.831
    endloop
  endfacet
  facet normal 0.196991 0 -0.980405
    outer loop
      vertex 7.60632 45 139.831
      vertex 7.31766 42 139.773
      vertex 7.31766 45 139.773
    endloop
  endfacet
  facet normal -0.947072 0 0.32102
    outer loop
      vertex 9.97873 42 136.739
      vertex 10.0733 45 137.018
      vertex 9.97873 45 136.739
    endloop
  endfacet
  facet normal -0.947072 0 0.32102
    outer loop
      vertex 10.0733 45 137.018
      vertex 9.97873 42 136.739
      vertex 10.0733 42 137.018
    endloop
  endfacet
  facet normal -0.980646 0 0.195789
    outer loop
      vertex 10.0733 42 137.018
      vertex 10.1308 45 137.306
      vertex 10.0733 45 137.018
    endloop
  endfacet
  facet normal -0.980646 0 0.195789
    outer loop
      vertex 10.1308 45 137.306
      vertex 10.0733 42 137.018
      vertex 10.1308 42 137.306
    endloop
  endfacet
  facet normal -0.319592 0 -0.947555
    outer loop
      vertex 8.48234 42 139.773
      vertex 8.76104 45 139.679
      vertex 8.76104 42 139.679
    endloop
  endfacet
  facet normal -0.319592 0 -0.947555
    outer loop
      vertex 8.76104 45 139.679
      vertex 8.48234 42 139.773
      vertex 8.48234 45 139.773
    endloop
  endfacet
  facet normal -0.831758 0 0.555139
    outer loop
      vertex 9.68504 42 136.23
      vertex 9.84856 45 136.475
      vertex 9.68504 45 136.23
    endloop
  endfacet
  facet normal -0.831758 0 0.555139
    outer loop
      vertex 9.84856 45 136.475
      vertex 9.68504 42 136.23
      vertex 9.84856 42 136.475
    endloop
  endfacet
  facet normal 0.8969 -0 0.442233
    outer loop
      vertex 5.82127 42 136.739
      vertex 5.95144 45 136.475
      vertex 5.82127 45 136.739
    endloop
  endfacet
  facet normal 0.8969 0 0.442233
    outer loop
      vertex 5.95144 45 136.475
      vertex 5.82127 42 136.739
      vertex 5.95144 42 136.475
    endloop
  endfacet
  facet normal -0.8969 0 -0.442233
    outer loop
      vertex 9.97873 42 138.461
      vertex 9.84856 45 138.725
      vertex 9.97873 45 138.461
    endloop
  endfacet
  facet normal -0.8969 -0 -0.442233
    outer loop
      vertex 9.84856 45 138.725
      vertex 9.97873 42 138.461
      vertex 9.84856 42 138.725
    endloop
  endfacet
  facet normal 0.441822 0 -0.897103
    outer loop
      vertex 6.775 42 139.549
      vertex 7.03896 45 139.679
      vertex 7.03896 42 139.679
    endloop
  endfacet
  facet normal 0.441822 0 -0.897103
    outer loop
      vertex 7.03896 45 139.679
      vertex 6.775 42 139.549
      vertex 6.775 45 139.549
    endloop
  endfacet
  facet normal -0.441822 0 0.897103
    outer loop
      vertex 8.76104 45 135.521
      vertex 9.025 42 135.651
      vertex 9.025 45 135.651
    endloop
  endfacet
  facet normal -0.441822 0 0.897103
    outer loop
      vertex 9.025 42 135.651
      vertex 8.76104 45 135.521
      vertex 8.76104 42 135.521
    endloop
  endfacet
  facet normal 0.0645613 0 -0.997914
    outer loop
      vertex 7.60632 42 139.831
      vertex 7.9 45 139.85
      vertex 7.9 42 139.85
    endloop
  endfacet
  facet normal 0.0645613 0 -0.997914
    outer loop
      vertex 7.9 45 139.85
      vertex 7.60632 42 139.831
      vertex 7.60632 45 139.831
    endloop
  endfacet
  facet normal 0.980698 0 -0.195527
    outer loop
      vertex 5.72667 42 138.182
      vertex 5.66925 45 137.894
      vertex 5.72667 45 138.182
    endloop
  endfacet
  facet normal 0.980698 0 -0.195527
    outer loop
      vertex 5.66925 45 137.894
      vertex 5.72667 42 138.182
      vertex 5.66925 42 137.894
    endloop
  endfacet
  facet normal 0.441822 0 0.897103
    outer loop
      vertex 6.775 45 135.651
      vertex 7.03896 42 135.521
      vertex 7.03896 45 135.521
    endloop
  endfacet
  facet normal 0.441822 0 0.897103
    outer loop
      vertex 7.03896 42 135.521
      vertex 6.775 45 135.651
      vertex 6.775 42 135.651
    endloop
  endfacet
  facet normal 0.659236 0 -0.751936
    outer loop
      vertex 6.30901 42 139.191
      vertex 6.53029 45 139.385
      vertex 6.53029 42 139.385
    endloop
  endfacet
  facet normal 0.659236 0 -0.751936
    outer loop
      vertex 6.53029 45 139.385
      vertex 6.30901 42 139.191
      vertex 6.30901 45 139.191
    endloop
  endfacet
  facet normal -0.0645613 0 0.997914
    outer loop
      vertex 7.9 45 135.35
      vertex 8.19368 42 135.369
      vertex 8.19368 45 135.369
    endloop
  endfacet
  facet normal -0.0645613 0 0.997914
    outer loop
      vertex 8.19368 42 135.369
      vertex 7.9 45 135.35
      vertex 7.9 42 135.35
    endloop
  endfacet
  facet normal 0.831773 -0 0.555115
    outer loop
      vertex 5.95144 42 136.475
      vertex 6.11495 45 136.23
      vertex 5.95144 45 136.475
    endloop
  endfacet
  facet normal 0.831773 0 0.555115
    outer loop
      vertex 6.11495 45 136.23
      vertex 5.95144 42 136.475
      vertex 6.11495 42 136.23
    endloop
  endfacet
  facet normal 0.319592 0 0.947555
    outer loop
      vertex 7.03896 45 135.521
      vertex 7.31766 42 135.427
      vertex 7.31766 45 135.427
    endloop
  endfacet
  facet normal 0.319592 0 0.947555
    outer loop
      vertex 7.31766 42 135.427
      vertex 7.03896 45 135.521
      vertex 7.03896 42 135.521
    endloop
  endfacet
  facet normal 0.980698 -0 0.195527
    outer loop
      vertex 5.66925 42 137.306
      vertex 5.72667 45 137.018
      vertex 5.66925 45 137.306
    endloop
  endfacet
  facet normal 0.980698 0 0.195527
    outer loop
      vertex 5.72667 45 137.018
      vertex 5.66925 42 137.306
      vertex 5.72667 42 137.018
    endloop
  endfacet
  facet normal 0.751421 -0 0.659823
    outer loop
      vertex 6.11495 42 136.23
      vertex 6.30901 45 136.009
      vertex 6.11495 45 136.23
    endloop
  endfacet
  facet normal 0.751421 0 0.659823
    outer loop
      vertex 6.30901 45 136.009
      vertex 6.11495 42 136.23
      vertex 6.30901 42 136.009
    endloop
  endfacet
  facet normal 0.8969 0 -0.442233
    outer loop
      vertex 5.95144 42 138.725
      vertex 5.82127 45 138.461
      vertex 5.95144 45 138.725
    endloop
  endfacet
  facet normal 0.8969 0 -0.442233
    outer loop
      vertex 5.82127 45 138.461
      vertex 5.95144 42 138.725
      vertex 5.82127 42 138.461
    endloop
  endfacet
  facet normal 0.0644913 0 -0.997918
    outer loop
      vertex 127.706 40.3307 139.831
      vertex 128 36.35 139.85
      vertex 127.706 36.3307 139.831
    endloop
  endfacet
  facet normal 0.0644913 0 -0.997918
    outer loop
      vertex 128 36.35 139.85
      vertex 127.706 40.3307 139.831
      vertex 128 40.35 139.85
    endloop
  endfacet
  facet normal -0.197425 0 0.980318
    outer loop
      vertex 128.294 35.8692 135.369
      vertex 128.582 31.9267 135.427
      vertex 128.582 35.9267 135.427
    endloop
  endfacet
  facet normal -0.197425 0 0.980318
    outer loop
      vertex 128.582 31.9267 135.427
      vertex 128.294 35.8692 135.369
      vertex 128.294 31.8692 135.369
    endloop
  endfacet
  facet normal -0.980318 0 -0.197425
    outer loop
      vertex 130.231 38.3937 137.894
      vertex 130.173 34.6823 138.182
      vertex 130.173 38.6823 138.182
    endloop
  endfacet
  facet normal -0.980318 0 -0.197425
    outer loop
      vertex 130.173 34.6823 138.182
      vertex 130.231 38.3937 137.894
      vertex 130.231 34.3937 137.894
    endloop
  endfacet
  facet normal -0.997918 0 -0.0644913
    outer loop
      vertex 130.25 38.1 137.6
      vertex 130.231 34.3937 137.894
      vertex 130.231 38.3937 137.894
    endloop
  endfacet
  facet normal -0.997918 0 -0.0644913
    outer loop
      vertex 130.231 34.3937 137.894
      vertex 130.25 38.1 137.6
      vertex 130.25 34.1 137.6
    endloop
  endfacet
  facet normal -0.947659 0 -0.319283
    outer loop
      vertex 130.173 38.6823 138.182
      vertex 130.079 34.961 138.461
      vertex 130.079 38.961 138.461
    endloop
  endfacet
  facet normal -0.947659 0 -0.319283
    outer loop
      vertex 130.079 34.961 138.461
      vertex 130.173 38.6823 138.182
      vertex 130.173 34.6823 138.182
    endloop
  endfacet
  facet normal 0.947659 -0 0.319283
    outer loop
      vertex 125.827 33.5177 137.018
      vertex 125.921 37.239 136.739
      vertex 125.827 37.5177 137.018
    endloop
  endfacet
  facet normal 0.947659 0 0.319283
    outer loop
      vertex 125.921 37.239 136.739
      vertex 125.827 33.5177 137.018
      vertex 125.921 33.239 136.739
    endloop
  endfacet
  facet normal -0.319283 0 0.947659
    outer loop
      vertex 128.582 35.9267 135.427
      vertex 128.861 32.0213 135.521
      vertex 128.861 36.0213 135.521
    endloop
  endfacet
  facet normal -0.319283 0 0.947659
    outer loop
      vertex 128.861 32.0213 135.521
      vertex 128.582 35.9267 135.427
      vertex 128.582 31.9267 135.427
    endloop
  endfacet
  facet normal 0.197425 0 -0.980318
    outer loop
      vertex 127.418 40.2733 139.773
      vertex 127.706 36.3307 139.831
      vertex 127.418 36.2733 139.773
    endloop
  endfacet
  facet normal 0.197425 0 -0.980318
    outer loop
      vertex 127.706 36.3307 139.831
      vertex 127.418 40.2733 139.773
      vertex 127.706 40.3307 139.831
    endloop
  endfacet
  facet normal 0.831005 0 -0.556265
    outer loop
      vertex 126.215 35.4697 138.97
      vertex 126.051 39.225 138.725
      vertex 126.215 39.4697 138.97
    endloop
  endfacet
  facet normal 0.831005 0 -0.556265
    outer loop
      vertex 126.051 39.225 138.725
      vertex 126.215 35.4697 138.97
      vertex 126.051 35.225 138.725
    endloop
  endfacet
  facet normal 0.659708 0 -0.751522
    outer loop
      vertex 126.409 39.691 139.191
      vertex 126.63 35.885 139.385
      vertex 126.409 35.691 139.191
    endloop
  endfacet
  facet normal 0.659708 0 -0.751522
    outer loop
      vertex 126.63 35.885 139.385
      vertex 126.409 39.691 139.191
      vertex 126.63 39.885 139.385
    endloop
  endfacet
  facet normal 0.319283 0 -0.947659
    outer loop
      vertex 127.139 40.1787 139.679
      vertex 127.418 36.2733 139.773
      vertex 127.139 36.1787 139.679
    endloop
  endfacet
  facet normal 0.319283 0 -0.947659
    outer loop
      vertex 127.418 36.2733 139.773
      vertex 127.139 40.1787 139.679
      vertex 127.418 40.2733 139.773
    endloop
  endfacet
  facet normal 0.0644913 -0 0.997918
    outer loop
      vertex 127.706 31.8692 135.369
      vertex 128 35.85 135.35
      vertex 127.706 35.8692 135.369
    endloop
  endfacet
  facet normal 0.0644913 0 0.997918
    outer loop
      vertex 128 35.85 135.35
      vertex 127.706 31.8692 135.369
      vertex 128 31.85 135.35
    endloop
  endfacet
  facet normal -0.997918 0 0.0644913
    outer loop
      vertex 130.231 37.8063 137.306
      vertex 130.25 34.1 137.6
      vertex 130.25 38.1 137.6
    endloop
  endfacet
  facet normal -0.997918 0 0.0644913
    outer loop
      vertex 130.25 34.1 137.6
      vertex 130.231 37.8063 137.306
      vertex 130.231 33.8063 137.306
    endloop
  endfacet
  facet normal 0.897129 0 -0.441768
    outer loop
      vertex 126.051 35.225 138.725
      vertex 125.921 38.961 138.461
      vertex 126.051 39.225 138.725
    endloop
  endfacet
  facet normal 0.897129 0 -0.441768
    outer loop
      vertex 125.921 38.961 138.461
      vertex 126.051 35.225 138.725
      vertex 125.921 34.961 138.461
    endloop
  endfacet
  facet normal -0.897129 0 -0.441768
    outer loop
      vertex 130.079 38.961 138.461
      vertex 129.949 35.225 138.725
      vertex 129.949 39.225 138.725
    endloop
  endfacet
  facet normal -0.897129 0 -0.441768
    outer loop
      vertex 129.949 35.225 138.725
      vertex 130.079 38.961 138.461
      vertex 130.079 34.961 138.461
    endloop
  endfacet
  facet normal 0.556265 -0 0.831005
    outer loop
      vertex 126.63 32.315 135.815
      vertex 126.875 36.1514 135.651
      vertex 126.63 36.315 135.815
    endloop
  endfacet
  facet normal 0.556265 0 0.831005
    outer loop
      vertex 126.875 36.1514 135.651
      vertex 126.63 32.315 135.815
      vertex 126.875 32.1514 135.651
    endloop
  endfacet
  facet normal -0.659708 0 0.751522
    outer loop
      vertex 129.37 36.315 135.815
      vertex 129.591 32.509 136.009
      vertex 129.591 36.509 136.009
    endloop
  endfacet
  facet normal -0.659708 0 0.751522
    outer loop
      vertex 129.591 32.509 136.009
      vertex 129.37 36.315 135.815
      vertex 129.37 32.315 135.815
    endloop
  endfacet
  facet normal -0.0644913 0 0.997918
    outer loop
      vertex 128 35.85 135.35
      vertex 128.294 31.8692 135.369
      vertex 128.294 35.8692 135.369
    endloop
  endfacet
  facet normal -0.0644913 0 0.997918
    outer loop
      vertex 128.294 31.8692 135.369
      vertex 128 35.85 135.35
      vertex 128 31.85 135.35
    endloop
  endfacet
  facet normal -0.659708 0 -0.751522
    outer loop
      vertex 129.37 35.885 139.385
      vertex 129.591 39.691 139.191
      vertex 129.591 35.691 139.191
    endloop
  endfacet
  facet normal -0.659708 0 -0.751522
    outer loop
      vertex 129.591 39.691 139.191
      vertex 129.37 35.885 139.385
      vertex 129.37 39.885 139.385
    endloop
  endfacet
  facet normal -0.897129 0 0.441768
    outer loop
      vertex 129.949 36.975 136.475
      vertex 130.079 33.239 136.739
      vertex 130.079 37.239 136.739
    endloop
  endfacet
  facet normal -0.897129 0 0.441768
    outer loop
      vertex 130.079 33.239 136.739
      vertex 129.949 36.975 136.475
      vertex 129.949 32.975 136.475
    endloop
  endfacet
  facet normal -0.831005 0 0.556265
    outer loop
      vertex 129.785 36.7303 136.23
      vertex 129.949 32.975 136.475
      vertex 129.949 36.975 136.475
    endloop
  endfacet
  facet normal -0.831005 0 0.556265
    outer loop
      vertex 129.949 32.975 136.475
      vertex 129.785 36.7303 136.23
      vertex 129.785 32.7303 136.23
    endloop
  endfacet
  facet normal -0.751522 0 -0.659708
    outer loop
      vertex 129.785 39.4697 138.97
      vertex 129.591 35.691 139.191
      vertex 129.591 39.691 139.191
    endloop
  endfacet
  facet normal -0.751522 0 -0.659708
    outer loop
      vertex 129.591 35.691 139.191
      vertex 129.785 39.4697 138.97
      vertex 129.785 35.4697 138.97
    endloop
  endfacet
  facet normal -0.441768 0 -0.897129
    outer loop
      vertex 128.861 36.1787 139.679
      vertex 129.125 40.0486 139.549
      vertex 129.125 36.0486 139.549
    endloop
  endfacet
  facet normal -0.441768 0 -0.897129
    outer loop
      vertex 129.125 40.0486 139.549
      vertex 128.861 36.1787 139.679
      vertex 128.861 40.1787 139.679
    endloop
  endfacet
  facet normal 0.997918 -0 0.0644913
    outer loop
      vertex 125.75 34.1 137.6
      vertex 125.769 37.8063 137.306
      vertex 125.75 38.1 137.6
    endloop
  endfacet
  facet normal 0.997918 0 0.0644913
    outer loop
      vertex 125.769 37.8063 137.306
      vertex 125.75 34.1 137.6
      vertex 125.769 33.8063 137.306
    endloop
  endfacet
  facet normal -0.197425 0 -0.980318
    outer loop
      vertex 128.294 36.3307 139.831
      vertex 128.582 40.2733 139.773
      vertex 128.582 36.2733 139.773
    endloop
  endfacet
  facet normal -0.197425 0 -0.980318
    outer loop
      vertex 128.582 40.2733 139.773
      vertex 128.294 36.3307 139.831
      vertex 128.294 40.3307 139.831
    endloop
  endfacet
  facet normal -0.831005 0 -0.556265
    outer loop
      vertex 129.949 39.225 138.725
      vertex 129.785 35.4697 138.97
      vertex 129.785 39.4697 138.97
    endloop
  endfacet
  facet normal -0.831005 0 -0.556265
    outer loop
      vertex 129.785 35.4697 138.97
      vertex 129.949 39.225 138.725
      vertex 129.949 35.225 138.725
    endloop
  endfacet
  facet normal -0.556265 0 -0.831005
    outer loop
      vertex 129.125 36.0486 139.549
      vertex 129.37 39.885 139.385
      vertex 129.37 35.885 139.385
    endloop
  endfacet
  facet normal -0.556265 0 -0.831005
    outer loop
      vertex 129.37 39.885 139.385
      vertex 129.125 36.0486 139.549
      vertex 129.125 40.0486 139.549
    endloop
  endfacet
  facet normal -0.319283 0 -0.947659
    outer loop
      vertex 128.582 36.2733 139.773
      vertex 128.861 40.1787 139.679
      vertex 128.861 36.1787 139.679
    endloop
  endfacet
  facet normal -0.319283 0 -0.947659
    outer loop
      vertex 128.861 40.1787 139.679
      vertex 128.582 36.2733 139.773
      vertex 128.582 40.2733 139.773
    endloop
  endfacet
  facet normal 0.556265 0 -0.831005
    outer loop
      vertex 126.63 39.885 139.385
      vertex 126.875 36.0486 139.549
      vertex 126.63 35.885 139.385
    endloop
  endfacet
  facet normal 0.556265 0 -0.831005
    outer loop
      vertex 126.875 36.0486 139.549
      vertex 126.63 39.885 139.385
      vertex 126.875 40.0486 139.549
    endloop
  endfacet
  facet normal -0.980318 0 0.197425
    outer loop
      vertex 130.173 37.5177 137.018
      vertex 130.231 33.8063 137.306
      vertex 130.231 37.8063 137.306
    endloop
  endfacet
  facet normal -0.980318 0 0.197425
    outer loop
      vertex 130.231 33.8063 137.306
      vertex 130.173 37.5177 137.018
      vertex 130.173 33.5177 137.018
    endloop
  endfacet
  facet normal 0.441768 -0 0.897129
    outer loop
      vertex 126.875 32.1514 135.651
      vertex 127.139 36.0213 135.521
      vertex 126.875 36.1514 135.651
    endloop
  endfacet
  facet normal 0.441768 0 0.897129
    outer loop
      vertex 127.139 36.0213 135.521
      vertex 126.875 32.1514 135.651
      vertex 127.139 32.0213 135.521
    endloop
  endfacet
  facet normal -0.556265 0 0.831005
    outer loop
      vertex 129.125 36.1514 135.651
      vertex 129.37 32.315 135.815
      vertex 129.37 36.315 135.815
    endloop
  endfacet
  facet normal -0.556265 0 0.831005
    outer loop
      vertex 129.37 32.315 135.815
      vertex 129.125 36.1514 135.651
      vertex 129.125 32.1514 135.651
    endloop
  endfacet
  facet normal 0.897129 -0 0.441768
    outer loop
      vertex 125.921 33.239 136.739
      vertex 126.051 36.975 136.475
      vertex 125.921 37.239 136.739
    endloop
  endfacet
  facet normal 0.897129 0 0.441768
    outer loop
      vertex 126.051 36.975 136.475
      vertex 125.921 33.239 136.739
      vertex 126.051 32.975 136.475
    endloop
  endfacet
  facet normal -0.751522 0 0.659708
    outer loop
      vertex 129.591 36.509 136.009
      vertex 129.785 32.7303 136.23
      vertex 129.785 36.7303 136.23
    endloop
  endfacet
  facet normal -0.751522 0 0.659708
    outer loop
      vertex 129.785 32.7303 136.23
      vertex 129.591 36.509 136.009
      vertex 129.591 32.509 136.009
    endloop
  endfacet
  facet normal 0.659708 -0 0.751522
    outer loop
      vertex 126.409 32.509 136.009
      vertex 126.63 36.315 135.815
      vertex 126.409 36.509 136.009
    endloop
  endfacet
  facet normal 0.659708 0 0.751522
    outer loop
      vertex 126.63 36.315 135.815
      vertex 126.409 32.509 136.009
      vertex 126.63 32.315 135.815
    endloop
  endfacet
  facet normal -0.441768 0 0.897129
    outer loop
      vertex 128.861 36.0213 135.521
      vertex 129.125 32.1514 135.651
      vertex 129.125 36.1514 135.651
    endloop
  endfacet
  facet normal -0.441768 0 0.897129
    outer loop
      vertex 129.125 32.1514 135.651
      vertex 128.861 36.0213 135.521
      vertex 128.861 32.0213 135.521
    endloop
  endfacet
  facet normal 0.980318 0 -0.197425
    outer loop
      vertex 125.827 34.6823 138.182
      vertex 125.769 38.3937 137.894
      vertex 125.827 38.6823 138.182
    endloop
  endfacet
  facet normal 0.980318 0 -0.197425
    outer loop
      vertex 125.769 38.3937 137.894
      vertex 125.827 34.6823 138.182
      vertex 125.769 34.3937 137.894
    endloop
  endfacet
  facet normal -0.947659 0 0.319283
    outer loop
      vertex 130.079 37.239 136.739
      vertex 130.173 33.5177 137.018
      vertex 130.173 37.5177 137.018
    endloop
  endfacet
  facet normal -0.947659 0 0.319283
    outer loop
      vertex 130.173 33.5177 137.018
      vertex 130.079 37.239 136.739
      vertex 130.079 33.239 136.739
    endloop
  endfacet
  facet normal 0.441768 0 -0.897129
    outer loop
      vertex 126.875 40.0486 139.549
      vertex 127.139 36.1787 139.679
      vertex 126.875 36.0486 139.549
    endloop
  endfacet
  facet normal 0.441768 0 -0.897129
    outer loop
      vertex 127.139 36.1787 139.679
      vertex 126.875 40.0486 139.549
      vertex 127.139 40.1787 139.679
    endloop
  endfacet
  facet normal 0.980318 -0 0.197425
    outer loop
      vertex 125.769 33.8063 137.306
      vertex 125.827 37.5177 137.018
      vertex 125.769 37.8063 137.306
    endloop
  endfacet
  facet normal 0.980318 0 0.197425
    outer loop
      vertex 125.827 37.5177 137.018
      vertex 125.769 33.8063 137.306
      vertex 125.827 33.5177 137.018
    endloop
  endfacet
  facet normal -0.0644913 0 -0.997918
    outer loop
      vertex 128 36.35 139.85
      vertex 128.294 40.3307 139.831
      vertex 128.294 36.3307 139.831
    endloop
  endfacet
  facet normal -0.0644913 0 -0.997918
    outer loop
      vertex 128.294 40.3307 139.831
      vertex 128 36.35 139.85
      vertex 128 40.35 139.85
    endloop
  endfacet
  facet normal 0.751522 0 -0.659708
    outer loop
      vertex 126.409 35.691 139.191
      vertex 126.215 39.4697 138.97
      vertex 126.409 39.691 139.191
    endloop
  endfacet
  facet normal 0.751522 0 -0.659708
    outer loop
      vertex 126.215 39.4697 138.97
      vertex 126.409 35.691 139.191
      vertex 126.215 35.4697 138.97
    endloop
  endfacet
  facet normal 0.197425 -0 0.980318
    outer loop
      vertex 127.418 31.9267 135.427
      vertex 127.706 35.8692 135.369
      vertex 127.418 35.9267 135.427
    endloop
  endfacet
  facet normal 0.197425 0 0.980318
    outer loop
      vertex 127.706 35.8692 135.369
      vertex 127.418 31.9267 135.427
      vertex 127.706 31.8692 135.369
    endloop
  endfacet
  facet normal 0.947659 0 -0.319283
    outer loop
      vertex 125.921 34.961 138.461
      vertex 125.827 38.6823 138.182
      vertex 125.921 38.961 138.461
    endloop
  endfacet
  facet normal 0.947659 0 -0.319283
    outer loop
      vertex 125.827 38.6823 138.182
      vertex 125.921 34.961 138.461
      vertex 125.827 34.6823 138.182
    endloop
  endfacet
  facet normal 0.997918 0 -0.0644913
    outer loop
      vertex 125.769 34.3937 137.894
      vertex 125.75 38.1 137.6
      vertex 125.769 38.3937 137.894
    endloop
  endfacet
  facet normal 0.997918 0 -0.0644913
    outer loop
      vertex 125.75 38.1 137.6
      vertex 125.769 34.3937 137.894
      vertex 125.75 34.1 137.6
    endloop
  endfacet
  facet normal 0.319283 -0 0.947659
    outer loop
      vertex 127.139 32.0213 135.521
      vertex 127.418 35.9267 135.427
      vertex 127.139 36.0213 135.521
    endloop
  endfacet
  facet normal 0.319283 0 0.947659
    outer loop
      vertex 127.418 35.9267 135.427
      vertex 127.139 32.0213 135.521
      vertex 127.418 31.9267 135.427
    endloop
  endfacet
  facet normal 0.751522 -0 0.659708
    outer loop
      vertex 126.215 32.7303 136.23
      vertex 126.409 36.509 136.009
      vertex 126.215 36.7303 136.23
    endloop
  endfacet
  facet normal 0.751522 0 0.659708
    outer loop
      vertex 126.409 36.509 136.009
      vertex 126.215 32.7303 136.23
      vertex 126.409 32.509 136.009
    endloop
  endfacet
  facet normal 0.831005 -0 0.556265
    outer loop
      vertex 126.051 32.975 136.475
      vertex 126.215 36.7303 136.23
      vertex 126.051 36.975 136.475
    endloop
  endfacet
  facet normal 0.831005 0 0.556265
    outer loop
      vertex 126.215 36.7303 136.23
      vertex 126.051 32.975 136.475
      vertex 126.215 32.7303 136.23
    endloop
  endfacet
  facet normal -0.980318 0 -0.197425
    outer loop
      vertex 250.331 42 137.894
      vertex 250.273 45 138.182
      vertex 250.331 45 137.894
    endloop
  endfacet
  facet normal -0.980318 -0 -0.197425
    outer loop
      vertex 250.273 45 138.182
      vertex 250.331 42 137.894
      vertex 250.273 42 138.182
    endloop
  endfacet
  facet normal -0.997918 0 -0.0644913
    outer loop
      vertex 250.35 42 137.6
      vertex 250.331 45 137.894
      vertex 250.35 45 137.6
    endloop
  endfacet
  facet normal -0.997918 -0 -0.0644913
    outer loop
      vertex 250.331 45 137.894
      vertex 250.35 42 137.6
      vertex 250.331 42 137.894
    endloop
  endfacet
  facet normal -0.319283 0 0.947659
    outer loop
      vertex 248.682 45 135.427
      vertex 248.961 42 135.521
      vertex 248.961 45 135.521
    endloop
  endfacet
  facet normal -0.319283 0 0.947659
    outer loop
      vertex 248.961 42 135.521
      vertex 248.682 45 135.427
      vertex 248.682 42 135.427
    endloop
  endfacet
  facet normal 0.980318 -0 0.197425
    outer loop
      vertex 245.869 42 137.306
      vertex 245.927 45 137.018
      vertex 245.869 45 137.306
    endloop
  endfacet
  facet normal 0.980318 0 0.197425
    outer loop
      vertex 245.927 45 137.018
      vertex 245.869 42 137.306
      vertex 245.927 42 137.018
    endloop
  endfacet
  facet normal -0.751522 0 -0.659708
    outer loop
      vertex 249.885 42 138.97
      vertex 249.691 45 139.191
      vertex 249.885 45 138.97
    endloop
  endfacet
  facet normal -0.751522 -0 -0.659708
    outer loop
      vertex 249.691 45 139.191
      vertex 249.885 42 138.97
      vertex 249.691 42 139.191
    endloop
  endfacet
  facet normal 0.980318 0 -0.197425
    outer loop
      vertex 245.927 42 138.182
      vertex 245.869 45 137.894
      vertex 245.927 45 138.182
    endloop
  endfacet
  facet normal 0.980318 0 -0.197425
    outer loop
      vertex 245.869 45 137.894
      vertex 245.927 42 138.182
      vertex 245.869 42 137.894
    endloop
  endfacet
  facet normal 0.831005 -0 0.556265
    outer loop
      vertex 246.151 42 136.475
      vertex 246.315 45 136.23
      vertex 246.151 45 136.475
    endloop
  endfacet
  facet normal 0.831005 0 0.556265
    outer loop
      vertex 246.315 45 136.23
      vertex 246.151 42 136.475
      vertex 246.315 42 136.23
    endloop
  endfacet
  facet normal 0.947659 -0 0.319283
    outer loop
      vertex 245.927 42 137.018
      vertex 246.021 45 136.739
      vertex 245.927 45 137.018
    endloop
  endfacet
  facet normal 0.947659 0 0.319283
    outer loop
      vertex 246.021 45 136.739
      vertex 245.927 42 137.018
      vertex 246.021 42 136.739
    endloop
  endfacet
  facet normal -0.997918 0 0.0644913
    outer loop
      vertex 250.331 42 137.306
      vertex 250.35 45 137.6
      vertex 250.331 45 137.306
    endloop
  endfacet
  facet normal -0.997918 0 0.0644913
    outer loop
      vertex 250.35 45 137.6
      vertex 250.331 42 137.306
      vertex 250.35 42 137.6
    endloop
  endfacet
  facet normal 0.659708 0 0.751522
    outer loop
      vertex 246.509 45 136.009
      vertex 246.73 42 135.815
      vertex 246.73 45 135.815
    endloop
  endfacet
  facet normal 0.659708 0 0.751522
    outer loop
      vertex 246.73 42 135.815
      vertex 246.509 45 136.009
      vertex 246.509 42 136.009
    endloop
  endfacet
  facet normal -0.319283 0 -0.947659
    outer loop
      vertex 248.682 42 139.773
      vertex 248.961 45 139.679
      vertex 248.961 42 139.679
    endloop
  endfacet
  facet normal -0.319283 0 -0.947659
    outer loop
      vertex 248.961 45 139.679
      vertex 248.682 42 139.773
      vertex 248.682 45 139.773
    endloop
  endfacet
  facet normal 0.897129 0 -0.441768
    outer loop
      vertex 246.151 42 138.725
      vertex 246.021 45 138.461
      vertex 246.151 45 138.725
    endloop
  endfacet
  facet normal 0.897129 0 -0.441768
    outer loop
      vertex 246.021 45 138.461
      vertex 246.151 42 138.725
      vertex 246.021 42 138.461
    endloop
  endfacet
  facet normal -0.441768 0 0.897129
    outer loop
      vertex 248.961 45 135.521
      vertex 249.225 42 135.651
      vertex 249.225 45 135.651
    endloop
  endfacet
  facet normal -0.441768 0 0.897129
    outer loop
      vertex 249.225 42 135.651
      vertex 248.961 45 135.521
      vertex 248.961 42 135.521
    endloop
  endfacet
  facet normal -0.980318 0 0.197425
    outer loop
      vertex 250.273 42 137.018
      vertex 250.331 45 137.306
      vertex 250.273 45 137.018
    endloop
  endfacet
  facet normal -0.980318 0 0.197425
    outer loop
      vertex 250.331 45 137.306
      vertex 250.273 42 137.018
      vertex 250.331 42 137.306
    endloop
  endfacet
  facet normal -0.0644913 0 0.997918
    outer loop
      vertex 248.1 45 135.35
      vertex 248.394 42 135.369
      vertex 248.394 45 135.369
    endloop
  endfacet
  facet normal -0.0644913 0 0.997918
    outer loop
      vertex 248.394 42 135.369
      vertex 248.1 45 135.35
      vertex 248.1 42 135.35
    endloop
  endfacet
  facet normal -0.441768 0 -0.897129
    outer loop
      vertex 248.961 42 139.679
      vertex 249.225 45 139.549
      vertex 249.225 42 139.549
    endloop
  endfacet
  facet normal -0.441768 0 -0.897129
    outer loop
      vertex 249.225 45 139.549
      vertex 248.961 42 139.679
      vertex 248.961 45 139.679
    endloop
  endfacet
  facet normal 0.441768 0 -0.897129
    outer loop
      vertex 246.975 42 139.549
      vertex 247.239 45 139.679
      vertex 247.239 42 139.679
    endloop
  endfacet
  facet normal 0.441768 0 -0.897129
    outer loop
      vertex 247.239 45 139.679
      vertex 246.975 42 139.549
      vertex 246.975 45 139.549
    endloop
  endfacet
  facet normal 0.751522 0 -0.659708
    outer loop
      vertex 246.509 42 139.191
      vertex 246.315 45 138.97
      vertex 246.509 45 139.191
    endloop
  endfacet
  facet normal 0.751522 0 -0.659708
    outer loop
      vertex 246.315 45 138.97
      vertex 246.509 42 139.191
      vertex 246.315 42 138.97
    endloop
  endfacet
  facet normal 0.659708 0 -0.751522
    outer loop
      vertex 246.509 42 139.191
      vertex 246.73 45 139.385
      vertex 246.73 42 139.385
    endloop
  endfacet
  facet normal 0.659708 0 -0.751522
    outer loop
      vertex 246.73 45 139.385
      vertex 246.509 42 139.191
      vertex 246.509 45 139.191
    endloop
  endfacet
  facet normal -0.556265 0 -0.831005
    outer loop
      vertex 249.225 42 139.549
      vertex 249.47 45 139.385
      vertex 249.47 42 139.385
    endloop
  endfacet
  facet normal -0.556265 0 -0.831005
    outer loop
      vertex 249.47 45 139.385
      vertex 249.225 42 139.549
      vertex 249.225 45 139.549
    endloop
  endfacet
  facet normal -0.831005 0 -0.556265
    outer loop
      vertex 250.049 42 138.725
      vertex 249.885 45 138.97
      vertex 250.049 45 138.725
    endloop
  endfacet
  facet normal -0.831005 -0 -0.556265
    outer loop
      vertex 249.885 45 138.97
      vertex 250.049 42 138.725
      vertex 249.885 42 138.97
    endloop
  endfacet
  facet normal 0.319283 0 -0.947659
    outer loop
      vertex 247.239 42 139.679
      vertex 247.518 45 139.773
      vertex 247.518 42 139.773
    endloop
  endfacet
  facet normal 0.319283 0 -0.947659
    outer loop
      vertex 247.518 45 139.773
      vertex 247.239 42 139.679
      vertex 247.239 45 139.679
    endloop
  endfacet
  facet normal 0.556265 0 0.831005
    outer loop
      vertex 246.73 45 135.815
      vertex 246.975 42 135.651
      vertex 246.975 45 135.651
    endloop
  endfacet
  facet normal 0.556265 0 0.831005
    outer loop
      vertex 246.975 42 135.651
      vertex 246.73 45 135.815
      vertex 246.73 42 135.815
    endloop
  endfacet
  facet normal 0.0644913 0 0.997918
    outer loop
      vertex 247.806 45 135.369
      vertex 248.1 42 135.35
      vertex 248.1 45 135.35
    endloop
  endfacet
  facet normal 0.0644913 0 0.997918
    outer loop
      vertex 248.1 42 135.35
      vertex 247.806 45 135.369
      vertex 247.806 42 135.369
    endloop
  endfacet
  facet normal 0.751522 -0 0.659708
    outer loop
      vertex 246.315 42 136.23
      vertex 246.509 45 136.009
      vertex 246.315 45 136.23
    endloop
  endfacet
  facet normal 0.751522 0 0.659708
    outer loop
      vertex 246.509 45 136.009
      vertex 246.315 42 136.23
      vertex 246.509 42 136.009
    endloop
  endfacet
  facet normal -0.897129 0 -0.441768
    outer loop
      vertex 250.179 42 138.461
      vertex 250.049 45 138.725
      vertex 250.179 45 138.461
    endloop
  endfacet
  facet normal -0.897129 -0 -0.441768
    outer loop
      vertex 250.049 45 138.725
      vertex 250.179 42 138.461
      vertex 250.049 42 138.725
    endloop
  endfacet
  facet normal -0.897129 0 0.441768
    outer loop
      vertex 250.049 42 136.475
      vertex 250.179 45 136.739
      vertex 250.049 45 136.475
    endloop
  endfacet
  facet normal -0.897129 0 0.441768
    outer loop
      vertex 250.179 45 136.739
      vertex 250.049 42 136.475
      vertex 250.179 42 136.739
    endloop
  endfacet
  facet normal -0.197425 0 -0.980318
    outer loop
      vertex 248.394 42 139.831
      vertex 248.682 45 139.773
      vertex 248.682 42 139.773
    endloop
  endfacet
  facet normal -0.197425 0 -0.980318
    outer loop
      vertex 248.682 45 139.773
      vertex 248.394 42 139.831
      vertex 248.394 45 139.831
    endloop
  endfacet
  facet normal -0.556265 0 0.831005
    outer loop
      vertex 249.225 45 135.651
      vertex 249.47 42 135.815
      vertex 249.47 45 135.815
    endloop
  endfacet
  facet normal -0.556265 0 0.831005
    outer loop
      vertex 249.47 42 135.815
      vertex 249.225 45 135.651
      vertex 249.225 42 135.651
    endloop
  endfacet
  facet normal -0.831005 0 0.556265
    outer loop
      vertex 249.885 42 136.23
      vertex 250.049 45 136.475
      vertex 249.885 45 136.23
    endloop
  endfacet
  facet normal -0.831005 0 0.556265
    outer loop
      vertex 250.049 45 136.475
      vertex 249.885 42 136.23
      vertex 250.049 42 136.475
    endloop
  endfacet
  facet normal 0.997918 0 -0.0644913
    outer loop
      vertex 245.869 42 137.894
      vertex 245.85 45 137.6
      vertex 245.869 45 137.894
    endloop
  endfacet
  facet normal 0.997918 0 -0.0644913
    outer loop
      vertex 245.85 45 137.6
      vertex 245.869 42 137.894
      vertex 245.85 42 137.6
    endloop
  endfacet
  facet normal -0.197425 0 0.980318
    outer loop
      vertex 248.394 45 135.369
      vertex 248.682 42 135.427
      vertex 248.682 45 135.427
    endloop
  endfacet
  facet normal -0.197425 0 0.980318
    outer loop
      vertex 248.682 42 135.427
      vertex 248.394 45 135.369
      vertex 248.394 42 135.369
    endloop
  endfacet
  facet normal 0.197425 0 -0.980318
    outer loop
      vertex 247.518 42 139.773
      vertex 247.806 45 139.831
      vertex 247.806 42 139.831
    endloop
  endfacet
  facet normal 0.197425 0 -0.980318
    outer loop
      vertex 247.806 45 139.831
      vertex 247.518 42 139.773
      vertex 247.518 45 139.773
    endloop
  endfacet
  facet normal 0.897129 -0 0.441768
    outer loop
      vertex 246.021 42 136.739
      vertex 246.151 45 136.475
      vertex 246.021 45 136.739
    endloop
  endfacet
  facet normal 0.897129 0 0.441768
    outer loop
      vertex 246.151 45 136.475
      vertex 246.021 42 136.739
      vertex 246.151 42 136.475
    endloop
  endfacet
  facet normal -0.0644913 0 -0.997918
    outer loop
      vertex 248.1 42 139.85
      vertex 248.394 45 139.831
      vertex 248.394 42 139.831
    endloop
  endfacet
  facet normal -0.0644913 0 -0.997918
    outer loop
      vertex 248.394 45 139.831
      vertex 248.1 42 139.85
      vertex 248.1 45 139.85
    endloop
  endfacet
  facet normal 0.556265 0 -0.831005
    outer loop
      vertex 246.73 42 139.385
      vertex 246.975 45 139.549
      vertex 246.975 42 139.549
    endloop
  endfacet
  facet normal 0.556265 0 -0.831005
    outer loop
      vertex 246.975 45 139.549
      vertex 246.73 42 139.385
      vertex 246.73 45 139.385
    endloop
  endfacet
  facet normal -0.659708 0 -0.751522
    outer loop
      vertex 249.47 42 139.385
      vertex 249.691 45 139.191
      vertex 249.691 42 139.191
    endloop
  endfacet
  facet normal -0.659708 0 -0.751522
    outer loop
      vertex 249.691 45 139.191
      vertex 249.47 42 139.385
      vertex 249.47 45 139.385
    endloop
  endfacet
  facet normal -0.947659 0 -0.319283
    outer loop
      vertex 250.273 42 138.182
      vertex 250.179 45 138.461
      vertex 250.273 45 138.182
    endloop
  endfacet
  facet normal -0.947659 -0 -0.319283
    outer loop
      vertex 250.179 45 138.461
      vertex 250.273 42 138.182
      vertex 250.179 42 138.461
    endloop
  endfacet
  facet normal 0.197425 0 0.980318
    outer loop
      vertex 247.518 45 135.427
      vertex 247.806 42 135.369
      vertex 247.806 45 135.369
    endloop
  endfacet
  facet normal 0.197425 0 0.980318
    outer loop
      vertex 247.806 42 135.369
      vertex 247.518 45 135.427
      vertex 247.518 42 135.427
    endloop
  endfacet
  facet normal 0.441768 0 0.897129
    outer loop
      vertex 246.975 45 135.651
      vertex 247.239 42 135.521
      vertex 247.239 45 135.521
    endloop
  endfacet
  facet normal 0.441768 0 0.897129
    outer loop
      vertex 247.239 42 135.521
      vertex 246.975 45 135.651
      vertex 246.975 42 135.651
    endloop
  endfacet
  facet normal 0.997918 -0 0.0644913
    outer loop
      vertex 245.85 42 137.6
      vertex 245.869 45 137.306
      vertex 245.85 45 137.6
    endloop
  endfacet
  facet normal 0.997918 0 0.0644913
    outer loop
      vertex 245.869 45 137.306
      vertex 245.85 42 137.6
      vertex 245.869 42 137.306
    endloop
  endfacet
  facet normal 0.0644913 0 -0.997918
    outer loop
      vertex 247.806 42 139.831
      vertex 248.1 45 139.85
      vertex 248.1 42 139.85
    endloop
  endfacet
  facet normal 0.0644913 0 -0.997918
    outer loop
      vertex 248.1 45 139.85
      vertex 247.806 42 139.831
      vertex 247.806 45 139.831
    endloop
  endfacet
  facet normal -0.751522 0 0.659708
    outer loop
      vertex 249.691 42 136.009
      vertex 249.885 45 136.23
      vertex 249.691 45 136.009
    endloop
  endfacet
  facet normal -0.751522 0 0.659708
    outer loop
      vertex 249.885 45 136.23
      vertex 249.691 42 136.009
      vertex 249.885 42 136.23
    endloop
  endfacet
  facet normal -0.947659 0 0.319283
    outer loop
      vertex 250.179 42 136.739
      vertex 250.273 45 137.018
      vertex 250.179 45 136.739
    endloop
  endfacet
  facet normal -0.947659 0 0.319283
    outer loop
      vertex 250.273 45 137.018
      vertex 250.179 42 136.739
      vertex 250.273 42 137.018
    endloop
  endfacet
  facet normal 0.947659 0 -0.319283
    outer loop
      vertex 246.021 42 138.461
      vertex 245.927 45 138.182
      vertex 246.021 45 138.461
    endloop
  endfacet
  facet normal 0.947659 0 -0.319283
    outer loop
      vertex 245.927 45 138.182
      vertex 246.021 42 138.461
      vertex 245.927 42 138.182
    endloop
  endfacet
  facet normal -0.659708 0 0.751522
    outer loop
      vertex 249.47 45 135.815
      vertex 249.691 42 136.009
      vertex 249.691 45 136.009
    endloop
  endfacet
  facet normal -0.659708 0 0.751522
    outer loop
      vertex 249.691 42 136.009
      vertex 249.47 45 135.815
      vertex 249.47 42 135.815
    endloop
  endfacet
  facet normal 0.319283 0 0.947659
    outer loop
      vertex 247.239 45 135.521
      vertex 247.518 42 135.427
      vertex 247.518 45 135.427
    endloop
  endfacet
  facet normal 0.319283 0 0.947659
    outer loop
      vertex 247.518 42 135.427
      vertex 247.239 45 135.521
      vertex 247.239 42 135.521
    endloop
  endfacet
  facet normal 0.831005 0 -0.556265
    outer loop
      vertex 246.315 42 138.97
      vertex 246.151 45 138.725
      vertex 246.315 45 138.97
    endloop
  endfacet
  facet normal 0.831005 0 -0.556265
    outer loop
      vertex 246.151 45 138.725
      vertex 246.315 42 138.97
      vertex 246.151 42 138.725
    endloop
  endfacet
  facet normal -1 0 0
    outer loop
      vertex 3.6 5 48.5
      vertex 3.6 8.65 49.7188
      vertex 3.6 8 48.5
    endloop
  endfacet
  facet normal -1 -0 0
    outer loop
      vertex 3.6 8.65 49.7188
      vertex 3.6 5 48.5
      vertex 3.6 5 73.5
    endloop
  endfacet
  facet normal -1 0 0
    outer loop
      vertex 3.6 8.65 49.7188
      vertex 3.6 5 73.5
      vertex 3.6 8.65 77.8405
    endloop
  endfacet
  facet normal 0 -1 0
    outer loop
      vertex 0.5 8.65 49.7188
      vertex 3.6 8.65 77.8405
      vertex 0.5 8.65 77.8405
    endloop
  endfacet
  facet normal 0 -1 -0
    outer loop
      vertex 3.6 8.65 77.8405
      vertex 0.5 8.65 49.7188
      vertex 3.6 8.65 49.7188
    endloop
  endfacet
  facet normal -0 0 1
    outer loop
      vertex 0.5 8 48.5
      vertex 3.6 5 48.5
      vertex 3.6 8 48.5
    endloop
  endfacet
  facet normal 0 0 1
    outer loop
      vertex 3.6 5 48.5
      vertex 0.5 8 48.5
      vertex 0.5 5 48.5
    endloop
  endfacet
  facet normal 1 0 0
    outer loop
      vertex 30 8.8 20.8
      vertex 30 8.62009 18.9641
      vertex 30 10.4447 18.9641
    endloop
  endfacet
  facet normal 1 0 0
    outer loop
      vertex 30 8 19.7474
      vertex 30 8.8 20.8
      vertex 30 8 20.8
    endloop
  endfacet
  facet normal 1 0 0
    outer loop
      vertex 30 8.8 20.8
      vertex 30 8 19.7474
      vertex 30 8.62009 18.9641
    endloop
  endfacet
  facet normal 1 0 0
    outer loop
      vertex 30 26 1.6
      vertex 30 22.8417 1
      vertex 30 26 0
    endloop
  endfacet
  facet normal 1 -0 0
    outer loop
      vertex 30 12.7 13.8105
      vertex 30 26 1.6
      vertex 30 12.7 16.4465
    endloop
  endfacet
  facet normal 1 0 0
    outer loop
      vertex 30 26 1.6
      vertex 30 12.7 13.8105
      vertex 30 22.8417 1
    endloop
  endfacet
  facet normal 1 0 0
    outer loop
      vertex 30 8 0
      vertex 30 22.8417 1
      vertex 30 8 1
    endloop
  endfacet
  facet normal 1 0 0
    outer loop
      vertex 30 22.8417 1
      vertex 30 8 0
      vertex 30 26 0
    endloop
  endfacet
  facet normal 1 -0 0
    outer loop
      vertex 30 4.2 20.8
      vertex 30 5 19.7296
      vertex 30 5 20.8
    endloop
  endfacet
  facet normal 1 0 0
    outer loop
      vertex 30 4.2 20.8
      vertex 30 -8.85208 1
      vertex 30 5 19.7296
    endloop
  endfacet
  facet normal 1 0 -0
    outer loop
      vertex 30 -8.85208 1
      vertex 30 4.2 20.8
      vertex 30 -12 1.6
    endloop
  endfacet
  facet normal 1 -0 0
    outer loop
      vertex 30 -8.85208 1
      vertex 30 5 0
      vertex 30 5 1
    endloop
  endfacet
  facet normal 1 0 0
    outer loop
      vertex 30 -8.85208 1
      vertex 30 -12 0
      vertex 30 5 0
    endloop
  endfacet
  facet normal 1 0 0
    outer loop
      vertex 30 -12 0
      vertex 30 -8.85208 1
      vertex 30 -12 1.6
    endloop
  endfacet
  facet normal -0 0 1
    outer loop
      vertex 18 5 1
      vertex 30 -8.85208 1
      vertex 30 5 1
    endloop
  endfacet
  facet normal 0 0 1
    outer loop
      vertex 30 -8.85208 1
      vertex 18 5 1
      vertex 18 -8.85208 1
    endloop
  endfacet
  facet normal -0 0 1
    outer loop
      vertex 18 22.8417 1
      vertex 30 8 1
      vertex 30 22.8417 1
    endloop
  endfacet
  facet normal 0 0 1
    outer loop
      vertex 30 8 1
      vertex 18 22.8417 1
      vertex 18 8 1
    endloop
  endfacet
  facet normal -1 0 0
    outer loop
      vertex 18 26 0
      vertex 18 22.8417 1
      vertex 18 26 1.6
    endloop
  endfacet
  facet normal -1 0 0
    outer loop
      vertex 18 8 0
      vertex 18 22.8417 1
      vertex 18 26 0
    endloop
  endfacet
  facet normal -1 -0 0
    outer loop
      vertex 18 22.8417 1
      vertex 18 8 0
      vertex 18 8 1
    endloop
  endfacet
  facet normal -1 0 0
    outer loop
      vertex 18 22.8417 1
      vertex 18 8.8 20.8
      vertex 18 26 1.6
    endloop
  endfacet
  facet normal -1 0 0
    outer loop
      vertex 18 8 19.7474
      vertex 18 8.8 20.8
      vertex 18 22.8417 1
    endloop
  endfacet
  facet normal -1 -0 0
    outer loop
      vertex 18 8.8 20.8
      vertex 18 8 19.7474
      vertex 18 8 20.8
    endloop
  endfacet
  facet normal -1 0 0
    outer loop
      vertex 18 5 0
      vertex 18 -8.85208 1
      vertex 18 5 1
    endloop
  endfacet
  facet normal -1 0 -0
    outer loop
      vertex 18 -8.85208 1
      vertex 18 5 0
      vertex 18 -12 0
    endloop
  endfacet
  facet normal -1 0 0
    outer loop
      vertex 18 5 19.7296
      vertex 18 4.2 20.8
      vertex 18 5 20.8
    endloop
  endfacet
  facet normal -1 0 0
    outer loop
      vertex 18 -8.85208 1
      vertex 18 4.2 20.8
      vertex 18 5 19.7296
    endloop
  endfacet
  facet normal -1 0 0
    outer loop
      vertex 18 -12 1.6
      vertex 18 -8.85208 1
      vertex 18 -12 0
    endloop
  endfacet
  facet normal -1 0 0
    outer loop
      vertex 18 -8.85208 1
      vertex 18 -12 1.6
      vertex 18 4.2 20.8
    endloop
  endfacet
  facet normal 0 1 -0
    outer loop
      vertex 30 26 0
      vertex 18 26 1.6
      vertex 30 26 1.6
    endloop
  endfacet
  facet normal 0 1 0
    outer loop
      vertex 18 26 1.6
      vertex 30 26 0
      vertex 18 26 0
    endloop
  endfacet
  facet normal 0 -1 0
    outer loop
      vertex 18 -12 0
      vertex 30 -12 1.6
      vertex 18 -12 1.6
    endloop
  endfacet
  facet normal 0 -1 -0
    outer loop
      vertex 30 -12 1.6
      vertex 18 -12 0
      vertex 30 -12 0
    endloop
  endfacet
  facet normal 0 0.804002 -0.594626
    outer loop
      vertex 30 -8.85208 1
      vertex 18 5 19.7296
      vertex 30 5 19.7296
    endloop
  endfacet
  facet normal 0 0.804002 -0.594626
    outer loop
      vertex 18 5 19.7296
      vertex 30 -8.85208 1
      vertex 18 -8.85208 1
    endloop
  endfacet
  facet normal 0 -0.764291 0.644871
    outer loop
      vertex 18 -12 1.6
      vertex 30 4.2 20.8
      vertex 18 4.2 20.8
    endloop
  endfacet
  facet normal 0 -0.764291 0.644871
    outer loop
      vertex 30 4.2 20.8
      vertex 18 -12 1.6
      vertex 30 -12 1.6
    endloop
  endfacet
  facet normal -0 0 1
    outer loop
      vertex 18 5 20.8
      vertex 30 4.2 20.8
      vertex 30 5 20.8
    endloop
  endfacet
  facet normal 0 0 1
    outer loop
      vertex 30 4.2 20.8
      vertex 18 5 20.8
      vertex 18 4.2 20.8
    endloop
  endfacet
  facet normal 0 -0.784058 -0.620688
    outer loop
      vertex 28.8266 9.43476 17.935
      vertex 30 8 19.7474
      vertex 18 8 19.7474
    endloop
  endfacet
  facet normal 1.64918e-05 -0.784057 -0.620689
    outer loop
      vertex 30 8 19.7474
      vertex 29.565 8.85021 18.6734
      vertex 30 8.62009 18.9641
    endloop
  endfacet
  facet normal -2.42613e-05 -0.784065 -0.620679
    outer loop
      vertex 30 8 19.7474
      vertex 29.1716 9.12333 18.3284
      vertex 29.565 8.85021 18.6734
    endloop
  endfacet
  facet normal -5.49974e-06 -0.784059 -0.620686
    outer loop
      vertex 30 8 19.7474
      vertex 28.8266 9.43476 17.935
      vertex 29.1716 9.12333 18.3284
    endloop
  endfacet
  facet normal -1.31883e-05 -0.784019 -0.620736
    outer loop
      vertex 18 8 19.7474
      vertex 28.5359 9.77917 17.5
      vertex 28.8266 9.43476 17.935
    endloop
  endfacet
  facet normal -1.72763e-06 -0.784046 -0.620703
    outer loop
      vertex 18 8 19.7474
      vertex 28.3045 10.1507 17.0307
      vertex 28.5359 9.77917 17.5
    endloop
  endfacet
  facet normal -4.64633e-06 -0.78404 -0.62071
    outer loop
      vertex 18 8 19.7474
      vertex 28.1363 10.5429 16.5353
      vertex 28.3045 10.1507 17.0307
    endloop
  endfacet
  facet normal -8.49976e-06 -0.784034 -0.620718
    outer loop
      vertex 18 8 19.7474
      vertex 28.0342 10.9492 16.0221
      vertex 28.1363 10.5429 16.5353
    endloop
  endfacet
  facet normal 1.61934e-05 -0.784067 -0.620677
    outer loop
      vertex 18 8 19.7474
      vertex 28 11.3625 15.5
      vertex 28.0342 10.9492 16.0221
    endloop
  endfacet
  facet normal 1.71203e-05 -0.784068 -0.620675
    outer loop
      vertex 18 8 19.7474
      vertex 28.0342 11.7758 14.9779
      vertex 28 11.3625 15.5
    endloop
  endfacet
  facet normal -1.80412e-05 -0.784032 -0.620721
    outer loop
      vertex 18 8 19.7474
      vertex 28.1363 12.1821 14.4647
      vertex 28.0342 11.7758 14.9779
    endloop
  endfacet
  facet normal -1.18754e-05 -0.784037 -0.620714
    outer loop
      vertex 18 8 19.7474
      vertex 28.3045 12.5743 13.9693
      vertex 28.1363 12.1821 14.4647
    endloop
  endfacet
  facet normal -2.41465e-06 -0.784046 -0.620703
    outer loop
      vertex 18 22.8417 1
      vertex 28.3045 12.5743 13.9693
      vertex 18 8 19.7474
    endloop
  endfacet
  facet normal -6.5671e-05 -0.78407 -0.620672
    outer loop
      vertex 28.3045 12.5743 13.9693
      vertex 18 22.8417 1
      vertex 28.3828 12.7 13.8105
    endloop
  endfacet
  facet normal -0 -0.784044 -0.620705
    outer loop
      vertex 30 22.8417 1
      vertex 28.3828 12.7 13.8105
      vertex 18 22.8417 1
    endloop
  endfacet
  facet normal 0 -0.784044 -0.620705
    outer loop
      vertex 28.3828 12.7 13.8105
      vertex 30 22.8417 1
      vertex 30 12.7 13.8105
    endloop
  endfacet
  facet normal 0 0.744835 0.667249
    outer loop
      vertex 30 12.7 16.4465
      vertex 30 26 1.6
      vertex 28.1186 12.7 16.4465
    endloop
  endfacet
  facet normal -4.28365e-05 0.744827 0.667257
    outer loop
      vertex 29.565 10.7051 18.6734
      vertex 30 8.8 20.8
      vertex 30 10.4447 18.9641
    endloop
  endfacet
  facet normal -0.000151995 0.744816 0.66727
    outer loop
      vertex 29.1716 11.0141 18.3284
      vertex 30 8.8 20.8
      vertex 29.565 10.7051 18.6734
    endloop
  endfacet
  facet normal -4.96264e-05 0.744833 0.667251
    outer loop
      vertex 28.8266 11.3665 17.935
      vertex 30 8.8 20.8
      vertex 29.1716 11.0141 18.3284
    endloop
  endfacet
  facet normal 0 0.744843 0.667239
    outer loop
      vertex 30 8.8 20.8
      vertex 28.8266 11.3665 17.935
      vertex 18 8.8 20.8
    endloop
  endfacet
  facet normal 8.46635e-06 0.744828 0.667257
    outer loop
      vertex 28.5359 11.7562 17.5
      vertex 18 8.8 20.8
      vertex 28.8266 11.3665 17.935
    endloop
  endfacet
  facet normal -3.21786e-06 0.744846 0.667236
    outer loop
      vertex 28.3045 12.1766 17.0307
      vertex 18 8.8 20.8
      vertex 28.5359 11.7562 17.5
    endloop
  endfacet
  facet normal 5.5107e-05 0.744767 0.667325
    outer loop
      vertex 28.1363 12.6205 16.5353
      vertex 18 8.8 20.8
      vertex 28.3045 12.1766 17.0307
    endloop
  endfacet
  facet normal -0.000165525 0.745027 0.667034
    outer loop
      vertex 28.1186 12.7 16.4465
      vertex 18 8.8 20.8
      vertex 28.1363 12.6205 16.5353
    endloop
  endfacet
  facet normal -0 0.744835 0.667249
    outer loop
      vertex 18 26 1.6
      vertex 28.1186 12.7 16.4465
      vertex 30 26 1.6
    endloop
  endfacet
  facet normal 7.66776e-07 0.744835 0.667248
    outer loop
      vertex 28.1186 12.7 16.4465
      vertex 18 26 1.6
      vertex 18 8.8 20.8
    endloop
  endfacet
  facet normal -0 0 1
    outer loop
      vertex 18 8.8 20.8
      vertex 30 8 20.8
      vertex 30 8.8 20.8
    endloop
  endfacet
  facet normal 0 0 1
    outer loop
      vertex 30 8 20.8
      vertex 18 8.8 20.8
      vertex 18 8 20.8
    endloop
  endfacet
  facet normal 1 0 0
    outer loop
      vertex 62 26 1.6
      vertex 62 22.8417 1
      vertex 62 26 0
    endloop
  endfacet
  facet normal 1 0 0
    outer loop
      vertex 62 8.8 20.8
      vertex 62 22.8417 1
      vertex 62 26 1.6
    endloop
  endfacet
  facet normal 1 0 0
    outer loop
      vertex 62 8 19.7474
      vertex 62 8.8 20.8
      vertex 62 8 20.8
    endloop
  endfacet
  facet normal 1 0 0
    outer loop
      vertex 62 8.8 20.8
      vertex 62 8 19.7474
      vertex 62 22.8417 1
    endloop
  endfacet
  facet normal 1 0 0
    outer loop
      vertex 62 8 0
      vertex 62 22.8417 1
      vertex 62 8 1
    endloop
  endfacet
  facet normal 1 0 0
    outer loop
      vertex 62 22.8417 1
      vertex 62 8 0
      vertex 62 26 0
    endloop
  endfacet
  facet normal 1 -0 0
    outer loop
      vertex 62 4.2 20.8
      vertex 62 5 19.7296
      vertex 62 5 20.8
    endloop
  endfacet
  facet normal 1 0 0
    outer loop
      vertex 62 4.2 20.8
      vertex 62 -8.85208 1
      vertex 62 5 19.7296
    endloop
  endfacet
  facet normal 1 0 -0
    outer loop
      vertex 62 -8.85208 1
      vertex 62 4.2 20.8
      vertex 62 -12 1.6
    endloop
  endfacet
  facet normal 1 -0 0
    outer loop
      vertex 62 -8.85208 1
      vertex 62 5 0
      vertex 62 5 1
    endloop
  endfacet
  facet normal 1 0 0
    outer loop
      vertex 62 -8.85208 1
      vertex 62 -12 0
      vertex 62 5 0
    endloop
  endfacet
  facet normal 1 0 0
    outer loop
      vertex 62 -12 0
      vertex 62 -8.85208 1
      vertex 62 -12 1.6
    endloop
  endfacet
  facet normal -0 0 1
    outer loop
      vertex 50 5 1
      vertex 62 -8.85208 1
      vertex 62 5 1
    endloop
  endfacet
  facet normal 0 0 1
    outer loop
      vertex 62 -8.85208 1
      vertex 50 5 1
      vertex 50 -8.85208 1
    endloop
  endfacet
  facet normal -0 0 1
    outer loop
      vertex 50 22.8417 1
      vertex 62 8 1
      vertex 62 22.8417 1
    endloop
  endfacet
  facet normal 0 0 1
    outer loop
      vertex 62 8 1
      vertex 50 22.8417 1
      vertex 50 8 1
    endloop
  endfacet
  facet normal -1 0 0
    outer loop
      vertex 50 26 0
      vertex 50 22.8417 1
      vertex 50 26 1.6
    endloop
  endfacet
  facet normal -1 0 0
    outer loop
      vertex 50 8 0
      vertex 50 22.8417 1
      vertex 50 26 0
    endloop
  endfacet
  facet normal -1 -0 0
    outer loop
      vertex 50 22.8417 1
      vertex 50 8 0
      vertex 50 8 1
    endloop
  endfacet
  facet normal -1 0 0
    outer loop
      vertex 50 22.8417 1
      vertex 50 8.8 20.8
      vertex 50 26 1.6
    endloop
  endfacet
  facet normal -1 0 0
    outer loop
      vertex 50 8 19.7474
      vertex 50 8.8 20.8
      vertex 50 22.8417 1
    endloop
  endfacet
  facet normal -1 -0 0
    outer loop
      vertex 50 8.8 20.8
      vertex 50 8 19.7474
      vertex 50 8 20.8
    endloop
  endfacet
  facet normal -1 0 0
    outer loop
      vertex 50 5 0
      vertex 50 -8.85208 1
      vertex 50 5 1
    endloop
  endfacet
  facet normal -1 0 -0
    outer loop
      vertex 50 -8.85208 1
      vertex 50 5 0
      vertex 50 -12 0
    endloop
  endfacet
  facet normal -1 0 0
    outer loop
      vertex 50 5 19.7296
      vertex 50 4.2 20.8
      vertex 50 5 20.8
    endloop
  endfacet
  facet normal -1 0 0
    outer loop
      vertex 50 -8.85208 1
      vertex 50 4.2 20.8
      vertex 50 5 19.7296
    endloop
  endfacet
  facet normal -1 0 0
    outer loop
      vertex 50 -12 1.6
      vertex 50 -8.85208 1
      vertex 50 -12 0
    endloop
  endfacet
  facet normal -1 0 0
    outer loop
      vertex 50 -8.85208 1
      vertex 50 -12 1.6
      vertex 50 4.2 20.8
    endloop
  endfacet
  facet normal 0 1 -0
    outer loop
      vertex 62 26 0
      vertex 50 26 1.6
      vertex 62 26 1.6
    endloop
  endfacet
  facet normal 0 1 0
    outer loop
      vertex 50 26 1.6
      vertex 62 26 0
      vertex 50 26 0
    endloop
  endfacet
  facet normal 0 -1 0
    outer loop
      vertex 50 -12 0
      vertex 62 -12 1.6
      vertex 50 -12 1.6
    endloop
  endfacet
  facet normal 0 -1 -0
    outer loop
      vertex 62 -12 1.6
      vertex 50 -12 0
      vertex 62 -12 0
    endloop
  endfacet
  facet normal 0 0.804002 -0.594626
    outer loop
      vertex 62 -8.85208 1
      vertex 50 5 19.7296
      vertex 62 5 19.7296
    endloop
  endfacet
  facet normal 0 0.804002 -0.594626
    outer loop
      vertex 50 5 19.7296
      vertex 62 -8.85208 1
      vertex 50 -8.85208 1
    endloop
  endfacet
  facet normal 0 -0.764291 0.644871
    outer loop
      vertex 50 -12 1.6
      vertex 62 4.2 20.8
      vertex 50 4.2 20.8
    endloop
  endfacet
  facet normal 0 -0.764291 0.644871
    outer loop
      vertex 62 4.2 20.8
      vertex 50 -12 1.6
      vertex 62 -12 1.6
    endloop
  endfacet
  facet normal -0 0 1
    outer loop
      vertex 50 5 20.8
      vertex 62 4.2 20.8
      vertex 62 5 20.8
    endloop
  endfacet
  facet normal 0 0 1
    outer loop
      vertex 62 4.2 20.8
      vertex 50 5 20.8
      vertex 50 4.2 20.8
    endloop
  endfacet
  facet normal 0 -0.784046 -0.620703
    outer loop
      vertex 50 22.8417 1
      vertex 62 8 19.7474
      vertex 50 8 19.7474
    endloop
  endfacet
  facet normal 0 -0.784046 -0.620703
    outer loop
      vertex 62 8 19.7474
      vertex 50 22.8417 1
      vertex 62 22.8417 1
    endloop
  endfacet
  facet normal 0 0.744835 0.667248
    outer loop
      vertex 62 26 1.6
      vertex 50 8.8 20.8
      vertex 62 8.8 20.8
    endloop
  endfacet
  facet normal 0 0.744835 0.667248
    outer loop
      vertex 50 8.8 20.8
      vertex 62 26 1.6
      vertex 50 26 1.6
    endloop
  endfacet
  facet normal -0 0 1
    outer loop
      vertex 50 8.8 20.8
      vertex 62 8 20.8
      vertex 62 8.8 20.8
    endloop
  endfacet
  facet normal 0 0 1
    outer loop
      vertex 62 8 20.8
      vertex 50 8.8 20.8
      vertex 50 8 20.8
    endloop
  endfacet
  facet normal 1 0 0
    outer loop
      vertex 206 26 1.6
      vertex 206 22.8417 1
      vertex 206 26 0
    endloop
  endfacet
  facet normal 1 0 0
    outer loop
      vertex 206 8.8 20.8
      vertex 206 22.8417 1
      vertex 206 26 1.6
    endloop
  endfacet
  facet normal 1 0 0
    outer loop
      vertex 206 8 19.7474
      vertex 206 8.8 20.8
      vertex 206 8 20.8
    endloop
  endfacet
  facet normal 1 0 0
    outer loop
      vertex 206 8.8 20.8
      vertex 206 8 19.7474
      vertex 206 22.8417 1
    endloop
  endfacet
  facet normal 1 0 0
    outer loop
      vertex 206 8 0
      vertex 206 22.8417 1
      vertex 206 8 1
    endloop
  endfacet
  facet normal 1 0 0
    outer loop
      vertex 206 22.8417 1
      vertex 206 8 0
      vertex 206 26 0
    endloop
  endfacet
  facet normal 1 -0 0
    outer loop
      vertex 206 4.2 20.8
      vertex 206 5 19.7296
      vertex 206 5 20.8
    endloop
  endfacet
  facet normal 1 0 0
    outer loop
      vertex 206 4.2 20.8
      vertex 206 -8.85208 1
      vertex 206 5 19.7296
    endloop
  endfacet
  facet normal 1 0 -0
    outer loop
      vertex 206 -8.85208 1
      vertex 206 4.2 20.8
      vertex 206 -12 1.6
    endloop
  endfacet
  facet normal 1 -0 0
    outer loop
      vertex 206 -8.85208 1
      vertex 206 5 0
      vertex 206 5 1
    endloop
  endfacet
  facet normal 1 0 0
    outer loop
      vertex 206 -8.85208 1
      vertex 206 -12 0
      vertex 206 5 0
    endloop
  endfacet
  facet normal 1 0 0
    outer loop
      vertex 206 -12 0
      vertex 206 -8.85208 1
      vertex 206 -12 1.6
    endloop
  endfacet
  facet normal -0 0 1
    outer loop
      vertex 194 5 1
      vertex 206 -8.85208 1
      vertex 206 5 1
    endloop
  endfacet
  facet normal 0 0 1
    outer loop
      vertex 206 -8.85208 1
      vertex 194 5 1
      vertex 194 -8.85208 1
    endloop
  endfacet
  facet normal -0 0 1
    outer loop
      vertex 194 22.8417 1
      vertex 206 8 1
      vertex 206 22.8417 1
    endloop
  endfacet
  facet normal 0 0 1
    outer loop
      vertex 206 8 1
      vertex 194 22.8417 1
      vertex 194 8 1
    endloop
  endfacet
  facet normal -1 0 0
    outer loop
      vertex 194 26 0
      vertex 194 22.8417 1
      vertex 194 26 1.6
    endloop
  endfacet
  facet normal -1 0 0
    outer loop
      vertex 194 8 0
      vertex 194 22.8417 1
      vertex 194 26 0
    endloop
  endfacet
  facet normal -1 -0 0
    outer loop
      vertex 194 22.8417 1
      vertex 194 8 0
      vertex 194 8 1
    endloop
  endfacet
  facet normal -1 0 0
    outer loop
      vertex 194 22.8417 1
      vertex 194 8.8 20.8
      vertex 194 26 1.6
    endloop
  endfacet
  facet normal -1 0 0
    outer loop
      vertex 194 8 19.7474
      vertex 194 8.8 20.8
      vertex 194 22.8417 1
    endloop
  endfacet
  facet normal -1 -0 0
    outer loop
      vertex 194 8.8 20.8
      vertex 194 8 19.7474
      vertex 194 8 20.8
    endloop
  endfacet
  facet normal -1 0 0
    outer loop
      vertex 194 5 0
      vertex 194 -8.85208 1
      vertex 194 5 1
    endloop
  endfacet
  facet normal -1 0 -0
    outer loop
      vertex 194 -8.85208 1
      vertex 194 5 0
      vertex 194 -12 0
    endloop
  endfacet
  facet normal -1 0 0
    outer loop
      vertex 194 5 19.7296
      vertex 194 4.2 20.8
      vertex 194 5 20.8
    endloop
  endfacet
  facet normal -1 0 0
    outer loop
      vertex 194 -8.85208 1
      vertex 194 4.2 20.8
      vertex 194 5 19.7296
    endloop
  endfacet
  facet normal -1 0 0
    outer loop
      vertex 194 -12 1.6
      vertex 194 -8.85208 1
      vertex 194 -12 0
    endloop
  endfacet
  facet normal -1 0 0
    outer loop
      vertex 194 -8.85208 1
      vertex 194 -12 1.6
      vertex 194 4.2 20.8
    endloop
  endfacet
  facet normal 0 1 -0
    outer loop
      vertex 206 26 0
      vertex 194 26 1.6
      vertex 206 26 1.6
    endloop
  endfacet
  facet normal 0 1 0
    outer loop
      vertex 194 26 1.6
      vertex 206 26 0
      vertex 194 26 0
    endloop
  endfacet
  facet normal 0 -1 0
    outer loop
      vertex 194 -12 0
      vertex 206 -12 1.6
      vertex 194 -12 1.6
    endloop
  endfacet
  facet normal 0 -1 -0
    outer loop
      vertex 206 -12 1.6
      vertex 194 -12 0
      vertex 206 -12 0
    endloop
  endfacet
  facet normal 0 0.804002 -0.594626
    outer loop
      vertex 206 -8.85208 1
      vertex 194 5 19.7296
      vertex 206 5 19.7296
    endloop
  endfacet
  facet normal 0 0.804002 -0.594626
    outer loop
      vertex 194 5 19.7296
      vertex 206 -8.85208 1
      vertex 194 -8.85208 1
    endloop
  endfacet
  facet normal 0 -0.764291 0.644871
    outer loop
      vertex 194 -12 1.6
      vertex 206 4.2 20.8
      vertex 194 4.2 20.8
    endloop
  endfacet
  facet normal 0 -0.764291 0.644871
    outer loop
      vertex 206 4.2 20.8
      vertex 194 -12 1.6
      vertex 206 -12 1.6
    endloop
  endfacet
  facet normal -0 0 1
    outer loop
      vertex 194 5 20.8
      vertex 206 4.2 20.8
      vertex 206 5 20.8
    endloop
  endfacet
  facet normal 0 0 1
    outer loop
      vertex 206 4.2 20.8
      vertex 194 5 20.8
      vertex 194 4.2 20.8
    endloop
  endfacet
  facet normal 0 -0.784046 -0.620703
    outer loop
      vertex 194 22.8417 1
      vertex 206 8 19.7474
      vertex 194 8 19.7474
    endloop
  endfacet
  facet normal 0 -0.784046 -0.620703
    outer loop
      vertex 206 8 19.7474
      vertex 194 22.8417 1
      vertex 206 22.8417 1
    endloop
  endfacet
  facet normal 0 0.744835 0.667248
    outer loop
      vertex 206 26 1.6
      vertex 194 8.8 20.8
      vertex 206 8.8 20.8
    endloop
  endfacet
  facet normal 0 0.744835 0.667248
    outer loop
      vertex 194 8.8 20.8
      vertex 206 26 1.6
      vertex 194 26 1.6
    endloop
  endfacet
  facet normal -0 0 1
    outer loop
      vertex 194 8.8 20.8
      vertex 206 8 20.8
      vertex 206 8.8 20.8
    endloop
  endfacet
  facet normal 0 0 1
    outer loop
      vertex 206 8 20.8
      vertex 194 8.8 20.8
      vertex 194 8 20.8
    endloop
  endfacet
  facet normal 1 0 0
    outer loop
      vertex 238 26 1.6
      vertex 238 22.8417 1
      vertex 238 26 0
    endloop
  endfacet
  facet normal 1 0 0
    outer loop
      vertex 238 8.8 20.8
      vertex 238 22.8417 1
      vertex 238 26 1.6
    endloop
  endfacet
  facet normal 1 0 0
    outer loop
      vertex 238 8 19.7474
      vertex 238 8.8 20.8
      vertex 238 8 20.8
    endloop
  endfacet
  facet normal 1 0 0
    outer loop
      vertex 238 8.8 20.8
      vertex 238 8 19.7474
      vertex 238 22.8417 1
    endloop
  endfacet
  facet normal 1 0 0
    outer loop
      vertex 238 8 0
      vertex 238 22.8417 1
      vertex 238 8 1
    endloop
  endfacet
  facet normal 1 0 0
    outer loop
      vertex 238 22.8417 1
      vertex 238 8 0
      vertex 238 26 0
    endloop
  endfacet
  facet normal 1 -0 0
    outer loop
      vertex 238 4.2 20.8
      vertex 238 5 19.7296
      vertex 238 5 20.8
    endloop
  endfacet
  facet normal 1 0 0
    outer loop
      vertex 238 4.2 20.8
      vertex 238 -8.85208 1
      vertex 238 5 19.7296
    endloop
  endfacet
  facet normal 1 0 -0
    outer loop
      vertex 238 -8.85208 1
      vertex 238 4.2 20.8
      vertex 238 -12 1.6
    endloop
  endfacet
  facet normal 1 -0 0
    outer loop
      vertex 238 -8.85208 1
      vertex 238 5 0
      vertex 238 5 1
    endloop
  endfacet
  facet normal 1 0 0
    outer loop
      vertex 238 -8.85208 1
      vertex 238 -12 0
      vertex 238 5 0
    endloop
  endfacet
  facet normal 1 0 0
    outer loop
      vertex 238 -12 0
      vertex 238 -8.85208 1
      vertex 238 -12 1.6
    endloop
  endfacet
  facet normal -0 0 1
    outer loop
      vertex 226 5 1
      vertex 238 -8.85208 1
      vertex 238 5 1
    endloop
  endfacet
  facet normal 0 0 1
    outer loop
      vertex 238 -8.85208 1
      vertex 226 5 1
      vertex 226 -8.85208 1
    endloop
  endfacet
  facet normal -0 0 1
    outer loop
      vertex 226 22.8417 1
      vertex 238 8 1
      vertex 238 22.8417 1
    endloop
  endfacet
  facet normal 0 0 1
    outer loop
      vertex 238 8 1
      vertex 226 22.8417 1
      vertex 226 8 1
    endloop
  endfacet
  facet normal -1 0 0
    outer loop
      vertex 226 8.62009 18.9641
      vertex 226 8.8 20.8
      vertex 226 10.4447 18.9641
    endloop
  endfacet
  facet normal -1 0 0
    outer loop
      vertex 226 8 19.7474
      vertex 226 8.8 20.8
      vertex 226 8.62009 18.9641
    endloop
  endfacet
  facet normal -1 -0 0
    outer loop
      vertex 226 8.8 20.8
      vertex 226 8 19.7474
      vertex 226 8 20.8
    endloop
  endfacet
  facet normal -1 0 0
    outer loop
      vertex 226 26 0
      vertex 226 22.8417 1
      vertex 226 26 1.6
    endloop
  endfacet
  facet normal -1 0 0
    outer loop
      vertex 226 8 0
      vertex 226 22.8417 1
      vertex 226 26 0
    endloop
  endfacet
  facet normal -1 -0 0
    outer loop
      vertex 226 22.8417 1
      vertex 226 8 0
      vertex 226 8 1
    endloop
  endfacet
  facet normal -1 0 0
    outer loop
      vertex 226 12.7 13.8105
      vertex 226 26 1.6
      vertex 226 22.8417 1
    endloop
  endfacet
  facet normal -1 0 0
    outer loop
      vertex 226 26 1.6
      vertex 226 12.7 13.8105
      vertex 226 12.7 16.4465
    endloop
  endfacet
  facet normal -1 0 0
    outer loop
      vertex 226 5 0
      vertex 226 -8.85208 1
      vertex 226 5 1
    endloop
  endfacet
  facet normal -1 0 -0
    outer loop
      vertex 226 -8.85208 1
      vertex 226 5 0
      vertex 226 -12 0
    endloop
  endfacet
  facet normal -1 0 0
    outer loop
      vertex 226 5 19.7296
      vertex 226 4.2 20.8
      vertex 226 5 20.8
    endloop
  endfacet
  facet normal -1 0 0
    outer loop
      vertex 226 -8.85208 1
      vertex 226 4.2 20.8
      vertex 226 5 19.7296
    endloop
  endfacet
  facet normal -1 0 0
    outer loop
      vertex 226 -12 1.6
      vertex 226 -8.85208 1
      vertex 226 -12 0
    endloop
  endfacet
  facet normal -1 0 0
    outer loop
      vertex 226 -8.85208 1
      vertex 226 -12 1.6
      vertex 226 4.2 20.8
    endloop
  endfacet
  facet normal 0 1 -0
    outer loop
      vertex 238 26 0
      vertex 226 26 1.6
      vertex 238 26 1.6
    endloop
  endfacet
  facet normal 0 1 0
    outer loop
      vertex 226 26 1.6
      vertex 238 26 0
      vertex 226 26 0
    endloop
  endfacet
  facet normal 0 -1 0
    outer loop
      vertex 226 -12 0
      vertex 238 -12 1.6
      vertex 226 -12 1.6
    endloop
  endfacet
  facet normal 0 -1 -0
    outer loop
      vertex 238 -12 1.6
      vertex 226 -12 0
      vertex 238 -12 0
    endloop
  endfacet
  facet normal 0 0.804002 -0.594626
    outer loop
      vertex 238 -8.85208 1
      vertex 226 5 19.7296
      vertex 238 5 19.7296
    endloop
  endfacet
  facet normal 0 0.804002 -0.594626
    outer loop
      vertex 226 5 19.7296
      vertex 238 -8.85208 1
      vertex 226 -8.85208 1
    endloop
  endfacet
  facet normal 0 -0.764291 0.644871
    outer loop
      vertex 226 -12 1.6
      vertex 238 4.2 20.8
      vertex 226 4.2 20.8
    endloop
  endfacet
  facet normal 0 -0.764291 0.644871
    outer loop
      vertex 238 4.2 20.8
      vertex 226 -12 1.6
      vertex 238 -12 1.6
    endloop
  endfacet
  facet normal -0 0 1
    outer loop
      vertex 226 5 20.8
      vertex 238 4.2 20.8
      vertex 238 5 20.8
    endloop
  endfacet
  facet normal 0 0 1
    outer loop
      vertex 238 4.2 20.8
      vertex 226 5 20.8
      vertex 226 4.2 20.8
    endloop
  endfacet
  facet normal 0 -0.784044 -0.620705
    outer loop
      vertex 226 12.7 13.8105
      vertex 226 22.8417 1
      vertex 227.617 12.7 13.8105
    endloop
  endfacet
  facet normal -1.64918e-05 -0.784057 -0.620689
    outer loop
      vertex 226.435 8.85021 18.6734
      vertex 226 8 19.7474
      vertex 226 8.62009 18.9641
    endloop
  endfacet
  facet normal 2.42996e-05 -0.784065 -0.620679
    outer loop
      vertex 226.828 9.12333 18.3284
      vertex 226 8 19.7474
      vertex 226.435 8.85021 18.6734
    endloop
  endfacet
  facet normal 5.49445e-06 -0.784059 -0.620686
    outer loop
      vertex 227.173 9.43476 17.935
      vertex 226 8 19.7474
      vertex 226.828 9.12333 18.3284
    endloop
  endfacet
  facet normal 0 -0.784058 -0.620688
    outer loop
      vertex 226 8 19.7474
      vertex 227.173 9.43476 17.935
      vertex 238 8 19.7474
    endloop
  endfacet
  facet normal 1.31865e-05 -0.784019 -0.620736
    outer loop
      vertex 227.464 9.77917 17.5
      vertex 238 8 19.7474
      vertex 227.173 9.43476 17.935
    endloop
  endfacet
  facet normal 1.72719e-06 -0.784046 -0.620703
    outer loop
      vertex 227.696 10.1507 17.0307
      vertex 238 8 19.7474
      vertex 227.464 9.77917 17.5
    endloop
  endfacet
  facet normal 4.64699e-06 -0.78404 -0.62071
    outer loop
      vertex 227.864 10.5429 16.5353
      vertex 238 8 19.7474
      vertex 227.696 10.1507 17.0307
    endloop
  endfacet
  facet normal 8.50049e-06 -0.784034 -0.620718
    outer loop
      vertex 227.966 10.9492 16.0221
      vertex 238 8 19.7474
      vertex 227.864 10.5429 16.5353
    endloop
  endfacet
  facet normal -1.6196e-05 -0.784067 -0.620677
    outer loop
      vertex 228 11.3625 15.5
      vertex 238 8 19.7474
      vertex 227.966 10.9492 16.0221
    endloop
  endfacet
  facet normal -1.71174e-05 -0.784068 -0.620675
    outer loop
      vertex 227.966 11.7758 14.9779
      vertex 238 8 19.7474
      vertex 228 11.3625 15.5
    endloop
  endfacet
  facet normal 1.80398e-05 -0.784032 -0.620721
    outer loop
      vertex 227.864 12.1821 14.4647
      vertex 238 8 19.7474
      vertex 227.966 11.7758 14.9779
    endloop
  endfacet
  facet normal 1.18728e-05 -0.784037 -0.620714
    outer loop
      vertex 227.696 12.5743 13.9693
      vertex 238 8 19.7474
      vertex 227.864 12.1821 14.4647
    endloop
  endfacet
  facet normal 6.54489e-05 -0.78407 -0.620672
    outer loop
      vertex 238 22.8417 1
      vertex 227.696 12.5743 13.9693
      vertex 227.617 12.7 13.8105
    endloop
  endfacet
  facet normal -0 -0.784044 -0.620705
    outer loop
      vertex 238 22.8417 1
      vertex 227.617 12.7 13.8105
      vertex 226 22.8417 1
    endloop
  endfacet
  facet normal 2.41477e-06 -0.784046 -0.620703
    outer loop
      vertex 227.696 12.5743 13.9693
      vertex 238 22.8417 1
      vertex 238 8 19.7474
    endloop
  endfacet
  facet normal 0 0.744843 0.667239
    outer loop
      vertex 227.173 11.3665 17.935
      vertex 226 8.8 20.8
      vertex 238 8.8 20.8
    endloop
  endfacet
  facet normal 4.28365e-05 0.744827 0.667257
    outer loop
      vertex 226 8.8 20.8
      vertex 226.435 10.7051 18.6734
      vertex 226 10.4447 18.9641
    endloop
  endfacet
  facet normal 0.000152183 0.744816 0.66727
    outer loop
      vertex 226 8.8 20.8
      vertex 226.828 11.0141 18.3284
      vertex 226.435 10.7051 18.6734
    endloop
  endfacet
  facet normal 4.96116e-05 0.744833 0.667251
    outer loop
      vertex 226 8.8 20.8
      vertex 227.173 11.3665 17.935
      vertex 226.828 11.0141 18.3284
    endloop
  endfacet
  facet normal -8.46477e-06 0.744828 0.667257
    outer loop
      vertex 238 8.8 20.8
      vertex 227.464 11.7562 17.5
      vertex 227.173 11.3665 17.935
    endloop
  endfacet
  facet normal 3.21671e-06 0.744846 0.667236
    outer loop
      vertex 238 8.8 20.8
      vertex 227.696 12.1766 17.0307
      vertex 227.464 11.7562 17.5
    endloop
  endfacet
  facet normal -5.51166e-05 0.744767 0.667325
    outer loop
      vertex 238 8.8 20.8
      vertex 227.864 12.6205 16.5353
      vertex 227.696 12.1766 17.0307
    endloop
  endfacet
  facet normal 0.000166038 0.745028 0.667033
    outer loop
      vertex 238 8.8 20.8
      vertex 227.881 12.7 16.4465
      vertex 227.864 12.6205 16.5353
    endloop
  endfacet
  facet normal -7.66746e-07 0.744835 0.667248
    outer loop
      vertex 238 26 1.6
      vertex 227.881 12.7 16.4465
      vertex 238 8.8 20.8
    endloop
  endfacet
  facet normal -0 0.744835 0.667249
    outer loop
      vertex 226 26 1.6
      vertex 227.881 12.7 16.4465
      vertex 238 26 1.6
    endloop
  endfacet
  facet normal 0 0.744835 0.667249
    outer loop
      vertex 227.881 12.7 16.4465
      vertex 226 26 1.6
      vertex 226 12.7 16.4465
    endloop
  endfacet
  facet normal -0 0 1
    outer loop
      vertex 226 8.8 20.8
      vertex 238 8 20.8
      vertex 238 8.8 20.8
    endloop
  endfacet
  facet normal 0 0 1
    outer loop
      vertex 238 8 20.8
      vertex 226 8.8 20.8
      vertex 226 8 20.8
    endloop
  endfacet
  facet normal 1 0 0
    outer loop
      vertex 134 26 1.6
      vertex 134 22.7687 1
      vertex 134 26 0
    endloop
  endfacet
  facet normal 1 0 0
    outer loop
      vertex 134 26 1.6
      vertex 134 8 15.3
      vertex 134 22.7687 1
    endloop
  endfacet
  facet normal 1 0 0
    outer loop
      vertex 134 1.8 20.8
      vertex 134 8 15.3
      vertex 134 26 1.6
    endloop
  endfacet
  facet normal 1 0 0
    outer loop
      vertex 134 1.8 20.8
      vertex 134 6.23438 15.3
      vertex 134 8 15.3
    endloop
  endfacet
  facet normal 1 0 0
    outer loop
      vertex 134 1 19.827
      vertex 134 1.8 20.8
      vertex 134 1 20.8
    endloop
  endfacet
  facet normal 1 0 0
    outer loop
      vertex 134 1.8 20.8
      vertex 134 1 19.827
      vertex 134 6.23438 15.3
    endloop
  endfacet
  facet normal 1 0 0
    outer loop
      vertex 134 8 0
      vertex 134 22.7687 1
      vertex 134 8 1
    endloop
  endfacet
  facet normal 1 0 0
    outer loop
      vertex 134 22.7687 1
      vertex 134 8 0
      vertex 134 26 0
    endloop
  endfacet
  facet normal 1 0 0
    outer loop
      vertex 134 22.7687 1
      vertex 134 8 15.3
      vertex 134 8 13.773
    endloop
  endfacet
  facet normal 1 -0 0
    outer loop
      vertex 134 -2.8 20.8
      vertex 134 -2 19.4667
      vertex 134 -2 20.8
    endloop
  endfacet
  facet normal 1 0 0
    outer loop
      vertex 134 -12 1.6
      vertex 134 -2 19.4667
      vertex 134 -2.8 20.8
    endloop
  endfacet
  facet normal 1 0 0
    outer loop
      vertex 134 -2 19.4667
      vertex 134 -12 1.6
      vertex 134 -8.925 1
    endloop
  endfacet
  facet normal 1 -0 0
    outer loop
      vertex 134 -8.925 1
      vertex 134 5 0
      vertex 134 5 1
    endloop
  endfacet
  facet normal 1 0 0
    outer loop
      vertex 134 -8.925 1
      vertex 134 -12 0
      vertex 134 5 0
    endloop
  endfacet
  facet normal 1 0 0
    outer loop
      vertex 134 -12 0
      vertex 134 -8.925 1
      vertex 134 -12 1.6
    endloop
  endfacet
  facet normal -0 0 1
    outer loop
      vertex 122 5 1
      vertex 134 -8.925 1
      vertex 134 5 1
    endloop
  endfacet
  facet normal 0 0 1
    outer loop
      vertex 134 -8.925 1
      vertex 122 5 1
      vertex 122 -8.925 1
    endloop
  endfacet
  facet normal -0 0 1
    outer loop
      vertex 122 22.7687 1
      vertex 134 8 1
      vertex 134 22.7687 1
    endloop
  endfacet
  facet normal 0 0 1
    outer loop
      vertex 134 8 1
      vertex 122 22.7687 1
      vertex 122 8 1
    endloop
  endfacet
  facet normal -1 0 0
    outer loop
      vertex 122 26 0
      vertex 122 22.7687 1
      vertex 122 26 1.6
    endloop
  endfacet
  facet normal -1 0 0
    outer loop
      vertex 122 8 0
      vertex 122 22.7687 1
      vertex 122 26 0
    endloop
  endfacet
  facet normal -1 -0 0
    outer loop
      vertex 122 22.7687 1
      vertex 122 8 0
      vertex 122 8 1
    endloop
  endfacet
  facet normal -1 0 0
    outer loop
      vertex 122 8 15.3
      vertex 122 22.7687 1
      vertex 122 8 13.773
    endloop
  endfacet
  facet normal -1 0 0
    outer loop
      vertex 122 22.7687 1
      vertex 122 8 15.3
      vertex 122 26 1.6
    endloop
  endfacet
  facet normal -1 0 0
    outer loop
      vertex 122 8 15.3
      vertex 122 1.8 20.8
      vertex 122 26 1.6
    endloop
  endfacet
  facet normal -1 0 0
    outer loop
      vertex 122 6.23438 15.3
      vertex 122 1.8 20.8
      vertex 122 8 15.3
    endloop
  endfacet
  facet normal -1 0 0
    outer loop
      vertex 122 1 19.827
      vertex 122 1.8 20.8
      vertex 122 6.23438 15.3
    endloop
  endfacet
  facet normal -1 -0 0
    outer loop
      vertex 122 1.8 20.8
      vertex 122 1 19.827
      vertex 122 1 20.8
    endloop
  endfacet
  facet normal -1 0 0
    outer loop
      vertex 122 5 0
      vertex 122 -8.925 1
      vertex 122 5 1
    endloop
  endfacet
  facet normal -1 0 -0
    outer loop
      vertex 122 -8.925 1
      vertex 122 5 0
      vertex 122 -12 0
    endloop
  endfacet
  facet normal -1 0 0
    outer loop
      vertex 122 -2 19.4667
      vertex 122 -2.8 20.8
      vertex 122 -2 20.8
    endloop
  endfacet
  facet normal -1 0 0
    outer loop
      vertex 122 -12 1.6
      vertex 122 -2 19.4667
      vertex 122 -8.925 1
    endloop
  endfacet
  facet normal -1 0 0
    outer loop
      vertex 122 -12 1.6
      vertex 122 -8.925 1
      vertex 122 -12 0
    endloop
  endfacet
  facet normal -1 -0 0
    outer loop
      vertex 122 -2 19.4667
      vertex 122 -12 1.6
      vertex 122 -2.8 20.8
    endloop
  endfacet
  facet normal 0 1 -0
    outer loop
      vertex 134 26 0
      vertex 122 26 1.6
      vertex 134 26 1.6
    endloop
  endfacet
  facet normal 0 1 0
    outer loop
      vertex 122 26 1.6
      vertex 134 26 0
      vertex 122 26 0
    endloop
  endfacet
  facet normal 0 -1 0
    outer loop
      vertex 122 -12 0
      vertex 134 -12 1.6
      vertex 122 -12 1.6
    endloop
  endfacet
  facet normal 0 -1 -0
    outer loop
      vertex 134 -12 1.6
      vertex 122 -12 0
      vertex 134 -12 0
    endloop
  endfacet
  facet normal 0 0.936329 -0.351123
    outer loop
      vertex 134 -8.925 1
      vertex 122 -2 19.4667
      vertex 134 -2 19.4667
    endloop
  endfacet
  facet normal 0 0.936329 -0.351123
    outer loop
      vertex 122 -2 19.4667
      vertex 134 -8.925 1
      vertex 122 -8.925 1
    endloop
  endfacet
  facet normal 0 -0.901816 0.43212
    outer loop
      vertex 122 -12 1.6
      vertex 134 -2.8 20.8
      vertex 122 -2.8 20.8
    endloop
  endfacet
  facet normal 0 -0.901816 0.43212
    outer loop
      vertex 134 -2.8 20.8
      vertex 122 -12 1.6
      vertex 134 -12 1.6
    endloop
  endfacet
  facet normal -0 0 1
    outer loop
      vertex 122 -2 20.8
      vertex 134 -2.8 20.8
      vertex 134 -2 20.8
    endloop
  endfacet
  facet normal 0 0 1
    outer loop
      vertex 134 -2.8 20.8
      vertex 122 -2 20.8
      vertex 122 -2.8 20.8
    endloop
  endfacet
  facet normal -0 0 1
    outer loop
      vertex 122 1.8 20.8
      vertex 134 1 20.8
      vertex 134 1.8 20.8
    endloop
  endfacet
  facet normal 0 0 1
    outer loop
      vertex 134 1 20.8
      vertex 122 1.8 20.8
      vertex 122 1 20.8
    endloop
  endfacet
  facet normal 0 -0.654154 -0.756361
    outer loop
      vertex 122 8 13.773
      vertex 134 22.7687 1
      vertex 134 8 13.773
    endloop
  endfacet
  facet normal -0 -0.654154 -0.756361
    outer loop
      vertex 134 22.7687 1
      vertex 122 8 13.773
      vertex 122 22.7687 1
    endloop
  endfacet
  facet normal 0 -0.654149 -0.756365
    outer loop
      vertex 122 1 19.827
      vertex 134 6.23438 15.3
      vertex 134 1 19.827
    endloop
  endfacet
  facet normal -0 -0.654149 -0.756365
    outer loop
      vertex 134 6.23438 15.3
      vertex 122 1 19.827
      vertex 122 6.23438 15.3
    endloop
  endfacet
  facet normal -0 0.621532 0.783389
    outer loop
      vertex 122 26 1.6
      vertex 134 1.8 20.8
      vertex 134 26 1.6
    endloop
  endfacet
  facet normal 0 0.621532 0.783389
    outer loop
      vertex 134 1.8 20.8
      vertex 122 26 1.6
      vertex 122 1.8 20.8
    endloop
  endfacet
endsolid OpenSCAD_Model
