solid OpenSCAD_Model
  facet normal 0.965927 0.258815 0
    outer loop
      vertex 81.3268 31.9578 9
      vertex 81.1689 32.5471 3
      vertex 81.1689 32.5471 9
    endloop
  endfacet
  facet normal 0.965927 0.258815 0
    outer loop
      vertex 81.1689 32.5471 3
      vertex 81.3268 31.9578 9
      vertex 81.3268 31.9578 3
    endloop
  endfacet
  facet normal 0.996191 0.0871954 0
    outer loop
      vertex 81.38 31.35 9
      vertex 81.3268 31.9578 3
      vertex 81.3268 31.9578 9
    endloop
  endfacet
  facet normal 0.996191 0.0871954 0
    outer loop
      vertex 81.3268 31.9578 3
      vertex 81.38 31.35 9
      vertex 81.38 31.35 3
    endloop
  endfacet
  facet normal 0.906321 0.422589 0
    outer loop
      vertex 81.1689 32.5471 9
      vertex 80.9111 33.1 3
      vertex 80.9111 33.1 9
    endloop
  endfacet
  facet normal 0.906321 0.422589 0
    outer loop
      vertex 80.9111 33.1 3
      vertex 81.1689 32.5471 9
      vertex 81.1689 32.5471 3
    endloop
  endfacet
  facet normal 0.258815 -0.965927 0
    outer loop
      vertex 78.4878 27.9032 3
      vertex 79.0771 28.0611 9
      vertex 78.4878 27.9032 9
    endloop
  endfacet
  facet normal 0.258815 -0.965927 0
    outer loop
      vertex 79.0771 28.0611 9
      vertex 78.4878 27.9032 3
      vertex 79.0771 28.0611 3
    endloop
  endfacet
  facet normal -0.258815 0.965927 0
    outer loop
      vertex 77.2722 34.7968 3
      vertex 76.6829 34.6389 9
      vertex 77.2722 34.7968 9
    endloop
  endfacet
  facet normal -0.258815 0.965927 0
    outer loop
      vertex 76.6829 34.6389 9
      vertex 77.2722 34.7968 3
      vertex 76.6829 34.6389 3
    endloop
  endfacet
  facet normal -0.965927 0.258815 0
    outer loop
      vertex 74.4332 31.9578 3
      vertex 74.5911 32.5471 9
      vertex 74.5911 32.5471 3
    endloop
  endfacet
  facet normal -0.965927 0.258815 0
    outer loop
      vertex 74.5911 32.5471 9
      vertex 74.4332 31.9578 3
      vertex 74.4332 31.9578 9
    endloop
  endfacet
  facet normal -0.0871954 -0.996191 0
    outer loop
      vertex 77.2722 27.9032 3
      vertex 77.88 27.85 9
      vertex 77.2722 27.9032 9
    endloop
  endfacet
  facet normal -0.0871954 -0.996191 -0
    outer loop
      vertex 77.88 27.85 9
      vertex 77.2722 27.9032 3
      vertex 77.88 27.85 3
    endloop
  endfacet
  facet normal 0.707107 0.707107 -0
    outer loop
      vertex 80.5612 33.5998 3
      vertex 80.1298 34.0312 9
      vertex 80.5612 33.5998 9
    endloop
  endfacet
  facet normal 0.707107 0.707107 0
    outer loop
      vertex 80.1298 34.0312 9
      vertex 80.5612 33.5998 3
      vertex 80.1298 34.0312 3
    endloop
  endfacet
  facet normal -0.965927 -0.258815 0
    outer loop
      vertex 74.5911 30.1529 3
      vertex 74.4332 30.7422 9
      vertex 74.4332 30.7422 3
    endloop
  endfacet
  facet normal -0.965927 -0.258815 0
    outer loop
      vertex 74.4332 30.7422 9
      vertex 74.5911 30.1529 3
      vertex 74.5911 30.1529 9
    endloop
  endfacet
  facet normal -0.819201 0.573506 0
    outer loop
      vertex 74.8489 33.1 3
      vertex 75.1988 33.5998 9
      vertex 75.1988 33.5998 3
    endloop
  endfacet
  facet normal -0.819201 0.573506 0
    outer loop
      vertex 75.1988 33.5998 9
      vertex 74.8489 33.1 3
      vertex 74.8489 33.1 9
    endloop
  endfacet
  facet normal 0.0871954 0.996191 -0
    outer loop
      vertex 78.4878 34.7968 3
      vertex 77.88 34.85 9
      vertex 78.4878 34.7968 9
    endloop
  endfacet
  facet normal 0.0871954 0.996191 0
    outer loop
      vertex 77.88 34.85 9
      vertex 78.4878 34.7968 3
      vertex 77.88 34.85 3
    endloop
  endfacet
  facet normal -0.906321 0.422589 0
    outer loop
      vertex 74.5911 32.5471 3
      vertex 74.8489 33.1 9
      vertex 74.8489 33.1 3
    endloop
  endfacet
  facet normal -0.906321 0.422589 0
    outer loop
      vertex 74.8489 33.1 9
      vertex 74.5911 32.5471 3
      vertex 74.5911 32.5471 9
    endloop
  endfacet
  facet normal 0.707107 -0.707107 0
    outer loop
      vertex 80.1298 28.6688 3
      vertex 80.5612 29.1002 9
      vertex 80.1298 28.6688 9
    endloop
  endfacet
  facet normal 0.707107 -0.707107 0
    outer loop
      vertex 80.5612 29.1002 9
      vertex 80.1298 28.6688 3
      vertex 80.5612 29.1002 3
    endloop
  endfacet
  facet normal -0.573506 0.819201 0
    outer loop
      vertex 76.13 34.3811 3
      vertex 75.6302 34.0312 9
      vertex 76.13 34.3811 9
    endloop
  endfacet
  facet normal -0.573506 0.819201 0
    outer loop
      vertex 75.6302 34.0312 9
      vertex 76.13 34.3811 3
      vertex 75.6302 34.0312 3
    endloop
  endfacet
  facet normal 0.0871954 -0.996191 0
    outer loop
      vertex 77.88 27.85 3
      vertex 78.4878 27.9032 9
      vertex 77.88 27.85 9
    endloop
  endfacet
  facet normal 0.0871954 -0.996191 0
    outer loop
      vertex 78.4878 27.9032 9
      vertex 77.88 27.85 3
      vertex 78.4878 27.9032 3
    endloop
  endfacet
  facet normal -0.707107 0.707107 0
    outer loop
      vertex 75.1988 33.5998 3
      vertex 75.6302 34.0312 9
      vertex 75.6302 34.0312 3
    endloop
  endfacet
  facet normal -0.707107 0.707107 0
    outer loop
      vertex 75.6302 34.0312 9
      vertex 75.1988 33.5998 3
      vertex 75.1988 33.5998 9
    endloop
  endfacet
  facet normal 0.819201 0.573506 0
    outer loop
      vertex 80.9111 33.1 9
      vertex 80.5612 33.5998 3
      vertex 80.5612 33.5998 9
    endloop
  endfacet
  facet normal 0.819201 0.573506 0
    outer loop
      vertex 80.5612 33.5998 3
      vertex 80.9111 33.1 9
      vertex 80.9111 33.1 3
    endloop
  endfacet
  facet normal -0.422589 0.906321 0
    outer loop
      vertex 76.6829 34.6389 3
      vertex 76.13 34.3811 9
      vertex 76.6829 34.6389 9
    endloop
  endfacet
  facet normal -0.422589 0.906321 0
    outer loop
      vertex 76.13 34.3811 9
      vertex 76.6829 34.6389 3
      vertex 76.13 34.3811 3
    endloop
  endfacet
  facet normal 0.422589 0.906321 -0
    outer loop
      vertex 79.63 34.3811 3
      vertex 79.0771 34.6389 9
      vertex 79.63 34.3811 9
    endloop
  endfacet
  facet normal 0.422589 0.906321 0
    outer loop
      vertex 79.0771 34.6389 9
      vertex 79.63 34.3811 3
      vertex 79.0771 34.6389 3
    endloop
  endfacet
  facet normal -0.996191 -0.0871954 0
    outer loop
      vertex 74.4332 30.7422 3
      vertex 74.38 31.35 9
      vertex 74.38 31.35 3
    endloop
  endfacet
  facet normal -0.996191 -0.0871954 0
    outer loop
      vertex 74.38 31.35 9
      vertex 74.4332 30.7422 3
      vertex 74.4332 30.7422 9
    endloop
  endfacet
  facet normal -0.573506 -0.819201 0
    outer loop
      vertex 75.6302 28.6688 3
      vertex 76.13 28.3189 9
      vertex 75.6302 28.6688 9
    endloop
  endfacet
  facet normal -0.573506 -0.819201 -0
    outer loop
      vertex 76.13 28.3189 9
      vertex 75.6302 28.6688 3
      vertex 76.13 28.3189 3
    endloop
  endfacet
  facet normal -0.0871954 0.996191 0
    outer loop
      vertex 77.88 34.85 3
      vertex 77.2722 34.7968 9
      vertex 77.88 34.85 9
    endloop
  endfacet
  facet normal -0.0871954 0.996191 0
    outer loop
      vertex 77.2722 34.7968 9
      vertex 77.88 34.85 3
      vertex 77.2722 34.7968 3
    endloop
  endfacet
  facet normal 0.422589 -0.906321 0
    outer loop
      vertex 79.0771 28.0611 3
      vertex 79.63 28.3189 9
      vertex 79.0771 28.0611 9
    endloop
  endfacet
  facet normal 0.422589 -0.906321 0
    outer loop
      vertex 79.63 28.3189 9
      vertex 79.0771 28.0611 3
      vertex 79.63 28.3189 3
    endloop
  endfacet
  facet normal -0.422589 -0.906321 0
    outer loop
      vertex 76.13 28.3189 3
      vertex 76.6829 28.0611 9
      vertex 76.13 28.3189 9
    endloop
  endfacet
  facet normal -0.422589 -0.906321 -0
    outer loop
      vertex 76.6829 28.0611 9
      vertex 76.13 28.3189 3
      vertex 76.6829 28.0611 3
    endloop
  endfacet
  facet normal 0.819201 -0.573506 0
    outer loop
      vertex 80.5612 29.1002 9
      vertex 80.9111 29.6 3
      vertex 80.9111 29.6 9
    endloop
  endfacet
  facet normal 0.819201 -0.573506 0
    outer loop
      vertex 80.9111 29.6 3
      vertex 80.5612 29.1002 9
      vertex 80.5612 29.1002 3
    endloop
  endfacet
  facet normal 0.573506 0.819201 -0
    outer loop
      vertex 80.1298 34.0312 3
      vertex 79.63 34.3811 9
      vertex 80.1298 34.0312 9
    endloop
  endfacet
  facet normal 0.573506 0.819201 0
    outer loop
      vertex 79.63 34.3811 9
      vertex 80.1298 34.0312 3
      vertex 79.63 34.3811 3
    endloop
  endfacet
  facet normal -0.707107 -0.707107 0
    outer loop
      vertex 75.6302 28.6688 3
      vertex 75.1988 29.1002 9
      vertex 75.1988 29.1002 3
    endloop
  endfacet
  facet normal -0.707107 -0.707107 0
    outer loop
      vertex 75.1988 29.1002 9
      vertex 75.6302 28.6688 3
      vertex 75.6302 28.6688 9
    endloop
  endfacet
  facet normal -0.906321 -0.422589 0
    outer loop
      vertex 74.8489 29.6 3
      vertex 74.5911 30.1529 9
      vertex 74.5911 30.1529 3
    endloop
  endfacet
  facet normal -0.906321 -0.422589 0
    outer loop
      vertex 74.5911 30.1529 9
      vertex 74.8489 29.6 3
      vertex 74.8489 29.6 9
    endloop
  endfacet
  facet normal 0.965927 -0.258815 0
    outer loop
      vertex 81.1689 30.1529 9
      vertex 81.3268 30.7422 3
      vertex 81.3268 30.7422 9
    endloop
  endfacet
  facet normal 0.965927 -0.258815 0
    outer loop
      vertex 81.3268 30.7422 3
      vertex 81.1689 30.1529 9
      vertex 81.1689 30.1529 3
    endloop
  endfacet
  facet normal 0.996191 -0.0871954 0
    outer loop
      vertex 81.3268 30.7422 9
      vertex 81.38 31.35 3
      vertex 81.38 31.35 9
    endloop
  endfacet
  facet normal 0.996191 -0.0871954 0
    outer loop
      vertex 81.38 31.35 3
      vertex 81.3268 30.7422 9
      vertex 81.3268 30.7422 3
    endloop
  endfacet
  facet normal -0.819201 -0.573506 0
    outer loop
      vertex 75.1988 29.1002 3
      vertex 74.8489 29.6 9
      vertex 74.8489 29.6 3
    endloop
  endfacet
  facet normal -0.819201 -0.573506 0
    outer loop
      vertex 74.8489 29.6 9
      vertex 75.1988 29.1002 3
      vertex 75.1988 29.1002 9
    endloop
  endfacet
  facet normal 0.906321 -0.422589 0
    outer loop
      vertex 80.9111 29.6 9
      vertex 81.1689 30.1529 3
      vertex 81.1689 30.1529 9
    endloop
  endfacet
  facet normal 0.906321 -0.422589 0
    outer loop
      vertex 81.1689 30.1529 3
      vertex 80.9111 29.6 9
      vertex 80.9111 29.6 3
    endloop
  endfacet
  facet normal 0.258815 0.965927 -0
    outer loop
      vertex 79.0771 34.6389 3
      vertex 78.4878 34.7968 9
      vertex 79.0771 34.6389 9
    endloop
  endfacet
  facet normal 0.258815 0.965927 0
    outer loop
      vertex 78.4878 34.7968 9
      vertex 79.0771 34.6389 3
      vertex 78.4878 34.7968 3
    endloop
  endfacet
  facet normal 0.573506 -0.819201 0
    outer loop
      vertex 79.63 28.3189 3
      vertex 80.1298 28.6688 9
      vertex 79.63 28.3189 9
    endloop
  endfacet
  facet normal 0.573506 -0.819201 0
    outer loop
      vertex 80.1298 28.6688 9
      vertex 79.63 28.3189 3
      vertex 80.1298 28.6688 3
    endloop
  endfacet
  facet normal -0.996191 0.0871954 0
    outer loop
      vertex 74.38 31.35 3
      vertex 74.4332 31.9578 9
      vertex 74.4332 31.9578 3
    endloop
  endfacet
  facet normal -0.996191 0.0871954 0
    outer loop
      vertex 74.4332 31.9578 9
      vertex 74.38 31.35 3
      vertex 74.38 31.35 9
    endloop
  endfacet
  facet normal 0 0 1
    outer loop
      vertex 80.88 31.35 9
      vertex 81.38 31.35 9
      vertex 81.3268 31.9578 9
    endloop
  endfacet
  facet normal 0 0 1
    outer loop
      vertex 80.88 31.35 9
      vertex 81.3268 31.9578 9
      vertex 81.1689 32.5471 9
    endloop
  endfacet
  facet normal 0 0 1
    outer loop
      vertex 81.38 31.35 9
      vertex 80.88 31.35 9
      vertex 81.3268 30.7422 9
    endloop
  endfacet
  facet normal 0 0 1
    outer loop
      vertex 80.88 31.35 9
      vertex 81.1689 32.5471 9
      vertex 80.9111 33.1 9
    endloop
  endfacet
  facet normal 0 0 1
    outer loop
      vertex 81.3268 30.7422 9
      vertex 80.88 31.35 9
      vertex 81.1689 30.1529 9
    endloop
  endfacet
  facet normal 0 0 1
    outer loop
      vertex 81.1689 30.1529 9
      vertex 80.88 31.35 9
      vertex 80.9111 29.6 9
    endloop
  endfacet
  facet normal 0 0 1
    outer loop
      vertex 79.38 33.9481 9
      vertex 80.9111 33.1 9
      vertex 80.5612 33.5998 9
    endloop
  endfacet
  facet normal -0 0 1
    outer loop
      vertex 79.38 33.9481 9
      vertex 80.5612 33.5998 9
      vertex 80.1298 34.0312 9
    endloop
  endfacet
  facet normal 0 0 1
    outer loop
      vertex 79.38 33.9481 9
      vertex 80.1298 34.0312 9
      vertex 79.63 34.3811 9
    endloop
  endfacet
  facet normal 0 0 1
    outer loop
      vertex 80.9111 33.1 9
      vertex 79.38 33.9481 9
      vertex 80.88 31.35 9
    endloop
  endfacet
  facet normal 0 0 1
    outer loop
      vertex 79.0771 34.6389 9
      vertex 79.38 33.9481 9
      vertex 79.63 34.3811 9
    endloop
  endfacet
  facet normal 0 0 1
    outer loop
      vertex 78.4878 34.7968 9
      vertex 79.38 33.9481 9
      vertex 79.0771 34.6389 9
    endloop
  endfacet
  facet normal 0 0 1
    outer loop
      vertex 77.88 34.85 9
      vertex 79.38 33.9481 9
      vertex 78.4878 34.7968 9
    endloop
  endfacet
  facet normal 0 0 1
    outer loop
      vertex 76.38 33.9481 9
      vertex 77.88 34.85 9
      vertex 77.2722 34.7968 9
    endloop
  endfacet
  facet normal 0 0 1
    outer loop
      vertex 76.38 33.9481 9
      vertex 77.2722 34.7968 9
      vertex 76.6829 34.6389 9
    endloop
  endfacet
  facet normal 0 0 1
    outer loop
      vertex 77.88 34.85 9
      vertex 76.38 33.9481 9
      vertex 79.38 33.9481 9
    endloop
  endfacet
  facet normal -0 0 1
    outer loop
      vertex 76.13 34.3811 9
      vertex 76.38 33.9481 9
      vertex 76.6829 34.6389 9
    endloop
  endfacet
  facet normal -0 0 1
    outer loop
      vertex 75.6302 34.0312 9
      vertex 76.38 33.9481 9
      vertex 76.13 34.3811 9
    endloop
  endfacet
  facet normal 0 0 1
    outer loop
      vertex 75.1988 33.5998 9
      vertex 76.38 33.9481 9
      vertex 75.6302 34.0312 9
    endloop
  endfacet
  facet normal 0 0 1
    outer loop
      vertex 74.8489 33.1 9
      vertex 76.38 33.9481 9
      vertex 75.1988 33.5998 9
    endloop
  endfacet
  facet normal 0 0 1
    outer loop
      vertex 76.38 33.9481 9
      vertex 74.8489 33.1 9
      vertex 74.88 31.35 9
    endloop
  endfacet
  facet normal 0 0 1
    outer loop
      vertex 79.38 28.7519 9
      vertex 80.9111 29.6 9
      vertex 80.88 31.35 9
    endloop
  endfacet
  facet normal 0 0 1
    outer loop
      vertex 80.9111 29.6 9
      vertex 79.38 28.7519 9
      vertex 80.5612 29.1002 9
    endloop
  endfacet
  facet normal 0 0 1
    outer loop
      vertex 80.5612 29.1002 9
      vertex 79.38 28.7519 9
      vertex 80.1298 28.6688 9
    endloop
  endfacet
  facet normal 0 0 1
    outer loop
      vertex 80.1298 28.6688 9
      vertex 79.38 28.7519 9
      vertex 79.63 28.3189 9
    endloop
  endfacet
  facet normal 0 0 1
    outer loop
      vertex 79.38 28.7519 9
      vertex 79.0771 28.0611 9
      vertex 79.63 28.3189 9
    endloop
  endfacet
  facet normal 0 0 1
    outer loop
      vertex 79.38 28.7519 9
      vertex 78.4878 27.9032 9
      vertex 79.0771 28.0611 9
    endloop
  endfacet
  facet normal 0 0 1
    outer loop
      vertex 79.38 28.7519 9
      vertex 77.88 27.85 9
      vertex 78.4878 27.9032 9
    endloop
  endfacet
  facet normal -0 0 1
    outer loop
      vertex 76.38 28.7519 9
      vertex 77.88 27.85 9
      vertex 79.38 28.7519 9
    endloop
  endfacet
  facet normal 0 0 1
    outer loop
      vertex 77.88 27.85 9
      vertex 76.38 28.7519 9
      vertex 77.2722 27.9032 9
    endloop
  endfacet
  facet normal 0 0 1
    outer loop
      vertex 77.2722 27.9032 9
      vertex 76.38 28.7519 9
      vertex 76.6829 28.0611 9
    endloop
  endfacet
  facet normal 0 0 1
    outer loop
      vertex 76.38 28.7519 9
      vertex 76.13 28.3189 9
      vertex 76.6829 28.0611 9
    endloop
  endfacet
  facet normal 0 0 1
    outer loop
      vertex 76.38 28.7519 9
      vertex 75.6302 28.6688 9
      vertex 76.13 28.3189 9
    endloop
  endfacet
  facet normal 0 0 1
    outer loop
      vertex 76.38 28.7519 9
      vertex 75.1988 29.1002 9
      vertex 75.6302 28.6688 9
    endloop
  endfacet
  facet normal -0 0 1
    outer loop
      vertex 74.8489 29.6 9
      vertex 76.38 28.7519 9
      vertex 74.88 31.35 9
    endloop
  endfacet
  facet normal 0 0 1
    outer loop
      vertex 76.38 28.7519 9
      vertex 74.8489 29.6 9
      vertex 75.1988 29.1002 9
    endloop
  endfacet
  facet normal -0 0 1
    outer loop
      vertex 74.5911 32.5471 9
      vertex 74.88 31.35 9
      vertex 74.8489 33.1 9
    endloop
  endfacet
  facet normal -0 0 1
    outer loop
      vertex 74.4332 31.9578 9
      vertex 74.88 31.35 9
      vertex 74.5911 32.5471 9
    endloop
  endfacet
  facet normal 0 0 1
    outer loop
      vertex 74.88 31.35 9
      vertex 74.5911 30.1529 9
      vertex 74.8489 29.6 9
    endloop
  endfacet
  facet normal 0 0 1
    outer loop
      vertex 74.38 31.35 9
      vertex 74.88 31.35 9
      vertex 74.4332 31.9578 9
    endloop
  endfacet
  facet normal 0 0 1
    outer loop
      vertex 74.88 31.35 9
      vertex 74.4332 30.7422 9
      vertex 74.5911 30.1529 9
    endloop
  endfacet
  facet normal 0 0 1
    outer loop
      vertex 74.88 31.35 9
      vertex 74.38 31.35 9
      vertex 74.4332 30.7422 9
    endloop
  endfacet
  facet normal -0.258815 -0.965927 0
    outer loop
      vertex 76.6829 28.0611 3
      vertex 77.2722 27.9032 9
      vertex 76.6829 28.0611 9
    endloop
  endfacet
  facet normal -0.258815 -0.965927 -0
    outer loop
      vertex 77.2722 27.9032 9
      vertex 76.6829 28.0611 3
      vertex 77.2722 27.9032 3
    endloop
  endfacet
  facet normal -0.0871954 0.996191 0
    outer loop
      vertex 77.88 15.165 3
      vertex 77.2722 15.1118 9
      vertex 77.88 15.165 9
    endloop
  endfacet
  facet normal -0.0871954 0.996191 0
    outer loop
      vertex 77.2722 15.1118 9
      vertex 77.88 15.165 3
      vertex 77.2722 15.1118 3
    endloop
  endfacet
  facet normal 0.965927 0.258815 0
    outer loop
      vertex 81.3268 12.2728 9
      vertex 81.1689 12.8621 3
      vertex 81.1689 12.8621 9
    endloop
  endfacet
  facet normal 0.965927 0.258815 0
    outer loop
      vertex 81.1689 12.8621 3
      vertex 81.3268 12.2728 9
      vertex 81.3268 12.2728 3
    endloop
  endfacet
  facet normal 0.996191 0.0871954 0
    outer loop
      vertex 81.38 11.665 9
      vertex 81.3268 12.2728 3
      vertex 81.3268 12.2728 9
    endloop
  endfacet
  facet normal 0.996191 0.0871954 0
    outer loop
      vertex 81.3268 12.2728 3
      vertex 81.38 11.665 9
      vertex 81.38 11.665 3
    endloop
  endfacet
  facet normal 0.906321 0.422589 0
    outer loop
      vertex 81.1689 12.8621 9
      vertex 80.9111 13.415 3
      vertex 80.9111 13.415 9
    endloop
  endfacet
  facet normal 0.906321 0.422589 0
    outer loop
      vertex 80.9111 13.415 3
      vertex 81.1689 12.8621 9
      vertex 81.1689 12.8621 3
    endloop
  endfacet
  facet normal 0.0871954 0.996191 -0
    outer loop
      vertex 78.4878 15.1118 3
      vertex 77.88 15.165 9
      vertex 78.4878 15.1118 9
    endloop
  endfacet
  facet normal 0.0871954 0.996191 0
    outer loop
      vertex 77.88 15.165 9
      vertex 78.4878 15.1118 3
      vertex 77.88 15.165 3
    endloop
  endfacet
  facet normal -0.965927 -0.258815 0
    outer loop
      vertex 74.5911 10.4679 3
      vertex 74.4332 11.0572 9
      vertex 74.4332 11.0572 3
    endloop
  endfacet
  facet normal -0.965927 -0.258815 0
    outer loop
      vertex 74.4332 11.0572 9
      vertex 74.5911 10.4679 3
      vertex 74.5911 10.4679 9
    endloop
  endfacet
  facet normal 0.996191 -0.0871954 0
    outer loop
      vertex 81.3268 11.0572 9
      vertex 81.38 11.665 3
      vertex 81.38 11.665 9
    endloop
  endfacet
  facet normal 0.996191 -0.0871954 0
    outer loop
      vertex 81.38 11.665 3
      vertex 81.3268 11.0572 9
      vertex 81.3268 11.0572 3
    endloop
  endfacet
  facet normal 0.819201 0.573506 0
    outer loop
      vertex 80.9111 13.415 9
      vertex 80.5612 13.9148 3
      vertex 80.5612 13.9148 9
    endloop
  endfacet
  facet normal 0.819201 0.573506 0
    outer loop
      vertex 80.5612 13.9148 3
      vertex 80.9111 13.415 9
      vertex 80.9111 13.415 3
    endloop
  endfacet
  facet normal -0.573506 0.819201 0
    outer loop
      vertex 76.13 14.6961 3
      vertex 75.6302 14.3462 9
      vertex 76.13 14.6961 9
    endloop
  endfacet
  facet normal -0.573506 0.819201 0
    outer loop
      vertex 75.6302 14.3462 9
      vertex 76.13 14.6961 3
      vertex 75.6302 14.3462 3
    endloop
  endfacet
  facet normal -0.819201 0.573506 0
    outer loop
      vertex 74.8489 13.415 3
      vertex 75.1988 13.9148 9
      vertex 75.1988 13.9148 3
    endloop
  endfacet
  facet normal -0.819201 0.573506 0
    outer loop
      vertex 75.1988 13.9148 9
      vertex 74.8489 13.415 3
      vertex 74.8489 13.415 9
    endloop
  endfacet
  facet normal 0.906321 -0.422589 0
    outer loop
      vertex 80.9111 9.915 9
      vertex 81.1689 10.4679 3
      vertex 81.1689 10.4679 9
    endloop
  endfacet
  facet normal 0.906321 -0.422589 0
    outer loop
      vertex 81.1689 10.4679 3
      vertex 80.9111 9.915 9
      vertex 80.9111 9.915 3
    endloop
  endfacet
  facet normal 0.965927 -0.258815 0
    outer loop
      vertex 81.1689 10.4679 9
      vertex 81.3268 11.0572 3
      vertex 81.3268 11.0572 9
    endloop
  endfacet
  facet normal 0.965927 -0.258815 0
    outer loop
      vertex 81.3268 11.0572 3
      vertex 81.1689 10.4679 9
      vertex 81.1689 10.4679 3
    endloop
  endfacet
  facet normal -0.422589 0.906321 0
    outer loop
      vertex 76.6829 14.9539 3
      vertex 76.13 14.6961 9
      vertex 76.6829 14.9539 9
    endloop
  endfacet
  facet normal -0.422589 0.906321 0
    outer loop
      vertex 76.13 14.6961 9
      vertex 76.6829 14.9539 3
      vertex 76.13 14.6961 3
    endloop
  endfacet
  facet normal -0.996191 -0.0871954 0
    outer loop
      vertex 74.4332 11.0572 3
      vertex 74.38 11.665 9
      vertex 74.38 11.665 3
    endloop
  endfacet
  facet normal -0.996191 -0.0871954 0
    outer loop
      vertex 74.38 11.665 9
      vertex 74.4332 11.0572 3
      vertex 74.4332 11.0572 9
    endloop
  endfacet
  facet normal -0.965927 0.258815 0
    outer loop
      vertex 74.4332 12.2728 3
      vertex 74.5911 12.8621 9
      vertex 74.5911 12.8621 3
    endloop
  endfacet
  facet normal -0.965927 0.258815 0
    outer loop
      vertex 74.5911 12.8621 9
      vertex 74.4332 12.2728 3
      vertex 74.4332 12.2728 9
    endloop
  endfacet
  facet normal -0.258815 0.965927 0
    outer loop
      vertex 77.2722 15.1118 3
      vertex 76.6829 14.9539 9
      vertex 77.2722 15.1118 9
    endloop
  endfacet
  facet normal -0.258815 0.965927 0
    outer loop
      vertex 76.6829 14.9539 9
      vertex 77.2722 15.1118 3
      vertex 76.6829 14.9539 3
    endloop
  endfacet
  facet normal -0.996191 0.0871954 0
    outer loop
      vertex 74.38 11.665 3
      vertex 74.4332 12.2728 9
      vertex 74.4332 12.2728 3
    endloop
  endfacet
  facet normal -0.996191 0.0871954 0
    outer loop
      vertex 74.4332 12.2728 9
      vertex 74.38 11.665 3
      vertex 74.38 11.665 9
    endloop
  endfacet
  facet normal -0.42263 -0.906302 0
    outer loop
      vertex 76.13 8.63391 3
      vertex 76.6829 8.37608 9
      vertex 76.13 8.63391 9
    endloop
  endfacet
  facet normal -0.42263 -0.906302 -0
    outer loop
      vertex 76.6829 8.37608 9
      vertex 76.13 8.63391 3
      vertex 76.6829 8.37608 3
    endloop
  endfacet
  facet normal -0.258831 -0.965923 0
    outer loop
      vertex 76.6829 8.37608 3
      vertex 77.2722 8.21817 9
      vertex 76.6829 8.37608 9
    endloop
  endfacet
  facet normal -0.258831 -0.965923 -0
    outer loop
      vertex 77.2722 8.21817 9
      vertex 76.6829 8.37608 3
      vertex 77.2722 8.21817 3
    endloop
  endfacet
  facet normal 0.422589 0.906321 -0
    outer loop
      vertex 79.63 14.6961 3
      vertex 79.0771 14.9539 9
      vertex 79.63 14.6961 9
    endloop
  endfacet
  facet normal 0.422589 0.906321 0
    outer loop
      vertex 79.0771 14.9539 9
      vertex 79.63 14.6961 3
      vertex 79.0771 14.9539 3
    endloop
  endfacet
  facet normal 0.573539 -0.819178 0
    outer loop
      vertex 79.63 8.63391 3
      vertex 80.1298 8.98384 9
      vertex 79.63 8.63391 9
    endloop
  endfacet
  facet normal 0.573539 -0.819178 0
    outer loop
      vertex 80.1298 8.98384 9
      vertex 79.63 8.63391 3
      vertex 80.1298 8.98384 3
    endloop
  endfacet
  facet normal -0.81918 -0.573537 0
    outer loop
      vertex 75.1988 9.41524 3
      vertex 74.8489 9.915 9
      vertex 74.8489 9.915 3
    endloop
  endfacet
  facet normal -0.81918 -0.573537 0
    outer loop
      vertex 74.8489 9.915 9
      vertex 75.1988 9.41524 3
      vertex 75.1988 9.41524 9
    endloop
  endfacet
  facet normal -0.707107 0.707107 0
    outer loop
      vertex 75.1988 13.9148 3
      vertex 75.6302 14.3462 9
      vertex 75.6302 14.3462 3
    endloop
  endfacet
  facet normal -0.707107 0.707107 0
    outer loop
      vertex 75.6302 14.3462 9
      vertex 75.1988 13.9148 3
      vertex 75.1988 13.9148 9
    endloop
  endfacet
  facet normal -0.707107 -0.707107 0
    outer loop
      vertex 75.6302 8.98384 3
      vertex 75.1988 9.41524 9
      vertex 75.1988 9.41524 3
    endloop
  endfacet
  facet normal -0.707107 -0.707107 0
    outer loop
      vertex 75.1988 9.41524 9
      vertex 75.6302 8.98384 3
      vertex 75.6302 8.98384 9
    endloop
  endfacet
  facet normal 0.258831 -0.965923 0
    outer loop
      vertex 78.4878 8.21817 3
      vertex 79.0771 8.37608 9
      vertex 78.4878 8.21817 9
    endloop
  endfacet
  facet normal 0.258831 -0.965923 0
    outer loop
      vertex 79.0771 8.37608 9
      vertex 78.4878 8.21817 3
      vertex 79.0771 8.37608 3
    endloop
  endfacet
  facet normal 0.42263 -0.906302 0
    outer loop
      vertex 79.0771 8.37608 3
      vertex 79.63 8.63391 9
      vertex 79.0771 8.37608 9
    endloop
  endfacet
  facet normal 0.42263 -0.906302 0
    outer loop
      vertex 79.63 8.63391 9
      vertex 79.0771 8.37608 3
      vertex 79.63 8.63391 3
    endloop
  endfacet
  facet normal 0.707107 0.707107 -0
    outer loop
      vertex 80.5612 13.9148 3
      vertex 80.1298 14.3462 9
      vertex 80.5612 13.9148 9
    endloop
  endfacet
  facet normal 0.707107 0.707107 0
    outer loop
      vertex 80.1298 14.3462 9
      vertex 80.5612 13.9148 3
      vertex 80.1298 14.3462 3
    endloop
  endfacet
  facet normal 0.573506 0.819201 -0
    outer loop
      vertex 80.1298 14.3462 3
      vertex 79.63 14.6961 9
      vertex 80.1298 14.3462 9
    endloop
  endfacet
  facet normal 0.573506 0.819201 0
    outer loop
      vertex 79.63 14.6961 9
      vertex 80.1298 14.3462 3
      vertex 79.63 14.6961 3
    endloop
  endfacet
  facet normal 0 0 1
    outer loop
      vertex 80.88 11.665 9
      vertex 81.38 11.665 9
      vertex 81.3268 12.2728 9
    endloop
  endfacet
  facet normal 0 0 1
    outer loop
      vertex 80.88 11.665 9
      vertex 81.3268 12.2728 9
      vertex 81.1689 12.8621 9
    endloop
  endfacet
  facet normal 0 0 1
    outer loop
      vertex 81.38 11.665 9
      vertex 80.88 11.665 9
      vertex 81.3268 11.0572 9
    endloop
  endfacet
  facet normal 0 0 1
    outer loop
      vertex 80.88 11.665 9
      vertex 81.1689 12.8621 9
      vertex 80.9111 13.415 9
    endloop
  endfacet
  facet normal 0 0 1
    outer loop
      vertex 81.3268 11.0572 9
      vertex 80.88 11.665 9
      vertex 81.1689 10.4679 9
    endloop
  endfacet
  facet normal 0 0 1
    outer loop
      vertex 81.1689 10.4679 9
      vertex 80.88 11.665 9
      vertex 80.9111 9.915 9
    endloop
  endfacet
  facet normal 0 0 1
    outer loop
      vertex 79.38 14.2631 9
      vertex 80.9111 13.415 9
      vertex 80.5612 13.9148 9
    endloop
  endfacet
  facet normal -0 0 1
    outer loop
      vertex 79.38 14.2631 9
      vertex 80.5612 13.9148 9
      vertex 80.1298 14.3462 9
    endloop
  endfacet
  facet normal 0 0 1
    outer loop
      vertex 79.38 14.2631 9
      vertex 80.1298 14.3462 9
      vertex 79.63 14.6961 9
    endloop
  endfacet
  facet normal 0 0 1
    outer loop
      vertex 80.9111 13.415 9
      vertex 79.38 14.2631 9
      vertex 80.88 11.665 9
    endloop
  endfacet
  facet normal 0 0 1
    outer loop
      vertex 79.0771 14.9539 9
      vertex 79.38 14.2631 9
      vertex 79.63 14.6961 9
    endloop
  endfacet
  facet normal 0 0 1
    outer loop
      vertex 78.4878 15.1118 9
      vertex 79.38 14.2631 9
      vertex 79.0771 14.9539 9
    endloop
  endfacet
  facet normal 0 0 1
    outer loop
      vertex 77.88 15.165 9
      vertex 79.38 14.2631 9
      vertex 78.4878 15.1118 9
    endloop
  endfacet
  facet normal 0 0 1
    outer loop
      vertex 76.38 14.2631 9
      vertex 77.88 15.165 9
      vertex 77.2722 15.1118 9
    endloop
  endfacet
  facet normal 0 0 1
    outer loop
      vertex 76.38 14.2631 9
      vertex 77.2722 15.1118 9
      vertex 76.6829 14.9539 9
    endloop
  endfacet
  facet normal 0 0 1
    outer loop
      vertex 77.88 15.165 9
      vertex 76.38 14.2631 9
      vertex 79.38 14.2631 9
    endloop
  endfacet
  facet normal -0 0 1
    outer loop
      vertex 76.13 14.6961 9
      vertex 76.38 14.2631 9
      vertex 76.6829 14.9539 9
    endloop
  endfacet
  facet normal -0 0 1
    outer loop
      vertex 75.6302 14.3462 9
      vertex 76.38 14.2631 9
      vertex 76.13 14.6961 9
    endloop
  endfacet
  facet normal 0 0 1
    outer loop
      vertex 75.1988 13.9148 9
      vertex 76.38 14.2631 9
      vertex 75.6302 14.3462 9
    endloop
  endfacet
  facet normal 0 0 1
    outer loop
      vertex 74.8489 13.415 9
      vertex 76.38 14.2631 9
      vertex 75.1988 13.9148 9
    endloop
  endfacet
  facet normal 0 0 1
    outer loop
      vertex 76.38 14.2631 9
      vertex 74.8489 13.415 9
      vertex 74.88 11.665 9
    endloop
  endfacet
  facet normal 0 0 1
    outer loop
      vertex 79.38 9.06692 9
      vertex 80.9111 9.915 9
      vertex 80.88 11.665 9
    endloop
  endfacet
  facet normal 0 0 1
    outer loop
      vertex 80.9111 9.915 9
      vertex 79.38 9.06692 9
      vertex 80.5612 9.41524 9
    endloop
  endfacet
  facet normal 0 0 1
    outer loop
      vertex 80.5612 9.41524 9
      vertex 79.38 9.06692 9
      vertex 80.1298 8.98384 9
    endloop
  endfacet
  facet normal 0 0 1
    outer loop
      vertex 80.1298 8.98384 9
      vertex 79.38 9.06692 9
      vertex 79.63 8.63391 9
    endloop
  endfacet
  facet normal 0 0 1
    outer loop
      vertex 79.38 9.06692 9
      vertex 79.0771 8.37608 9
      vertex 79.63 8.63391 9
    endloop
  endfacet
  facet normal 0 0 1
    outer loop
      vertex 79.38 9.06692 9
      vertex 78.4878 8.21817 9
      vertex 79.0771 8.37608 9
    endloop
  endfacet
  facet normal 0 0 1
    outer loop
      vertex 79.38 9.06692 9
      vertex 77.88 8.165 9
      vertex 78.4878 8.21817 9
    endloop
  endfacet
  facet normal -0 0 1
    outer loop
      vertex 76.38 9.06692 9
      vertex 77.88 8.165 9
      vertex 79.38 9.06692 9
    endloop
  endfacet
  facet normal 0 0 1
    outer loop
      vertex 77.88 8.165 9
      vertex 76.38 9.06692 9
      vertex 77.2722 8.21817 9
    endloop
  endfacet
  facet normal 0 0 1
    outer loop
      vertex 77.2722 8.21817 9
      vertex 76.38 9.06692 9
      vertex 76.6829 8.37608 9
    endloop
  endfacet
  facet normal 0 0 1
    outer loop
      vertex 76.38 9.06692 9
      vertex 76.13 8.63391 9
      vertex 76.6829 8.37608 9
    endloop
  endfacet
  facet normal 0 0 1
    outer loop
      vertex 76.38 9.06692 9
      vertex 75.6302 8.98384 9
      vertex 76.13 8.63391 9
    endloop
  endfacet
  facet normal 0 0 1
    outer loop
      vertex 76.38 9.06692 9
      vertex 75.1988 9.41524 9
      vertex 75.6302 8.98384 9
    endloop
  endfacet
  facet normal -0 0 1
    outer loop
      vertex 74.8489 9.915 9
      vertex 76.38 9.06692 9
      vertex 74.88 11.665 9
    endloop
  endfacet
  facet normal 0 0 1
    outer loop
      vertex 76.38 9.06692 9
      vertex 74.8489 9.915 9
      vertex 75.1988 9.41524 9
    endloop
  endfacet
  facet normal -0 0 1
    outer loop
      vertex 74.5911 12.8621 9
      vertex 74.88 11.665 9
      vertex 74.8489 13.415 9
    endloop
  endfacet
  facet normal -0 0 1
    outer loop
      vertex 74.4332 12.2728 9
      vertex 74.88 11.665 9
      vertex 74.5911 12.8621 9
    endloop
  endfacet
  facet normal 0 0 1
    outer loop
      vertex 74.88 11.665 9
      vertex 74.5911 10.4679 9
      vertex 74.8489 9.915 9
    endloop
  endfacet
  facet normal 0 0 1
    outer loop
      vertex 74.38 11.665 9
      vertex 74.88 11.665 9
      vertex 74.4332 12.2728 9
    endloop
  endfacet
  facet normal 0 0 1
    outer loop
      vertex 74.88 11.665 9
      vertex 74.4332 11.0572 9
      vertex 74.5911 10.4679 9
    endloop
  endfacet
  facet normal 0 0 1
    outer loop
      vertex 74.88 11.665 9
      vertex 74.38 11.665 9
      vertex 74.4332 11.0572 9
    endloop
  endfacet
  facet normal 0.0871466 -0.996195 0
    outer loop
      vertex 77.88 8.165 3
      vertex 78.4878 8.21817 9
      vertex 77.88 8.165 9
    endloop
  endfacet
  facet normal 0.0871466 -0.996195 0
    outer loop
      vertex 78.4878 8.21817 9
      vertex 77.88 8.165 3
      vertex 78.4878 8.21817 3
    endloop
  endfacet
  facet normal -0.573539 -0.819178 0
    outer loop
      vertex 75.6302 8.98384 3
      vertex 76.13 8.63391 9
      vertex 75.6302 8.98384 9
    endloop
  endfacet
  facet normal -0.573539 -0.819178 -0
    outer loop
      vertex 76.13 8.63391 9
      vertex 75.6302 8.98384 3
      vertex 76.13 8.63391 3
    endloop
  endfacet
  facet normal 0.258815 0.965927 -0
    outer loop
      vertex 79.0771 14.9539 3
      vertex 78.4878 15.1118 9
      vertex 79.0771 14.9539 9
    endloop
  endfacet
  facet normal 0.258815 0.965927 0
    outer loop
      vertex 78.4878 15.1118 9
      vertex 79.0771 14.9539 3
      vertex 78.4878 15.1118 3
    endloop
  endfacet
  facet normal -0.906321 -0.422589 0
    outer loop
      vertex 74.8489 9.915 3
      vertex 74.5911 10.4679 9
      vertex 74.5911 10.4679 3
    endloop
  endfacet
  facet normal -0.906321 -0.422589 0
    outer loop
      vertex 74.5911 10.4679 9
      vertex 74.8489 9.915 3
      vertex 74.8489 9.915 9
    endloop
  endfacet
  facet normal 0.707107 -0.707107 0
    outer loop
      vertex 80.1298 8.98384 3
      vertex 80.5612 9.41524 9
      vertex 80.1298 8.98384 9
    endloop
  endfacet
  facet normal 0.707107 -0.707107 0
    outer loop
      vertex 80.5612 9.41524 9
      vertex 80.1298 8.98384 3
      vertex 80.5612 9.41524 3
    endloop
  endfacet
  facet normal -0.906321 0.422589 0
    outer loop
      vertex 74.5911 12.8621 3
      vertex 74.8489 13.415 9
      vertex 74.8489 13.415 3
    endloop
  endfacet
  facet normal -0.906321 0.422589 0
    outer loop
      vertex 74.8489 13.415 9
      vertex 74.5911 12.8621 3
      vertex 74.5911 12.8621 9
    endloop
  endfacet
  facet normal -0.0871466 -0.996195 0
    outer loop
      vertex 77.2722 8.21817 3
      vertex 77.88 8.165 9
      vertex 77.2722 8.21817 9
    endloop
  endfacet
  facet normal -0.0871466 -0.996195 -0
    outer loop
      vertex 77.88 8.165 9
      vertex 77.2722 8.21817 3
      vertex 77.88 8.165 3
    endloop
  endfacet
  facet normal 0.81918 -0.573537 0
    outer loop
      vertex 80.5612 9.41524 9
      vertex 80.9111 9.915 3
      vertex 80.9111 9.915 9
    endloop
  endfacet
  facet normal 0.81918 -0.573537 0
    outer loop
      vertex 80.9111 9.915 3
      vertex 80.5612 9.41524 9
      vertex 80.5612 9.41524 3
    endloop
  endfacet
  facet normal 0.965927 0.258815 0
    outer loop
      vertex 40.6868 31.9578 9
      vertex 40.5289 32.5471 3
      vertex 40.5289 32.5471 9
    endloop
  endfacet
  facet normal 0.965927 0.258815 0
    outer loop
      vertex 40.5289 32.5471 3
      vertex 40.6868 31.9578 9
      vertex 40.6868 31.9578 3
    endloop
  endfacet
  facet normal 0.996191 0.0871954 0
    outer loop
      vertex 40.74 31.35 9
      vertex 40.6868 31.9578 3
      vertex 40.6868 31.9578 9
    endloop
  endfacet
  facet normal 0.996191 0.0871954 0
    outer loop
      vertex 40.6868 31.9578 3
      vertex 40.74 31.35 9
      vertex 40.74 31.35 3
    endloop
  endfacet
  facet normal 0.906321 0.422589 0
    outer loop
      vertex 40.5289 32.5471 9
      vertex 40.2711 33.1 3
      vertex 40.2711 33.1 9
    endloop
  endfacet
  facet normal 0.906321 0.422589 0
    outer loop
      vertex 40.2711 33.1 3
      vertex 40.5289 32.5471 9
      vertex 40.5289 32.5471 3
    endloop
  endfacet
  facet normal -0.906321 0.422589 0
    outer loop
      vertex 33.9511 32.5471 3
      vertex 34.2089 33.1 9
      vertex 34.2089 33.1 3
    endloop
  endfacet
  facet normal -0.906321 0.422589 0
    outer loop
      vertex 34.2089 33.1 9
      vertex 33.9511 32.5471 3
      vertex 33.9511 32.5471 9
    endloop
  endfacet
  facet normal 0.573506 -0.819201 0
    outer loop
      vertex 38.99 28.3189 3
      vertex 39.4898 28.6688 9
      vertex 38.99 28.3189 9
    endloop
  endfacet
  facet normal 0.573506 -0.819201 0
    outer loop
      vertex 39.4898 28.6688 9
      vertex 38.99 28.3189 3
      vertex 39.4898 28.6688 3
    endloop
  endfacet
  facet normal 0.422589 -0.906321 0
    outer loop
      vertex 38.4371 28.0611 3
      vertex 38.99 28.3189 9
      vertex 38.4371 28.0611 9
    endloop
  endfacet
  facet normal 0.422589 -0.906321 0
    outer loop
      vertex 38.99 28.3189 9
      vertex 38.4371 28.0611 3
      vertex 38.99 28.3189 3
    endloop
  endfacet
  facet normal -0.258815 0.965927 0
    outer loop
      vertex 36.6322 34.7968 3
      vertex 36.0429 34.6389 9
      vertex 36.6322 34.7968 9
    endloop
  endfacet
  facet normal -0.258815 0.965927 0
    outer loop
      vertex 36.0429 34.6389 9
      vertex 36.6322 34.7968 3
      vertex 36.0429 34.6389 3
    endloop
  endfacet
  facet normal -0.422589 0.906321 0
    outer loop
      vertex 36.0429 34.6389 3
      vertex 35.49 34.3811 9
      vertex 36.0429 34.6389 9
    endloop
  endfacet
  facet normal -0.422589 0.906321 0
    outer loop
      vertex 35.49 34.3811 9
      vertex 36.0429 34.6389 3
      vertex 35.49 34.3811 3
    endloop
  endfacet
  facet normal -0.965927 -0.258815 0
    outer loop
      vertex 33.9511 30.1529 3
      vertex 33.7932 30.7422 9
      vertex 33.7932 30.7422 3
    endloop
  endfacet
  facet normal -0.965927 -0.258815 0
    outer loop
      vertex 33.7932 30.7422 9
      vertex 33.9511 30.1529 3
      vertex 33.9511 30.1529 9
    endloop
  endfacet
  facet normal 0.0871954 -0.996191 0
    outer loop
      vertex 37.24 27.85 3
      vertex 37.8478 27.9032 9
      vertex 37.24 27.85 9
    endloop
  endfacet
  facet normal 0.0871954 -0.996191 0
    outer loop
      vertex 37.8478 27.9032 9
      vertex 37.24 27.85 3
      vertex 37.8478 27.9032 3
    endloop
  endfacet
  facet normal 0.906321 -0.422589 0
    outer loop
      vertex 40.2711 29.6 9
      vertex 40.5289 30.1529 3
      vertex 40.5289 30.1529 9
    endloop
  endfacet
  facet normal 0.906321 -0.422589 0
    outer loop
      vertex 40.5289 30.1529 3
      vertex 40.2711 29.6 9
      vertex 40.2711 29.6 3
    endloop
  endfacet
  facet normal -0.819201 -0.573506 0
    outer loop
      vertex 34.5588 29.1002 3
      vertex 34.2089 29.6 9
      vertex 34.2089 29.6 3
    endloop
  endfacet
  facet normal -0.819201 -0.573506 0
    outer loop
      vertex 34.2089 29.6 9
      vertex 34.5588 29.1002 3
      vertex 34.5588 29.1002 9
    endloop
  endfacet
  facet normal -0.819201 0.573506 0
    outer loop
      vertex 34.2089 33.1 3
      vertex 34.5588 33.5998 9
      vertex 34.5588 33.5998 3
    endloop
  endfacet
  facet normal -0.819201 0.573506 0
    outer loop
      vertex 34.5588 33.5998 9
      vertex 34.2089 33.1 3
      vertex 34.2089 33.1 9
    endloop
  endfacet
  facet normal 0.819201 -0.573506 0
    outer loop
      vertex 39.9212 29.1002 9
      vertex 40.2711 29.6 3
      vertex 40.2711 29.6 9
    endloop
  endfacet
  facet normal 0.819201 -0.573506 0
    outer loop
      vertex 40.2711 29.6 3
      vertex 39.9212 29.1002 9
      vertex 39.9212 29.1002 3
    endloop
  endfacet
  facet normal 0.819201 0.573506 0
    outer loop
      vertex 40.2711 33.1 9
      vertex 39.9212 33.5998 3
      vertex 39.9212 33.5998 9
    endloop
  endfacet
  facet normal 0.819201 0.573506 0
    outer loop
      vertex 39.9212 33.5998 3
      vertex 40.2711 33.1 9
      vertex 40.2711 33.1 3
    endloop
  endfacet
  facet normal -0.0871954 -0.996191 0
    outer loop
      vertex 36.6322 27.9032 3
      vertex 37.24 27.85 9
      vertex 36.6322 27.9032 9
    endloop
  endfacet
  facet normal -0.0871954 -0.996191 -0
    outer loop
      vertex 37.24 27.85 9
      vertex 36.6322 27.9032 3
      vertex 37.24 27.85 3
    endloop
  endfacet
  facet normal -0.707107 -0.707107 0
    outer loop
      vertex 34.9902 28.6688 3
      vertex 34.5588 29.1002 9
      vertex 34.5588 29.1002 3
    endloop
  endfacet
  facet normal -0.707107 -0.707107 0
    outer loop
      vertex 34.5588 29.1002 9
      vertex 34.9902 28.6688 3
      vertex 34.9902 28.6688 9
    endloop
  endfacet
  facet normal 0.996191 -0.0871954 0
    outer loop
      vertex 40.6868 30.7422 9
      vertex 40.74 31.35 3
      vertex 40.74 31.35 9
    endloop
  endfacet
  facet normal 0.996191 -0.0871954 0
    outer loop
      vertex 40.74 31.35 3
      vertex 40.6868 30.7422 9
      vertex 40.6868 30.7422 3
    endloop
  endfacet
  facet normal 0.422589 0.906321 -0
    outer loop
      vertex 38.99 34.3811 3
      vertex 38.4371 34.6389 9
      vertex 38.99 34.3811 9
    endloop
  endfacet
  facet normal 0.422589 0.906321 0
    outer loop
      vertex 38.4371 34.6389 9
      vertex 38.99 34.3811 3
      vertex 38.4371 34.6389 3
    endloop
  endfacet
  facet normal 0.707107 0.707107 0
    outer loop
      vertex 39.9212 33.5998 9
      vertex 39.4898 34.0312 3
      vertex 39.4898 34.0312 9
    endloop
  endfacet
  facet normal 0.707107 0.707107 0
    outer loop
      vertex 39.4898 34.0312 3
      vertex 39.9212 33.5998 9
      vertex 39.9212 33.5998 3
    endloop
  endfacet
  facet normal 0.965927 -0.258815 0
    outer loop
      vertex 40.5289 30.1529 9
      vertex 40.6868 30.7422 3
      vertex 40.6868 30.7422 9
    endloop
  endfacet
  facet normal 0.965927 -0.258815 0
    outer loop
      vertex 40.6868 30.7422 3
      vertex 40.5289 30.1529 9
      vertex 40.5289 30.1529 3
    endloop
  endfacet
  facet normal 0.573506 0.819201 -0
    outer loop
      vertex 39.4898 34.0312 3
      vertex 38.99 34.3811 9
      vertex 39.4898 34.0312 9
    endloop
  endfacet
  facet normal 0.573506 0.819201 0
    outer loop
      vertex 38.99 34.3811 9
      vertex 39.4898 34.0312 3
      vertex 38.99 34.3811 3
    endloop
  endfacet
  facet normal 0.258815 -0.965927 0
    outer loop
      vertex 37.8478 27.9032 3
      vertex 38.4371 28.0611 9
      vertex 37.8478 27.9032 9
    endloop
  endfacet
  facet normal 0.258815 -0.965927 0
    outer loop
      vertex 38.4371 28.0611 9
      vertex 37.8478 27.9032 3
      vertex 38.4371 28.0611 3
    endloop
  endfacet
  facet normal -0.573506 -0.819201 0
    outer loop
      vertex 34.9902 28.6688 3
      vertex 35.49 28.3189 9
      vertex 34.9902 28.6688 9
    endloop
  endfacet
  facet normal -0.573506 -0.819201 -0
    outer loop
      vertex 35.49 28.3189 9
      vertex 34.9902 28.6688 3
      vertex 35.49 28.3189 3
    endloop
  endfacet
  facet normal -0.0871954 0.996191 0
    outer loop
      vertex 37.24 34.85 3
      vertex 36.6322 34.7968 9
      vertex 37.24 34.85 9
    endloop
  endfacet
  facet normal -0.0871954 0.996191 0
    outer loop
      vertex 36.6322 34.7968 9
      vertex 37.24 34.85 3
      vertex 36.6322 34.7968 3
    endloop
  endfacet
  facet normal -0.906321 -0.422589 0
    outer loop
      vertex 34.2089 29.6 3
      vertex 33.9511 30.1529 9
      vertex 33.9511 30.1529 3
    endloop
  endfacet
  facet normal -0.906321 -0.422589 0
    outer loop
      vertex 33.9511 30.1529 9
      vertex 34.2089 29.6 3
      vertex 34.2089 29.6 9
    endloop
  endfacet
  facet normal 0.0871954 0.996191 -0
    outer loop
      vertex 37.8478 34.7968 3
      vertex 37.24 34.85 9
      vertex 37.8478 34.7968 9
    endloop
  endfacet
  facet normal 0.0871954 0.996191 0
    outer loop
      vertex 37.24 34.85 9
      vertex 37.8478 34.7968 3
      vertex 37.24 34.85 3
    endloop
  endfacet
  facet normal -0.965927 0.258815 0
    outer loop
      vertex 33.7932 31.9578 3
      vertex 33.9511 32.5471 9
      vertex 33.9511 32.5471 3
    endloop
  endfacet
  facet normal -0.965927 0.258815 0
    outer loop
      vertex 33.9511 32.5471 9
      vertex 33.7932 31.9578 3
      vertex 33.7932 31.9578 9
    endloop
  endfacet
  facet normal -0.996191 0.0871954 0
    outer loop
      vertex 33.74 31.35 3
      vertex 33.7932 31.9578 9
      vertex 33.7932 31.9578 3
    endloop
  endfacet
  facet normal -0.996191 0.0871954 0
    outer loop
      vertex 33.7932 31.9578 9
      vertex 33.74 31.35 3
      vertex 33.74 31.35 9
    endloop
  endfacet
  facet normal -0.422589 -0.906321 0
    outer loop
      vertex 35.49 28.3189 3
      vertex 36.0429 28.0611 9
      vertex 35.49 28.3189 9
    endloop
  endfacet
  facet normal -0.422589 -0.906321 -0
    outer loop
      vertex 36.0429 28.0611 9
      vertex 35.49 28.3189 3
      vertex 36.0429 28.0611 3
    endloop
  endfacet
  facet normal 0.707107 -0.707107 0
    outer loop
      vertex 39.4898 28.6688 9
      vertex 39.9212 29.1002 3
      vertex 39.9212 29.1002 9
    endloop
  endfacet
  facet normal 0.707107 -0.707107 0
    outer loop
      vertex 39.9212 29.1002 3
      vertex 39.4898 28.6688 9
      vertex 39.4898 28.6688 3
    endloop
  endfacet
  facet normal -0.996191 -0.0871954 0
    outer loop
      vertex 33.7932 30.7422 3
      vertex 33.74 31.35 9
      vertex 33.74 31.35 3
    endloop
  endfacet
  facet normal -0.996191 -0.0871954 0
    outer loop
      vertex 33.74 31.35 9
      vertex 33.7932 30.7422 3
      vertex 33.7932 30.7422 9
    endloop
  endfacet
  facet normal -0.707107 0.707107 0
    outer loop
      vertex 34.5588 33.5998 3
      vertex 34.9902 34.0312 9
      vertex 34.9902 34.0312 3
    endloop
  endfacet
  facet normal -0.707107 0.707107 0
    outer loop
      vertex 34.9902 34.0312 9
      vertex 34.5588 33.5998 3
      vertex 34.5588 33.5998 9
    endloop
  endfacet
  facet normal 0.258815 0.965927 -0
    outer loop
      vertex 38.4371 34.6389 3
      vertex 37.8478 34.7968 9
      vertex 38.4371 34.6389 9
    endloop
  endfacet
  facet normal 0.258815 0.965927 0
    outer loop
      vertex 37.8478 34.7968 9
      vertex 38.4371 34.6389 3
      vertex 37.8478 34.7968 3
    endloop
  endfacet
  facet normal -0.573506 0.819201 0
    outer loop
      vertex 35.49 34.3811 3
      vertex 34.9902 34.0312 9
      vertex 35.49 34.3811 9
    endloop
  endfacet
  facet normal -0.573506 0.819201 0
    outer loop
      vertex 34.9902 34.0312 9
      vertex 35.49 34.3811 3
      vertex 34.9902 34.0312 3
    endloop
  endfacet
  facet normal 0 0 1
    outer loop
      vertex 40.24 31.35 9
      vertex 40.74 31.35 9
      vertex 40.6868 31.9578 9
    endloop
  endfacet
  facet normal 0 0 1
    outer loop
      vertex 40.24 31.35 9
      vertex 40.6868 31.9578 9
      vertex 40.5289 32.5471 9
    endloop
  endfacet
  facet normal 0 0 1
    outer loop
      vertex 40.74 31.35 9
      vertex 40.24 31.35 9
      vertex 40.6868 30.7422 9
    endloop
  endfacet
  facet normal 0 0 1
    outer loop
      vertex 40.24 31.35 9
      vertex 40.5289 32.5471 9
      vertex 40.2711 33.1 9
    endloop
  endfacet
  facet normal 0 0 1
    outer loop
      vertex 40.6868 30.7422 9
      vertex 40.24 31.35 9
      vertex 40.5289 30.1529 9
    endloop
  endfacet
  facet normal 0 0 1
    outer loop
      vertex 40.5289 30.1529 9
      vertex 40.24 31.35 9
      vertex 40.2711 29.6 9
    endloop
  endfacet
  facet normal 0 0 1
    outer loop
      vertex 38.74 33.9481 9
      vertex 40.2711 33.1 9
      vertex 39.9212 33.5998 9
    endloop
  endfacet
  facet normal -0 0 1
    outer loop
      vertex 38.74 33.9481 9
      vertex 39.9212 33.5998 9
      vertex 39.4898 34.0312 9
    endloop
  endfacet
  facet normal 0 0 1
    outer loop
      vertex 38.74 33.9481 9
      vertex 39.4898 34.0312 9
      vertex 38.99 34.3811 9
    endloop
  endfacet
  facet normal 0 0 1
    outer loop
      vertex 40.2711 33.1 9
      vertex 38.74 33.9481 9
      vertex 40.24 31.35 9
    endloop
  endfacet
  facet normal 0 0 1
    outer loop
      vertex 38.4371 34.6389 9
      vertex 38.74 33.9481 9
      vertex 38.99 34.3811 9
    endloop
  endfacet
  facet normal 0 0 1
    outer loop
      vertex 37.8478 34.7968 9
      vertex 38.74 33.9481 9
      vertex 38.4371 34.6389 9
    endloop
  endfacet
  facet normal 0 0 1
    outer loop
      vertex 37.24 34.85 9
      vertex 38.74 33.9481 9
      vertex 37.8478 34.7968 9
    endloop
  endfacet
  facet normal 0 0 1
    outer loop
      vertex 35.74 33.9481 9
      vertex 37.24 34.85 9
      vertex 36.6322 34.7968 9
    endloop
  endfacet
  facet normal 0 0 1
    outer loop
      vertex 35.74 33.9481 9
      vertex 36.6322 34.7968 9
      vertex 36.0429 34.6389 9
    endloop
  endfacet
  facet normal 0 0 1
    outer loop
      vertex 37.24 34.85 9
      vertex 35.74 33.9481 9
      vertex 38.74 33.9481 9
    endloop
  endfacet
  facet normal -0 0 1
    outer loop
      vertex 35.49 34.3811 9
      vertex 35.74 33.9481 9
      vertex 36.0429 34.6389 9
    endloop
  endfacet
  facet normal -0 0 1
    outer loop
      vertex 34.9902 34.0312 9
      vertex 35.74 33.9481 9
      vertex 35.49 34.3811 9
    endloop
  endfacet
  facet normal 0 0 1
    outer loop
      vertex 34.5588 33.5998 9
      vertex 35.74 33.9481 9
      vertex 34.9902 34.0312 9
    endloop
  endfacet
  facet normal 0 0 1
    outer loop
      vertex 34.2089 33.1 9
      vertex 35.74 33.9481 9
      vertex 34.5588 33.5998 9
    endloop
  endfacet
  facet normal 0 0 1
    outer loop
      vertex 35.74 33.9481 9
      vertex 34.2089 33.1 9
      vertex 34.24 31.35 9
    endloop
  endfacet
  facet normal 0 0 1
    outer loop
      vertex 38.74 28.7519 9
      vertex 40.2711 29.6 9
      vertex 40.24 31.35 9
    endloop
  endfacet
  facet normal 0 0 1
    outer loop
      vertex 40.2711 29.6 9
      vertex 38.74 28.7519 9
      vertex 39.9212 29.1002 9
    endloop
  endfacet
  facet normal 0 0 1
    outer loop
      vertex 39.9212 29.1002 9
      vertex 38.74 28.7519 9
      vertex 39.4898 28.6688 9
    endloop
  endfacet
  facet normal 0 0 1
    outer loop
      vertex 39.4898 28.6688 9
      vertex 38.74 28.7519 9
      vertex 38.99 28.3189 9
    endloop
  endfacet
  facet normal 0 0 1
    outer loop
      vertex 38.74 28.7519 9
      vertex 38.4371 28.0611 9
      vertex 38.99 28.3189 9
    endloop
  endfacet
  facet normal 0 0 1
    outer loop
      vertex 38.74 28.7519 9
      vertex 37.8478 27.9032 9
      vertex 38.4371 28.0611 9
    endloop
  endfacet
  facet normal 0 0 1
    outer loop
      vertex 38.74 28.7519 9
      vertex 37.24 27.85 9
      vertex 37.8478 27.9032 9
    endloop
  endfacet
  facet normal -0 0 1
    outer loop
      vertex 35.74 28.7519 9
      vertex 37.24 27.85 9
      vertex 38.74 28.7519 9
    endloop
  endfacet
  facet normal 0 0 1
    outer loop
      vertex 37.24 27.85 9
      vertex 35.74 28.7519 9
      vertex 36.6322 27.9032 9
    endloop
  endfacet
  facet normal 0 0 1
    outer loop
      vertex 36.6322 27.9032 9
      vertex 35.74 28.7519 9
      vertex 36.0429 28.0611 9
    endloop
  endfacet
  facet normal 0 0 1
    outer loop
      vertex 35.74 28.7519 9
      vertex 35.49 28.3189 9
      vertex 36.0429 28.0611 9
    endloop
  endfacet
  facet normal 0 0 1
    outer loop
      vertex 35.74 28.7519 9
      vertex 34.9902 28.6688 9
      vertex 35.49 28.3189 9
    endloop
  endfacet
  facet normal 0 0 1
    outer loop
      vertex 35.74 28.7519 9
      vertex 34.5588 29.1002 9
      vertex 34.9902 28.6688 9
    endloop
  endfacet
  facet normal -0 0 1
    outer loop
      vertex 34.2089 29.6 9
      vertex 35.74 28.7519 9
      vertex 34.24 31.35 9
    endloop
  endfacet
  facet normal 0 0 1
    outer loop
      vertex 35.74 28.7519 9
      vertex 34.2089 29.6 9
      vertex 34.5588 29.1002 9
    endloop
  endfacet
  facet normal -0 0 1
    outer loop
      vertex 33.9511 32.5471 9
      vertex 34.24 31.35 9
      vertex 34.2089 33.1 9
    endloop
  endfacet
  facet normal -0 0 1
    outer loop
      vertex 33.7932 31.9578 9
      vertex 34.24 31.35 9
      vertex 33.9511 32.5471 9
    endloop
  endfacet
  facet normal 0 0 1
    outer loop
      vertex 34.24 31.35 9
      vertex 33.9511 30.1529 9
      vertex 34.2089 29.6 9
    endloop
  endfacet
  facet normal 0 0 1
    outer loop
      vertex 33.74 31.35 9
      vertex 34.24 31.35 9
      vertex 33.7932 31.9578 9
    endloop
  endfacet
  facet normal 0 0 1
    outer loop
      vertex 34.24 31.35 9
      vertex 33.7932 30.7422 9
      vertex 33.9511 30.1529 9
    endloop
  endfacet
  facet normal 0 0 1
    outer loop
      vertex 34.24 31.35 9
      vertex 33.74 31.35 9
      vertex 33.7932 30.7422 9
    endloop
  endfacet
  facet normal -0.258815 -0.965927 0
    outer loop
      vertex 36.0429 28.0611 3
      vertex 36.6322 27.9032 9
      vertex 36.0429 28.0611 9
    endloop
  endfacet
  facet normal -0.258815 -0.965927 -0
    outer loop
      vertex 36.6322 27.9032 9
      vertex 36.0429 28.0611 3
      vertex 36.6322 27.9032 3
    endloop
  endfacet
  facet normal 0.965927 0.258815 0
    outer loop
      vertex 40.6868 12.2728 9
      vertex 40.5289 12.8621 3
      vertex 40.5289 12.8621 9
    endloop
  endfacet
  facet normal 0.965927 0.258815 0
    outer loop
      vertex 40.5289 12.8621 3
      vertex 40.6868 12.2728 9
      vertex 40.6868 12.2728 3
    endloop
  endfacet
  facet normal 0.996191 0.0871954 0
    outer loop
      vertex 40.74 11.665 9
      vertex 40.6868 12.2728 3
      vertex 40.6868 12.2728 9
    endloop
  endfacet
  facet normal 0.996191 0.0871954 0
    outer loop
      vertex 40.6868 12.2728 3
      vertex 40.74 11.665 9
      vertex 40.74 11.665 3
    endloop
  endfacet
  facet normal 0.906321 0.422589 0
    outer loop
      vertex 40.5289 12.8621 9
      vertex 40.2711 13.415 3
      vertex 40.2711 13.415 9
    endloop
  endfacet
  facet normal 0.906321 0.422589 0
    outer loop
      vertex 40.2711 13.415 3
      vertex 40.5289 12.8621 9
      vertex 40.5289 12.8621 3
    endloop
  endfacet
  facet normal 0.573539 -0.819178 0
    outer loop
      vertex 38.99 8.63391 3
      vertex 39.4898 8.98384 9
      vertex 38.99 8.63391 9
    endloop
  endfacet
  facet normal 0.573539 -0.819178 0
    outer loop
      vertex 39.4898 8.98384 9
      vertex 38.99 8.63391 3
      vertex 39.4898 8.98384 3
    endloop
  endfacet
  facet normal 0.42263 -0.906302 0
    outer loop
      vertex 38.4371 8.37608 3
      vertex 38.99 8.63391 9
      vertex 38.4371 8.37608 9
    endloop
  endfacet
  facet normal 0.42263 -0.906302 0
    outer loop
      vertex 38.99 8.63391 9
      vertex 38.4371 8.37608 3
      vertex 38.99 8.63391 3
    endloop
  endfacet
  facet normal -0.996191 0.0871954 0
    outer loop
      vertex 33.74 11.665 3
      vertex 33.7932 12.2728 9
      vertex 33.7932 12.2728 3
    endloop
  endfacet
  facet normal -0.996191 0.0871954 0
    outer loop
      vertex 33.7932 12.2728 9
      vertex 33.74 11.665 3
      vertex 33.74 11.665 9
    endloop
  endfacet
  facet normal 0.906321 -0.422589 0
    outer loop
      vertex 40.2711 9.915 9
      vertex 40.5289 10.4679 3
      vertex 40.5289 10.4679 9
    endloop
  endfacet
  facet normal 0.906321 -0.422589 0
    outer loop
      vertex 40.5289 10.4679 3
      vertex 40.2711 9.915 9
      vertex 40.2711 9.915 3
    endloop
  endfacet
  facet normal 0.573506 0.819201 -0
    outer loop
      vertex 39.4898 14.3462 3
      vertex 38.99 14.6961 9
      vertex 39.4898 14.3462 9
    endloop
  endfacet
  facet normal 0.573506 0.819201 0
    outer loop
      vertex 38.99 14.6961 9
      vertex 39.4898 14.3462 3
      vertex 38.99 14.6961 3
    endloop
  endfacet
  facet normal 0.0871954 0.996191 -0
    outer loop
      vertex 37.8478 15.1118 3
      vertex 37.24 15.165 9
      vertex 37.8478 15.1118 9
    endloop
  endfacet
  facet normal 0.0871954 0.996191 0
    outer loop
      vertex 37.24 15.165 9
      vertex 37.8478 15.1118 3
      vertex 37.24 15.165 3
    endloop
  endfacet
  facet normal -0.81918 -0.573537 0
    outer loop
      vertex 34.5588 9.41524 3
      vertex 34.2089 9.915 9
      vertex 34.2089 9.915 3
    endloop
  endfacet
  facet normal -0.81918 -0.573537 0
    outer loop
      vertex 34.2089 9.915 9
      vertex 34.5588 9.41524 3
      vertex 34.5588 9.41524 9
    endloop
  endfacet
  facet normal -0.0871466 -0.996195 0
    outer loop
      vertex 36.6322 8.21817 3
      vertex 37.24 8.165 9
      vertex 36.6322 8.21817 9
    endloop
  endfacet
  facet normal -0.0871466 -0.996195 -0
    outer loop
      vertex 37.24 8.165 9
      vertex 36.6322 8.21817 3
      vertex 37.24 8.165 3
    endloop
  endfacet
  facet normal -0.573506 0.819201 0
    outer loop
      vertex 35.49 14.6961 3
      vertex 34.9902 14.3462 9
      vertex 35.49 14.6961 9
    endloop
  endfacet
  facet normal -0.573506 0.819201 0
    outer loop
      vertex 34.9902 14.3462 9
      vertex 35.49 14.6961 3
      vertex 34.9902 14.3462 3
    endloop
  endfacet
  facet normal 0.707107 -0.707107 0
    outer loop
      vertex 39.4898 8.98384 9
      vertex 39.9212 9.41524 3
      vertex 39.9212 9.41524 9
    endloop
  endfacet
  facet normal 0.707107 -0.707107 0
    outer loop
      vertex 39.9212 9.41524 3
      vertex 39.4898 8.98384 9
      vertex 39.4898 8.98384 3
    endloop
  endfacet
  facet normal 0.258831 -0.965923 0
    outer loop
      vertex 37.8478 8.21817 3
      vertex 38.4371 8.37608 9
      vertex 37.8478 8.21817 9
    endloop
  endfacet
  facet normal 0.258831 -0.965923 0
    outer loop
      vertex 38.4371 8.37608 9
      vertex 37.8478 8.21817 3
      vertex 38.4371 8.37608 3
    endloop
  endfacet
  facet normal -0.707107 0.707107 0
    outer loop
      vertex 34.5588 13.9148 3
      vertex 34.9902 14.3462 9
      vertex 34.9902 14.3462 3
    endloop
  endfacet
  facet normal -0.707107 0.707107 0
    outer loop
      vertex 34.9902 14.3462 9
      vertex 34.5588 13.9148 3
      vertex 34.5588 13.9148 9
    endloop
  endfacet
  facet normal -0.422589 0.906321 0
    outer loop
      vertex 36.0429 14.9539 3
      vertex 35.49 14.6961 9
      vertex 36.0429 14.9539 9
    endloop
  endfacet
  facet normal -0.422589 0.906321 0
    outer loop
      vertex 35.49 14.6961 9
      vertex 36.0429 14.9539 3
      vertex 35.49 14.6961 3
    endloop
  endfacet
  facet normal -0.258815 0.965927 0
    outer loop
      vertex 36.6322 15.1118 3
      vertex 36.0429 14.9539 9
      vertex 36.6322 15.1118 9
    endloop
  endfacet
  facet normal -0.258815 0.965927 0
    outer loop
      vertex 36.0429 14.9539 9
      vertex 36.6322 15.1118 3
      vertex 36.0429 14.9539 3
    endloop
  endfacet
  facet normal 0.996191 -0.0871954 0
    outer loop
      vertex 40.6868 11.0572 9
      vertex 40.74 11.665 3
      vertex 40.74 11.665 9
    endloop
  endfacet
  facet normal 0.996191 -0.0871954 0
    outer loop
      vertex 40.74 11.665 3
      vertex 40.6868 11.0572 9
      vertex 40.6868 11.0572 3
    endloop
  endfacet
  facet normal -0.906321 -0.422589 0
    outer loop
      vertex 34.2089 9.915 3
      vertex 33.9511 10.4679 9
      vertex 33.9511 10.4679 3
    endloop
  endfacet
  facet normal -0.906321 -0.422589 0
    outer loop
      vertex 33.9511 10.4679 9
      vertex 34.2089 9.915 3
      vertex 34.2089 9.915 9
    endloop
  endfacet
  facet normal 0.258815 0.965927 -0
    outer loop
      vertex 38.4371 14.9539 3
      vertex 37.8478 15.1118 9
      vertex 38.4371 14.9539 9
    endloop
  endfacet
  facet normal 0.258815 0.965927 0
    outer loop
      vertex 37.8478 15.1118 9
      vertex 38.4371 14.9539 3
      vertex 37.8478 15.1118 3
    endloop
  endfacet
  facet normal -0.965927 -0.258815 0
    outer loop
      vertex 33.9511 10.4679 3
      vertex 33.7932 11.0572 9
      vertex 33.7932 11.0572 3
    endloop
  endfacet
  facet normal -0.965927 -0.258815 0
    outer loop
      vertex 33.7932 11.0572 9
      vertex 33.9511 10.4679 3
      vertex 33.9511 10.4679 9
    endloop
  endfacet
  facet normal 0 0 1
    outer loop
      vertex 40.24 11.665 9
      vertex 40.74 11.665 9
      vertex 40.6868 12.2728 9
    endloop
  endfacet
  facet normal 0 0 1
    outer loop
      vertex 40.24 11.665 9
      vertex 40.6868 12.2728 9
      vertex 40.5289 12.8621 9
    endloop
  endfacet
  facet normal 0 0 1
    outer loop
      vertex 40.74 11.665 9
      vertex 40.24 11.665 9
      vertex 40.6868 11.0572 9
    endloop
  endfacet
  facet normal 0 0 1
    outer loop
      vertex 40.24 11.665 9
      vertex 40.5289 12.8621 9
      vertex 40.2711 13.415 9
    endloop
  endfacet
  facet normal 0 0 1
    outer loop
      vertex 40.6868 11.0572 9
      vertex 40.24 11.665 9
      vertex 40.5289 10.4679 9
    endloop
  endfacet
  facet normal 0 0 1
    outer loop
      vertex 40.5289 10.4679 9
      vertex 40.24 11.665 9
      vertex 40.2711 9.915 9
    endloop
  endfacet
  facet normal 0 0 1
    outer loop
      vertex 38.74 14.2631 9
      vertex 40.2711 13.415 9
      vertex 39.9212 13.9148 9
    endloop
  endfacet
  facet normal -0 0 1
    outer loop
      vertex 38.74 14.2631 9
      vertex 39.9212 13.9148 9
      vertex 39.4898 14.3462 9
    endloop
  endfacet
  facet normal 0 0 1
    outer loop
      vertex 38.74 14.2631 9
      vertex 39.4898 14.3462 9
      vertex 38.99 14.6961 9
    endloop
  endfacet
  facet normal 0 0 1
    outer loop
      vertex 40.2711 13.415 9
      vertex 38.74 14.2631 9
      vertex 40.24 11.665 9
    endloop
  endfacet
  facet normal 0 0 1
    outer loop
      vertex 38.4371 14.9539 9
      vertex 38.74 14.2631 9
      vertex 38.99 14.6961 9
    endloop
  endfacet
  facet normal 0 0 1
    outer loop
      vertex 37.8478 15.1118 9
      vertex 38.74 14.2631 9
      vertex 38.4371 14.9539 9
    endloop
  endfacet
  facet normal 0 0 1
    outer loop
      vertex 37.24 15.165 9
      vertex 38.74 14.2631 9
      vertex 37.8478 15.1118 9
    endloop
  endfacet
  facet normal 0 0 1
    outer loop
      vertex 35.74 14.2631 9
      vertex 37.24 15.165 9
      vertex 36.6322 15.1118 9
    endloop
  endfacet
  facet normal 0 0 1
    outer loop
      vertex 35.74 14.2631 9
      vertex 36.6322 15.1118 9
      vertex 36.0429 14.9539 9
    endloop
  endfacet
  facet normal 0 0 1
    outer loop
      vertex 37.24 15.165 9
      vertex 35.74 14.2631 9
      vertex 38.74 14.2631 9
    endloop
  endfacet
  facet normal -0 0 1
    outer loop
      vertex 35.49 14.6961 9
      vertex 35.74 14.2631 9
      vertex 36.0429 14.9539 9
    endloop
  endfacet
  facet normal -0 0 1
    outer loop
      vertex 34.9902 14.3462 9
      vertex 35.74 14.2631 9
      vertex 35.49 14.6961 9
    endloop
  endfacet
  facet normal 0 0 1
    outer loop
      vertex 34.5588 13.9148 9
      vertex 35.74 14.2631 9
      vertex 34.9902 14.3462 9
    endloop
  endfacet
  facet normal 0 0 1
    outer loop
      vertex 34.2089 13.415 9
      vertex 35.74 14.2631 9
      vertex 34.5588 13.9148 9
    endloop
  endfacet
  facet normal 0 0 1
    outer loop
      vertex 35.74 14.2631 9
      vertex 34.2089 13.415 9
      vertex 34.24 11.665 9
    endloop
  endfacet
  facet normal 0 0 1
    outer loop
      vertex 38.74 9.06692 9
      vertex 40.2711 9.915 9
      vertex 40.24 11.665 9
    endloop
  endfacet
  facet normal 0 0 1
    outer loop
      vertex 40.2711 9.915 9
      vertex 38.74 9.06692 9
      vertex 39.9212 9.41524 9
    endloop
  endfacet
  facet normal 0 0 1
    outer loop
      vertex 39.9212 9.41524 9
      vertex 38.74 9.06692 9
      vertex 39.4898 8.98384 9
    endloop
  endfacet
  facet normal 0 0 1
    outer loop
      vertex 39.4898 8.98384 9
      vertex 38.74 9.06692 9
      vertex 38.99 8.63391 9
    endloop
  endfacet
  facet normal 0 0 1
    outer loop
      vertex 38.74 9.06692 9
      vertex 38.4371 8.37608 9
      vertex 38.99 8.63391 9
    endloop
  endfacet
  facet normal 0 0 1
    outer loop
      vertex 38.74 9.06692 9
      vertex 37.8478 8.21817 9
      vertex 38.4371 8.37608 9
    endloop
  endfacet
  facet normal 0 0 1
    outer loop
      vertex 38.74 9.06692 9
      vertex 37.24 8.165 9
      vertex 37.8478 8.21817 9
    endloop
  endfacet
  facet normal -0 0 1
    outer loop
      vertex 35.74 9.06692 9
      vertex 37.24 8.165 9
      vertex 38.74 9.06692 9
    endloop
  endfacet
  facet normal 0 0 1
    outer loop
      vertex 37.24 8.165 9
      vertex 35.74 9.06692 9
      vertex 36.6322 8.21817 9
    endloop
  endfacet
  facet normal 0 0 1
    outer loop
      vertex 36.6322 8.21817 9
      vertex 35.74 9.06692 9
      vertex 36.0429 8.37608 9
    endloop
  endfacet
  facet normal 0 0 1
    outer loop
      vertex 35.74 9.06692 9
      vertex 35.49 8.63391 9
      vertex 36.0429 8.37608 9
    endloop
  endfacet
  facet normal 0 0 1
    outer loop
      vertex 35.74 9.06692 9
      vertex 34.9902 8.98384 9
      vertex 35.49 8.63391 9
    endloop
  endfacet
  facet normal 0 0 1
    outer loop
      vertex 35.74 9.06692 9
      vertex 34.5588 9.41524 9
      vertex 34.9902 8.98384 9
    endloop
  endfacet
  facet normal -0 0 1
    outer loop
      vertex 34.2089 9.915 9
      vertex 35.74 9.06692 9
      vertex 34.24 11.665 9
    endloop
  endfacet
  facet normal 0 0 1
    outer loop
      vertex 35.74 9.06692 9
      vertex 34.2089 9.915 9
      vertex 34.5588 9.41524 9
    endloop
  endfacet
  facet normal -0 0 1
    outer loop
      vertex 33.9511 12.8621 9
      vertex 34.24 11.665 9
      vertex 34.2089 13.415 9
    endloop
  endfacet
  facet normal -0 0 1
    outer loop
      vertex 33.7932 12.2728 9
      vertex 34.24 11.665 9
      vertex 33.9511 12.8621 9
    endloop
  endfacet
  facet normal 0 0 1
    outer loop
      vertex 34.24 11.665 9
      vertex 33.9511 10.4679 9
      vertex 34.2089 9.915 9
    endloop
  endfacet
  facet normal 0 0 1
    outer loop
      vertex 33.74 11.665 9
      vertex 34.24 11.665 9
      vertex 33.7932 12.2728 9
    endloop
  endfacet
  facet normal 0 0 1
    outer loop
      vertex 34.24 11.665 9
      vertex 33.7932 11.0572 9
      vertex 33.9511 10.4679 9
    endloop
  endfacet
  facet normal 0 0 1
    outer loop
      vertex 34.24 11.665 9
      vertex 33.74 11.665 9
      vertex 33.7932 11.0572 9
    endloop
  endfacet
  facet normal -0.819201 0.573506 0
    outer loop
      vertex 34.2089 13.415 3
      vertex 34.5588 13.9148 9
      vertex 34.5588 13.9148 3
    endloop
  endfacet
  facet normal -0.819201 0.573506 0
    outer loop
      vertex 34.5588 13.9148 9
      vertex 34.2089 13.415 3
      vertex 34.2089 13.415 9
    endloop
  endfacet
  facet normal 0.707107 0.707107 0
    outer loop
      vertex 39.9212 13.9148 9
      vertex 39.4898 14.3462 3
      vertex 39.4898 14.3462 9
    endloop
  endfacet
  facet normal 0.707107 0.707107 0
    outer loop
      vertex 39.4898 14.3462 3
      vertex 39.9212 13.9148 9
      vertex 39.9212 13.9148 3
    endloop
  endfacet
  facet normal 0.422589 0.906321 -0
    outer loop
      vertex 38.99 14.6961 3
      vertex 38.4371 14.9539 9
      vertex 38.99 14.6961 9
    endloop
  endfacet
  facet normal 0.422589 0.906321 0
    outer loop
      vertex 38.4371 14.9539 9
      vertex 38.99 14.6961 3
      vertex 38.4371 14.9539 3
    endloop
  endfacet
  facet normal -0.965927 0.258815 0
    outer loop
      vertex 33.7932 12.2728 3
      vertex 33.9511 12.8621 9
      vertex 33.9511 12.8621 3
    endloop
  endfacet
  facet normal -0.965927 0.258815 0
    outer loop
      vertex 33.9511 12.8621 9
      vertex 33.7932 12.2728 3
      vertex 33.7932 12.2728 9
    endloop
  endfacet
  facet normal 0.965927 -0.258815 0
    outer loop
      vertex 40.5289 10.4679 9
      vertex 40.6868 11.0572 3
      vertex 40.6868 11.0572 9
    endloop
  endfacet
  facet normal 0.965927 -0.258815 0
    outer loop
      vertex 40.6868 11.0572 3
      vertex 40.5289 10.4679 9
      vertex 40.5289 10.4679 3
    endloop
  endfacet
  facet normal 0.819201 0.573506 0
    outer loop
      vertex 40.2711 13.415 9
      vertex 39.9212 13.9148 3
      vertex 39.9212 13.9148 9
    endloop
  endfacet
  facet normal 0.819201 0.573506 0
    outer loop
      vertex 39.9212 13.9148 3
      vertex 40.2711 13.415 9
      vertex 40.2711 13.415 3
    endloop
  endfacet
  facet normal -0.707107 -0.707107 0
    outer loop
      vertex 34.9902 8.98384 3
      vertex 34.5588 9.41524 9
      vertex 34.5588 9.41524 3
    endloop
  endfacet
  facet normal -0.707107 -0.707107 0
    outer loop
      vertex 34.5588 9.41524 9
      vertex 34.9902 8.98384 3
      vertex 34.9902 8.98384 9
    endloop
  endfacet
  facet normal -0.573539 -0.819178 0
    outer loop
      vertex 34.9902 8.98384 3
      vertex 35.49 8.63391 9
      vertex 34.9902 8.98384 9
    endloop
  endfacet
  facet normal -0.573539 -0.819178 -0
    outer loop
      vertex 35.49 8.63391 9
      vertex 34.9902 8.98384 3
      vertex 35.49 8.63391 3
    endloop
  endfacet
  facet normal 0.0871466 -0.996195 0
    outer loop
      vertex 37.24 8.165 3
      vertex 37.8478 8.21817 9
      vertex 37.24 8.165 9
    endloop
  endfacet
  facet normal 0.0871466 -0.996195 0
    outer loop
      vertex 37.8478 8.21817 9
      vertex 37.24 8.165 3
      vertex 37.8478 8.21817 3
    endloop
  endfacet
  facet normal -0.0871954 0.996191 0
    outer loop
      vertex 37.24 15.165 3
      vertex 36.6322 15.1118 9
      vertex 37.24 15.165 9
    endloop
  endfacet
  facet normal -0.0871954 0.996191 0
    outer loop
      vertex 36.6322 15.1118 9
      vertex 37.24 15.165 3
      vertex 36.6322 15.1118 3
    endloop
  endfacet
  facet normal -0.258831 -0.965923 0
    outer loop
      vertex 36.0429 8.37608 3
      vertex 36.6322 8.21817 9
      vertex 36.0429 8.37608 9
    endloop
  endfacet
  facet normal -0.258831 -0.965923 -0
    outer loop
      vertex 36.6322 8.21817 9
      vertex 36.0429 8.37608 3
      vertex 36.6322 8.21817 3
    endloop
  endfacet
  facet normal -0.996191 -0.0871954 0
    outer loop
      vertex 33.7932 11.0572 3
      vertex 33.74 11.665 9
      vertex 33.74 11.665 3
    endloop
  endfacet
  facet normal -0.996191 -0.0871954 0
    outer loop
      vertex 33.74 11.665 9
      vertex 33.7932 11.0572 3
      vertex 33.7932 11.0572 9
    endloop
  endfacet
  facet normal -0.906321 0.422589 0
    outer loop
      vertex 33.9511 12.8621 3
      vertex 34.2089 13.415 9
      vertex 34.2089 13.415 3
    endloop
  endfacet
  facet normal -0.906321 0.422589 0
    outer loop
      vertex 34.2089 13.415 9
      vertex 33.9511 12.8621 3
      vertex 33.9511 12.8621 9
    endloop
  endfacet
  facet normal 0.81918 -0.573537 0
    outer loop
      vertex 39.9212 9.41524 9
      vertex 40.2711 9.915 3
      vertex 40.2711 9.915 9
    endloop
  endfacet
  facet normal 0.81918 -0.573537 0
    outer loop
      vertex 40.2711 9.915 3
      vertex 39.9212 9.41524 9
      vertex 39.9212 9.41524 3
    endloop
  endfacet
  facet normal -0.42263 -0.906302 0
    outer loop
      vertex 35.49 8.63391 3
      vertex 36.0429 8.37608 9
      vertex 35.49 8.63391 9
    endloop
  endfacet
  facet normal -0.42263 -0.906302 -0
    outer loop
      vertex 36.0429 8.37608 9
      vertex 35.49 8.63391 3
      vertex 36.0429 8.37608 3
    endloop
  endfacet
  facet normal 0.772994 0.634413 0
    outer loop
      vertex 85.4944 48.6667 3
      vertex 85.1213 49.1213 0
      vertex 85.1213 49.1213 3
    endloop
  endfacet
  facet normal 0.772994 0.634413 0
    outer loop
      vertex 85.1213 49.1213 0
      vertex 85.4944 48.6667 3
      vertex 85.4944 48.6667 0
    endloop
  endfacet
  facet normal -0.956941 -0.290282 0
    outer loop
      vertex 0.228348 1.85194 0
      vertex 0.0576324 2.41472 3
      vertex 0.0576324 2.41472 0
    endloop
  endfacet
  facet normal -0.956941 -0.290282 0
    outer loop
      vertex 0.0576324 2.41472 3
      vertex 0.228348 1.85194 0
      vertex 0.228348 1.85194 3
    endloop
  endfacet
  facet normal -0.995187 0.0979925 0
    outer loop
      vertex 0 47 0
      vertex 0.0576324 47.5853 3
      vertex 0.0576324 47.5853 0
    endloop
  endfacet
  facet normal -0.995187 0.0979925 0
    outer loop
      vertex 0.0576324 47.5853 3
      vertex 0 47 0
      vertex 0 47 3
    endloop
  endfacet
  facet normal -0.634411 0.772996 0
    outer loop
      vertex 1.33328 49.4944 0
      vertex 0.878677 49.1213 3
      vertex 1.33328 49.4944 3
    endloop
  endfacet
  facet normal -0.634411 0.772996 0
    outer loop
      vertex 0.878677 49.1213 3
      vertex 1.33328 49.4944 0
      vertex 0.878677 49.1213 0
    endloop
  endfacet
  facet normal -0.995187 -0.0979958 0
    outer loop
      vertex 0.0576324 2.41472 0
      vertex 0 3 3
      vertex 0 3 0
    endloop
  endfacet
  facet normal -0.995187 -0.0979958 0
    outer loop
      vertex 0 3 3
      vertex 0.0576324 2.41472 0
      vertex 0.0576324 2.41472 3
    endloop
  endfacet
  facet normal -0.881931 0.471378 0
    outer loop
      vertex 0.228348 48.148 0
      vertex 0.505585 48.6667 3
      vertex 0.505585 48.6667 0
    endloop
  endfacet
  facet normal -0.881931 0.471378 0
    outer loop
      vertex 0.505585 48.6667 3
      vertex 0.228348 48.148 0
      vertex 0.228348 48.148 3
    endloop
  endfacet
  facet normal -0.634402 -0.773003 0
    outer loop
      vertex 0.878677 0.878677 0
      vertex 1.33328 0.505585 3
      vertex 0.878677 0.878677 3
    endloop
  endfacet
  facet normal -0.634402 -0.773003 -0
    outer loop
      vertex 1.33328 0.505585 3
      vertex 0.878677 0.878677 0
      vertex 1.33328 0.505585 0
    endloop
  endfacet
  facet normal -0.290413 0.956901 0
    outer loop
      vertex 2.41472 49.9424 0
      vertex 1.85194 49.7716 3
      vertex 2.41472 49.9424 3
    endloop
  endfacet
  facet normal -0.290413 0.956901 0
    outer loop
      vertex 1.85194 49.7716 3
      vertex 2.41472 49.9424 0
      vertex 1.85194 49.7716 0
    endloop
  endfacet
  facet normal 1 -0 0
    outer loop
      vertex 86 3 3
      vertex 86 47 0
      vertex 86 47 3
    endloop
  endfacet
  facet normal 1 0 0
    outer loop
      vertex 86 47 0
      vertex 86 3 3
      vertex 86 3 0
    endloop
  endfacet
  facet normal 0 1 -0
    outer loop
      vertex 83 50 0
      vertex 3 50 3
      vertex 83 50 3
    endloop
  endfacet
  facet normal 0 1 0
    outer loop
      vertex 3 50 3
      vertex 83 50 0
      vertex 3 50 0
    endloop
  endfacet
  facet normal -0.471358 0.881942 0
    outer loop
      vertex 1.85194 49.7716 0
      vertex 1.33328 49.4944 3
      vertex 1.85194 49.7716 3
    endloop
  endfacet
  facet normal -0.471358 0.881942 0
    outer loop
      vertex 1.33328 49.4944 3
      vertex 1.85194 49.7716 0
      vertex 1.33328 49.4944 0
    endloop
  endfacet
  facet normal -1 0 0
    outer loop
      vertex 0 3 0
      vertex 0 47 3
      vertex 0 47 0
    endloop
  endfacet
  facet normal -1 -0 0
    outer loop
      vertex 0 47 3
      vertex 0 3 0
      vertex 0 3 3
    endloop
  endfacet
  facet normal 0 -1 0
    outer loop
      vertex 3 0 0
      vertex 83 0 3
      vertex 3 0 3
    endloop
  endfacet
  facet normal 0 -1 -0
    outer loop
      vertex 83 0 3
      vertex 3 0 0
      vertex 83 0 0
    endloop
  endfacet
  facet normal 0.0979925 -0.995187 0
    outer loop
      vertex 83 0 0
      vertex 83.5853 0.0576324 3
      vertex 83 0 3
    endloop
  endfacet
  facet normal 0.0979925 -0.995187 0
    outer loop
      vertex 83.5853 0.0576324 3
      vertex 83 0 0
      vertex 83.5853 0.0576324 0
    endloop
  endfacet
  facet normal 0.634413 0.772994 -0
    outer loop
      vertex 85.1213 49.1213 0
      vertex 84.6667 49.4944 3
      vertex 85.1213 49.1213 3
    endloop
  endfacet
  facet normal 0.634413 0.772994 0
    outer loop
      vertex 84.6667 49.4944 3
      vertex 85.1213 49.1213 0
      vertex 84.6667 49.4944 0
    endloop
  endfacet
  facet normal 0.634405 -0.773001 0
    outer loop
      vertex 84.6667 0.505585 0
      vertex 85.1213 0.878677 3
      vertex 84.6667 0.505585 3
    endloop
  endfacet
  facet normal 0.634405 -0.773001 0
    outer loop
      vertex 85.1213 0.878677 3
      vertex 84.6667 0.505585 0
      vertex 85.1213 0.878677 0
    endloop
  endfacet
  facet normal -0.773003 -0.634402 0
    outer loop
      vertex 0.878677 0.878677 0
      vertex 0.505585 1.33328 3
      vertex 0.505585 1.33328 0
    endloop
  endfacet
  facet normal -0.773003 -0.634402 0
    outer loop
      vertex 0.505585 1.33328 3
      vertex 0.878677 0.878677 0
      vertex 0.878677 0.878677 3
    endloop
  endfacet
  facet normal -0.95693 0.29032 0
    outer loop
      vertex 0.0576324 47.5853 0
      vertex 0.228348 48.148 3
      vertex 0.228348 48.148 0
    endloop
  endfacet
  facet normal -0.95693 0.29032 0
    outer loop
      vertex 0.228348 48.148 3
      vertex 0.0576324 47.5853 0
      vertex 0.0576324 47.5853 3
    endloop
  endfacet
  facet normal 0.881957 0.471329 0
    outer loop
      vertex 85.7716 48.148 3
      vertex 85.4944 48.6667 0
      vertex 85.4944 48.6667 3
    endloop
  endfacet
  facet normal 0.881957 0.471329 0
    outer loop
      vertex 85.4944 48.6667 0
      vertex 85.7716 48.148 3
      vertex 85.7716 48.148 0
    endloop
  endfacet
  facet normal 0.290451 0.95689 -0
    outer loop
      vertex 84.148 49.7716 0
      vertex 83.5853 49.9424 3
      vertex 84.148 49.7716 3
    endloop
  endfacet
  facet normal 0.290451 0.95689 0
    outer loop
      vertex 83.5853 49.9424 3
      vertex 84.148 49.7716 0
      vertex 83.5853 49.9424 0
    endloop
  endfacet
  facet normal 0.471329 0.881957 -0
    outer loop
      vertex 84.6667 49.4944 0
      vertex 84.148 49.7716 3
      vertex 84.6667 49.4944 3
    endloop
  endfacet
  facet normal 0.471329 0.881957 0
    outer loop
      vertex 84.148 49.7716 3
      vertex 84.6667 49.4944 0
      vertex 84.148 49.7716 0
    endloop
  endfacet
  facet normal 0.995193 0.097938 0
    outer loop
      vertex 86 47 3
      vertex 85.9424 47.5853 0
      vertex 85.9424 47.5853 3
    endloop
  endfacet
  facet normal 0.995193 0.097938 0
    outer loop
      vertex 85.9424 47.5853 0
      vertex 86 47 3
      vertex 86 47 0
    endloop
  endfacet
  facet normal 0.956901 -0.290413 0
    outer loop
      vertex 85.7716 1.85194 3
      vertex 85.9424 2.41472 0
      vertex 85.9424 2.41472 3
    endloop
  endfacet
  facet normal 0.956901 -0.290413 0
    outer loop
      vertex 85.9424 2.41472 0
      vertex 85.7716 1.85194 3
      vertex 85.7716 1.85194 0
    endloop
  endfacet
  facet normal 0.881942 -0.471358 0
    outer loop
      vertex 85.4944 1.33328 3
      vertex 85.7716 1.85194 0
      vertex 85.7716 1.85194 3
    endloop
  endfacet
  facet normal 0.881942 -0.471358 0
    outer loop
      vertex 85.7716 1.85194 0
      vertex 85.4944 1.33328 3
      vertex 85.4944 1.33328 0
    endloop
  endfacet
  facet normal 0.95689 0.290451 0
    outer loop
      vertex 85.9424 47.5853 3
      vertex 85.7716 48.148 0
      vertex 85.7716 48.148 3
    endloop
  endfacet
  facet normal 0.95689 0.290451 0
    outer loop
      vertex 85.7716 48.148 0
      vertex 85.9424 47.5853 3
      vertex 85.9424 47.5853 0
    endloop
  endfacet
  facet normal 0.995192 -0.0979413 0
    outer loop
      vertex 85.9424 2.41472 3
      vertex 86 3 0
      vertex 86 3 3
    endloop
  endfacet
  facet normal 0.995192 -0.0979413 0
    outer loop
      vertex 86 3 0
      vertex 85.9424 2.41472 3
      vertex 85.9424 2.41472 0
    endloop
  endfacet
  facet normal 0.097938 0.995193 -0
    outer loop
      vertex 83.5853 49.9424 0
      vertex 83 50 3
      vertex 83.5853 49.9424 3
    endloop
  endfacet
  facet normal 0.097938 0.995193 0
    outer loop
      vertex 83 50 3
      vertex 83.5853 49.9424 0
      vertex 83 50 0
    endloop
  endfacet
  facet normal -0.471407 -0.881916 0
    outer loop
      vertex 1.33328 0.505585 0
      vertex 1.85194 0.228348 3
      vertex 1.33328 0.505585 3
    endloop
  endfacet
  facet normal -0.471407 -0.881916 -0
    outer loop
      vertex 1.85194 0.228348 3
      vertex 1.33328 0.505585 0
      vertex 1.85194 0.228348 0
    endloop
  endfacet
  facet normal -0.773001 0.634405 0
    outer loop
      vertex 0.505585 48.6667 0
      vertex 0.878677 49.1213 3
      vertex 0.878677 49.1213 0
    endloop
  endfacet
  facet normal -0.773001 0.634405 0
    outer loop
      vertex 0.878677 49.1213 3
      vertex 0.505585 48.6667 0
      vertex 0.505585 48.6667 3
    endloop
  endfacet
  facet normal 0.29032 -0.95693 0
    outer loop
      vertex 83.5853 0.0576324 0
      vertex 84.148 0.228348 3
      vertex 83.5853 0.0576324 3
    endloop
  endfacet
  facet normal 0.29032 -0.95693 0
    outer loop
      vertex 84.148 0.228348 3
      vertex 83.5853 0.0576324 0
      vertex 84.148 0.228348 0
    endloop
  endfacet
  facet normal -0.0979958 -0.995187 0
    outer loop
      vertex 2.41472 0.0576324 0
      vertex 3 0 3
      vertex 2.41472 0.0576324 3
    endloop
  endfacet
  facet normal -0.0979958 -0.995187 -0
    outer loop
      vertex 3 0 3
      vertex 2.41472 0.0576324 0
      vertex 3 0 0
    endloop
  endfacet
  facet normal -0.0979413 0.995192 0
    outer loop
      vertex 3 50 0
      vertex 2.41472 49.9424 3
      vertex 3 50 3
    endloop
  endfacet
  facet normal -0.0979413 0.995192 0
    outer loop
      vertex 2.41472 49.9424 3
      vertex 3 50 0
      vertex 2.41472 49.9424 0
    endloop
  endfacet
  facet normal 0.772996 -0.634411 0
    outer loop
      vertex 85.1213 0.878677 3
      vertex 85.4944 1.33328 0
      vertex 85.4944 1.33328 3
    endloop
  endfacet
  facet normal 0.772996 -0.634411 0
    outer loop
      vertex 85.4944 1.33328 0
      vertex 85.1213 0.878677 3
      vertex 85.1213 0.878677 0
    endloop
  endfacet
  facet normal 0.471378 -0.881931 0
    outer loop
      vertex 84.148 0.228348 0
      vertex 84.6667 0.505585 3
      vertex 84.148 0.228348 3
    endloop
  endfacet
  facet normal 0.471378 -0.881931 0
    outer loop
      vertex 84.6667 0.505585 3
      vertex 84.148 0.228348 0
      vertex 84.6667 0.505585 0
    endloop
  endfacet
  facet normal 0 0 -1
    outer loop
      vertex 8.4135 5.94447 0
      vertex 53.5865 5.94447 0
      vertex 8.57059 5.65056 0
    endloop
  endfacet
  facet normal 0 0 -1
    outer loop
      vertex 53.5865 44.0555 0
      vertex 8.66733 44.6683 0
      vertex 8.7 45 0
    endloop
  endfacet
  facet normal 0 0 -1
    outer loop
      vertex 53.5865 5.94447 0
      vertex 8.4135 5.94447 0
      vertex 53.5865 44.0555 0
    endloop
  endfacet
  facet normal 0 0 -1
    outer loop
      vertex 53.5865 44.0555 0
      vertex 8.57059 44.3494 0
      vertex 8.66733 44.6683 0
    endloop
  endfacet
  facet normal 0 0 -1
    outer loop
      vertex 8.4135 44.0555 0
      vertex 53.5865 44.0555 0
      vertex 8.4135 5.94447 0
    endloop
  endfacet
  facet normal 0 0 -1
    outer loop
      vertex 53.5865 44.0555 0
      vertex 8.4135 44.0555 0
      vertex 8.57059 44.3494 0
    endloop
  endfacet
  facet normal 0 0 -1
    outer loop
      vertex 8.20208 6.20208 0
      vertex 8.4135 44.0555 0
      vertex 8.4135 5.94447 0
    endloop
  endfacet
  facet normal 0 0 -1
    outer loop
      vertex 8.20208 6.20208 0
      vertex 8.20208 43.7979 0
      vertex 8.4135 44.0555 0
    endloop
  endfacet
  facet normal 0 0 -1
    outer loop
      vertex 7.94447 6.4135 0
      vertex 8.20208 43.7979 0
      vertex 8.20208 6.20208 0
    endloop
  endfacet
  facet normal 0 0 -1
    outer loop
      vertex 7.94447 6.4135 0
      vertex 7.94447 43.5865 0
      vertex 8.20208 43.7979 0
    endloop
  endfacet
  facet normal 0 0 -1
    outer loop
      vertex 7.65056 6.57059 0
      vertex 7.94447 43.5865 0
      vertex 7.94447 6.4135 0
    endloop
  endfacet
  facet normal 0 0 -1
    outer loop
      vertex 7.65056 6.57059 0
      vertex 7.65056 43.4294 0
      vertex 7.94447 43.5865 0
    endloop
  endfacet
  facet normal 0 0 -1
    outer loop
      vertex 7.33165 6.66733 0
      vertex 7.65056 43.4294 0
      vertex 7.65056 6.57059 0
    endloop
  endfacet
  facet normal 0 0 -1
    outer loop
      vertex 7.33165 6.66733 0
      vertex 7.33165 43.3327 0
      vertex 7.65056 43.4294 0
    endloop
  endfacet
  facet normal 0 0 -1
    outer loop
      vertex 7 6.7 0
      vertex 7.33165 43.3327 0
      vertex 7.33165 6.66733 0
    endloop
  endfacet
  facet normal 0 0 -1
    outer loop
      vertex 7 6.7 0
      vertex 7 43.3 0
      vertex 7.33165 43.3327 0
    endloop
  endfacet
  facet normal 0 0 -1
    outer loop
      vertex 6.66835 6.66733 0
      vertex 7 43.3 0
      vertex 7 6.7 0
    endloop
  endfacet
  facet normal 0 0 -1
    outer loop
      vertex 6.66835 6.66733 0
      vertex 6.66835 43.3327 0
      vertex 7 43.3 0
    endloop
  endfacet
  facet normal 0 0 -1
    outer loop
      vertex 6.34944 6.57059 0
      vertex 6.66835 43.3327 0
      vertex 6.66835 6.66733 0
    endloop
  endfacet
  facet normal 0 0 -1
    outer loop
      vertex 6.34944 6.57059 0
      vertex 6.34944 43.4294 0
      vertex 6.66835 43.3327 0
    endloop
  endfacet
  facet normal 0 0 -1
    outer loop
      vertex 6.05553 6.4135 0
      vertex 6.34944 43.4294 0
      vertex 6.34944 6.57059 0
    endloop
  endfacet
  facet normal 0 0 -1
    outer loop
      vertex 6.05553 6.4135 0
      vertex 6.05553 43.5865 0
      vertex 6.34944 43.4294 0
    endloop
  endfacet
  facet normal 0 0 -1
    outer loop
      vertex 0 3 0
      vertex 6.05553 6.4135 0
      vertex 5.79792 6.20208 0
    endloop
  endfacet
  facet normal -0 0 -1
    outer loop
      vertex 6.05553 6.4135 0
      vertex 0 3 0
      vertex 6.05553 43.5865 0
    endloop
  endfacet
  facet normal 0 0 -1
    outer loop
      vertex 0 3 0
      vertex 5.79792 6.20208 0
      vertex 5.5865 5.94447 0
    endloop
  endfacet
  facet normal 0 0 -1
    outer loop
      vertex 0 47 0
      vertex 6.05553 43.5865 0
      vertex 0 3 0
    endloop
  endfacet
  facet normal 0 0 -1
    outer loop
      vertex 0 3 0
      vertex 5.5865 5.94447 0
      vertex 5.4294 5.65056 0
    endloop
  endfacet
  facet normal 0 0 -1
    outer loop
      vertex 6.05553 43.5865 0
      vertex 0 47 0
      vertex 5.79792 43.7979 0
    endloop
  endfacet
  facet normal 0 0 -1
    outer loop
      vertex 0 3 0
      vertex 5.4294 5.65056 0
      vertex 5.33266 5.33165 0
    endloop
  endfacet
  facet normal 0 0 -1
    outer loop
      vertex 5.79792 43.7979 0
      vertex 0 47 0
      vertex 5.5865 44.0555 0
    endloop
  endfacet
  facet normal 0 0 -1
    outer loop
      vertex 0 3 0
      vertex 5.33266 5.33165 0
      vertex 5.3 5 0
    endloop
  endfacet
  facet normal 0 0 -1
    outer loop
      vertex 5.5865 44.0555 0
      vertex 0 47 0
      vertex 5.4294 44.3494 0
    endloop
  endfacet
  facet normal 0 0 -1
    outer loop
      vertex 56.4135 5.94447 0
      vertex 86 3 0
      vertex 56.5706 5.65056 0
    endloop
  endfacet
  facet normal 0 0 -1
    outer loop
      vertex 86 47 0
      vertex 56.6673 44.6683 0
      vertex 56.7 45 0
    endloop
  endfacet
  facet normal 0 0 -1
    outer loop
      vertex 56.2021 6.20208 0
      vertex 86 3 0
      vertex 56.4135 5.94447 0
    endloop
  endfacet
  facet normal 0 0 -1
    outer loop
      vertex 86 47 0
      vertex 56.5706 44.3494 0
      vertex 56.6673 44.6683 0
    endloop
  endfacet
  facet normal 0 0 -1
    outer loop
      vertex 86 3 0
      vertex 56.2021 6.20208 0
      vertex 86 47 0
    endloop
  endfacet
  facet normal 0 0 -1
    outer loop
      vertex 86 47 0
      vertex 56.4135 44.0555 0
      vertex 56.5706 44.3494 0
    endloop
  endfacet
  facet normal 0 0 -1
    outer loop
      vertex 56.2021 43.7979 0
      vertex 86 47 0
      vertex 56.2021 6.20208 0
    endloop
  endfacet
  facet normal 0 0 -1
    outer loop
      vertex 86 47 0
      vertex 56.2021 43.7979 0
      vertex 56.4135 44.0555 0
    endloop
  endfacet
  facet normal 0 0 -1
    outer loop
      vertex 55.9445 6.4135 0
      vertex 56.2021 43.7979 0
      vertex 56.2021 6.20208 0
    endloop
  endfacet
  facet normal 0 0 -1
    outer loop
      vertex 55.9445 6.4135 0
      vertex 55.9445 43.5865 0
      vertex 56.2021 43.7979 0
    endloop
  endfacet
  facet normal 0 0 -1
    outer loop
      vertex 55.6506 6.57059 0
      vertex 55.9445 43.5865 0
      vertex 55.9445 6.4135 0
    endloop
  endfacet
  facet normal 0 0 -1
    outer loop
      vertex 55.6506 6.57059 0
      vertex 55.6506 43.4294 0
      vertex 55.9445 43.5865 0
    endloop
  endfacet
  facet normal 0 0 -1
    outer loop
      vertex 55.3317 6.66733 0
      vertex 55.6506 43.4294 0
      vertex 55.6506 6.57059 0
    endloop
  endfacet
  facet normal 0 0 -1
    outer loop
      vertex 55.3317 6.66733 0
      vertex 55.3317 43.3327 0
      vertex 55.6506 43.4294 0
    endloop
  endfacet
  facet normal 0 0 -1
    outer loop
      vertex 55 6.7 0
      vertex 55.3317 43.3327 0
      vertex 55.3317 6.66733 0
    endloop
  endfacet
  facet normal 0 0 -1
    outer loop
      vertex 55 6.7 0
      vertex 55 43.3 0
      vertex 55.3317 43.3327 0
    endloop
  endfacet
  facet normal 0 0 -1
    outer loop
      vertex 54.6683 6.66733 0
      vertex 55 43.3 0
      vertex 55 6.7 0
    endloop
  endfacet
  facet normal 0 0 -1
    outer loop
      vertex 54.6683 6.66733 0
      vertex 54.6683 43.3327 0
      vertex 55 43.3 0
    endloop
  endfacet
  facet normal 0 0 -1
    outer loop
      vertex 54.3494 6.57059 0
      vertex 54.6683 43.3327 0
      vertex 54.6683 6.66733 0
    endloop
  endfacet
  facet normal 0 0 -1
    outer loop
      vertex 54.3494 6.57059 0
      vertex 54.3494 43.4294 0
      vertex 54.6683 43.3327 0
    endloop
  endfacet
  facet normal 0 0 -1
    outer loop
      vertex 54.0555 6.4135 0
      vertex 54.3494 43.4294 0
      vertex 54.3494 6.57059 0
    endloop
  endfacet
  facet normal 0 0 -1
    outer loop
      vertex 54.0555 6.4135 0
      vertex 54.0555 43.5865 0
      vertex 54.3494 43.4294 0
    endloop
  endfacet
  facet normal 0 0 -1
    outer loop
      vertex 53.7979 6.20208 0
      vertex 54.0555 43.5865 0
      vertex 54.0555 6.4135 0
    endloop
  endfacet
  facet normal 0 0 -1
    outer loop
      vertex 53.7979 6.20208 0
      vertex 53.7979 43.7979 0
      vertex 54.0555 43.5865 0
    endloop
  endfacet
  facet normal 0 0 -1
    outer loop
      vertex 53.5865 5.94447 0
      vertex 53.7979 43.7979 0
      vertex 53.7979 6.20208 0
    endloop
  endfacet
  facet normal 0 0 -1
    outer loop
      vertex 53.5865 5.94447 0
      vertex 53.5865 44.0555 0
      vertex 53.7979 43.7979 0
    endloop
  endfacet
  facet normal 0 0 -1
    outer loop
      vertex 53.3327 5.33165 0
      vertex 8.66733 5.33165 0
      vertex 53.4294 5.65056 0
    endloop
  endfacet
  facet normal 0 0 -1
    outer loop
      vertex 8.57059 5.65056 0
      vertex 53.4294 5.65056 0
      vertex 8.66733 5.33165 0
    endloop
  endfacet
  facet normal 0 0 -1
    outer loop
      vertex 8.66733 5.33165 0
      vertex 53.3327 5.33165 0
      vertex 8.7 5 0
    endloop
  endfacet
  facet normal 0 0 -1
    outer loop
      vertex 53.4294 5.65056 0
      vertex 8.57059 5.65056 0
      vertex 53.5865 5.94447 0
    endloop
  endfacet
  facet normal 0 0 -1
    outer loop
      vertex 8.7 5 0
      vertex 53.3327 5.33165 0
      vertex 53.3 5 0
    endloop
  endfacet
  facet normal 0 0 -1
    outer loop
      vertex 53.5865 44.0555 0
      vertex 8.7 45 0
      vertex 53.4294 44.3494 0
    endloop
  endfacet
  facet normal 0 0 -1
    outer loop
      vertex 83 0 0
      vertex 86 3 0
      vertex 85.9424 2.41472 0
    endloop
  endfacet
  facet normal 0 0 -1
    outer loop
      vertex 56.5706 5.65056 0
      vertex 83 0 0
      vertex 56.6673 5.33165 0
    endloop
  endfacet
  facet normal 0 0 -1
    outer loop
      vertex 83 0 0
      vertex 85.9424 2.41472 0
      vertex 85.7716 1.85194 0
    endloop
  endfacet
  facet normal 0 0 -1
    outer loop
      vertex 83 0 0
      vertex 56.5706 5.65056 0
      vertex 86 3 0
    endloop
  endfacet
  facet normal 0 0 -1
    outer loop
      vertex 83 0 0
      vertex 85.7716 1.85194 0
      vertex 85.4944 1.33328 0
    endloop
  endfacet
  facet normal 0 -0 -1
    outer loop
      vertex 83 50 0
      vertex 86 47 0
      vertex 56.7 45 0
    endloop
  endfacet
  facet normal 0 0 -1
    outer loop
      vertex 83 0 0
      vertex 85.4944 1.33328 0
      vertex 85.1213 0.878677 0
    endloop
  endfacet
  facet normal 0 0 -1
    outer loop
      vertex 56.6673 5.33165 0
      vertex 83 0 0
      vertex 56.7 5 0
    endloop
  endfacet
  facet normal 0 0 -1
    outer loop
      vertex 83 0 0
      vertex 85.1213 0.878677 0
      vertex 84.6667 0.505585 0
    endloop
  endfacet
  facet normal 0 0 -1
    outer loop
      vertex 86 47 0
      vertex 83 50 0
      vertex 85.9424 47.5853 0
    endloop
  endfacet
  facet normal 0 0 -1
    outer loop
      vertex 83 0 0
      vertex 84.6667 0.505585 0
      vertex 84.148 0.228348 0
    endloop
  endfacet
  facet normal 0 0 -1
    outer loop
      vertex 85.4944 48.6667 0
      vertex 83 50 0
      vertex 85.1213 49.1213 0
    endloop
  endfacet
  facet normal 0 0 -1
    outer loop
      vertex 83 0 0
      vertex 84.148 0.228348 0
      vertex 83.5853 0.0576324 0
    endloop
  endfacet
  facet normal 0 0 -1
    outer loop
      vertex 85.1213 49.1213 0
      vertex 83 50 0
      vertex 84.6667 49.4944 0
    endloop
  endfacet
  facet normal 0 0 -1
    outer loop
      vertex 84.6667 49.4944 0
      vertex 83 50 0
      vertex 84.148 49.7716 0
    endloop
  endfacet
  facet normal 0 0 -1
    outer loop
      vertex 84.148 49.7716 0
      vertex 83 50 0
      vertex 83.5853 49.9424 0
    endloop
  endfacet
  facet normal 0 0 -1
    outer loop
      vertex 85.9424 47.5853 0
      vertex 83 50 0
      vertex 85.7716 48.148 0
    endloop
  endfacet
  facet normal 0 0 -1
    outer loop
      vertex 83 0 0
      vertex 56.6673 4.66835 0
      vertex 56.7 5 0
    endloop
  endfacet
  facet normal 0 0 -1
    outer loop
      vertex 83 0 0
      vertex 56.5706 4.34944 0
      vertex 56.6673 4.66835 0
    endloop
  endfacet
  facet normal 0 0 -1
    outer loop
      vertex 83 0 0
      vertex 56.4135 4.05553 0
      vertex 56.5706 4.34944 0
    endloop
  endfacet
  facet normal 0 0 -1
    outer loop
      vertex 83 0 0
      vertex 56.2021 3.79792 0
      vertex 56.4135 4.05553 0
    endloop
  endfacet
  facet normal 0 0 -1
    outer loop
      vertex 83 0 0
      vertex 55.9445 3.5865 0
      vertex 56.2021 3.79792 0
    endloop
  endfacet
  facet normal 0 0 -1
    outer loop
      vertex 83 0 0
      vertex 55.6506 3.4294 0
      vertex 55.9445 3.5865 0
    endloop
  endfacet
  facet normal 0 0 -1
    outer loop
      vertex 83 0 0
      vertex 55.3317 3.33266 0
      vertex 55.6506 3.4294 0
    endloop
  endfacet
  facet normal 0 0 -1
    outer loop
      vertex 83 0 0
      vertex 55 3.3 0
      vertex 55.3317 3.33266 0
    endloop
  endfacet
  facet normal 0 0 -1
    outer loop
      vertex 3 0 0
      vertex 55 3.3 0
      vertex 83 0 0
    endloop
  endfacet
  facet normal 0 0 -1
    outer loop
      vertex 53.4294 44.3494 0
      vertex 8.7 45 0
      vertex 53.3327 44.6683 0
    endloop
  endfacet
  facet normal 0 0 -1
    outer loop
      vertex 53.3327 4.66835 0
      vertex 8.7 5 0
      vertex 53.3 5 0
    endloop
  endfacet
  facet normal 0 0 -1
    outer loop
      vertex 8.66733 4.66835 0
      vertex 53.3327 4.66835 0
      vertex 53.4294 4.34944 0
    endloop
  endfacet
  facet normal 0 0 -1
    outer loop
      vertex 8.57059 4.34944 0
      vertex 53.4294 4.34944 0
      vertex 53.5865 4.05553 0
    endloop
  endfacet
  facet normal 0 0 -1
    outer loop
      vertex 8.4135 4.05553 0
      vertex 53.5865 4.05553 0
      vertex 53.7979 3.79792 0
    endloop
  endfacet
  facet normal 0 0 -1
    outer loop
      vertex 8.20208 3.79792 0
      vertex 53.7979 3.79792 0
      vertex 54.0555 3.5865 0
    endloop
  endfacet
  facet normal 0 0 -1
    outer loop
      vertex 3 0 0
      vertex 54.0555 3.5865 0
      vertex 54.3494 3.4294 0
    endloop
  endfacet
  facet normal 0 0 -1
    outer loop
      vertex 3 0 0
      vertex 54.3494 3.4294 0
      vertex 54.6683 3.33266 0
    endloop
  endfacet
  facet normal -0 0 -1
    outer loop
      vertex 55 3.3 0
      vertex 3 0 0
      vertex 54.6683 3.33266 0
    endloop
  endfacet
  facet normal 0 0 -1
    outer loop
      vertex 53.3327 4.66835 0
      vertex 8.66733 4.66835 0
      vertex 8.7 5 0
    endloop
  endfacet
  facet normal 0 0 -1
    outer loop
      vertex 53.4294 4.34944 0
      vertex 8.57059 4.34944 0
      vertex 8.66733 4.66835 0
    endloop
  endfacet
  facet normal 0 0 -1
    outer loop
      vertex 53.5865 4.05553 0
      vertex 8.4135 4.05553 0
      vertex 8.57059 4.34944 0
    endloop
  endfacet
  facet normal 0 0 -1
    outer loop
      vertex 53.7979 3.79792 0
      vertex 8.20208 3.79792 0
      vertex 8.4135 4.05553 0
    endloop
  endfacet
  facet normal 0 0 -1
    outer loop
      vertex 54.0555 3.5865 0
      vertex 7.94447 3.5865 0
      vertex 8.20208 3.79792 0
    endloop
  endfacet
  facet normal -0 0 -1
    outer loop
      vertex 54.0555 3.5865 0
      vertex 3 0 0
      vertex 7.94447 3.5865 0
    endloop
  endfacet
  facet normal 0 0 -1
    outer loop
      vertex 7.94447 3.5865 0
      vertex 3 0 0
      vertex 7.65056 3.4294 0
    endloop
  endfacet
  facet normal 0 0 -1
    outer loop
      vertex 7.65056 3.4294 0
      vertex 3 0 0
      vertex 7.33165 3.33266 0
    endloop
  endfacet
  facet normal -0 0 -1
    outer loop
      vertex 5.33266 4.66835 0
      vertex 0 3 0
      vertex 5.3 5 0
    endloop
  endfacet
  facet normal -0 0 -1
    outer loop
      vertex 5.4294 4.34944 0
      vertex 0 3 0
      vertex 5.33266 4.66835 0
    endloop
  endfacet
  facet normal 0 0 -1
    outer loop
      vertex 0 3 0
      vertex 5.4294 4.34944 0
      vertex 3 0 0
    endloop
  endfacet
  facet normal -0 0 -1
    outer loop
      vertex 5.5865 4.05553 0
      vertex 3 0 0
      vertex 5.4294 4.34944 0
    endloop
  endfacet
  facet normal -0 0 -1
    outer loop
      vertex 5.79792 3.79792 0
      vertex 3 0 0
      vertex 5.5865 4.05553 0
    endloop
  endfacet
  facet normal -0 0 -1
    outer loop
      vertex 6.05553 3.5865 0
      vertex 3 0 0
      vertex 5.79792 3.79792 0
    endloop
  endfacet
  facet normal -0 0 -1
    outer loop
      vertex 6.34944 3.4294 0
      vertex 3 0 0
      vertex 6.05553 3.5865 0
    endloop
  endfacet
  facet normal -0 0 -1
    outer loop
      vertex 6.66835 3.33266 0
      vertex 3 0 0
      vertex 6.34944 3.4294 0
    endloop
  endfacet
  facet normal -0 0 -1
    outer loop
      vertex 7 3.3 0
      vertex 3 0 0
      vertex 6.66835 3.33266 0
    endloop
  endfacet
  facet normal 0 0 -1
    outer loop
      vertex 7.33165 3.33266 0
      vertex 3 0 0
      vertex 7 3.3 0
    endloop
  endfacet
  facet normal 0 0 -1
    outer loop
      vertex 85.7716 48.148 0
      vertex 83 50 0
      vertex 85.4944 48.6667 0
    endloop
  endfacet
  facet normal 0 0 -1
    outer loop
      vertex 56.6673 45.3317 0
      vertex 83 50 0
      vertex 56.7 45 0
    endloop
  endfacet
  facet normal 0 0 -1
    outer loop
      vertex 56.5706 45.6506 0
      vertex 83 50 0
      vertex 56.6673 45.3317 0
    endloop
  endfacet
  facet normal 0 0 -1
    outer loop
      vertex 56.4135 45.9445 0
      vertex 83 50 0
      vertex 56.5706 45.6506 0
    endloop
  endfacet
  facet normal 0 0 -1
    outer loop
      vertex 56.2021 46.2021 0
      vertex 83 50 0
      vertex 56.4135 45.9445 0
    endloop
  endfacet
  facet normal 0 0 -1
    outer loop
      vertex 55.9445 46.4135 0
      vertex 83 50 0
      vertex 56.2021 46.2021 0
    endloop
  endfacet
  facet normal 0 0 -1
    outer loop
      vertex 55.6506 46.5706 0
      vertex 83 50 0
      vertex 55.9445 46.4135 0
    endloop
  endfacet
  facet normal 0 0 -1
    outer loop
      vertex 55.3317 46.6673 0
      vertex 83 50 0
      vertex 55.6506 46.5706 0
    endloop
  endfacet
  facet normal 0 0 -1
    outer loop
      vertex 55 46.7 0
      vertex 83 50 0
      vertex 55.3317 46.6673 0
    endloop
  endfacet
  facet normal 0 0 -1
    outer loop
      vertex 3 50 0
      vertex 55 46.7 0
      vertex 54.6683 46.6673 0
    endloop
  endfacet
  facet normal 0 0 -1
    outer loop
      vertex 53.3327 44.6683 0
      vertex 8.7 45 0
      vertex 53.3 45 0
    endloop
  endfacet
  facet normal 0 0 -1
    outer loop
      vertex 53.3 45 0
      vertex 8.7 45 0
      vertex 53.3327 45.3317 0
    endloop
  endfacet
  facet normal 0 0 -1
    outer loop
      vertex 8.66733 45.3317 0
      vertex 53.3327 45.3317 0
      vertex 8.7 45 0
    endloop
  endfacet
  facet normal 0 0 -1
    outer loop
      vertex 53.3327 45.3317 0
      vertex 8.66733 45.3317 0
      vertex 53.4294 45.6506 0
    endloop
  endfacet
  facet normal 0 0 -1
    outer loop
      vertex 8.57059 45.6506 0
      vertex 53.4294 45.6506 0
      vertex 8.66733 45.3317 0
    endloop
  endfacet
  facet normal 0 0 -1
    outer loop
      vertex 53.4294 45.6506 0
      vertex 8.57059 45.6506 0
      vertex 53.5865 45.9445 0
    endloop
  endfacet
  facet normal 0 0 -1
    outer loop
      vertex 8.4135 45.9445 0
      vertex 53.5865 45.9445 0
      vertex 8.57059 45.6506 0
    endloop
  endfacet
  facet normal 0 0 -1
    outer loop
      vertex 53.5865 45.9445 0
      vertex 8.4135 45.9445 0
      vertex 53.7979 46.2021 0
    endloop
  endfacet
  facet normal 0 0 -1
    outer loop
      vertex 8.20208 46.2021 0
      vertex 53.7979 46.2021 0
      vertex 8.4135 45.9445 0
    endloop
  endfacet
  facet normal 0 0 -1
    outer loop
      vertex 53.7979 46.2021 0
      vertex 8.20208 46.2021 0
      vertex 54.0555 46.4135 0
    endloop
  endfacet
  facet normal 0 0 -1
    outer loop
      vertex 7.94447 46.4135 0
      vertex 54.0555 46.4135 0
      vertex 8.20208 46.2021 0
    endloop
  endfacet
  facet normal 0 0 -1
    outer loop
      vertex 3 50 0
      vertex 54.0555 46.4135 0
      vertex 7.94447 46.4135 0
    endloop
  endfacet
  facet normal 0 0 -1
    outer loop
      vertex 54.0555 46.4135 0
      vertex 3 50 0
      vertex 54.3494 46.5706 0
    endloop
  endfacet
  facet normal 0 0 -1
    outer loop
      vertex 54.3494 46.5706 0
      vertex 3 50 0
      vertex 54.6683 46.6673 0
    endloop
  endfacet
  facet normal 0 0 -1
    outer loop
      vertex 3 50 0
      vertex 7.94447 46.4135 0
      vertex 7.65056 46.5706 0
    endloop
  endfacet
  facet normal 0 0 -1
    outer loop
      vertex 3 50 0
      vertex 7.65056 46.5706 0
      vertex 7.33165 46.6673 0
    endloop
  endfacet
  facet normal 0 0 -1
    outer loop
      vertex 3 50 0
      vertex 7.33165 46.6673 0
      vertex 7 46.7 0
    endloop
  endfacet
  facet normal 0 0 -1
    outer loop
      vertex 55 46.7 0
      vertex 3 50 0
      vertex 83 50 0
    endloop
  endfacet
  facet normal 0 0 -1
    outer loop
      vertex 6.66835 46.6673 0
      vertex 3 50 0
      vertex 7 46.7 0
    endloop
  endfacet
  facet normal 0 0 -1
    outer loop
      vertex 6.34944 46.5706 0
      vertex 3 50 0
      vertex 6.66835 46.6673 0
    endloop
  endfacet
  facet normal 0 0 -1
    outer loop
      vertex 6.05553 46.4135 0
      vertex 3 50 0
      vertex 6.34944 46.5706 0
    endloop
  endfacet
  facet normal 0 0 -1
    outer loop
      vertex 5.79792 46.2021 0
      vertex 3 50 0
      vertex 6.05553 46.4135 0
    endloop
  endfacet
  facet normal 0 0 -1
    outer loop
      vertex 5.5865 45.9445 0
      vertex 3 50 0
      vertex 5.79792 46.2021 0
    endloop
  endfacet
  facet normal 0 0 -1
    outer loop
      vertex 5.4294 45.6506 0
      vertex 3 50 0
      vertex 5.5865 45.9445 0
    endloop
  endfacet
  facet normal 0 0 -1
    outer loop
      vertex 0 47 0
      vertex 5.4294 45.6506 0
      vertex 5.33266 45.3317 0
    endloop
  endfacet
  facet normal 0 0 -1
    outer loop
      vertex 0 47 0
      vertex 5.33266 45.3317 0
      vertex 5.3 45 0
    endloop
  endfacet
  facet normal 0 0 -1
    outer loop
      vertex 5.4294 44.3494 0
      vertex 0 47 0
      vertex 5.33266 44.6683 0
    endloop
  endfacet
  facet normal 0 0 -1
    outer loop
      vertex 0 3 0
      vertex 3 0 0
      vertex 2.41472 0.0576324 0
    endloop
  endfacet
  facet normal 0 0 -1
    outer loop
      vertex 5.33266 44.6683 0
      vertex 0 47 0
      vertex 5.3 45 0
    endloop
  endfacet
  facet normal 0 0 -1
    outer loop
      vertex 0 3 0
      vertex 2.41472 0.0576324 0
      vertex 1.85194 0.228348 0
    endloop
  endfacet
  facet normal 0 -0 -1
    outer loop
      vertex 0.228348 48.148 0
      vertex 5.4294 45.6506 0
      vertex 0 47 0
    endloop
  endfacet
  facet normal 0 0 -1
    outer loop
      vertex 0 3 0
      vertex 1.85194 0.228348 0
      vertex 1.33328 0.505585 0
    endloop
  endfacet
  facet normal 0 0 -1
    outer loop
      vertex 5.4294 45.6506 0
      vertex 2.41472 49.9424 0
      vertex 3 50 0
    endloop
  endfacet
  facet normal 0 0 -1
    outer loop
      vertex 0 3 0
      vertex 1.33328 0.505585 0
      vertex 0.878677 0.878677 0
    endloop
  endfacet
  facet normal 0 0 -1
    outer loop
      vertex 5.4294 45.6506 0
      vertex 1.85194 49.7716 0
      vertex 2.41472 49.9424 0
    endloop
  endfacet
  facet normal 0 0 -1
    outer loop
      vertex 0 3 0
      vertex 0.878677 0.878677 0
      vertex 0.505585 1.33328 0
    endloop
  endfacet
  facet normal 0 0 -1
    outer loop
      vertex 5.4294 45.6506 0
      vertex 1.33328 49.4944 0
      vertex 1.85194 49.7716 0
    endloop
  endfacet
  facet normal 0 0 -1
    outer loop
      vertex 0 3 0
      vertex 0.505585 1.33328 0
      vertex 0.228348 1.85194 0
    endloop
  endfacet
  facet normal 0 0 -1
    outer loop
      vertex 5.4294 45.6506 0
      vertex 0.878677 49.1213 0
      vertex 1.33328 49.4944 0
    endloop
  endfacet
  facet normal 0 0 -1
    outer loop
      vertex 0 3 0
      vertex 0.228348 1.85194 0
      vertex 0.0576324 2.41472 0
    endloop
  endfacet
  facet normal 0 0 -1
    outer loop
      vertex 5.4294 45.6506 0
      vertex 0.505585 48.6667 0
      vertex 0.878677 49.1213 0
    endloop
  endfacet
  facet normal 0 0 -1
    outer loop
      vertex 5.4294 45.6506 0
      vertex 0.228348 48.148 0
      vertex 0.505585 48.6667 0
    endloop
  endfacet
  facet normal 0 0 -1
    outer loop
      vertex 0.228348 48.148 0
      vertex 0 47 0
      vertex 0.0576324 47.5853 0
    endloop
  endfacet
  facet normal -0.290282 -0.956941 0
    outer loop
      vertex 1.85194 0.228348 0
      vertex 2.41472 0.0576324 3
      vertex 1.85194 0.228348 3
    endloop
  endfacet
  facet normal -0.290282 -0.956941 -0
    outer loop
      vertex 2.41472 0.0576324 3
      vertex 1.85194 0.228348 0
      vertex 2.41472 0.0576324 0
    endloop
  endfacet
  facet normal -0.881916 -0.471407 0
    outer loop
      vertex 0.505585 1.33328 0
      vertex 0.228348 1.85194 3
      vertex 0.228348 1.85194 0
    endloop
  endfacet
  facet normal -0.881916 -0.471407 0
    outer loop
      vertex 0.228348 1.85194 3
      vertex 0.505585 1.33328 0
      vertex 0.505585 1.33328 3
    endloop
  endfacet
  facet normal 0 0 1
    outer loop
      vertex 33.7932 31.9578 3
      vertex 9.2981 42.7019 3
      vertex 33.74 31.35 3
    endloop
  endfacet
  facet normal 0 0 1
    outer loop
      vertex 33.9511 30.1529 3
      vertex 10.1876 5.63404 3
      vertex 10.25 5 3
    endloop
  endfacet
  facet normal -0 0 1
    outer loop
      vertex 8.8056 42.2977 3
      vertex 33.74 31.35 3
      vertex 9.2981 42.7019 3
    endloop
  endfacet
  facet normal 0 0 1
    outer loop
      vertex 33.9511 30.1529 3
      vertex 10.0026 6.24372 3
      vertex 10.1876 5.63404 3
    endloop
  endfacet
  facet normal 0 0 1
    outer loop
      vertex 33.74 31.35 3
      vertex 8.8056 42.2977 3
      vertex 33.7932 30.7422 3
    endloop
  endfacet
  facet normal 0 0 1
    outer loop
      vertex 33.9511 30.1529 3
      vertex 9.70228 6.8056 3
      vertex 10.0026 6.24372 3
    endloop
  endfacet
  facet normal -0 0 1
    outer loop
      vertex 8.24372 41.9974 3
      vertex 33.7932 30.7422 3
      vertex 8.8056 42.2977 3
    endloop
  endfacet
  facet normal 0 0 1
    outer loop
      vertex 33.9511 30.1529 3
      vertex 9.2981 7.2981 3
      vertex 9.70228 6.8056 3
    endloop
  endfacet
  facet normal 0 0 1
    outer loop
      vertex 33.7932 30.7422 3
      vertex 8.24372 41.9974 3
      vertex 33.9511 30.1529 3
    endloop
  endfacet
  facet normal 0 0 1
    outer loop
      vertex 33.9511 30.1529 3
      vertex 8.8056 7.70228 3
      vertex 9.2981 7.2981 3
    endloop
  endfacet
  facet normal 0 0 1
    outer loop
      vertex 8.24372 8.00261 3
      vertex 33.9511 30.1529 3
      vertex 8.24372 41.9974 3
    endloop
  endfacet
  facet normal 0 0 1
    outer loop
      vertex 33.9511 30.1529 3
      vertex 8.24372 8.00261 3
      vertex 8.8056 7.70228 3
    endloop
  endfacet
  facet normal -0 0 1
    outer loop
      vertex 7.63404 41.8124 3
      vertex 8.24372 8.00261 3
      vertex 8.24372 41.9974 3
    endloop
  endfacet
  facet normal 0 0 1
    outer loop
      vertex 7.63404 41.8124 3
      vertex 7.63404 8.18755 3
      vertex 8.24372 8.00261 3
    endloop
  endfacet
  facet normal -0 0 1
    outer loop
      vertex 7 41.75 3
      vertex 7.63404 8.18755 3
      vertex 7.63404 41.8124 3
    endloop
  endfacet
  facet normal 0 0 1
    outer loop
      vertex 7 41.75 3
      vertex 7 8.25 3
      vertex 7.63404 8.18755 3
    endloop
  endfacet
  facet normal 0 0 1
    outer loop
      vertex 6.36596 41.8124 3
      vertex 7 8.25 3
      vertex 7 41.75 3
    endloop
  endfacet
  facet normal 0 0 1
    outer loop
      vertex 6.36596 41.8124 3
      vertex 6.36596 8.18755 3
      vertex 7 8.25 3
    endloop
  endfacet
  facet normal 0 0 1
    outer loop
      vertex 5.75628 41.9974 3
      vertex 6.36596 8.18755 3
      vertex 6.36596 41.8124 3
    endloop
  endfacet
  facet normal 0 0 1
    outer loop
      vertex 5.75628 41.9974 3
      vertex 5.75628 8.00261 3
      vertex 6.36596 8.18755 3
    endloop
  endfacet
  facet normal 0 0 1
    outer loop
      vertex 5.1944 42.2977 3
      vertex 5.75628 8.00261 3
      vertex 5.75628 41.9974 3
    endloop
  endfacet
  facet normal 0 0 1
    outer loop
      vertex 5.1944 42.2977 3
      vertex 5.1944 7.70228 3
      vertex 5.75628 8.00261 3
    endloop
  endfacet
  facet normal 0 0 1
    outer loop
      vertex 4.7019 42.7019 3
      vertex 5.1944 7.70228 3
      vertex 5.1944 42.2977 3
    endloop
  endfacet
  facet normal 0 0 1
    outer loop
      vertex 4.7019 42.7019 3
      vertex 4.7019 7.2981 3
      vertex 5.1944 7.70228 3
    endloop
  endfacet
  facet normal 0 0 1
    outer loop
      vertex 0 47 3
      vertex 4.7019 42.7019 3
      vertex 4.29772 43.1944 3
    endloop
  endfacet
  facet normal 0 0 1
    outer loop
      vertex 4.7019 42.7019 3
      vertex 0 47 3
      vertex 4.7019 7.2981 3
    endloop
  endfacet
  facet normal 0 0 1
    outer loop
      vertex 0 47 3
      vertex 4.29772 43.1944 3
      vertex 3.99739 43.7563 3
    endloop
  endfacet
  facet normal 0 0 1
    outer loop
      vertex 0 3 3
      vertex 4.7019 7.2981 3
      vertex 0 47 3
    endloop
  endfacet
  facet normal 0 0 1
    outer loop
      vertex 0 47 3
      vertex 3.99739 43.7563 3
      vertex 3.81245 44.366 3
    endloop
  endfacet
  facet normal 0 0 1
    outer loop
      vertex 4.7019 7.2981 3
      vertex 0 3 3
      vertex 4.29772 6.8056 3
    endloop
  endfacet
  facet normal 0 0 1
    outer loop
      vertex 0 47 3
      vertex 3.81245 44.366 3
      vertex 3.75 45 3
    endloop
  endfacet
  facet normal 0 0 1
    outer loop
      vertex 4.29772 6.8056 3
      vertex 0 3 3
      vertex 3.99739 6.24372 3
    endloop
  endfacet
  facet normal -0 0 1
    outer loop
      vertex 40.2711 29.6 3
      vertex 55 8.25 3
      vertex 40.5289 30.1529 3
    endloop
  endfacet
  facet normal 0 0 1
    outer loop
      vertex 54.366 8.18755 3
      vertex 40.6868 12.2728 3
      vertex 40.74 11.665 3
    endloop
  endfacet
  facet normal 0 0 1
    outer loop
      vertex 55 8.25 3
      vertex 40.2711 29.6 3
      vertex 54.366 8.18755 3
    endloop
  endfacet
  facet normal 0 0 1
    outer loop
      vertex 54.366 8.18755 3
      vertex 40.5289 12.8621 3
      vertex 40.6868 12.2728 3
    endloop
  endfacet
  facet normal -0 0 1
    outer loop
      vertex 40.2711 13.415 3
      vertex 54.366 8.18755 3
      vertex 40.2711 29.6 3
    endloop
  endfacet
  facet normal 0 0 1
    outer loop
      vertex 54.366 8.18755 3
      vertex 40.2711 13.415 3
      vertex 40.5289 12.8621 3
    endloop
  endfacet
  facet normal -0 0 1
    outer loop
      vertex 39.9212 29.1002 3
      vertex 40.2711 13.415 3
      vertex 40.2711 29.6 3
    endloop
  endfacet
  facet normal 0 0 1
    outer loop
      vertex 39.9212 29.1002 3
      vertex 39.9212 13.9148 3
      vertex 40.2711 13.415 3
    endloop
  endfacet
  facet normal -0 0 1
    outer loop
      vertex 39.4898 28.6688 3
      vertex 39.9212 13.9148 3
      vertex 39.9212 29.1002 3
    endloop
  endfacet
  facet normal 0 0 1
    outer loop
      vertex 39.4898 28.6688 3
      vertex 39.4898 14.3462 3
      vertex 39.9212 13.9148 3
    endloop
  endfacet
  facet normal -0 0 1
    outer loop
      vertex 38.99 28.3189 3
      vertex 39.4898 14.3462 3
      vertex 39.4898 28.6688 3
    endloop
  endfacet
  facet normal 0 0 1
    outer loop
      vertex 38.99 28.3189 3
      vertex 38.99 14.6961 3
      vertex 39.4898 14.3462 3
    endloop
  endfacet
  facet normal -0 0 1
    outer loop
      vertex 38.4371 28.0611 3
      vertex 38.99 14.6961 3
      vertex 38.99 28.3189 3
    endloop
  endfacet
  facet normal 0 0 1
    outer loop
      vertex 38.4371 28.0611 3
      vertex 38.4371 14.9539 3
      vertex 38.99 14.6961 3
    endloop
  endfacet
  facet normal -0 0 1
    outer loop
      vertex 37.8478 27.9032 3
      vertex 38.4371 14.9539 3
      vertex 38.4371 28.0611 3
    endloop
  endfacet
  facet normal 0 0 1
    outer loop
      vertex 37.8478 27.9032 3
      vertex 37.8478 15.1118 3
      vertex 38.4371 14.9539 3
    endloop
  endfacet
  facet normal -0 0 1
    outer loop
      vertex 37.24 27.85 3
      vertex 37.8478 15.1118 3
      vertex 37.8478 27.9032 3
    endloop
  endfacet
  facet normal 0 0 1
    outer loop
      vertex 37.24 27.85 3
      vertex 37.24 15.165 3
      vertex 37.8478 15.1118 3
    endloop
  endfacet
  facet normal 0 0 1
    outer loop
      vertex 36.6322 27.9032 3
      vertex 37.24 15.165 3
      vertex 37.24 27.85 3
    endloop
  endfacet
  facet normal 0 0 1
    outer loop
      vertex 36.6322 27.9032 3
      vertex 36.6322 15.1118 3
      vertex 37.24 15.165 3
    endloop
  endfacet
  facet normal 0 0 1
    outer loop
      vertex 36.0429 28.0611 3
      vertex 36.6322 15.1118 3
      vertex 36.6322 27.9032 3
    endloop
  endfacet
  facet normal 0 0 1
    outer loop
      vertex 36.0429 28.0611 3
      vertex 36.0429 14.9539 3
      vertex 36.6322 15.1118 3
    endloop
  endfacet
  facet normal 0 0 1
    outer loop
      vertex 35.49 28.3189 3
      vertex 36.0429 14.9539 3
      vertex 36.0429 28.0611 3
    endloop
  endfacet
  facet normal 0 0 1
    outer loop
      vertex 35.49 28.3189 3
      vertex 35.49 14.6961 3
      vertex 36.0429 14.9539 3
    endloop
  endfacet
  facet normal 0 0 1
    outer loop
      vertex 34.9902 28.6688 3
      vertex 35.49 14.6961 3
      vertex 35.49 28.3189 3
    endloop
  endfacet
  facet normal 0 0 1
    outer loop
      vertex 34.9902 28.6688 3
      vertex 34.9902 14.3462 3
      vertex 35.49 14.6961 3
    endloop
  endfacet
  facet normal 0 0 1
    outer loop
      vertex 34.5588 29.1002 3
      vertex 34.9902 14.3462 3
      vertex 34.9902 28.6688 3
    endloop
  endfacet
  facet normal 0 0 1
    outer loop
      vertex 34.5588 29.1002 3
      vertex 34.5588 13.9148 3
      vertex 34.9902 14.3462 3
    endloop
  endfacet
  facet normal 0 0 1
    outer loop
      vertex 34.2089 29.6 3
      vertex 34.5588 13.9148 3
      vertex 34.5588 29.1002 3
    endloop
  endfacet
  facet normal 0 0 1
    outer loop
      vertex 34.2089 29.6 3
      vertex 34.2089 13.415 3
      vertex 34.5588 13.9148 3
    endloop
  endfacet
  facet normal 0 0 1
    outer loop
      vertex 10.25 5 3
      vertex 34.2089 29.6 3
      vertex 33.9511 30.1529 3
    endloop
  endfacet
  facet normal 0 0 1
    outer loop
      vertex 34.2089 29.6 3
      vertex 10.25 5 3
      vertex 34.2089 13.415 3
    endloop
  endfacet
  facet normal -0 0 1
    outer loop
      vertex 9.2981 42.7019 3
      vertex 33.7932 31.9578 3
      vertex 9.70228 43.1944 3
    endloop
  endfacet
  facet normal 0 0 1
    outer loop
      vertex 34.2089 13.415 3
      vertex 10.25 5 3
      vertex 33.9511 12.8621 3
    endloop
  endfacet
  facet normal -0 0 1
    outer loop
      vertex 9.70228 43.1944 3
      vertex 33.9511 32.5471 3
      vertex 10.0026 43.7563 3
    endloop
  endfacet
  facet normal 0 0 1
    outer loop
      vertex 33.9511 12.8621 3
      vertex 10.25 5 3
      vertex 33.7932 12.2728 3
    endloop
  endfacet
  facet normal -0 0 1
    outer loop
      vertex 56.8056 42.2977 3
      vertex 74.4332 31.9578 3
      vertex 57.2981 42.7019 3
    endloop
  endfacet
  facet normal 0 0 1
    outer loop
      vertex 74.5911 30.1529 3
      vertex 58.1876 5.63404 3
      vertex 58.25 5 3
    endloop
  endfacet
  facet normal 0 0 1
    outer loop
      vertex 74.4332 31.9578 3
      vertex 56.8056 42.2977 3
      vertex 74.38 31.35 3
    endloop
  endfacet
  facet normal 0 0 1
    outer loop
      vertex 74.5911 30.1529 3
      vertex 58.0026 6.24372 3
      vertex 58.1876 5.63404 3
    endloop
  endfacet
  facet normal -0 0 1
    outer loop
      vertex 56.2437 41.9974 3
      vertex 74.38 31.35 3
      vertex 56.8056 42.2977 3
    endloop
  endfacet
  facet normal 0 0 1
    outer loop
      vertex 74.5911 30.1529 3
      vertex 57.7023 6.8056 3
      vertex 58.0026 6.24372 3
    endloop
  endfacet
  facet normal 0 0 1
    outer loop
      vertex 74.38 31.35 3
      vertex 56.2437 41.9974 3
      vertex 74.4332 30.7422 3
    endloop
  endfacet
  facet normal 0 0 1
    outer loop
      vertex 74.5911 30.1529 3
      vertex 57.2981 7.2981 3
      vertex 57.7023 6.8056 3
    endloop
  endfacet
  facet normal -0 0 1
    outer loop
      vertex 55.634 41.8124 3
      vertex 74.4332 30.7422 3
      vertex 56.2437 41.9974 3
    endloop
  endfacet
  facet normal 0 0 1
    outer loop
      vertex 74.5911 30.1529 3
      vertex 56.8056 7.70228 3
      vertex 57.2981 7.2981 3
    endloop
  endfacet
  facet normal 0 0 1
    outer loop
      vertex 74.4332 30.7422 3
      vertex 55.634 41.8124 3
      vertex 74.5911 30.1529 3
    endloop
  endfacet
  facet normal 0 0 1
    outer loop
      vertex 74.5911 30.1529 3
      vertex 56.2437 8.00261 3
      vertex 56.8056 7.70228 3
    endloop
  endfacet
  facet normal 0 0 1
    outer loop
      vertex 55.634 8.18755 3
      vertex 74.5911 30.1529 3
      vertex 55.634 41.8124 3
    endloop
  endfacet
  facet normal 0 0 1
    outer loop
      vertex 74.5911 30.1529 3
      vertex 55.634 8.18755 3
      vertex 56.2437 8.00261 3
    endloop
  endfacet
  facet normal -0 0 1
    outer loop
      vertex 55 41.75 3
      vertex 55.634 8.18755 3
      vertex 55.634 41.8124 3
    endloop
  endfacet
  facet normal 0 0 1
    outer loop
      vertex 55 41.75 3
      vertex 55 8.25 3
      vertex 55.634 8.18755 3
    endloop
  endfacet
  facet normal 0 0 1
    outer loop
      vertex 40.6868 30.7422 3
      vertex 54.366 41.8124 3
      vertex 40.74 31.35 3
    endloop
  endfacet
  facet normal 0 0 1
    outer loop
      vertex 54.366 41.8124 3
      vertex 40.6868 30.7422 3
      vertex 55 41.75 3
    endloop
  endfacet
  facet normal 0 0 1
    outer loop
      vertex 40.74 31.35 3
      vertex 54.366 41.8124 3
      vertex 53.7563 41.9974 3
    endloop
  endfacet
  facet normal 0 0 1
    outer loop
      vertex 40.5289 30.1529 3
      vertex 55 41.75 3
      vertex 40.6868 30.7422 3
    endloop
  endfacet
  facet normal 0 0 1
    outer loop
      vertex 40.6868 31.9578 3
      vertex 53.7563 41.9974 3
      vertex 53.1944 42.2977 3
    endloop
  endfacet
  facet normal 0 0 1
    outer loop
      vertex 55 41.75 3
      vertex 40.5289 30.1529 3
      vertex 55 8.25 3
    endloop
  endfacet
  facet normal 0 0 1
    outer loop
      vertex 40.5289 32.5471 3
      vertex 53.1944 42.2977 3
      vertex 52.7019 42.7019 3
    endloop
  endfacet
  facet normal 0 0 1
    outer loop
      vertex 54.366 8.18755 3
      vertex 40.74 11.665 3
      vertex 53.7563 8.00261 3
    endloop
  endfacet
  facet normal 0 0 1
    outer loop
      vertex 39.9212 33.5998 3
      vertex 52.7019 42.7019 3
      vertex 52.2977 43.1944 3
    endloop
  endfacet
  facet normal 0 0 1
    outer loop
      vertex 53.7563 8.00261 3
      vertex 40.74 11.665 3
      vertex 53.1944 7.70228 3
    endloop
  endfacet
  facet normal 0 0 1
    outer loop
      vertex 39.4898 34.0312 3
      vertex 52.2977 43.1944 3
      vertex 51.9974 43.7563 3
    endloop
  endfacet
  facet normal 0 0 1
    outer loop
      vertex 53.1944 7.70228 3
      vertex 40.74 11.665 3
      vertex 52.7019 7.2981 3
    endloop
  endfacet
  facet normal 0 0 1
    outer loop
      vertex 38.99 34.3811 3
      vertex 51.9974 43.7563 3
      vertex 51.8124 44.366 3
    endloop
  endfacet
  facet normal 0 0 1
    outer loop
      vertex 52.7019 7.2981 3
      vertex 40.74 11.665 3
      vertex 52.2977 6.8056 3
    endloop
  endfacet
  facet normal 0 0 1
    outer loop
      vertex 38.4371 34.6389 3
      vertex 51.8124 44.366 3
      vertex 51.75 45 3
    endloop
  endfacet
  facet normal -0 0 1
    outer loop
      vertex 40.6868 11.0572 3
      vertex 52.2977 6.8056 3
      vertex 40.74 11.665 3
    endloop
  endfacet
  facet normal -0 0 1
    outer loop
      vertex 81.1689 30.1529 3
      vertex 86 3 3
      vertex 81.3268 30.7422 3
    endloop
  endfacet
  facet normal 0 0 1
    outer loop
      vertex 86 3 3
      vertex 81.3268 12.2728 3
      vertex 81.38 11.665 3
    endloop
  endfacet
  facet normal -0 0 1
    outer loop
      vertex 81.1689 12.8621 3
      vertex 86 3 3
      vertex 81.1689 30.1529 3
    endloop
  endfacet
  facet normal 0 0 1
    outer loop
      vertex 86 3 3
      vertex 81.1689 12.8621 3
      vertex 81.3268 12.2728 3
    endloop
  endfacet
  facet normal -0 0 1
    outer loop
      vertex 80.9111 29.6 3
      vertex 81.1689 12.8621 3
      vertex 81.1689 30.1529 3
    endloop
  endfacet
  facet normal 0 0 1
    outer loop
      vertex 80.9111 29.6 3
      vertex 80.9111 13.415 3
      vertex 81.1689 12.8621 3
    endloop
  endfacet
  facet normal -0 0 1
    outer loop
      vertex 80.5612 29.1002 3
      vertex 80.9111 13.415 3
      vertex 80.9111 29.6 3
    endloop
  endfacet
  facet normal 0 0 1
    outer loop
      vertex 80.5612 29.1002 3
      vertex 80.5612 13.9148 3
      vertex 80.9111 13.415 3
    endloop
  endfacet
  facet normal -0 0 1
    outer loop
      vertex 80.1298 28.6688 3
      vertex 80.5612 13.9148 3
      vertex 80.5612 29.1002 3
    endloop
  endfacet
  facet normal 0 0 1
    outer loop
      vertex 80.1298 28.6688 3
      vertex 80.1298 14.3462 3
      vertex 80.5612 13.9148 3
    endloop
  endfacet
  facet normal -0 0 1
    outer loop
      vertex 79.63 28.3189 3
      vertex 80.1298 14.3462 3
      vertex 80.1298 28.6688 3
    endloop
  endfacet
  facet normal 0 0 1
    outer loop
      vertex 79.63 28.3189 3
      vertex 79.63 14.6961 3
      vertex 80.1298 14.3462 3
    endloop
  endfacet
  facet normal -0 0 1
    outer loop
      vertex 79.0771 28.0611 3
      vertex 79.63 14.6961 3
      vertex 79.63 28.3189 3
    endloop
  endfacet
  facet normal 0 0 1
    outer loop
      vertex 79.0771 28.0611 3
      vertex 79.0771 14.9539 3
      vertex 79.63 14.6961 3
    endloop
  endfacet
  facet normal -0 0 1
    outer loop
      vertex 78.4878 27.9032 3
      vertex 79.0771 14.9539 3
      vertex 79.0771 28.0611 3
    endloop
  endfacet
  facet normal 0 0 1
    outer loop
      vertex 78.4878 27.9032 3
      vertex 78.4878 15.1118 3
      vertex 79.0771 14.9539 3
    endloop
  endfacet
  facet normal -0 0 1
    outer loop
      vertex 77.88 27.85 3
      vertex 78.4878 15.1118 3
      vertex 78.4878 27.9032 3
    endloop
  endfacet
  facet normal 0 0 1
    outer loop
      vertex 77.88 27.85 3
      vertex 77.88 15.165 3
      vertex 78.4878 15.1118 3
    endloop
  endfacet
  facet normal 0 0 1
    outer loop
      vertex 77.2722 27.9032 3
      vertex 77.88 15.165 3
      vertex 77.88 27.85 3
    endloop
  endfacet
  facet normal 0 0 1
    outer loop
      vertex 77.2722 27.9032 3
      vertex 77.2722 15.1118 3
      vertex 77.88 15.165 3
    endloop
  endfacet
  facet normal 0 0 1
    outer loop
      vertex 76.6829 28.0611 3
      vertex 77.2722 15.1118 3
      vertex 77.2722 27.9032 3
    endloop
  endfacet
  facet normal 0 0 1
    outer loop
      vertex 76.6829 28.0611 3
      vertex 76.6829 14.9539 3
      vertex 77.2722 15.1118 3
    endloop
  endfacet
  facet normal 0 0 1
    outer loop
      vertex 76.13 28.3189 3
      vertex 76.6829 14.9539 3
      vertex 76.6829 28.0611 3
    endloop
  endfacet
  facet normal 0 0 1
    outer loop
      vertex 76.13 28.3189 3
      vertex 76.13 14.6961 3
      vertex 76.6829 14.9539 3
    endloop
  endfacet
  facet normal 0 0 1
    outer loop
      vertex 75.6302 28.6688 3
      vertex 76.13 14.6961 3
      vertex 76.13 28.3189 3
    endloop
  endfacet
  facet normal 0 0 1
    outer loop
      vertex 75.6302 28.6688 3
      vertex 75.6302 14.3462 3
      vertex 76.13 14.6961 3
    endloop
  endfacet
  facet normal 0 0 1
    outer loop
      vertex 75.1988 29.1002 3
      vertex 75.6302 14.3462 3
      vertex 75.6302 28.6688 3
    endloop
  endfacet
  facet normal 0 0 1
    outer loop
      vertex 75.1988 29.1002 3
      vertex 75.1988 13.9148 3
      vertex 75.6302 14.3462 3
    endloop
  endfacet
  facet normal 0 0 1
    outer loop
      vertex 74.8489 29.6 3
      vertex 75.1988 13.9148 3
      vertex 75.1988 29.1002 3
    endloop
  endfacet
  facet normal 0 0 1
    outer loop
      vertex 74.8489 29.6 3
      vertex 74.8489 13.415 3
      vertex 75.1988 13.9148 3
    endloop
  endfacet
  facet normal 0 0 1
    outer loop
      vertex 58.25 5 3
      vertex 74.8489 29.6 3
      vertex 74.5911 30.1529 3
    endloop
  endfacet
  facet normal 0 0 1
    outer loop
      vertex 74.8489 29.6 3
      vertex 58.25 5 3
      vertex 74.8489 13.415 3
    endloop
  endfacet
  facet normal -0 0 1
    outer loop
      vertex 57.2981 42.7019 3
      vertex 74.5911 32.5471 3
      vertex 57.7023 43.1944 3
    endloop
  endfacet
  facet normal 0 0 1
    outer loop
      vertex 74.8489 13.415 3
      vertex 58.25 5 3
      vertex 74.5911 12.8621 3
    endloop
  endfacet
  facet normal 0 0 1
    outer loop
      vertex 74.8489 33.1 3
      vertex 57.7023 43.1944 3
      vertex 74.5911 32.5471 3
    endloop
  endfacet
  facet normal 0 0 1
    outer loop
      vertex 74.5911 12.8621 3
      vertex 58.25 5 3
      vertex 74.4332 12.2728 3
    endloop
  endfacet
  facet normal 0 0 1
    outer loop
      vertex 83 50 3
      vertex 86 47 3
      vertex 85.9424 47.5853 3
    endloop
  endfacet
  facet normal 0 0 1
    outer loop
      vertex 81.3268 30.7422 3
      vertex 86 47 3
      vertex 81.38 31.35 3
    endloop
  endfacet
  facet normal 0 0 1
    outer loop
      vertex 83 50 3
      vertex 85.9424 47.5853 3
      vertex 85.7716 48.148 3
    endloop
  endfacet
  facet normal 0 0 1
    outer loop
      vertex 86 47 3
      vertex 81.3268 30.7422 3
      vertex 86 3 3
    endloop
  endfacet
  facet normal 0 0 1
    outer loop
      vertex 83 50 3
      vertex 85.7716 48.148 3
      vertex 85.4944 48.6667 3
    endloop
  endfacet
  facet normal -0 0 1
    outer loop
      vertex 81.3268 11.0572 3
      vertex 86 3 3
      vertex 81.38 11.665 3
    endloop
  endfacet
  facet normal 0 0 1
    outer loop
      vertex 83 50 3
      vertex 85.4944 48.6667 3
      vertex 85.1213 49.1213 3
    endloop
  endfacet
  facet normal -0 0 1
    outer loop
      vertex 81.1689 10.4679 3
      vertex 86 3 3
      vertex 81.3268 11.0572 3
    endloop
  endfacet
  facet normal 0 0 1
    outer loop
      vertex 83 50 3
      vertex 85.1213 49.1213 3
      vertex 84.6667 49.4944 3
    endloop
  endfacet
  facet normal -0 0 1
    outer loop
      vertex 80.9111 9.915 3
      vertex 86 3 3
      vertex 81.1689 10.4679 3
    endloop
  endfacet
  facet normal 0 0 1
    outer loop
      vertex 83 50 3
      vertex 84.6667 49.4944 3
      vertex 84.148 49.7716 3
    endloop
  endfacet
  facet normal -0 0 1
    outer loop
      vertex 80.5612 9.41524 3
      vertex 86 3 3
      vertex 80.9111 9.915 3
    endloop
  endfacet
  facet normal 0 0 1
    outer loop
      vertex 83 50 3
      vertex 84.148 49.7716 3
      vertex 83.5853 49.9424 3
    endloop
  endfacet
  facet normal -0 0 1
    outer loop
      vertex 80.1298 8.98384 3
      vertex 86 3 3
      vertex 80.5612 9.41524 3
    endloop
  endfacet
  facet normal 0 0 1
    outer loop
      vertex 86 47 3
      vertex 83 50 3
      vertex 78.4878 34.7968 3
    endloop
  endfacet
  facet normal -0 0 1
    outer loop
      vertex 79.63 8.63391 3
      vertex 86 3 3
      vertex 80.1298 8.98384 3
    endloop
  endfacet
  facet normal 0 -0 1
    outer loop
      vertex 83 0 3
      vertex 86 3 3
      vertex 79.63 8.63391 3
    endloop
  endfacet
  facet normal 0 0 1
    outer loop
      vertex 86 47 3
      vertex 81.3268 31.9578 3
      vertex 81.38 31.35 3
    endloop
  endfacet
  facet normal 0 0 1
    outer loop
      vertex 86 47 3
      vertex 81.1689 32.5471 3
      vertex 81.3268 31.9578 3
    endloop
  endfacet
  facet normal 0 0 1
    outer loop
      vertex 86 47 3
      vertex 80.9111 33.1 3
      vertex 81.1689 32.5471 3
    endloop
  endfacet
  facet normal 0 0 1
    outer loop
      vertex 86 47 3
      vertex 80.5612 33.5998 3
      vertex 80.9111 33.1 3
    endloop
  endfacet
  facet normal 0 0 1
    outer loop
      vertex 86 47 3
      vertex 80.1298 34.0312 3
      vertex 80.5612 33.5998 3
    endloop
  endfacet
  facet normal 0 0 1
    outer loop
      vertex 86 47 3
      vertex 79.63 34.3811 3
      vertex 80.1298 34.0312 3
    endloop
  endfacet
  facet normal 0 0 1
    outer loop
      vertex 86 47 3
      vertex 79.0771 34.6389 3
      vertex 79.63 34.3811 3
    endloop
  endfacet
  facet normal 0 0 1
    outer loop
      vertex 86 47 3
      vertex 78.4878 34.7968 3
      vertex 79.0771 34.6389 3
    endloop
  endfacet
  facet normal 0 0 1
    outer loop
      vertex 83 50 3
      vertex 77.88 34.85 3
      vertex 78.4878 34.7968 3
    endloop
  endfacet
  facet normal 0 0 1
    outer loop
      vertex 83 50 3
      vertex 77.2722 34.7968 3
      vertex 77.88 34.85 3
    endloop
  endfacet
  facet normal 0 0 1
    outer loop
      vertex 83 50 3
      vertex 76.6829 34.6389 3
      vertex 77.2722 34.7968 3
    endloop
  endfacet
  facet normal 0 0 1
    outer loop
      vertex 83 50 3
      vertex 76.13 34.3811 3
      vertex 76.6829 34.6389 3
    endloop
  endfacet
  facet normal -0 0 1
    outer loop
      vertex 58.25 45 3
      vertex 76.13 34.3811 3
      vertex 83 50 3
    endloop
  endfacet
  facet normal -0 0 1
    outer loop
      vertex 58.1876 44.366 3
      vertex 76.13 34.3811 3
      vertex 58.25 45 3
    endloop
  endfacet
  facet normal 0 0 1
    outer loop
      vertex 76.13 34.3811 3
      vertex 58.1876 44.366 3
      vertex 75.6302 34.0312 3
    endloop
  endfacet
  facet normal 0 0 1
    outer loop
      vertex 74.5911 32.5471 3
      vertex 57.2981 42.7019 3
      vertex 74.4332 31.9578 3
    endloop
  endfacet
  facet normal -0 0 1
    outer loop
      vertex 57.7023 43.1944 3
      vertex 74.8489 33.1 3
      vertex 58.0026 43.7563 3
    endloop
  endfacet
  facet normal 0 0 1
    outer loop
      vertex 75.1988 33.5998 3
      vertex 58.0026 43.7563 3
      vertex 74.8489 33.1 3
    endloop
  endfacet
  facet normal -0 0 1
    outer loop
      vertex 58.0026 43.7563 3
      vertex 75.1988 33.5998 3
      vertex 58.1876 44.366 3
    endloop
  endfacet
  facet normal 0 0 1
    outer loop
      vertex 75.6302 34.0312 3
      vertex 58.1876 44.366 3
      vertex 75.1988 33.5998 3
    endloop
  endfacet
  facet normal 0 0 1
    outer loop
      vertex 83 50 3
      vertex 58.1876 45.634 3
      vertex 58.25 45 3
    endloop
  endfacet
  facet normal 0 0 1
    outer loop
      vertex 83 50 3
      vertex 58.0026 46.2437 3
      vertex 58.1876 45.634 3
    endloop
  endfacet
  facet normal 0 0 1
    outer loop
      vertex 83 50 3
      vertex 57.7023 46.8056 3
      vertex 58.0026 46.2437 3
    endloop
  endfacet
  facet normal 0 0 1
    outer loop
      vertex 83 50 3
      vertex 57.2981 47.2981 3
      vertex 57.7023 46.8056 3
    endloop
  endfacet
  facet normal 0 0 1
    outer loop
      vertex 83 50 3
      vertex 56.8056 47.7023 3
      vertex 57.2981 47.2981 3
    endloop
  endfacet
  facet normal 0 0 1
    outer loop
      vertex 83 50 3
      vertex 56.2437 48.0026 3
      vertex 56.8056 47.7023 3
    endloop
  endfacet
  facet normal 0 0 1
    outer loop
      vertex 83 50 3
      vertex 55.634 48.1876 3
      vertex 56.2437 48.0026 3
    endloop
  endfacet
  facet normal 0 0 1
    outer loop
      vertex 83 50 3
      vertex 55 48.25 3
      vertex 55.634 48.1876 3
    endloop
  endfacet
  facet normal 0 0 1
    outer loop
      vertex 52.2977 6.8056 3
      vertex 40.6868 11.0572 3
      vertex 51.9974 6.24372 3
    endloop
  endfacet
  facet normal 0 0 1
    outer loop
      vertex 37.8478 34.7968 3
      vertex 51.75 45 3
      vertex 51.8124 45.634 3
    endloop
  endfacet
  facet normal 0 0 1
    outer loop
      vertex 37.24 34.85 3
      vertex 51.8124 45.634 3
      vertex 51.9974 46.2437 3
    endloop
  endfacet
  facet normal 0 0 1
    outer loop
      vertex 36.6322 34.7968 3
      vertex 51.9974 46.2437 3
      vertex 52.2977 46.8056 3
    endloop
  endfacet
  facet normal 0 0 1
    outer loop
      vertex 53.7563 41.9974 3
      vertex 40.6868 31.9578 3
      vertex 40.74 31.35 3
    endloop
  endfacet
  facet normal 0 0 1
    outer loop
      vertex 53.1944 42.2977 3
      vertex 40.5289 32.5471 3
      vertex 40.6868 31.9578 3
    endloop
  endfacet
  facet normal 0 0 1
    outer loop
      vertex 9.70228 46.8056 3
      vertex 52.2977 46.8056 3
      vertex 52.7019 47.2981 3
    endloop
  endfacet
  facet normal 0 0 1
    outer loop
      vertex 52.7019 42.7019 3
      vertex 40.2711 33.1 3
      vertex 40.5289 32.5471 3
    endloop
  endfacet
  facet normal 0 0 1
    outer loop
      vertex 52.7019 42.7019 3
      vertex 39.9212 33.5998 3
      vertex 40.2711 33.1 3
    endloop
  endfacet
  facet normal 0 0 1
    outer loop
      vertex 52.2977 43.1944 3
      vertex 39.4898 34.0312 3
      vertex 39.9212 33.5998 3
    endloop
  endfacet
  facet normal 0 0 1
    outer loop
      vertex 51.9974 43.7563 3
      vertex 38.99 34.3811 3
      vertex 39.4898 34.0312 3
    endloop
  endfacet
  facet normal 0 0 1
    outer loop
      vertex 51.8124 44.366 3
      vertex 38.4371 34.6389 3
      vertex 38.99 34.3811 3
    endloop
  endfacet
  facet normal 0 0 1
    outer loop
      vertex 51.75 45 3
      vertex 37.8478 34.7968 3
      vertex 38.4371 34.6389 3
    endloop
  endfacet
  facet normal 0 0 1
    outer loop
      vertex 51.8124 45.634 3
      vertex 37.24 34.85 3
      vertex 37.8478 34.7968 3
    endloop
  endfacet
  facet normal 0 0 1
    outer loop
      vertex 9.2981 47.2981 3
      vertex 52.7019 47.2981 3
      vertex 53.1944 47.7023 3
    endloop
  endfacet
  facet normal 0 0 1
    outer loop
      vertex 51.9974 46.2437 3
      vertex 36.6322 34.7968 3
      vertex 37.24 34.85 3
    endloop
  endfacet
  facet normal 0 0 1
    outer loop
      vertex 52.2977 46.8056 3
      vertex 9.70228 46.8056 3
      vertex 36.6322 34.7968 3
    endloop
  endfacet
  facet normal -0 -0 1
    outer loop
      vertex 10.0026 46.2437 3
      vertex 36.6322 34.7968 3
      vertex 9.70228 46.8056 3
    endloop
  endfacet
  facet normal 0 0 1
    outer loop
      vertex 36.6322 34.7968 3
      vertex 10.0026 46.2437 3
      vertex 36.0429 34.6389 3
    endloop
  endfacet
  facet normal 0 0 1
    outer loop
      vertex 33.9511 32.5471 3
      vertex 9.70228 43.1944 3
      vertex 33.7932 31.9578 3
    endloop
  endfacet
  facet normal 0 0 1
    outer loop
      vertex 34.2089 33.1 3
      vertex 10.0026 43.7563 3
      vertex 33.9511 32.5471 3
    endloop
  endfacet
  facet normal -0 0 1
    outer loop
      vertex 10.0026 43.7563 3
      vertex 34.2089 33.1 3
      vertex 10.1876 44.366 3
    endloop
  endfacet
  facet normal 0 0 1
    outer loop
      vertex 34.5588 33.5998 3
      vertex 10.1876 44.366 3
      vertex 34.2089 33.1 3
    endloop
  endfacet
  facet normal -0 0 1
    outer loop
      vertex 10.1876 44.366 3
      vertex 34.5588 33.5998 3
      vertex 10.25 45 3
    endloop
  endfacet
  facet normal 0 0 1
    outer loop
      vertex 34.9902 34.0312 3
      vertex 10.25 45 3
      vertex 34.5588 33.5998 3
    endloop
  endfacet
  facet normal -0 -0 1
    outer loop
      vertex 10.1876 45.634 3
      vertex 35.49 34.3811 3
      vertex 10.0026 46.2437 3
    endloop
  endfacet
  facet normal 0 0 1
    outer loop
      vertex 8.8056 47.7023 3
      vertex 53.1944 47.7023 3
      vertex 53.7563 48.0026 3
    endloop
  endfacet
  facet normal 0 0 1
    outer loop
      vertex 3 50 3
      vertex 53.7563 48.0026 3
      vertex 54.366 48.1876 3
    endloop
  endfacet
  facet normal 0 0 1
    outer loop
      vertex 3 50 3
      vertex 54.366 48.1876 3
      vertex 55 48.25 3
    endloop
  endfacet
  facet normal 0 0 1
    outer loop
      vertex 34.9902 34.0312 3
      vertex 10.1876 45.634 3
      vertex 10.25 45 3
    endloop
  endfacet
  facet normal -0 0 1
    outer loop
      vertex 3 50 3
      vertex 55 48.25 3
      vertex 83 50 3
    endloop
  endfacet
  facet normal 0 0 1
    outer loop
      vertex 35.49 34.3811 3
      vertex 10.1876 45.634 3
      vertex 34.9902 34.0312 3
    endloop
  endfacet
  facet normal 0 0 1
    outer loop
      vertex 36.0429 34.6389 3
      vertex 10.0026 46.2437 3
      vertex 35.49 34.3811 3
    endloop
  endfacet
  facet normal 0 0 1
    outer loop
      vertex 52.7019 47.2981 3
      vertex 9.2981 47.2981 3
      vertex 9.70228 46.8056 3
    endloop
  endfacet
  facet normal 0 0 1
    outer loop
      vertex 53.1944 47.7023 3
      vertex 8.8056 47.7023 3
      vertex 9.2981 47.2981 3
    endloop
  endfacet
  facet normal 0 0 1
    outer loop
      vertex 53.7563 48.0026 3
      vertex 8.24372 48.0026 3
      vertex 8.8056 47.7023 3
    endloop
  endfacet
  facet normal 0 0 1
    outer loop
      vertex 53.7563 48.0026 3
      vertex 3 50 3
      vertex 8.24372 48.0026 3
    endloop
  endfacet
  facet normal 0 0 1
    outer loop
      vertex 8.24372 48.0026 3
      vertex 3 50 3
      vertex 7.63404 48.1876 3
    endloop
  endfacet
  facet normal -0 0 1
    outer loop
      vertex 0.878677 49.1213 3
      vertex 4.29772 46.8056 3
      vertex 1.33328 49.4944 3
    endloop
  endfacet
  facet normal -0 0 1
    outer loop
      vertex 1.33328 49.4944 3
      vertex 4.29772 46.8056 3
      vertex 1.85194 49.7716 3
    endloop
  endfacet
  facet normal -0 0 1
    outer loop
      vertex 1.85194 49.7716 3
      vertex 4.29772 46.8056 3
      vertex 2.41472 49.9424 3
    endloop
  endfacet
  facet normal -0 0 1
    outer loop
      vertex 2.41472 49.9424 3
      vertex 4.29772 46.8056 3
      vertex 3 50 3
    endloop
  endfacet
  facet normal 0 0 1
    outer loop
      vertex 4.7019 47.2981 3
      vertex 3 50 3
      vertex 4.29772 46.8056 3
    endloop
  endfacet
  facet normal 0 0 1
    outer loop
      vertex 5.1944 47.7023 3
      vertex 3 50 3
      vertex 4.7019 47.2981 3
    endloop
  endfacet
  facet normal 0 0 1
    outer loop
      vertex 5.75628 48.0026 3
      vertex 3 50 3
      vertex 5.1944 47.7023 3
    endloop
  endfacet
  facet normal 0 0 1
    outer loop
      vertex 6.36596 48.1876 3
      vertex 3 50 3
      vertex 5.75628 48.0026 3
    endloop
  endfacet
  facet normal 0 0 1
    outer loop
      vertex 7 48.25 3
      vertex 3 50 3
      vertex 6.36596 48.1876 3
    endloop
  endfacet
  facet normal 0 0 1
    outer loop
      vertex 7.63404 48.1876 3
      vertex 3 50 3
      vertex 7 48.25 3
    endloop
  endfacet
  facet normal 0 0 1
    outer loop
      vertex 86 3 3
      vertex 83 0 3
      vertex 85.9424 2.41472 3
    endloop
  endfacet
  facet normal 0 0 1
    outer loop
      vertex 85.9424 2.41472 3
      vertex 83 0 3
      vertex 85.7716 1.85194 3
    endloop
  endfacet
  facet normal 0 0 1
    outer loop
      vertex 85.7716 1.85194 3
      vertex 83 0 3
      vertex 85.4944 1.33328 3
    endloop
  endfacet
  facet normal 0 0 1
    outer loop
      vertex 85.4944 1.33328 3
      vertex 83 0 3
      vertex 85.1213 0.878677 3
    endloop
  endfacet
  facet normal 0 0 1
    outer loop
      vertex 84.6667 0.505585 3
      vertex 83 0 3
      vertex 84.148 0.228348 3
    endloop
  endfacet
  facet normal 0 0 1
    outer loop
      vertex 84.148 0.228348 3
      vertex 83 0 3
      vertex 83.5853 0.0576324 3
    endloop
  endfacet
  facet normal 0 0 1
    outer loop
      vertex 85.1213 0.878677 3
      vertex 83 0 3
      vertex 84.6667 0.505585 3
    endloop
  endfacet
  facet normal -0 0 1
    outer loop
      vertex 79.0771 8.37608 3
      vertex 83 0 3
      vertex 79.63 8.63391 3
    endloop
  endfacet
  facet normal -0 0 1
    outer loop
      vertex 78.4878 8.21817 3
      vertex 83 0 3
      vertex 79.0771 8.37608 3
    endloop
  endfacet
  facet normal -0 0 1
    outer loop
      vertex 77.88 8.165 3
      vertex 83 0 3
      vertex 78.4878 8.21817 3
    endloop
  endfacet
  facet normal 0 0 1
    outer loop
      vertex 77.2722 8.21817 3
      vertex 83 0 3
      vertex 77.88 8.165 3
    endloop
  endfacet
  facet normal 0 0 1
    outer loop
      vertex 76.6829 8.37608 3
      vertex 83 0 3
      vertex 77.2722 8.21817 3
    endloop
  endfacet
  facet normal 0 0 1
    outer loop
      vertex 76.13 8.63391 3
      vertex 83 0 3
      vertex 76.6829 8.37608 3
    endloop
  endfacet
  facet normal 0 0 1
    outer loop
      vertex 58.0026 3.75628 3
      vertex 76.13 8.63391 3
      vertex 75.6302 8.98384 3
    endloop
  endfacet
  facet normal 0 0 1
    outer loop
      vertex 58.1876 4.36596 3
      vertex 75.6302 8.98384 3
      vertex 75.1988 9.41524 3
    endloop
  endfacet
  facet normal 0 0 1
    outer loop
      vertex 74.4332 12.2728 3
      vertex 58.25 5 3
      vertex 74.38 11.665 3
    endloop
  endfacet
  facet normal 0 0 1
    outer loop
      vertex 74.38 11.665 3
      vertex 58.25 5 3
      vertex 74.4332 11.0572 3
    endloop
  endfacet
  facet normal 0 0 1
    outer loop
      vertex 74.4332 11.0572 3
      vertex 58.25 5 3
      vertex 74.5911 10.4679 3
    endloop
  endfacet
  facet normal 0 0 1
    outer loop
      vertex 74.5911 10.4679 3
      vertex 58.25 5 3
      vertex 74.8489 9.915 3
    endloop
  endfacet
  facet normal 0 0 1
    outer loop
      vertex 58.25 5 3
      vertex 75.1988 9.41524 3
      vertex 74.8489 9.915 3
    endloop
  endfacet
  facet normal 0 0 1
    outer loop
      vertex 58.1876 4.36596 3
      vertex 75.1988 9.41524 3
      vertex 58.25 5 3
    endloop
  endfacet
  facet normal 0 0 1
    outer loop
      vertex 75.6302 8.98384 3
      vertex 58.1876 4.36596 3
      vertex 58.0026 3.75628 3
    endloop
  endfacet
  facet normal 0 0 1
    outer loop
      vertex 76.13 8.63391 3
      vertex 58.0026 3.75628 3
      vertex 57.7023 3.1944 3
    endloop
  endfacet
  facet normal 0 0 1
    outer loop
      vertex 76.13 8.63391 3
      vertex 57.7023 3.1944 3
      vertex 83 0 3
    endloop
  endfacet
  facet normal -0 0 1
    outer loop
      vertex 57.2981 2.7019 3
      vertex 83 0 3
      vertex 57.7023 3.1944 3
    endloop
  endfacet
  facet normal -0 0 1
    outer loop
      vertex 56.8056 2.29772 3
      vertex 83 0 3
      vertex 57.2981 2.7019 3
    endloop
  endfacet
  facet normal -0 0 1
    outer loop
      vertex 56.2437 1.99739 3
      vertex 83 0 3
      vertex 56.8056 2.29772 3
    endloop
  endfacet
  facet normal -0 0 1
    outer loop
      vertex 55.634 1.81245 3
      vertex 83 0 3
      vertex 56.2437 1.99739 3
    endloop
  endfacet
  facet normal -0 0 1
    outer loop
      vertex 55 1.75 3
      vertex 83 0 3
      vertex 55.634 1.81245 3
    endloop
  endfacet
  facet normal -0 0 1
    outer loop
      vertex 40.5289 10.4679 3
      vertex 51.9974 6.24372 3
      vertex 40.6868 11.0572 3
    endloop
  endfacet
  facet normal 0 0 1
    outer loop
      vertex 51.9974 6.24372 3
      vertex 40.5289 10.4679 3
      vertex 51.8124 5.63404 3
    endloop
  endfacet
  facet normal -0 0 1
    outer loop
      vertex 40.2711 9.915 3
      vertex 51.8124 5.63404 3
      vertex 40.5289 10.4679 3
    endloop
  endfacet
  facet normal 0 0 1
    outer loop
      vertex 51.8124 5.63404 3
      vertex 40.2711 9.915 3
      vertex 51.75 5 3
    endloop
  endfacet
  facet normal -0 0 1
    outer loop
      vertex 39.9212 9.41524 3
      vertex 51.75 5 3
      vertex 40.2711 9.915 3
    endloop
  endfacet
  facet normal -0 0 1
    outer loop
      vertex 39.4898 8.98384 3
      vertex 51.75 5 3
      vertex 39.9212 9.41524 3
    endloop
  endfacet
  facet normal 0 0 1
    outer loop
      vertex 51.75 5 3
      vertex 39.4898 8.98384 3
      vertex 51.8124 4.36596 3
    endloop
  endfacet
  facet normal -0 0 1
    outer loop
      vertex 38.99 8.63391 3
      vertex 51.8124 4.36596 3
      vertex 39.4898 8.98384 3
    endloop
  endfacet
  facet normal 0 0 1
    outer loop
      vertex 51.8124 4.36596 3
      vertex 38.99 8.63391 3
      vertex 51.9974 3.75628 3
    endloop
  endfacet
  facet normal -0 0 1
    outer loop
      vertex 38.4371 8.37608 3
      vertex 51.9974 3.75628 3
      vertex 38.99 8.63391 3
    endloop
  endfacet
  facet normal 0 0 1
    outer loop
      vertex 51.9974 3.75628 3
      vertex 38.4371 8.37608 3
      vertex 52.2977 3.1944 3
    endloop
  endfacet
  facet normal -0 0 1
    outer loop
      vertex 37.8478 8.21817 3
      vertex 52.2977 3.1944 3
      vertex 38.4371 8.37608 3
    endloop
  endfacet
  facet normal 0 0 1
    outer loop
      vertex 52.2977 3.1944 3
      vertex 37.8478 8.21817 3
      vertex 52.7019 2.7019 3
    endloop
  endfacet
  facet normal -0 0 1
    outer loop
      vertex 37.24 8.165 3
      vertex 52.7019 2.7019 3
      vertex 37.8478 8.21817 3
    endloop
  endfacet
  facet normal 0 0 1
    outer loop
      vertex 52.7019 2.7019 3
      vertex 37.24 8.165 3
      vertex 53.1944 2.29772 3
    endloop
  endfacet
  facet normal 0 0 1
    outer loop
      vertex 36.6322 8.21817 3
      vertex 53.1944 2.29772 3
      vertex 37.24 8.165 3
    endloop
  endfacet
  facet normal 0 0 1
    outer loop
      vertex 8.8056 2.29772 3
      vertex 53.1944 2.29772 3
      vertex 36.6322 8.21817 3
    endloop
  endfacet
  facet normal 0 0 1
    outer loop
      vertex 8.8056 2.29772 3
      vertex 36.6322 8.21817 3
      vertex 36.0429 8.37608 3
    endloop
  endfacet
  facet normal 0 0 1
    outer loop
      vertex 33.7932 12.2728 3
      vertex 10.25 5 3
      vertex 33.74 11.665 3
    endloop
  endfacet
  facet normal 0 0 1
    outer loop
      vertex 33.74 11.665 3
      vertex 10.25 5 3
      vertex 33.7932 11.0572 3
    endloop
  endfacet
  facet normal 0 0 1
    outer loop
      vertex 33.7932 11.0572 3
      vertex 10.25 5 3
      vertex 33.9511 10.4679 3
    endloop
  endfacet
  facet normal 0 0 1
    outer loop
      vertex 33.9511 10.4679 3
      vertex 10.25 5 3
      vertex 34.2089 9.915 3
    endloop
  endfacet
  facet normal 0 0 1
    outer loop
      vertex 10.1876 4.36596 3
      vertex 34.2089 9.915 3
      vertex 10.25 5 3
    endloop
  endfacet
  facet normal 0 0 1
    outer loop
      vertex 34.2089 9.915 3
      vertex 10.1876 4.36596 3
      vertex 34.5588 9.41524 3
    endloop
  endfacet
  facet normal 0 0 1
    outer loop
      vertex 10.0026 3.75628 3
      vertex 34.5588 9.41524 3
      vertex 10.1876 4.36596 3
    endloop
  endfacet
  facet normal 0 0 1
    outer loop
      vertex 34.5588 9.41524 3
      vertex 10.0026 3.75628 3
      vertex 34.9902 8.98384 3
    endloop
  endfacet
  facet normal 0 0 1
    outer loop
      vertex 9.70228 3.1944 3
      vertex 34.9902 8.98384 3
      vertex 10.0026 3.75628 3
    endloop
  endfacet
  facet normal 0 0 1
    outer loop
      vertex 34.9902 8.98384 3
      vertex 9.70228 3.1944 3
      vertex 35.49 8.63391 3
    endloop
  endfacet
  facet normal 0 0 1
    outer loop
      vertex 9.2981 2.7019 3
      vertex 35.49 8.63391 3
      vertex 9.70228 3.1944 3
    endloop
  endfacet
  facet normal 0 0 1
    outer loop
      vertex 35.49 8.63391 3
      vertex 9.2981 2.7019 3
      vertex 36.0429 8.37608 3
    endloop
  endfacet
  facet normal 0 0 1
    outer loop
      vertex 8.8056 2.29772 3
      vertex 36.0429 8.37608 3
      vertex 9.2981 2.7019 3
    endloop
  endfacet
  facet normal 0 0 1
    outer loop
      vertex 53.1944 2.29772 3
      vertex 8.8056 2.29772 3
      vertex 53.7563 1.99739 3
    endloop
  endfacet
  facet normal 0 0 1
    outer loop
      vertex 8.24372 1.99739 3
      vertex 53.7563 1.99739 3
      vertex 8.8056 2.29772 3
    endloop
  endfacet
  facet normal 0 0 1
    outer loop
      vertex 3 0 3
      vertex 53.7563 1.99739 3
      vertex 8.24372 1.99739 3
    endloop
  endfacet
  facet normal 0 0 1
    outer loop
      vertex 53.7563 1.99739 3
      vertex 3 0 3
      vertex 54.366 1.81245 3
    endloop
  endfacet
  facet normal 0 0 1
    outer loop
      vertex 54.366 1.81245 3
      vertex 3 0 3
      vertex 55 1.75 3
    endloop
  endfacet
  facet normal 0 0 1
    outer loop
      vertex 3 0 3
      vertex 8.24372 1.99739 3
      vertex 7.63404 1.81245 3
    endloop
  endfacet
  facet normal 0 0 1
    outer loop
      vertex 3 0 3
      vertex 7.63404 1.81245 3
      vertex 7 1.75 3
    endloop
  endfacet
  facet normal 0 0 1
    outer loop
      vertex 55 1.75 3
      vertex 3 0 3
      vertex 83 0 3
    endloop
  endfacet
  facet normal 0 0 1
    outer loop
      vertex 6.36596 1.81245 3
      vertex 3 0 3
      vertex 7 1.75 3
    endloop
  endfacet
  facet normal 0 0 1
    outer loop
      vertex 5.75628 1.99739 3
      vertex 3 0 3
      vertex 6.36596 1.81245 3
    endloop
  endfacet
  facet normal 0 0 1
    outer loop
      vertex 5.1944 2.29772 3
      vertex 3 0 3
      vertex 5.75628 1.99739 3
    endloop
  endfacet
  facet normal 0 0 1
    outer loop
      vertex 4.7019 2.7019 3
      vertex 3 0 3
      vertex 5.1944 2.29772 3
    endloop
  endfacet
  facet normal 0 0 1
    outer loop
      vertex 4.29772 3.1944 3
      vertex 3 0 3
      vertex 4.7019 2.7019 3
    endloop
  endfacet
  facet normal 0 0 1
    outer loop
      vertex 0.505585 1.33328 3
      vertex 4.29772 3.1944 3
      vertex 3.99739 3.75628 3
    endloop
  endfacet
  facet normal 0 0 1
    outer loop
      vertex 0 3 3
      vertex 3.99739 3.75628 3
      vertex 3.81245 4.36596 3
    endloop
  endfacet
  facet normal 0 0 1
    outer loop
      vertex 0 3 3
      vertex 3.81245 4.36596 3
      vertex 3.75 5 3
    endloop
  endfacet
  facet normal 0 0 1
    outer loop
      vertex 3.99739 6.24372 3
      vertex 0 3 3
      vertex 3.81245 5.63404 3
    endloop
  endfacet
  facet normal -0 0 1
    outer loop
      vertex 0.505585 48.6667 3
      vertex 4.29772 46.8056 3
      vertex 0.878677 49.1213 3
    endloop
  endfacet
  facet normal 0 0 1
    outer loop
      vertex 3.81245 5.63404 3
      vertex 0 3 3
      vertex 3.75 5 3
    endloop
  endfacet
  facet normal 0 0 1
    outer loop
      vertex 4.29772 46.8056 3
      vertex 0.505585 48.6667 3
      vertex 3.99739 46.2437 3
    endloop
  endfacet
  facet normal 0 0 1
    outer loop
      vertex 3.99739 3.75628 3
      vertex 0 3 3
      vertex 0.0576324 2.41472 3
    endloop
  endfacet
  facet normal -0 0 1
    outer loop
      vertex 0.228348 48.148 3
      vertex 3.99739 46.2437 3
      vertex 0.505585 48.6667 3
    endloop
  endfacet
  facet normal 0 0 1
    outer loop
      vertex 4.29772 3.1944 3
      vertex 2.41472 0.0576324 3
      vertex 3 0 3
    endloop
  endfacet
  facet normal -0 0 1
    outer loop
      vertex 0.0576324 47.5853 3
      vertex 3.99739 46.2437 3
      vertex 0.228348 48.148 3
    endloop
  endfacet
  facet normal 0 0 1
    outer loop
      vertex 4.29772 3.1944 3
      vertex 1.85194 0.228348 3
      vertex 2.41472 0.0576324 3
    endloop
  endfacet
  facet normal -0 0 1
    outer loop
      vertex 0 47 3
      vertex 3.99739 46.2437 3
      vertex 0.0576324 47.5853 3
    endloop
  endfacet
  facet normal 0 0 1
    outer loop
      vertex 4.29772 3.1944 3
      vertex 1.33328 0.505585 3
      vertex 1.85194 0.228348 3
    endloop
  endfacet
  facet normal 0 0 1
    outer loop
      vertex 3.99739 46.2437 3
      vertex 0 47 3
      vertex 3.81245 45.634 3
    endloop
  endfacet
  facet normal 0 0 1
    outer loop
      vertex 4.29772 3.1944 3
      vertex 0.878677 0.878677 3
      vertex 1.33328 0.505585 3
    endloop
  endfacet
  facet normal 0 0 1
    outer loop
      vertex 3.81245 45.634 3
      vertex 0 47 3
      vertex 3.75 45 3
    endloop
  endfacet
  facet normal 0 0 1
    outer loop
      vertex 4.29772 3.1944 3
      vertex 0.505585 1.33328 3
      vertex 0.878677 0.878677 3
    endloop
  endfacet
  facet normal 0 0 1
    outer loop
      vertex 3.99739 3.75628 3
      vertex 0.228348 1.85194 3
      vertex 0.505585 1.33328 3
    endloop
  endfacet
  facet normal 0 0 1
    outer loop
      vertex 3.99739 3.75628 3
      vertex 0.0576324 2.41472 3
      vertex 0.228348 1.85194 3
    endloop
  endfacet
  facet normal 0.0980032 0.995186 -0
    outer loop
      vertex 7 3.3 0
      vertex 6.66835 3.33266 1.2
      vertex 7 3.3 1.2
    endloop
  endfacet
  facet normal 0.0980032 0.995186 0
    outer loop
      vertex 6.66835 3.33266 1.2
      vertex 7 3.3 0
      vertex 6.66835 3.33266 0
    endloop
  endfacet
  facet normal -0.773003 0.634402 0
    outer loop
      vertex 8.20208 3.79792 0
      vertex 8.4135 4.05553 1.2
      vertex 8.4135 4.05553 0
    endloop
  endfacet
  facet normal -0.773003 0.634402 0
    outer loop
      vertex 8.4135 4.05553 1.2
      vertex 8.20208 3.79792 0
      vertex 8.20208 3.79792 1.2
    endloop
  endfacet
  facet normal -0.956941 -0.290284 0
    outer loop
      vertex 8.66733 5.33165 0
      vertex 8.57059 5.65056 1.2
      vertex 8.57059 5.65056 0
    endloop
  endfacet
  facet normal -0.956941 -0.290284 0
    outer loop
      vertex 8.57059 5.65056 1.2
      vertex 8.66733 5.33165 0
      vertex 8.66733 5.33165 1.2
    endloop
  endfacet
  facet normal -0.995183 -0.098033 0
    outer loop
      vertex 8.7 5 0
      vertex 8.66733 5.33165 1.2
      vertex 8.66733 5.33165 0
    endloop
  endfacet
  facet normal -0.995183 -0.098033 0
    outer loop
      vertex 8.66733 5.33165 1.2
      vertex 8.7 5 0
      vertex 8.7 5 1.2
    endloop
  endfacet
  facet normal -0.881931 -0.471378 0
    outer loop
      vertex 8.57059 5.65056 0
      vertex 8.4135 5.94447 1.2
      vertex 8.4135 5.94447 0
    endloop
  endfacet
  facet normal -0.881931 -0.471378 0
    outer loop
      vertex 8.4135 5.94447 1.2
      vertex 8.57059 5.65056 0
      vertex 8.57059 5.65056 1.2
    endloop
  endfacet
  facet normal 0.881919 0.471401 0
    outer loop
      vertex 5.5865 4.05553 1.2
      vertex 5.4294 4.34944 0
      vertex 5.4294 4.34944 1.2
    endloop
  endfacet
  facet normal 0.881919 0.471401 0
    outer loop
      vertex 5.4294 4.34944 0
      vertex 5.5865 4.05553 1.2
      vertex 5.5865 4.05553 0
    endloop
  endfacet
  facet normal -0.995183 0.098033 0
    outer loop
      vertex 8.66733 4.66835 0
      vertex 8.7 5 1.2
      vertex 8.7 5 0
    endloop
  endfacet
  facet normal -0.995183 0.098033 0
    outer loop
      vertex 8.7 5 1.2
      vertex 8.66733 4.66835 0
      vertex 8.66733 4.66835 1.2
    endloop
  endfacet
  facet normal -0.290284 0.956941 0
    outer loop
      vertex 7.65056 3.4294 0
      vertex 7.33165 3.33266 1.2
      vertex 7.65056 3.4294 1.2
    endloop
  endfacet
  facet normal -0.290284 0.956941 0
    outer loop
      vertex 7.33165 3.33266 1.2
      vertex 7.65056 3.4294 0
      vertex 7.33165 3.33266 0
    endloop
  endfacet
  facet normal 0.995186 0.0980032 0
    outer loop
      vertex 5.33266 4.66835 1.2
      vertex 5.3 5 0
      vertex 5.3 5 1.2
    endloop
  endfacet
  facet normal 0.995186 0.0980032 0
    outer loop
      vertex 5.3 5 0
      vertex 5.33266 4.66835 1.2
      vertex 5.33266 4.66835 0
    endloop
  endfacet
  facet normal -0.098033 -0.995183 0
    outer loop
      vertex 7 6.7 0
      vertex 7.33165 6.66733 1.2
      vertex 7 6.7 1.2
    endloop
  endfacet
  facet normal -0.098033 -0.995183 -0
    outer loop
      vertex 7.33165 6.66733 1.2
      vertex 7 6.7 0
      vertex 7.33165 6.66733 0
    endloop
  endfacet
  facet normal -0.956941 0.290284 0
    outer loop
      vertex 8.57059 4.34944 0
      vertex 8.66733 4.66835 1.2
      vertex 8.66733 4.66835 0
    endloop
  endfacet
  facet normal -0.956941 0.290284 0
    outer loop
      vertex 8.66733 4.66835 1.2
      vertex 8.57059 4.34944 0
      vertex 8.57059 4.34944 1.2
    endloop
  endfacet
  facet normal 0.290284 0.956941 -0
    outer loop
      vertex 6.66835 3.33266 0
      vertex 6.34944 3.4294 1.2
      vertex 6.66835 3.33266 1.2
    endloop
  endfacet
  facet normal 0.290284 0.956941 0
    outer loop
      vertex 6.34944 3.4294 1.2
      vertex 6.66835 3.33266 0
      vertex 6.34944 3.4294 0
    endloop
  endfacet
  facet normal 0.995186 -0.0980032 0
    outer loop
      vertex 5.3 5 1.2
      vertex 5.33266 5.33165 0
      vertex 5.33266 5.33165 1.2
    endloop
  endfacet
  facet normal 0.995186 -0.0980032 0
    outer loop
      vertex 5.33266 5.33165 0
      vertex 5.3 5 1.2
      vertex 5.3 5 0
    endloop
  endfacet
  facet normal -0.471378 -0.881931 0
    outer loop
      vertex 7.65056 6.57059 0
      vertex 7.94447 6.4135 1.2
      vertex 7.65056 6.57059 1.2
    endloop
  endfacet
  facet normal -0.471378 -0.881931 -0
    outer loop
      vertex 7.94447 6.4135 1.2
      vertex 7.65056 6.57059 0
      vertex 7.94447 6.4135 0
    endloop
  endfacet
  facet normal -0.290284 -0.956941 0
    outer loop
      vertex 7.33165 6.66733 0
      vertex 7.65056 6.57059 1.2
      vertex 7.33165 6.66733 1.2
    endloop
  endfacet
  facet normal -0.290284 -0.956941 -0
    outer loop
      vertex 7.65056 6.57059 1.2
      vertex 7.33165 6.66733 0
      vertex 7.65056 6.57059 0
    endloop
  endfacet
  facet normal 0.098033 -0.995183 0
    outer loop
      vertex 6.66835 6.66733 0
      vertex 7 6.7 1.2
      vertex 6.66835 6.66733 1.2
    endloop
  endfacet
  facet normal 0.098033 -0.995183 0
    outer loop
      vertex 7 6.7 1.2
      vertex 6.66835 6.66733 0
      vertex 7 6.7 0
    endloop
  endfacet
  facet normal 0.956941 -0.290284 0
    outer loop
      vertex 5.33266 5.33165 1.2
      vertex 5.4294 5.65056 0
      vertex 5.4294 5.65056 1.2
    endloop
  endfacet
  facet normal 0.956941 -0.290284 0
    outer loop
      vertex 5.4294 5.65056 0
      vertex 5.33266 5.33165 1.2
      vertex 5.33266 5.33165 0
    endloop
  endfacet
  facet normal 0.634402 -0.773003 0
    outer loop
      vertex 5.79792 6.20208 0
      vertex 6.05553 6.4135 1.2
      vertex 5.79792 6.20208 1.2
    endloop
  endfacet
  facet normal 0.634402 -0.773003 0
    outer loop
      vertex 6.05553 6.4135 1.2
      vertex 5.79792 6.20208 0
      vertex 6.05553 6.4135 0
    endloop
  endfacet
  facet normal -0.773003 -0.634402 0
    outer loop
      vertex 8.4135 5.94447 0
      vertex 8.20208 6.20208 1.2
      vertex 8.20208 6.20208 0
    endloop
  endfacet
  facet normal -0.773003 -0.634402 0
    outer loop
      vertex 8.20208 6.20208 1.2
      vertex 8.4135 5.94447 0
      vertex 8.4135 5.94447 1.2
    endloop
  endfacet
  facet normal 0.471378 -0.881931 0
    outer loop
      vertex 6.05553 6.4135 0
      vertex 6.34944 6.57059 1.2
      vertex 6.05553 6.4135 1.2
    endloop
  endfacet
  facet normal 0.471378 -0.881931 0
    outer loop
      vertex 6.34944 6.57059 1.2
      vertex 6.05553 6.4135 0
      vertex 6.34944 6.57059 0
    endloop
  endfacet
  facet normal -0.471401 0.881919 0
    outer loop
      vertex 7.94447 3.5865 0
      vertex 7.65056 3.4294 1.2
      vertex 7.94447 3.5865 1.2
    endloop
  endfacet
  facet normal -0.471401 0.881919 0
    outer loop
      vertex 7.65056 3.4294 1.2
      vertex 7.94447 3.5865 0
      vertex 7.65056 3.4294 0
    endloop
  endfacet
  facet normal -0.881931 0.471378 0
    outer loop
      vertex 8.4135 4.05553 0
      vertex 8.57059 4.34944 1.2
      vertex 8.57059 4.34944 0
    endloop
  endfacet
  facet normal -0.881931 0.471378 0
    outer loop
      vertex 8.57059 4.34944 1.2
      vertex 8.4135 4.05553 0
      vertex 8.4135 4.05553 1.2
    endloop
  endfacet
  facet normal -0.634402 -0.773003 0
    outer loop
      vertex 7.94447 6.4135 0
      vertex 8.20208 6.20208 1.2
      vertex 7.94447 6.4135 1.2
    endloop
  endfacet
  facet normal -0.634402 -0.773003 -0
    outer loop
      vertex 8.20208 6.20208 1.2
      vertex 7.94447 6.4135 0
      vertex 8.20208 6.20208 0
    endloop
  endfacet
  facet normal -0.634402 0.773003 0
    outer loop
      vertex 8.20208 3.79792 0
      vertex 7.94447 3.5865 1.2
      vertex 8.20208 3.79792 1.2
    endloop
  endfacet
  facet normal -0.634402 0.773003 0
    outer loop
      vertex 7.94447 3.5865 1.2
      vertex 8.20208 3.79792 0
      vertex 7.94447 3.5865 0
    endloop
  endfacet
  facet normal 0.290284 -0.956941 0
    outer loop
      vertex 6.34944 6.57059 0
      vertex 6.66835 6.66733 1.2
      vertex 6.34944 6.57059 1.2
    endloop
  endfacet
  facet normal 0.290284 -0.956941 0
    outer loop
      vertex 6.66835 6.66733 1.2
      vertex 6.34944 6.57059 0
      vertex 6.66835 6.66733 0
    endloop
  endfacet
  facet normal -0.0980032 0.995186 0
    outer loop
      vertex 7.33165 3.33266 0
      vertex 7 3.3 1.2
      vertex 7.33165 3.33266 1.2
    endloop
  endfacet
  facet normal -0.0980032 0.995186 0
    outer loop
      vertex 7 3.3 1.2
      vertex 7.33165 3.33266 0
      vertex 7 3.3 0
    endloop
  endfacet
  facet normal 0.956941 0.290284 0
    outer loop
      vertex 5.4294 4.34944 1.2
      vertex 5.33266 4.66835 0
      vertex 5.33266 4.66835 1.2
    endloop
  endfacet
  facet normal 0.956941 0.290284 0
    outer loop
      vertex 5.33266 4.66835 0
      vertex 5.4294 4.34944 1.2
      vertex 5.4294 4.34944 0
    endloop
  endfacet
  facet normal 0.773003 -0.634402 0
    outer loop
      vertex 5.5865 5.94447 1.2
      vertex 5.79792 6.20208 0
      vertex 5.79792 6.20208 1.2
    endloop
  endfacet
  facet normal 0.773003 -0.634402 0
    outer loop
      vertex 5.79792 6.20208 0
      vertex 5.5865 5.94447 1.2
      vertex 5.5865 5.94447 0
    endloop
  endfacet
  facet normal 0.773003 0.634402 0
    outer loop
      vertex 5.79792 3.79792 1.2
      vertex 5.5865 4.05553 0
      vertex 5.5865 4.05553 1.2
    endloop
  endfacet
  facet normal 0.773003 0.634402 0
    outer loop
      vertex 5.5865 4.05553 0
      vertex 5.79792 3.79792 1.2
      vertex 5.79792 3.79792 0
    endloop
  endfacet
  facet normal 0.634402 0.773003 -0
    outer loop
      vertex 6.05553 3.5865 0
      vertex 5.79792 3.79792 1.2
      vertex 6.05553 3.5865 1.2
    endloop
  endfacet
  facet normal 0.634402 0.773003 0
    outer loop
      vertex 5.79792 3.79792 1.2
      vertex 6.05553 3.5865 0
      vertex 5.79792 3.79792 0
    endloop
  endfacet
  facet normal 0.471401 0.881919 -0
    outer loop
      vertex 6.34944 3.4294 0
      vertex 6.05553 3.5865 1.2
      vertex 6.34944 3.4294 1.2
    endloop
  endfacet
  facet normal 0.471401 0.881919 0
    outer loop
      vertex 6.05553 3.5865 1.2
      vertex 6.34944 3.4294 0
      vertex 6.05553 3.5865 0
    endloop
  endfacet
  facet normal 0.881919 -0.471401 0
    outer loop
      vertex 5.4294 5.65056 1.2
      vertex 5.5865 5.94447 0
      vertex 5.5865 5.94447 1.2
    endloop
  endfacet
  facet normal 0.881919 -0.471401 0
    outer loop
      vertex 5.5865 5.94447 0
      vertex 5.4294 5.65056 1.2
      vertex 5.4294 5.65056 0
    endloop
  endfacet
  facet normal -0.290278 0.956942 0
    outer loop
      vertex 8.24372 1.99739 1.2
      vertex 7.63404 1.81245 3
      vertex 8.24372 1.99739 3
    endloop
  endfacet
  facet normal -0.290278 0.956942 0
    outer loop
      vertex 7.63404 1.81245 3
      vertex 8.24372 1.99739 1.2
      vertex 7.63404 1.81245 1.2
    endloop
  endfacet
  facet normal -0.956916 -0.290365 0
    outer loop
      vertex 10.1876 5.63404 1.2
      vertex 10.0026 6.24372 3
      vertex 10.0026 6.24372 1.2
    endloop
  endfacet
  facet normal -0.956916 -0.290365 0
    outer loop
      vertex 10.0026 6.24372 3
      vertex 10.1876 5.63404 1.2
      vertex 10.1876 5.63404 3
    endloop
  endfacet
  facet normal -0.995192 -0.0979433 0
    outer loop
      vertex 10.25 5 1.2
      vertex 10.1876 5.63404 3
      vertex 10.1876 5.63404 1.2
    endloop
  endfacet
  facet normal -0.995192 -0.0979433 0
    outer loop
      vertex 10.1876 5.63404 3
      vertex 10.25 5 1.2
      vertex 10.25 5 3
    endloop
  endfacet
  facet normal -0.881929 -0.471383 0
    outer loop
      vertex 10.0026 6.24372 1.2
      vertex 9.70228 6.8056 3
      vertex 9.70228 6.8056 1.2
    endloop
  endfacet
  facet normal -0.881929 -0.471383 0
    outer loop
      vertex 9.70228 6.8056 3
      vertex 10.0026 6.24372 1.2
      vertex 10.0026 6.24372 3
    endloop
  endfacet
  facet normal 0 0 1
    outer loop
      vertex 8.7 5 1.2
      vertex 10.25 5 1.2
      vertex 10.1876 5.63404 1.2
    endloop
  endfacet
  facet normal 0 0 1
    outer loop
      vertex 8.66733 5.33165 1.2
      vertex 10.1876 5.63404 1.2
      vertex 10.0026 6.24372 1.2
    endloop
  endfacet
  facet normal 0 0 1
    outer loop
      vertex 10.25 5 1.2
      vertex 8.7 5 1.2
      vertex 10.1876 4.36596 1.2
    endloop
  endfacet
  facet normal 0 0 1
    outer loop
      vertex 8.57059 5.65056 1.2
      vertex 10.0026 6.24372 1.2
      vertex 9.70228 6.8056 1.2
    endloop
  endfacet
  facet normal -0 0 1
    outer loop
      vertex 8.66733 4.66835 1.2
      vertex 10.1876 4.36596 1.2
      vertex 8.7 5 1.2
    endloop
  endfacet
  facet normal 0 0 1
    outer loop
      vertex 8.4135 5.94447 1.2
      vertex 9.70228 6.8056 1.2
      vertex 9.2981 7.2981 1.2
    endloop
  endfacet
  facet normal 0 0 1
    outer loop
      vertex 10.1876 4.36596 1.2
      vertex 8.66733 4.66835 1.2
      vertex 10.0026 3.75628 1.2
    endloop
  endfacet
  facet normal 0 0 1
    outer loop
      vertex 8.20208 6.20208 1.2
      vertex 9.2981 7.2981 1.2
      vertex 8.8056 7.70228 1.2
    endloop
  endfacet
  facet normal -0 0 1
    outer loop
      vertex 8.57059 4.34944 1.2
      vertex 10.0026 3.75628 1.2
      vertex 8.66733 4.66835 1.2
    endloop
  endfacet
  facet normal 0 0 1
    outer loop
      vertex 10.0026 3.75628 1.2
      vertex 8.57059 4.34944 1.2
      vertex 9.70228 3.1944 1.2
    endloop
  endfacet
  facet normal 0 0 1
    outer loop
      vertex 10.1876 5.63404 1.2
      vertex 8.66733 5.33165 1.2
      vertex 8.7 5 1.2
    endloop
  endfacet
  facet normal 0 0 1
    outer loop
      vertex 10.0026 6.24372 1.2
      vertex 8.57059 5.65056 1.2
      vertex 8.66733 5.33165 1.2
    endloop
  endfacet
  facet normal 0 0 1
    outer loop
      vertex 9.70228 6.8056 1.2
      vertex 8.4135 5.94447 1.2
      vertex 8.57059 5.65056 1.2
    endloop
  endfacet
  facet normal 0 0 1
    outer loop
      vertex 7.94447 6.4135 1.2
      vertex 8.8056 7.70228 1.2
      vertex 8.24372 8.00261 1.2
    endloop
  endfacet
  facet normal 0 0 1
    outer loop
      vertex 9.2981 7.2981 1.2
      vertex 8.20208 6.20208 1.2
      vertex 8.4135 5.94447 1.2
    endloop
  endfacet
  facet normal 0 0 1
    outer loop
      vertex 8.8056 7.70228 1.2
      vertex 7.94447 6.4135 1.2
      vertex 8.20208 6.20208 1.2
    endloop
  endfacet
  facet normal 0 0 1
    outer loop
      vertex 8.24372 8.00261 1.2
      vertex 7.65056 6.57059 1.2
      vertex 7.94447 6.4135 1.2
    endloop
  endfacet
  facet normal 0 0 1
    outer loop
      vertex 7.63404 8.18755 1.2
      vertex 7.65056 6.57059 1.2
      vertex 8.24372 8.00261 1.2
    endloop
  endfacet
  facet normal 0 0 1
    outer loop
      vertex 7.63404 8.18755 1.2
      vertex 7.33165 6.66733 1.2
      vertex 7.65056 6.57059 1.2
    endloop
  endfacet
  facet normal 0 0 1
    outer loop
      vertex 7 8.25 1.2
      vertex 7.33165 6.66733 1.2
      vertex 7.63404 8.18755 1.2
    endloop
  endfacet
  facet normal 0 0 1
    outer loop
      vertex 7 8.25 1.2
      vertex 7 6.7 1.2
      vertex 7.33165 6.66733 1.2
    endloop
  endfacet
  facet normal 0 0 1
    outer loop
      vertex 7 8.25 1.2
      vertex 6.66835 6.66733 1.2
      vertex 7 6.7 1.2
    endloop
  endfacet
  facet normal -0 0 1
    outer loop
      vertex 6.36596 8.18755 1.2
      vertex 6.66835 6.66733 1.2
      vertex 7 8.25 1.2
    endloop
  endfacet
  facet normal 0 0 1
    outer loop
      vertex 6.36596 8.18755 1.2
      vertex 6.34944 6.57059 1.2
      vertex 6.66835 6.66733 1.2
    endloop
  endfacet
  facet normal -0 0 1
    outer loop
      vertex 5.75628 8.00261 1.2
      vertex 6.34944 6.57059 1.2
      vertex 6.36596 8.18755 1.2
    endloop
  endfacet
  facet normal 0 0 1
    outer loop
      vertex 6.34944 6.57059 1.2
      vertex 5.75628 8.00261 1.2
      vertex 6.05553 6.4135 1.2
    endloop
  endfacet
  facet normal -0 0 1
    outer loop
      vertex 5.1944 7.70228 1.2
      vertex 6.05553 6.4135 1.2
      vertex 5.75628 8.00261 1.2
    endloop
  endfacet
  facet normal 0 0 1
    outer loop
      vertex 6.05553 6.4135 1.2
      vertex 5.1944 7.70228 1.2
      vertex 5.79792 6.20208 1.2
    endloop
  endfacet
  facet normal -0 0 1
    outer loop
      vertex 4.7019 7.2981 1.2
      vertex 5.79792 6.20208 1.2
      vertex 5.1944 7.70228 1.2
    endloop
  endfacet
  facet normal 0 0 1
    outer loop
      vertex 5.79792 6.20208 1.2
      vertex 4.7019 7.2981 1.2
      vertex 5.5865 5.94447 1.2
    endloop
  endfacet
  facet normal 0 0 1
    outer loop
      vertex 5.5865 5.94447 1.2
      vertex 4.29772 6.8056 1.2
      vertex 5.4294 5.65056 1.2
    endloop
  endfacet
  facet normal -0 0 1
    outer loop
      vertex 4.29772 6.8056 1.2
      vertex 5.5865 5.94447 1.2
      vertex 4.7019 7.2981 1.2
    endloop
  endfacet
  facet normal -0 0 1
    outer loop
      vertex 8.4135 4.05553 1.2
      vertex 9.70228 3.1944 1.2
      vertex 8.57059 4.34944 1.2
    endloop
  endfacet
  facet normal 0 0 1
    outer loop
      vertex 9.70228 3.1944 1.2
      vertex 8.4135 4.05553 1.2
      vertex 9.2981 2.7019 1.2
    endloop
  endfacet
  facet normal -0 0 1
    outer loop
      vertex 8.20208 3.79792 1.2
      vertex 9.2981 2.7019 1.2
      vertex 8.4135 4.05553 1.2
    endloop
  endfacet
  facet normal 0 0 1
    outer loop
      vertex 9.2981 2.7019 1.2
      vertex 8.20208 3.79792 1.2
      vertex 8.8056 2.29772 1.2
    endloop
  endfacet
  facet normal -0 0 1
    outer loop
      vertex 7.94447 3.5865 1.2
      vertex 8.8056 2.29772 1.2
      vertex 8.20208 3.79792 1.2
    endloop
  endfacet
  facet normal 0 0 1
    outer loop
      vertex 8.8056 2.29772 1.2
      vertex 7.94447 3.5865 1.2
      vertex 8.24372 1.99739 1.2
    endloop
  endfacet
  facet normal -0 0 1
    outer loop
      vertex 7.65056 3.4294 1.2
      vertex 8.24372 1.99739 1.2
      vertex 7.94447 3.5865 1.2
    endloop
  endfacet
  facet normal 0 0 1
    outer loop
      vertex 7.65056 3.4294 1.2
      vertex 7.63404 1.81245 1.2
      vertex 8.24372 1.99739 1.2
    endloop
  endfacet
  facet normal -0 0 1
    outer loop
      vertex 7.33165 3.33266 1.2
      vertex 7.63404 1.81245 1.2
      vertex 7.65056 3.4294 1.2
    endloop
  endfacet
  facet normal -0 0 1
    outer loop
      vertex 7 3.3 1.2
      vertex 7.63404 1.81245 1.2
      vertex 7.33165 3.33266 1.2
    endloop
  endfacet
  facet normal 0 0 1
    outer loop
      vertex 7 3.3 1.2
      vertex 7 1.75 1.2
      vertex 7.63404 1.81245 1.2
    endloop
  endfacet
  facet normal 0 0 1
    outer loop
      vertex 6.66835 3.33266 1.2
      vertex 7 1.75 1.2
      vertex 7 3.3 1.2
    endloop
  endfacet
  facet normal 0 0 1
    outer loop
      vertex 6.66835 3.33266 1.2
      vertex 6.36596 1.81245 1.2
      vertex 7 1.75 1.2
    endloop
  endfacet
  facet normal 0 0 1
    outer loop
      vertex 6.34944 3.4294 1.2
      vertex 6.36596 1.81245 1.2
      vertex 6.66835 3.33266 1.2
    endloop
  endfacet
  facet normal 0 0 1
    outer loop
      vertex 5.75628 1.99739 1.2
      vertex 6.34944 3.4294 1.2
      vertex 6.05553 3.5865 1.2
    endloop
  endfacet
  facet normal 0 0 1
    outer loop
      vertex 5.1944 2.29772 1.2
      vertex 6.05553 3.5865 1.2
      vertex 5.79792 3.79792 1.2
    endloop
  endfacet
  facet normal 0 0 1
    outer loop
      vertex 6.34944 3.4294 1.2
      vertex 5.75628 1.99739 1.2
      vertex 6.36596 1.81245 1.2
    endloop
  endfacet
  facet normal 0 0 1
    outer loop
      vertex 4.7019 2.7019 1.2
      vertex 5.79792 3.79792 1.2
      vertex 5.5865 4.05553 1.2
    endloop
  endfacet
  facet normal 0 0 1
    outer loop
      vertex 4.29772 3.1944 1.2
      vertex 5.5865 4.05553 1.2
      vertex 5.4294 4.34944 1.2
    endloop
  endfacet
  facet normal 0 0 1
    outer loop
      vertex 3.99739 3.75628 1.2
      vertex 5.4294 4.34944 1.2
      vertex 5.33266 4.66835 1.2
    endloop
  endfacet
  facet normal 0 0 1
    outer loop
      vertex 6.05553 3.5865 1.2
      vertex 5.1944 2.29772 1.2
      vertex 5.75628 1.99739 1.2
    endloop
  endfacet
  facet normal 0 0 1
    outer loop
      vertex 3.81245 4.36596 1.2
      vertex 5.33266 4.66835 1.2
      vertex 5.3 5 1.2
    endloop
  endfacet
  facet normal -0 0 1
    outer loop
      vertex 3.99739 6.24372 1.2
      vertex 5.4294 5.65056 1.2
      vertex 4.29772 6.8056 1.2
    endloop
  endfacet
  facet normal 0 0 1
    outer loop
      vertex 5.4294 5.65056 1.2
      vertex 3.99739 6.24372 1.2
      vertex 5.33266 5.33165 1.2
    endloop
  endfacet
  facet normal 0 0 1
    outer loop
      vertex 5.79792 3.79792 1.2
      vertex 4.7019 2.7019 1.2
      vertex 5.1944 2.29772 1.2
    endloop
  endfacet
  facet normal -0 0 1
    outer loop
      vertex 3.81245 5.63404 1.2
      vertex 5.33266 5.33165 1.2
      vertex 3.99739 6.24372 1.2
    endloop
  endfacet
  facet normal 0 0 1
    outer loop
      vertex 5.5865 4.05553 1.2
      vertex 4.29772 3.1944 1.2
      vertex 4.7019 2.7019 1.2
    endloop
  endfacet
  facet normal 0 0 1
    outer loop
      vertex 5.33266 5.33165 1.2
      vertex 3.81245 5.63404 1.2
      vertex 5.3 5 1.2
    endloop
  endfacet
  facet normal 0 0 1
    outer loop
      vertex 5.4294 4.34944 1.2
      vertex 3.99739 3.75628 1.2
      vertex 4.29772 3.1944 1.2
    endloop
  endfacet
  facet normal 0 0 1
    outer loop
      vertex 3.75 5 1.2
      vertex 5.3 5 1.2
      vertex 3.81245 5.63404 1.2
    endloop
  endfacet
  facet normal 0 0 1
    outer loop
      vertex 5.33266 4.66835 1.2
      vertex 3.81245 4.36596 1.2
      vertex 3.99739 3.75628 1.2
    endloop
  endfacet
  facet normal 0 0 1
    outer loop
      vertex 5.3 5 1.2
      vertex 3.75 5 1.2
      vertex 3.81245 4.36596 1.2
    endloop
  endfacet
  facet normal 0.881922 0.471395 0
    outer loop
      vertex 4.29772 3.1944 3
      vertex 3.99739 3.75628 1.2
      vertex 3.99739 3.75628 3
    endloop
  endfacet
  facet normal 0.881922 0.471395 0
    outer loop
      vertex 3.99739 3.75628 1.2
      vertex 4.29772 3.1944 3
      vertex 4.29772 3.1944 1.2
    endloop
  endfacet
  facet normal -0.290278 -0.956942 0
    outer loop
      vertex 7.63404 8.18755 1.2
      vertex 8.24372 8.00261 3
      vertex 7.63404 8.18755 3
    endloop
  endfacet
  facet normal -0.290278 -0.956942 -0
    outer loop
      vertex 8.24372 8.00261 3
      vertex 7.63404 8.18755 1.2
      vertex 8.24372 8.00261 1.2
    endloop
  endfacet
  facet normal 0.098021 -0.995184 0
    outer loop
      vertex 6.36596 8.18755 1.2
      vertex 7 8.25 3
      vertex 6.36596 8.18755 3
    endloop
  endfacet
  facet normal 0.098021 -0.995184 0
    outer loop
      vertex 7 8.25 3
      vertex 6.36596 8.18755 1.2
      vertex 7 8.25 1.2
    endloop
  endfacet
  facet normal 0.471395 0.881922 -0
    outer loop
      vertex 5.75628 1.99739 1.2
      vertex 5.1944 2.29772 3
      vertex 5.75628 1.99739 3
    endloop
  endfacet
  facet normal 0.471395 0.881922 0
    outer loop
      vertex 5.1944 2.29772 3
      vertex 5.75628 1.99739 1.2
      vertex 5.1944 2.29772 1.2
    endloop
  endfacet
  facet normal 0.471395 -0.881922 0
    outer loop
      vertex 5.1944 7.70228 1.2
      vertex 5.75628 8.00261 3
      vertex 5.1944 7.70228 3
    endloop
  endfacet
  facet normal 0.471395 -0.881922 0
    outer loop
      vertex 5.75628 8.00261 3
      vertex 5.1944 7.70228 1.2
      vertex 5.75628 8.00261 1.2
    endloop
  endfacet
  facet normal -0.471395 0.881922 0
    outer loop
      vertex 8.8056 2.29772 1.2
      vertex 8.24372 1.99739 3
      vertex 8.8056 2.29772 3
    endloop
  endfacet
  facet normal -0.471395 0.881922 0
    outer loop
      vertex 8.24372 1.99739 3
      vertex 8.8056 2.29772 1.2
      vertex 8.24372 1.99739 1.2
    endloop
  endfacet
  facet normal 0.773014 -0.634389 0
    outer loop
      vertex 4.29772 6.8056 3
      vertex 4.7019 7.2981 1.2
      vertex 4.7019 7.2981 3
    endloop
  endfacet
  facet normal 0.773014 -0.634389 0
    outer loop
      vertex 4.7019 7.2981 1.2
      vertex 4.29772 6.8056 3
      vertex 4.29772 6.8056 1.2
    endloop
  endfacet
  facet normal -0.773014 -0.634389 0
    outer loop
      vertex 9.70228 6.8056 1.2
      vertex 9.2981 7.2981 3
      vertex 9.2981 7.2981 1.2
    endloop
  endfacet
  facet normal -0.773014 -0.634389 0
    outer loop
      vertex 9.2981 7.2981 3
      vertex 9.70228 6.8056 1.2
      vertex 9.70228 6.8056 3
    endloop
  endfacet
  facet normal -0.773014 0.634389 0
    outer loop
      vertex 9.2981 2.7019 1.2
      vertex 9.70228 3.1944 3
      vertex 9.70228 3.1944 1.2
    endloop
  endfacet
  facet normal -0.773014 0.634389 0
    outer loop
      vertex 9.70228 3.1944 3
      vertex 9.2981 2.7019 1.2
      vertex 9.2981 2.7019 3
    endloop
  endfacet
  facet normal 0.290278 -0.956942 0
    outer loop
      vertex 5.75628 8.00261 1.2
      vertex 6.36596 8.18755 3
      vertex 5.75628 8.00261 3
    endloop
  endfacet
  facet normal 0.290278 -0.956942 0
    outer loop
      vertex 6.36596 8.18755 3
      vertex 5.75628 8.00261 1.2
      vertex 6.36596 8.18755 1.2
    endloop
  endfacet
  facet normal -0.634389 0.773014 0
    outer loop
      vertex 9.2981 2.7019 1.2
      vertex 8.8056 2.29772 3
      vertex 9.2981 2.7019 3
    endloop
  endfacet
  facet normal -0.634389 0.773014 0
    outer loop
      vertex 8.8056 2.29772 3
      vertex 9.2981 2.7019 1.2
      vertex 8.8056 2.29772 1.2
    endloop
  endfacet
  facet normal -0.995192 0.0979433 0
    outer loop
      vertex 10.1876 4.36596 1.2
      vertex 10.25 5 3
      vertex 10.25 5 1.2
    endloop
  endfacet
  facet normal -0.995192 0.0979433 0
    outer loop
      vertex 10.25 5 3
      vertex 10.1876 4.36596 1.2
      vertex 10.1876 4.36596 3
    endloop
  endfacet
  facet normal 0.290278 0.956942 -0
    outer loop
      vertex 6.36596 1.81245 1.2
      vertex 5.75628 1.99739 3
      vertex 6.36596 1.81245 3
    endloop
  endfacet
  facet normal 0.290278 0.956942 0
    outer loop
      vertex 5.75628 1.99739 3
      vertex 6.36596 1.81245 1.2
      vertex 5.75628 1.99739 1.2
    endloop
  endfacet
  facet normal -0.956916 0.290365 0
    outer loop
      vertex 10.0026 3.75628 1.2
      vertex 10.1876 4.36596 3
      vertex 10.1876 4.36596 1.2
    endloop
  endfacet
  facet normal -0.956916 0.290365 0
    outer loop
      vertex 10.1876 4.36596 3
      vertex 10.0026 3.75628 1.2
      vertex 10.0026 3.75628 3
    endloop
  endfacet
  facet normal 0.956942 0.290278 0
    outer loop
      vertex 3.99739 3.75628 3
      vertex 3.81245 4.36596 1.2
      vertex 3.81245 4.36596 3
    endloop
  endfacet
  facet normal 0.956942 0.290278 0
    outer loop
      vertex 3.81245 4.36596 1.2
      vertex 3.99739 3.75628 3
      vertex 3.99739 3.75628 1.2
    endloop
  endfacet
  facet normal -0.881929 0.471383 0
    outer loop
      vertex 9.70228 3.1944 1.2
      vertex 10.0026 3.75628 3
      vertex 10.0026 3.75628 1.2
    endloop
  endfacet
  facet normal -0.881929 0.471383 0
    outer loop
      vertex 10.0026 3.75628 3
      vertex 9.70228 3.1944 1.2
      vertex 9.70228 3.1944 3
    endloop
  endfacet
  facet normal 0.995184 -0.098021 0
    outer loop
      vertex 3.75 5 3
      vertex 3.81245 5.63404 1.2
      vertex 3.81245 5.63404 3
    endloop
  endfacet
  facet normal 0.995184 -0.098021 0
    outer loop
      vertex 3.81245 5.63404 1.2
      vertex 3.75 5 3
      vertex 3.75 5 1.2
    endloop
  endfacet
  facet normal -0.098021 -0.995184 0
    outer loop
      vertex 7 8.25 1.2
      vertex 7.63404 8.18755 3
      vertex 7 8.25 3
    endloop
  endfacet
  facet normal -0.098021 -0.995184 -0
    outer loop
      vertex 7.63404 8.18755 3
      vertex 7 8.25 1.2
      vertex 7.63404 8.18755 1.2
    endloop
  endfacet
  facet normal 0.634389 -0.773014 0
    outer loop
      vertex 4.7019 7.2981 1.2
      vertex 5.1944 7.70228 3
      vertex 4.7019 7.2981 3
    endloop
  endfacet
  facet normal 0.634389 -0.773014 0
    outer loop
      vertex 5.1944 7.70228 3
      vertex 4.7019 7.2981 1.2
      vertex 5.1944 7.70228 1.2
    endloop
  endfacet
  facet normal -0.634389 -0.773014 0
    outer loop
      vertex 8.8056 7.70228 1.2
      vertex 9.2981 7.2981 3
      vertex 8.8056 7.70228 3
    endloop
  endfacet
  facet normal -0.634389 -0.773014 -0
    outer loop
      vertex 9.2981 7.2981 3
      vertex 8.8056 7.70228 1.2
      vertex 9.2981 7.2981 1.2
    endloop
  endfacet
  facet normal -0.098021 0.995184 0
    outer loop
      vertex 7.63404 1.81245 1.2
      vertex 7 1.75 3
      vertex 7.63404 1.81245 3
    endloop
  endfacet
  facet normal -0.098021 0.995184 0
    outer loop
      vertex 7 1.75 3
      vertex 7.63404 1.81245 1.2
      vertex 7 1.75 1.2
    endloop
  endfacet
  facet normal -0.471395 -0.881922 0
    outer loop
      vertex 8.24372 8.00261 1.2
      vertex 8.8056 7.70228 3
      vertex 8.24372 8.00261 3
    endloop
  endfacet
  facet normal -0.471395 -0.881922 -0
    outer loop
      vertex 8.8056 7.70228 3
      vertex 8.24372 8.00261 1.2
      vertex 8.8056 7.70228 1.2
    endloop
  endfacet
  facet normal 0.773014 0.634389 0
    outer loop
      vertex 4.7019 2.7019 3
      vertex 4.29772 3.1944 1.2
      vertex 4.29772 3.1944 3
    endloop
  endfacet
  facet normal 0.773014 0.634389 0
    outer loop
      vertex 4.29772 3.1944 1.2
      vertex 4.7019 2.7019 3
      vertex 4.7019 2.7019 1.2
    endloop
  endfacet
  facet normal 0.098021 0.995184 -0
    outer loop
      vertex 7 1.75 1.2
      vertex 6.36596 1.81245 3
      vertex 7 1.75 3
    endloop
  endfacet
  facet normal 0.098021 0.995184 0
    outer loop
      vertex 6.36596 1.81245 3
      vertex 7 1.75 1.2
      vertex 6.36596 1.81245 1.2
    endloop
  endfacet
  facet normal 0.634389 0.773014 -0
    outer loop
      vertex 5.1944 2.29772 1.2
      vertex 4.7019 2.7019 3
      vertex 5.1944 2.29772 3
    endloop
  endfacet
  facet normal 0.634389 0.773014 0
    outer loop
      vertex 4.7019 2.7019 3
      vertex 5.1944 2.29772 1.2
      vertex 4.7019 2.7019 1.2
    endloop
  endfacet
  facet normal 0.956942 -0.290278 0
    outer loop
      vertex 3.81245 5.63404 3
      vertex 3.99739 6.24372 1.2
      vertex 3.99739 6.24372 3
    endloop
  endfacet
  facet normal 0.956942 -0.290278 0
    outer loop
      vertex 3.99739 6.24372 1.2
      vertex 3.81245 5.63404 3
      vertex 3.81245 5.63404 1.2
    endloop
  endfacet
  facet normal 0.881922 -0.471395 0
    outer loop
      vertex 3.99739 6.24372 3
      vertex 4.29772 6.8056 1.2
      vertex 4.29772 6.8056 3
    endloop
  endfacet
  facet normal 0.881922 -0.471395 0
    outer loop
      vertex 4.29772 6.8056 1.2
      vertex 3.99739 6.24372 3
      vertex 3.99739 6.24372 1.2
    endloop
  endfacet
  facet normal 0.995184 0.098021 0
    outer loop
      vertex 3.81245 4.36596 3
      vertex 3.75 5 1.2
      vertex 3.75 5 3
    endloop
  endfacet
  facet normal 0.995184 0.098021 0
    outer loop
      vertex 3.75 5 1.2
      vertex 3.81245 4.36596 3
      vertex 3.81245 4.36596 1.2
    endloop
  endfacet
  facet normal 0.0981221 0.995174 -0
    outer loop
      vertex 7 43.3 0
      vertex 6.66835 43.3327 1.2
      vertex 7 43.3 1.2
    endloop
  endfacet
  facet normal 0.0981221 0.995174 0
    outer loop
      vertex 6.66835 43.3327 1.2
      vertex 7 43.3 0
      vertex 6.66835 43.3327 0
    endloop
  endfacet
  facet normal -0.772991 0.634417 0
    outer loop
      vertex 8.20208 43.7979 0
      vertex 8.4135 44.0555 1.2
      vertex 8.4135 44.0555 0
    endloop
  endfacet
  facet normal -0.772991 0.634417 0
    outer loop
      vertex 8.4135 44.0555 1.2
      vertex 8.20208 43.7979 0
      vertex 8.20208 43.7979 1.2
    endloop
  endfacet
  facet normal -0.956938 -0.290292 0
    outer loop
      vertex 8.66733 45.3317 0
      vertex 8.57059 45.6506 1.2
      vertex 8.57059 45.6506 0
    endloop
  endfacet
  facet normal -0.956938 -0.290292 0
    outer loop
      vertex 8.57059 45.6506 1.2
      vertex 8.66733 45.3317 0
      vertex 8.66733 45.3317 1.2
    endloop
  endfacet
  facet normal -0.995185 -0.0980183 0
    outer loop
      vertex 8.7 45 0
      vertex 8.66733 45.3317 1.2
      vertex 8.66733 45.3317 0
    endloop
  endfacet
  facet normal -0.995185 -0.0980183 0
    outer loop
      vertex 8.66733 45.3317 1.2
      vertex 8.7 45 0
      vertex 8.7 45 1.2
    endloop
  endfacet
  facet normal -0.881925 -0.47139 0
    outer loop
      vertex 8.57059 45.6506 0
      vertex 8.4135 45.9445 1.2
      vertex 8.4135 45.9445 0
    endloop
  endfacet
  facet normal -0.881925 -0.47139 0
    outer loop
      vertex 8.4135 45.9445 1.2
      vertex 8.57059 45.6506 0
      vertex 8.57059 45.6506 1.2
    endloop
  endfacet
  facet normal 0.881912 0.471413 0
    outer loop
      vertex 5.5865 44.0555 1.2
      vertex 5.4294 44.3494 0
      vertex 5.4294 44.3494 1.2
    endloop
  endfacet
  facet normal 0.881912 0.471413 0
    outer loop
      vertex 5.4294 44.3494 0
      vertex 5.5865 44.0555 1.2
      vertex 5.5865 44.0555 0
    endloop
  endfacet
  facet normal -0.995185 0.0980183 0
    outer loop
      vertex 8.66733 44.6683 0
      vertex 8.7 45 1.2
      vertex 8.7 45 0
    endloop
  endfacet
  facet normal -0.995185 0.0980183 0
    outer loop
      vertex 8.7 45 1.2
      vertex 8.66733 44.6683 0
      vertex 8.66733 44.6683 1.2
    endloop
  endfacet
  facet normal -0.290174 0.956974 0
    outer loop
      vertex 7.65056 43.4294 0
      vertex 7.33165 43.3327 1.2
      vertex 7.65056 43.4294 1.2
    endloop
  endfacet
  facet normal -0.290174 0.956974 0
    outer loop
      vertex 7.33165 43.3327 1.2
      vertex 7.65056 43.4294 0
      vertex 7.33165 43.3327 0
    endloop
  endfacet
  facet normal 0.995188 0.0979886 0
    outer loop
      vertex 5.33266 44.6683 1.2
      vertex 5.3 45 0
      vertex 5.3 45 1.2
    endloop
  endfacet
  facet normal 0.995188 0.0979886 0
    outer loop
      vertex 5.3 45 0
      vertex 5.33266 44.6683 1.2
      vertex 5.33266 44.6683 0
    endloop
  endfacet
  facet normal -0.0981221 -0.995174 0
    outer loop
      vertex 7 46.7 0
      vertex 7.33165 46.6673 1.2
      vertex 7 46.7 1.2
    endloop
  endfacet
  facet normal -0.0981221 -0.995174 -0
    outer loop
      vertex 7.33165 46.6673 1.2
      vertex 7 46.7 0
      vertex 7.33165 46.6673 0
    endloop
  endfacet
  facet normal -0.956938 0.290292 0
    outer loop
      vertex 8.57059 44.3494 0
      vertex 8.66733 44.6683 1.2
      vertex 8.66733 44.6683 0
    endloop
  endfacet
  facet normal -0.956938 0.290292 0
    outer loop
      vertex 8.66733 44.6683 1.2
      vertex 8.57059 44.3494 0
      vertex 8.57059 44.3494 1.2
    endloop
  endfacet
  facet normal 0.290174 0.956974 -0
    outer loop
      vertex 6.66835 43.3327 0
      vertex 6.34944 43.4294 1.2
      vertex 6.66835 43.3327 1.2
    endloop
  endfacet
  facet normal 0.290174 0.956974 0
    outer loop
      vertex 6.34944 43.4294 1.2
      vertex 6.66835 43.3327 0
      vertex 6.34944 43.4294 0
    endloop
  endfacet
  facet normal 0.995188 -0.0979886 0
    outer loop
      vertex 5.3 45 1.2
      vertex 5.33266 45.3317 0
      vertex 5.33266 45.3317 1.2
    endloop
  endfacet
  facet normal 0.995188 -0.0979886 0
    outer loop
      vertex 5.33266 45.3317 0
      vertex 5.3 45 1.2
      vertex 5.3 45 0
    endloop
  endfacet
  facet normal -0.290174 -0.956974 0
    outer loop
      vertex 7.33165 46.6673 0
      vertex 7.65056 46.5706 1.2
      vertex 7.33165 46.6673 1.2
    endloop
  endfacet
  facet normal -0.290174 -0.956974 -0
    outer loop
      vertex 7.65056 46.5706 1.2
      vertex 7.33165 46.6673 0
      vertex 7.65056 46.5706 0
    endloop
  endfacet
  facet normal 0.0981221 -0.995174 0
    outer loop
      vertex 6.66835 46.6673 0
      vertex 7 46.7 1.2
      vertex 6.66835 46.6673 1.2
    endloop
  endfacet
  facet normal 0.0981221 -0.995174 0
    outer loop
      vertex 7 46.7 1.2
      vertex 6.66835 46.6673 0
      vertex 7 46.7 0
    endloop
  endfacet
  facet normal 0.956938 -0.290292 0
    outer loop
      vertex 5.33266 45.3317 1.2
      vertex 5.4294 45.6506 0
      vertex 5.4294 45.6506 1.2
    endloop
  endfacet
  facet normal 0.956938 -0.290292 0
    outer loop
      vertex 5.4294 45.6506 0
      vertex 5.33266 45.3317 1.2
      vertex 5.33266 45.3317 0
    endloop
  endfacet
  facet normal 0.634366 -0.773033 0
    outer loop
      vertex 5.79792 46.2021 0
      vertex 6.05553 46.4135 1.2
      vertex 5.79792 46.2021 1.2
    endloop
  endfacet
  facet normal 0.634366 -0.773033 0
    outer loop
      vertex 6.05553 46.4135 1.2
      vertex 5.79792 46.2021 0
      vertex 6.05553 46.4135 0
    endloop
  endfacet
  facet normal -0.772991 -0.634417 0
    outer loop
      vertex 8.4135 45.9445 0
      vertex 8.20208 46.2021 1.2
      vertex 8.20208 46.2021 0
    endloop
  endfacet
  facet normal -0.772991 -0.634417 0
    outer loop
      vertex 8.20208 46.2021 1.2
      vertex 8.4135 45.9445 0
      vertex 8.4135 45.9445 1.2
    endloop
  endfacet
  facet normal 0.471401 -0.881919 0
    outer loop
      vertex 6.05553 46.4135 0
      vertex 6.34944 46.5706 1.2
      vertex 6.05553 46.4135 1.2
    endloop
  endfacet
  facet normal 0.471401 -0.881919 0
    outer loop
      vertex 6.34944 46.5706 1.2
      vertex 6.05553 46.4135 0
      vertex 6.34944 46.5706 0
    endloop
  endfacet
  facet normal -0.471401 0.881919 0
    outer loop
      vertex 7.94447 43.5865 0
      vertex 7.65056 43.4294 1.2
      vertex 7.94447 43.5865 1.2
    endloop
  endfacet
  facet normal -0.471401 0.881919 0
    outer loop
      vertex 7.65056 43.4294 1.2
      vertex 7.94447 43.5865 0
      vertex 7.65056 43.4294 0
    endloop
  endfacet
  facet normal -0.881925 0.47139 0
    outer loop
      vertex 8.4135 44.0555 0
      vertex 8.57059 44.3494 1.2
      vertex 8.57059 44.3494 0
    endloop
  endfacet
  facet normal -0.881925 0.47139 0
    outer loop
      vertex 8.57059 44.3494 1.2
      vertex 8.4135 44.0555 0
      vertex 8.4135 44.0555 1.2
    endloop
  endfacet
  facet normal -0.634366 -0.773033 0
    outer loop
      vertex 7.94447 46.4135 0
      vertex 8.20208 46.2021 1.2
      vertex 7.94447 46.4135 1.2
    endloop
  endfacet
  facet normal -0.634366 -0.773033 -0
    outer loop
      vertex 8.20208 46.2021 1.2
      vertex 7.94447 46.4135 0
      vertex 8.20208 46.2021 0
    endloop
  endfacet
  facet normal -0.634366 0.773033 0
    outer loop
      vertex 8.20208 43.7979 0
      vertex 7.94447 43.5865 1.2
      vertex 8.20208 43.7979 1.2
    endloop
  endfacet
  facet normal -0.634366 0.773033 0
    outer loop
      vertex 7.94447 43.5865 1.2
      vertex 8.20208 43.7979 0
      vertex 7.94447 43.5865 0
    endloop
  endfacet
  facet normal -0.471401 -0.881919 0
    outer loop
      vertex 7.65056 46.5706 0
      vertex 7.94447 46.4135 1.2
      vertex 7.65056 46.5706 1.2
    endloop
  endfacet
  facet normal -0.471401 -0.881919 -0
    outer loop
      vertex 7.94447 46.4135 1.2
      vertex 7.65056 46.5706 0
      vertex 7.94447 46.4135 0
    endloop
  endfacet
  facet normal 0.290174 -0.956974 0
    outer loop
      vertex 6.34944 46.5706 0
      vertex 6.66835 46.6673 1.2
      vertex 6.34944 46.5706 1.2
    endloop
  endfacet
  facet normal 0.290174 -0.956974 0
    outer loop
      vertex 6.66835 46.6673 1.2
      vertex 6.34944 46.5706 0
      vertex 6.66835 46.6673 0
    endloop
  endfacet
  facet normal -0.0981221 0.995174 0
    outer loop
      vertex 7.33165 43.3327 0
      vertex 7 43.3 1.2
      vertex 7.33165 43.3327 1.2
    endloop
  endfacet
  facet normal -0.0981221 0.995174 0
    outer loop
      vertex 7 43.3 1.2
      vertex 7.33165 43.3327 0
      vertex 7 43.3 0
    endloop
  endfacet
  facet normal 0.956938 0.290292 0
    outer loop
      vertex 5.4294 44.3494 1.2
      vertex 5.33266 44.6683 0
      vertex 5.33266 44.6683 1.2
    endloop
  endfacet
  facet normal 0.956938 0.290292 0
    outer loop
      vertex 5.33266 44.6683 0
      vertex 5.4294 44.3494 1.2
      vertex 5.4294 44.3494 0
    endloop
  endfacet
  facet normal 0.772991 -0.634417 0
    outer loop
      vertex 5.5865 45.9445 1.2
      vertex 5.79792 46.2021 0
      vertex 5.79792 46.2021 1.2
    endloop
  endfacet
  facet normal 0.772991 -0.634417 0
    outer loop
      vertex 5.79792 46.2021 0
      vertex 5.5865 45.9445 1.2
      vertex 5.5865 45.9445 0
    endloop
  endfacet
  facet normal 0.772991 0.634417 0
    outer loop
      vertex 5.79792 43.7979 1.2
      vertex 5.5865 44.0555 0
      vertex 5.5865 44.0555 1.2
    endloop
  endfacet
  facet normal 0.772991 0.634417 0
    outer loop
      vertex 5.5865 44.0555 0
      vertex 5.79792 43.7979 1.2
      vertex 5.79792 43.7979 0
    endloop
  endfacet
  facet normal 0.634366 0.773033 -0
    outer loop
      vertex 6.05553 43.5865 0
      vertex 5.79792 43.7979 1.2
      vertex 6.05553 43.5865 1.2
    endloop
  endfacet
  facet normal 0.634366 0.773033 0
    outer loop
      vertex 5.79792 43.7979 1.2
      vertex 6.05553 43.5865 0
      vertex 5.79792 43.7979 0
    endloop
  endfacet
  facet normal 0.471401 0.881919 -0
    outer loop
      vertex 6.34944 43.4294 0
      vertex 6.05553 43.5865 1.2
      vertex 6.34944 43.4294 1.2
    endloop
  endfacet
  facet normal 0.471401 0.881919 0
    outer loop
      vertex 6.05553 43.5865 1.2
      vertex 6.34944 43.4294 0
      vertex 6.05553 43.5865 0
    endloop
  endfacet
  facet normal 0.881912 -0.471413 0
    outer loop
      vertex 5.4294 45.6506 1.2
      vertex 5.5865 45.9445 0
      vertex 5.5865 45.9445 1.2
    endloop
  endfacet
  facet normal 0.881912 -0.471413 0
    outer loop
      vertex 5.5865 45.9445 0
      vertex 5.4294 45.6506 1.2
      vertex 5.4294 45.6506 0
    endloop
  endfacet
  facet normal -0.290365 0.956916 0
    outer loop
      vertex 8.24372 41.9974 1.2
      vertex 7.63404 41.8124 3
      vertex 8.24372 41.9974 3
    endloop
  endfacet
  facet normal -0.290365 0.956916 0
    outer loop
      vertex 7.63404 41.8124 3
      vertex 8.24372 41.9974 1.2
      vertex 7.63404 41.8124 1.2
    endloop
  endfacet
  facet normal -0.956919 -0.290356 0
    outer loop
      vertex 10.1876 45.634 1.2
      vertex 10.0026 46.2437 3
      vertex 10.0026 46.2437 1.2
    endloop
  endfacet
  facet normal -0.956919 -0.290356 0
    outer loop
      vertex 10.0026 46.2437 3
      vertex 10.1876 45.634 1.2
      vertex 10.1876 45.634 3
    endloop
  endfacet
  facet normal -0.995191 -0.0979494 0
    outer loop
      vertex 10.25 45 1.2
      vertex 10.1876 45.634 3
      vertex 10.1876 45.634 1.2
    endloop
  endfacet
  facet normal -0.995191 -0.0979494 0
    outer loop
      vertex 10.1876 45.634 3
      vertex 10.25 45 1.2
      vertex 10.25 45 3
    endloop
  endfacet
  facet normal -0.881935 -0.47137 0
    outer loop
      vertex 10.0026 46.2437 1.2
      vertex 9.70228 46.8056 3
      vertex 9.70228 46.8056 1.2
    endloop
  endfacet
  facet normal -0.881935 -0.47137 0
    outer loop
      vertex 9.70228 46.8056 3
      vertex 10.0026 46.2437 1.2
      vertex 10.0026 46.2437 3
    endloop
  endfacet
  facet normal 0 0 1
    outer loop
      vertex 8.7 45 1.2
      vertex 10.25 45 1.2
      vertex 10.1876 45.634 1.2
    endloop
  endfacet
  facet normal 0 0 1
    outer loop
      vertex 8.66733 45.3317 1.2
      vertex 10.1876 45.634 1.2
      vertex 10.0026 46.2437 1.2
    endloop
  endfacet
  facet normal 0 0 1
    outer loop
      vertex 10.25 45 1.2
      vertex 8.7 45 1.2
      vertex 10.1876 44.366 1.2
    endloop
  endfacet
  facet normal 0 0 1
    outer loop
      vertex 8.57059 45.6506 1.2
      vertex 10.0026 46.2437 1.2
      vertex 9.70228 46.8056 1.2
    endloop
  endfacet
  facet normal -0 0 1
    outer loop
      vertex 8.66733 44.6683 1.2
      vertex 10.1876 44.366 1.2
      vertex 8.7 45 1.2
    endloop
  endfacet
  facet normal 0 0 1
    outer loop
      vertex 8.4135 45.9445 1.2
      vertex 9.70228 46.8056 1.2
      vertex 9.2981 47.2981 1.2
    endloop
  endfacet
  facet normal 0 0 1
    outer loop
      vertex 10.1876 44.366 1.2
      vertex 8.66733 44.6683 1.2
      vertex 10.0026 43.7563 1.2
    endloop
  endfacet
  facet normal 0 0 1
    outer loop
      vertex 8.20208 46.2021 1.2
      vertex 9.2981 47.2981 1.2
      vertex 8.8056 47.7023 1.2
    endloop
  endfacet
  facet normal -0 0 1
    outer loop
      vertex 8.57059 44.3494 1.2
      vertex 10.0026 43.7563 1.2
      vertex 8.66733 44.6683 1.2
    endloop
  endfacet
  facet normal 0 0 1
    outer loop
      vertex 10.0026 43.7563 1.2
      vertex 8.57059 44.3494 1.2
      vertex 9.70228 43.1944 1.2
    endloop
  endfacet
  facet normal 0 0 1
    outer loop
      vertex 10.1876 45.634 1.2
      vertex 8.66733 45.3317 1.2
      vertex 8.7 45 1.2
    endloop
  endfacet
  facet normal 0 0 1
    outer loop
      vertex 10.0026 46.2437 1.2
      vertex 8.57059 45.6506 1.2
      vertex 8.66733 45.3317 1.2
    endloop
  endfacet
  facet normal 0 0 1
    outer loop
      vertex 9.70228 46.8056 1.2
      vertex 8.4135 45.9445 1.2
      vertex 8.57059 45.6506 1.2
    endloop
  endfacet
  facet normal 0 0 1
    outer loop
      vertex 7.94447 46.4135 1.2
      vertex 8.8056 47.7023 1.2
      vertex 8.24372 48.0026 1.2
    endloop
  endfacet
  facet normal 0 0 1
    outer loop
      vertex 9.2981 47.2981 1.2
      vertex 8.20208 46.2021 1.2
      vertex 8.4135 45.9445 1.2
    endloop
  endfacet
  facet normal 0 0 1
    outer loop
      vertex 8.8056 47.7023 1.2
      vertex 7.94447 46.4135 1.2
      vertex 8.20208 46.2021 1.2
    endloop
  endfacet
  facet normal 0 0 1
    outer loop
      vertex 8.24372 48.0026 1.2
      vertex 7.65056 46.5706 1.2
      vertex 7.94447 46.4135 1.2
    endloop
  endfacet
  facet normal 0 0 1
    outer loop
      vertex 7.63404 48.1876 1.2
      vertex 7.65056 46.5706 1.2
      vertex 8.24372 48.0026 1.2
    endloop
  endfacet
  facet normal 0 0 1
    outer loop
      vertex 7.63404 48.1876 1.2
      vertex 7.33165 46.6673 1.2
      vertex 7.65056 46.5706 1.2
    endloop
  endfacet
  facet normal 0 0 1
    outer loop
      vertex 7 48.25 1.2
      vertex 7.33165 46.6673 1.2
      vertex 7.63404 48.1876 1.2
    endloop
  endfacet
  facet normal 0 0 1
    outer loop
      vertex 7 48.25 1.2
      vertex 7 46.7 1.2
      vertex 7.33165 46.6673 1.2
    endloop
  endfacet
  facet normal 0 0 1
    outer loop
      vertex 7 48.25 1.2
      vertex 6.66835 46.6673 1.2
      vertex 7 46.7 1.2
    endloop
  endfacet
  facet normal -0 0 1
    outer loop
      vertex 6.36596 48.1876 1.2
      vertex 6.66835 46.6673 1.2
      vertex 7 48.25 1.2
    endloop
  endfacet
  facet normal 0 0 1
    outer loop
      vertex 6.36596 48.1876 1.2
      vertex 6.34944 46.5706 1.2
      vertex 6.66835 46.6673 1.2
    endloop
  endfacet
  facet normal -0 0 1
    outer loop
      vertex 5.75628 48.0026 1.2
      vertex 6.34944 46.5706 1.2
      vertex 6.36596 48.1876 1.2
    endloop
  endfacet
  facet normal 0 0 1
    outer loop
      vertex 6.34944 46.5706 1.2
      vertex 5.75628 48.0026 1.2
      vertex 6.05553 46.4135 1.2
    endloop
  endfacet
  facet normal -0 0 1
    outer loop
      vertex 5.1944 47.7023 1.2
      vertex 6.05553 46.4135 1.2
      vertex 5.75628 48.0026 1.2
    endloop
  endfacet
  facet normal 0 0 1
    outer loop
      vertex 6.05553 46.4135 1.2
      vertex 5.1944 47.7023 1.2
      vertex 5.79792 46.2021 1.2
    endloop
  endfacet
  facet normal -0 0 1
    outer loop
      vertex 4.7019 47.2981 1.2
      vertex 5.79792 46.2021 1.2
      vertex 5.1944 47.7023 1.2
    endloop
  endfacet
  facet normal 0 0 1
    outer loop
      vertex 5.79792 46.2021 1.2
      vertex 4.7019 47.2981 1.2
      vertex 5.5865 45.9445 1.2
    endloop
  endfacet
  facet normal 0 0 1
    outer loop
      vertex 5.5865 45.9445 1.2
      vertex 4.29772 46.8056 1.2
      vertex 5.4294 45.6506 1.2
    endloop
  endfacet
  facet normal -0 0 1
    outer loop
      vertex 4.29772 46.8056 1.2
      vertex 5.5865 45.9445 1.2
      vertex 4.7019 47.2981 1.2
    endloop
  endfacet
  facet normal -0 0 1
    outer loop
      vertex 8.4135 44.0555 1.2
      vertex 9.70228 43.1944 1.2
      vertex 8.57059 44.3494 1.2
    endloop
  endfacet
  facet normal 0 0 1
    outer loop
      vertex 9.70228 43.1944 1.2
      vertex 8.4135 44.0555 1.2
      vertex 9.2981 42.7019 1.2
    endloop
  endfacet
  facet normal -0 0 1
    outer loop
      vertex 8.20208 43.7979 1.2
      vertex 9.2981 42.7019 1.2
      vertex 8.4135 44.0555 1.2
    endloop
  endfacet
  facet normal 0 0 1
    outer loop
      vertex 9.2981 42.7019 1.2
      vertex 8.20208 43.7979 1.2
      vertex 8.8056 42.2977 1.2
    endloop
  endfacet
  facet normal -0 0 1
    outer loop
      vertex 7.94447 43.5865 1.2
      vertex 8.8056 42.2977 1.2
      vertex 8.20208 43.7979 1.2
    endloop
  endfacet
  facet normal 0 0 1
    outer loop
      vertex 8.8056 42.2977 1.2
      vertex 7.94447 43.5865 1.2
      vertex 8.24372 41.9974 1.2
    endloop
  endfacet
  facet normal -0 0 1
    outer loop
      vertex 7.65056 43.4294 1.2
      vertex 8.24372 41.9974 1.2
      vertex 7.94447 43.5865 1.2
    endloop
  endfacet
  facet normal 0 0 1
    outer loop
      vertex 7.65056 43.4294 1.2
      vertex 7.63404 41.8124 1.2
      vertex 8.24372 41.9974 1.2
    endloop
  endfacet
  facet normal -0 0 1
    outer loop
      vertex 7.33165 43.3327 1.2
      vertex 7.63404 41.8124 1.2
      vertex 7.65056 43.4294 1.2
    endloop
  endfacet
  facet normal -0 0 1
    outer loop
      vertex 7 43.3 1.2
      vertex 7.63404 41.8124 1.2
      vertex 7.33165 43.3327 1.2
    endloop
  endfacet
  facet normal 0 0 1
    outer loop
      vertex 7 43.3 1.2
      vertex 7 41.75 1.2
      vertex 7.63404 41.8124 1.2
    endloop
  endfacet
  facet normal 0 0 1
    outer loop
      vertex 6.66835 43.3327 1.2
      vertex 7 41.75 1.2
      vertex 7 43.3 1.2
    endloop
  endfacet
  facet normal 0 0 1
    outer loop
      vertex 6.66835 43.3327 1.2
      vertex 6.36596 41.8124 1.2
      vertex 7 41.75 1.2
    endloop
  endfacet
  facet normal 0 0 1
    outer loop
      vertex 6.34944 43.4294 1.2
      vertex 6.36596 41.8124 1.2
      vertex 6.66835 43.3327 1.2
    endloop
  endfacet
  facet normal 0 0 1
    outer loop
      vertex 5.75628 41.9974 1.2
      vertex 6.34944 43.4294 1.2
      vertex 6.05553 43.5865 1.2
    endloop
  endfacet
  facet normal 0 0 1
    outer loop
      vertex 5.1944 42.2977 1.2
      vertex 6.05553 43.5865 1.2
      vertex 5.79792 43.7979 1.2
    endloop
  endfacet
  facet normal 0 0 1
    outer loop
      vertex 6.34944 43.4294 1.2
      vertex 5.75628 41.9974 1.2
      vertex 6.36596 41.8124 1.2
    endloop
  endfacet
  facet normal 0 0 1
    outer loop
      vertex 4.7019 42.7019 1.2
      vertex 5.79792 43.7979 1.2
      vertex 5.5865 44.0555 1.2
    endloop
  endfacet
  facet normal 0 0 1
    outer loop
      vertex 4.29772 43.1944 1.2
      vertex 5.5865 44.0555 1.2
      vertex 5.4294 44.3494 1.2
    endloop
  endfacet
  facet normal 0 0 1
    outer loop
      vertex 3.99739 43.7563 1.2
      vertex 5.4294 44.3494 1.2
      vertex 5.33266 44.6683 1.2
    endloop
  endfacet
  facet normal 0 0 1
    outer loop
      vertex 6.05553 43.5865 1.2
      vertex 5.1944 42.2977 1.2
      vertex 5.75628 41.9974 1.2
    endloop
  endfacet
  facet normal 0 0 1
    outer loop
      vertex 3.81245 44.366 1.2
      vertex 5.33266 44.6683 1.2
      vertex 5.3 45 1.2
    endloop
  endfacet
  facet normal -0 0 1
    outer loop
      vertex 3.99739 46.2437 1.2
      vertex 5.4294 45.6506 1.2
      vertex 4.29772 46.8056 1.2
    endloop
  endfacet
  facet normal 0 0 1
    outer loop
      vertex 5.4294 45.6506 1.2
      vertex 3.99739 46.2437 1.2
      vertex 5.33266 45.3317 1.2
    endloop
  endfacet
  facet normal 0 0 1
    outer loop
      vertex 5.79792 43.7979 1.2
      vertex 4.7019 42.7019 1.2
      vertex 5.1944 42.2977 1.2
    endloop
  endfacet
  facet normal -0 0 1
    outer loop
      vertex 3.81245 45.634 1.2
      vertex 5.33266 45.3317 1.2
      vertex 3.99739 46.2437 1.2
    endloop
  endfacet
  facet normal 0 0 1
    outer loop
      vertex 5.5865 44.0555 1.2
      vertex 4.29772 43.1944 1.2
      vertex 4.7019 42.7019 1.2
    endloop
  endfacet
  facet normal 0 0 1
    outer loop
      vertex 5.33266 45.3317 1.2
      vertex 3.81245 45.634 1.2
      vertex 5.3 45 1.2
    endloop
  endfacet
  facet normal 0 0 1
    outer loop
      vertex 5.4294 44.3494 1.2
      vertex 3.99739 43.7563 1.2
      vertex 4.29772 43.1944 1.2
    endloop
  endfacet
  facet normal 0 0 1
    outer loop
      vertex 3.75 45 1.2
      vertex 5.3 45 1.2
      vertex 3.81245 45.634 1.2
    endloop
  endfacet
  facet normal 0 0 1
    outer loop
      vertex 5.33266 44.6683 1.2
      vertex 3.81245 44.366 1.2
      vertex 3.99739 43.7563 1.2
    endloop
  endfacet
  facet normal 0 0 1
    outer loop
      vertex 5.3 45 1.2
      vertex 3.75 45 1.2
      vertex 3.81245 44.366 1.2
    endloop
  endfacet
  facet normal 0.881929 0.471382 0
    outer loop
      vertex 4.29772 43.1944 3
      vertex 3.99739 43.7563 1.2
      vertex 3.99739 43.7563 3
    endloop
  endfacet
  facet normal 0.881929 0.471382 0
    outer loop
      vertex 3.99739 43.7563 1.2
      vertex 4.29772 43.1944 3
      vertex 4.29772 43.1944 1.2
    endloop
  endfacet
  facet normal -0.290365 -0.956916 0
    outer loop
      vertex 7.63404 48.1876 1.2
      vertex 8.24372 48.0026 3
      vertex 7.63404 48.1876 3
    endloop
  endfacet
  facet normal -0.290365 -0.956916 -0
    outer loop
      vertex 8.24372 48.0026 3
      vertex 7.63404 48.1876 1.2
      vertex 8.24372 48.0026 1.2
    endloop
  endfacet
  facet normal 0.0979433 -0.995192 0
    outer loop
      vertex 6.36596 48.1876 1.2
      vertex 7 48.25 3
      vertex 6.36596 48.1876 3
    endloop
  endfacet
  facet normal 0.0979433 -0.995192 0
    outer loop
      vertex 7 48.25 3
      vertex 6.36596 48.1876 1.2
      vertex 7 48.25 1.2
    endloop
  endfacet
  facet normal 0.471359 0.881942 -0
    outer loop
      vertex 5.75628 41.9974 1.2
      vertex 5.1944 42.2977 3
      vertex 5.75628 41.9974 3
    endloop
  endfacet
  facet normal 0.471359 0.881942 0
    outer loop
      vertex 5.1944 42.2977 3
      vertex 5.75628 41.9974 1.2
      vertex 5.1944 42.2977 1.2
    endloop
  endfacet
  facet normal 0.471359 -0.881942 0
    outer loop
      vertex 5.1944 47.7023 1.2
      vertex 5.75628 48.0026 3
      vertex 5.1944 47.7023 3
    endloop
  endfacet
  facet normal 0.471359 -0.881942 0
    outer loop
      vertex 5.75628 48.0026 3
      vertex 5.1944 47.7023 1.2
      vertex 5.75628 48.0026 1.2
    endloop
  endfacet
  facet normal -0.471359 0.881942 0
    outer loop
      vertex 8.8056 42.2977 1.2
      vertex 8.24372 41.9974 3
      vertex 8.8056 42.2977 3
    endloop
  endfacet
  facet normal -0.471359 0.881942 0
    outer loop
      vertex 8.24372 41.9974 3
      vertex 8.8056 42.2977 1.2
      vertex 8.24372 41.9974 1.2
    endloop
  endfacet
  facet normal 0.773014 -0.634389 0
    outer loop
      vertex 4.29772 46.8056 3
      vertex 4.7019 47.2981 1.2
      vertex 4.7019 47.2981 3
    endloop
  endfacet
  facet normal 0.773014 -0.634389 0
    outer loop
      vertex 4.7019 47.2981 1.2
      vertex 4.29772 46.8056 3
      vertex 4.29772 46.8056 1.2
    endloop
  endfacet
  facet normal -0.773014 -0.634389 0
    outer loop
      vertex 9.70228 46.8056 1.2
      vertex 9.2981 47.2981 3
      vertex 9.2981 47.2981 1.2
    endloop
  endfacet
  facet normal -0.773014 -0.634389 0
    outer loop
      vertex 9.2981 47.2981 3
      vertex 9.70228 46.8056 1.2
      vertex 9.70228 46.8056 3
    endloop
  endfacet
  facet normal -0.773014 0.634389 0
    outer loop
      vertex 9.2981 42.7019 1.2
      vertex 9.70228 43.1944 3
      vertex 9.70228 43.1944 1.2
    endloop
  endfacet
  facet normal -0.773014 0.634389 0
    outer loop
      vertex 9.70228 43.1944 3
      vertex 9.2981 42.7019 1.2
      vertex 9.2981 42.7019 3
    endloop
  endfacet
  facet normal 0.290365 -0.956916 0
    outer loop
      vertex 5.75628 48.0026 1.2
      vertex 6.36596 48.1876 3
      vertex 5.75628 48.0026 3
    endloop
  endfacet
  facet normal 0.290365 -0.956916 0
    outer loop
      vertex 6.36596 48.1876 3
      vertex 5.75628 48.0026 1.2
      vertex 6.36596 48.1876 1.2
    endloop
  endfacet
  facet normal -0.634408 0.772998 0
    outer loop
      vertex 9.2981 42.7019 1.2
      vertex 8.8056 42.2977 3
      vertex 9.2981 42.7019 3
    endloop
  endfacet
  facet normal -0.634408 0.772998 0
    outer loop
      vertex 8.8056 42.2977 3
      vertex 9.2981 42.7019 1.2
      vertex 8.8056 42.2977 1.2
    endloop
  endfacet
  facet normal -0.995191 0.0979494 0
    outer loop
      vertex 10.1876 44.366 1.2
      vertex 10.25 45 3
      vertex 10.25 45 1.2
    endloop
  endfacet
  facet normal -0.995191 0.0979494 0
    outer loop
      vertex 10.25 45 3
      vertex 10.1876 44.366 1.2
      vertex 10.1876 44.366 3
    endloop
  endfacet
  facet normal 0.290365 0.956916 -0
    outer loop
      vertex 6.36596 41.8124 1.2
      vertex 5.75628 41.9974 3
      vertex 6.36596 41.8124 3
    endloop
  endfacet
  facet normal 0.290365 0.956916 0
    outer loop
      vertex 5.75628 41.9974 3
      vertex 6.36596 41.8124 1.2
      vertex 5.75628 41.9974 1.2
    endloop
  endfacet
  facet normal -0.956919 0.290356 0
    outer loop
      vertex 10.0026 43.7563 1.2
      vertex 10.1876 44.366 3
      vertex 10.1876 44.366 1.2
    endloop
  endfacet
  facet normal -0.956919 0.290356 0
    outer loop
      vertex 10.1876 44.366 3
      vertex 10.0026 43.7563 1.2
      vertex 10.0026 43.7563 3
    endloop
  endfacet
  facet normal 0.956945 0.29027 0
    outer loop
      vertex 3.99739 43.7563 3
      vertex 3.81245 44.366 1.2
      vertex 3.81245 44.366 3
    endloop
  endfacet
  facet normal 0.956945 0.29027 0
    outer loop
      vertex 3.81245 44.366 1.2
      vertex 3.99739 43.7563 3
      vertex 3.99739 43.7563 1.2
    endloop
  endfacet
  facet normal -0.881935 0.47137 0
    outer loop
      vertex 9.70228 43.1944 1.2
      vertex 10.0026 43.7563 3
      vertex 10.0026 43.7563 1.2
    endloop
  endfacet
  facet normal -0.881935 0.47137 0
    outer loop
      vertex 10.0026 43.7563 3
      vertex 9.70228 43.1944 1.2
      vertex 9.70228 43.1944 3
    endloop
  endfacet
  facet normal 0.995184 -0.0980272 0
    outer loop
      vertex 3.75 45 3
      vertex 3.81245 45.634 1.2
      vertex 3.81245 45.634 3
    endloop
  endfacet
  facet normal 0.995184 -0.0980272 0
    outer loop
      vertex 3.81245 45.634 1.2
      vertex 3.75 45 3
      vertex 3.75 45 1.2
    endloop
  endfacet
  facet normal -0.0979433 -0.995192 0
    outer loop
      vertex 7 48.25 1.2
      vertex 7.63404 48.1876 3
      vertex 7 48.25 3
    endloop
  endfacet
  facet normal -0.0979433 -0.995192 -0
    outer loop
      vertex 7.63404 48.1876 3
      vertex 7 48.25 1.2
      vertex 7.63404 48.1876 1.2
    endloop
  endfacet
  facet normal 0.634408 -0.772998 0
    outer loop
      vertex 4.7019 47.2981 1.2
      vertex 5.1944 47.7023 3
      vertex 4.7019 47.2981 3
    endloop
  endfacet
  facet normal 0.634408 -0.772998 0
    outer loop
      vertex 5.1944 47.7023 3
      vertex 4.7019 47.2981 1.2
      vertex 5.1944 47.7023 1.2
    endloop
  endfacet
  facet normal -0.634408 -0.772998 0
    outer loop
      vertex 8.8056 47.7023 1.2
      vertex 9.2981 47.2981 3
      vertex 8.8056 47.7023 3
    endloop
  endfacet
  facet normal -0.634408 -0.772998 -0
    outer loop
      vertex 9.2981 47.2981 3
      vertex 8.8056 47.7023 1.2
      vertex 9.2981 47.2981 1.2
    endloop
  endfacet
  facet normal -0.0979433 0.995192 0
    outer loop
      vertex 7.63404 41.8124 1.2
      vertex 7 41.75 3
      vertex 7.63404 41.8124 3
    endloop
  endfacet
  facet normal -0.0979433 0.995192 0
    outer loop
      vertex 7 41.75 3
      vertex 7.63404 41.8124 1.2
      vertex 7 41.75 1.2
    endloop
  endfacet
  facet normal -0.471359 -0.881942 0
    outer loop
      vertex 8.24372 48.0026 1.2
      vertex 8.8056 47.7023 3
      vertex 8.24372 48.0026 3
    endloop
  endfacet
  facet normal -0.471359 -0.881942 -0
    outer loop
      vertex 8.8056 47.7023 3
      vertex 8.24372 48.0026 1.2
      vertex 8.8056 47.7023 1.2
    endloop
  endfacet
  facet normal 0.773014 0.634389 0
    outer loop
      vertex 4.7019 42.7019 3
      vertex 4.29772 43.1944 1.2
      vertex 4.29772 43.1944 3
    endloop
  endfacet
  facet normal 0.773014 0.634389 0
    outer loop
      vertex 4.29772 43.1944 1.2
      vertex 4.7019 42.7019 3
      vertex 4.7019 42.7019 1.2
    endloop
  endfacet
  facet normal 0.0979433 0.995192 -0
    outer loop
      vertex 7 41.75 1.2
      vertex 6.36596 41.8124 3
      vertex 7 41.75 3
    endloop
  endfacet
  facet normal 0.0979433 0.995192 0
    outer loop
      vertex 6.36596 41.8124 3
      vertex 7 41.75 1.2
      vertex 6.36596 41.8124 1.2
    endloop
  endfacet
  facet normal 0.634408 0.772998 -0
    outer loop
      vertex 5.1944 42.2977 1.2
      vertex 4.7019 42.7019 3
      vertex 5.1944 42.2977 3
    endloop
  endfacet
  facet normal 0.634408 0.772998 0
    outer loop
      vertex 4.7019 42.7019 3
      vertex 5.1944 42.2977 1.2
      vertex 4.7019 42.7019 1.2
    endloop
  endfacet
  facet normal 0.956945 -0.29027 0
    outer loop
      vertex 3.81245 45.634 3
      vertex 3.99739 46.2437 1.2
      vertex 3.99739 46.2437 3
    endloop
  endfacet
  facet normal 0.956945 -0.29027 0
    outer loop
      vertex 3.99739 46.2437 1.2
      vertex 3.81245 45.634 3
      vertex 3.81245 45.634 1.2
    endloop
  endfacet
  facet normal 0.881929 -0.471382 0
    outer loop
      vertex 3.99739 46.2437 3
      vertex 4.29772 46.8056 1.2
      vertex 4.29772 46.8056 3
    endloop
  endfacet
  facet normal 0.881929 -0.471382 0
    outer loop
      vertex 4.29772 46.8056 1.2
      vertex 3.99739 46.2437 3
      vertex 3.99739 46.2437 1.2
    endloop
  endfacet
  facet normal 0.995184 0.0980272 0
    outer loop
      vertex 3.81245 44.366 3
      vertex 3.75 45 1.2
      vertex 3.75 45 3
    endloop
  endfacet
  facet normal 0.995184 0.0980272 0
    outer loop
      vertex 3.75 45 1.2
      vertex 3.81245 44.366 3
      vertex 3.81245 44.366 1.2
    endloop
  endfacet
  facet normal 0.0979886 0.995188 -0
    outer loop
      vertex 55 3.3 0
      vertex 54.6683 3.33266 1.2
      vertex 55 3.3 1.2
    endloop
  endfacet
  facet normal 0.0979886 0.995188 0
    outer loop
      vertex 54.6683 3.33266 1.2
      vertex 55 3.3 0
      vertex 54.6683 3.33266 0
    endloop
  endfacet
  facet normal -0.956974 -0.290174 0
    outer loop
      vertex 56.6673 5.33165 0
      vertex 56.5706 5.65056 1.2
      vertex 56.5706 5.65056 0
    endloop
  endfacet
  facet normal -0.956974 -0.290174 0
    outer loop
      vertex 56.5706 5.65056 1.2
      vertex 56.6673 5.33165 0
      vertex 56.6673 5.33165 1.2
    endloop
  endfacet
  facet normal -0.995174 -0.0981221 0
    outer loop
      vertex 56.7 5 0
      vertex 56.6673 5.33165 1.2
      vertex 56.6673 5.33165 0
    endloop
  endfacet
  facet normal -0.995174 -0.0981221 0
    outer loop
      vertex 56.6673 5.33165 1.2
      vertex 56.7 5 0
      vertex 56.7 5 1.2
    endloop
  endfacet
  facet normal -0.881919 -0.471401 0
    outer loop
      vertex 56.5706 5.65056 0
      vertex 56.4135 5.94447 1.2
      vertex 56.4135 5.94447 0
    endloop
  endfacet
  facet normal -0.881919 -0.471401 0
    outer loop
      vertex 56.4135 5.94447 1.2
      vertex 56.5706 5.65056 0
      vertex 56.5706 5.65056 1.2
    endloop
  endfacet
  facet normal 0.881919 0.471401 0
    outer loop
      vertex 53.5865 4.05553 1.2
      vertex 53.4294 4.34944 0
      vertex 53.4294 4.34944 1.2
    endloop
  endfacet
  facet normal 0.881919 0.471401 0
    outer loop
      vertex 53.4294 4.34944 0
      vertex 53.5865 4.05553 1.2
      vertex 53.5865 4.05553 0
    endloop
  endfacet
  facet normal 0.290292 -0.956938 0
    outer loop
      vertex 54.3494 6.57059 0
      vertex 54.6683 6.66733 1.2
      vertex 54.3494 6.57059 1.2
    endloop
  endfacet
  facet normal 0.290292 -0.956938 0
    outer loop
      vertex 54.6683 6.66733 1.2
      vertex 54.3494 6.57059 0
      vertex 54.6683 6.66733 0
    endloop
  endfacet
  facet normal -0.995174 0.0981221 0
    outer loop
      vertex 56.6673 4.66835 0
      vertex 56.7 5 1.2
      vertex 56.7 5 0
    endloop
  endfacet
  facet normal -0.995174 0.0981221 0
    outer loop
      vertex 56.7 5 1.2
      vertex 56.6673 4.66835 0
      vertex 56.6673 4.66835 1.2
    endloop
  endfacet
  facet normal -0.290292 0.956938 0
    outer loop
      vertex 55.6506 3.4294 0
      vertex 55.3317 3.33266 1.2
      vertex 55.6506 3.4294 1.2
    endloop
  endfacet
  facet normal -0.290292 0.956938 0
    outer loop
      vertex 55.3317 3.33266 1.2
      vertex 55.6506 3.4294 0
      vertex 55.3317 3.33266 0
    endloop
  endfacet
  facet normal 0.995174 0.0981221 0
    outer loop
      vertex 53.3327 4.66835 1.2
      vertex 53.3 5 0
      vertex 53.3 5 1.2
    endloop
  endfacet
  facet normal 0.995174 0.0981221 0
    outer loop
      vertex 53.3 5 0
      vertex 53.3327 4.66835 1.2
      vertex 53.3327 4.66835 0
    endloop
  endfacet
  facet normal -0.0980183 -0.995185 0
    outer loop
      vertex 55 6.7 0
      vertex 55.3317 6.66733 1.2
      vertex 55 6.7 1.2
    endloop
  endfacet
  facet normal -0.0980183 -0.995185 -0
    outer loop
      vertex 55.3317 6.66733 1.2
      vertex 55 6.7 0
      vertex 55.3317 6.66733 0
    endloop
  endfacet
  facet normal -0.956974 0.290174 0
    outer loop
      vertex 56.5706 4.34944 0
      vertex 56.6673 4.66835 1.2
      vertex 56.6673 4.66835 0
    endloop
  endfacet
  facet normal -0.956974 0.290174 0
    outer loop
      vertex 56.6673 4.66835 1.2
      vertex 56.5706 4.34944 0
      vertex 56.5706 4.34944 1.2
    endloop
  endfacet
  facet normal 0.290292 0.956938 -0
    outer loop
      vertex 54.6683 3.33266 0
      vertex 54.3494 3.4294 1.2
      vertex 54.6683 3.33266 1.2
    endloop
  endfacet
  facet normal 0.290292 0.956938 0
    outer loop
      vertex 54.3494 3.4294 1.2
      vertex 54.6683 3.33266 0
      vertex 54.3494 3.4294 0
    endloop
  endfacet
  facet normal 0.995174 -0.0981221 0
    outer loop
      vertex 53.3 5 1.2
      vertex 53.3327 5.33165 0
      vertex 53.3327 5.33165 1.2
    endloop
  endfacet
  facet normal 0.995174 -0.0981221 0
    outer loop
      vertex 53.3327 5.33165 0
      vertex 53.3 5 1.2
      vertex 53.3 5 0
    endloop
  endfacet
  facet normal -0.290292 -0.956938 0
    outer loop
      vertex 55.3317 6.66733 0
      vertex 55.6506 6.57059 1.2
      vertex 55.3317 6.66733 1.2
    endloop
  endfacet
  facet normal -0.290292 -0.956938 -0
    outer loop
      vertex 55.6506 6.57059 1.2
      vertex 55.3317 6.66733 0
      vertex 55.6506 6.57059 0
    endloop
  endfacet
  facet normal 0.0980183 -0.995185 0
    outer loop
      vertex 54.6683 6.66733 0
      vertex 55 6.7 1.2
      vertex 54.6683 6.66733 1.2
    endloop
  endfacet
  facet normal 0.0980183 -0.995185 0
    outer loop
      vertex 55 6.7 1.2
      vertex 54.6683 6.66733 0
      vertex 55 6.7 0
    endloop
  endfacet
  facet normal 0.956974 -0.290174 0
    outer loop
      vertex 53.3327 5.33165 1.2
      vertex 53.4294 5.65056 0
      vertex 53.4294 5.65056 1.2
    endloop
  endfacet
  facet normal 0.956974 -0.290174 0
    outer loop
      vertex 53.4294 5.65056 0
      vertex 53.3327 5.33165 1.2
      vertex 53.3327 5.33165 0
    endloop
  endfacet
  facet normal 0.634417 -0.772991 0
    outer loop
      vertex 53.7979 6.20208 0
      vertex 54.0555 6.4135 1.2
      vertex 53.7979 6.20208 1.2
    endloop
  endfacet
  facet normal 0.634417 -0.772991 0
    outer loop
      vertex 54.0555 6.4135 1.2
      vertex 53.7979 6.20208 0
      vertex 54.0555 6.4135 0
    endloop
  endfacet
  facet normal -0.773033 -0.634366 0
    outer loop
      vertex 56.4135 5.94447 0
      vertex 56.2021 6.20208 1.2
      vertex 56.2021 6.20208 0
    endloop
  endfacet
  facet normal -0.773033 -0.634366 0
    outer loop
      vertex 56.2021 6.20208 1.2
      vertex 56.4135 5.94447 0
      vertex 56.4135 5.94447 1.2
    endloop
  endfacet
  facet normal 0.47139 -0.881925 0
    outer loop
      vertex 54.0555 6.4135 0
      vertex 54.3494 6.57059 1.2
      vertex 54.0555 6.4135 1.2
    endloop
  endfacet
  facet normal 0.47139 -0.881925 0
    outer loop
      vertex 54.3494 6.57059 1.2
      vertex 54.0555 6.4135 0
      vertex 54.3494 6.57059 0
    endloop
  endfacet
  facet normal -0.471413 0.881912 0
    outer loop
      vertex 55.9445 3.5865 0
      vertex 55.6506 3.4294 1.2
      vertex 55.9445 3.5865 1.2
    endloop
  endfacet
  facet normal -0.471413 0.881912 0
    outer loop
      vertex 55.6506 3.4294 1.2
      vertex 55.9445 3.5865 0
      vertex 55.6506 3.4294 0
    endloop
  endfacet
  facet normal -0.881919 0.471401 0
    outer loop
      vertex 56.4135 4.05553 0
      vertex 56.5706 4.34944 1.2
      vertex 56.5706 4.34944 0
    endloop
  endfacet
  facet normal -0.881919 0.471401 0
    outer loop
      vertex 56.5706 4.34944 1.2
      vertex 56.4135 4.05553 0
      vertex 56.4135 4.05553 1.2
    endloop
  endfacet
  facet normal -0.773033 0.634366 0
    outer loop
      vertex 56.2021 3.79792 0
      vertex 56.4135 4.05553 1.2
      vertex 56.4135 4.05553 0
    endloop
  endfacet
  facet normal -0.773033 0.634366 0
    outer loop
      vertex 56.4135 4.05553 1.2
      vertex 56.2021 3.79792 0
      vertex 56.2021 3.79792 1.2
    endloop
  endfacet
  facet normal -0.634417 -0.772991 0
    outer loop
      vertex 55.9445 6.4135 0
      vertex 56.2021 6.20208 1.2
      vertex 55.9445 6.4135 1.2
    endloop
  endfacet
  facet normal -0.634417 -0.772991 -0
    outer loop
      vertex 56.2021 6.20208 1.2
      vertex 55.9445 6.4135 0
      vertex 56.2021 6.20208 0
    endloop
  endfacet
  facet normal -0.634417 0.772991 0
    outer loop
      vertex 56.2021 3.79792 0
      vertex 55.9445 3.5865 1.2
      vertex 56.2021 3.79792 1.2
    endloop
  endfacet
  facet normal -0.634417 0.772991 0
    outer loop
      vertex 55.9445 3.5865 1.2
      vertex 56.2021 3.79792 0
      vertex 55.9445 3.5865 0
    endloop
  endfacet
  facet normal -0.47139 -0.881925 0
    outer loop
      vertex 55.6506 6.57059 0
      vertex 55.9445 6.4135 1.2
      vertex 55.6506 6.57059 1.2
    endloop
  endfacet
  facet normal -0.47139 -0.881925 -0
    outer loop
      vertex 55.9445 6.4135 1.2
      vertex 55.6506 6.57059 0
      vertex 55.9445 6.4135 0
    endloop
  endfacet
  facet normal -0.0979886 0.995188 0
    outer loop
      vertex 55.3317 3.33266 0
      vertex 55 3.3 1.2
      vertex 55.3317 3.33266 1.2
    endloop
  endfacet
  facet normal -0.0979886 0.995188 0
    outer loop
      vertex 55 3.3 1.2
      vertex 55.3317 3.33266 0
      vertex 55 3.3 0
    endloop
  endfacet
  facet normal 0.956974 0.290174 0
    outer loop
      vertex 53.4294 4.34944 1.2
      vertex 53.3327 4.66835 0
      vertex 53.3327 4.66835 1.2
    endloop
  endfacet
  facet normal 0.956974 0.290174 0
    outer loop
      vertex 53.3327 4.66835 0
      vertex 53.4294 4.34944 1.2
      vertex 53.4294 4.34944 0
    endloop
  endfacet
  facet normal 0.773033 -0.634366 0
    outer loop
      vertex 53.5865 5.94447 1.2
      vertex 53.7979 6.20208 0
      vertex 53.7979 6.20208 1.2
    endloop
  endfacet
  facet normal 0.773033 -0.634366 0
    outer loop
      vertex 53.7979 6.20208 0
      vertex 53.5865 5.94447 1.2
      vertex 53.5865 5.94447 0
    endloop
  endfacet
  facet normal 0.773033 0.634366 0
    outer loop
      vertex 53.7979 3.79792 1.2
      vertex 53.5865 4.05553 0
      vertex 53.5865 4.05553 1.2
    endloop
  endfacet
  facet normal 0.773033 0.634366 0
    outer loop
      vertex 53.5865 4.05553 0
      vertex 53.7979 3.79792 1.2
      vertex 53.7979 3.79792 0
    endloop
  endfacet
  facet normal 0.634417 0.772991 -0
    outer loop
      vertex 54.0555 3.5865 0
      vertex 53.7979 3.79792 1.2
      vertex 54.0555 3.5865 1.2
    endloop
  endfacet
  facet normal 0.634417 0.772991 0
    outer loop
      vertex 53.7979 3.79792 1.2
      vertex 54.0555 3.5865 0
      vertex 53.7979 3.79792 0
    endloop
  endfacet
  facet normal 0.471413 0.881912 -0
    outer loop
      vertex 54.3494 3.4294 0
      vertex 54.0555 3.5865 1.2
      vertex 54.3494 3.4294 1.2
    endloop
  endfacet
  facet normal 0.471413 0.881912 0
    outer loop
      vertex 54.0555 3.5865 1.2
      vertex 54.3494 3.4294 0
      vertex 54.0555 3.5865 0
    endloop
  endfacet
  facet normal 0.881919 -0.471401 0
    outer loop
      vertex 53.4294 5.65056 1.2
      vertex 53.5865 5.94447 0
      vertex 53.5865 5.94447 1.2
    endloop
  endfacet
  facet normal 0.881919 -0.471401 0
    outer loop
      vertex 53.5865 5.94447 0
      vertex 53.4294 5.65056 1.2
      vertex 53.4294 5.65056 0
    endloop
  endfacet
  facet normal -0.29027 0.956945 0
    outer loop
      vertex 56.2437 1.99739 1.2
      vertex 55.634 1.81245 3
      vertex 56.2437 1.99739 3
    endloop
  endfacet
  facet normal -0.29027 0.956945 0
    outer loop
      vertex 55.634 1.81245 3
      vertex 56.2437 1.99739 1.2
      vertex 55.634 1.81245 1.2
    endloop
  endfacet
  facet normal -0.956916 -0.290365 0
    outer loop
      vertex 58.1876 5.63404 1.2
      vertex 58.0026 6.24372 3
      vertex 58.0026 6.24372 1.2
    endloop
  endfacet
  facet normal -0.956916 -0.290365 0
    outer loop
      vertex 58.0026 6.24372 3
      vertex 58.1876 5.63404 1.2
      vertex 58.1876 5.63404 3
    endloop
  endfacet
  facet normal -0.995192 -0.0979433 0
    outer loop
      vertex 58.25 5 1.2
      vertex 58.1876 5.63404 3
      vertex 58.1876 5.63404 1.2
    endloop
  endfacet
  facet normal -0.995192 -0.0979433 0
    outer loop
      vertex 58.1876 5.63404 3
      vertex 58.25 5 1.2
      vertex 58.25 5 3
    endloop
  endfacet
  facet normal -0.881942 -0.471359 0
    outer loop
      vertex 58.0026 6.24372 1.2
      vertex 57.7023 6.8056 3
      vertex 57.7023 6.8056 1.2
    endloop
  endfacet
  facet normal -0.881942 -0.471359 0
    outer loop
      vertex 57.7023 6.8056 3
      vertex 58.0026 6.24372 1.2
      vertex 58.0026 6.24372 3
    endloop
  endfacet
  facet normal 0 0 1
    outer loop
      vertex 56.7 5 1.2
      vertex 58.25 5 1.2
      vertex 58.1876 5.63404 1.2
    endloop
  endfacet
  facet normal 0 0 1
    outer loop
      vertex 56.6673 5.33165 1.2
      vertex 58.1876 5.63404 1.2
      vertex 58.0026 6.24372 1.2
    endloop
  endfacet
  facet normal 0 0 1
    outer loop
      vertex 58.25 5 1.2
      vertex 56.7 5 1.2
      vertex 58.1876 4.36596 1.2
    endloop
  endfacet
  facet normal 0 0 1
    outer loop
      vertex 56.5706 5.65056 1.2
      vertex 58.0026 6.24372 1.2
      vertex 57.7023 6.8056 1.2
    endloop
  endfacet
  facet normal -0 0 1
    outer loop
      vertex 56.6673 4.66835 1.2
      vertex 58.1876 4.36596 1.2
      vertex 56.7 5 1.2
    endloop
  endfacet
  facet normal 0 0 1
    outer loop
      vertex 56.4135 5.94447 1.2
      vertex 57.7023 6.8056 1.2
      vertex 57.2981 7.2981 1.2
    endloop
  endfacet
  facet normal 0 0 1
    outer loop
      vertex 58.1876 4.36596 1.2
      vertex 56.6673 4.66835 1.2
      vertex 58.0026 3.75628 1.2
    endloop
  endfacet
  facet normal 0 0 1
    outer loop
      vertex 56.2021 6.20208 1.2
      vertex 57.2981 7.2981 1.2
      vertex 56.8056 7.70228 1.2
    endloop
  endfacet
  facet normal -0 0 1
    outer loop
      vertex 56.5706 4.34944 1.2
      vertex 58.0026 3.75628 1.2
      vertex 56.6673 4.66835 1.2
    endloop
  endfacet
  facet normal 0 0 1
    outer loop
      vertex 58.0026 3.75628 1.2
      vertex 56.5706 4.34944 1.2
      vertex 57.7023 3.1944 1.2
    endloop
  endfacet
  facet normal 0 0 1
    outer loop
      vertex 58.1876 5.63404 1.2
      vertex 56.6673 5.33165 1.2
      vertex 56.7 5 1.2
    endloop
  endfacet
  facet normal 0 0 1
    outer loop
      vertex 58.0026 6.24372 1.2
      vertex 56.5706 5.65056 1.2
      vertex 56.6673 5.33165 1.2
    endloop
  endfacet
  facet normal 0 0 1
    outer loop
      vertex 57.7023 6.8056 1.2
      vertex 56.4135 5.94447 1.2
      vertex 56.5706 5.65056 1.2
    endloop
  endfacet
  facet normal 0 0 1
    outer loop
      vertex 55.9445 6.4135 1.2
      vertex 56.8056 7.70228 1.2
      vertex 56.2437 8.00261 1.2
    endloop
  endfacet
  facet normal 0 0 1
    outer loop
      vertex 57.2981 7.2981 1.2
      vertex 56.2021 6.20208 1.2
      vertex 56.4135 5.94447 1.2
    endloop
  endfacet
  facet normal 0 0 1
    outer loop
      vertex 56.8056 7.70228 1.2
      vertex 55.9445 6.4135 1.2
      vertex 56.2021 6.20208 1.2
    endloop
  endfacet
  facet normal 0 0 1
    outer loop
      vertex 56.2437 8.00261 1.2
      vertex 55.6506 6.57059 1.2
      vertex 55.9445 6.4135 1.2
    endloop
  endfacet
  facet normal 0 0 1
    outer loop
      vertex 55.634 8.18755 1.2
      vertex 55.6506 6.57059 1.2
      vertex 56.2437 8.00261 1.2
    endloop
  endfacet
  facet normal 0 0 1
    outer loop
      vertex 55.634 8.18755 1.2
      vertex 55.3317 6.66733 1.2
      vertex 55.6506 6.57059 1.2
    endloop
  endfacet
  facet normal 0 0 1
    outer loop
      vertex 55 8.25 1.2
      vertex 55.3317 6.66733 1.2
      vertex 55.634 8.18755 1.2
    endloop
  endfacet
  facet normal 0 0 1
    outer loop
      vertex 55 8.25 1.2
      vertex 55 6.7 1.2
      vertex 55.3317 6.66733 1.2
    endloop
  endfacet
  facet normal 0 0 1
    outer loop
      vertex 55 8.25 1.2
      vertex 54.6683 6.66733 1.2
      vertex 55 6.7 1.2
    endloop
  endfacet
  facet normal -0 0 1
    outer loop
      vertex 54.366 8.18755 1.2
      vertex 54.6683 6.66733 1.2
      vertex 55 8.25 1.2
    endloop
  endfacet
  facet normal 0 0 1
    outer loop
      vertex 54.366 8.18755 1.2
      vertex 54.3494 6.57059 1.2
      vertex 54.6683 6.66733 1.2
    endloop
  endfacet
  facet normal -0 0 1
    outer loop
      vertex 53.7563 8.00261 1.2
      vertex 54.3494 6.57059 1.2
      vertex 54.366 8.18755 1.2
    endloop
  endfacet
  facet normal 0 0 1
    outer loop
      vertex 54.3494 6.57059 1.2
      vertex 53.7563 8.00261 1.2
      vertex 54.0555 6.4135 1.2
    endloop
  endfacet
  facet normal -0 0 1
    outer loop
      vertex 53.1944 7.70228 1.2
      vertex 54.0555 6.4135 1.2
      vertex 53.7563 8.00261 1.2
    endloop
  endfacet
  facet normal 0 0 1
    outer loop
      vertex 54.0555 6.4135 1.2
      vertex 53.1944 7.70228 1.2
      vertex 53.7979 6.20208 1.2
    endloop
  endfacet
  facet normal -0 0 1
    outer loop
      vertex 52.7019 7.2981 1.2
      vertex 53.7979 6.20208 1.2
      vertex 53.1944 7.70228 1.2
    endloop
  endfacet
  facet normal 0 0 1
    outer loop
      vertex 53.7979 6.20208 1.2
      vertex 52.7019 7.2981 1.2
      vertex 53.5865 5.94447 1.2
    endloop
  endfacet
  facet normal 0 0 1
    outer loop
      vertex 53.5865 5.94447 1.2
      vertex 52.2977 6.8056 1.2
      vertex 53.4294 5.65056 1.2
    endloop
  endfacet
  facet normal -0 0 1
    outer loop
      vertex 52.2977 6.8056 1.2
      vertex 53.5865 5.94447 1.2
      vertex 52.7019 7.2981 1.2
    endloop
  endfacet
  facet normal -0 0 1
    outer loop
      vertex 56.4135 4.05553 1.2
      vertex 57.7023 3.1944 1.2
      vertex 56.5706 4.34944 1.2
    endloop
  endfacet
  facet normal 0 0 1
    outer loop
      vertex 57.7023 3.1944 1.2
      vertex 56.4135 4.05553 1.2
      vertex 57.2981 2.7019 1.2
    endloop
  endfacet
  facet normal -0 0 1
    outer loop
      vertex 56.2021 3.79792 1.2
      vertex 57.2981 2.7019 1.2
      vertex 56.4135 4.05553 1.2
    endloop
  endfacet
  facet normal 0 0 1
    outer loop
      vertex 57.2981 2.7019 1.2
      vertex 56.2021 3.79792 1.2
      vertex 56.8056 2.29772 1.2
    endloop
  endfacet
  facet normal -0 0 1
    outer loop
      vertex 55.9445 3.5865 1.2
      vertex 56.8056 2.29772 1.2
      vertex 56.2021 3.79792 1.2
    endloop
  endfacet
  facet normal 0 0 1
    outer loop
      vertex 56.8056 2.29772 1.2
      vertex 55.9445 3.5865 1.2
      vertex 56.2437 1.99739 1.2
    endloop
  endfacet
  facet normal -0 0 1
    outer loop
      vertex 55.6506 3.4294 1.2
      vertex 56.2437 1.99739 1.2
      vertex 55.9445 3.5865 1.2
    endloop
  endfacet
  facet normal 0 0 1
    outer loop
      vertex 55.6506 3.4294 1.2
      vertex 55.634 1.81245 1.2
      vertex 56.2437 1.99739 1.2
    endloop
  endfacet
  facet normal -0 0 1
    outer loop
      vertex 55.3317 3.33266 1.2
      vertex 55.634 1.81245 1.2
      vertex 55.6506 3.4294 1.2
    endloop
  endfacet
  facet normal -0 0 1
    outer loop
      vertex 55 3.3 1.2
      vertex 55.634 1.81245 1.2
      vertex 55.3317 3.33266 1.2
    endloop
  endfacet
  facet normal 0 0 1
    outer loop
      vertex 55 3.3 1.2
      vertex 55 1.75 1.2
      vertex 55.634 1.81245 1.2
    endloop
  endfacet
  facet normal 0 0 1
    outer loop
      vertex 54.6683 3.33266 1.2
      vertex 55 1.75 1.2
      vertex 55 3.3 1.2
    endloop
  endfacet
  facet normal 0 0 1
    outer loop
      vertex 54.6683 3.33266 1.2
      vertex 54.366 1.81245 1.2
      vertex 55 1.75 1.2
    endloop
  endfacet
  facet normal 0 0 1
    outer loop
      vertex 54.3494 3.4294 1.2
      vertex 54.366 1.81245 1.2
      vertex 54.6683 3.33266 1.2
    endloop
  endfacet
  facet normal 0 0 1
    outer loop
      vertex 53.7563 1.99739 1.2
      vertex 54.3494 3.4294 1.2
      vertex 54.0555 3.5865 1.2
    endloop
  endfacet
  facet normal 0 0 1
    outer loop
      vertex 53.1944 2.29772 1.2
      vertex 54.0555 3.5865 1.2
      vertex 53.7979 3.79792 1.2
    endloop
  endfacet
  facet normal 0 0 1
    outer loop
      vertex 54.3494 3.4294 1.2
      vertex 53.7563 1.99739 1.2
      vertex 54.366 1.81245 1.2
    endloop
  endfacet
  facet normal 0 0 1
    outer loop
      vertex 52.7019 2.7019 1.2
      vertex 53.7979 3.79792 1.2
      vertex 53.5865 4.05553 1.2
    endloop
  endfacet
  facet normal 0 0 1
    outer loop
      vertex 52.2977 3.1944 1.2
      vertex 53.5865 4.05553 1.2
      vertex 53.4294 4.34944 1.2
    endloop
  endfacet
  facet normal 0 0 1
    outer loop
      vertex 51.9974 3.75628 1.2
      vertex 53.4294 4.34944 1.2
      vertex 53.3327 4.66835 1.2
    endloop
  endfacet
  facet normal 0 0 1
    outer loop
      vertex 54.0555 3.5865 1.2
      vertex 53.1944 2.29772 1.2
      vertex 53.7563 1.99739 1.2
    endloop
  endfacet
  facet normal 0 0 1
    outer loop
      vertex 51.8124 4.36596 1.2
      vertex 53.3327 4.66835 1.2
      vertex 53.3 5 1.2
    endloop
  endfacet
  facet normal -0 0 1
    outer loop
      vertex 51.9974 6.24372 1.2
      vertex 53.4294 5.65056 1.2
      vertex 52.2977 6.8056 1.2
    endloop
  endfacet
  facet normal 0 0 1
    outer loop
      vertex 53.4294 5.65056 1.2
      vertex 51.9974 6.24372 1.2
      vertex 53.3327 5.33165 1.2
    endloop
  endfacet
  facet normal 0 0 1
    outer loop
      vertex 53.7979 3.79792 1.2
      vertex 52.7019 2.7019 1.2
      vertex 53.1944 2.29772 1.2
    endloop
  endfacet
  facet normal -0 0 1
    outer loop
      vertex 51.8124 5.63404 1.2
      vertex 53.3327 5.33165 1.2
      vertex 51.9974 6.24372 1.2
    endloop
  endfacet
  facet normal 0 0 1
    outer loop
      vertex 53.5865 4.05553 1.2
      vertex 52.2977 3.1944 1.2
      vertex 52.7019 2.7019 1.2
    endloop
  endfacet
  facet normal 0 0 1
    outer loop
      vertex 53.3327 5.33165 1.2
      vertex 51.8124 5.63404 1.2
      vertex 53.3 5 1.2
    endloop
  endfacet
  facet normal 0 0 1
    outer loop
      vertex 53.4294 4.34944 1.2
      vertex 51.9974 3.75628 1.2
      vertex 52.2977 3.1944 1.2
    endloop
  endfacet
  facet normal 0 0 1
    outer loop
      vertex 51.75 5 1.2
      vertex 53.3 5 1.2
      vertex 51.8124 5.63404 1.2
    endloop
  endfacet
  facet normal 0 0 1
    outer loop
      vertex 53.3327 4.66835 1.2
      vertex 51.8124 4.36596 1.2
      vertex 51.9974 3.75628 1.2
    endloop
  endfacet
  facet normal 0 0 1
    outer loop
      vertex 53.3 5 1.2
      vertex 51.75 5 1.2
      vertex 51.8124 4.36596 1.2
    endloop
  endfacet
  facet normal 0.881942 0.471359 0
    outer loop
      vertex 52.2977 3.1944 3
      vertex 51.9974 3.75628 1.2
      vertex 51.9974 3.75628 3
    endloop
  endfacet
  facet normal 0.881942 0.471359 0
    outer loop
      vertex 51.9974 3.75628 1.2
      vertex 52.2977 3.1944 3
      vertex 52.2977 3.1944 1.2
    endloop
  endfacet
  facet normal -0.29027 -0.956945 0
    outer loop
      vertex 55.634 8.18755 1.2
      vertex 56.2437 8.00261 3
      vertex 55.634 8.18755 3
    endloop
  endfacet
  facet normal -0.29027 -0.956945 -0
    outer loop
      vertex 56.2437 8.00261 3
      vertex 55.634 8.18755 1.2
      vertex 56.2437 8.00261 1.2
    endloop
  endfacet
  facet normal 0.0980272 -0.995184 0
    outer loop
      vertex 54.366 8.18755 1.2
      vertex 55 8.25 3
      vertex 54.366 8.18755 3
    endloop
  endfacet
  facet normal 0.0980272 -0.995184 0
    outer loop
      vertex 55 8.25 3
      vertex 54.366 8.18755 1.2
      vertex 55 8.25 1.2
    endloop
  endfacet
  facet normal 0.471382 0.881929 -0
    outer loop
      vertex 53.7563 1.99739 1.2
      vertex 53.1944 2.29772 3
      vertex 53.7563 1.99739 3
    endloop
  endfacet
  facet normal 0.471382 0.881929 0
    outer loop
      vertex 53.1944 2.29772 3
      vertex 53.7563 1.99739 1.2
      vertex 53.1944 2.29772 1.2
    endloop
  endfacet
  facet normal 0.471382 -0.881929 0
    outer loop
      vertex 53.1944 7.70228 1.2
      vertex 53.7563 8.00261 3
      vertex 53.1944 7.70228 3
    endloop
  endfacet
  facet normal 0.471382 -0.881929 0
    outer loop
      vertex 53.7563 8.00261 3
      vertex 53.1944 7.70228 1.2
      vertex 53.7563 8.00261 1.2
    endloop
  endfacet
  facet normal -0.471382 0.881929 0
    outer loop
      vertex 56.8056 2.29772 1.2
      vertex 56.2437 1.99739 3
      vertex 56.8056 2.29772 3
    endloop
  endfacet
  facet normal -0.471382 0.881929 0
    outer loop
      vertex 56.2437 1.99739 3
      vertex 56.8056 2.29772 1.2
      vertex 56.2437 1.99739 1.2
    endloop
  endfacet
  facet normal 0.772998 -0.634408 0
    outer loop
      vertex 52.2977 6.8056 3
      vertex 52.7019 7.2981 1.2
      vertex 52.7019 7.2981 3
    endloop
  endfacet
  facet normal 0.772998 -0.634408 0
    outer loop
      vertex 52.7019 7.2981 1.2
      vertex 52.2977 6.8056 3
      vertex 52.2977 6.8056 1.2
    endloop
  endfacet
  facet normal -0.772998 -0.634408 0
    outer loop
      vertex 57.7023 6.8056 1.2
      vertex 57.2981 7.2981 3
      vertex 57.2981 7.2981 1.2
    endloop
  endfacet
  facet normal -0.772998 -0.634408 0
    outer loop
      vertex 57.2981 7.2981 3
      vertex 57.7023 6.8056 1.2
      vertex 57.7023 6.8056 3
    endloop
  endfacet
  facet normal -0.772998 0.634408 0
    outer loop
      vertex 57.2981 2.7019 1.2
      vertex 57.7023 3.1944 3
      vertex 57.7023 3.1944 1.2
    endloop
  endfacet
  facet normal -0.772998 0.634408 0
    outer loop
      vertex 57.7023 3.1944 3
      vertex 57.2981 2.7019 1.2
      vertex 57.2981 2.7019 3
    endloop
  endfacet
  facet normal 0.29027 -0.956945 0
    outer loop
      vertex 53.7563 8.00261 1.2
      vertex 54.366 8.18755 3
      vertex 53.7563 8.00261 3
    endloop
  endfacet
  facet normal 0.29027 -0.956945 0
    outer loop
      vertex 54.366 8.18755 3
      vertex 53.7563 8.00261 1.2
      vertex 54.366 8.18755 1.2
    endloop
  endfacet
  facet normal -0.634389 0.773014 0
    outer loop
      vertex 57.2981 2.7019 1.2
      vertex 56.8056 2.29772 3
      vertex 57.2981 2.7019 3
    endloop
  endfacet
  facet normal -0.634389 0.773014 0
    outer loop
      vertex 56.8056 2.29772 3
      vertex 57.2981 2.7019 1.2
      vertex 56.8056 2.29772 1.2
    endloop
  endfacet
  facet normal -0.995192 0.0979433 0
    outer loop
      vertex 58.1876 4.36596 1.2
      vertex 58.25 5 3
      vertex 58.25 5 1.2
    endloop
  endfacet
  facet normal -0.995192 0.0979433 0
    outer loop
      vertex 58.25 5 3
      vertex 58.1876 4.36596 1.2
      vertex 58.1876 4.36596 3
    endloop
  endfacet
  facet normal 0.29027 0.956945 -0
    outer loop
      vertex 54.366 1.81245 1.2
      vertex 53.7563 1.99739 3
      vertex 54.366 1.81245 3
    endloop
  endfacet
  facet normal 0.29027 0.956945 0
    outer loop
      vertex 53.7563 1.99739 3
      vertex 54.366 1.81245 1.2
      vertex 53.7563 1.99739 1.2
    endloop
  endfacet
  facet normal -0.956916 0.290365 0
    outer loop
      vertex 58.0026 3.75628 1.2
      vertex 58.1876 4.36596 3
      vertex 58.1876 4.36596 1.2
    endloop
  endfacet
  facet normal -0.956916 0.290365 0
    outer loop
      vertex 58.1876 4.36596 3
      vertex 58.0026 3.75628 1.2
      vertex 58.0026 3.75628 3
    endloop
  endfacet
  facet normal 0.956916 0.290365 0
    outer loop
      vertex 51.9974 3.75628 3
      vertex 51.8124 4.36596 1.2
      vertex 51.8124 4.36596 3
    endloop
  endfacet
  facet normal 0.956916 0.290365 0
    outer loop
      vertex 51.8124 4.36596 1.2
      vertex 51.9974 3.75628 3
      vertex 51.9974 3.75628 1.2
    endloop
  endfacet
  facet normal -0.881942 0.471359 0
    outer loop
      vertex 57.7023 3.1944 1.2
      vertex 58.0026 3.75628 3
      vertex 58.0026 3.75628 1.2
    endloop
  endfacet
  facet normal -0.881942 0.471359 0
    outer loop
      vertex 58.0026 3.75628 3
      vertex 57.7023 3.1944 1.2
      vertex 57.7023 3.1944 3
    endloop
  endfacet
  facet normal 0.995192 -0.0979433 0
    outer loop
      vertex 51.75 5 3
      vertex 51.8124 5.63404 1.2
      vertex 51.8124 5.63404 3
    endloop
  endfacet
  facet normal 0.995192 -0.0979433 0
    outer loop
      vertex 51.8124 5.63404 1.2
      vertex 51.75 5 3
      vertex 51.75 5 1.2
    endloop
  endfacet
  facet normal -0.0980272 -0.995184 0
    outer loop
      vertex 55 8.25 1.2
      vertex 55.634 8.18755 3
      vertex 55 8.25 3
    endloop
  endfacet
  facet normal -0.0980272 -0.995184 -0
    outer loop
      vertex 55.634 8.18755 3
      vertex 55 8.25 1.2
      vertex 55.634 8.18755 1.2
    endloop
  endfacet
  facet normal 0.634389 -0.773014 0
    outer loop
      vertex 52.7019 7.2981 1.2
      vertex 53.1944 7.70228 3
      vertex 52.7019 7.2981 3
    endloop
  endfacet
  facet normal 0.634389 -0.773014 0
    outer loop
      vertex 53.1944 7.70228 3
      vertex 52.7019 7.2981 1.2
      vertex 53.1944 7.70228 1.2
    endloop
  endfacet
  facet normal -0.634389 -0.773014 0
    outer loop
      vertex 56.8056 7.70228 1.2
      vertex 57.2981 7.2981 3
      vertex 56.8056 7.70228 3
    endloop
  endfacet
  facet normal -0.634389 -0.773014 -0
    outer loop
      vertex 57.2981 7.2981 3
      vertex 56.8056 7.70228 1.2
      vertex 57.2981 7.2981 1.2
    endloop
  endfacet
  facet normal -0.0980272 0.995184 0
    outer loop
      vertex 55.634 1.81245 1.2
      vertex 55 1.75 3
      vertex 55.634 1.81245 3
    endloop
  endfacet
  facet normal -0.0980272 0.995184 0
    outer loop
      vertex 55 1.75 3
      vertex 55.634 1.81245 1.2
      vertex 55 1.75 1.2
    endloop
  endfacet
  facet normal -0.471382 -0.881929 0
    outer loop
      vertex 56.2437 8.00261 1.2
      vertex 56.8056 7.70228 3
      vertex 56.2437 8.00261 3
    endloop
  endfacet
  facet normal -0.471382 -0.881929 -0
    outer loop
      vertex 56.8056 7.70228 3
      vertex 56.2437 8.00261 1.2
      vertex 56.8056 7.70228 1.2
    endloop
  endfacet
  facet normal 0.772998 0.634408 0
    outer loop
      vertex 52.7019 2.7019 3
      vertex 52.2977 3.1944 1.2
      vertex 52.2977 3.1944 3
    endloop
  endfacet
  facet normal 0.772998 0.634408 0
    outer loop
      vertex 52.2977 3.1944 1.2
      vertex 52.7019 2.7019 3
      vertex 52.7019 2.7019 1.2
    endloop
  endfacet
  facet normal 0.0980272 0.995184 -0
    outer loop
      vertex 55 1.75 1.2
      vertex 54.366 1.81245 3
      vertex 55 1.75 3
    endloop
  endfacet
  facet normal 0.0980272 0.995184 0
    outer loop
      vertex 54.366 1.81245 3
      vertex 55 1.75 1.2
      vertex 54.366 1.81245 1.2
    endloop
  endfacet
  facet normal 0.634389 0.773014 -0
    outer loop
      vertex 53.1944 2.29772 1.2
      vertex 52.7019 2.7019 3
      vertex 53.1944 2.29772 3
    endloop
  endfacet
  facet normal 0.634389 0.773014 0
    outer loop
      vertex 52.7019 2.7019 3
      vertex 53.1944 2.29772 1.2
      vertex 52.7019 2.7019 1.2
    endloop
  endfacet
  facet normal 0.956916 -0.290365 0
    outer loop
      vertex 51.8124 5.63404 3
      vertex 51.9974 6.24372 1.2
      vertex 51.9974 6.24372 3
    endloop
  endfacet
  facet normal 0.956916 -0.290365 0
    outer loop
      vertex 51.9974 6.24372 1.2
      vertex 51.8124 5.63404 3
      vertex 51.8124 5.63404 1.2
    endloop
  endfacet
  facet normal 0.881942 -0.471359 0
    outer loop
      vertex 51.9974 6.24372 3
      vertex 52.2977 6.8056 1.2
      vertex 52.2977 6.8056 3
    endloop
  endfacet
  facet normal 0.881942 -0.471359 0
    outer loop
      vertex 52.2977 6.8056 1.2
      vertex 51.9974 6.24372 3
      vertex 51.9974 6.24372 1.2
    endloop
  endfacet
  facet normal 0.995192 0.0979433 0
    outer loop
      vertex 51.8124 4.36596 3
      vertex 51.75 5 1.2
      vertex 51.75 5 3
    endloop
  endfacet
  facet normal 0.995192 0.0979433 0
    outer loop
      vertex 51.75 5 1.2
      vertex 51.8124 4.36596 3
      vertex 51.8124 4.36596 1.2
    endloop
  endfacet
  facet normal 0.0981075 0.995176 -0
    outer loop
      vertex 55 43.3 0
      vertex 54.6683 43.3327 1.2
      vertex 55 43.3 1.2
    endloop
  endfacet
  facet normal 0.0981075 0.995176 0
    outer loop
      vertex 54.6683 43.3327 1.2
      vertex 55 43.3 0
      vertex 54.6683 43.3327 0
    endloop
  endfacet
  facet normal -0.956971 -0.290182 0
    outer loop
      vertex 56.6673 45.3317 0
      vertex 56.5706 45.6506 1.2
      vertex 56.5706 45.6506 0
    endloop
  endfacet
  facet normal -0.956971 -0.290182 0
    outer loop
      vertex 56.5706 45.6506 1.2
      vertex 56.6673 45.3317 0
      vertex 56.6673 45.3317 1.2
    endloop
  endfacet
  facet normal -0.995176 -0.0981075 0
    outer loop
      vertex 56.7 45 0
      vertex 56.6673 45.3317 1.2
      vertex 56.6673 45.3317 0
    endloop
  endfacet
  facet normal -0.995176 -0.0981075 0
    outer loop
      vertex 56.6673 45.3317 1.2
      vertex 56.7 45 0
      vertex 56.7 45 1.2
    endloop
  endfacet
  facet normal -0.881912 -0.471413 0
    outer loop
      vertex 56.5706 45.6506 0
      vertex 56.4135 45.9445 1.2
      vertex 56.4135 45.9445 0
    endloop
  endfacet
  facet normal -0.881912 -0.471413 0
    outer loop
      vertex 56.4135 45.9445 1.2
      vertex 56.5706 45.6506 0
      vertex 56.5706 45.6506 1.2
    endloop
  endfacet
  facet normal 0.881912 0.471413 0
    outer loop
      vertex 53.5865 44.0555 1.2
      vertex 53.4294 44.3494 0
      vertex 53.4294 44.3494 1.2
    endloop
  endfacet
  facet normal 0.881912 0.471413 0
    outer loop
      vertex 53.4294 44.3494 0
      vertex 53.5865 44.0555 1.2
      vertex 53.5865 44.0555 0
    endloop
  endfacet
  facet normal -0.995176 0.0981075 0
    outer loop
      vertex 56.6673 44.6683 0
      vertex 56.7 45 1.2
      vertex 56.7 45 0
    endloop
  endfacet
  facet normal -0.995176 0.0981075 0
    outer loop
      vertex 56.7 45 1.2
      vertex 56.6673 44.6683 0
      vertex 56.6673 44.6683 1.2
    endloop
  endfacet
  facet normal -0.290182 0.956971 0
    outer loop
      vertex 55.6506 43.4294 0
      vertex 55.3317 43.3327 1.2
      vertex 55.6506 43.4294 1.2
    endloop
  endfacet
  facet normal -0.290182 0.956971 0
    outer loop
      vertex 55.3317 43.3327 1.2
      vertex 55.6506 43.4294 0
      vertex 55.3317 43.3327 0
    endloop
  endfacet
  facet normal 0.995176 0.0981075 0
    outer loop
      vertex 53.3327 44.6683 1.2
      vertex 53.3 45 0
      vertex 53.3 45 1.2
    endloop
  endfacet
  facet normal 0.995176 0.0981075 0
    outer loop
      vertex 53.3 45 0
      vertex 53.3327 44.6683 1.2
      vertex 53.3327 44.6683 0
    endloop
  endfacet
  facet normal -0.0981075 -0.995176 0
    outer loop
      vertex 55 46.7 0
      vertex 55.3317 46.6673 1.2
      vertex 55 46.7 1.2
    endloop
  endfacet
  facet normal -0.0981075 -0.995176 -0
    outer loop
      vertex 55.3317 46.6673 1.2
      vertex 55 46.7 0
      vertex 55.3317 46.6673 0
    endloop
  endfacet
  facet normal -0.956971 0.290182 0
    outer loop
      vertex 56.5706 44.3494 0
      vertex 56.6673 44.6683 1.2
      vertex 56.6673 44.6683 0
    endloop
  endfacet
  facet normal -0.956971 0.290182 0
    outer loop
      vertex 56.6673 44.6683 1.2
      vertex 56.5706 44.3494 0
      vertex 56.5706 44.3494 1.2
    endloop
  endfacet
  facet normal 0.290182 0.956971 -0
    outer loop
      vertex 54.6683 43.3327 0
      vertex 54.3494 43.4294 1.2
      vertex 54.6683 43.3327 1.2
    endloop
  endfacet
  facet normal 0.290182 0.956971 0
    outer loop
      vertex 54.3494 43.4294 1.2
      vertex 54.6683 43.3327 0
      vertex 54.3494 43.4294 0
    endloop
  endfacet
  facet normal 0.995176 -0.0981075 0
    outer loop
      vertex 53.3 45 1.2
      vertex 53.3327 45.3317 0
      vertex 53.3327 45.3317 1.2
    endloop
  endfacet
  facet normal 0.995176 -0.0981075 0
    outer loop
      vertex 53.3327 45.3317 0
      vertex 53.3 45 1.2
      vertex 53.3 45 0
    endloop
  endfacet
  facet normal -0.471413 -0.881912 0
    outer loop
      vertex 55.6506 46.5706 0
      vertex 55.9445 46.4135 1.2
      vertex 55.6506 46.5706 1.2
    endloop
  endfacet
  facet normal -0.471413 -0.881912 -0
    outer loop
      vertex 55.9445 46.4135 1.2
      vertex 55.6506 46.5706 0
      vertex 55.9445 46.4135 0
    endloop
  endfacet
  facet normal -0.290182 -0.956971 0
    outer loop
      vertex 55.3317 46.6673 0
      vertex 55.6506 46.5706 1.2
      vertex 55.3317 46.6673 1.2
    endloop
  endfacet
  facet normal -0.290182 -0.956971 -0
    outer loop
      vertex 55.6506 46.5706 1.2
      vertex 55.3317 46.6673 0
      vertex 55.6506 46.5706 0
    endloop
  endfacet
  facet normal 0.0981075 -0.995176 0
    outer loop
      vertex 54.6683 46.6673 0
      vertex 55 46.7 1.2
      vertex 54.6683 46.6673 1.2
    endloop
  endfacet
  facet normal 0.0981075 -0.995176 0
    outer loop
      vertex 55 46.7 1.2
      vertex 54.6683 46.6673 0
      vertex 55 46.7 0
    endloop
  endfacet
  facet normal 0.956971 -0.290182 0
    outer loop
      vertex 53.3327 45.3317 1.2
      vertex 53.4294 45.6506 0
      vertex 53.4294 45.6506 1.2
    endloop
  endfacet
  facet normal 0.956971 -0.290182 0
    outer loop
      vertex 53.4294 45.6506 0
      vertex 53.3327 45.3317 1.2
      vertex 53.3327 45.3317 0
    endloop
  endfacet
  facet normal 0.634381 -0.773021 0
    outer loop
      vertex 53.7979 46.2021 0
      vertex 54.0555 46.4135 1.2
      vertex 53.7979 46.2021 1.2
    endloop
  endfacet
  facet normal 0.634381 -0.773021 0
    outer loop
      vertex 54.0555 46.4135 1.2
      vertex 53.7979 46.2021 0
      vertex 54.0555 46.4135 0
    endloop
  endfacet
  facet normal -0.773021 -0.634381 0
    outer loop
      vertex 56.4135 45.9445 0
      vertex 56.2021 46.2021 1.2
      vertex 56.2021 46.2021 0
    endloop
  endfacet
  facet normal -0.773021 -0.634381 0
    outer loop
      vertex 56.2021 46.2021 1.2
      vertex 56.4135 45.9445 0
      vertex 56.4135 45.9445 1.2
    endloop
  endfacet
  facet normal 0.471413 -0.881912 0
    outer loop
      vertex 54.0555 46.4135 0
      vertex 54.3494 46.5706 1.2
      vertex 54.0555 46.4135 1.2
    endloop
  endfacet
  facet normal 0.471413 -0.881912 0
    outer loop
      vertex 54.3494 46.5706 1.2
      vertex 54.0555 46.4135 0
      vertex 54.3494 46.5706 0
    endloop
  endfacet
  facet normal -0.471413 0.881912 0
    outer loop
      vertex 55.9445 43.5865 0
      vertex 55.6506 43.4294 1.2
      vertex 55.9445 43.5865 1.2
    endloop
  endfacet
  facet normal -0.471413 0.881912 0
    outer loop
      vertex 55.6506 43.4294 1.2
      vertex 55.9445 43.5865 0
      vertex 55.6506 43.4294 0
    endloop
  endfacet
  facet normal -0.881912 0.471413 0
    outer loop
      vertex 56.4135 44.0555 0
      vertex 56.5706 44.3494 1.2
      vertex 56.5706 44.3494 0
    endloop
  endfacet
  facet normal -0.881912 0.471413 0
    outer loop
      vertex 56.5706 44.3494 1.2
      vertex 56.4135 44.0555 0
      vertex 56.4135 44.0555 1.2
    endloop
  endfacet
  facet normal -0.773021 0.634381 0
    outer loop
      vertex 56.2021 43.7979 0
      vertex 56.4135 44.0555 1.2
      vertex 56.4135 44.0555 0
    endloop
  endfacet
  facet normal -0.773021 0.634381 0
    outer loop
      vertex 56.4135 44.0555 1.2
      vertex 56.2021 43.7979 0
      vertex 56.2021 43.7979 1.2
    endloop
  endfacet
  facet normal -0.634381 -0.773021 0
    outer loop
      vertex 55.9445 46.4135 0
      vertex 56.2021 46.2021 1.2
      vertex 55.9445 46.4135 1.2
    endloop
  endfacet
  facet normal -0.634381 -0.773021 -0
    outer loop
      vertex 56.2021 46.2021 1.2
      vertex 55.9445 46.4135 0
      vertex 56.2021 46.2021 0
    endloop
  endfacet
  facet normal -0.634381 0.773021 0
    outer loop
      vertex 56.2021 43.7979 0
      vertex 55.9445 43.5865 1.2
      vertex 56.2021 43.7979 1.2
    endloop
  endfacet
  facet normal -0.634381 0.773021 0
    outer loop
      vertex 55.9445 43.5865 1.2
      vertex 56.2021 43.7979 0
      vertex 55.9445 43.5865 0
    endloop
  endfacet
  facet normal 0.290182 -0.956971 0
    outer loop
      vertex 54.3494 46.5706 0
      vertex 54.6683 46.6673 1.2
      vertex 54.3494 46.5706 1.2
    endloop
  endfacet
  facet normal 0.290182 -0.956971 0
    outer loop
      vertex 54.6683 46.6673 1.2
      vertex 54.3494 46.5706 0
      vertex 54.6683 46.6673 0
    endloop
  endfacet
  facet normal -0.0981075 0.995176 0
    outer loop
      vertex 55.3317 43.3327 0
      vertex 55 43.3 1.2
      vertex 55.3317 43.3327 1.2
    endloop
  endfacet
  facet normal -0.0981075 0.995176 0
    outer loop
      vertex 55 43.3 1.2
      vertex 55.3317 43.3327 0
      vertex 55 43.3 0
    endloop
  endfacet
  facet normal 0.956971 0.290182 0
    outer loop
      vertex 53.4294 44.3494 1.2
      vertex 53.3327 44.6683 0
      vertex 53.3327 44.6683 1.2
    endloop
  endfacet
  facet normal 0.956971 0.290182 0
    outer loop
      vertex 53.3327 44.6683 0
      vertex 53.4294 44.3494 1.2
      vertex 53.4294 44.3494 0
    endloop
  endfacet
  facet normal 0.773021 -0.634381 0
    outer loop
      vertex 53.5865 45.9445 1.2
      vertex 53.7979 46.2021 0
      vertex 53.7979 46.2021 1.2
    endloop
  endfacet
  facet normal 0.773021 -0.634381 0
    outer loop
      vertex 53.7979 46.2021 0
      vertex 53.5865 45.9445 1.2
      vertex 53.5865 45.9445 0
    endloop
  endfacet
  facet normal 0.773021 0.634381 0
    outer loop
      vertex 53.7979 43.7979 1.2
      vertex 53.5865 44.0555 0
      vertex 53.5865 44.0555 1.2
    endloop
  endfacet
  facet normal 0.773021 0.634381 0
    outer loop
      vertex 53.5865 44.0555 0
      vertex 53.7979 43.7979 1.2
      vertex 53.7979 43.7979 0
    endloop
  endfacet
  facet normal 0.634381 0.773021 -0
    outer loop
      vertex 54.0555 43.5865 0
      vertex 53.7979 43.7979 1.2
      vertex 54.0555 43.5865 1.2
    endloop
  endfacet
  facet normal 0.634381 0.773021 0
    outer loop
      vertex 53.7979 43.7979 1.2
      vertex 54.0555 43.5865 0
      vertex 53.7979 43.7979 0
    endloop
  endfacet
  facet normal 0.471413 0.881912 -0
    outer loop
      vertex 54.3494 43.4294 0
      vertex 54.0555 43.5865 1.2
      vertex 54.3494 43.4294 1.2
    endloop
  endfacet
  facet normal 0.471413 0.881912 0
    outer loop
      vertex 54.0555 43.5865 1.2
      vertex 54.3494 43.4294 0
      vertex 54.0555 43.5865 0
    endloop
  endfacet
  facet normal 0.881912 -0.471413 0
    outer loop
      vertex 53.4294 45.6506 1.2
      vertex 53.5865 45.9445 0
      vertex 53.5865 45.9445 1.2
    endloop
  endfacet
  facet normal 0.881912 -0.471413 0
    outer loop
      vertex 53.5865 45.9445 0
      vertex 53.4294 45.6506 1.2
      vertex 53.4294 45.6506 0
    endloop
  endfacet
  facet normal -0.290356 0.956919 0
    outer loop
      vertex 56.2437 41.9974 1.2
      vertex 55.634 41.8124 3
      vertex 56.2437 41.9974 3
    endloop
  endfacet
  facet normal -0.290356 0.956919 0
    outer loop
      vertex 55.634 41.8124 3
      vertex 56.2437 41.9974 1.2
      vertex 55.634 41.8124 1.2
    endloop
  endfacet
  facet normal -0.956919 -0.290356 0
    outer loop
      vertex 58.1876 45.634 1.2
      vertex 58.0026 46.2437 3
      vertex 58.0026 46.2437 1.2
    endloop
  endfacet
  facet normal -0.956919 -0.290356 0
    outer loop
      vertex 58.0026 46.2437 3
      vertex 58.1876 45.634 1.2
      vertex 58.1876 45.634 3
    endloop
  endfacet
  facet normal -0.995191 -0.0979494 0
    outer loop
      vertex 58.25 45 1.2
      vertex 58.1876 45.634 3
      vertex 58.1876 45.634 1.2
    endloop
  endfacet
  facet normal -0.995191 -0.0979494 0
    outer loop
      vertex 58.1876 45.634 3
      vertex 58.25 45 1.2
      vertex 58.25 45 3
    endloop
  endfacet
  facet normal -0.881949 -0.471346 0
    outer loop
      vertex 58.0026 46.2437 1.2
      vertex 57.7023 46.8056 3
      vertex 57.7023 46.8056 1.2
    endloop
  endfacet
  facet normal -0.881949 -0.471346 0
    outer loop
      vertex 57.7023 46.8056 3
      vertex 58.0026 46.2437 1.2
      vertex 58.0026 46.2437 3
    endloop
  endfacet
  facet normal 0 0 1
    outer loop
      vertex 56.7 45 1.2
      vertex 58.25 45 1.2
      vertex 58.1876 45.634 1.2
    endloop
  endfacet
  facet normal 0 0 1
    outer loop
      vertex 56.6673 45.3317 1.2
      vertex 58.1876 45.634 1.2
      vertex 58.0026 46.2437 1.2
    endloop
  endfacet
  facet normal 0 0 1
    outer loop
      vertex 58.25 45 1.2
      vertex 56.7 45 1.2
      vertex 58.1876 44.366 1.2
    endloop
  endfacet
  facet normal 0 0 1
    outer loop
      vertex 56.5706 45.6506 1.2
      vertex 58.0026 46.2437 1.2
      vertex 57.7023 46.8056 1.2
    endloop
  endfacet
  facet normal -0 0 1
    outer loop
      vertex 56.6673 44.6683 1.2
      vertex 58.1876 44.366 1.2
      vertex 56.7 45 1.2
    endloop
  endfacet
  facet normal 0 0 1
    outer loop
      vertex 56.4135 45.9445 1.2
      vertex 57.7023 46.8056 1.2
      vertex 57.2981 47.2981 1.2
    endloop
  endfacet
  facet normal 0 0 1
    outer loop
      vertex 58.1876 44.366 1.2
      vertex 56.6673 44.6683 1.2
      vertex 58.0026 43.7563 1.2
    endloop
  endfacet
  facet normal 0 0 1
    outer loop
      vertex 56.2021 46.2021 1.2
      vertex 57.2981 47.2981 1.2
      vertex 56.8056 47.7023 1.2
    endloop
  endfacet
  facet normal -0 0 1
    outer loop
      vertex 56.5706 44.3494 1.2
      vertex 58.0026 43.7563 1.2
      vertex 56.6673 44.6683 1.2
    endloop
  endfacet
  facet normal 0 0 1
    outer loop
      vertex 58.0026 43.7563 1.2
      vertex 56.5706 44.3494 1.2
      vertex 57.7023 43.1944 1.2
    endloop
  endfacet
  facet normal 0 0 1
    outer loop
      vertex 58.1876 45.634 1.2
      vertex 56.6673 45.3317 1.2
      vertex 56.7 45 1.2
    endloop
  endfacet
  facet normal 0 0 1
    outer loop
      vertex 58.0026 46.2437 1.2
      vertex 56.5706 45.6506 1.2
      vertex 56.6673 45.3317 1.2
    endloop
  endfacet
  facet normal 0 0 1
    outer loop
      vertex 57.7023 46.8056 1.2
      vertex 56.4135 45.9445 1.2
      vertex 56.5706 45.6506 1.2
    endloop
  endfacet
  facet normal 0 0 1
    outer loop
      vertex 55.9445 46.4135 1.2
      vertex 56.8056 47.7023 1.2
      vertex 56.2437 48.0026 1.2
    endloop
  endfacet
  facet normal 0 0 1
    outer loop
      vertex 57.2981 47.2981 1.2
      vertex 56.2021 46.2021 1.2
      vertex 56.4135 45.9445 1.2
    endloop
  endfacet
  facet normal 0 0 1
    outer loop
      vertex 56.8056 47.7023 1.2
      vertex 55.9445 46.4135 1.2
      vertex 56.2021 46.2021 1.2
    endloop
  endfacet
  facet normal 0 0 1
    outer loop
      vertex 56.2437 48.0026 1.2
      vertex 55.6506 46.5706 1.2
      vertex 55.9445 46.4135 1.2
    endloop
  endfacet
  facet normal 0 0 1
    outer loop
      vertex 55.634 48.1876 1.2
      vertex 55.6506 46.5706 1.2
      vertex 56.2437 48.0026 1.2
    endloop
  endfacet
  facet normal 0 0 1
    outer loop
      vertex 55.634 48.1876 1.2
      vertex 55.3317 46.6673 1.2
      vertex 55.6506 46.5706 1.2
    endloop
  endfacet
  facet normal 0 0 1
    outer loop
      vertex 55 48.25 1.2
      vertex 55.3317 46.6673 1.2
      vertex 55.634 48.1876 1.2
    endloop
  endfacet
  facet normal 0 0 1
    outer loop
      vertex 55 48.25 1.2
      vertex 55 46.7 1.2
      vertex 55.3317 46.6673 1.2
    endloop
  endfacet
  facet normal 0 0 1
    outer loop
      vertex 55 48.25 1.2
      vertex 54.6683 46.6673 1.2
      vertex 55 46.7 1.2
    endloop
  endfacet
  facet normal -0 0 1
    outer loop
      vertex 54.366 48.1876 1.2
      vertex 54.6683 46.6673 1.2
      vertex 55 48.25 1.2
    endloop
  endfacet
  facet normal 0 0 1
    outer loop
      vertex 54.366 48.1876 1.2
      vertex 54.3494 46.5706 1.2
      vertex 54.6683 46.6673 1.2
    endloop
  endfacet
  facet normal -0 0 1
    outer loop
      vertex 53.7563 48.0026 1.2
      vertex 54.3494 46.5706 1.2
      vertex 54.366 48.1876 1.2
    endloop
  endfacet
  facet normal 0 0 1
    outer loop
      vertex 54.3494 46.5706 1.2
      vertex 53.7563 48.0026 1.2
      vertex 54.0555 46.4135 1.2
    endloop
  endfacet
  facet normal -0 0 1
    outer loop
      vertex 53.1944 47.7023 1.2
      vertex 54.0555 46.4135 1.2
      vertex 53.7563 48.0026 1.2
    endloop
  endfacet
  facet normal 0 0 1
    outer loop
      vertex 54.0555 46.4135 1.2
      vertex 53.1944 47.7023 1.2
      vertex 53.7979 46.2021 1.2
    endloop
  endfacet
  facet normal -0 0 1
    outer loop
      vertex 52.7019 47.2981 1.2
      vertex 53.7979 46.2021 1.2
      vertex 53.1944 47.7023 1.2
    endloop
  endfacet
  facet normal 0 0 1
    outer loop
      vertex 53.7979 46.2021 1.2
      vertex 52.7019 47.2981 1.2
      vertex 53.5865 45.9445 1.2
    endloop
  endfacet
  facet normal 0 0 1
    outer loop
      vertex 53.5865 45.9445 1.2
      vertex 52.2977 46.8056 1.2
      vertex 53.4294 45.6506 1.2
    endloop
  endfacet
  facet normal -0 0 1
    outer loop
      vertex 52.2977 46.8056 1.2
      vertex 53.5865 45.9445 1.2
      vertex 52.7019 47.2981 1.2
    endloop
  endfacet
  facet normal -0 0 1
    outer loop
      vertex 56.4135 44.0555 1.2
      vertex 57.7023 43.1944 1.2
      vertex 56.5706 44.3494 1.2
    endloop
  endfacet
  facet normal 0 0 1
    outer loop
      vertex 57.7023 43.1944 1.2
      vertex 56.4135 44.0555 1.2
      vertex 57.2981 42.7019 1.2
    endloop
  endfacet
  facet normal -0 0 1
    outer loop
      vertex 56.2021 43.7979 1.2
      vertex 57.2981 42.7019 1.2
      vertex 56.4135 44.0555 1.2
    endloop
  endfacet
  facet normal 0 0 1
    outer loop
      vertex 57.2981 42.7019 1.2
      vertex 56.2021 43.7979 1.2
      vertex 56.8056 42.2977 1.2
    endloop
  endfacet
  facet normal -0 0 1
    outer loop
      vertex 55.9445 43.5865 1.2
      vertex 56.8056 42.2977 1.2
      vertex 56.2021 43.7979 1.2
    endloop
  endfacet
  facet normal 0 0 1
    outer loop
      vertex 56.8056 42.2977 1.2
      vertex 55.9445 43.5865 1.2
      vertex 56.2437 41.9974 1.2
    endloop
  endfacet
  facet normal -0 0 1
    outer loop
      vertex 55.6506 43.4294 1.2
      vertex 56.2437 41.9974 1.2
      vertex 55.9445 43.5865 1.2
    endloop
  endfacet
  facet normal 0 0 1
    outer loop
      vertex 55.6506 43.4294 1.2
      vertex 55.634 41.8124 1.2
      vertex 56.2437 41.9974 1.2
    endloop
  endfacet
  facet normal -0 0 1
    outer loop
      vertex 55.3317 43.3327 1.2
      vertex 55.634 41.8124 1.2
      vertex 55.6506 43.4294 1.2
    endloop
  endfacet
  facet normal -0 0 1
    outer loop
      vertex 55 43.3 1.2
      vertex 55.634 41.8124 1.2
      vertex 55.3317 43.3327 1.2
    endloop
  endfacet
  facet normal 0 0 1
    outer loop
      vertex 55 43.3 1.2
      vertex 55 41.75 1.2
      vertex 55.634 41.8124 1.2
    endloop
  endfacet
  facet normal 0 0 1
    outer loop
      vertex 54.6683 43.3327 1.2
      vertex 55 41.75 1.2
      vertex 55 43.3 1.2
    endloop
  endfacet
  facet normal 0 0 1
    outer loop
      vertex 54.6683 43.3327 1.2
      vertex 54.366 41.8124 1.2
      vertex 55 41.75 1.2
    endloop
  endfacet
  facet normal 0 0 1
    outer loop
      vertex 54.3494 43.4294 1.2
      vertex 54.366 41.8124 1.2
      vertex 54.6683 43.3327 1.2
    endloop
  endfacet
  facet normal 0 0 1
    outer loop
      vertex 53.7563 41.9974 1.2
      vertex 54.3494 43.4294 1.2
      vertex 54.0555 43.5865 1.2
    endloop
  endfacet
  facet normal 0 0 1
    outer loop
      vertex 53.1944 42.2977 1.2
      vertex 54.0555 43.5865 1.2
      vertex 53.7979 43.7979 1.2
    endloop
  endfacet
  facet normal 0 0 1
    outer loop
      vertex 54.3494 43.4294 1.2
      vertex 53.7563 41.9974 1.2
      vertex 54.366 41.8124 1.2
    endloop
  endfacet
  facet normal 0 0 1
    outer loop
      vertex 52.7019 42.7019 1.2
      vertex 53.7979 43.7979 1.2
      vertex 53.5865 44.0555 1.2
    endloop
  endfacet
  facet normal 0 0 1
    outer loop
      vertex 52.2977 43.1944 1.2
      vertex 53.5865 44.0555 1.2
      vertex 53.4294 44.3494 1.2
    endloop
  endfacet
  facet normal 0 0 1
    outer loop
      vertex 51.9974 43.7563 1.2
      vertex 53.4294 44.3494 1.2
      vertex 53.3327 44.6683 1.2
    endloop
  endfacet
  facet normal 0 0 1
    outer loop
      vertex 54.0555 43.5865 1.2
      vertex 53.1944 42.2977 1.2
      vertex 53.7563 41.9974 1.2
    endloop
  endfacet
  facet normal 0 0 1
    outer loop
      vertex 51.8124 44.366 1.2
      vertex 53.3327 44.6683 1.2
      vertex 53.3 45 1.2
    endloop
  endfacet
  facet normal -0 0 1
    outer loop
      vertex 51.9974 46.2437 1.2
      vertex 53.4294 45.6506 1.2
      vertex 52.2977 46.8056 1.2
    endloop
  endfacet
  facet normal 0 0 1
    outer loop
      vertex 53.4294 45.6506 1.2
      vertex 51.9974 46.2437 1.2
      vertex 53.3327 45.3317 1.2
    endloop
  endfacet
  facet normal 0 0 1
    outer loop
      vertex 53.7979 43.7979 1.2
      vertex 52.7019 42.7019 1.2
      vertex 53.1944 42.2977 1.2
    endloop
  endfacet
  facet normal -0 0 1
    outer loop
      vertex 51.8124 45.634 1.2
      vertex 53.3327 45.3317 1.2
      vertex 51.9974 46.2437 1.2
    endloop
  endfacet
  facet normal 0 0 1
    outer loop
      vertex 53.5865 44.0555 1.2
      vertex 52.2977 43.1944 1.2
      vertex 52.7019 42.7019 1.2
    endloop
  endfacet
  facet normal 0 0 1
    outer loop
      vertex 53.3327 45.3317 1.2
      vertex 51.8124 45.634 1.2
      vertex 53.3 45 1.2
    endloop
  endfacet
  facet normal 0 0 1
    outer loop
      vertex 53.4294 44.3494 1.2
      vertex 51.9974 43.7563 1.2
      vertex 52.2977 43.1944 1.2
    endloop
  endfacet
  facet normal 0 0 1
    outer loop
      vertex 51.75 45 1.2
      vertex 53.3 45 1.2
      vertex 51.8124 45.634 1.2
    endloop
  endfacet
  facet normal 0 0 1
    outer loop
      vertex 53.3327 44.6683 1.2
      vertex 51.8124 44.366 1.2
      vertex 51.9974 43.7563 1.2
    endloop
  endfacet
  facet normal 0 0 1
    outer loop
      vertex 53.3 45 1.2
      vertex 51.75 45 1.2
      vertex 51.8124 44.366 1.2
    endloop
  endfacet
  facet normal 0.881949 0.471346 0
    outer loop
      vertex 52.2977 43.1944 3
      vertex 51.9974 43.7563 1.2
      vertex 51.9974 43.7563 3
    endloop
  endfacet
  facet normal 0.881949 0.471346 0
    outer loop
      vertex 51.9974 43.7563 1.2
      vertex 52.2977 43.1944 3
      vertex 52.2977 43.1944 1.2
    endloop
  endfacet
  facet normal -0.290356 -0.956919 0
    outer loop
      vertex 55.634 48.1876 1.2
      vertex 56.2437 48.0026 3
      vertex 55.634 48.1876 3
    endloop
  endfacet
  facet normal -0.290356 -0.956919 -0
    outer loop
      vertex 56.2437 48.0026 3
      vertex 55.634 48.1876 1.2
      vertex 56.2437 48.0026 1.2
    endloop
  endfacet
  facet normal 0.0979494 -0.995191 0
    outer loop
      vertex 54.366 48.1876 1.2
      vertex 55 48.25 3
      vertex 54.366 48.1876 3
    endloop
  endfacet
  facet normal 0.0979494 -0.995191 0
    outer loop
      vertex 55 48.25 3
      vertex 54.366 48.1876 1.2
      vertex 55 48.25 1.2
    endloop
  endfacet
  facet normal 0.471346 0.881949 -0
    outer loop
      vertex 53.7563 41.9974 1.2
      vertex 53.1944 42.2977 3
      vertex 53.7563 41.9974 3
    endloop
  endfacet
  facet normal 0.471346 0.881949 0
    outer loop
      vertex 53.1944 42.2977 3
      vertex 53.7563 41.9974 1.2
      vertex 53.1944 42.2977 1.2
    endloop
  endfacet
  facet normal 0.471346 -0.881949 0
    outer loop
      vertex 53.1944 47.7023 1.2
      vertex 53.7563 48.0026 3
      vertex 53.1944 47.7023 3
    endloop
  endfacet
  facet normal 0.471346 -0.881949 0
    outer loop
      vertex 53.7563 48.0026 3
      vertex 53.1944 47.7023 1.2
      vertex 53.7563 48.0026 1.2
    endloop
  endfacet
  facet normal -0.471346 0.881949 0
    outer loop
      vertex 56.8056 42.2977 1.2
      vertex 56.2437 41.9974 3
      vertex 56.8056 42.2977 3
    endloop
  endfacet
  facet normal -0.471346 0.881949 0
    outer loop
      vertex 56.2437 41.9974 3
      vertex 56.8056 42.2977 1.2
      vertex 56.2437 41.9974 1.2
    endloop
  endfacet
  facet normal 0.772998 -0.634408 0
    outer loop
      vertex 52.2977 46.8056 3
      vertex 52.7019 47.2981 1.2
      vertex 52.7019 47.2981 3
    endloop
  endfacet
  facet normal 0.772998 -0.634408 0
    outer loop
      vertex 52.7019 47.2981 1.2
      vertex 52.2977 46.8056 3
      vertex 52.2977 46.8056 1.2
    endloop
  endfacet
  facet normal -0.772998 -0.634408 0
    outer loop
      vertex 57.7023 46.8056 1.2
      vertex 57.2981 47.2981 3
      vertex 57.2981 47.2981 1.2
    endloop
  endfacet
  facet normal -0.772998 -0.634408 0
    outer loop
      vertex 57.2981 47.2981 3
      vertex 57.7023 46.8056 1.2
      vertex 57.7023 46.8056 3
    endloop
  endfacet
  facet normal -0.772998 0.634408 0
    outer loop
      vertex 57.2981 42.7019 1.2
      vertex 57.7023 43.1944 3
      vertex 57.7023 43.1944 1.2
    endloop
  endfacet
  facet normal -0.772998 0.634408 0
    outer loop
      vertex 57.7023 43.1944 3
      vertex 57.2981 42.7019 1.2
      vertex 57.2981 42.7019 3
    endloop
  endfacet
  facet normal 0.0979494 0.995191 -0
    outer loop
      vertex 55 41.75 1.2
      vertex 54.366 41.8124 3
      vertex 55 41.75 3
    endloop
  endfacet
  facet normal 0.0979494 0.995191 0
    outer loop
      vertex 54.366 41.8124 3
      vertex 55 41.75 1.2
      vertex 54.366 41.8124 1.2
    endloop
  endfacet
  facet normal 0.290356 -0.956919 0
    outer loop
      vertex 53.7563 48.0026 1.2
      vertex 54.366 48.1876 3
      vertex 53.7563 48.0026 3
    endloop
  endfacet
  facet normal 0.290356 -0.956919 0
    outer loop
      vertex 54.366 48.1876 3
      vertex 53.7563 48.0026 1.2
      vertex 54.366 48.1876 1.2
    endloop
  endfacet
  facet normal -0.634408 0.772998 0
    outer loop
      vertex 57.2981 42.7019 1.2
      vertex 56.8056 42.2977 3
      vertex 57.2981 42.7019 3
    endloop
  endfacet
  facet normal -0.634408 0.772998 0
    outer loop
      vertex 56.8056 42.2977 3
      vertex 57.2981 42.7019 1.2
      vertex 56.8056 42.2977 1.2
    endloop
  endfacet
  facet normal -0.995191 0.0979494 0
    outer loop
      vertex 58.1876 44.366 1.2
      vertex 58.25 45 3
      vertex 58.25 45 1.2
    endloop
  endfacet
  facet normal -0.995191 0.0979494 0
    outer loop
      vertex 58.25 45 3
      vertex 58.1876 44.366 1.2
      vertex 58.1876 44.366 3
    endloop
  endfacet
  facet normal 0.290356 0.956919 -0
    outer loop
      vertex 54.366 41.8124 1.2
      vertex 53.7563 41.9974 3
      vertex 54.366 41.8124 3
    endloop
  endfacet
  facet normal 0.290356 0.956919 0
    outer loop
      vertex 53.7563 41.9974 3
      vertex 54.366 41.8124 1.2
      vertex 53.7563 41.9974 1.2
    endloop
  endfacet
  facet normal -0.956919 0.290356 0
    outer loop
      vertex 58.0026 43.7563 1.2
      vertex 58.1876 44.366 3
      vertex 58.1876 44.366 1.2
    endloop
  endfacet
  facet normal -0.956919 0.290356 0
    outer loop
      vertex 58.1876 44.366 3
      vertex 58.0026 43.7563 1.2
      vertex 58.0026 43.7563 3
    endloop
  endfacet
  facet normal 0.956919 0.290356 0
    outer loop
      vertex 51.9974 43.7563 3
      vertex 51.8124 44.366 1.2
      vertex 51.8124 44.366 3
    endloop
  endfacet
  facet normal 0.956919 0.290356 0
    outer loop
      vertex 51.8124 44.366 1.2
      vertex 51.9974 43.7563 3
      vertex 51.9974 43.7563 1.2
    endloop
  endfacet
  facet normal -0.881949 0.471346 0
    outer loop
      vertex 57.7023 43.1944 1.2
      vertex 58.0026 43.7563 3
      vertex 58.0026 43.7563 1.2
    endloop
  endfacet
  facet normal -0.881949 0.471346 0
    outer loop
      vertex 58.0026 43.7563 3
      vertex 57.7023 43.1944 1.2
      vertex 57.7023 43.1944 3
    endloop
  endfacet
  facet normal 0.995191 -0.0979494 0
    outer loop
      vertex 51.75 45 3
      vertex 51.8124 45.634 1.2
      vertex 51.8124 45.634 3
    endloop
  endfacet
  facet normal 0.995191 -0.0979494 0
    outer loop
      vertex 51.8124 45.634 1.2
      vertex 51.75 45 3
      vertex 51.75 45 1.2
    endloop
  endfacet
  facet normal -0.0979494 -0.995191 0
    outer loop
      vertex 55 48.25 1.2
      vertex 55.634 48.1876 3
      vertex 55 48.25 3
    endloop
  endfacet
  facet normal -0.0979494 -0.995191 -0
    outer loop
      vertex 55.634 48.1876 3
      vertex 55 48.25 1.2
      vertex 55.634 48.1876 1.2
    endloop
  endfacet
  facet normal 0.634408 -0.772998 0
    outer loop
      vertex 52.7019 47.2981 1.2
      vertex 53.1944 47.7023 3
      vertex 52.7019 47.2981 3
    endloop
  endfacet
  facet normal 0.634408 -0.772998 0
    outer loop
      vertex 53.1944 47.7023 3
      vertex 52.7019 47.2981 1.2
      vertex 53.1944 47.7023 1.2
    endloop
  endfacet
  facet normal -0.634408 -0.772998 0
    outer loop
      vertex 56.8056 47.7023 1.2
      vertex 57.2981 47.2981 3
      vertex 56.8056 47.7023 3
    endloop
  endfacet
  facet normal -0.634408 -0.772998 -0
    outer loop
      vertex 57.2981 47.2981 3
      vertex 56.8056 47.7023 1.2
      vertex 57.2981 47.2981 1.2
    endloop
  endfacet
  facet normal -0.0979494 0.995191 0
    outer loop
      vertex 55.634 41.8124 1.2
      vertex 55 41.75 3
      vertex 55.634 41.8124 3
    endloop
  endfacet
  facet normal -0.0979494 0.995191 0
    outer loop
      vertex 55 41.75 3
      vertex 55.634 41.8124 1.2
      vertex 55 41.75 1.2
    endloop
  endfacet
  facet normal -0.471346 -0.881949 0
    outer loop
      vertex 56.2437 48.0026 1.2
      vertex 56.8056 47.7023 3
      vertex 56.2437 48.0026 3
    endloop
  endfacet
  facet normal -0.471346 -0.881949 -0
    outer loop
      vertex 56.8056 47.7023 3
      vertex 56.2437 48.0026 1.2
      vertex 56.8056 47.7023 1.2
    endloop
  endfacet
  facet normal 0.772998 0.634408 0
    outer loop
      vertex 52.7019 42.7019 3
      vertex 52.2977 43.1944 1.2
      vertex 52.2977 43.1944 3
    endloop
  endfacet
  facet normal 0.772998 0.634408 0
    outer loop
      vertex 52.2977 43.1944 1.2
      vertex 52.7019 42.7019 3
      vertex 52.7019 42.7019 1.2
    endloop
  endfacet
  facet normal 0.634408 0.772998 -0
    outer loop
      vertex 53.1944 42.2977 1.2
      vertex 52.7019 42.7019 3
      vertex 53.1944 42.2977 3
    endloop
  endfacet
  facet normal 0.634408 0.772998 0
    outer loop
      vertex 52.7019 42.7019 3
      vertex 53.1944 42.2977 1.2
      vertex 52.7019 42.7019 1.2
    endloop
  endfacet
  facet normal 0.956919 -0.290356 0
    outer loop
      vertex 51.8124 45.634 3
      vertex 51.9974 46.2437 1.2
      vertex 51.9974 46.2437 3
    endloop
  endfacet
  facet normal 0.956919 -0.290356 0
    outer loop
      vertex 51.9974 46.2437 1.2
      vertex 51.8124 45.634 3
      vertex 51.8124 45.634 1.2
    endloop
  endfacet
  facet normal 0.881949 -0.471346 0
    outer loop
      vertex 51.9974 46.2437 3
      vertex 52.2977 46.8056 1.2
      vertex 52.2977 46.8056 3
    endloop
  endfacet
  facet normal 0.881949 -0.471346 0
    outer loop
      vertex 52.2977 46.8056 1.2
      vertex 51.9974 46.2437 3
      vertex 51.9974 46.2437 1.2
    endloop
  endfacet
  facet normal 0.995191 0.0979494 0
    outer loop
      vertex 51.8124 44.366 3
      vertex 51.75 45 1.2
      vertex 51.75 45 3
    endloop
  endfacet
  facet normal 0.995191 0.0979494 0
    outer loop
      vertex 51.75 45 1.2
      vertex 51.8124 44.366 3
      vertex 51.8124 44.366 1.2
    endloop
  endfacet
  facet normal -0.707107 0.707107 0
    outer loop
      vertex 78.9746 30.4771 2.8
      vertex 78.7529 30.2554 6.7
      vertex 78.9746 30.4771 6.7
    endloop
  endfacet
  facet normal -0.707107 0.707107 0
    outer loop
      vertex 78.7529 30.2554 6.7
      vertex 78.9746 30.4771 2.8
      vertex 78.7529 30.2554 2.8
    endloop
  endfacet
  facet normal -0.943923 -0.330166 0
    outer loop
      vertex 79.2449 31.6615 2.8
      vertex 79.1414 31.9574 6.7
      vertex 79.1414 31.9574 2.8
    endloop
  endfacet
  facet normal -0.943923 -0.330166 0
    outer loop
      vertex 79.1414 31.9574 6.7
      vertex 79.2449 31.6615 2.8
      vertex 79.2449 31.6615 6.7
    endloop
  endfacet
  facet normal -0.993711 -0.111972 0
    outer loop
      vertex 79.28 31.35 2.8
      vertex 79.2449 31.6615 6.7
      vertex 79.2449 31.6615 2.8
    endloop
  endfacet
  facet normal -0.993711 -0.111972 0
    outer loop
      vertex 79.2449 31.6615 6.7
      vertex 79.28 31.35 2.8
      vertex 79.28 31.35 6.7
    endloop
  endfacet
  facet normal -0.84676 -0.531976 0
    outer loop
      vertex 79.1414 31.9574 2.8
      vertex 78.9746 32.2229 6.7
      vertex 78.9746 32.2229 2.8
    endloop
  endfacet
  facet normal -0.84676 -0.531976 0
    outer loop
      vertex 78.9746 32.2229 6.7
      vertex 79.1414 31.9574 2.8
      vertex 79.1414 31.9574 6.7
    endloop
  endfacet
  facet normal 0.84676 -0.531976 0
    outer loop
      vertex 76.6186 31.9574 6.7
      vertex 76.7854 32.2229 2.8
      vertex 76.7854 32.2229 6.7
    endloop
  endfacet
  facet normal 0.84676 -0.531976 0
    outer loop
      vertex 76.7854 32.2229 2.8
      vertex 76.6186 31.9574 6.7
      vertex 76.6186 31.9574 2.8
    endloop
  endfacet
  facet normal 0.943923 -0.330166 0
    outer loop
      vertex 76.5151 31.6615 6.7
      vertex 76.6186 31.9574 2.8
      vertex 76.6186 31.9574 6.7
    endloop
  endfacet
  facet normal 0.943923 -0.330166 0
    outer loop
      vertex 76.6186 31.9574 2.8
      vertex 76.5151 31.6615 6.7
      vertex 76.5151 31.6615 2.8
    endloop
  endfacet
  facet normal -0.993711 0.111972 0
    outer loop
      vertex 79.2449 31.0385 2.8
      vertex 79.28 31.35 6.7
      vertex 79.28 31.35 2.8
    endloop
  endfacet
  facet normal -0.993711 0.111972 0
    outer loop
      vertex 79.28 31.35 6.7
      vertex 79.2449 31.0385 2.8
      vertex 79.2449 31.0385 6.7
    endloop
  endfacet
  facet normal -0.707107 -0.707107 0
    outer loop
      vertex 78.9746 32.2229 2.8
      vertex 78.7529 32.4446 6.7
      vertex 78.7529 32.4446 2.8
    endloop
  endfacet
  facet normal -0.707107 -0.707107 0
    outer loop
      vertex 78.7529 32.4446 6.7
      vertex 78.9746 32.2229 2.8
      vertex 78.9746 32.2229 6.7
    endloop
  endfacet
  facet normal 0.707107 -0.707107 0
    outer loop
      vertex 76.7854 32.2229 6.7
      vertex 77.0071 32.4446 2.8
      vertex 77.0071 32.4446 6.7
    endloop
  endfacet
  facet normal 0.707107 -0.707107 0
    outer loop
      vertex 77.0071 32.4446 2.8
      vertex 76.7854 32.2229 6.7
      vertex 76.7854 32.2229 2.8
    endloop
  endfacet
  facet normal 0.943923 0.330166 0
    outer loop
      vertex 76.6186 30.7426 6.7
      vertex 76.5151 31.0385 2.8
      vertex 76.5151 31.0385 6.7
    endloop
  endfacet
  facet normal 0.943923 0.330166 0
    outer loop
      vertex 76.5151 31.0385 2.8
      vertex 76.6186 30.7426 6.7
      vertex 76.6186 30.7426 2.8
    endloop
  endfacet
  facet normal 0.993711 -0.111972 0
    outer loop
      vertex 76.48 31.35 6.7
      vertex 76.5151 31.6615 2.8
      vertex 76.5151 31.6615 6.7
    endloop
  endfacet
  facet normal 0.993711 -0.111972 0
    outer loop
      vertex 76.5151 31.6615 2.8
      vertex 76.48 31.35 6.7
      vertex 76.48 31.35 2.8
    endloop
  endfacet
  facet normal 0.111972 0.993711 -0
    outer loop
      vertex 77.88 29.95 2.8
      vertex 77.5685 29.9851 6.7
      vertex 77.88 29.95 6.7
    endloop
  endfacet
  facet normal 0.111972 0.993711 0
    outer loop
      vertex 77.5685 29.9851 6.7
      vertex 77.88 29.95 2.8
      vertex 77.5685 29.9851 2.8
    endloop
  endfacet
  facet normal -0.943923 0.330166 0
    outer loop
      vertex 79.1414 30.7426 2.8
      vertex 79.2449 31.0385 6.7
      vertex 79.2449 31.0385 2.8
    endloop
  endfacet
  facet normal -0.943923 0.330166 0
    outer loop
      vertex 79.2449 31.0385 6.7
      vertex 79.1414 30.7426 2.8
      vertex 79.1414 30.7426 6.7
    endloop
  endfacet
  facet normal 0.111972 -0.993711 0
    outer loop
      vertex 77.5685 32.7149 2.8
      vertex 77.88 32.75 6.7
      vertex 77.5685 32.7149 6.7
    endloop
  endfacet
  facet normal 0.111972 -0.993711 0
    outer loop
      vertex 77.88 32.75 6.7
      vertex 77.5685 32.7149 2.8
      vertex 77.88 32.75 2.8
    endloop
  endfacet
  facet normal -0.531976 0.84676 0
    outer loop
      vertex 78.7529 30.2554 2.8
      vertex 78.4874 30.0886 6.7
      vertex 78.7529 30.2554 6.7
    endloop
  endfacet
  facet normal -0.531976 0.84676 0
    outer loop
      vertex 78.4874 30.0886 6.7
      vertex 78.7529 30.2554 2.8
      vertex 78.4874 30.0886 2.8
    endloop
  endfacet
  facet normal 0.531976 0.84676 -0
    outer loop
      vertex 77.2726 30.0886 2.8
      vertex 77.0071 30.2554 6.7
      vertex 77.2726 30.0886 6.7
    endloop
  endfacet
  facet normal 0.531976 0.84676 0
    outer loop
      vertex 77.0071 30.2554 6.7
      vertex 77.2726 30.0886 2.8
      vertex 77.0071 30.2554 2.8
    endloop
  endfacet
  facet normal 0.330166 0.943923 -0
    outer loop
      vertex 77.5685 29.9851 2.8
      vertex 77.2726 30.0886 6.7
      vertex 77.5685 29.9851 6.7
    endloop
  endfacet
  facet normal 0.330166 0.943923 0
    outer loop
      vertex 77.2726 30.0886 6.7
      vertex 77.5685 29.9851 2.8
      vertex 77.2726 30.0886 2.8
    endloop
  endfacet
  facet normal 0.330166 -0.943923 0
    outer loop
      vertex 77.2726 32.6114 2.8
      vertex 77.5685 32.7149 6.7
      vertex 77.2726 32.6114 6.7
    endloop
  endfacet
  facet normal 0.330166 -0.943923 0
    outer loop
      vertex 77.5685 32.7149 6.7
      vertex 77.2726 32.6114 2.8
      vertex 77.5685 32.7149 2.8
    endloop
  endfacet
  facet normal 0.531976 -0.84676 0
    outer loop
      vertex 77.0071 32.4446 2.8
      vertex 77.2726 32.6114 6.7
      vertex 77.0071 32.4446 6.7
    endloop
  endfacet
  facet normal 0.531976 -0.84676 0
    outer loop
      vertex 77.2726 32.6114 6.7
      vertex 77.0071 32.4446 2.8
      vertex 77.2726 32.6114 2.8
    endloop
  endfacet
  facet normal -0.330166 0.943923 0
    outer loop
      vertex 78.4874 30.0886 2.8
      vertex 78.1915 29.9851 6.7
      vertex 78.4874 30.0886 6.7
    endloop
  endfacet
  facet normal -0.330166 0.943923 0
    outer loop
      vertex 78.1915 29.9851 6.7
      vertex 78.4874 30.0886 2.8
      vertex 78.1915 29.9851 2.8
    endloop
  endfacet
  facet normal -0.531976 -0.84676 0
    outer loop
      vertex 78.4874 32.6114 2.8
      vertex 78.7529 32.4446 6.7
      vertex 78.4874 32.6114 6.7
    endloop
  endfacet
  facet normal -0.531976 -0.84676 -0
    outer loop
      vertex 78.7529 32.4446 6.7
      vertex 78.4874 32.6114 2.8
      vertex 78.7529 32.4446 2.8
    endloop
  endfacet
  facet normal -0.84676 0.531976 0
    outer loop
      vertex 78.9746 30.4771 2.8
      vertex 79.1414 30.7426 6.7
      vertex 79.1414 30.7426 2.8
    endloop
  endfacet
  facet normal -0.84676 0.531976 0
    outer loop
      vertex 79.1414 30.7426 6.7
      vertex 78.9746 30.4771 2.8
      vertex 78.9746 30.4771 6.7
    endloop
  endfacet
  facet normal -0.330166 -0.943923 0
    outer loop
      vertex 78.1915 32.7149 2.8
      vertex 78.4874 32.6114 6.7
      vertex 78.1915 32.7149 6.7
    endloop
  endfacet
  facet normal -0.330166 -0.943923 -0
    outer loop
      vertex 78.4874 32.6114 6.7
      vertex 78.1915 32.7149 2.8
      vertex 78.4874 32.6114 2.8
    endloop
  endfacet
  facet normal 0.84676 0.531976 0
    outer loop
      vertex 76.7854 30.4771 6.7
      vertex 76.6186 30.7426 2.8
      vertex 76.6186 30.7426 6.7
    endloop
  endfacet
  facet normal 0.84676 0.531976 0
    outer loop
      vertex 76.6186 30.7426 2.8
      vertex 76.7854 30.4771 6.7
      vertex 76.7854 30.4771 2.8
    endloop
  endfacet
  facet normal -0.111972 0.993711 0
    outer loop
      vertex 78.1915 29.9851 2.8
      vertex 77.88 29.95 6.7
      vertex 78.1915 29.9851 6.7
    endloop
  endfacet
  facet normal -0.111972 0.993711 0
    outer loop
      vertex 77.88 29.95 6.7
      vertex 78.1915 29.9851 2.8
      vertex 77.88 29.95 2.8
    endloop
  endfacet
  facet normal 0.993711 0.111972 0
    outer loop
      vertex 76.5151 31.0385 6.7
      vertex 76.48 31.35 2.8
      vertex 76.48 31.35 6.7
    endloop
  endfacet
  facet normal 0.993711 0.111972 0
    outer loop
      vertex 76.48 31.35 2.8
      vertex 76.5151 31.0385 6.7
      vertex 76.5151 31.0385 2.8
    endloop
  endfacet
  facet normal 0 0 1
    outer loop
      vertex 79.2449 31.6615 2.8
      vertex 79.2449 31.0385 2.8
      vertex 79.28 31.35 2.8
    endloop
  endfacet
  facet normal 0 0 1
    outer loop
      vertex 79.1414 31.9574 2.8
      vertex 79.2449 31.0385 2.8
      vertex 79.2449 31.6615 2.8
    endloop
  endfacet
  facet normal 0 0 1
    outer loop
      vertex 79.1414 31.9574 2.8
      vertex 79.1414 30.7426 2.8
      vertex 79.2449 31.0385 2.8
    endloop
  endfacet
  facet normal 0 0 1
    outer loop
      vertex 78.9746 32.2229 2.8
      vertex 79.1414 30.7426 2.8
      vertex 79.1414 31.9574 2.8
    endloop
  endfacet
  facet normal 0 0 1
    outer loop
      vertex 78.9746 32.2229 2.8
      vertex 78.9746 30.4771 2.8
      vertex 79.1414 30.7426 2.8
    endloop
  endfacet
  facet normal 0 0 1
    outer loop
      vertex 78.7529 32.4446 2.8
      vertex 78.9746 30.4771 2.8
      vertex 78.9746 32.2229 2.8
    endloop
  endfacet
  facet normal 0 0 1
    outer loop
      vertex 78.7529 32.4446 2.8
      vertex 78.7529 30.2554 2.8
      vertex 78.9746 30.4771 2.8
    endloop
  endfacet
  facet normal 0 0 1
    outer loop
      vertex 78.4874 32.6114 2.8
      vertex 78.7529 30.2554 2.8
      vertex 78.7529 32.4446 2.8
    endloop
  endfacet
  facet normal 0 0 1
    outer loop
      vertex 78.4874 32.6114 2.8
      vertex 78.4874 30.0886 2.8
      vertex 78.7529 30.2554 2.8
    endloop
  endfacet
  facet normal 0 0 1
    outer loop
      vertex 78.1915 32.7149 2.8
      vertex 78.4874 30.0886 2.8
      vertex 78.4874 32.6114 2.8
    endloop
  endfacet
  facet normal 0 0 1
    outer loop
      vertex 78.1915 32.7149 2.8
      vertex 78.1915 29.9851 2.8
      vertex 78.4874 30.0886 2.8
    endloop
  endfacet
  facet normal 0 0 1
    outer loop
      vertex 77.88 32.75 2.8
      vertex 78.1915 29.9851 2.8
      vertex 78.1915 32.7149 2.8
    endloop
  endfacet
  facet normal 0 0 1
    outer loop
      vertex 77.88 32.75 2.8
      vertex 77.88 29.95 2.8
      vertex 78.1915 29.9851 2.8
    endloop
  endfacet
  facet normal -0 0 1
    outer loop
      vertex 77.5685 32.7149 2.8
      vertex 77.88 29.95 2.8
      vertex 77.88 32.75 2.8
    endloop
  endfacet
  facet normal 0 0 1
    outer loop
      vertex 77.5685 32.7149 2.8
      vertex 77.5685 29.9851 2.8
      vertex 77.88 29.95 2.8
    endloop
  endfacet
  facet normal -0 0 1
    outer loop
      vertex 77.2726 32.6114 2.8
      vertex 77.5685 29.9851 2.8
      vertex 77.5685 32.7149 2.8
    endloop
  endfacet
  facet normal 0 0 1
    outer loop
      vertex 77.2726 32.6114 2.8
      vertex 77.2726 30.0886 2.8
      vertex 77.5685 29.9851 2.8
    endloop
  endfacet
  facet normal -0 0 1
    outer loop
      vertex 77.0071 32.4446 2.8
      vertex 77.2726 30.0886 2.8
      vertex 77.2726 32.6114 2.8
    endloop
  endfacet
  facet normal 0 0 1
    outer loop
      vertex 77.0071 32.4446 2.8
      vertex 77.0071 30.2554 2.8
      vertex 77.2726 30.0886 2.8
    endloop
  endfacet
  facet normal -0 0 1
    outer loop
      vertex 76.7854 32.2229 2.8
      vertex 77.0071 30.2554 2.8
      vertex 77.0071 32.4446 2.8
    endloop
  endfacet
  facet normal 0 0 1
    outer loop
      vertex 76.7854 32.2229 2.8
      vertex 76.7854 30.4771 2.8
      vertex 77.0071 30.2554 2.8
    endloop
  endfacet
  facet normal -0 0 1
    outer loop
      vertex 76.6186 31.9574 2.8
      vertex 76.7854 30.4771 2.8
      vertex 76.7854 32.2229 2.8
    endloop
  endfacet
  facet normal 0 0 1
    outer loop
      vertex 76.6186 31.9574 2.8
      vertex 76.6186 30.7426 2.8
      vertex 76.7854 30.4771 2.8
    endloop
  endfacet
  facet normal -0 0 1
    outer loop
      vertex 76.5151 31.6615 2.8
      vertex 76.6186 30.7426 2.8
      vertex 76.6186 31.9574 2.8
    endloop
  endfacet
  facet normal 0 0 1
    outer loop
      vertex 76.5151 31.6615 2.8
      vertex 76.5151 31.0385 2.8
      vertex 76.6186 30.7426 2.8
    endloop
  endfacet
  facet normal 0 -0 1
    outer loop
      vertex 76.5151 31.0385 2.8
      vertex 76.5151 31.6615 2.8
      vertex 76.48 31.35 2.8
    endloop
  endfacet
  facet normal 0.707107 0.707107 0
    outer loop
      vertex 77.0071 30.2554 6.7
      vertex 76.7854 30.4771 2.8
      vertex 76.7854 30.4771 6.7
    endloop
  endfacet
  facet normal 0.707107 0.707107 0
    outer loop
      vertex 76.7854 30.4771 2.8
      vertex 77.0071 30.2554 6.7
      vertex 77.0071 30.2554 2.8
    endloop
  endfacet
  facet normal -0.111972 -0.993711 0
    outer loop
      vertex 77.88 32.75 2.8
      vertex 78.1915 32.7149 6.7
      vertex 77.88 32.75 6.7
    endloop
  endfacet
  facet normal -0.111972 -0.993711 -0
    outer loop
      vertex 78.1915 32.7149 6.7
      vertex 77.88 32.75 2.8
      vertex 78.1915 32.7149 2.8
    endloop
  endfacet
  facet normal 0 1 -0
    outer loop
      vertex 79.38 28.7519 6.7
      vertex 76.38 28.7519 9
      vertex 79.38 28.7519 9
    endloop
  endfacet
  facet normal 0 1 0
    outer loop
      vertex 76.38 28.7519 9
      vertex 79.38 28.7519 6.7
      vertex 76.38 28.7519 6.7
    endloop
  endfacet
  facet normal -0.866027 0.499997 0
    outer loop
      vertex 79.38 28.7519 6.7
      vertex 80.88 31.35 9
      vertex 80.88 31.35 6.7
    endloop
  endfacet
  facet normal -0.866027 0.499997 0
    outer loop
      vertex 80.88 31.35 9
      vertex 79.38 28.7519 6.7
      vertex 79.38 28.7519 9
    endloop
  endfacet
  facet normal 0 -1 0
    outer loop
      vertex 76.38 33.9481 6.7
      vertex 79.38 33.9481 9
      vertex 76.38 33.9481 9
    endloop
  endfacet
  facet normal 0 -1 -0
    outer loop
      vertex 79.38 33.9481 9
      vertex 76.38 33.9481 6.7
      vertex 79.38 33.9481 6.7
    endloop
  endfacet
  facet normal -0.866027 -0.499997 0
    outer loop
      vertex 80.88 31.35 6.7
      vertex 79.38 33.9481 9
      vertex 79.38 33.9481 6.7
    endloop
  endfacet
  facet normal -0.866027 -0.499997 0
    outer loop
      vertex 79.38 33.9481 9
      vertex 80.88 31.35 6.7
      vertex 80.88 31.35 9
    endloop
  endfacet
  facet normal 0.866027 -0.499997 0
    outer loop
      vertex 74.88 31.35 9
      vertex 76.38 33.9481 6.7
      vertex 76.38 33.9481 9
    endloop
  endfacet
  facet normal 0.866027 -0.499997 0
    outer loop
      vertex 76.38 33.9481 6.7
      vertex 74.88 31.35 9
      vertex 74.88 31.35 6.7
    endloop
  endfacet
  facet normal 0.866027 0.499997 0
    outer loop
      vertex 76.38 28.7519 9
      vertex 74.88 31.35 6.7
      vertex 74.88 31.35 9
    endloop
  endfacet
  facet normal 0.866027 0.499997 0
    outer loop
      vertex 74.88 31.35 6.7
      vertex 76.38 28.7519 9
      vertex 76.38 28.7519 6.7
    endloop
  endfacet
  facet normal -0 0 1
    outer loop
      vertex 79.1414 31.9574 6.7
      vertex 80.88 31.35 6.7
      vertex 79.38 33.9481 6.7
    endloop
  endfacet
  facet normal 0 0 1
    outer loop
      vertex 79.2449 31.0385 6.7
      vertex 80.88 31.35 6.7
      vertex 79.28 31.35 6.7
    endloop
  endfacet
  facet normal 0 0 1
    outer loop
      vertex 80.88 31.35 6.7
      vertex 79.2449 31.6615 6.7
      vertex 79.28 31.35 6.7
    endloop
  endfacet
  facet normal 0 0 1
    outer loop
      vertex 80.88 31.35 6.7
      vertex 79.1414 31.9574 6.7
      vertex 79.2449 31.6615 6.7
    endloop
  endfacet
  facet normal 0 0 1
    outer loop
      vertex 79.38 33.9481 6.7
      vertex 78.9746 32.2229 6.7
      vertex 79.1414 31.9574 6.7
    endloop
  endfacet
  facet normal 0 0 1
    outer loop
      vertex 79.38 33.9481 6.7
      vertex 78.7529 32.4446 6.7
      vertex 78.9746 32.2229 6.7
    endloop
  endfacet
  facet normal 0 0 1
    outer loop
      vertex 79.38 33.9481 6.7
      vertex 78.4874 32.6114 6.7
      vertex 78.7529 32.4446 6.7
    endloop
  endfacet
  facet normal 0 0 1
    outer loop
      vertex 79.38 33.9481 6.7
      vertex 78.1915 32.7149 6.7
      vertex 78.4874 32.6114 6.7
    endloop
  endfacet
  facet normal 0 0 1
    outer loop
      vertex 79.38 33.9481 6.7
      vertex 77.88 32.75 6.7
      vertex 78.1915 32.7149 6.7
    endloop
  endfacet
  facet normal -0 0 1
    outer loop
      vertex 76.38 33.9481 6.7
      vertex 77.88 32.75 6.7
      vertex 79.38 33.9481 6.7
    endloop
  endfacet
  facet normal 0 0 1
    outer loop
      vertex 77.88 32.75 6.7
      vertex 76.38 33.9481 6.7
      vertex 77.5685 32.7149 6.7
    endloop
  endfacet
  facet normal 0 0 1
    outer loop
      vertex 77.5685 32.7149 6.7
      vertex 76.38 33.9481 6.7
      vertex 77.2726 32.6114 6.7
    endloop
  endfacet
  facet normal 0 0 1
    outer loop
      vertex 76.6186 31.9574 6.7
      vertex 74.88 31.35 6.7
      vertex 76.5151 31.6615 6.7
    endloop
  endfacet
  facet normal 0 0 1
    outer loop
      vertex 74.88 31.35 6.7
      vertex 76.6186 31.9574 6.7
      vertex 76.38 33.9481 6.7
    endloop
  endfacet
  facet normal 0 0 1
    outer loop
      vertex 76.7854 32.2229 6.7
      vertex 76.38 33.9481 6.7
      vertex 76.6186 31.9574 6.7
    endloop
  endfacet
  facet normal 0 0 1
    outer loop
      vertex 77.0071 32.4446 6.7
      vertex 76.38 33.9481 6.7
      vertex 76.7854 32.2229 6.7
    endloop
  endfacet
  facet normal 0 0 1
    outer loop
      vertex 77.2726 32.6114 6.7
      vertex 76.38 33.9481 6.7
      vertex 77.0071 32.4446 6.7
    endloop
  endfacet
  facet normal 0 0 1
    outer loop
      vertex 79.1414 30.7426 6.7
      vertex 80.88 31.35 6.7
      vertex 79.2449 31.0385 6.7
    endloop
  endfacet
  facet normal 0 0 1
    outer loop
      vertex 80.88 31.35 6.7
      vertex 79.1414 30.7426 6.7
      vertex 79.38 28.7519 6.7
    endloop
  endfacet
  facet normal -0 0 1
    outer loop
      vertex 78.9746 30.4771 6.7
      vertex 79.38 28.7519 6.7
      vertex 79.1414 30.7426 6.7
    endloop
  endfacet
  facet normal -0 0 1
    outer loop
      vertex 78.7529 30.2554 6.7
      vertex 79.38 28.7519 6.7
      vertex 78.9746 30.4771 6.7
    endloop
  endfacet
  facet normal -0 0 1
    outer loop
      vertex 78.4874 30.0886 6.7
      vertex 79.38 28.7519 6.7
      vertex 78.7529 30.2554 6.7
    endloop
  endfacet
  facet normal -0 0 1
    outer loop
      vertex 78.1915 29.9851 6.7
      vertex 79.38 28.7519 6.7
      vertex 78.4874 30.0886 6.7
    endloop
  endfacet
  facet normal -0 0 1
    outer loop
      vertex 77.88 29.95 6.7
      vertex 79.38 28.7519 6.7
      vertex 78.1915 29.9851 6.7
    endloop
  endfacet
  facet normal 0 0 1
    outer loop
      vertex 76.38 28.7519 6.7
      vertex 77.88 29.95 6.7
      vertex 77.5685 29.9851 6.7
    endloop
  endfacet
  facet normal 0 0 1
    outer loop
      vertex 76.38 28.7519 6.7
      vertex 77.5685 29.9851 6.7
      vertex 77.2726 30.0886 6.7
    endloop
  endfacet
  facet normal 0 0 1
    outer loop
      vertex 76.38 28.7519 6.7
      vertex 77.2726 30.0886 6.7
      vertex 77.0071 30.2554 6.7
    endloop
  endfacet
  facet normal 0 0 1
    outer loop
      vertex 77.88 29.95 6.7
      vertex 76.38 28.7519 6.7
      vertex 79.38 28.7519 6.7
    endloop
  endfacet
  facet normal 0 0 1
    outer loop
      vertex 76.7854 30.4771 6.7
      vertex 76.38 28.7519 6.7
      vertex 77.0071 30.2554 6.7
    endloop
  endfacet
  facet normal 0 0 1
    outer loop
      vertex 76.6186 30.7426 6.7
      vertex 76.38 28.7519 6.7
      vertex 76.7854 30.4771 6.7
    endloop
  endfacet
  facet normal 0 0 1
    outer loop
      vertex 74.88 31.35 6.7
      vertex 76.6186 30.7426 6.7
      vertex 76.5151 31.0385 6.7
    endloop
  endfacet
  facet normal -0 0 1
    outer loop
      vertex 74.88 31.35 6.7
      vertex 76.5151 31.0385 6.7
      vertex 76.48 31.35 6.7
    endloop
  endfacet
  facet normal 0 0 1
    outer loop
      vertex 76.5151 31.6615 6.7
      vertex 74.88 31.35 6.7
      vertex 76.48 31.35 6.7
    endloop
  endfacet
  facet normal 0 0 1
    outer loop
      vertex 76.6186 30.7426 6.7
      vertex 74.88 31.35 6.7
      vertex 76.38 28.7519 6.7
    endloop
  endfacet
  facet normal -0.330166 0.943923 0
    outer loop
      vertex 78.4874 10.4036 2.8
      vertex 78.1915 10.3001 6.7
      vertex 78.4874 10.4036 6.7
    endloop
  endfacet
  facet normal -0.330166 0.943923 0
    outer loop
      vertex 78.1915 10.3001 6.7
      vertex 78.4874 10.4036 2.8
      vertex 78.1915 10.3001 2.8
    endloop
  endfacet
  facet normal -0.943923 -0.330166 0
    outer loop
      vertex 79.2449 11.9765 2.8
      vertex 79.1414 12.2724 6.7
      vertex 79.1414 12.2724 2.8
    endloop
  endfacet
  facet normal -0.943923 -0.330166 0
    outer loop
      vertex 79.1414 12.2724 6.7
      vertex 79.2449 11.9765 2.8
      vertex 79.2449 11.9765 6.7
    endloop
  endfacet
  facet normal -0.993711 -0.111972 0
    outer loop
      vertex 79.28 11.665 2.8
      vertex 79.2449 11.9765 6.7
      vertex 79.2449 11.9765 2.8
    endloop
  endfacet
  facet normal -0.993711 -0.111972 0
    outer loop
      vertex 79.2449 11.9765 6.7
      vertex 79.28 11.665 2.8
      vertex 79.28 11.665 6.7
    endloop
  endfacet
  facet normal -0.84676 -0.531976 0
    outer loop
      vertex 79.1414 12.2724 2.8
      vertex 78.9746 12.5379 6.7
      vertex 78.9746 12.5379 2.8
    endloop
  endfacet
  facet normal -0.84676 -0.531976 0
    outer loop
      vertex 78.9746 12.5379 6.7
      vertex 79.1414 12.2724 2.8
      vertex 79.1414 12.2724 6.7
    endloop
  endfacet
  facet normal -0.993711 0.111972 0
    outer loop
      vertex 79.2449 11.3535 2.8
      vertex 79.28 11.665 6.7
      vertex 79.28 11.665 2.8
    endloop
  endfacet
  facet normal -0.993711 0.111972 0
    outer loop
      vertex 79.28 11.665 6.7
      vertex 79.2449 11.3535 2.8
      vertex 79.2449 11.3535 6.7
    endloop
  endfacet
  facet normal 0.111972 -0.993711 0
    outer loop
      vertex 77.5685 13.0299 2.8
      vertex 77.88 13.065 6.7
      vertex 77.5685 13.0299 6.7
    endloop
  endfacet
  facet normal 0.111972 -0.993711 0
    outer loop
      vertex 77.88 13.065 6.7
      vertex 77.5685 13.0299 2.8
      vertex 77.88 13.065 2.8
    endloop
  endfacet
  facet normal 0.943923 0.330166 0
    outer loop
      vertex 76.6186 11.0576 6.7
      vertex 76.5151 11.3535 2.8
      vertex 76.5151 11.3535 6.7
    endloop
  endfacet
  facet normal 0.943923 0.330166 0
    outer loop
      vertex 76.5151 11.3535 2.8
      vertex 76.6186 11.0576 6.7
      vertex 76.6186 11.0576 2.8
    endloop
  endfacet
  facet normal -0.111972 0.993711 0
    outer loop
      vertex 78.1915 10.3001 2.8
      vertex 77.88 10.265 6.7
      vertex 78.1915 10.3001 6.7
    endloop
  endfacet
  facet normal -0.111972 0.993711 0
    outer loop
      vertex 77.88 10.265 6.7
      vertex 78.1915 10.3001 2.8
      vertex 77.88 10.265 2.8
    endloop
  endfacet
  facet normal 0.84676 0.531976 0
    outer loop
      vertex 76.7854 10.7921 6.7
      vertex 76.6186 11.0576 2.8
      vertex 76.6186 11.0576 6.7
    endloop
  endfacet
  facet normal 0.84676 0.531976 0
    outer loop
      vertex 76.6186 11.0576 2.8
      vertex 76.7854 10.7921 6.7
      vertex 76.7854 10.7921 2.8
    endloop
  endfacet
  facet normal 0.993711 -0.111972 0
    outer loop
      vertex 76.48 11.665 6.7
      vertex 76.5151 11.9765 2.8
      vertex 76.5151 11.9765 6.7
    endloop
  endfacet
  facet normal 0.993711 -0.111972 0
    outer loop
      vertex 76.5151 11.9765 2.8
      vertex 76.48 11.665 6.7
      vertex 76.48 11.665 2.8
    endloop
  endfacet
  facet normal -0.943923 0.330166 0
    outer loop
      vertex 79.1414 11.0576 2.8
      vertex 79.2449 11.3535 6.7
      vertex 79.2449 11.3535 2.8
    endloop
  endfacet
  facet normal -0.943923 0.330166 0
    outer loop
      vertex 79.2449 11.3535 6.7
      vertex 79.1414 11.0576 2.8
      vertex 79.1414 11.0576 6.7
    endloop
  endfacet
  facet normal 0.707107 -0.707107 0
    outer loop
      vertex 76.7854 12.5379 6.7
      vertex 77.0071 12.7596 2.8
      vertex 77.0071 12.7596 6.7
    endloop
  endfacet
  facet normal 0.707107 -0.707107 0
    outer loop
      vertex 77.0071 12.7596 2.8
      vertex 76.7854 12.5379 6.7
      vertex 76.7854 12.5379 2.8
    endloop
  endfacet
  facet normal -0.531976 -0.84676 0
    outer loop
      vertex 78.4874 12.9264 2.8
      vertex 78.7529 12.7596 6.7
      vertex 78.4874 12.9264 6.7
    endloop
  endfacet
  facet normal -0.531976 -0.84676 -0
    outer loop
      vertex 78.7529 12.7596 6.7
      vertex 78.4874 12.9264 2.8
      vertex 78.7529 12.7596 2.8
    endloop
  endfacet
  facet normal 0.84676 -0.531976 0
    outer loop
      vertex 76.6186 12.2724 6.7
      vertex 76.7854 12.5379 2.8
      vertex 76.7854 12.5379 6.7
    endloop
  endfacet
  facet normal 0.84676 -0.531976 0
    outer loop
      vertex 76.7854 12.5379 2.8
      vertex 76.6186 12.2724 6.7
      vertex 76.6186 12.2724 2.8
    endloop
  endfacet
  facet normal 0.993711 0.111972 0
    outer loop
      vertex 76.5151 11.3535 6.7
      vertex 76.48 11.665 2.8
      vertex 76.48 11.665 6.7
    endloop
  endfacet
  facet normal 0.993711 0.111972 0
    outer loop
      vertex 76.48 11.665 2.8
      vertex 76.5151 11.3535 6.7
      vertex 76.5151 11.3535 2.8
    endloop
  endfacet
  facet normal 0 0 1
    outer loop
      vertex 79.2449 11.9765 2.8
      vertex 79.2449 11.3535 2.8
      vertex 79.28 11.665 2.8
    endloop
  endfacet
  facet normal 0 0 1
    outer loop
      vertex 79.1414 12.2724 2.8
      vertex 79.2449 11.3535 2.8
      vertex 79.2449 11.9765 2.8
    endloop
  endfacet
  facet normal 0 0 1
    outer loop
      vertex 79.1414 12.2724 2.8
      vertex 79.1414 11.0576 2.8
      vertex 79.2449 11.3535 2.8
    endloop
  endfacet
  facet normal 0 0 1
    outer loop
      vertex 78.9746 12.5379 2.8
      vertex 79.1414 11.0576 2.8
      vertex 79.1414 12.2724 2.8
    endloop
  endfacet
  facet normal 0 0 1
    outer loop
      vertex 78.9746 12.5379 2.8
      vertex 78.9746 10.7921 2.8
      vertex 79.1414 11.0576 2.8
    endloop
  endfacet
  facet normal 0 0 1
    outer loop
      vertex 78.7529 12.7596 2.8
      vertex 78.9746 10.7921 2.8
      vertex 78.9746 12.5379 2.8
    endloop
  endfacet
  facet normal 0 0 1
    outer loop
      vertex 78.7529 12.7596 2.8
      vertex 78.7529 10.5704 2.8
      vertex 78.9746 10.7921 2.8
    endloop
  endfacet
  facet normal 0 0 1
    outer loop
      vertex 78.4874 12.9264 2.8
      vertex 78.7529 10.5704 2.8
      vertex 78.7529 12.7596 2.8
    endloop
  endfacet
  facet normal 0 0 1
    outer loop
      vertex 78.4874 12.9264 2.8
      vertex 78.4874 10.4036 2.8
      vertex 78.7529 10.5704 2.8
    endloop
  endfacet
  facet normal 0 0 1
    outer loop
      vertex 78.1915 13.0299 2.8
      vertex 78.4874 10.4036 2.8
      vertex 78.4874 12.9264 2.8
    endloop
  endfacet
  facet normal 0 0 1
    outer loop
      vertex 78.1915 13.0299 2.8
      vertex 78.1915 10.3001 2.8
      vertex 78.4874 10.4036 2.8
    endloop
  endfacet
  facet normal 0 0 1
    outer loop
      vertex 77.88 13.065 2.8
      vertex 78.1915 10.3001 2.8
      vertex 78.1915 13.0299 2.8
    endloop
  endfacet
  facet normal 0 0 1
    outer loop
      vertex 77.88 13.065 2.8
      vertex 77.88 10.265 2.8
      vertex 78.1915 10.3001 2.8
    endloop
  endfacet
  facet normal -0 0 1
    outer loop
      vertex 77.5685 13.0299 2.8
      vertex 77.88 10.265 2.8
      vertex 77.88 13.065 2.8
    endloop
  endfacet
  facet normal 0 0 1
    outer loop
      vertex 77.5685 13.0299 2.8
      vertex 77.5685 10.3001 2.8
      vertex 77.88 10.265 2.8
    endloop
  endfacet
  facet normal -0 0 1
    outer loop
      vertex 77.2726 12.9264 2.8
      vertex 77.5685 10.3001 2.8
      vertex 77.5685 13.0299 2.8
    endloop
  endfacet
  facet normal 0 0 1
    outer loop
      vertex 77.2726 12.9264 2.8
      vertex 77.2726 10.4036 2.8
      vertex 77.5685 10.3001 2.8
    endloop
  endfacet
  facet normal -0 0 1
    outer loop
      vertex 77.0071 12.7596 2.8
      vertex 77.2726 10.4036 2.8
      vertex 77.2726 12.9264 2.8
    endloop
  endfacet
  facet normal 0 0 1
    outer loop
      vertex 77.0071 12.7596 2.8
      vertex 77.0071 10.5704 2.8
      vertex 77.2726 10.4036 2.8
    endloop
  endfacet
  facet normal -0 0 1
    outer loop
      vertex 76.7854 12.5379 2.8
      vertex 77.0071 10.5704 2.8
      vertex 77.0071 12.7596 2.8
    endloop
  endfacet
  facet normal 0 0 1
    outer loop
      vertex 76.7854 12.5379 2.8
      vertex 76.7854 10.7921 2.8
      vertex 77.0071 10.5704 2.8
    endloop
  endfacet
  facet normal -0 0 1
    outer loop
      vertex 76.6186 12.2724 2.8
      vertex 76.7854 10.7921 2.8
      vertex 76.7854 12.5379 2.8
    endloop
  endfacet
  facet normal 0 0 1
    outer loop
      vertex 76.6186 12.2724 2.8
      vertex 76.6186 11.0576 2.8
      vertex 76.7854 10.7921 2.8
    endloop
  endfacet
  facet normal -0 0 1
    outer loop
      vertex 76.5151 11.9765 2.8
      vertex 76.6186 11.0576 2.8
      vertex 76.6186 12.2724 2.8
    endloop
  endfacet
  facet normal 0 0 1
    outer loop
      vertex 76.5151 11.9765 2.8
      vertex 76.5151 11.3535 2.8
      vertex 76.6186 11.0576 2.8
    endloop
  endfacet
  facet normal 0 -0 1
    outer loop
      vertex 76.5151 11.3535 2.8
      vertex 76.5151 11.9765 2.8
      vertex 76.48 11.665 2.8
    endloop
  endfacet
  facet normal 0.707107 0.707107 0
    outer loop
      vertex 77.0071 10.5704 6.7
      vertex 76.7854 10.7921 2.8
      vertex 76.7854 10.7921 6.7
    endloop
  endfacet
  facet normal 0.707107 0.707107 0
    outer loop
      vertex 76.7854 10.7921 2.8
      vertex 77.0071 10.5704 6.7
      vertex 77.0071 10.5704 2.8
    endloop
  endfacet
  facet normal -0.531976 0.84676 0
    outer loop
      vertex 78.7529 10.5704 2.8
      vertex 78.4874 10.4036 6.7
      vertex 78.7529 10.5704 6.7
    endloop
  endfacet
  facet normal -0.531976 0.84676 0
    outer loop
      vertex 78.4874 10.4036 6.7
      vertex 78.7529 10.5704 2.8
      vertex 78.4874 10.4036 2.8
    endloop
  endfacet
  facet normal -0.707107 0.707107 0
    outer loop
      vertex 78.9746 10.7921 2.8
      vertex 78.7529 10.5704 6.7
      vertex 78.9746 10.7921 6.7
    endloop
  endfacet
  facet normal -0.707107 0.707107 0
    outer loop
      vertex 78.7529 10.5704 6.7
      vertex 78.9746 10.7921 2.8
      vertex 78.7529 10.5704 2.8
    endloop
  endfacet
  facet normal -0.330166 -0.943923 0
    outer loop
      vertex 78.1915 13.0299 2.8
      vertex 78.4874 12.9264 6.7
      vertex 78.1915 13.0299 6.7
    endloop
  endfacet
  facet normal -0.330166 -0.943923 -0
    outer loop
      vertex 78.4874 12.9264 6.7
      vertex 78.1915 13.0299 2.8
      vertex 78.4874 12.9264 2.8
    endloop
  endfacet
  facet normal -0.84676 0.531976 0
    outer loop
      vertex 78.9746 10.7921 2.8
      vertex 79.1414 11.0576 6.7
      vertex 79.1414 11.0576 2.8
    endloop
  endfacet
  facet normal -0.84676 0.531976 0
    outer loop
      vertex 79.1414 11.0576 6.7
      vertex 78.9746 10.7921 2.8
      vertex 78.9746 10.7921 6.7
    endloop
  endfacet
  facet normal 0.531976 -0.84676 0
    outer loop
      vertex 77.0071 12.7596 2.8
      vertex 77.2726 12.9264 6.7
      vertex 77.0071 12.7596 6.7
    endloop
  endfacet
  facet normal 0.531976 -0.84676 0
    outer loop
      vertex 77.2726 12.9264 6.7
      vertex 77.0071 12.7596 2.8
      vertex 77.2726 12.9264 2.8
    endloop
  endfacet
  facet normal 0.330166 -0.943923 0
    outer loop
      vertex 77.2726 12.9264 2.8
      vertex 77.5685 13.0299 6.7
      vertex 77.2726 12.9264 6.7
    endloop
  endfacet
  facet normal 0.330166 -0.943923 0
    outer loop
      vertex 77.5685 13.0299 6.7
      vertex 77.2726 12.9264 2.8
      vertex 77.5685 13.0299 2.8
    endloop
  endfacet
  facet normal -0.111972 -0.993711 0
    outer loop
      vertex 77.88 13.065 2.8
      vertex 78.1915 13.0299 6.7
      vertex 77.88 13.065 6.7
    endloop
  endfacet
  facet normal -0.111972 -0.993711 -0
    outer loop
      vertex 78.1915 13.0299 6.7
      vertex 77.88 13.065 2.8
      vertex 78.1915 13.0299 2.8
    endloop
  endfacet
  facet normal -0.707107 -0.707107 0
    outer loop
      vertex 78.7529 12.7596 2.8
      vertex 78.9746 12.5379 6.7
      vertex 78.7529 12.7596 6.7
    endloop
  endfacet
  facet normal -0.707107 -0.707107 -0
    outer loop
      vertex 78.9746 12.5379 6.7
      vertex 78.7529 12.7596 2.8
      vertex 78.9746 12.5379 2.8
    endloop
  endfacet
  facet normal 0.943923 -0.330166 0
    outer loop
      vertex 76.5151 11.9765 6.7
      vertex 76.6186 12.2724 2.8
      vertex 76.6186 12.2724 6.7
    endloop
  endfacet
  facet normal 0.943923 -0.330166 0
    outer loop
      vertex 76.6186 12.2724 2.8
      vertex 76.5151 11.9765 6.7
      vertex 76.5151 11.9765 2.8
    endloop
  endfacet
  facet normal 0.330166 0.943923 -0
    outer loop
      vertex 77.5685 10.3001 2.8
      vertex 77.2726 10.4036 6.7
      vertex 77.5685 10.3001 6.7
    endloop
  endfacet
  facet normal 0.330166 0.943923 0
    outer loop
      vertex 77.2726 10.4036 6.7
      vertex 77.5685 10.3001 2.8
      vertex 77.2726 10.4036 2.8
    endloop
  endfacet
  facet normal 0.111972 0.993711 -0
    outer loop
      vertex 77.88 10.265 2.8
      vertex 77.5685 10.3001 6.7
      vertex 77.88 10.265 6.7
    endloop
  endfacet
  facet normal 0.111972 0.993711 0
    outer loop
      vertex 77.5685 10.3001 6.7
      vertex 77.88 10.265 2.8
      vertex 77.5685 10.3001 2.8
    endloop
  endfacet
  facet normal 0.531976 0.84676 -0
    outer loop
      vertex 77.2726 10.4036 2.8
      vertex 77.0071 10.5704 6.7
      vertex 77.2726 10.4036 6.7
    endloop
  endfacet
  facet normal 0.531976 0.84676 0
    outer loop
      vertex 77.0071 10.5704 6.7
      vertex 77.2726 10.4036 2.8
      vertex 77.0071 10.5704 2.8
    endloop
  endfacet
  facet normal 0 -1 0
    outer loop
      vertex 76.38 14.2631 6.7
      vertex 79.38 14.2631 9
      vertex 76.38 14.2631 9
    endloop
  endfacet
  facet normal 0 -1 -0
    outer loop
      vertex 79.38 14.2631 9
      vertex 76.38 14.2631 6.7
      vertex 79.38 14.2631 6.7
    endloop
  endfacet
  facet normal -0.866027 -0.499997 0
    outer loop
      vertex 80.88 11.665 6.7
      vertex 79.38 14.2631 9
      vertex 79.38 14.2631 6.7
    endloop
  endfacet
  facet normal -0.866027 -0.499997 0
    outer loop
      vertex 79.38 14.2631 9
      vertex 80.88 11.665 6.7
      vertex 80.88 11.665 9
    endloop
  endfacet
  facet normal 0.866027 -0.499997 0
    outer loop
      vertex 74.88 11.665 9
      vertex 76.38 14.2631 6.7
      vertex 76.38 14.2631 9
    endloop
  endfacet
  facet normal 0.866027 -0.499997 0
    outer loop
      vertex 76.38 14.2631 6.7
      vertex 74.88 11.665 9
      vertex 74.88 11.665 6.7
    endloop
  endfacet
  facet normal 0.866026 0.499999 0
    outer loop
      vertex 76.38 9.06692 9
      vertex 74.88 11.665 6.7
      vertex 74.88 11.665 9
    endloop
  endfacet
  facet normal 0.866026 0.499999 0
    outer loop
      vertex 74.88 11.665 6.7
      vertex 76.38 9.06692 9
      vertex 76.38 9.06692 6.7
    endloop
  endfacet
  facet normal -0 0 1
    outer loop
      vertex 79.1414 12.2724 6.7
      vertex 80.88 11.665 6.7
      vertex 79.38 14.2631 6.7
    endloop
  endfacet
  facet normal 0 0 1
    outer loop
      vertex 79.2449 11.3535 6.7
      vertex 80.88 11.665 6.7
      vertex 79.28 11.665 6.7
    endloop
  endfacet
  facet normal 0 0 1
    outer loop
      vertex 80.88 11.665 6.7
      vertex 79.2449 11.9765 6.7
      vertex 79.28 11.665 6.7
    endloop
  endfacet
  facet normal 0 0 1
    outer loop
      vertex 80.88 11.665 6.7
      vertex 79.1414 12.2724 6.7
      vertex 79.2449 11.9765 6.7
    endloop
  endfacet
  facet normal 0 0 1
    outer loop
      vertex 79.38 14.2631 6.7
      vertex 78.9746 12.5379 6.7
      vertex 79.1414 12.2724 6.7
    endloop
  endfacet
  facet normal 0 0 1
    outer loop
      vertex 79.38 14.2631 6.7
      vertex 78.7529 12.7596 6.7
      vertex 78.9746 12.5379 6.7
    endloop
  endfacet
  facet normal 0 0 1
    outer loop
      vertex 79.38 14.2631 6.7
      vertex 78.4874 12.9264 6.7
      vertex 78.7529 12.7596 6.7
    endloop
  endfacet
  facet normal 0 0 1
    outer loop
      vertex 79.38 14.2631 6.7
      vertex 78.1915 13.0299 6.7
      vertex 78.4874 12.9264 6.7
    endloop
  endfacet
  facet normal 0 0 1
    outer loop
      vertex 79.38 14.2631 6.7
      vertex 77.88 13.065 6.7
      vertex 78.1915 13.0299 6.7
    endloop
  endfacet
  facet normal -0 0 1
    outer loop
      vertex 76.38 14.2631 6.7
      vertex 77.88 13.065 6.7
      vertex 79.38 14.2631 6.7
    endloop
  endfacet
  facet normal 0 0 1
    outer loop
      vertex 77.88 13.065 6.7
      vertex 76.38 14.2631 6.7
      vertex 77.5685 13.0299 6.7
    endloop
  endfacet
  facet normal 0 0 1
    outer loop
      vertex 77.5685 13.0299 6.7
      vertex 76.38 14.2631 6.7
      vertex 77.2726 12.9264 6.7
    endloop
  endfacet
  facet normal 0 0 1
    outer loop
      vertex 76.6186 12.2724 6.7
      vertex 74.88 11.665 6.7
      vertex 76.5151 11.9765 6.7
    endloop
  endfacet
  facet normal 0 0 1
    outer loop
      vertex 74.88 11.665 6.7
      vertex 76.6186 12.2724 6.7
      vertex 76.38 14.2631 6.7
    endloop
  endfacet
  facet normal 0 0 1
    outer loop
      vertex 76.7854 12.5379 6.7
      vertex 76.38 14.2631 6.7
      vertex 76.6186 12.2724 6.7
    endloop
  endfacet
  facet normal 0 0 1
    outer loop
      vertex 77.0071 12.7596 6.7
      vertex 76.38 14.2631 6.7
      vertex 76.7854 12.5379 6.7
    endloop
  endfacet
  facet normal 0 0 1
    outer loop
      vertex 77.2726 12.9264 6.7
      vertex 76.38 14.2631 6.7
      vertex 77.0071 12.7596 6.7
    endloop
  endfacet
  facet normal 0 0 1
    outer loop
      vertex 79.1414 11.0576 6.7
      vertex 80.88 11.665 6.7
      vertex 79.2449 11.3535 6.7
    endloop
  endfacet
  facet normal 0 0 1
    outer loop
      vertex 80.88 11.665 6.7
      vertex 79.1414 11.0576 6.7
      vertex 79.38 9.06692 6.7
    endloop
  endfacet
  facet normal -0 0 1
    outer loop
      vertex 78.9746 10.7921 6.7
      vertex 79.38 9.06692 6.7
      vertex 79.1414 11.0576 6.7
    endloop
  endfacet
  facet normal -0 0 1
    outer loop
      vertex 78.7529 10.5704 6.7
      vertex 79.38 9.06692 6.7
      vertex 78.9746 10.7921 6.7
    endloop
  endfacet
  facet normal -0 0 1
    outer loop
      vertex 78.4874 10.4036 6.7
      vertex 79.38 9.06692 6.7
      vertex 78.7529 10.5704 6.7
    endloop
  endfacet
  facet normal -0 0 1
    outer loop
      vertex 78.1915 10.3001 6.7
      vertex 79.38 9.06692 6.7
      vertex 78.4874 10.4036 6.7
    endloop
  endfacet
  facet normal -0 0 1
    outer loop
      vertex 77.88 10.265 6.7
      vertex 79.38 9.06692 6.7
      vertex 78.1915 10.3001 6.7
    endloop
  endfacet
  facet normal 0 0 1
    outer loop
      vertex 76.38 9.06692 6.7
      vertex 77.88 10.265 6.7
      vertex 77.5685 10.3001 6.7
    endloop
  endfacet
  facet normal 0 0 1
    outer loop
      vertex 76.38 9.06692 6.7
      vertex 77.5685 10.3001 6.7
      vertex 77.2726 10.4036 6.7
    endloop
  endfacet
  facet normal 0 0 1
    outer loop
      vertex 76.38 9.06692 6.7
      vertex 77.2726 10.4036 6.7
      vertex 77.0071 10.5704 6.7
    endloop
  endfacet
  facet normal 0 0 1
    outer loop
      vertex 77.88 10.265 6.7
      vertex 76.38 9.06692 6.7
      vertex 79.38 9.06692 6.7
    endloop
  endfacet
  facet normal 0 0 1
    outer loop
      vertex 76.7854 10.7921 6.7
      vertex 76.38 9.06692 6.7
      vertex 77.0071 10.5704 6.7
    endloop
  endfacet
  facet normal 0 0 1
    outer loop
      vertex 76.6186 11.0576 6.7
      vertex 76.38 9.06692 6.7
      vertex 76.7854 10.7921 6.7
    endloop
  endfacet
  facet normal 0 0 1
    outer loop
      vertex 74.88 11.665 6.7
      vertex 76.6186 11.0576 6.7
      vertex 76.5151 11.3535 6.7
    endloop
  endfacet
  facet normal -0 0 1
    outer loop
      vertex 74.88 11.665 6.7
      vertex 76.5151 11.3535 6.7
      vertex 76.48 11.665 6.7
    endloop
  endfacet
  facet normal 0 0 1
    outer loop
      vertex 76.5151 11.9765 6.7
      vertex 74.88 11.665 6.7
      vertex 76.48 11.665 6.7
    endloop
  endfacet
  facet normal 0 0 1
    outer loop
      vertex 76.6186 11.0576 6.7
      vertex 74.88 11.665 6.7
      vertex 76.38 9.06692 6.7
    endloop
  endfacet
  facet normal 0 1 -0
    outer loop
      vertex 79.38 9.06692 6.7
      vertex 76.38 9.06692 9
      vertex 79.38 9.06692 9
    endloop
  endfacet
  facet normal 0 1 0
    outer loop
      vertex 76.38 9.06692 9
      vertex 79.38 9.06692 6.7
      vertex 76.38 9.06692 6.7
    endloop
  endfacet
  facet normal -0.866026 0.499999 0
    outer loop
      vertex 79.38 9.06692 6.7
      vertex 80.88 11.665 9
      vertex 80.88 11.665 6.7
    endloop
  endfacet
  facet normal -0.866026 0.499999 0
    outer loop
      vertex 80.88 11.665 9
      vertex 79.38 9.06692 6.7
      vertex 79.38 9.06692 9
    endloop
  endfacet
  facet normal 0.111972 -0.993711 0
    outer loop
      vertex 36.9285 32.7149 2.8
      vertex 37.24 32.75 6.7
      vertex 36.9285 32.7149 6.7
    endloop
  endfacet
  facet normal 0.111972 -0.993711 0
    outer loop
      vertex 37.24 32.75 6.7
      vertex 36.9285 32.7149 2.8
      vertex 37.24 32.75 2.8
    endloop
  endfacet
  facet normal -0.111972 0.993711 0
    outer loop
      vertex 37.5515 29.9851 2.8
      vertex 37.24 29.95 6.7
      vertex 37.5515 29.9851 6.7
    endloop
  endfacet
  facet normal -0.111972 0.993711 0
    outer loop
      vertex 37.24 29.95 6.7
      vertex 37.5515 29.9851 2.8
      vertex 37.24 29.95 2.8
    endloop
  endfacet
  facet normal -0.943923 -0.330166 0
    outer loop
      vertex 38.6049 31.6615 2.8
      vertex 38.5014 31.9574 6.7
      vertex 38.5014 31.9574 2.8
    endloop
  endfacet
  facet normal -0.943923 -0.330166 0
    outer loop
      vertex 38.5014 31.9574 6.7
      vertex 38.6049 31.6615 2.8
      vertex 38.6049 31.6615 6.7
    endloop
  endfacet
  facet normal -0.993711 -0.111972 0
    outer loop
      vertex 38.64 31.35 2.8
      vertex 38.6049 31.6615 6.7
      vertex 38.6049 31.6615 2.8
    endloop
  endfacet
  facet normal -0.993711 -0.111972 0
    outer loop
      vertex 38.6049 31.6615 6.7
      vertex 38.64 31.35 2.8
      vertex 38.64 31.35 6.7
    endloop
  endfacet
  facet normal -0.707107 0.707107 0
    outer loop
      vertex 38.3346 30.4771 2.8
      vertex 38.1129 30.2554 6.7
      vertex 38.3346 30.4771 6.7
    endloop
  endfacet
  facet normal -0.707107 0.707107 0
    outer loop
      vertex 38.1129 30.2554 6.7
      vertex 38.3346 30.4771 2.8
      vertex 38.1129 30.2554 2.8
    endloop
  endfacet
  facet normal 0.943923 0.330166 0
    outer loop
      vertex 35.9786 30.7426 6.7
      vertex 35.8751 31.0385 2.8
      vertex 35.8751 31.0385 6.7
    endloop
  endfacet
  facet normal 0.943923 0.330166 0
    outer loop
      vertex 35.8751 31.0385 2.8
      vertex 35.9786 30.7426 6.7
      vertex 35.9786 30.7426 2.8
    endloop
  endfacet
  facet normal -0.111972 -0.993711 0
    outer loop
      vertex 37.24 32.75 2.8
      vertex 37.5515 32.7149 6.7
      vertex 37.24 32.75 6.7
    endloop
  endfacet
  facet normal -0.111972 -0.993711 -0
    outer loop
      vertex 37.5515 32.7149 6.7
      vertex 37.24 32.75 2.8
      vertex 37.5515 32.7149 2.8
    endloop
  endfacet
  facet normal 0 0 1
    outer loop
      vertex 38.6049 31.6615 2.8
      vertex 38.6049 31.0385 2.8
      vertex 38.64 31.35 2.8
    endloop
  endfacet
  facet normal 0 0 1
    outer loop
      vertex 38.5014 31.9574 2.8
      vertex 38.6049 31.0385 2.8
      vertex 38.6049 31.6615 2.8
    endloop
  endfacet
  facet normal 0 0 1
    outer loop
      vertex 38.5014 31.9574 2.8
      vertex 38.5014 30.7426 2.8
      vertex 38.6049 31.0385 2.8
    endloop
  endfacet
  facet normal 0 0 1
    outer loop
      vertex 38.3346 32.2229 2.8
      vertex 38.5014 30.7426 2.8
      vertex 38.5014 31.9574 2.8
    endloop
  endfacet
  facet normal 0 0 1
    outer loop
      vertex 38.3346 32.2229 2.8
      vertex 38.3346 30.4771 2.8
      vertex 38.5014 30.7426 2.8
    endloop
  endfacet
  facet normal 0 0 1
    outer loop
      vertex 38.1129 32.4446 2.8
      vertex 38.3346 30.4771 2.8
      vertex 38.3346 32.2229 2.8
    endloop
  endfacet
  facet normal 0 0 1
    outer loop
      vertex 38.1129 32.4446 2.8
      vertex 38.1129 30.2554 2.8
      vertex 38.3346 30.4771 2.8
    endloop
  endfacet
  facet normal 0 0 1
    outer loop
      vertex 37.8474 32.6114 2.8
      vertex 38.1129 30.2554 2.8
      vertex 38.1129 32.4446 2.8
    endloop
  endfacet
  facet normal 0 0 1
    outer loop
      vertex 37.8474 32.6114 2.8
      vertex 37.8474 30.0886 2.8
      vertex 38.1129 30.2554 2.8
    endloop
  endfacet
  facet normal 0 0 1
    outer loop
      vertex 37.5515 32.7149 2.8
      vertex 37.8474 30.0886 2.8
      vertex 37.8474 32.6114 2.8
    endloop
  endfacet
  facet normal 0 0 1
    outer loop
      vertex 37.5515 32.7149 2.8
      vertex 37.5515 29.9851 2.8
      vertex 37.8474 30.0886 2.8
    endloop
  endfacet
  facet normal 0 0 1
    outer loop
      vertex 37.24 32.75 2.8
      vertex 37.5515 29.9851 2.8
      vertex 37.5515 32.7149 2.8
    endloop
  endfacet
  facet normal 0 0 1
    outer loop
      vertex 37.24 32.75 2.8
      vertex 37.24 29.95 2.8
      vertex 37.5515 29.9851 2.8
    endloop
  endfacet
  facet normal -0 0 1
    outer loop
      vertex 36.9285 32.7149 2.8
      vertex 37.24 29.95 2.8
      vertex 37.24 32.75 2.8
    endloop
  endfacet
  facet normal 0 0 1
    outer loop
      vertex 36.9285 32.7149 2.8
      vertex 36.9285 29.9851 2.8
      vertex 37.24 29.95 2.8
    endloop
  endfacet
  facet normal -0 0 1
    outer loop
      vertex 36.6326 32.6114 2.8
      vertex 36.9285 29.9851 2.8
      vertex 36.9285 32.7149 2.8
    endloop
  endfacet
  facet normal 0 0 1
    outer loop
      vertex 36.6326 32.6114 2.8
      vertex 36.6326 30.0886 2.8
      vertex 36.9285 29.9851 2.8
    endloop
  endfacet
  facet normal -0 0 1
    outer loop
      vertex 36.3671 32.4446 2.8
      vertex 36.6326 30.0886 2.8
      vertex 36.6326 32.6114 2.8
    endloop
  endfacet
  facet normal 0 0 1
    outer loop
      vertex 36.3671 32.4446 2.8
      vertex 36.3671 30.2554 2.8
      vertex 36.6326 30.0886 2.8
    endloop
  endfacet
  facet normal -0 0 1
    outer loop
      vertex 36.1454 32.2229 2.8
      vertex 36.3671 30.2554 2.8
      vertex 36.3671 32.4446 2.8
    endloop
  endfacet
  facet normal 0 0 1
    outer loop
      vertex 36.1454 32.2229 2.8
      vertex 36.1454 30.4771 2.8
      vertex 36.3671 30.2554 2.8
    endloop
  endfacet
  facet normal -0 0 1
    outer loop
      vertex 35.9786 31.9574 2.8
      vertex 36.1454 30.4771 2.8
      vertex 36.1454 32.2229 2.8
    endloop
  endfacet
  facet normal 0 0 1
    outer loop
      vertex 35.9786 31.9574 2.8
      vertex 35.9786 30.7426 2.8
      vertex 36.1454 30.4771 2.8
    endloop
  endfacet
  facet normal -0 0 1
    outer loop
      vertex 35.8751 31.6615 2.8
      vertex 35.9786 30.7426 2.8
      vertex 35.9786 31.9574 2.8
    endloop
  endfacet
  facet normal 0 0 1
    outer loop
      vertex 35.8751 31.6615 2.8
      vertex 35.8751 31.0385 2.8
      vertex 35.9786 30.7426 2.8
    endloop
  endfacet
  facet normal 0 -0 1
    outer loop
      vertex 35.8751 31.0385 2.8
      vertex 35.8751 31.6615 2.8
      vertex 35.84 31.35 2.8
    endloop
  endfacet
  facet normal -0.330166 -0.943923 0
    outer loop
      vertex 37.5515 32.7149 2.8
      vertex 37.8474 32.6114 6.7
      vertex 37.5515 32.7149 6.7
    endloop
  endfacet
  facet normal -0.330166 -0.943923 -0
    outer loop
      vertex 37.8474 32.6114 6.7
      vertex 37.5515 32.7149 2.8
      vertex 37.8474 32.6114 2.8
    endloop
  endfacet
  facet normal 0.707107 -0.707107 0
    outer loop
      vertex 36.1454 32.2229 6.7
      vertex 36.3671 32.4446 2.8
      vertex 36.3671 32.4446 6.7
    endloop
  endfacet
  facet normal 0.707107 -0.707107 0
    outer loop
      vertex 36.3671 32.4446 2.8
      vertex 36.1454 32.2229 6.7
      vertex 36.1454 32.2229 2.8
    endloop
  endfacet
  facet normal 0.993711 -0.111972 0
    outer loop
      vertex 35.84 31.35 6.7
      vertex 35.8751 31.6615 2.8
      vertex 35.8751 31.6615 6.7
    endloop
  endfacet
  facet normal 0.993711 -0.111972 0
    outer loop
      vertex 35.8751 31.6615 2.8
      vertex 35.84 31.35 6.7
      vertex 35.84 31.35 2.8
    endloop
  endfacet
  facet normal 0.330166 0.943923 -0
    outer loop
      vertex 36.9285 29.9851 2.8
      vertex 36.6326 30.0886 6.7
      vertex 36.9285 29.9851 6.7
    endloop
  endfacet
  facet normal 0.330166 0.943923 0
    outer loop
      vertex 36.6326 30.0886 6.7
      vertex 36.9285 29.9851 2.8
      vertex 36.6326 30.0886 2.8
    endloop
  endfacet
  facet normal 0.531976 0.84676 -0
    outer loop
      vertex 36.6326 30.0886 2.8
      vertex 36.3671 30.2554 6.7
      vertex 36.6326 30.0886 6.7
    endloop
  endfacet
  facet normal 0.531976 0.84676 0
    outer loop
      vertex 36.3671 30.2554 6.7
      vertex 36.6326 30.0886 2.8
      vertex 36.3671 30.2554 2.8
    endloop
  endfacet
  facet normal -0.84676 0.531976 0
    outer loop
      vertex 38.3346 30.4771 2.8
      vertex 38.5014 30.7426 6.7
      vertex 38.5014 30.7426 2.8
    endloop
  endfacet
  facet normal -0.84676 0.531976 0
    outer loop
      vertex 38.5014 30.7426 6.7
      vertex 38.3346 30.4771 2.8
      vertex 38.3346 30.4771 6.7
    endloop
  endfacet
  facet normal 0.111972 0.993711 -0
    outer loop
      vertex 37.24 29.95 2.8
      vertex 36.9285 29.9851 6.7
      vertex 37.24 29.95 6.7
    endloop
  endfacet
  facet normal 0.111972 0.993711 0
    outer loop
      vertex 36.9285 29.9851 6.7
      vertex 37.24 29.95 2.8
      vertex 36.9285 29.9851 2.8
    endloop
  endfacet
  facet normal 0.330166 -0.943923 0
    outer loop
      vertex 36.6326 32.6114 2.8
      vertex 36.9285 32.7149 6.7
      vertex 36.6326 32.6114 6.7
    endloop
  endfacet
  facet normal 0.330166 -0.943923 0
    outer loop
      vertex 36.9285 32.7149 6.7
      vertex 36.6326 32.6114 2.8
      vertex 36.9285 32.7149 2.8
    endloop
  endfacet
  facet normal -0.330166 0.943923 0
    outer loop
      vertex 37.8474 30.0886 2.8
      vertex 37.5515 29.9851 6.7
      vertex 37.8474 30.0886 6.7
    endloop
  endfacet
  facet normal -0.330166 0.943923 0
    outer loop
      vertex 37.5515 29.9851 6.7
      vertex 37.8474 30.0886 2.8
      vertex 37.5515 29.9851 2.8
    endloop
  endfacet
  facet normal -0.531976 -0.84676 0
    outer loop
      vertex 37.8474 32.6114 2.8
      vertex 38.1129 32.4446 6.7
      vertex 37.8474 32.6114 6.7
    endloop
  endfacet
  facet normal -0.531976 -0.84676 -0
    outer loop
      vertex 38.1129 32.4446 6.7
      vertex 37.8474 32.6114 2.8
      vertex 38.1129 32.4446 2.8
    endloop
  endfacet
  facet normal 0.84676 -0.531976 0
    outer loop
      vertex 35.9786 31.9574 6.7
      vertex 36.1454 32.2229 2.8
      vertex 36.1454 32.2229 6.7
    endloop
  endfacet
  facet normal 0.84676 -0.531976 0
    outer loop
      vertex 36.1454 32.2229 2.8
      vertex 35.9786 31.9574 6.7
      vertex 35.9786 31.9574 2.8
    endloop
  endfacet
  facet normal -0.707107 -0.707107 0
    outer loop
      vertex 38.3346 32.2229 2.8
      vertex 38.1129 32.4446 6.7
      vertex 38.1129 32.4446 2.8
    endloop
  endfacet
  facet normal -0.707107 -0.707107 0
    outer loop
      vertex 38.1129 32.4446 6.7
      vertex 38.3346 32.2229 2.8
      vertex 38.3346 32.2229 6.7
    endloop
  endfacet
  facet normal 0.943923 -0.330166 0
    outer loop
      vertex 35.8751 31.6615 6.7
      vertex 35.9786 31.9574 2.8
      vertex 35.9786 31.9574 6.7
    endloop
  endfacet
  facet normal 0.943923 -0.330166 0
    outer loop
      vertex 35.9786 31.9574 2.8
      vertex 35.8751 31.6615 6.7
      vertex 35.8751 31.6615 2.8
    endloop
  endfacet
  facet normal -0.531976 0.84676 0
    outer loop
      vertex 38.1129 30.2554 2.8
      vertex 37.8474 30.0886 6.7
      vertex 38.1129 30.2554 6.7
    endloop
  endfacet
  facet normal -0.531976 0.84676 0
    outer loop
      vertex 37.8474 30.0886 6.7
      vertex 38.1129 30.2554 2.8
      vertex 37.8474 30.0886 2.8
    endloop
  endfacet
  facet normal -0.84676 -0.531976 0
    outer loop
      vertex 38.5014 31.9574 2.8
      vertex 38.3346 32.2229 6.7
      vertex 38.3346 32.2229 2.8
    endloop
  endfacet
  facet normal -0.84676 -0.531976 0
    outer loop
      vertex 38.3346 32.2229 6.7
      vertex 38.5014 31.9574 2.8
      vertex 38.5014 31.9574 6.7
    endloop
  endfacet
  facet normal 0.531976 -0.84676 0
    outer loop
      vertex 36.3671 32.4446 2.8
      vertex 36.6326 32.6114 6.7
      vertex 36.3671 32.4446 6.7
    endloop
  endfacet
  facet normal 0.531976 -0.84676 0
    outer loop
      vertex 36.6326 32.6114 6.7
      vertex 36.3671 32.4446 2.8
      vertex 36.6326 32.6114 2.8
    endloop
  endfacet
  facet normal 0.84676 0.531976 0
    outer loop
      vertex 36.1454 30.4771 6.7
      vertex 35.9786 30.7426 2.8
      vertex 35.9786 30.7426 6.7
    endloop
  endfacet
  facet normal 0.84676 0.531976 0
    outer loop
      vertex 35.9786 30.7426 2.8
      vertex 36.1454 30.4771 6.7
      vertex 36.1454 30.4771 2.8
    endloop
  endfacet
  facet normal -0.943923 0.330166 0
    outer loop
      vertex 38.5014 30.7426 2.8
      vertex 38.6049 31.0385 6.7
      vertex 38.6049 31.0385 2.8
    endloop
  endfacet
  facet normal -0.943923 0.330166 0
    outer loop
      vertex 38.6049 31.0385 6.7
      vertex 38.5014 30.7426 2.8
      vertex 38.5014 30.7426 6.7
    endloop
  endfacet
  facet normal -0.993711 0.111972 0
    outer loop
      vertex 38.6049 31.0385 2.8
      vertex 38.64 31.35 6.7
      vertex 38.64 31.35 2.8
    endloop
  endfacet
  facet normal -0.993711 0.111972 0
    outer loop
      vertex 38.64 31.35 6.7
      vertex 38.6049 31.0385 2.8
      vertex 38.6049 31.0385 6.7
    endloop
  endfacet
  facet normal 0.707107 0.707107 -0
    outer loop
      vertex 36.3671 30.2554 2.8
      vertex 36.1454 30.4771 6.7
      vertex 36.3671 30.2554 6.7
    endloop
  endfacet
  facet normal 0.707107 0.707107 0
    outer loop
      vertex 36.1454 30.4771 6.7
      vertex 36.3671 30.2554 2.8
      vertex 36.1454 30.4771 2.8
    endloop
  endfacet
  facet normal 0.993711 0.111972 0
    outer loop
      vertex 35.8751 31.0385 6.7
      vertex 35.84 31.35 2.8
      vertex 35.84 31.35 6.7
    endloop
  endfacet
  facet normal 0.993711 0.111972 0
    outer loop
      vertex 35.84 31.35 2.8
      vertex 35.8751 31.0385 6.7
      vertex 35.8751 31.0385 2.8
    endloop
  endfacet
  facet normal 0 1 -0
    outer loop
      vertex 38.74 28.7519 6.7
      vertex 35.74 28.7519 9
      vertex 38.74 28.7519 9
    endloop
  endfacet
  facet normal 0 1 0
    outer loop
      vertex 35.74 28.7519 9
      vertex 38.74 28.7519 6.7
      vertex 35.74 28.7519 6.7
    endloop
  endfacet
  facet normal -0.866027 0.499997 0
    outer loop
      vertex 38.74 28.7519 6.7
      vertex 40.24 31.35 9
      vertex 40.24 31.35 6.7
    endloop
  endfacet
  facet normal -0.866027 0.499997 0
    outer loop
      vertex 40.24 31.35 9
      vertex 38.74 28.7519 6.7
      vertex 38.74 28.7519 9
    endloop
  endfacet
  facet normal 0 -1 0
    outer loop
      vertex 35.74 33.9481 6.7
      vertex 38.74 33.9481 9
      vertex 35.74 33.9481 9
    endloop
  endfacet
  facet normal 0 -1 -0
    outer loop
      vertex 38.74 33.9481 9
      vertex 35.74 33.9481 6.7
      vertex 38.74 33.9481 6.7
    endloop
  endfacet
  facet normal -0.866027 -0.499997 0
    outer loop
      vertex 40.24 31.35 6.7
      vertex 38.74 33.9481 9
      vertex 38.74 33.9481 6.7
    endloop
  endfacet
  facet normal -0.866027 -0.499997 0
    outer loop
      vertex 38.74 33.9481 9
      vertex 40.24 31.35 6.7
      vertex 40.24 31.35 9
    endloop
  endfacet
  facet normal 0.866027 -0.499997 0
    outer loop
      vertex 34.24 31.35 9
      vertex 35.74 33.9481 6.7
      vertex 35.74 33.9481 9
    endloop
  endfacet
  facet normal 0.866027 -0.499997 0
    outer loop
      vertex 35.74 33.9481 6.7
      vertex 34.24 31.35 9
      vertex 34.24 31.35 6.7
    endloop
  endfacet
  facet normal 0.866027 0.499997 0
    outer loop
      vertex 35.74 28.7519 9
      vertex 34.24 31.35 6.7
      vertex 34.24 31.35 9
    endloop
  endfacet
  facet normal 0.866027 0.499997 0
    outer loop
      vertex 34.24 31.35 6.7
      vertex 35.74 28.7519 9
      vertex 35.74 28.7519 6.7
    endloop
  endfacet
  facet normal -0 0 1
    outer loop
      vertex 38.5014 31.9574 6.7
      vertex 40.24 31.35 6.7
      vertex 38.74 33.9481 6.7
    endloop
  endfacet
  facet normal 0 0 1
    outer loop
      vertex 38.6049 31.0385 6.7
      vertex 40.24 31.35 6.7
      vertex 38.64 31.35 6.7
    endloop
  endfacet
  facet normal 0 0 1
    outer loop
      vertex 40.24 31.35 6.7
      vertex 38.6049 31.6615 6.7
      vertex 38.64 31.35 6.7
    endloop
  endfacet
  facet normal 0 0 1
    outer loop
      vertex 40.24 31.35 6.7
      vertex 38.5014 31.9574 6.7
      vertex 38.6049 31.6615 6.7
    endloop
  endfacet
  facet normal 0 0 1
    outer loop
      vertex 38.74 33.9481 6.7
      vertex 38.3346 32.2229 6.7
      vertex 38.5014 31.9574 6.7
    endloop
  endfacet
  facet normal 0 0 1
    outer loop
      vertex 38.74 33.9481 6.7
      vertex 38.1129 32.4446 6.7
      vertex 38.3346 32.2229 6.7
    endloop
  endfacet
  facet normal 0 0 1
    outer loop
      vertex 38.74 33.9481 6.7
      vertex 37.8474 32.6114 6.7
      vertex 38.1129 32.4446 6.7
    endloop
  endfacet
  facet normal 0 0 1
    outer loop
      vertex 38.74 33.9481 6.7
      vertex 37.5515 32.7149 6.7
      vertex 37.8474 32.6114 6.7
    endloop
  endfacet
  facet normal 0 0 1
    outer loop
      vertex 38.74 33.9481 6.7
      vertex 37.24 32.75 6.7
      vertex 37.5515 32.7149 6.7
    endloop
  endfacet
  facet normal -0 0 1
    outer loop
      vertex 35.74 33.9481 6.7
      vertex 37.24 32.75 6.7
      vertex 38.74 33.9481 6.7
    endloop
  endfacet
  facet normal 0 0 1
    outer loop
      vertex 37.24 32.75 6.7
      vertex 35.74 33.9481 6.7
      vertex 36.9285 32.7149 6.7
    endloop
  endfacet
  facet normal 0 0 1
    outer loop
      vertex 36.9285 32.7149 6.7
      vertex 35.74 33.9481 6.7
      vertex 36.6326 32.6114 6.7
    endloop
  endfacet
  facet normal 0 0 1
    outer loop
      vertex 35.9786 31.9574 6.7
      vertex 34.24 31.35 6.7
      vertex 35.8751 31.6615 6.7
    endloop
  endfacet
  facet normal 0 0 1
    outer loop
      vertex 34.24 31.35 6.7
      vertex 35.9786 31.9574 6.7
      vertex 35.74 33.9481 6.7
    endloop
  endfacet
  facet normal 0 0 1
    outer loop
      vertex 36.1454 32.2229 6.7
      vertex 35.74 33.9481 6.7
      vertex 35.9786 31.9574 6.7
    endloop
  endfacet
  facet normal 0 0 1
    outer loop
      vertex 36.3671 32.4446 6.7
      vertex 35.74 33.9481 6.7
      vertex 36.1454 32.2229 6.7
    endloop
  endfacet
  facet normal 0 0 1
    outer loop
      vertex 36.6326 32.6114 6.7
      vertex 35.74 33.9481 6.7
      vertex 36.3671 32.4446 6.7
    endloop
  endfacet
  facet normal 0 0 1
    outer loop
      vertex 38.5014 30.7426 6.7
      vertex 40.24 31.35 6.7
      vertex 38.6049 31.0385 6.7
    endloop
  endfacet
  facet normal 0 0 1
    outer loop
      vertex 40.24 31.35 6.7
      vertex 38.5014 30.7426 6.7
      vertex 38.74 28.7519 6.7
    endloop
  endfacet
  facet normal -0 0 1
    outer loop
      vertex 38.3346 30.4771 6.7
      vertex 38.74 28.7519 6.7
      vertex 38.5014 30.7426 6.7
    endloop
  endfacet
  facet normal -0 0 1
    outer loop
      vertex 38.1129 30.2554 6.7
      vertex 38.74 28.7519 6.7
      vertex 38.3346 30.4771 6.7
    endloop
  endfacet
  facet normal -0 0 1
    outer loop
      vertex 37.8474 30.0886 6.7
      vertex 38.74 28.7519 6.7
      vertex 38.1129 30.2554 6.7
    endloop
  endfacet
  facet normal -0 0 1
    outer loop
      vertex 37.5515 29.9851 6.7
      vertex 38.74 28.7519 6.7
      vertex 37.8474 30.0886 6.7
    endloop
  endfacet
  facet normal -0 0 1
    outer loop
      vertex 37.24 29.95 6.7
      vertex 38.74 28.7519 6.7
      vertex 37.5515 29.9851 6.7
    endloop
  endfacet
  facet normal 0 0 1
    outer loop
      vertex 35.74 28.7519 6.7
      vertex 37.24 29.95 6.7
      vertex 36.9285 29.9851 6.7
    endloop
  endfacet
  facet normal 0 0 1
    outer loop
      vertex 35.74 28.7519 6.7
      vertex 36.9285 29.9851 6.7
      vertex 36.6326 30.0886 6.7
    endloop
  endfacet
  facet normal 0 0 1
    outer loop
      vertex 35.74 28.7519 6.7
      vertex 36.6326 30.0886 6.7
      vertex 36.3671 30.2554 6.7
    endloop
  endfacet
  facet normal 0 0 1
    outer loop
      vertex 37.24 29.95 6.7
      vertex 35.74 28.7519 6.7
      vertex 38.74 28.7519 6.7
    endloop
  endfacet
  facet normal 0 0 1
    outer loop
      vertex 36.1454 30.4771 6.7
      vertex 35.74 28.7519 6.7
      vertex 36.3671 30.2554 6.7
    endloop
  endfacet
  facet normal 0 0 1
    outer loop
      vertex 35.9786 30.7426 6.7
      vertex 35.74 28.7519 6.7
      vertex 36.1454 30.4771 6.7
    endloop
  endfacet
  facet normal 0 0 1
    outer loop
      vertex 34.24 31.35 6.7
      vertex 35.9786 30.7426 6.7
      vertex 35.8751 31.0385 6.7
    endloop
  endfacet
  facet normal -0 0 1
    outer loop
      vertex 34.24 31.35 6.7
      vertex 35.8751 31.0385 6.7
      vertex 35.84 31.35 6.7
    endloop
  endfacet
  facet normal 0 0 1
    outer loop
      vertex 35.8751 31.6615 6.7
      vertex 34.24 31.35 6.7
      vertex 35.84 31.35 6.7
    endloop
  endfacet
  facet normal 0 0 1
    outer loop
      vertex 35.9786 30.7426 6.7
      vertex 34.24 31.35 6.7
      vertex 35.74 28.7519 6.7
    endloop
  endfacet
  facet normal 0.84676 0.531976 0
    outer loop
      vertex 36.1454 10.7921 6.7
      vertex 35.9786 11.0576 2.8
      vertex 35.9786 11.0576 6.7
    endloop
  endfacet
  facet normal 0.84676 0.531976 0
    outer loop
      vertex 35.9786 11.0576 2.8
      vertex 36.1454 10.7921 6.7
      vertex 36.1454 10.7921 2.8
    endloop
  endfacet
  facet normal -0.943923 -0.330166 0
    outer loop
      vertex 38.6049 11.9765 2.8
      vertex 38.5014 12.2724 6.7
      vertex 38.5014 12.2724 2.8
    endloop
  endfacet
  facet normal -0.943923 -0.330166 0
    outer loop
      vertex 38.5014 12.2724 6.7
      vertex 38.6049 11.9765 2.8
      vertex 38.6049 11.9765 6.7
    endloop
  endfacet
  facet normal -0.993711 -0.111972 0
    outer loop
      vertex 38.64 11.665 2.8
      vertex 38.6049 11.9765 6.7
      vertex 38.6049 11.9765 2.8
    endloop
  endfacet
  facet normal -0.993711 -0.111972 0
    outer loop
      vertex 38.6049 11.9765 6.7
      vertex 38.64 11.665 2.8
      vertex 38.64 11.665 6.7
    endloop
  endfacet
  facet normal -0.84676 -0.531976 0
    outer loop
      vertex 38.5014 12.2724 2.8
      vertex 38.3346 12.5379 6.7
      vertex 38.3346 12.5379 2.8
    endloop
  endfacet
  facet normal -0.84676 -0.531976 0
    outer loop
      vertex 38.3346 12.5379 6.7
      vertex 38.5014 12.2724 2.8
      vertex 38.5014 12.2724 6.7
    endloop
  endfacet
  facet normal 0.993711 0.111972 0
    outer loop
      vertex 35.8751 11.3535 6.7
      vertex 35.84 11.665 2.8
      vertex 35.84 11.665 6.7
    endloop
  endfacet
  facet normal 0.993711 0.111972 0
    outer loop
      vertex 35.84 11.665 2.8
      vertex 35.8751 11.3535 6.7
      vertex 35.8751 11.3535 2.8
    endloop
  endfacet
  facet normal -0.707107 0.707107 0
    outer loop
      vertex 38.3346 10.7921 2.8
      vertex 38.1129 10.5704 6.7
      vertex 38.3346 10.7921 6.7
    endloop
  endfacet
  facet normal -0.707107 0.707107 0
    outer loop
      vertex 38.1129 10.5704 6.7
      vertex 38.3346 10.7921 2.8
      vertex 38.1129 10.5704 2.8
    endloop
  endfacet
  facet normal -0.707107 -0.707107 0
    outer loop
      vertex 38.1129 12.7596 2.8
      vertex 38.3346 12.5379 6.7
      vertex 38.1129 12.7596 6.7
    endloop
  endfacet
  facet normal -0.707107 -0.707107 -0
    outer loop
      vertex 38.3346 12.5379 6.7
      vertex 38.1129 12.7596 2.8
      vertex 38.3346 12.5379 2.8
    endloop
  endfacet
  facet normal 0.531976 0.84676 -0
    outer loop
      vertex 36.6326 10.4036 2.8
      vertex 36.3671 10.5704 6.7
      vertex 36.6326 10.4036 6.7
    endloop
  endfacet
  facet normal 0.531976 0.84676 0
    outer loop
      vertex 36.3671 10.5704 6.7
      vertex 36.6326 10.4036 2.8
      vertex 36.3671 10.5704 2.8
    endloop
  endfacet
  facet normal 0 0 1
    outer loop
      vertex 38.6049 11.9765 2.8
      vertex 38.6049 11.3535 2.8
      vertex 38.64 11.665 2.8
    endloop
  endfacet
  facet normal 0 0 1
    outer loop
      vertex 38.5014 12.2724 2.8
      vertex 38.6049 11.3535 2.8
      vertex 38.6049 11.9765 2.8
    endloop
  endfacet
  facet normal 0 0 1
    outer loop
      vertex 38.5014 12.2724 2.8
      vertex 38.5014 11.0576 2.8
      vertex 38.6049 11.3535 2.8
    endloop
  endfacet
  facet normal 0 0 1
    outer loop
      vertex 38.3346 12.5379 2.8
      vertex 38.5014 11.0576 2.8
      vertex 38.5014 12.2724 2.8
    endloop
  endfacet
  facet normal 0 0 1
    outer loop
      vertex 38.3346 12.5379 2.8
      vertex 38.3346 10.7921 2.8
      vertex 38.5014 11.0576 2.8
    endloop
  endfacet
  facet normal 0 0 1
    outer loop
      vertex 38.1129 12.7596 2.8
      vertex 38.3346 10.7921 2.8
      vertex 38.3346 12.5379 2.8
    endloop
  endfacet
  facet normal 0 0 1
    outer loop
      vertex 38.1129 12.7596 2.8
      vertex 38.1129 10.5704 2.8
      vertex 38.3346 10.7921 2.8
    endloop
  endfacet
  facet normal 0 0 1
    outer loop
      vertex 37.8474 12.9264 2.8
      vertex 38.1129 10.5704 2.8
      vertex 38.1129 12.7596 2.8
    endloop
  endfacet
  facet normal 0 0 1
    outer loop
      vertex 37.8474 12.9264 2.8
      vertex 37.8474 10.4036 2.8
      vertex 38.1129 10.5704 2.8
    endloop
  endfacet
  facet normal 0 0 1
    outer loop
      vertex 37.5515 13.0299 2.8
      vertex 37.8474 10.4036 2.8
      vertex 37.8474 12.9264 2.8
    endloop
  endfacet
  facet normal 0 0 1
    outer loop
      vertex 37.5515 13.0299 2.8
      vertex 37.5515 10.3001 2.8
      vertex 37.8474 10.4036 2.8
    endloop
  endfacet
  facet normal 0 0 1
    outer loop
      vertex 37.24 13.065 2.8
      vertex 37.5515 10.3001 2.8
      vertex 37.5515 13.0299 2.8
    endloop
  endfacet
  facet normal 0 0 1
    outer loop
      vertex 37.24 13.065 2.8
      vertex 37.24 10.265 2.8
      vertex 37.5515 10.3001 2.8
    endloop
  endfacet
  facet normal -0 0 1
    outer loop
      vertex 36.9285 13.0299 2.8
      vertex 37.24 10.265 2.8
      vertex 37.24 13.065 2.8
    endloop
  endfacet
  facet normal 0 0 1
    outer loop
      vertex 36.9285 13.0299 2.8
      vertex 36.9285 10.3001 2.8
      vertex 37.24 10.265 2.8
    endloop
  endfacet
  facet normal -0 0 1
    outer loop
      vertex 36.6326 12.9264 2.8
      vertex 36.9285 10.3001 2.8
      vertex 36.9285 13.0299 2.8
    endloop
  endfacet
  facet normal 0 0 1
    outer loop
      vertex 36.6326 12.9264 2.8
      vertex 36.6326 10.4036 2.8
      vertex 36.9285 10.3001 2.8
    endloop
  endfacet
  facet normal -0 0 1
    outer loop
      vertex 36.3671 12.7596 2.8
      vertex 36.6326 10.4036 2.8
      vertex 36.6326 12.9264 2.8
    endloop
  endfacet
  facet normal 0 0 1
    outer loop
      vertex 36.3671 12.7596 2.8
      vertex 36.3671 10.5704 2.8
      vertex 36.6326 10.4036 2.8
    endloop
  endfacet
  facet normal -0 0 1
    outer loop
      vertex 36.1454 12.5379 2.8
      vertex 36.3671 10.5704 2.8
      vertex 36.3671 12.7596 2.8
    endloop
  endfacet
  facet normal 0 0 1
    outer loop
      vertex 36.1454 12.5379 2.8
      vertex 36.1454 10.7921 2.8
      vertex 36.3671 10.5704 2.8
    endloop
  endfacet
  facet normal -0 0 1
    outer loop
      vertex 35.9786 12.2724 2.8
      vertex 36.1454 10.7921 2.8
      vertex 36.1454 12.5379 2.8
    endloop
  endfacet
  facet normal 0 0 1
    outer loop
      vertex 35.9786 12.2724 2.8
      vertex 35.9786 11.0576 2.8
      vertex 36.1454 10.7921 2.8
    endloop
  endfacet
  facet normal -0 0 1
    outer loop
      vertex 35.8751 11.9765 2.8
      vertex 35.9786 11.0576 2.8
      vertex 35.9786 12.2724 2.8
    endloop
  endfacet
  facet normal 0 0 1
    outer loop
      vertex 35.8751 11.9765 2.8
      vertex 35.8751 11.3535 2.8
      vertex 35.9786 11.0576 2.8
    endloop
  endfacet
  facet normal 0 -0 1
    outer loop
      vertex 35.8751 11.3535 2.8
      vertex 35.8751 11.9765 2.8
      vertex 35.84 11.665 2.8
    endloop
  endfacet
  facet normal 0.993711 -0.111972 0
    outer loop
      vertex 35.84 11.665 6.7
      vertex 35.8751 11.9765 2.8
      vertex 35.8751 11.9765 6.7
    endloop
  endfacet
  facet normal 0.993711 -0.111972 0
    outer loop
      vertex 35.8751 11.9765 2.8
      vertex 35.84 11.665 6.7
      vertex 35.84 11.665 2.8
    endloop
  endfacet
  facet normal -0.330166 -0.943923 0
    outer loop
      vertex 37.5515 13.0299 2.8
      vertex 37.8474 12.9264 6.7
      vertex 37.5515 13.0299 6.7
    endloop
  endfacet
  facet normal -0.330166 -0.943923 -0
    outer loop
      vertex 37.8474 12.9264 6.7
      vertex 37.5515 13.0299 2.8
      vertex 37.8474 12.9264 2.8
    endloop
  endfacet
  facet normal -0.531976 -0.84676 0
    outer loop
      vertex 37.8474 12.9264 2.8
      vertex 38.1129 12.7596 6.7
      vertex 37.8474 12.9264 6.7
    endloop
  endfacet
  facet normal -0.531976 -0.84676 -0
    outer loop
      vertex 38.1129 12.7596 6.7
      vertex 37.8474 12.9264 2.8
      vertex 38.1129 12.7596 2.8
    endloop
  endfacet
  facet normal 0.531976 -0.84676 0
    outer loop
      vertex 36.3671 12.7596 2.8
      vertex 36.6326 12.9264 6.7
      vertex 36.3671 12.7596 6.7
    endloop
  endfacet
  facet normal 0.531976 -0.84676 0
    outer loop
      vertex 36.6326 12.9264 6.7
      vertex 36.3671 12.7596 2.8
      vertex 36.6326 12.9264 2.8
    endloop
  endfacet
  facet normal -0.993711 0.111972 0
    outer loop
      vertex 38.6049 11.3535 2.8
      vertex 38.64 11.665 6.7
      vertex 38.64 11.665 2.8
    endloop
  endfacet
  facet normal -0.993711 0.111972 0
    outer loop
      vertex 38.64 11.665 6.7
      vertex 38.6049 11.3535 2.8
      vertex 38.6049 11.3535 6.7
    endloop
  endfacet
  facet normal 0.707107 -0.707107 0
    outer loop
      vertex 36.1454 12.5379 2.8
      vertex 36.3671 12.7596 6.7
      vertex 36.1454 12.5379 6.7
    endloop
  endfacet
  facet normal 0.707107 -0.707107 0
    outer loop
      vertex 36.3671 12.7596 6.7
      vertex 36.1454 12.5379 2.8
      vertex 36.3671 12.7596 2.8
    endloop
  endfacet
  facet normal 0.111972 -0.993711 0
    outer loop
      vertex 36.9285 13.0299 2.8
      vertex 37.24 13.065 6.7
      vertex 36.9285 13.0299 6.7
    endloop
  endfacet
  facet normal 0.111972 -0.993711 0
    outer loop
      vertex 37.24 13.065 6.7
      vertex 36.9285 13.0299 2.8
      vertex 37.24 13.065 2.8
    endloop
  endfacet
  facet normal -0.84676 0.531976 0
    outer loop
      vertex 38.3346 10.7921 2.8
      vertex 38.5014 11.0576 6.7
      vertex 38.5014 11.0576 2.8
    endloop
  endfacet
  facet normal -0.84676 0.531976 0
    outer loop
      vertex 38.5014 11.0576 6.7
      vertex 38.3346 10.7921 2.8
      vertex 38.3346 10.7921 6.7
    endloop
  endfacet
  facet normal 0.330166 -0.943923 0
    outer loop
      vertex 36.6326 12.9264 2.8
      vertex 36.9285 13.0299 6.7
      vertex 36.6326 12.9264 6.7
    endloop
  endfacet
  facet normal 0.330166 -0.943923 0
    outer loop
      vertex 36.9285 13.0299 6.7
      vertex 36.6326 12.9264 2.8
      vertex 36.9285 13.0299 2.8
    endloop
  endfacet
  facet normal -0.943923 0.330166 0
    outer loop
      vertex 38.5014 11.0576 2.8
      vertex 38.6049 11.3535 6.7
      vertex 38.6049 11.3535 2.8
    endloop
  endfacet
  facet normal -0.943923 0.330166 0
    outer loop
      vertex 38.6049 11.3535 6.7
      vertex 38.5014 11.0576 2.8
      vertex 38.5014 11.0576 6.7
    endloop
  endfacet
  facet normal -0.531976 0.84676 0
    outer loop
      vertex 38.1129 10.5704 2.8
      vertex 37.8474 10.4036 6.7
      vertex 38.1129 10.5704 6.7
    endloop
  endfacet
  facet normal -0.531976 0.84676 0
    outer loop
      vertex 37.8474 10.4036 6.7
      vertex 38.1129 10.5704 2.8
      vertex 37.8474 10.4036 2.8
    endloop
  endfacet
  facet normal 0.943923 0.330166 0
    outer loop
      vertex 35.9786 11.0576 6.7
      vertex 35.8751 11.3535 2.8
      vertex 35.8751 11.3535 6.7
    endloop
  endfacet
  facet normal 0.943923 0.330166 0
    outer loop
      vertex 35.8751 11.3535 2.8
      vertex 35.9786 11.0576 6.7
      vertex 35.9786 11.0576 2.8
    endloop
  endfacet
  facet normal -0.111972 0.993711 0
    outer loop
      vertex 37.5515 10.3001 2.8
      vertex 37.24 10.265 6.7
      vertex 37.5515 10.3001 6.7
    endloop
  endfacet
  facet normal -0.111972 0.993711 0
    outer loop
      vertex 37.24 10.265 6.7
      vertex 37.5515 10.3001 2.8
      vertex 37.24 10.265 2.8
    endloop
  endfacet
  facet normal -0.330166 0.943923 0
    outer loop
      vertex 37.8474 10.4036 2.8
      vertex 37.5515 10.3001 6.7
      vertex 37.8474 10.4036 6.7
    endloop
  endfacet
  facet normal -0.330166 0.943923 0
    outer loop
      vertex 37.5515 10.3001 6.7
      vertex 37.8474 10.4036 2.8
      vertex 37.5515 10.3001 2.8
    endloop
  endfacet
  facet normal -0.111972 -0.993711 0
    outer loop
      vertex 37.24 13.065 2.8
      vertex 37.5515 13.0299 6.7
      vertex 37.24 13.065 6.7
    endloop
  endfacet
  facet normal -0.111972 -0.993711 -0
    outer loop
      vertex 37.5515 13.0299 6.7
      vertex 37.24 13.065 2.8
      vertex 37.5515 13.0299 2.8
    endloop
  endfacet
  facet normal 0.707107 0.707107 -0
    outer loop
      vertex 36.3671 10.5704 2.8
      vertex 36.1454 10.7921 6.7
      vertex 36.3671 10.5704 6.7
    endloop
  endfacet
  facet normal 0.707107 0.707107 0
    outer loop
      vertex 36.1454 10.7921 6.7
      vertex 36.3671 10.5704 2.8
      vertex 36.1454 10.7921 2.8
    endloop
  endfacet
  facet normal 0.84676 -0.531976 0
    outer loop
      vertex 35.9786 12.2724 6.7
      vertex 36.1454 12.5379 2.8
      vertex 36.1454 12.5379 6.7
    endloop
  endfacet
  facet normal 0.84676 -0.531976 0
    outer loop
      vertex 36.1454 12.5379 2.8
      vertex 35.9786 12.2724 6.7
      vertex 35.9786 12.2724 2.8
    endloop
  endfacet
  facet normal 0.330166 0.943923 -0
    outer loop
      vertex 36.9285 10.3001 2.8
      vertex 36.6326 10.4036 6.7
      vertex 36.9285 10.3001 6.7
    endloop
  endfacet
  facet normal 0.330166 0.943923 0
    outer loop
      vertex 36.6326 10.4036 6.7
      vertex 36.9285 10.3001 2.8
      vertex 36.6326 10.4036 2.8
    endloop
  endfacet
  facet normal 0.111972 0.993711 -0
    outer loop
      vertex 37.24 10.265 2.8
      vertex 36.9285 10.3001 6.7
      vertex 37.24 10.265 6.7
    endloop
  endfacet
  facet normal 0.111972 0.993711 0
    outer loop
      vertex 36.9285 10.3001 6.7
      vertex 37.24 10.265 2.8
      vertex 36.9285 10.3001 2.8
    endloop
  endfacet
  facet normal 0.943923 -0.330166 0
    outer loop
      vertex 35.8751 11.9765 6.7
      vertex 35.9786 12.2724 2.8
      vertex 35.9786 12.2724 6.7
    endloop
  endfacet
  facet normal 0.943923 -0.330166 0
    outer loop
      vertex 35.9786 12.2724 2.8
      vertex 35.8751 11.9765 6.7
      vertex 35.8751 11.9765 2.8
    endloop
  endfacet
  facet normal 0 1 -0
    outer loop
      vertex 38.74 9.06692 6.7
      vertex 35.74 9.06692 9
      vertex 38.74 9.06692 9
    endloop
  endfacet
  facet normal 0 1 0
    outer loop
      vertex 35.74 9.06692 9
      vertex 38.74 9.06692 6.7
      vertex 35.74 9.06692 6.7
    endloop
  endfacet
  facet normal 0 -1 0
    outer loop
      vertex 35.74 14.2631 6.7
      vertex 38.74 14.2631 9
      vertex 35.74 14.2631 9
    endloop
  endfacet
  facet normal 0 -1 -0
    outer loop
      vertex 38.74 14.2631 9
      vertex 35.74 14.2631 6.7
      vertex 38.74 14.2631 6.7
    endloop
  endfacet
  facet normal -0.866027 -0.499997 0
    outer loop
      vertex 40.24 11.665 6.7
      vertex 38.74 14.2631 9
      vertex 38.74 14.2631 6.7
    endloop
  endfacet
  facet normal -0.866027 -0.499997 0
    outer loop
      vertex 38.74 14.2631 9
      vertex 40.24 11.665 6.7
      vertex 40.24 11.665 9
    endloop
  endfacet
  facet normal 0.866027 -0.499997 0
    outer loop
      vertex 34.24 11.665 9
      vertex 35.74 14.2631 6.7
      vertex 35.74 14.2631 9
    endloop
  endfacet
  facet normal 0.866027 -0.499997 0
    outer loop
      vertex 35.74 14.2631 6.7
      vertex 34.24 11.665 9
      vertex 34.24 11.665 6.7
    endloop
  endfacet
  facet normal 0.866026 0.499999 0
    outer loop
      vertex 35.74 9.06692 9
      vertex 34.24 11.665 6.7
      vertex 34.24 11.665 9
    endloop
  endfacet
  facet normal 0.866026 0.499999 0
    outer loop
      vertex 34.24 11.665 6.7
      vertex 35.74 9.06692 9
      vertex 35.74 9.06692 6.7
    endloop
  endfacet
  facet normal -0 0 1
    outer loop
      vertex 38.5014 12.2724 6.7
      vertex 40.24 11.665 6.7
      vertex 38.74 14.2631 6.7
    endloop
  endfacet
  facet normal 0 0 1
    outer loop
      vertex 38.6049 11.3535 6.7
      vertex 40.24 11.665 6.7
      vertex 38.64 11.665 6.7
    endloop
  endfacet
  facet normal 0 0 1
    outer loop
      vertex 40.24 11.665 6.7
      vertex 38.6049 11.9765 6.7
      vertex 38.64 11.665 6.7
    endloop
  endfacet
  facet normal 0 0 1
    outer loop
      vertex 40.24 11.665 6.7
      vertex 38.5014 12.2724 6.7
      vertex 38.6049 11.9765 6.7
    endloop
  endfacet
  facet normal 0 0 1
    outer loop
      vertex 38.74 14.2631 6.7
      vertex 38.3346 12.5379 6.7
      vertex 38.5014 12.2724 6.7
    endloop
  endfacet
  facet normal 0 0 1
    outer loop
      vertex 38.74 14.2631 6.7
      vertex 38.1129 12.7596 6.7
      vertex 38.3346 12.5379 6.7
    endloop
  endfacet
  facet normal 0 0 1
    outer loop
      vertex 38.74 14.2631 6.7
      vertex 37.8474 12.9264 6.7
      vertex 38.1129 12.7596 6.7
    endloop
  endfacet
  facet normal 0 0 1
    outer loop
      vertex 38.74 14.2631 6.7
      vertex 37.5515 13.0299 6.7
      vertex 37.8474 12.9264 6.7
    endloop
  endfacet
  facet normal 0 0 1
    outer loop
      vertex 38.74 14.2631 6.7
      vertex 37.24 13.065 6.7
      vertex 37.5515 13.0299 6.7
    endloop
  endfacet
  facet normal -0 0 1
    outer loop
      vertex 35.74 14.2631 6.7
      vertex 37.24 13.065 6.7
      vertex 38.74 14.2631 6.7
    endloop
  endfacet
  facet normal 0 0 1
    outer loop
      vertex 37.24 13.065 6.7
      vertex 35.74 14.2631 6.7
      vertex 36.9285 13.0299 6.7
    endloop
  endfacet
  facet normal 0 0 1
    outer loop
      vertex 36.9285 13.0299 6.7
      vertex 35.74 14.2631 6.7
      vertex 36.6326 12.9264 6.7
    endloop
  endfacet
  facet normal 0 0 1
    outer loop
      vertex 35.9786 12.2724 6.7
      vertex 34.24 11.665 6.7
      vertex 35.8751 11.9765 6.7
    endloop
  endfacet
  facet normal 0 0 1
    outer loop
      vertex 34.24 11.665 6.7
      vertex 35.9786 12.2724 6.7
      vertex 35.74 14.2631 6.7
    endloop
  endfacet
  facet normal 0 0 1
    outer loop
      vertex 36.1454 12.5379 6.7
      vertex 35.74 14.2631 6.7
      vertex 35.9786 12.2724 6.7
    endloop
  endfacet
  facet normal 0 0 1
    outer loop
      vertex 36.3671 12.7596 6.7
      vertex 35.74 14.2631 6.7
      vertex 36.1454 12.5379 6.7
    endloop
  endfacet
  facet normal 0 0 1
    outer loop
      vertex 36.6326 12.9264 6.7
      vertex 35.74 14.2631 6.7
      vertex 36.3671 12.7596 6.7
    endloop
  endfacet
  facet normal 0 0 1
    outer loop
      vertex 38.5014 11.0576 6.7
      vertex 40.24 11.665 6.7
      vertex 38.6049 11.3535 6.7
    endloop
  endfacet
  facet normal 0 0 1
    outer loop
      vertex 40.24 11.665 6.7
      vertex 38.5014 11.0576 6.7
      vertex 38.74 9.06692 6.7
    endloop
  endfacet
  facet normal -0 0 1
    outer loop
      vertex 38.3346 10.7921 6.7
      vertex 38.74 9.06692 6.7
      vertex 38.5014 11.0576 6.7
    endloop
  endfacet
  facet normal -0 0 1
    outer loop
      vertex 38.1129 10.5704 6.7
      vertex 38.74 9.06692 6.7
      vertex 38.3346 10.7921 6.7
    endloop
  endfacet
  facet normal -0 0 1
    outer loop
      vertex 37.8474 10.4036 6.7
      vertex 38.74 9.06692 6.7
      vertex 38.1129 10.5704 6.7
    endloop
  endfacet
  facet normal -0 0 1
    outer loop
      vertex 37.5515 10.3001 6.7
      vertex 38.74 9.06692 6.7
      vertex 37.8474 10.4036 6.7
    endloop
  endfacet
  facet normal -0 0 1
    outer loop
      vertex 37.24 10.265 6.7
      vertex 38.74 9.06692 6.7
      vertex 37.5515 10.3001 6.7
    endloop
  endfacet
  facet normal 0 0 1
    outer loop
      vertex 35.74 9.06692 6.7
      vertex 37.24 10.265 6.7
      vertex 36.9285 10.3001 6.7
    endloop
  endfacet
  facet normal 0 0 1
    outer loop
      vertex 35.74 9.06692 6.7
      vertex 36.9285 10.3001 6.7
      vertex 36.6326 10.4036 6.7
    endloop
  endfacet
  facet normal 0 0 1
    outer loop
      vertex 35.74 9.06692 6.7
      vertex 36.6326 10.4036 6.7
      vertex 36.3671 10.5704 6.7
    endloop
  endfacet
  facet normal 0 0 1
    outer loop
      vertex 37.24 10.265 6.7
      vertex 35.74 9.06692 6.7
      vertex 38.74 9.06692 6.7
    endloop
  endfacet
  facet normal 0 0 1
    outer loop
      vertex 36.1454 10.7921 6.7
      vertex 35.74 9.06692 6.7
      vertex 36.3671 10.5704 6.7
    endloop
  endfacet
  facet normal 0 0 1
    outer loop
      vertex 35.9786 11.0576 6.7
      vertex 35.74 9.06692 6.7
      vertex 36.1454 10.7921 6.7
    endloop
  endfacet
  facet normal 0 0 1
    outer loop
      vertex 34.24 11.665 6.7
      vertex 35.9786 11.0576 6.7
      vertex 35.8751 11.3535 6.7
    endloop
  endfacet
  facet normal -0 0 1
    outer loop
      vertex 34.24 11.665 6.7
      vertex 35.8751 11.3535 6.7
      vertex 35.84 11.665 6.7
    endloop
  endfacet
  facet normal 0 0 1
    outer loop
      vertex 35.8751 11.9765 6.7
      vertex 34.24 11.665 6.7
      vertex 35.84 11.665 6.7
    endloop
  endfacet
  facet normal 0 0 1
    outer loop
      vertex 35.9786 11.0576 6.7
      vertex 34.24 11.665 6.7
      vertex 35.74 9.06692 6.7
    endloop
  endfacet
  facet normal -0.866026 0.499999 0
    outer loop
      vertex 38.74 9.06692 6.7
      vertex 40.24 11.665 9
      vertex 40.24 11.665 6.7
    endloop
  endfacet
  facet normal -0.866026 0.499999 0
    outer loop
      vertex 40.24 11.665 9
      vertex 38.74 9.06692 6.7
      vertex 38.74 9.06692 9
    endloop
  endfacet
endsolid OpenSCAD_Model
